Name of parameter - Initialization information

img_backbone.conv1.weight - torch.Size([64, 3, 7, 7]): 
KaimingInit: a=0, mode=fan_out, nonlinearity=relu, distribution =normal, bias=0 

img_backbone.bn1.weight - torch.Size([64]): 
The value is the same before and after calling `init_weights` of BEVSegmentor  

img_backbone.bn1.bias - torch.Size([64]): 
The value is the same before and after calling `init_weights` of BEVSegmentor  

img_backbone.layer1.0.conv1.weight - torch.Size([64, 64, 1, 1]): 
KaimingInit: a=0, mode=fan_out, nonlinearity=relu, distribution =normal, bias=0 

img_backbone.layer1.0.bn1.weight - torch.Size([64]): 
The value is the same before and after calling `init_weights` of BEVSegmentor  

img_backbone.layer1.0.bn1.bias - torch.Size([64]): 
The value is the same before and after calling `init_weights` of BEVSegmentor  

img_backbone.layer1.0.conv2.weight - torch.Size([64, 64, 3, 3]): 
KaimingInit: a=0, mode=fan_out, nonlinearity=relu, distribution =normal, bias=0 

img_backbone.layer1.0.bn2.weight - torch.Size([64]): 
The value is the same before and after calling `init_weights` of BEVSegmentor  

img_backbone.layer1.0.bn2.bias - torch.Size([64]): 
The value is the same before and after calling `init_weights` of BEVSegmentor  

img_backbone.layer1.0.conv3.weight - torch.Size([256, 64, 1, 1]): 
KaimingInit: a=0, mode=fan_out, nonlinearity=relu, distribution =normal, bias=0 

img_backbone.layer1.0.bn3.weight - torch.Size([256]): 
ConstantInit: val=0, bias=0 

img_backbone.layer1.0.bn3.bias - torch.Size([256]): 
The value is the same before and after calling `init_weights` of BEVSegmentor  

img_backbone.layer1.0.downsample.0.weight - torch.Size([256, 64, 1, 1]): 
KaimingInit: a=0, mode=fan_out, nonlinearity=relu, distribution =normal, bias=0 

img_backbone.layer1.0.downsample.1.weight - torch.Size([256]): 
The value is the same before and after calling `init_weights` of BEVSegmentor  

img_backbone.layer1.0.downsample.1.bias - torch.Size([256]): 
The value is the same before and after calling `init_weights` of BEVSegmentor  

img_backbone.layer1.1.conv1.weight - torch.Size([64, 256, 1, 1]): 
KaimingInit: a=0, mode=fan_out, nonlinearity=relu, distribution =normal, bias=0 

img_backbone.layer1.1.bn1.weight - torch.Size([64]): 
The value is the same before and after calling `init_weights` of BEVSegmentor  

img_backbone.layer1.1.bn1.bias - torch.Size([64]): 
The value is the same before and after calling `init_weights` of BEVSegmentor  

img_backbone.layer1.1.conv2.weight - torch.Size([64, 64, 3, 3]): 
KaimingInit: a=0, mode=fan_out, nonlinearity=relu, distribution =normal, bias=0 

img_backbone.layer1.1.bn2.weight - torch.Size([64]): 
The value is the same before and after calling `init_weights` of BEVSegmentor  

img_backbone.layer1.1.bn2.bias - torch.Size([64]): 
The value is the same before and after calling `init_weights` of BEVSegmentor  

img_backbone.layer1.1.conv3.weight - torch.Size([256, 64, 1, 1]): 
KaimingInit: a=0, mode=fan_out, nonlinearity=relu, distribution =normal, bias=0 

img_backbone.layer1.1.bn3.weight - torch.Size([256]): 
ConstantInit: val=0, bias=0 

img_backbone.layer1.1.bn3.bias - torch.Size([256]): 
The value is the same before and after calling `init_weights` of BEVSegmentor  

img_backbone.layer1.2.conv1.weight - torch.Size([64, 256, 1, 1]): 
KaimingInit: a=0, mode=fan_out, nonlinearity=relu, distribution =normal, bias=0 

img_backbone.layer1.2.bn1.weight - torch.Size([64]): 
The value is the same before and after calling `init_weights` of BEVSegmentor  

img_backbone.layer1.2.bn1.bias - torch.Size([64]): 
The value is the same before and after calling `init_weights` of BEVSegmentor  

img_backbone.layer1.2.conv2.weight - torch.Size([64, 64, 3, 3]): 
KaimingInit: a=0, mode=fan_out, nonlinearity=relu, distribution =normal, bias=0 

img_backbone.layer1.2.bn2.weight - torch.Size([64]): 
The value is the same before and after calling `init_weights` of BEVSegmentor  

img_backbone.layer1.2.bn2.bias - torch.Size([64]): 
The value is the same before and after calling `init_weights` of BEVSegmentor  

img_backbone.layer1.2.conv3.weight - torch.Size([256, 64, 1, 1]): 
KaimingInit: a=0, mode=fan_out, nonlinearity=relu, distribution =normal, bias=0 

img_backbone.layer1.2.bn3.weight - torch.Size([256]): 
ConstantInit: val=0, bias=0 

img_backbone.layer1.2.bn3.bias - torch.Size([256]): 
The value is the same before and after calling `init_weights` of BEVSegmentor  

img_backbone.layer2.0.conv1.weight - torch.Size([128, 256, 1, 1]): 
KaimingInit: a=0, mode=fan_out, nonlinearity=relu, distribution =normal, bias=0 

img_backbone.layer2.0.bn1.weight - torch.Size([128]): 
The value is the same before and after calling `init_weights` of BEVSegmentor  

img_backbone.layer2.0.bn1.bias - torch.Size([128]): 
The value is the same before and after calling `init_weights` of BEVSegmentor  

img_backbone.layer2.0.conv2.weight - torch.Size([128, 128, 3, 3]): 
KaimingInit: a=0, mode=fan_out, nonlinearity=relu, distribution =normal, bias=0 

img_backbone.layer2.0.bn2.weight - torch.Size([128]): 
The value is the same before and after calling `init_weights` of BEVSegmentor  

img_backbone.layer2.0.bn2.bias - torch.Size([128]): 
The value is the same before and after calling `init_weights` of BEVSegmentor  

img_backbone.layer2.0.conv3.weight - torch.Size([512, 128, 1, 1]): 
KaimingInit: a=0, mode=fan_out, nonlinearity=relu, distribution =normal, bias=0 

img_backbone.layer2.0.bn3.weight - torch.Size([512]): 
ConstantInit: val=0, bias=0 

img_backbone.layer2.0.bn3.bias - torch.Size([512]): 
The value is the same before and after calling `init_weights` of BEVSegmentor  

img_backbone.layer2.0.downsample.0.weight - torch.Size([512, 256, 1, 1]): 
KaimingInit: a=0, mode=fan_out, nonlinearity=relu, distribution =normal, bias=0 

img_backbone.layer2.0.downsample.1.weight - torch.Size([512]): 
The value is the same before and after calling `init_weights` of BEVSegmentor  

img_backbone.layer2.0.downsample.1.bias - torch.Size([512]): 
The value is the same before and after calling `init_weights` of BEVSegmentor  

img_backbone.layer2.1.conv1.weight - torch.Size([128, 512, 1, 1]): 
KaimingInit: a=0, mode=fan_out, nonlinearity=relu, distribution =normal, bias=0 

img_backbone.layer2.1.bn1.weight - torch.Size([128]): 
The value is the same before and after calling `init_weights` of BEVSegmentor  

img_backbone.layer2.1.bn1.bias - torch.Size([128]): 
The value is the same before and after calling `init_weights` of BEVSegmentor  

img_backbone.layer2.1.conv2.weight - torch.Size([128, 128, 3, 3]): 
KaimingInit: a=0, mode=fan_out, nonlinearity=relu, distribution =normal, bias=0 

img_backbone.layer2.1.bn2.weight - torch.Size([128]): 
The value is the same before and after calling `init_weights` of BEVSegmentor  

img_backbone.layer2.1.bn2.bias - torch.Size([128]): 
The value is the same before and after calling `init_weights` of BEVSegmentor  

img_backbone.layer2.1.conv3.weight - torch.Size([512, 128, 1, 1]): 
KaimingInit: a=0, mode=fan_out, nonlinearity=relu, distribution =normal, bias=0 

img_backbone.layer2.1.bn3.weight - torch.Size([512]): 
ConstantInit: val=0, bias=0 

img_backbone.layer2.1.bn3.bias - torch.Size([512]): 
The value is the same before and after calling `init_weights` of BEVSegmentor  

img_backbone.layer2.2.conv1.weight - torch.Size([128, 512, 1, 1]): 
KaimingInit: a=0, mode=fan_out, nonlinearity=relu, distribution =normal, bias=0 

img_backbone.layer2.2.bn1.weight - torch.Size([128]): 
The value is the same before and after calling `init_weights` of BEVSegmentor  

img_backbone.layer2.2.bn1.bias - torch.Size([128]): 
The value is the same before and after calling `init_weights` of BEVSegmentor  

img_backbone.layer2.2.conv2.weight - torch.Size([128, 128, 3, 3]): 
KaimingInit: a=0, mode=fan_out, nonlinearity=relu, distribution =normal, bias=0 

img_backbone.layer2.2.bn2.weight - torch.Size([128]): 
The value is the same before and after calling `init_weights` of BEVSegmentor  

img_backbone.layer2.2.bn2.bias - torch.Size([128]): 
The value is the same before and after calling `init_weights` of BEVSegmentor  

img_backbone.layer2.2.conv3.weight - torch.Size([512, 128, 1, 1]): 
KaimingInit: a=0, mode=fan_out, nonlinearity=relu, distribution =normal, bias=0 

img_backbone.layer2.2.bn3.weight - torch.Size([512]): 
ConstantInit: val=0, bias=0 

img_backbone.layer2.2.bn3.bias - torch.Size([512]): 
The value is the same before and after calling `init_weights` of BEVSegmentor  

img_backbone.layer2.3.conv1.weight - torch.Size([128, 512, 1, 1]): 
KaimingInit: a=0, mode=fan_out, nonlinearity=relu, distribution =normal, bias=0 

img_backbone.layer2.3.bn1.weight - torch.Size([128]): 
The value is the same before and after calling `init_weights` of BEVSegmentor  

img_backbone.layer2.3.bn1.bias - torch.Size([128]): 
The value is the same before and after calling `init_weights` of BEVSegmentor  

img_backbone.layer2.3.conv2.weight - torch.Size([128, 128, 3, 3]): 
KaimingInit: a=0, mode=fan_out, nonlinearity=relu, distribution =normal, bias=0 

img_backbone.layer2.3.bn2.weight - torch.Size([128]): 
The value is the same before and after calling `init_weights` of BEVSegmentor  

img_backbone.layer2.3.bn2.bias - torch.Size([128]): 
The value is the same before and after calling `init_weights` of BEVSegmentor  

img_backbone.layer2.3.conv3.weight - torch.Size([512, 128, 1, 1]): 
KaimingInit: a=0, mode=fan_out, nonlinearity=relu, distribution =normal, bias=0 

img_backbone.layer2.3.bn3.weight - torch.Size([512]): 
ConstantInit: val=0, bias=0 

img_backbone.layer2.3.bn3.bias - torch.Size([512]): 
The value is the same before and after calling `init_weights` of BEVSegmentor  

img_backbone.layer3.0.conv1.weight - torch.Size([256, 512, 1, 1]): 
KaimingInit: a=0, mode=fan_out, nonlinearity=relu, distribution =normal, bias=0 

img_backbone.layer3.0.bn1.weight - torch.Size([256]): 
The value is the same before and after calling `init_weights` of BEVSegmentor  

img_backbone.layer3.0.bn1.bias - torch.Size([256]): 
The value is the same before and after calling `init_weights` of BEVSegmentor  

img_backbone.layer3.0.conv2.weight - torch.Size([256, 256, 3, 3]): 
Initialized by user-defined `init_weights` in ModulatedDeformConv2dPack  

img_backbone.layer3.0.conv2.conv_offset.weight - torch.Size([27, 256, 3, 3]): 
Initialized by user-defined `init_weights` in ModulatedDeformConv2dPack  

img_backbone.layer3.0.conv2.conv_offset.bias - torch.Size([27]): 
The value is the same before and after calling `init_weights` of BEVSegmentor  

img_backbone.layer3.0.bn2.weight - torch.Size([256]): 
The value is the same before and after calling `init_weights` of BEVSegmentor  

img_backbone.layer3.0.bn2.bias - torch.Size([256]): 
The value is the same before and after calling `init_weights` of BEVSegmentor  

img_backbone.layer3.0.conv3.weight - torch.Size([1024, 256, 1, 1]): 
KaimingInit: a=0, mode=fan_out, nonlinearity=relu, distribution =normal, bias=0 

img_backbone.layer3.0.bn3.weight - torch.Size([1024]): 
ConstantInit: val=0, bias=0 

img_backbone.layer3.0.bn3.bias - torch.Size([1024]): 
The value is the same before and after calling `init_weights` of BEVSegmentor  

img_backbone.layer3.0.downsample.0.weight - torch.Size([1024, 512, 1, 1]): 
KaimingInit: a=0, mode=fan_out, nonlinearity=relu, distribution =normal, bias=0 

img_backbone.layer3.0.downsample.1.weight - torch.Size([1024]): 
The value is the same before and after calling `init_weights` of BEVSegmentor  

img_backbone.layer3.0.downsample.1.bias - torch.Size([1024]): 
The value is the same before and after calling `init_weights` of BEVSegmentor  

img_backbone.layer3.1.conv1.weight - torch.Size([256, 1024, 1, 1]): 
KaimingInit: a=0, mode=fan_out, nonlinearity=relu, distribution =normal, bias=0 

img_backbone.layer3.1.bn1.weight - torch.Size([256]): 
The value is the same before and after calling `init_weights` of BEVSegmentor  

img_backbone.layer3.1.bn1.bias - torch.Size([256]): 
The value is the same before and after calling `init_weights` of BEVSegmentor  

img_backbone.layer3.1.conv2.weight - torch.Size([256, 256, 3, 3]): 
Initialized by user-defined `init_weights` in ModulatedDeformConv2dPack  

img_backbone.layer3.1.conv2.conv_offset.weight - torch.Size([27, 256, 3, 3]): 
Initialized by user-defined `init_weights` in ModulatedDeformConv2dPack  

img_backbone.layer3.1.conv2.conv_offset.bias - torch.Size([27]): 
The value is the same before and after calling `init_weights` of BEVSegmentor  

img_backbone.layer3.1.bn2.weight - torch.Size([256]): 
The value is the same before and after calling `init_weights` of BEVSegmentor  

img_backbone.layer3.1.bn2.bias - torch.Size([256]): 
The value is the same before and after calling `init_weights` of BEVSegmentor  

img_backbone.layer3.1.conv3.weight - torch.Size([1024, 256, 1, 1]): 
KaimingInit: a=0, mode=fan_out, nonlinearity=relu, distribution =normal, bias=0 

img_backbone.layer3.1.bn3.weight - torch.Size([1024]): 
ConstantInit: val=0, bias=0 

img_backbone.layer3.1.bn3.bias - torch.Size([1024]): 
The value is the same before and after calling `init_weights` of BEVSegmentor  

img_backbone.layer3.2.conv1.weight - torch.Size([256, 1024, 1, 1]): 
KaimingInit: a=0, mode=fan_out, nonlinearity=relu, distribution =normal, bias=0 

img_backbone.layer3.2.bn1.weight - torch.Size([256]): 
The value is the same before and after calling `init_weights` of BEVSegmentor  

img_backbone.layer3.2.bn1.bias - torch.Size([256]): 
The value is the same before and after calling `init_weights` of BEVSegmentor  

img_backbone.layer3.2.conv2.weight - torch.Size([256, 256, 3, 3]): 
Initialized by user-defined `init_weights` in ModulatedDeformConv2dPack  

img_backbone.layer3.2.conv2.conv_offset.weight - torch.Size([27, 256, 3, 3]): 
Initialized by user-defined `init_weights` in ModulatedDeformConv2dPack  

img_backbone.layer3.2.conv2.conv_offset.bias - torch.Size([27]): 
The value is the same before and after calling `init_weights` of BEVSegmentor  

img_backbone.layer3.2.bn2.weight - torch.Size([256]): 
The value is the same before and after calling `init_weights` of BEVSegmentor  

img_backbone.layer3.2.bn2.bias - torch.Size([256]): 
The value is the same before and after calling `init_weights` of BEVSegmentor  

img_backbone.layer3.2.conv3.weight - torch.Size([1024, 256, 1, 1]): 
KaimingInit: a=0, mode=fan_out, nonlinearity=relu, distribution =normal, bias=0 

img_backbone.layer3.2.bn3.weight - torch.Size([1024]): 
ConstantInit: val=0, bias=0 

img_backbone.layer3.2.bn3.bias - torch.Size([1024]): 
The value is the same before and after calling `init_weights` of BEVSegmentor  

img_backbone.layer3.3.conv1.weight - torch.Size([256, 1024, 1, 1]): 
KaimingInit: a=0, mode=fan_out, nonlinearity=relu, distribution =normal, bias=0 

img_backbone.layer3.3.bn1.weight - torch.Size([256]): 
The value is the same before and after calling `init_weights` of BEVSegmentor  

img_backbone.layer3.3.bn1.bias - torch.Size([256]): 
The value is the same before and after calling `init_weights` of BEVSegmentor  

img_backbone.layer3.3.conv2.weight - torch.Size([256, 256, 3, 3]): 
Initialized by user-defined `init_weights` in ModulatedDeformConv2dPack  

img_backbone.layer3.3.conv2.conv_offset.weight - torch.Size([27, 256, 3, 3]): 
Initialized by user-defined `init_weights` in ModulatedDeformConv2dPack  

img_backbone.layer3.3.conv2.conv_offset.bias - torch.Size([27]): 
The value is the same before and after calling `init_weights` of BEVSegmentor  

img_backbone.layer3.3.bn2.weight - torch.Size([256]): 
The value is the same before and after calling `init_weights` of BEVSegmentor  

img_backbone.layer3.3.bn2.bias - torch.Size([256]): 
The value is the same before and after calling `init_weights` of BEVSegmentor  

img_backbone.layer3.3.conv3.weight - torch.Size([1024, 256, 1, 1]): 
KaimingInit: a=0, mode=fan_out, nonlinearity=relu, distribution =normal, bias=0 

img_backbone.layer3.3.bn3.weight - torch.Size([1024]): 
ConstantInit: val=0, bias=0 

img_backbone.layer3.3.bn3.bias - torch.Size([1024]): 
The value is the same before and after calling `init_weights` of BEVSegmentor  

img_backbone.layer3.4.conv1.weight - torch.Size([256, 1024, 1, 1]): 
KaimingInit: a=0, mode=fan_out, nonlinearity=relu, distribution =normal, bias=0 

img_backbone.layer3.4.bn1.weight - torch.Size([256]): 
The value is the same before and after calling `init_weights` of BEVSegmentor  

img_backbone.layer3.4.bn1.bias - torch.Size([256]): 
The value is the same before and after calling `init_weights` of BEVSegmentor  

img_backbone.layer3.4.conv2.weight - torch.Size([256, 256, 3, 3]): 
Initialized by user-defined `init_weights` in ModulatedDeformConv2dPack  

img_backbone.layer3.4.conv2.conv_offset.weight - torch.Size([27, 256, 3, 3]): 
Initialized by user-defined `init_weights` in ModulatedDeformConv2dPack  

img_backbone.layer3.4.conv2.conv_offset.bias - torch.Size([27]): 
The value is the same before and after calling `init_weights` of BEVSegmentor  

img_backbone.layer3.4.bn2.weight - torch.Size([256]): 
The value is the same before and after calling `init_weights` of BEVSegmentor  

img_backbone.layer3.4.bn2.bias - torch.Size([256]): 
The value is the same before and after calling `init_weights` of BEVSegmentor  

img_backbone.layer3.4.conv3.weight - torch.Size([1024, 256, 1, 1]): 
KaimingInit: a=0, mode=fan_out, nonlinearity=relu, distribution =normal, bias=0 

img_backbone.layer3.4.bn3.weight - torch.Size([1024]): 
ConstantInit: val=0, bias=0 

img_backbone.layer3.4.bn3.bias - torch.Size([1024]): 
The value is the same before and after calling `init_weights` of BEVSegmentor  

img_backbone.layer3.5.conv1.weight - torch.Size([256, 1024, 1, 1]): 
KaimingInit: a=0, mode=fan_out, nonlinearity=relu, distribution =normal, bias=0 

img_backbone.layer3.5.bn1.weight - torch.Size([256]): 
The value is the same before and after calling `init_weights` of BEVSegmentor  

img_backbone.layer3.5.bn1.bias - torch.Size([256]): 
The value is the same before and after calling `init_weights` of BEVSegmentor  

img_backbone.layer3.5.conv2.weight - torch.Size([256, 256, 3, 3]): 
Initialized by user-defined `init_weights` in ModulatedDeformConv2dPack  

img_backbone.layer3.5.conv2.conv_offset.weight - torch.Size([27, 256, 3, 3]): 
Initialized by user-defined `init_weights` in ModulatedDeformConv2dPack  

img_backbone.layer3.5.conv2.conv_offset.bias - torch.Size([27]): 
The value is the same before and after calling `init_weights` of BEVSegmentor  

img_backbone.layer3.5.bn2.weight - torch.Size([256]): 
The value is the same before and after calling `init_weights` of BEVSegmentor  

img_backbone.layer3.5.bn2.bias - torch.Size([256]): 
The value is the same before and after calling `init_weights` of BEVSegmentor  

img_backbone.layer3.5.conv3.weight - torch.Size([1024, 256, 1, 1]): 
KaimingInit: a=0, mode=fan_out, nonlinearity=relu, distribution =normal, bias=0 

img_backbone.layer3.5.bn3.weight - torch.Size([1024]): 
ConstantInit: val=0, bias=0 

img_backbone.layer3.5.bn3.bias - torch.Size([1024]): 
The value is the same before and after calling `init_weights` of BEVSegmentor  

img_backbone.layer3.6.conv1.weight - torch.Size([256, 1024, 1, 1]): 
KaimingInit: a=0, mode=fan_out, nonlinearity=relu, distribution =normal, bias=0 

img_backbone.layer3.6.bn1.weight - torch.Size([256]): 
The value is the same before and after calling `init_weights` of BEVSegmentor  

img_backbone.layer3.6.bn1.bias - torch.Size([256]): 
The value is the same before and after calling `init_weights` of BEVSegmentor  

img_backbone.layer3.6.conv2.weight - torch.Size([256, 256, 3, 3]): 
Initialized by user-defined `init_weights` in ModulatedDeformConv2dPack  

img_backbone.layer3.6.conv2.conv_offset.weight - torch.Size([27, 256, 3, 3]): 
Initialized by user-defined `init_weights` in ModulatedDeformConv2dPack  

img_backbone.layer3.6.conv2.conv_offset.bias - torch.Size([27]): 
The value is the same before and after calling `init_weights` of BEVSegmentor  

img_backbone.layer3.6.bn2.weight - torch.Size([256]): 
The value is the same before and after calling `init_weights` of BEVSegmentor  

img_backbone.layer3.6.bn2.bias - torch.Size([256]): 
The value is the same before and after calling `init_weights` of BEVSegmentor  

img_backbone.layer3.6.conv3.weight - torch.Size([1024, 256, 1, 1]): 
KaimingInit: a=0, mode=fan_out, nonlinearity=relu, distribution =normal, bias=0 

img_backbone.layer3.6.bn3.weight - torch.Size([1024]): 
ConstantInit: val=0, bias=0 

img_backbone.layer3.6.bn3.bias - torch.Size([1024]): 
The value is the same before and after calling `init_weights` of BEVSegmentor  

img_backbone.layer3.7.conv1.weight - torch.Size([256, 1024, 1, 1]): 
KaimingInit: a=0, mode=fan_out, nonlinearity=relu, distribution =normal, bias=0 

img_backbone.layer3.7.bn1.weight - torch.Size([256]): 
The value is the same before and after calling `init_weights` of BEVSegmentor  

img_backbone.layer3.7.bn1.bias - torch.Size([256]): 
The value is the same before and after calling `init_weights` of BEVSegmentor  

img_backbone.layer3.7.conv2.weight - torch.Size([256, 256, 3, 3]): 
Initialized by user-defined `init_weights` in ModulatedDeformConv2dPack  

img_backbone.layer3.7.conv2.conv_offset.weight - torch.Size([27, 256, 3, 3]): 
Initialized by user-defined `init_weights` in ModulatedDeformConv2dPack  

img_backbone.layer3.7.conv2.conv_offset.bias - torch.Size([27]): 
The value is the same before and after calling `init_weights` of BEVSegmentor  

img_backbone.layer3.7.bn2.weight - torch.Size([256]): 
The value is the same before and after calling `init_weights` of BEVSegmentor  

img_backbone.layer3.7.bn2.bias - torch.Size([256]): 
The value is the same before and after calling `init_weights` of BEVSegmentor  

img_backbone.layer3.7.conv3.weight - torch.Size([1024, 256, 1, 1]): 
KaimingInit: a=0, mode=fan_out, nonlinearity=relu, distribution =normal, bias=0 

img_backbone.layer3.7.bn3.weight - torch.Size([1024]): 
ConstantInit: val=0, bias=0 

img_backbone.layer3.7.bn3.bias - torch.Size([1024]): 
The value is the same before and after calling `init_weights` of BEVSegmentor  

img_backbone.layer3.8.conv1.weight - torch.Size([256, 1024, 1, 1]): 
KaimingInit: a=0, mode=fan_out, nonlinearity=relu, distribution =normal, bias=0 

img_backbone.layer3.8.bn1.weight - torch.Size([256]): 
The value is the same before and after calling `init_weights` of BEVSegmentor  

img_backbone.layer3.8.bn1.bias - torch.Size([256]): 
The value is the same before and after calling `init_weights` of BEVSegmentor  

img_backbone.layer3.8.conv2.weight - torch.Size([256, 256, 3, 3]): 
Initialized by user-defined `init_weights` in ModulatedDeformConv2dPack  

img_backbone.layer3.8.conv2.conv_offset.weight - torch.Size([27, 256, 3, 3]): 
Initialized by user-defined `init_weights` in ModulatedDeformConv2dPack  

img_backbone.layer3.8.conv2.conv_offset.bias - torch.Size([27]): 
The value is the same before and after calling `init_weights` of BEVSegmentor  

img_backbone.layer3.8.bn2.weight - torch.Size([256]): 
The value is the same before and after calling `init_weights` of BEVSegmentor  

img_backbone.layer3.8.bn2.bias - torch.Size([256]): 
The value is the same before and after calling `init_weights` of BEVSegmentor  

img_backbone.layer3.8.conv3.weight - torch.Size([1024, 256, 1, 1]): 
KaimingInit: a=0, mode=fan_out, nonlinearity=relu, distribution =normal, bias=0 

img_backbone.layer3.8.bn3.weight - torch.Size([1024]): 
ConstantInit: val=0, bias=0 

img_backbone.layer3.8.bn3.bias - torch.Size([1024]): 
The value is the same before and after calling `init_weights` of BEVSegmentor  

img_backbone.layer3.9.conv1.weight - torch.Size([256, 1024, 1, 1]): 
KaimingInit: a=0, mode=fan_out, nonlinearity=relu, distribution =normal, bias=0 

img_backbone.layer3.9.bn1.weight - torch.Size([256]): 
The value is the same before and after calling `init_weights` of BEVSegmentor  

img_backbone.layer3.9.bn1.bias - torch.Size([256]): 
The value is the same before and after calling `init_weights` of BEVSegmentor  

img_backbone.layer3.9.conv2.weight - torch.Size([256, 256, 3, 3]): 
Initialized by user-defined `init_weights` in ModulatedDeformConv2dPack  

img_backbone.layer3.9.conv2.conv_offset.weight - torch.Size([27, 256, 3, 3]): 
Initialized by user-defined `init_weights` in ModulatedDeformConv2dPack  

img_backbone.layer3.9.conv2.conv_offset.bias - torch.Size([27]): 
The value is the same before and after calling `init_weights` of BEVSegmentor  

img_backbone.layer3.9.bn2.weight - torch.Size([256]): 
The value is the same before and after calling `init_weights` of BEVSegmentor  

img_backbone.layer3.9.bn2.bias - torch.Size([256]): 
The value is the same before and after calling `init_weights` of BEVSegmentor  

img_backbone.layer3.9.conv3.weight - torch.Size([1024, 256, 1, 1]): 
KaimingInit: a=0, mode=fan_out, nonlinearity=relu, distribution =normal, bias=0 

img_backbone.layer3.9.bn3.weight - torch.Size([1024]): 
ConstantInit: val=0, bias=0 

img_backbone.layer3.9.bn3.bias - torch.Size([1024]): 
The value is the same before and after calling `init_weights` of BEVSegmentor  

img_backbone.layer3.10.conv1.weight - torch.Size([256, 1024, 1, 1]): 
KaimingInit: a=0, mode=fan_out, nonlinearity=relu, distribution =normal, bias=0 

img_backbone.layer3.10.bn1.weight - torch.Size([256]): 
The value is the same before and after calling `init_weights` of BEVSegmentor  

img_backbone.layer3.10.bn1.bias - torch.Size([256]): 
The value is the same before and after calling `init_weights` of BEVSegmentor  

img_backbone.layer3.10.conv2.weight - torch.Size([256, 256, 3, 3]): 
Initialized by user-defined `init_weights` in ModulatedDeformConv2dPack  

img_backbone.layer3.10.conv2.conv_offset.weight - torch.Size([27, 256, 3, 3]): 
Initialized by user-defined `init_weights` in ModulatedDeformConv2dPack  

img_backbone.layer3.10.conv2.conv_offset.bias - torch.Size([27]): 
The value is the same before and after calling `init_weights` of BEVSegmentor  

img_backbone.layer3.10.bn2.weight - torch.Size([256]): 
The value is the same before and after calling `init_weights` of BEVSegmentor  

img_backbone.layer3.10.bn2.bias - torch.Size([256]): 
The value is the same before and after calling `init_weights` of BEVSegmentor  

img_backbone.layer3.10.conv3.weight - torch.Size([1024, 256, 1, 1]): 
KaimingInit: a=0, mode=fan_out, nonlinearity=relu, distribution =normal, bias=0 

img_backbone.layer3.10.bn3.weight - torch.Size([1024]): 
ConstantInit: val=0, bias=0 

img_backbone.layer3.10.bn3.bias - torch.Size([1024]): 
The value is the same before and after calling `init_weights` of BEVSegmentor  

img_backbone.layer3.11.conv1.weight - torch.Size([256, 1024, 1, 1]): 
KaimingInit: a=0, mode=fan_out, nonlinearity=relu, distribution =normal, bias=0 

img_backbone.layer3.11.bn1.weight - torch.Size([256]): 
The value is the same before and after calling `init_weights` of BEVSegmentor  

img_backbone.layer3.11.bn1.bias - torch.Size([256]): 
The value is the same before and after calling `init_weights` of BEVSegmentor  

img_backbone.layer3.11.conv2.weight - torch.Size([256, 256, 3, 3]): 
Initialized by user-defined `init_weights` in ModulatedDeformConv2dPack  

img_backbone.layer3.11.conv2.conv_offset.weight - torch.Size([27, 256, 3, 3]): 
Initialized by user-defined `init_weights` in ModulatedDeformConv2dPack  

img_backbone.layer3.11.conv2.conv_offset.bias - torch.Size([27]): 
The value is the same before and after calling `init_weights` of BEVSegmentor  

img_backbone.layer3.11.bn2.weight - torch.Size([256]): 
The value is the same before and after calling `init_weights` of BEVSegmentor  

img_backbone.layer3.11.bn2.bias - torch.Size([256]): 
The value is the same before and after calling `init_weights` of BEVSegmentor  

img_backbone.layer3.11.conv3.weight - torch.Size([1024, 256, 1, 1]): 
KaimingInit: a=0, mode=fan_out, nonlinearity=relu, distribution =normal, bias=0 

img_backbone.layer3.11.bn3.weight - torch.Size([1024]): 
ConstantInit: val=0, bias=0 

img_backbone.layer3.11.bn3.bias - torch.Size([1024]): 
The value is the same before and after calling `init_weights` of BEVSegmentor  

img_backbone.layer3.12.conv1.weight - torch.Size([256, 1024, 1, 1]): 
KaimingInit: a=0, mode=fan_out, nonlinearity=relu, distribution =normal, bias=0 

img_backbone.layer3.12.bn1.weight - torch.Size([256]): 
The value is the same before and after calling `init_weights` of BEVSegmentor  

img_backbone.layer3.12.bn1.bias - torch.Size([256]): 
The value is the same before and after calling `init_weights` of BEVSegmentor  

img_backbone.layer3.12.conv2.weight - torch.Size([256, 256, 3, 3]): 
Initialized by user-defined `init_weights` in ModulatedDeformConv2dPack  

img_backbone.layer3.12.conv2.conv_offset.weight - torch.Size([27, 256, 3, 3]): 
Initialized by user-defined `init_weights` in ModulatedDeformConv2dPack  

img_backbone.layer3.12.conv2.conv_offset.bias - torch.Size([27]): 
The value is the same before and after calling `init_weights` of BEVSegmentor  

img_backbone.layer3.12.bn2.weight - torch.Size([256]): 
The value is the same before and after calling `init_weights` of BEVSegmentor  

img_backbone.layer3.12.bn2.bias - torch.Size([256]): 
The value is the same before and after calling `init_weights` of BEVSegmentor  

img_backbone.layer3.12.conv3.weight - torch.Size([1024, 256, 1, 1]): 
KaimingInit: a=0, mode=fan_out, nonlinearity=relu, distribution =normal, bias=0 

img_backbone.layer3.12.bn3.weight - torch.Size([1024]): 
ConstantInit: val=0, bias=0 

img_backbone.layer3.12.bn3.bias - torch.Size([1024]): 
The value is the same before and after calling `init_weights` of BEVSegmentor  

img_backbone.layer3.13.conv1.weight - torch.Size([256, 1024, 1, 1]): 
KaimingInit: a=0, mode=fan_out, nonlinearity=relu, distribution =normal, bias=0 

img_backbone.layer3.13.bn1.weight - torch.Size([256]): 
The value is the same before and after calling `init_weights` of BEVSegmentor  

img_backbone.layer3.13.bn1.bias - torch.Size([256]): 
The value is the same before and after calling `init_weights` of BEVSegmentor  

img_backbone.layer3.13.conv2.weight - torch.Size([256, 256, 3, 3]): 
Initialized by user-defined `init_weights` in ModulatedDeformConv2dPack  

img_backbone.layer3.13.conv2.conv_offset.weight - torch.Size([27, 256, 3, 3]): 
Initialized by user-defined `init_weights` in ModulatedDeformConv2dPack  

img_backbone.layer3.13.conv2.conv_offset.bias - torch.Size([27]): 
The value is the same before and after calling `init_weights` of BEVSegmentor  

img_backbone.layer3.13.bn2.weight - torch.Size([256]): 
The value is the same before and after calling `init_weights` of BEVSegmentor  

img_backbone.layer3.13.bn2.bias - torch.Size([256]): 
The value is the same before and after calling `init_weights` of BEVSegmentor  

img_backbone.layer3.13.conv3.weight - torch.Size([1024, 256, 1, 1]): 
KaimingInit: a=0, mode=fan_out, nonlinearity=relu, distribution =normal, bias=0 

img_backbone.layer3.13.bn3.weight - torch.Size([1024]): 
ConstantInit: val=0, bias=0 

img_backbone.layer3.13.bn3.bias - torch.Size([1024]): 
The value is the same before and after calling `init_weights` of BEVSegmentor  

img_backbone.layer3.14.conv1.weight - torch.Size([256, 1024, 1, 1]): 
KaimingInit: a=0, mode=fan_out, nonlinearity=relu, distribution =normal, bias=0 

img_backbone.layer3.14.bn1.weight - torch.Size([256]): 
The value is the same before and after calling `init_weights` of BEVSegmentor  

img_backbone.layer3.14.bn1.bias - torch.Size([256]): 
The value is the same before and after calling `init_weights` of BEVSegmentor  

img_backbone.layer3.14.conv2.weight - torch.Size([256, 256, 3, 3]): 
Initialized by user-defined `init_weights` in ModulatedDeformConv2dPack  

img_backbone.layer3.14.conv2.conv_offset.weight - torch.Size([27, 256, 3, 3]): 
Initialized by user-defined `init_weights` in ModulatedDeformConv2dPack  

img_backbone.layer3.14.conv2.conv_offset.bias - torch.Size([27]): 
The value is the same before and after calling `init_weights` of BEVSegmentor  

img_backbone.layer3.14.bn2.weight - torch.Size([256]): 
The value is the same before and after calling `init_weights` of BEVSegmentor  

img_backbone.layer3.14.bn2.bias - torch.Size([256]): 
The value is the same before and after calling `init_weights` of BEVSegmentor  

img_backbone.layer3.14.conv3.weight - torch.Size([1024, 256, 1, 1]): 
KaimingInit: a=0, mode=fan_out, nonlinearity=relu, distribution =normal, bias=0 

img_backbone.layer3.14.bn3.weight - torch.Size([1024]): 
ConstantInit: val=0, bias=0 

img_backbone.layer3.14.bn3.bias - torch.Size([1024]): 
The value is the same before and after calling `init_weights` of BEVSegmentor  

img_backbone.layer3.15.conv1.weight - torch.Size([256, 1024, 1, 1]): 
KaimingInit: a=0, mode=fan_out, nonlinearity=relu, distribution =normal, bias=0 

img_backbone.layer3.15.bn1.weight - torch.Size([256]): 
The value is the same before and after calling `init_weights` of BEVSegmentor  

img_backbone.layer3.15.bn1.bias - torch.Size([256]): 
The value is the same before and after calling `init_weights` of BEVSegmentor  

img_backbone.layer3.15.conv2.weight - torch.Size([256, 256, 3, 3]): 
Initialized by user-defined `init_weights` in ModulatedDeformConv2dPack  

img_backbone.layer3.15.conv2.conv_offset.weight - torch.Size([27, 256, 3, 3]): 
Initialized by user-defined `init_weights` in ModulatedDeformConv2dPack  

img_backbone.layer3.15.conv2.conv_offset.bias - torch.Size([27]): 
The value is the same before and after calling `init_weights` of BEVSegmentor  

img_backbone.layer3.15.bn2.weight - torch.Size([256]): 
The value is the same before and after calling `init_weights` of BEVSegmentor  

img_backbone.layer3.15.bn2.bias - torch.Size([256]): 
The value is the same before and after calling `init_weights` of BEVSegmentor  

img_backbone.layer3.15.conv3.weight - torch.Size([1024, 256, 1, 1]): 
KaimingInit: a=0, mode=fan_out, nonlinearity=relu, distribution =normal, bias=0 

img_backbone.layer3.15.bn3.weight - torch.Size([1024]): 
ConstantInit: val=0, bias=0 

img_backbone.layer3.15.bn3.bias - torch.Size([1024]): 
The value is the same before and after calling `init_weights` of BEVSegmentor  

img_backbone.layer3.16.conv1.weight - torch.Size([256, 1024, 1, 1]): 
KaimingInit: a=0, mode=fan_out, nonlinearity=relu, distribution =normal, bias=0 

img_backbone.layer3.16.bn1.weight - torch.Size([256]): 
The value is the same before and after calling `init_weights` of BEVSegmentor  

img_backbone.layer3.16.bn1.bias - torch.Size([256]): 
The value is the same before and after calling `init_weights` of BEVSegmentor  

img_backbone.layer3.16.conv2.weight - torch.Size([256, 256, 3, 3]): 
Initialized by user-defined `init_weights` in ModulatedDeformConv2dPack  

img_backbone.layer3.16.conv2.conv_offset.weight - torch.Size([27, 256, 3, 3]): 
Initialized by user-defined `init_weights` in ModulatedDeformConv2dPack  

img_backbone.layer3.16.conv2.conv_offset.bias - torch.Size([27]): 
The value is the same before and after calling `init_weights` of BEVSegmentor  

img_backbone.layer3.16.bn2.weight - torch.Size([256]): 
The value is the same before and after calling `init_weights` of BEVSegmentor  

img_backbone.layer3.16.bn2.bias - torch.Size([256]): 
The value is the same before and after calling `init_weights` of BEVSegmentor  

img_backbone.layer3.16.conv3.weight - torch.Size([1024, 256, 1, 1]): 
KaimingInit: a=0, mode=fan_out, nonlinearity=relu, distribution =normal, bias=0 

img_backbone.layer3.16.bn3.weight - torch.Size([1024]): 
ConstantInit: val=0, bias=0 

img_backbone.layer3.16.bn3.bias - torch.Size([1024]): 
The value is the same before and after calling `init_weights` of BEVSegmentor  

img_backbone.layer3.17.conv1.weight - torch.Size([256, 1024, 1, 1]): 
KaimingInit: a=0, mode=fan_out, nonlinearity=relu, distribution =normal, bias=0 

img_backbone.layer3.17.bn1.weight - torch.Size([256]): 
The value is the same before and after calling `init_weights` of BEVSegmentor  

img_backbone.layer3.17.bn1.bias - torch.Size([256]): 
The value is the same before and after calling `init_weights` of BEVSegmentor  

img_backbone.layer3.17.conv2.weight - torch.Size([256, 256, 3, 3]): 
Initialized by user-defined `init_weights` in ModulatedDeformConv2dPack  

img_backbone.layer3.17.conv2.conv_offset.weight - torch.Size([27, 256, 3, 3]): 
Initialized by user-defined `init_weights` in ModulatedDeformConv2dPack  

img_backbone.layer3.17.conv2.conv_offset.bias - torch.Size([27]): 
The value is the same before and after calling `init_weights` of BEVSegmentor  

img_backbone.layer3.17.bn2.weight - torch.Size([256]): 
The value is the same before and after calling `init_weights` of BEVSegmentor  

img_backbone.layer3.17.bn2.bias - torch.Size([256]): 
The value is the same before and after calling `init_weights` of BEVSegmentor  

img_backbone.layer3.17.conv3.weight - torch.Size([1024, 256, 1, 1]): 
KaimingInit: a=0, mode=fan_out, nonlinearity=relu, distribution =normal, bias=0 

img_backbone.layer3.17.bn3.weight - torch.Size([1024]): 
ConstantInit: val=0, bias=0 

img_backbone.layer3.17.bn3.bias - torch.Size([1024]): 
The value is the same before and after calling `init_weights` of BEVSegmentor  

img_backbone.layer3.18.conv1.weight - torch.Size([256, 1024, 1, 1]): 
KaimingInit: a=0, mode=fan_out, nonlinearity=relu, distribution =normal, bias=0 

img_backbone.layer3.18.bn1.weight - torch.Size([256]): 
The value is the same before and after calling `init_weights` of BEVSegmentor  

img_backbone.layer3.18.bn1.bias - torch.Size([256]): 
The value is the same before and after calling `init_weights` of BEVSegmentor  

img_backbone.layer3.18.conv2.weight - torch.Size([256, 256, 3, 3]): 
Initialized by user-defined `init_weights` in ModulatedDeformConv2dPack  

img_backbone.layer3.18.conv2.conv_offset.weight - torch.Size([27, 256, 3, 3]): 
Initialized by user-defined `init_weights` in ModulatedDeformConv2dPack  

img_backbone.layer3.18.conv2.conv_offset.bias - torch.Size([27]): 
The value is the same before and after calling `init_weights` of BEVSegmentor  

img_backbone.layer3.18.bn2.weight - torch.Size([256]): 
The value is the same before and after calling `init_weights` of BEVSegmentor  

img_backbone.layer3.18.bn2.bias - torch.Size([256]): 
The value is the same before and after calling `init_weights` of BEVSegmentor  

img_backbone.layer3.18.conv3.weight - torch.Size([1024, 256, 1, 1]): 
KaimingInit: a=0, mode=fan_out, nonlinearity=relu, distribution =normal, bias=0 

img_backbone.layer3.18.bn3.weight - torch.Size([1024]): 
ConstantInit: val=0, bias=0 

img_backbone.layer3.18.bn3.bias - torch.Size([1024]): 
The value is the same before and after calling `init_weights` of BEVSegmentor  

img_backbone.layer3.19.conv1.weight - torch.Size([256, 1024, 1, 1]): 
KaimingInit: a=0, mode=fan_out, nonlinearity=relu, distribution =normal, bias=0 

img_backbone.layer3.19.bn1.weight - torch.Size([256]): 
The value is the same before and after calling `init_weights` of BEVSegmentor  

img_backbone.layer3.19.bn1.bias - torch.Size([256]): 
The value is the same before and after calling `init_weights` of BEVSegmentor  

img_backbone.layer3.19.conv2.weight - torch.Size([256, 256, 3, 3]): 
Initialized by user-defined `init_weights` in ModulatedDeformConv2dPack  

img_backbone.layer3.19.conv2.conv_offset.weight - torch.Size([27, 256, 3, 3]): 
Initialized by user-defined `init_weights` in ModulatedDeformConv2dPack  

img_backbone.layer3.19.conv2.conv_offset.bias - torch.Size([27]): 
The value is the same before and after calling `init_weights` of BEVSegmentor  

img_backbone.layer3.19.bn2.weight - torch.Size([256]): 
The value is the same before and after calling `init_weights` of BEVSegmentor  

img_backbone.layer3.19.bn2.bias - torch.Size([256]): 
The value is the same before and after calling `init_weights` of BEVSegmentor  

img_backbone.layer3.19.conv3.weight - torch.Size([1024, 256, 1, 1]): 
KaimingInit: a=0, mode=fan_out, nonlinearity=relu, distribution =normal, bias=0 

img_backbone.layer3.19.bn3.weight - torch.Size([1024]): 
ConstantInit: val=0, bias=0 

img_backbone.layer3.19.bn3.bias - torch.Size([1024]): 
The value is the same before and after calling `init_weights` of BEVSegmentor  

img_backbone.layer3.20.conv1.weight - torch.Size([256, 1024, 1, 1]): 
KaimingInit: a=0, mode=fan_out, nonlinearity=relu, distribution =normal, bias=0 

img_backbone.layer3.20.bn1.weight - torch.Size([256]): 
The value is the same before and after calling `init_weights` of BEVSegmentor  

img_backbone.layer3.20.bn1.bias - torch.Size([256]): 
The value is the same before and after calling `init_weights` of BEVSegmentor  

img_backbone.layer3.20.conv2.weight - torch.Size([256, 256, 3, 3]): 
Initialized by user-defined `init_weights` in ModulatedDeformConv2dPack  

img_backbone.layer3.20.conv2.conv_offset.weight - torch.Size([27, 256, 3, 3]): 
Initialized by user-defined `init_weights` in ModulatedDeformConv2dPack  

img_backbone.layer3.20.conv2.conv_offset.bias - torch.Size([27]): 
The value is the same before and after calling `init_weights` of BEVSegmentor  

img_backbone.layer3.20.bn2.weight - torch.Size([256]): 
The value is the same before and after calling `init_weights` of BEVSegmentor  

img_backbone.layer3.20.bn2.bias - torch.Size([256]): 
The value is the same before and after calling `init_weights` of BEVSegmentor  

img_backbone.layer3.20.conv3.weight - torch.Size([1024, 256, 1, 1]): 
KaimingInit: a=0, mode=fan_out, nonlinearity=relu, distribution =normal, bias=0 

img_backbone.layer3.20.bn3.weight - torch.Size([1024]): 
ConstantInit: val=0, bias=0 

img_backbone.layer3.20.bn3.bias - torch.Size([1024]): 
The value is the same before and after calling `init_weights` of BEVSegmentor  

img_backbone.layer3.21.conv1.weight - torch.Size([256, 1024, 1, 1]): 
KaimingInit: a=0, mode=fan_out, nonlinearity=relu, distribution =normal, bias=0 

img_backbone.layer3.21.bn1.weight - torch.Size([256]): 
The value is the same before and after calling `init_weights` of BEVSegmentor  

img_backbone.layer3.21.bn1.bias - torch.Size([256]): 
The value is the same before and after calling `init_weights` of BEVSegmentor  

img_backbone.layer3.21.conv2.weight - torch.Size([256, 256, 3, 3]): 
Initialized by user-defined `init_weights` in ModulatedDeformConv2dPack  

img_backbone.layer3.21.conv2.conv_offset.weight - torch.Size([27, 256, 3, 3]): 
Initialized by user-defined `init_weights` in ModulatedDeformConv2dPack  

img_backbone.layer3.21.conv2.conv_offset.bias - torch.Size([27]): 
The value is the same before and after calling `init_weights` of BEVSegmentor  

img_backbone.layer3.21.bn2.weight - torch.Size([256]): 
The value is the same before and after calling `init_weights` of BEVSegmentor  

img_backbone.layer3.21.bn2.bias - torch.Size([256]): 
The value is the same before and after calling `init_weights` of BEVSegmentor  

img_backbone.layer3.21.conv3.weight - torch.Size([1024, 256, 1, 1]): 
KaimingInit: a=0, mode=fan_out, nonlinearity=relu, distribution =normal, bias=0 

img_backbone.layer3.21.bn3.weight - torch.Size([1024]): 
ConstantInit: val=0, bias=0 

img_backbone.layer3.21.bn3.bias - torch.Size([1024]): 
The value is the same before and after calling `init_weights` of BEVSegmentor  

img_backbone.layer3.22.conv1.weight - torch.Size([256, 1024, 1, 1]): 
KaimingInit: a=0, mode=fan_out, nonlinearity=relu, distribution =normal, bias=0 

img_backbone.layer3.22.bn1.weight - torch.Size([256]): 
The value is the same before and after calling `init_weights` of BEVSegmentor  

img_backbone.layer3.22.bn1.bias - torch.Size([256]): 
The value is the same before and after calling `init_weights` of BEVSegmentor  

img_backbone.layer3.22.conv2.weight - torch.Size([256, 256, 3, 3]): 
Initialized by user-defined `init_weights` in ModulatedDeformConv2dPack  

img_backbone.layer3.22.conv2.conv_offset.weight - torch.Size([27, 256, 3, 3]): 
Initialized by user-defined `init_weights` in ModulatedDeformConv2dPack  

img_backbone.layer3.22.conv2.conv_offset.bias - torch.Size([27]): 
The value is the same before and after calling `init_weights` of BEVSegmentor  

img_backbone.layer3.22.bn2.weight - torch.Size([256]): 
The value is the same before and after calling `init_weights` of BEVSegmentor  

img_backbone.layer3.22.bn2.bias - torch.Size([256]): 
The value is the same before and after calling `init_weights` of BEVSegmentor  

img_backbone.layer3.22.conv3.weight - torch.Size([1024, 256, 1, 1]): 
KaimingInit: a=0, mode=fan_out, nonlinearity=relu, distribution =normal, bias=0 

img_backbone.layer3.22.bn3.weight - torch.Size([1024]): 
ConstantInit: val=0, bias=0 

img_backbone.layer3.22.bn3.bias - torch.Size([1024]): 
The value is the same before and after calling `init_weights` of BEVSegmentor  

img_backbone.layer4.0.conv1.weight - torch.Size([512, 1024, 1, 1]): 
KaimingInit: a=0, mode=fan_out, nonlinearity=relu, distribution =normal, bias=0 

img_backbone.layer4.0.bn1.weight - torch.Size([512]): 
The value is the same before and after calling `init_weights` of BEVSegmentor  

img_backbone.layer4.0.bn1.bias - torch.Size([512]): 
The value is the same before and after calling `init_weights` of BEVSegmentor  

img_backbone.layer4.0.conv2.weight - torch.Size([512, 512, 3, 3]): 
Initialized by user-defined `init_weights` in ModulatedDeformConv2dPack  

img_backbone.layer4.0.conv2.conv_offset.weight - torch.Size([27, 512, 3, 3]): 
Initialized by user-defined `init_weights` in ModulatedDeformConv2dPack  

img_backbone.layer4.0.conv2.conv_offset.bias - torch.Size([27]): 
The value is the same before and after calling `init_weights` of BEVSegmentor  

img_backbone.layer4.0.bn2.weight - torch.Size([512]): 
The value is the same before and after calling `init_weights` of BEVSegmentor  

img_backbone.layer4.0.bn2.bias - torch.Size([512]): 
The value is the same before and after calling `init_weights` of BEVSegmentor  

img_backbone.layer4.0.conv3.weight - torch.Size([2048, 512, 1, 1]): 
KaimingInit: a=0, mode=fan_out, nonlinearity=relu, distribution =normal, bias=0 

img_backbone.layer4.0.bn3.weight - torch.Size([2048]): 
ConstantInit: val=0, bias=0 

img_backbone.layer4.0.bn3.bias - torch.Size([2048]): 
The value is the same before and after calling `init_weights` of BEVSegmentor  

img_backbone.layer4.0.downsample.0.weight - torch.Size([2048, 1024, 1, 1]): 
KaimingInit: a=0, mode=fan_out, nonlinearity=relu, distribution =normal, bias=0 

img_backbone.layer4.0.downsample.1.weight - torch.Size([2048]): 
The value is the same before and after calling `init_weights` of BEVSegmentor  

img_backbone.layer4.0.downsample.1.bias - torch.Size([2048]): 
The value is the same before and after calling `init_weights` of BEVSegmentor  

img_backbone.layer4.1.conv1.weight - torch.Size([512, 2048, 1, 1]): 
KaimingInit: a=0, mode=fan_out, nonlinearity=relu, distribution =normal, bias=0 

img_backbone.layer4.1.bn1.weight - torch.Size([512]): 
The value is the same before and after calling `init_weights` of BEVSegmentor  

img_backbone.layer4.1.bn1.bias - torch.Size([512]): 
The value is the same before and after calling `init_weights` of BEVSegmentor  

img_backbone.layer4.1.conv2.weight - torch.Size([512, 512, 3, 3]): 
Initialized by user-defined `init_weights` in ModulatedDeformConv2dPack  

img_backbone.layer4.1.conv2.conv_offset.weight - torch.Size([27, 512, 3, 3]): 
Initialized by user-defined `init_weights` in ModulatedDeformConv2dPack  

img_backbone.layer4.1.conv2.conv_offset.bias - torch.Size([27]): 
The value is the same before and after calling `init_weights` of BEVSegmentor  

img_backbone.layer4.1.bn2.weight - torch.Size([512]): 
The value is the same before and after calling `init_weights` of BEVSegmentor  

img_backbone.layer4.1.bn2.bias - torch.Size([512]): 
The value is the same before and after calling `init_weights` of BEVSegmentor  

img_backbone.layer4.1.conv3.weight - torch.Size([2048, 512, 1, 1]): 
KaimingInit: a=0, mode=fan_out, nonlinearity=relu, distribution =normal, bias=0 

img_backbone.layer4.1.bn3.weight - torch.Size([2048]): 
ConstantInit: val=0, bias=0 

img_backbone.layer4.1.bn3.bias - torch.Size([2048]): 
The value is the same before and after calling `init_weights` of BEVSegmentor  

img_backbone.layer4.2.conv1.weight - torch.Size([512, 2048, 1, 1]): 
KaimingInit: a=0, mode=fan_out, nonlinearity=relu, distribution =normal, bias=0 

img_backbone.layer4.2.bn1.weight - torch.Size([512]): 
The value is the same before and after calling `init_weights` of BEVSegmentor  

img_backbone.layer4.2.bn1.bias - torch.Size([512]): 
The value is the same before and after calling `init_weights` of BEVSegmentor  

img_backbone.layer4.2.conv2.weight - torch.Size([512, 512, 3, 3]): 
Initialized by user-defined `init_weights` in ModulatedDeformConv2dPack  

img_backbone.layer4.2.conv2.conv_offset.weight - torch.Size([27, 512, 3, 3]): 
Initialized by user-defined `init_weights` in ModulatedDeformConv2dPack  

img_backbone.layer4.2.conv2.conv_offset.bias - torch.Size([27]): 
The value is the same before and after calling `init_weights` of BEVSegmentor  

img_backbone.layer4.2.bn2.weight - torch.Size([512]): 
The value is the same before and after calling `init_weights` of BEVSegmentor  

img_backbone.layer4.2.bn2.bias - torch.Size([512]): 
The value is the same before and after calling `init_weights` of BEVSegmentor  

img_backbone.layer4.2.conv3.weight - torch.Size([2048, 512, 1, 1]): 
KaimingInit: a=0, mode=fan_out, nonlinearity=relu, distribution =normal, bias=0 

img_backbone.layer4.2.bn3.weight - torch.Size([2048]): 
ConstantInit: val=0, bias=0 

img_backbone.layer4.2.bn3.bias - torch.Size([2048]): 
The value is the same before and after calling `init_weights` of BEVSegmentor  

img_neck.lateral_convs.0.conv.weight - torch.Size([128, 512, 1, 1]): 
XavierInit: gain=1, distribution=uniform, bias=0 

img_neck.lateral_convs.0.conv.bias - torch.Size([128]): 
The value is the same before and after calling `init_weights` of BEVSegmentor  

img_neck.lateral_convs.1.conv.weight - torch.Size([128, 1024, 1, 1]): 
XavierInit: gain=1, distribution=uniform, bias=0 

img_neck.lateral_convs.1.conv.bias - torch.Size([128]): 
The value is the same before and after calling `init_weights` of BEVSegmentor  

img_neck.lateral_convs.2.conv.weight - torch.Size([128, 2048, 1, 1]): 
XavierInit: gain=1, distribution=uniform, bias=0 

img_neck.lateral_convs.2.conv.bias - torch.Size([128]): 
The value is the same before and after calling `init_weights` of BEVSegmentor  

img_neck.fpn_convs.0.conv.weight - torch.Size([128, 128, 3, 3]): 
XavierInit: gain=1, distribution=uniform, bias=0 

img_neck.fpn_convs.0.conv.bias - torch.Size([128]): 
The value is the same before and after calling `init_weights` of BEVSegmentor  

img_neck.fpn_convs.1.conv.weight - torch.Size([128, 128, 3, 3]): 
XavierInit: gain=1, distribution=uniform, bias=0 

img_neck.fpn_convs.1.conv.bias - torch.Size([128]): 
The value is the same before and after calling `init_weights` of BEVSegmentor  

img_neck.fpn_convs.2.conv.weight - torch.Size([128, 128, 3, 3]): 
XavierInit: gain=1, distribution=uniform, bias=0 

img_neck.fpn_convs.2.conv.bias - torch.Size([128]): 
The value is the same before and after calling `init_weights` of BEVSegmentor  

img_neck.fpn_convs.3.conv.weight - torch.Size([128, 128, 3, 3]): 
XavierInit: gain=1, distribution=uniform, bias=0 

img_neck.fpn_convs.3.conv.bias - torch.Size([128]): 
The value is the same before and after calling `init_weights` of BEVSegmentor  

lifter.anchor - torch.Size([25600, 40]): 
The value is the same before and after calling `init_weights` of BEVSegmentor  

encoder.anchor_encoder.xyz_fc.0.weight - torch.Size([128, 3]): 
The value is the same before and after calling `init_weights` of BEVSegmentor  

encoder.anchor_encoder.xyz_fc.0.bias - torch.Size([128]): 
The value is the same before and after calling `init_weights` of BEVSegmentor  

encoder.anchor_encoder.xyz_fc.2.weight - torch.Size([128]): 
The value is the same before and after calling `init_weights` of BEVSegmentor  

encoder.anchor_encoder.xyz_fc.2.bias - torch.Size([128]): 
The value is the same before and after calling `init_weights` of BEVSegmentor  

encoder.anchor_encoder.xyz_fc.3.weight - torch.Size([128, 128]): 
The value is the same before and after calling `init_weights` of BEVSegmentor  

encoder.anchor_encoder.xyz_fc.3.bias - torch.Size([128]): 
The value is the same before and after calling `init_weights` of BEVSegmentor  

encoder.anchor_encoder.xyz_fc.5.weight - torch.Size([128]): 
The value is the same before and after calling `init_weights` of BEVSegmentor  

encoder.anchor_encoder.xyz_fc.5.bias - torch.Size([128]): 
The value is the same before and after calling `init_weights` of BEVSegmentor  

encoder.anchor_encoder.scale_fc.0.weight - torch.Size([128, 3]): 
The value is the same before and after calling `init_weights` of BEVSegmentor  

encoder.anchor_encoder.scale_fc.0.bias - torch.Size([128]): 
The value is the same before and after calling `init_weights` of BEVSegmentor  

encoder.anchor_encoder.scale_fc.2.weight - torch.Size([128]): 
The value is the same before and after calling `init_weights` of BEVSegmentor  

encoder.anchor_encoder.scale_fc.2.bias - torch.Size([128]): 
The value is the same before and after calling `init_weights` of BEVSegmentor  

encoder.anchor_encoder.scale_fc.3.weight - torch.Size([128, 128]): 
The value is the same before and after calling `init_weights` of BEVSegmentor  

encoder.anchor_encoder.scale_fc.3.bias - torch.Size([128]): 
The value is the same before and after calling `init_weights` of BEVSegmentor  

encoder.anchor_encoder.scale_fc.5.weight - torch.Size([128]): 
The value is the same before and after calling `init_weights` of BEVSegmentor  

encoder.anchor_encoder.scale_fc.5.bias - torch.Size([128]): 
The value is the same before and after calling `init_weights` of BEVSegmentor  

encoder.anchor_encoder.rot_fc.0.weight - torch.Size([128, 4]): 
The value is the same before and after calling `init_weights` of BEVSegmentor  

encoder.anchor_encoder.rot_fc.0.bias - torch.Size([128]): 
The value is the same before and after calling `init_weights` of BEVSegmentor  

encoder.anchor_encoder.rot_fc.2.weight - torch.Size([128]): 
The value is the same before and after calling `init_weights` of BEVSegmentor  

encoder.anchor_encoder.rot_fc.2.bias - torch.Size([128]): 
The value is the same before and after calling `init_weights` of BEVSegmentor  

encoder.anchor_encoder.rot_fc.3.weight - torch.Size([128, 128]): 
The value is the same before and after calling `init_weights` of BEVSegmentor  

encoder.anchor_encoder.rot_fc.3.bias - torch.Size([128]): 
The value is the same before and after calling `init_weights` of BEVSegmentor  

encoder.anchor_encoder.rot_fc.5.weight - torch.Size([128]): 
The value is the same before and after calling `init_weights` of BEVSegmentor  

encoder.anchor_encoder.rot_fc.5.bias - torch.Size([128]): 
The value is the same before and after calling `init_weights` of BEVSegmentor  

encoder.anchor_encoder.opacity_fc.0.weight - torch.Size([128, 1]): 
The value is the same before and after calling `init_weights` of BEVSegmentor  

encoder.anchor_encoder.opacity_fc.0.bias - torch.Size([128]): 
The value is the same before and after calling `init_weights` of BEVSegmentor  

encoder.anchor_encoder.opacity_fc.2.weight - torch.Size([128]): 
The value is the same before and after calling `init_weights` of BEVSegmentor  

encoder.anchor_encoder.opacity_fc.2.bias - torch.Size([128]): 
The value is the same before and after calling `init_weights` of BEVSegmentor  

encoder.anchor_encoder.opacity_fc.3.weight - torch.Size([128, 128]): 
The value is the same before and after calling `init_weights` of BEVSegmentor  

encoder.anchor_encoder.opacity_fc.3.bias - torch.Size([128]): 
The value is the same before and after calling `init_weights` of BEVSegmentor  

encoder.anchor_encoder.opacity_fc.5.weight - torch.Size([128]): 
The value is the same before and after calling `init_weights` of BEVSegmentor  

encoder.anchor_encoder.opacity_fc.5.bias - torch.Size([128]): 
The value is the same before and after calling `init_weights` of BEVSegmentor  

encoder.anchor_encoder.semantics_fc.0.weight - torch.Size([128, 17]): 
The value is the same before and after calling `init_weights` of BEVSegmentor  

encoder.anchor_encoder.semantics_fc.0.bias - torch.Size([128]): 
The value is the same before and after calling `init_weights` of BEVSegmentor  

encoder.anchor_encoder.semantics_fc.2.weight - torch.Size([128]): 
The value is the same before and after calling `init_weights` of BEVSegmentor  

encoder.anchor_encoder.semantics_fc.2.bias - torch.Size([128]): 
The value is the same before and after calling `init_weights` of BEVSegmentor  

encoder.anchor_encoder.semantics_fc.3.weight - torch.Size([128, 128]): 
The value is the same before and after calling `init_weights` of BEVSegmentor  

encoder.anchor_encoder.semantics_fc.3.bias - torch.Size([128]): 
The value is the same before and after calling `init_weights` of BEVSegmentor  

encoder.anchor_encoder.semantics_fc.5.weight - torch.Size([128]): 
The value is the same before and after calling `init_weights` of BEVSegmentor  

encoder.anchor_encoder.semantics_fc.5.bias - torch.Size([128]): 
The value is the same before and after calling `init_weights` of BEVSegmentor  

encoder.anchor_encoder.offset_fc.0.weight - torch.Size([128, 12]): 
The value is the same before and after calling `init_weights` of BEVSegmentor  

encoder.anchor_encoder.offset_fc.0.bias - torch.Size([128]): 
The value is the same before and after calling `init_weights` of BEVSegmentor  

encoder.anchor_encoder.offset_fc.2.weight - torch.Size([128]): 
The value is the same before and after calling `init_weights` of BEVSegmentor  

encoder.anchor_encoder.offset_fc.2.bias - torch.Size([128]): 
The value is the same before and after calling `init_weights` of BEVSegmentor  

encoder.anchor_encoder.offset_fc.3.weight - torch.Size([128, 128]): 
The value is the same before and after calling `init_weights` of BEVSegmentor  

encoder.anchor_encoder.offset_fc.3.bias - torch.Size([128]): 
The value is the same before and after calling `init_weights` of BEVSegmentor  

encoder.anchor_encoder.offset_fc.5.weight - torch.Size([128]): 
The value is the same before and after calling `init_weights` of BEVSegmentor  

encoder.anchor_encoder.offset_fc.5.bias - torch.Size([128]): 
The value is the same before and after calling `init_weights` of BEVSegmentor  

encoder.anchor_encoder.output_fc.0.weight - torch.Size([128, 128]): 
The value is the same before and after calling `init_weights` of BEVSegmentor  

encoder.anchor_encoder.output_fc.0.bias - torch.Size([128]): 
The value is the same before and after calling `init_weights` of BEVSegmentor  

encoder.anchor_encoder.output_fc.2.weight - torch.Size([128]): 
The value is the same before and after calling `init_weights` of BEVSegmentor  

encoder.anchor_encoder.output_fc.2.bias - torch.Size([128]): 
The value is the same before and after calling `init_weights` of BEVSegmentor  

encoder.anchor_encoder.output_fc.3.weight - torch.Size([128, 128]): 
The value is the same before and after calling `init_weights` of BEVSegmentor  

encoder.anchor_encoder.output_fc.3.bias - torch.Size([128]): 
The value is the same before and after calling `init_weights` of BEVSegmentor  

encoder.anchor_encoder.output_fc.5.weight - torch.Size([128]): 
The value is the same before and after calling `init_weights` of BEVSegmentor  

encoder.anchor_encoder.output_fc.5.bias - torch.Size([128]): 
The value is the same before and after calling `init_weights` of BEVSegmentor  

encoder.layers.0.kps_generator.learnable_fc.weight - torch.Size([18, 128]): 
Initialized by user-defined `init_weights` in GaussianOccEncoder  

encoder.layers.0.kps_generator.learnable_fc.bias - torch.Size([18]): 
Initialized by user-defined `init_weights` in GaussianOccEncoder  

encoder.layers.0.output_proj.weight - torch.Size([128, 128]): 
Initialized by user-defined `init_weights` in GaussianOccEncoder  

encoder.layers.0.output_proj.bias - torch.Size([128]): 
Initialized by user-defined `init_weights` in GaussianOccEncoder  

encoder.layers.0.camera_encoder.0.weight - torch.Size([128, 12]): 
Initialized by user-defined `init_weights` in GaussianOccEncoder  

encoder.layers.0.camera_encoder.0.bias - torch.Size([128]): 
The value is the same before and after calling `init_weights` of BEVSegmentor  

encoder.layers.0.camera_encoder.2.weight - torch.Size([128]): 
The value is the same before and after calling `init_weights` of BEVSegmentor  

encoder.layers.0.camera_encoder.2.bias - torch.Size([128]): 
The value is the same before and after calling `init_weights` of BEVSegmentor  

encoder.layers.0.camera_encoder.3.weight - torch.Size([128, 128]): 
Initialized by user-defined `init_weights` in GaussianOccEncoder  

encoder.layers.0.camera_encoder.3.bias - torch.Size([128]): 
The value is the same before and after calling `init_weights` of BEVSegmentor  

encoder.layers.0.camera_encoder.5.weight - torch.Size([128]): 
The value is the same before and after calling `init_weights` of BEVSegmentor  

encoder.layers.0.camera_encoder.5.bias - torch.Size([128]): 
The value is the same before and after calling `init_weights` of BEVSegmentor  

encoder.layers.0.weights_fc.weight - torch.Size([208, 128]): 
Initialized by user-defined `init_weights` in GaussianOccEncoder  

encoder.layers.0.weights_fc.bias - torch.Size([208]): 
Initialized by user-defined `init_weights` in GaussianOccEncoder  

encoder.layers.1.pre_norm.weight - torch.Size([256]): 
The value is the same before and after calling `init_weights` of BEVSegmentor  

encoder.layers.1.pre_norm.bias - torch.Size([256]): 
The value is the same before and after calling `init_weights` of BEVSegmentor  

encoder.layers.1.layers.0.0.weight - torch.Size([512, 256]): 
Initialized by user-defined `init_weights` in GaussianOccEncoder  

encoder.layers.1.layers.0.0.bias - torch.Size([512]): 
The value is the same before and after calling `init_weights` of BEVSegmentor  

encoder.layers.1.layers.1.weight - torch.Size([128, 512]): 
Initialized by user-defined `init_weights` in GaussianOccEncoder  

encoder.layers.1.layers.1.bias - torch.Size([128]): 
The value is the same before and after calling `init_weights` of BEVSegmentor  

encoder.layers.1.identity_fc.weight - torch.Size([128, 256]): 
Initialized by user-defined `init_weights` in GaussianOccEncoder  

encoder.layers.1.identity_fc.bias - torch.Size([128]): 
The value is the same before and after calling `init_weights` of BEVSegmentor  

encoder.layers.2.weight - torch.Size([128]): 
The value is the same before and after calling `init_weights` of BEVSegmentor  

encoder.layers.2.bias - torch.Size([128]): 
The value is the same before and after calling `init_weights` of BEVSegmentor  

encoder.layers.3.layers.0.weight - torch.Size([128, 128]): 
The value is the same before and after calling `init_weights` of BEVSegmentor  

encoder.layers.3.layers.0.bias - torch.Size([128]): 
The value is the same before and after calling `init_weights` of BEVSegmentor  

encoder.layers.3.layers.2.weight - torch.Size([128, 128]): 
The value is the same before and after calling `init_weights` of BEVSegmentor  

encoder.layers.3.layers.2.bias - torch.Size([128]): 
The value is the same before and after calling `init_weights` of BEVSegmentor  

encoder.layers.3.layers.4.weight - torch.Size([128]): 
The value is the same before and after calling `init_weights` of BEVSegmentor  

encoder.layers.3.layers.4.bias - torch.Size([128]): 
The value is the same before and after calling `init_weights` of BEVSegmentor  

encoder.layers.3.layers.5.weight - torch.Size([128, 128]): 
The value is the same before and after calling `init_weights` of BEVSegmentor  

encoder.layers.3.layers.5.bias - torch.Size([128]): 
The value is the same before and after calling `init_weights` of BEVSegmentor  

encoder.layers.3.layers.7.weight - torch.Size([128, 128]): 
The value is the same before and after calling `init_weights` of BEVSegmentor  

encoder.layers.3.layers.7.bias - torch.Size([128]): 
The value is the same before and after calling `init_weights` of BEVSegmentor  

encoder.layers.3.layers.9.weight - torch.Size([128]): 
The value is the same before and after calling `init_weights` of BEVSegmentor  

encoder.layers.3.layers.9.bias - torch.Size([128]): 
The value is the same before and after calling `init_weights` of BEVSegmentor  

encoder.layers.3.layers.10.weight - torch.Size([40, 128]): 
The value is the same before and after calling `init_weights` of BEVSegmentor  

encoder.layers.3.layers.10.bias - torch.Size([40]): 
The value is the same before and after calling `init_weights` of BEVSegmentor  

encoder.layers.3.layers.11.scale - torch.Size([40]): 
The value is the same before and after calling `init_weights` of BEVSegmentor  

encoder.layers.4.layers.0.weight - torch.Size([128, 5, 5, 5, 128]): 
Initialized by user-defined `init_weights` in GaussianOccEncoder  

encoder.layers.4.layers.0.bias - torch.Size([128]): 
The value is the same before and after calling `init_weights` of BEVSegmentor  

encoder.layers.4.layers.1.weight - torch.Size([128]): 
The value is the same before and after calling `init_weights` of BEVSegmentor  

encoder.layers.4.layers.1.bias - torch.Size([128]): 
The value is the same before and after calling `init_weights` of BEVSegmentor  

encoder.layers.4.layers.3.weight - torch.Size([128, 5, 5, 5, 128]): 
Initialized by user-defined `init_weights` in GaussianOccEncoder  

encoder.layers.4.layers.3.bias - torch.Size([128]): 
The value is the same before and after calling `init_weights` of BEVSegmentor  

encoder.layers.4.layers.4.weight - torch.Size([128]): 
The value is the same before and after calling `init_weights` of BEVSegmentor  

encoder.layers.4.layers.4.bias - torch.Size([128]): 
The value is the same before and after calling `init_weights` of BEVSegmentor  

encoder.layers.4.layers.6.weight - torch.Size([128, 5, 5, 5, 128]): 
Initialized by user-defined `init_weights` in GaussianOccEncoder  

encoder.layers.4.layers.6.bias - torch.Size([128]): 
The value is the same before and after calling `init_weights` of BEVSegmentor  

encoder.layers.4.layers.7.weight - torch.Size([128]): 
The value is the same before and after calling `init_weights` of BEVSegmentor  

encoder.layers.4.layers.7.bias - torch.Size([128]): 
The value is the same before and after calling `init_weights` of BEVSegmentor  

encoder.layers.4.output_proj.weight - torch.Size([128, 128]): 
Initialized by user-defined `init_weights` in GaussianOccEncoder  

encoder.layers.4.output_proj.bias - torch.Size([128]): 
The value is the same before and after calling `init_weights` of BEVSegmentor  

encoder.layers.5.weight - torch.Size([128]): 
The value is the same before and after calling `init_weights` of BEVSegmentor  

encoder.layers.5.bias - torch.Size([128]): 
The value is the same before and after calling `init_weights` of BEVSegmentor  

encoder.layers.6.kps_generator.learnable_fc.weight - torch.Size([18, 128]): 
Initialized by user-defined `init_weights` in GaussianOccEncoder  

encoder.layers.6.kps_generator.learnable_fc.bias - torch.Size([18]): 
Initialized by user-defined `init_weights` in GaussianOccEncoder  

encoder.layers.6.output_proj.weight - torch.Size([128, 128]): 
Initialized by user-defined `init_weights` in GaussianOccEncoder  

encoder.layers.6.output_proj.bias - torch.Size([128]): 
Initialized by user-defined `init_weights` in GaussianOccEncoder  

encoder.layers.6.camera_encoder.0.weight - torch.Size([128, 12]): 
Initialized by user-defined `init_weights` in GaussianOccEncoder  

encoder.layers.6.camera_encoder.0.bias - torch.Size([128]): 
The value is the same before and after calling `init_weights` of BEVSegmentor  

encoder.layers.6.camera_encoder.2.weight - torch.Size([128]): 
The value is the same before and after calling `init_weights` of BEVSegmentor  

encoder.layers.6.camera_encoder.2.bias - torch.Size([128]): 
The value is the same before and after calling `init_weights` of BEVSegmentor  

encoder.layers.6.camera_encoder.3.weight - torch.Size([128, 128]): 
Initialized by user-defined `init_weights` in GaussianOccEncoder  

encoder.layers.6.camera_encoder.3.bias - torch.Size([128]): 
The value is the same before and after calling `init_weights` of BEVSegmentor  

encoder.layers.6.camera_encoder.5.weight - torch.Size([128]): 
The value is the same before and after calling `init_weights` of BEVSegmentor  

encoder.layers.6.camera_encoder.5.bias - torch.Size([128]): 
The value is the same before and after calling `init_weights` of BEVSegmentor  

encoder.layers.6.weights_fc.weight - torch.Size([208, 128]): 
Initialized by user-defined `init_weights` in GaussianOccEncoder  

encoder.layers.6.weights_fc.bias - torch.Size([208]): 
Initialized by user-defined `init_weights` in GaussianOccEncoder  

encoder.layers.7.pre_norm.weight - torch.Size([256]): 
The value is the same before and after calling `init_weights` of BEVSegmentor  

encoder.layers.7.pre_norm.bias - torch.Size([256]): 
The value is the same before and after calling `init_weights` of BEVSegmentor  

encoder.layers.7.layers.0.0.weight - torch.Size([512, 256]): 
Initialized by user-defined `init_weights` in GaussianOccEncoder  

encoder.layers.7.layers.0.0.bias - torch.Size([512]): 
The value is the same before and after calling `init_weights` of BEVSegmentor  

encoder.layers.7.layers.1.weight - torch.Size([128, 512]): 
Initialized by user-defined `init_weights` in GaussianOccEncoder  

encoder.layers.7.layers.1.bias - torch.Size([128]): 
The value is the same before and after calling `init_weights` of BEVSegmentor  

encoder.layers.7.identity_fc.weight - torch.Size([128, 256]): 
Initialized by user-defined `init_weights` in GaussianOccEncoder  

encoder.layers.7.identity_fc.bias - torch.Size([128]): 
The value is the same before and after calling `init_weights` of BEVSegmentor  

encoder.layers.8.weight - torch.Size([128]): 
The value is the same before and after calling `init_weights` of BEVSegmentor  

encoder.layers.8.bias - torch.Size([128]): 
The value is the same before and after calling `init_weights` of BEVSegmentor  

encoder.layers.9.layers.0.weight - torch.Size([128, 128]): 
The value is the same before and after calling `init_weights` of BEVSegmentor  

encoder.layers.9.layers.0.bias - torch.Size([128]): 
The value is the same before and after calling `init_weights` of BEVSegmentor  

encoder.layers.9.layers.2.weight - torch.Size([128, 128]): 
The value is the same before and after calling `init_weights` of BEVSegmentor  

encoder.layers.9.layers.2.bias - torch.Size([128]): 
The value is the same before and after calling `init_weights` of BEVSegmentor  

encoder.layers.9.layers.4.weight - torch.Size([128]): 
The value is the same before and after calling `init_weights` of BEVSegmentor  

encoder.layers.9.layers.4.bias - torch.Size([128]): 
The value is the same before and after calling `init_weights` of BEVSegmentor  

encoder.layers.9.layers.5.weight - torch.Size([128, 128]): 
The value is the same before and after calling `init_weights` of BEVSegmentor  

encoder.layers.9.layers.5.bias - torch.Size([128]): 
The value is the same before and after calling `init_weights` of BEVSegmentor  

encoder.layers.9.layers.7.weight - torch.Size([128, 128]): 
The value is the same before and after calling `init_weights` of BEVSegmentor  

encoder.layers.9.layers.7.bias - torch.Size([128]): 
The value is the same before and after calling `init_weights` of BEVSegmentor  

encoder.layers.9.layers.9.weight - torch.Size([128]): 
The value is the same before and after calling `init_weights` of BEVSegmentor  

encoder.layers.9.layers.9.bias - torch.Size([128]): 
The value is the same before and after calling `init_weights` of BEVSegmentor  

encoder.layers.9.layers.10.weight - torch.Size([40, 128]): 
The value is the same before and after calling `init_weights` of BEVSegmentor  

encoder.layers.9.layers.10.bias - torch.Size([40]): 
The value is the same before and after calling `init_weights` of BEVSegmentor  

encoder.layers.9.layers.11.scale - torch.Size([40]): 
The value is the same before and after calling `init_weights` of BEVSegmentor  

encoder.layers.10.layers.0.weight - torch.Size([128, 5, 5, 5, 128]): 
Initialized by user-defined `init_weights` in GaussianOccEncoder  

encoder.layers.10.layers.0.bias - torch.Size([128]): 
The value is the same before and after calling `init_weights` of BEVSegmentor  

encoder.layers.10.layers.1.weight - torch.Size([128]): 
The value is the same before and after calling `init_weights` of BEVSegmentor  

encoder.layers.10.layers.1.bias - torch.Size([128]): 
The value is the same before and after calling `init_weights` of BEVSegmentor  

encoder.layers.10.layers.3.weight - torch.Size([128, 5, 5, 5, 128]): 
Initialized by user-defined `init_weights` in GaussianOccEncoder  

encoder.layers.10.layers.3.bias - torch.Size([128]): 
The value is the same before and after calling `init_weights` of BEVSegmentor  

encoder.layers.10.layers.4.weight - torch.Size([128]): 
The value is the same before and after calling `init_weights` of BEVSegmentor  

encoder.layers.10.layers.4.bias - torch.Size([128]): 
The value is the same before and after calling `init_weights` of BEVSegmentor  

encoder.layers.10.layers.6.weight - torch.Size([128, 5, 5, 5, 128]): 
Initialized by user-defined `init_weights` in GaussianOccEncoder  

encoder.layers.10.layers.6.bias - torch.Size([128]): 
The value is the same before and after calling `init_weights` of BEVSegmentor  

encoder.layers.10.layers.7.weight - torch.Size([128]): 
The value is the same before and after calling `init_weights` of BEVSegmentor  

encoder.layers.10.layers.7.bias - torch.Size([128]): 
The value is the same before and after calling `init_weights` of BEVSegmentor  

encoder.layers.10.output_proj.weight - torch.Size([128, 128]): 
Initialized by user-defined `init_weights` in GaussianOccEncoder  

encoder.layers.10.output_proj.bias - torch.Size([128]): 
The value is the same before and after calling `init_weights` of BEVSegmentor  

encoder.layers.11.weight - torch.Size([128]): 
The value is the same before and after calling `init_weights` of BEVSegmentor  

encoder.layers.11.bias - torch.Size([128]): 
The value is the same before and after calling `init_weights` of BEVSegmentor  

encoder.layers.12.kps_generator.learnable_fc.weight - torch.Size([18, 128]): 
Initialized by user-defined `init_weights` in GaussianOccEncoder  

encoder.layers.12.kps_generator.learnable_fc.bias - torch.Size([18]): 
Initialized by user-defined `init_weights` in GaussianOccEncoder  

encoder.layers.12.output_proj.weight - torch.Size([128, 128]): 
Initialized by user-defined `init_weights` in GaussianOccEncoder  

encoder.layers.12.output_proj.bias - torch.Size([128]): 
Initialized by user-defined `init_weights` in GaussianOccEncoder  

encoder.layers.12.camera_encoder.0.weight - torch.Size([128, 12]): 
Initialized by user-defined `init_weights` in GaussianOccEncoder  

encoder.layers.12.camera_encoder.0.bias - torch.Size([128]): 
The value is the same before and after calling `init_weights` of BEVSegmentor  

encoder.layers.12.camera_encoder.2.weight - torch.Size([128]): 
The value is the same before and after calling `init_weights` of BEVSegmentor  

encoder.layers.12.camera_encoder.2.bias - torch.Size([128]): 
The value is the same before and after calling `init_weights` of BEVSegmentor  

encoder.layers.12.camera_encoder.3.weight - torch.Size([128, 128]): 
Initialized by user-defined `init_weights` in GaussianOccEncoder  

encoder.layers.12.camera_encoder.3.bias - torch.Size([128]): 
The value is the same before and after calling `init_weights` of BEVSegmentor  

encoder.layers.12.camera_encoder.5.weight - torch.Size([128]): 
The value is the same before and after calling `init_weights` of BEVSegmentor  

encoder.layers.12.camera_encoder.5.bias - torch.Size([128]): 
The value is the same before and after calling `init_weights` of BEVSegmentor  

encoder.layers.12.weights_fc.weight - torch.Size([208, 128]): 
Initialized by user-defined `init_weights` in GaussianOccEncoder  

encoder.layers.12.weights_fc.bias - torch.Size([208]): 
Initialized by user-defined `init_weights` in GaussianOccEncoder  

encoder.layers.13.pre_norm.weight - torch.Size([256]): 
The value is the same before and after calling `init_weights` of BEVSegmentor  

encoder.layers.13.pre_norm.bias - torch.Size([256]): 
The value is the same before and after calling `init_weights` of BEVSegmentor  

encoder.layers.13.layers.0.0.weight - torch.Size([512, 256]): 
Initialized by user-defined `init_weights` in GaussianOccEncoder  

encoder.layers.13.layers.0.0.bias - torch.Size([512]): 
The value is the same before and after calling `init_weights` of BEVSegmentor  

encoder.layers.13.layers.1.weight - torch.Size([128, 512]): 
Initialized by user-defined `init_weights` in GaussianOccEncoder  

encoder.layers.13.layers.1.bias - torch.Size([128]): 
The value is the same before and after calling `init_weights` of BEVSegmentor  

encoder.layers.13.identity_fc.weight - torch.Size([128, 256]): 
Initialized by user-defined `init_weights` in GaussianOccEncoder  

encoder.layers.13.identity_fc.bias - torch.Size([128]): 
The value is the same before and after calling `init_weights` of BEVSegmentor  

encoder.layers.14.weight - torch.Size([128]): 
The value is the same before and after calling `init_weights` of BEVSegmentor  

encoder.layers.14.bias - torch.Size([128]): 
The value is the same before and after calling `init_weights` of BEVSegmentor  

encoder.layers.15.layers.0.weight - torch.Size([128, 128]): 
The value is the same before and after calling `init_weights` of BEVSegmentor  

encoder.layers.15.layers.0.bias - torch.Size([128]): 
The value is the same before and after calling `init_weights` of BEVSegmentor  

encoder.layers.15.layers.2.weight - torch.Size([128, 128]): 
The value is the same before and after calling `init_weights` of BEVSegmentor  

encoder.layers.15.layers.2.bias - torch.Size([128]): 
The value is the same before and after calling `init_weights` of BEVSegmentor  

encoder.layers.15.layers.4.weight - torch.Size([128]): 
The value is the same before and after calling `init_weights` of BEVSegmentor  

encoder.layers.15.layers.4.bias - torch.Size([128]): 
The value is the same before and after calling `init_weights` of BEVSegmentor  

encoder.layers.15.layers.5.weight - torch.Size([128, 128]): 
The value is the same before and after calling `init_weights` of BEVSegmentor  

encoder.layers.15.layers.5.bias - torch.Size([128]): 
The value is the same before and after calling `init_weights` of BEVSegmentor  

encoder.layers.15.layers.7.weight - torch.Size([128, 128]): 
The value is the same before and after calling `init_weights` of BEVSegmentor  

encoder.layers.15.layers.7.bias - torch.Size([128]): 
The value is the same before and after calling `init_weights` of BEVSegmentor  

encoder.layers.15.layers.9.weight - torch.Size([128]): 
The value is the same before and after calling `init_weights` of BEVSegmentor  

encoder.layers.15.layers.9.bias - torch.Size([128]): 
The value is the same before and after calling `init_weights` of BEVSegmentor  

encoder.layers.15.layers.10.weight - torch.Size([40, 128]): 
The value is the same before and after calling `init_weights` of BEVSegmentor  

encoder.layers.15.layers.10.bias - torch.Size([40]): 
The value is the same before and after calling `init_weights` of BEVSegmentor  

encoder.layers.15.layers.11.scale - torch.Size([40]): 
The value is the same before and after calling `init_weights` of BEVSegmentor  

encoder.layers.16.layers.0.weight - torch.Size([128, 5, 5, 5, 128]): 
Initialized by user-defined `init_weights` in GaussianOccEncoder  

encoder.layers.16.layers.0.bias - torch.Size([128]): 
The value is the same before and after calling `init_weights` of BEVSegmentor  

encoder.layers.16.layers.1.weight - torch.Size([128]): 
The value is the same before and after calling `init_weights` of BEVSegmentor  

encoder.layers.16.layers.1.bias - torch.Size([128]): 
The value is the same before and after calling `init_weights` of BEVSegmentor  

encoder.layers.16.layers.3.weight - torch.Size([128, 5, 5, 5, 128]): 
Initialized by user-defined `init_weights` in GaussianOccEncoder  

encoder.layers.16.layers.3.bias - torch.Size([128]): 
The value is the same before and after calling `init_weights` of BEVSegmentor  

encoder.layers.16.layers.4.weight - torch.Size([128]): 
The value is the same before and after calling `init_weights` of BEVSegmentor  

encoder.layers.16.layers.4.bias - torch.Size([128]): 
The value is the same before and after calling `init_weights` of BEVSegmentor  

encoder.layers.16.layers.6.weight - torch.Size([128, 5, 5, 5, 128]): 
Initialized by user-defined `init_weights` in GaussianOccEncoder  

encoder.layers.16.layers.6.bias - torch.Size([128]): 
The value is the same before and after calling `init_weights` of BEVSegmentor  

encoder.layers.16.layers.7.weight - torch.Size([128]): 
The value is the same before and after calling `init_weights` of BEVSegmentor  

encoder.layers.16.layers.7.bias - torch.Size([128]): 
The value is the same before and after calling `init_weights` of BEVSegmentor  

encoder.layers.16.output_proj.weight - torch.Size([128, 128]): 
Initialized by user-defined `init_weights` in GaussianOccEncoder  

encoder.layers.16.output_proj.bias - torch.Size([128]): 
The value is the same before and after calling `init_weights` of BEVSegmentor  

encoder.layers.17.weight - torch.Size([128]): 
The value is the same before and after calling `init_weights` of BEVSegmentor  

encoder.layers.17.bias - torch.Size([128]): 
The value is the same before and after calling `init_weights` of BEVSegmentor  

encoder.layers.18.kps_generator.learnable_fc.weight - torch.Size([18, 128]): 
Initialized by user-defined `init_weights` in GaussianOccEncoder  

encoder.layers.18.kps_generator.learnable_fc.bias - torch.Size([18]): 
Initialized by user-defined `init_weights` in GaussianOccEncoder  

encoder.layers.18.output_proj.weight - torch.Size([128, 128]): 
Initialized by user-defined `init_weights` in GaussianOccEncoder  

encoder.layers.18.output_proj.bias - torch.Size([128]): 
Initialized by user-defined `init_weights` in GaussianOccEncoder  

encoder.layers.18.camera_encoder.0.weight - torch.Size([128, 12]): 
Initialized by user-defined `init_weights` in GaussianOccEncoder  

encoder.layers.18.camera_encoder.0.bias - torch.Size([128]): 
The value is the same before and after calling `init_weights` of BEVSegmentor  

encoder.layers.18.camera_encoder.2.weight - torch.Size([128]): 
The value is the same before and after calling `init_weights` of BEVSegmentor  

encoder.layers.18.camera_encoder.2.bias - torch.Size([128]): 
The value is the same before and after calling `init_weights` of BEVSegmentor  

encoder.layers.18.camera_encoder.3.weight - torch.Size([128, 128]): 
Initialized by user-defined `init_weights` in GaussianOccEncoder  

encoder.layers.18.camera_encoder.3.bias - torch.Size([128]): 
The value is the same before and after calling `init_weights` of BEVSegmentor  

encoder.layers.18.camera_encoder.5.weight - torch.Size([128]): 
The value is the same before and after calling `init_weights` of BEVSegmentor  

encoder.layers.18.camera_encoder.5.bias - torch.Size([128]): 
The value is the same before and after calling `init_weights` of BEVSegmentor  

encoder.layers.18.weights_fc.weight - torch.Size([208, 128]): 
Initialized by user-defined `init_weights` in GaussianOccEncoder  

encoder.layers.18.weights_fc.bias - torch.Size([208]): 
Initialized by user-defined `init_weights` in GaussianOccEncoder  

encoder.layers.19.pre_norm.weight - torch.Size([256]): 
The value is the same before and after calling `init_weights` of BEVSegmentor  

encoder.layers.19.pre_norm.bias - torch.Size([256]): 
The value is the same before and after calling `init_weights` of BEVSegmentor  

encoder.layers.19.layers.0.0.weight - torch.Size([512, 256]): 
Initialized by user-defined `init_weights` in GaussianOccEncoder  

encoder.layers.19.layers.0.0.bias - torch.Size([512]): 
The value is the same before and after calling `init_weights` of BEVSegmentor  

encoder.layers.19.layers.1.weight - torch.Size([128, 512]): 
Initialized by user-defined `init_weights` in GaussianOccEncoder  

encoder.layers.19.layers.1.bias - torch.Size([128]): 
The value is the same before and after calling `init_weights` of BEVSegmentor  

encoder.layers.19.identity_fc.weight - torch.Size([128, 256]): 
Initialized by user-defined `init_weights` in GaussianOccEncoder  

encoder.layers.19.identity_fc.bias - torch.Size([128]): 
The value is the same before and after calling `init_weights` of BEVSegmentor  

encoder.layers.20.weight - torch.Size([128]): 
The value is the same before and after calling `init_weights` of BEVSegmentor  

encoder.layers.20.bias - torch.Size([128]): 
The value is the same before and after calling `init_weights` of BEVSegmentor  

encoder.layers.21.layers.0.weight - torch.Size([128, 128]): 
The value is the same before and after calling `init_weights` of BEVSegmentor  

encoder.layers.21.layers.0.bias - torch.Size([128]): 
The value is the same before and after calling `init_weights` of BEVSegmentor  

encoder.layers.21.layers.2.weight - torch.Size([128, 128]): 
The value is the same before and after calling `init_weights` of BEVSegmentor  

encoder.layers.21.layers.2.bias - torch.Size([128]): 
The value is the same before and after calling `init_weights` of BEVSegmentor  

encoder.layers.21.layers.4.weight - torch.Size([128]): 
The value is the same before and after calling `init_weights` of BEVSegmentor  

encoder.layers.21.layers.4.bias - torch.Size([128]): 
The value is the same before and after calling `init_weights` of BEVSegmentor  

encoder.layers.21.layers.5.weight - torch.Size([128, 128]): 
The value is the same before and after calling `init_weights` of BEVSegmentor  

encoder.layers.21.layers.5.bias - torch.Size([128]): 
The value is the same before and after calling `init_weights` of BEVSegmentor  

encoder.layers.21.layers.7.weight - torch.Size([128, 128]): 
The value is the same before and after calling `init_weights` of BEVSegmentor  

encoder.layers.21.layers.7.bias - torch.Size([128]): 
The value is the same before and after calling `init_weights` of BEVSegmentor  

encoder.layers.21.layers.9.weight - torch.Size([128]): 
The value is the same before and after calling `init_weights` of BEVSegmentor  

encoder.layers.21.layers.9.bias - torch.Size([128]): 
The value is the same before and after calling `init_weights` of BEVSegmentor  

encoder.layers.21.layers.10.weight - torch.Size([40, 128]): 
The value is the same before and after calling `init_weights` of BEVSegmentor  

encoder.layers.21.layers.10.bias - torch.Size([40]): 
The value is the same before and after calling `init_weights` of BEVSegmentor  

encoder.layers.21.layers.11.scale - torch.Size([40]): 
The value is the same before and after calling `init_weights` of BEVSegmentor  

temporal_encoder.anchor_encoder.xyz_fc.0.weight - torch.Size([128, 3]): 
The value is the same before and after calling `init_weights` of BEVSegmentor  

temporal_encoder.anchor_encoder.xyz_fc.0.bias - torch.Size([128]): 
The value is the same before and after calling `init_weights` of BEVSegmentor  

temporal_encoder.anchor_encoder.xyz_fc.2.weight - torch.Size([128]): 
The value is the same before and after calling `init_weights` of BEVSegmentor  

temporal_encoder.anchor_encoder.xyz_fc.2.bias - torch.Size([128]): 
The value is the same before and after calling `init_weights` of BEVSegmentor  

temporal_encoder.anchor_encoder.xyz_fc.3.weight - torch.Size([128, 128]): 
The value is the same before and after calling `init_weights` of BEVSegmentor  

temporal_encoder.anchor_encoder.xyz_fc.3.bias - torch.Size([128]): 
The value is the same before and after calling `init_weights` of BEVSegmentor  

temporal_encoder.anchor_encoder.xyz_fc.5.weight - torch.Size([128]): 
The value is the same before and after calling `init_weights` of BEVSegmentor  

temporal_encoder.anchor_encoder.xyz_fc.5.bias - torch.Size([128]): 
The value is the same before and after calling `init_weights` of BEVSegmentor  

temporal_encoder.anchor_encoder.scale_fc.0.weight - torch.Size([128, 3]): 
The value is the same before and after calling `init_weights` of BEVSegmentor  

temporal_encoder.anchor_encoder.scale_fc.0.bias - torch.Size([128]): 
The value is the same before and after calling `init_weights` of BEVSegmentor  

temporal_encoder.anchor_encoder.scale_fc.2.weight - torch.Size([128]): 
The value is the same before and after calling `init_weights` of BEVSegmentor  

temporal_encoder.anchor_encoder.scale_fc.2.bias - torch.Size([128]): 
The value is the same before and after calling `init_weights` of BEVSegmentor  

temporal_encoder.anchor_encoder.scale_fc.3.weight - torch.Size([128, 128]): 
The value is the same before and after calling `init_weights` of BEVSegmentor  

temporal_encoder.anchor_encoder.scale_fc.3.bias - torch.Size([128]): 
The value is the same before and after calling `init_weights` of BEVSegmentor  

temporal_encoder.anchor_encoder.scale_fc.5.weight - torch.Size([128]): 
The value is the same before and after calling `init_weights` of BEVSegmentor  

temporal_encoder.anchor_encoder.scale_fc.5.bias - torch.Size([128]): 
The value is the same before and after calling `init_weights` of BEVSegmentor  

temporal_encoder.anchor_encoder.rot_fc.0.weight - torch.Size([128, 4]): 
The value is the same before and after calling `init_weights` of BEVSegmentor  

temporal_encoder.anchor_encoder.rot_fc.0.bias - torch.Size([128]): 
The value is the same before and after calling `init_weights` of BEVSegmentor  

temporal_encoder.anchor_encoder.rot_fc.2.weight - torch.Size([128]): 
The value is the same before and after calling `init_weights` of BEVSegmentor  

temporal_encoder.anchor_encoder.rot_fc.2.bias - torch.Size([128]): 
The value is the same before and after calling `init_weights` of BEVSegmentor  

temporal_encoder.anchor_encoder.rot_fc.3.weight - torch.Size([128, 128]): 
The value is the same before and after calling `init_weights` of BEVSegmentor  

temporal_encoder.anchor_encoder.rot_fc.3.bias - torch.Size([128]): 
The value is the same before and after calling `init_weights` of BEVSegmentor  

temporal_encoder.anchor_encoder.rot_fc.5.weight - torch.Size([128]): 
The value is the same before and after calling `init_weights` of BEVSegmentor  

temporal_encoder.anchor_encoder.rot_fc.5.bias - torch.Size([128]): 
The value is the same before and after calling `init_weights` of BEVSegmentor  

temporal_encoder.anchor_encoder.opacity_fc.0.weight - torch.Size([128, 1]): 
The value is the same before and after calling `init_weights` of BEVSegmentor  

temporal_encoder.anchor_encoder.opacity_fc.0.bias - torch.Size([128]): 
The value is the same before and after calling `init_weights` of BEVSegmentor  

temporal_encoder.anchor_encoder.opacity_fc.2.weight - torch.Size([128]): 
The value is the same before and after calling `init_weights` of BEVSegmentor  

temporal_encoder.anchor_encoder.opacity_fc.2.bias - torch.Size([128]): 
The value is the same before and after calling `init_weights` of BEVSegmentor  

temporal_encoder.anchor_encoder.opacity_fc.3.weight - torch.Size([128, 128]): 
The value is the same before and after calling `init_weights` of BEVSegmentor  

temporal_encoder.anchor_encoder.opacity_fc.3.bias - torch.Size([128]): 
The value is the same before and after calling `init_weights` of BEVSegmentor  

temporal_encoder.anchor_encoder.opacity_fc.5.weight - torch.Size([128]): 
The value is the same before and after calling `init_weights` of BEVSegmentor  

temporal_encoder.anchor_encoder.opacity_fc.5.bias - torch.Size([128]): 
The value is the same before and after calling `init_weights` of BEVSegmentor  

temporal_encoder.anchor_encoder.semantics_fc.0.weight - torch.Size([128, 17]): 
The value is the same before and after calling `init_weights` of BEVSegmentor  

temporal_encoder.anchor_encoder.semantics_fc.0.bias - torch.Size([128]): 
The value is the same before and after calling `init_weights` of BEVSegmentor  

temporal_encoder.anchor_encoder.semantics_fc.2.weight - torch.Size([128]): 
The value is the same before and after calling `init_weights` of BEVSegmentor  

temporal_encoder.anchor_encoder.semantics_fc.2.bias - torch.Size([128]): 
The value is the same before and after calling `init_weights` of BEVSegmentor  

temporal_encoder.anchor_encoder.semantics_fc.3.weight - torch.Size([128, 128]): 
The value is the same before and after calling `init_weights` of BEVSegmentor  

temporal_encoder.anchor_encoder.semantics_fc.3.bias - torch.Size([128]): 
The value is the same before and after calling `init_weights` of BEVSegmentor  

temporal_encoder.anchor_encoder.semantics_fc.5.weight - torch.Size([128]): 
The value is the same before and after calling `init_weights` of BEVSegmentor  

temporal_encoder.anchor_encoder.semantics_fc.5.bias - torch.Size([128]): 
The value is the same before and after calling `init_weights` of BEVSegmentor  

temporal_encoder.anchor_encoder.offset_fc.0.weight - torch.Size([128, 12]): 
The value is the same before and after calling `init_weights` of BEVSegmentor  

temporal_encoder.anchor_encoder.offset_fc.0.bias - torch.Size([128]): 
The value is the same before and after calling `init_weights` of BEVSegmentor  

temporal_encoder.anchor_encoder.offset_fc.2.weight - torch.Size([128]): 
The value is the same before and after calling `init_weights` of BEVSegmentor  

temporal_encoder.anchor_encoder.offset_fc.2.bias - torch.Size([128]): 
The value is the same before and after calling `init_weights` of BEVSegmentor  

temporal_encoder.anchor_encoder.offset_fc.3.weight - torch.Size([128, 128]): 
The value is the same before and after calling `init_weights` of BEVSegmentor  

temporal_encoder.anchor_encoder.offset_fc.3.bias - torch.Size([128]): 
The value is the same before and after calling `init_weights` of BEVSegmentor  

temporal_encoder.anchor_encoder.offset_fc.5.weight - torch.Size([128]): 
The value is the same before and after calling `init_weights` of BEVSegmentor  

temporal_encoder.anchor_encoder.offset_fc.5.bias - torch.Size([128]): 
The value is the same before and after calling `init_weights` of BEVSegmentor  

temporal_encoder.anchor_encoder.output_fc.0.weight - torch.Size([128, 128]): 
The value is the same before and after calling `init_weights` of BEVSegmentor  

temporal_encoder.anchor_encoder.output_fc.0.bias - torch.Size([128]): 
The value is the same before and after calling `init_weights` of BEVSegmentor  

temporal_encoder.anchor_encoder.output_fc.2.weight - torch.Size([128]): 
The value is the same before and after calling `init_weights` of BEVSegmentor  

temporal_encoder.anchor_encoder.output_fc.2.bias - torch.Size([128]): 
The value is the same before and after calling `init_weights` of BEVSegmentor  

temporal_encoder.anchor_encoder.output_fc.3.weight - torch.Size([128, 128]): 
The value is the same before and after calling `init_weights` of BEVSegmentor  

temporal_encoder.anchor_encoder.output_fc.3.bias - torch.Size([128]): 
The value is the same before and after calling `init_weights` of BEVSegmentor  

temporal_encoder.anchor_encoder.output_fc.5.weight - torch.Size([128]): 
The value is the same before and after calling `init_weights` of BEVSegmentor  

temporal_encoder.anchor_encoder.output_fc.5.bias - torch.Size([128]): 
The value is the same before and after calling `init_weights` of BEVSegmentor  

temporal_encoder.layers.0.layers.0.weight - torch.Size([128, 5, 5, 5, 5, 128]): 
Initialized by user-defined `init_weights` in GaussianTemporalEncoder  

temporal_encoder.layers.0.layers.1.weight - torch.Size([128]): 
The value is the same before and after calling `init_weights` of BEVSegmentor  

temporal_encoder.layers.0.layers.1.bias - torch.Size([128]): 
The value is the same before and after calling `init_weights` of BEVSegmentor  

temporal_encoder.layers.0.layers.3.weight - torch.Size([128, 5, 5, 5, 5, 128]): 
Initialized by user-defined `init_weights` in GaussianTemporalEncoder  

temporal_encoder.layers.0.layers.4.weight - torch.Size([128]): 
The value is the same before and after calling `init_weights` of BEVSegmentor  

temporal_encoder.layers.0.layers.4.bias - torch.Size([128]): 
The value is the same before and after calling `init_weights` of BEVSegmentor  

temporal_encoder.layers.0.layers.6.weight - torch.Size([128, 5, 5, 5, 5, 128]): 
Initialized by user-defined `init_weights` in GaussianTemporalEncoder  

temporal_encoder.layers.0.layers.7.weight - torch.Size([128]): 
The value is the same before and after calling `init_weights` of BEVSegmentor  

temporal_encoder.layers.0.layers.7.bias - torch.Size([128]): 
The value is the same before and after calling `init_weights` of BEVSegmentor  

temporal_encoder.layers.0.output_proj.weight - torch.Size([128, 128]): 
Initialized by user-defined `init_weights` in GaussianTemporalEncoder  

temporal_encoder.layers.0.output_proj.bias - torch.Size([128]): 
The value is the same before and after calling `init_weights` of BEVSegmentor  

temporal_encoder.layers.1.layers.0.weight - torch.Size([128, 128]): 
The value is the same before and after calling `init_weights` of BEVSegmentor  

temporal_encoder.layers.1.layers.0.bias - torch.Size([128]): 
The value is the same before and after calling `init_weights` of BEVSegmentor  

temporal_encoder.layers.1.layers.2.weight - torch.Size([128, 128]): 
The value is the same before and after calling `init_weights` of BEVSegmentor  

temporal_encoder.layers.1.layers.2.bias - torch.Size([128]): 
The value is the same before and after calling `init_weights` of BEVSegmentor  

temporal_encoder.layers.1.layers.4.weight - torch.Size([128]): 
The value is the same before and after calling `init_weights` of BEVSegmentor  

temporal_encoder.layers.1.layers.4.bias - torch.Size([128]): 
The value is the same before and after calling `init_weights` of BEVSegmentor  

temporal_encoder.layers.1.layers.5.weight - torch.Size([128, 128]): 
The value is the same before and after calling `init_weights` of BEVSegmentor  

temporal_encoder.layers.1.layers.5.bias - torch.Size([128]): 
The value is the same before and after calling `init_weights` of BEVSegmentor  

temporal_encoder.layers.1.layers.7.weight - torch.Size([128, 128]): 
The value is the same before and after calling `init_weights` of BEVSegmentor  

temporal_encoder.layers.1.layers.7.bias - torch.Size([128]): 
The value is the same before and after calling `init_weights` of BEVSegmentor  

temporal_encoder.layers.1.layers.9.weight - torch.Size([128]): 
The value is the same before and after calling `init_weights` of BEVSegmentor  

temporal_encoder.layers.1.layers.9.bias - torch.Size([128]): 
The value is the same before and after calling `init_weights` of BEVSegmentor  

temporal_encoder.layers.1.layers.10.weight - torch.Size([40, 128]): 
The value is the same before and after calling `init_weights` of BEVSegmentor  

temporal_encoder.layers.1.layers.10.bias - torch.Size([40]): 
The value is the same before and after calling `init_weights` of BEVSegmentor  

temporal_encoder.layers.1.layers.11.scale - torch.Size([40]): 
The value is the same before and after calling `init_weights` of BEVSegmentor  

temporal_encoder.layers.1.dynamic_layers.0.weight - torch.Size([128, 128]): 
The value is the same before and after calling `init_weights` of BEVSegmentor  

temporal_encoder.layers.1.dynamic_layers.0.bias - torch.Size([128]): 
The value is the same before and after calling `init_weights` of BEVSegmentor  

temporal_encoder.layers.1.dynamic_layers.2.weight - torch.Size([128]): 
The value is the same before and after calling `init_weights` of BEVSegmentor  

temporal_encoder.layers.1.dynamic_layers.2.bias - torch.Size([128]): 
The value is the same before and after calling `init_weights` of BEVSegmentor  

temporal_encoder.layers.1.dynamic_layers.3.weight - torch.Size([1, 128]): 
The value is the same before and after calling `init_weights` of BEVSegmentor  

temporal_encoder.layers.1.dynamic_layers.3.bias - torch.Size([1]): 
The value is the same before and after calling `init_weights` of BEVSegmentor  

temporal_encoder.layers.1.offset_layers.0.weight - torch.Size([128, 131]): 
The value is the same before and after calling `init_weights` of BEVSegmentor  

temporal_encoder.layers.1.offset_layers.0.bias - torch.Size([128]): 
The value is the same before and after calling `init_weights` of BEVSegmentor  

temporal_encoder.layers.1.offset_layers.2.weight - torch.Size([128]): 
The value is the same before and after calling `init_weights` of BEVSegmentor  

temporal_encoder.layers.1.offset_layers.2.bias - torch.Size([128]): 
The value is the same before and after calling `init_weights` of BEVSegmentor  

temporal_encoder.layers.1.offset_layers.3.weight - torch.Size([2, 128]): 
The value is the same before and after calling `init_weights` of BEVSegmentor  

temporal_encoder.layers.1.offset_layers.3.bias - torch.Size([2]): 
The value is the same before and after calling `init_weights` of BEVSegmentor  

temporal_encoder.layers.2.layers.0.weight - torch.Size([128, 5, 5, 5, 5, 128]): 
Initialized by user-defined `init_weights` in GaussianTemporalEncoder  

temporal_encoder.layers.2.layers.1.weight - torch.Size([128]): 
The value is the same before and after calling `init_weights` of BEVSegmentor  

temporal_encoder.layers.2.layers.1.bias - torch.Size([128]): 
The value is the same before and after calling `init_weights` of BEVSegmentor  

temporal_encoder.layers.2.layers.3.weight - torch.Size([128, 5, 5, 5, 5, 128]): 
Initialized by user-defined `init_weights` in GaussianTemporalEncoder  

temporal_encoder.layers.2.layers.4.weight - torch.Size([128]): 
The value is the same before and after calling `init_weights` of BEVSegmentor  

temporal_encoder.layers.2.layers.4.bias - torch.Size([128]): 
The value is the same before and after calling `init_weights` of BEVSegmentor  

temporal_encoder.layers.2.layers.6.weight - torch.Size([128, 5, 5, 5, 5, 128]): 
Initialized by user-defined `init_weights` in GaussianTemporalEncoder  

temporal_encoder.layers.2.layers.7.weight - torch.Size([128]): 
The value is the same before and after calling `init_weights` of BEVSegmentor  

temporal_encoder.layers.2.layers.7.bias - torch.Size([128]): 
The value is the same before and after calling `init_weights` of BEVSegmentor  

temporal_encoder.layers.2.output_proj.weight - torch.Size([128, 128]): 
Initialized by user-defined `init_weights` in GaussianTemporalEncoder  

temporal_encoder.layers.2.output_proj.bias - torch.Size([128]): 
The value is the same before and after calling `init_weights` of BEVSegmentor  

temporal_encoder.layers.3.layers.0.weight - torch.Size([128, 128]): 
The value is the same before and after calling `init_weights` of BEVSegmentor  

temporal_encoder.layers.3.layers.0.bias - torch.Size([128]): 
The value is the same before and after calling `init_weights` of BEVSegmentor  

temporal_encoder.layers.3.layers.2.weight - torch.Size([128, 128]): 
The value is the same before and after calling `init_weights` of BEVSegmentor  

temporal_encoder.layers.3.layers.2.bias - torch.Size([128]): 
The value is the same before and after calling `init_weights` of BEVSegmentor  

temporal_encoder.layers.3.layers.4.weight - torch.Size([128]): 
The value is the same before and after calling `init_weights` of BEVSegmentor  

temporal_encoder.layers.3.layers.4.bias - torch.Size([128]): 
The value is the same before and after calling `init_weights` of BEVSegmentor  

temporal_encoder.layers.3.layers.5.weight - torch.Size([128, 128]): 
The value is the same before and after calling `init_weights` of BEVSegmentor  

temporal_encoder.layers.3.layers.5.bias - torch.Size([128]): 
The value is the same before and after calling `init_weights` of BEVSegmentor  

temporal_encoder.layers.3.layers.7.weight - torch.Size([128, 128]): 
The value is the same before and after calling `init_weights` of BEVSegmentor  

temporal_encoder.layers.3.layers.7.bias - torch.Size([128]): 
The value is the same before and after calling `init_weights` of BEVSegmentor  

temporal_encoder.layers.3.layers.9.weight - torch.Size([128]): 
The value is the same before and after calling `init_weights` of BEVSegmentor  

temporal_encoder.layers.3.layers.9.bias - torch.Size([128]): 
The value is the same before and after calling `init_weights` of BEVSegmentor  

temporal_encoder.layers.3.layers.10.weight - torch.Size([40, 128]): 
The value is the same before and after calling `init_weights` of BEVSegmentor  

temporal_encoder.layers.3.layers.10.bias - torch.Size([40]): 
The value is the same before and after calling `init_weights` of BEVSegmentor  

temporal_encoder.layers.3.layers.11.scale - torch.Size([40]): 
The value is the same before and after calling `init_weights` of BEVSegmentor  

temporal_encoder.layers.3.dynamic_layers.0.weight - torch.Size([128, 128]): 
The value is the same before and after calling `init_weights` of BEVSegmentor  

temporal_encoder.layers.3.dynamic_layers.0.bias - torch.Size([128]): 
The value is the same before and after calling `init_weights` of BEVSegmentor  

temporal_encoder.layers.3.dynamic_layers.2.weight - torch.Size([128]): 
The value is the same before and after calling `init_weights` of BEVSegmentor  

temporal_encoder.layers.3.dynamic_layers.2.bias - torch.Size([128]): 
The value is the same before and after calling `init_weights` of BEVSegmentor  

temporal_encoder.layers.3.dynamic_layers.3.weight - torch.Size([1, 128]): 
The value is the same before and after calling `init_weights` of BEVSegmentor  

temporal_encoder.layers.3.dynamic_layers.3.bias - torch.Size([1]): 
The value is the same before and after calling `init_weights` of BEVSegmentor  

temporal_encoder.layers.3.offset_layers.0.weight - torch.Size([128, 131]): 
The value is the same before and after calling `init_weights` of BEVSegmentor  

temporal_encoder.layers.3.offset_layers.0.bias - torch.Size([128]): 
The value is the same before and after calling `init_weights` of BEVSegmentor  

temporal_encoder.layers.3.offset_layers.2.weight - torch.Size([128]): 
The value is the same before and after calling `init_weights` of BEVSegmentor  

temporal_encoder.layers.3.offset_layers.2.bias - torch.Size([128]): 
The value is the same before and after calling `init_weights` of BEVSegmentor  

temporal_encoder.layers.3.offset_layers.3.weight - torch.Size([2, 128]): 
The value is the same before and after calling `init_weights` of BEVSegmentor  

temporal_encoder.layers.3.offset_layers.3.bias - torch.Size([2]): 
The value is the same before and after calling `init_weights` of BEVSegmentor  

temporal_encoder.layers.4.layers.0.weight - torch.Size([128, 5, 5, 5, 5, 128]): 
Initialized by user-defined `init_weights` in GaussianTemporalEncoder  

temporal_encoder.layers.4.layers.1.weight - torch.Size([128]): 
The value is the same before and after calling `init_weights` of BEVSegmentor  

temporal_encoder.layers.4.layers.1.bias - torch.Size([128]): 
The value is the same before and after calling `init_weights` of BEVSegmentor  

temporal_encoder.layers.4.layers.3.weight - torch.Size([128, 5, 5, 5, 5, 128]): 
Initialized by user-defined `init_weights` in GaussianTemporalEncoder  

temporal_encoder.layers.4.layers.4.weight - torch.Size([128]): 
The value is the same before and after calling `init_weights` of BEVSegmentor  

temporal_encoder.layers.4.layers.4.bias - torch.Size([128]): 
The value is the same before and after calling `init_weights` of BEVSegmentor  

temporal_encoder.layers.4.layers.6.weight - torch.Size([128, 5, 5, 5, 5, 128]): 
Initialized by user-defined `init_weights` in GaussianTemporalEncoder  

temporal_encoder.layers.4.layers.7.weight - torch.Size([128]): 
The value is the same before and after calling `init_weights` of BEVSegmentor  

temporal_encoder.layers.4.layers.7.bias - torch.Size([128]): 
The value is the same before and after calling `init_weights` of BEVSegmentor  

temporal_encoder.layers.4.output_proj.weight - torch.Size([128, 128]): 
Initialized by user-defined `init_weights` in GaussianTemporalEncoder  

temporal_encoder.layers.4.output_proj.bias - torch.Size([128]): 
The value is the same before and after calling `init_weights` of BEVSegmentor  

temporal_encoder.layers.5.layers.0.weight - torch.Size([128, 128]): 
The value is the same before and after calling `init_weights` of BEVSegmentor  

temporal_encoder.layers.5.layers.0.bias - torch.Size([128]): 
The value is the same before and after calling `init_weights` of BEVSegmentor  

temporal_encoder.layers.5.layers.2.weight - torch.Size([128, 128]): 
The value is the same before and after calling `init_weights` of BEVSegmentor  

temporal_encoder.layers.5.layers.2.bias - torch.Size([128]): 
The value is the same before and after calling `init_weights` of BEVSegmentor  

temporal_encoder.layers.5.layers.4.weight - torch.Size([128]): 
The value is the same before and after calling `init_weights` of BEVSegmentor  

temporal_encoder.layers.5.layers.4.bias - torch.Size([128]): 
The value is the same before and after calling `init_weights` of BEVSegmentor  

temporal_encoder.layers.5.layers.5.weight - torch.Size([128, 128]): 
The value is the same before and after calling `init_weights` of BEVSegmentor  

temporal_encoder.layers.5.layers.5.bias - torch.Size([128]): 
The value is the same before and after calling `init_weights` of BEVSegmentor  

temporal_encoder.layers.5.layers.7.weight - torch.Size([128, 128]): 
The value is the same before and after calling `init_weights` of BEVSegmentor  

temporal_encoder.layers.5.layers.7.bias - torch.Size([128]): 
The value is the same before and after calling `init_weights` of BEVSegmentor  

temporal_encoder.layers.5.layers.9.weight - torch.Size([128]): 
The value is the same before and after calling `init_weights` of BEVSegmentor  

temporal_encoder.layers.5.layers.9.bias - torch.Size([128]): 
The value is the same before and after calling `init_weights` of BEVSegmentor  

temporal_encoder.layers.5.layers.10.weight - torch.Size([40, 128]): 
The value is the same before and after calling `init_weights` of BEVSegmentor  

temporal_encoder.layers.5.layers.10.bias - torch.Size([40]): 
The value is the same before and after calling `init_weights` of BEVSegmentor  

temporal_encoder.layers.5.layers.11.scale - torch.Size([40]): 
The value is the same before and after calling `init_weights` of BEVSegmentor  

temporal_encoder.layers.5.dynamic_layers.0.weight - torch.Size([128, 128]): 
The value is the same before and after calling `init_weights` of BEVSegmentor  

temporal_encoder.layers.5.dynamic_layers.0.bias - torch.Size([128]): 
The value is the same before and after calling `init_weights` of BEVSegmentor  

temporal_encoder.layers.5.dynamic_layers.2.weight - torch.Size([128]): 
The value is the same before and after calling `init_weights` of BEVSegmentor  

temporal_encoder.layers.5.dynamic_layers.2.bias - torch.Size([128]): 
The value is the same before and after calling `init_weights` of BEVSegmentor  

temporal_encoder.layers.5.dynamic_layers.3.weight - torch.Size([1, 128]): 
The value is the same before and after calling `init_weights` of BEVSegmentor  

temporal_encoder.layers.5.dynamic_layers.3.bias - torch.Size([1]): 
The value is the same before and after calling `init_weights` of BEVSegmentor  

temporal_encoder.layers.5.offset_layers.0.weight - torch.Size([128, 131]): 
The value is the same before and after calling `init_weights` of BEVSegmentor  

temporal_encoder.layers.5.offset_layers.0.bias - torch.Size([128]): 
The value is the same before and after calling `init_weights` of BEVSegmentor  

temporal_encoder.layers.5.offset_layers.2.weight - torch.Size([128]): 
The value is the same before and after calling `init_weights` of BEVSegmentor  

temporal_encoder.layers.5.offset_layers.2.bias - torch.Size([128]): 
The value is the same before and after calling `init_weights` of BEVSegmentor  

temporal_encoder.layers.5.offset_layers.3.weight - torch.Size([2, 128]): 
The value is the same before and after calling `init_weights` of BEVSegmentor  

temporal_encoder.layers.5.offset_layers.3.bias - torch.Size([2]): 
The value is the same before and after calling `init_weights` of BEVSegmentor  

head.empty_scalar - torch.Size([1]): 
The value is the same before and after calling `init_weights` of BEVSegmentor  

head.future_generator.query_encoder.0.weight - torch.Size([64, 16]): 
The value is the same before and after calling `init_weights` of BEVSegmentor  

head.future_generator.query_encoder.0.bias - torch.Size([64]): 
The value is the same before and after calling `init_weights` of BEVSegmentor  

head.future_generator.query_encoder.1.weight - torch.Size([64]): 
The value is the same before and after calling `init_weights` of BEVSegmentor  

head.future_generator.query_encoder.1.bias - torch.Size([64]): 
The value is the same before and after calling `init_weights` of BEVSegmentor  

head.future_generator.query_encoder.3.weight - torch.Size([64, 64]): 
The value is the same before and after calling `init_weights` of BEVSegmentor  

head.future_generator.query_encoder.3.bias - torch.Size([64]): 
The value is the same before and after calling `init_weights` of BEVSegmentor  

head.future_generator.query_embedding.weight - torch.Size([12800, 64]): 
The value is the same before and after calling `init_weights` of BEVSegmentor  

head.future_generator.temporal_proj.weight - torch.Size([64, 128]): 
The value is the same before and after calling `init_weights` of BEVSegmentor  

head.future_generator.temporal_proj.bias - torch.Size([64]): 
The value is the same before and after calling `init_weights` of BEVSegmentor  

head.future_generator.temporal_frame_embedding.weight - torch.Size([4, 64]): 
The value is the same before and after calling `init_weights` of BEVSegmentor  

head.future_generator.image_proj.weight - torch.Size([64, 128, 1, 1]): 
The value is the same before and after calling `init_weights` of BEVSegmentor  

head.future_generator.image_proj.bias - torch.Size([64]): 
The value is the same before and after calling `init_weights` of BEVSegmentor  

head.future_generator.image_frame_embedding.weight - torch.Size([4, 64]): 
The value is the same before and after calling `init_weights` of BEVSegmentor  

head.future_generator.image_temporal_fusion.0.weight - torch.Size([64, 256]): 
The value is the same before and after calling `init_weights` of BEVSegmentor  

head.future_generator.image_temporal_fusion.0.bias - torch.Size([64]): 
The value is the same before and after calling `init_weights` of BEVSegmentor  

head.future_generator.image_temporal_fusion.1.weight - torch.Size([64]): 
The value is the same before and after calling `init_weights` of BEVSegmentor  

head.future_generator.image_temporal_fusion.1.bias - torch.Size([64]): 
The value is the same before and after calling `init_weights` of BEVSegmentor  

head.future_generator.fusion.0.weight - torch.Size([128, 192]): 
The value is the same before and after calling `init_weights` of BEVSegmentor  

head.future_generator.fusion.0.bias - torch.Size([128]): 
The value is the same before and after calling `init_weights` of BEVSegmentor  

head.future_generator.fusion.1.weight - torch.Size([128]): 
The value is the same before and after calling `init_weights` of BEVSegmentor  

head.future_generator.fusion.1.bias - torch.Size([128]): 
The value is the same before and after calling `init_weights` of BEVSegmentor  

head.future_generator.fusion.3.weight - torch.Size([28, 128]): 
The value is the same before and after calling `init_weights` of BEVSegmentor  

head.future_generator.fusion.3.bias - torch.Size([28]): 
The value is the same before and after calling `init_weights` of BEVSegmentor  

decoder.backbone_3d.conv_input.0.weight - torch.Size([16, 3, 3, 3, 28]): 
The value is the same before and after calling `init_weights` of BEVSegmentor  

decoder.backbone_3d.conv_input.1.weight - torch.Size([16]): 
The value is the same before and after calling `init_weights` of BEVSegmentor  

decoder.backbone_3d.conv_input.1.bias - torch.Size([16]): 
The value is the same before and after calling `init_weights` of BEVSegmentor  

decoder.backbone_3d.conv1.0.conv1.weight - torch.Size([16, 3, 3, 3, 16]): 
The value is the same before and after calling `init_weights` of BEVSegmentor  

decoder.backbone_3d.conv1.0.conv1.bias - torch.Size([16]): 
The value is the same before and after calling `init_weights` of BEVSegmentor  

decoder.backbone_3d.conv1.0.bn1.weight - torch.Size([16]): 
The value is the same before and after calling `init_weights` of BEVSegmentor  

decoder.backbone_3d.conv1.0.bn1.bias - torch.Size([16]): 
The value is the same before and after calling `init_weights` of BEVSegmentor  

decoder.backbone_3d.conv1.0.conv2.weight - torch.Size([16, 3, 3, 3, 16]): 
The value is the same before and after calling `init_weights` of BEVSegmentor  

decoder.backbone_3d.conv1.0.conv2.bias - torch.Size([16]): 
The value is the same before and after calling `init_weights` of BEVSegmentor  

decoder.backbone_3d.conv1.0.bn2.weight - torch.Size([16]): 
The value is the same before and after calling `init_weights` of BEVSegmentor  

decoder.backbone_3d.conv1.0.bn2.bias - torch.Size([16]): 
The value is the same before and after calling `init_weights` of BEVSegmentor  

decoder.backbone_3d.conv1.1.conv1.weight - torch.Size([16, 3, 3, 3, 16]): 
The value is the same before and after calling `init_weights` of BEVSegmentor  

decoder.backbone_3d.conv1.1.conv1.bias - torch.Size([16]): 
The value is the same before and after calling `init_weights` of BEVSegmentor  

decoder.backbone_3d.conv1.1.bn1.weight - torch.Size([16]): 
The value is the same before and after calling `init_weights` of BEVSegmentor  

decoder.backbone_3d.conv1.1.bn1.bias - torch.Size([16]): 
The value is the same before and after calling `init_weights` of BEVSegmentor  

decoder.backbone_3d.conv1.1.conv2.weight - torch.Size([16, 3, 3, 3, 16]): 
The value is the same before and after calling `init_weights` of BEVSegmentor  

decoder.backbone_3d.conv1.1.conv2.bias - torch.Size([16]): 
The value is the same before and after calling `init_weights` of BEVSegmentor  

decoder.backbone_3d.conv1.1.bn2.weight - torch.Size([16]): 
The value is the same before and after calling `init_weights` of BEVSegmentor  

decoder.backbone_3d.conv1.1.bn2.bias - torch.Size([16]): 
The value is the same before and after calling `init_weights` of BEVSegmentor  

decoder.backbone_3d.conv2.0.0.weight - torch.Size([32, 3, 3, 3, 16]): 
The value is the same before and after calling `init_weights` of BEVSegmentor  

decoder.backbone_3d.conv2.0.1.weight - torch.Size([32]): 
The value is the same before and after calling `init_weights` of BEVSegmentor  

decoder.backbone_3d.conv2.0.1.bias - torch.Size([32]): 
The value is the same before and after calling `init_weights` of BEVSegmentor  

decoder.backbone_3d.conv2.1.conv1.weight - torch.Size([32, 3, 3, 3, 32]): 
The value is the same before and after calling `init_weights` of BEVSegmentor  

decoder.backbone_3d.conv2.1.conv1.bias - torch.Size([32]): 
The value is the same before and after calling `init_weights` of BEVSegmentor  

decoder.backbone_3d.conv2.1.bn1.weight - torch.Size([32]): 
The value is the same before and after calling `init_weights` of BEVSegmentor  

decoder.backbone_3d.conv2.1.bn1.bias - torch.Size([32]): 
The value is the same before and after calling `init_weights` of BEVSegmentor  

decoder.backbone_3d.conv2.1.conv2.weight - torch.Size([32, 3, 3, 3, 32]): 
The value is the same before and after calling `init_weights` of BEVSegmentor  

decoder.backbone_3d.conv2.1.conv2.bias - torch.Size([32]): 
The value is the same before and after calling `init_weights` of BEVSegmentor  

decoder.backbone_3d.conv2.1.bn2.weight - torch.Size([32]): 
The value is the same before and after calling `init_weights` of BEVSegmentor  

decoder.backbone_3d.conv2.1.bn2.bias - torch.Size([32]): 
The value is the same before and after calling `init_weights` of BEVSegmentor  

decoder.backbone_3d.conv2.2.conv1.weight - torch.Size([32, 3, 3, 3, 32]): 
The value is the same before and after calling `init_weights` of BEVSegmentor  

decoder.backbone_3d.conv2.2.conv1.bias - torch.Size([32]): 
The value is the same before and after calling `init_weights` of BEVSegmentor  

decoder.backbone_3d.conv2.2.bn1.weight - torch.Size([32]): 
The value is the same before and after calling `init_weights` of BEVSegmentor  

decoder.backbone_3d.conv2.2.bn1.bias - torch.Size([32]): 
The value is the same before and after calling `init_weights` of BEVSegmentor  

decoder.backbone_3d.conv2.2.conv2.weight - torch.Size([32, 3, 3, 3, 32]): 
The value is the same before and after calling `init_weights` of BEVSegmentor  

decoder.backbone_3d.conv2.2.conv2.bias - torch.Size([32]): 
The value is the same before and after calling `init_weights` of BEVSegmentor  

decoder.backbone_3d.conv2.2.bn2.weight - torch.Size([32]): 
The value is the same before and after calling `init_weights` of BEVSegmentor  

decoder.backbone_3d.conv2.2.bn2.bias - torch.Size([32]): 
The value is the same before and after calling `init_weights` of BEVSegmentor  

decoder.backbone_3d.conv3.0.0.weight - torch.Size([64, 3, 3, 3, 32]): 
The value is the same before and after calling `init_weights` of BEVSegmentor  

decoder.backbone_3d.conv3.0.1.weight - torch.Size([64]): 
The value is the same before and after calling `init_weights` of BEVSegmentor  

decoder.backbone_3d.conv3.0.1.bias - torch.Size([64]): 
The value is the same before and after calling `init_weights` of BEVSegmentor  

decoder.backbone_3d.conv3.1.conv1.weight - torch.Size([64, 3, 3, 3, 64]): 
The value is the same before and after calling `init_weights` of BEVSegmentor  

decoder.backbone_3d.conv3.1.conv1.bias - torch.Size([64]): 
The value is the same before and after calling `init_weights` of BEVSegmentor  

decoder.backbone_3d.conv3.1.bn1.weight - torch.Size([64]): 
The value is the same before and after calling `init_weights` of BEVSegmentor  

decoder.backbone_3d.conv3.1.bn1.bias - torch.Size([64]): 
The value is the same before and after calling `init_weights` of BEVSegmentor  

decoder.backbone_3d.conv3.1.conv2.weight - torch.Size([64, 3, 3, 3, 64]): 
The value is the same before and after calling `init_weights` of BEVSegmentor  

decoder.backbone_3d.conv3.1.conv2.bias - torch.Size([64]): 
The value is the same before and after calling `init_weights` of BEVSegmentor  

decoder.backbone_3d.conv3.1.bn2.weight - torch.Size([64]): 
The value is the same before and after calling `init_weights` of BEVSegmentor  

decoder.backbone_3d.conv3.1.bn2.bias - torch.Size([64]): 
The value is the same before and after calling `init_weights` of BEVSegmentor  

decoder.backbone_3d.conv3.2.conv1.weight - torch.Size([64, 3, 3, 3, 64]): 
The value is the same before and after calling `init_weights` of BEVSegmentor  

decoder.backbone_3d.conv3.2.conv1.bias - torch.Size([64]): 
The value is the same before and after calling `init_weights` of BEVSegmentor  

decoder.backbone_3d.conv3.2.bn1.weight - torch.Size([64]): 
The value is the same before and after calling `init_weights` of BEVSegmentor  

decoder.backbone_3d.conv3.2.bn1.bias - torch.Size([64]): 
The value is the same before and after calling `init_weights` of BEVSegmentor  

decoder.backbone_3d.conv3.2.conv2.weight - torch.Size([64, 3, 3, 3, 64]): 
The value is the same before and after calling `init_weights` of BEVSegmentor  

decoder.backbone_3d.conv3.2.conv2.bias - torch.Size([64]): 
The value is the same before and after calling `init_weights` of BEVSegmentor  

decoder.backbone_3d.conv3.2.bn2.weight - torch.Size([64]): 
The value is the same before and after calling `init_weights` of BEVSegmentor  

decoder.backbone_3d.conv3.2.bn2.bias - torch.Size([64]): 
The value is the same before and after calling `init_weights` of BEVSegmentor  

decoder.backbone_3d.conv4.0.0.weight - torch.Size([128, 3, 3, 3, 64]): 
The value is the same before and after calling `init_weights` of BEVSegmentor  

decoder.backbone_3d.conv4.0.1.weight - torch.Size([128]): 
The value is the same before and after calling `init_weights` of BEVSegmentor  

decoder.backbone_3d.conv4.0.1.bias - torch.Size([128]): 
The value is the same before and after calling `init_weights` of BEVSegmentor  

decoder.backbone_3d.conv4.1.conv1.weight - torch.Size([128, 3, 3, 3, 128]): 
The value is the same before and after calling `init_weights` of BEVSegmentor  

decoder.backbone_3d.conv4.1.conv1.bias - torch.Size([128]): 
The value is the same before and after calling `init_weights` of BEVSegmentor  

decoder.backbone_3d.conv4.1.bn1.weight - torch.Size([128]): 
The value is the same before and after calling `init_weights` of BEVSegmentor  

decoder.backbone_3d.conv4.1.bn1.bias - torch.Size([128]): 
The value is the same before and after calling `init_weights` of BEVSegmentor  

decoder.backbone_3d.conv4.1.conv2.weight - torch.Size([128, 3, 3, 3, 128]): 
The value is the same before and after calling `init_weights` of BEVSegmentor  

decoder.backbone_3d.conv4.1.conv2.bias - torch.Size([128]): 
The value is the same before and after calling `init_weights` of BEVSegmentor  

decoder.backbone_3d.conv4.1.bn2.weight - torch.Size([128]): 
The value is the same before and after calling `init_weights` of BEVSegmentor  

decoder.backbone_3d.conv4.1.bn2.bias - torch.Size([128]): 
The value is the same before and after calling `init_weights` of BEVSegmentor  

decoder.backbone_3d.conv4.2.conv1.weight - torch.Size([128, 3, 3, 3, 128]): 
The value is the same before and after calling `init_weights` of BEVSegmentor  

decoder.backbone_3d.conv4.2.conv1.bias - torch.Size([128]): 
The value is the same before and after calling `init_weights` of BEVSegmentor  

decoder.backbone_3d.conv4.2.bn1.weight - torch.Size([128]): 
The value is the same before and after calling `init_weights` of BEVSegmentor  

decoder.backbone_3d.conv4.2.bn1.bias - torch.Size([128]): 
The value is the same before and after calling `init_weights` of BEVSegmentor  

decoder.backbone_3d.conv4.2.conv2.weight - torch.Size([128, 3, 3, 3, 128]): 
The value is the same before and after calling `init_weights` of BEVSegmentor  

decoder.backbone_3d.conv4.2.conv2.bias - torch.Size([128]): 
The value is the same before and after calling `init_weights` of BEVSegmentor  

decoder.backbone_3d.conv4.2.bn2.weight - torch.Size([128]): 
The value is the same before and after calling `init_weights` of BEVSegmentor  

decoder.backbone_3d.conv4.2.bn2.bias - torch.Size([128]): 
The value is the same before and after calling `init_weights` of BEVSegmentor  

decoder.backbone_3d.conv5.0.0.weight - torch.Size([128, 3, 3, 3, 128]): 
The value is the same before and after calling `init_weights` of BEVSegmentor  

decoder.backbone_3d.conv5.0.1.weight - torch.Size([128]): 
The value is the same before and after calling `init_weights` of BEVSegmentor  

decoder.backbone_3d.conv5.0.1.bias - torch.Size([128]): 
The value is the same before and after calling `init_weights` of BEVSegmentor  

decoder.backbone_3d.conv5.1.conv1.weight - torch.Size([128, 3, 3, 3, 128]): 
The value is the same before and after calling `init_weights` of BEVSegmentor  

decoder.backbone_3d.conv5.1.conv1.bias - torch.Size([128]): 
The value is the same before and after calling `init_weights` of BEVSegmentor  

decoder.backbone_3d.conv5.1.bn1.weight - torch.Size([128]): 
The value is the same before and after calling `init_weights` of BEVSegmentor  

decoder.backbone_3d.conv5.1.bn1.bias - torch.Size([128]): 
The value is the same before and after calling `init_weights` of BEVSegmentor  

decoder.backbone_3d.conv5.1.conv2.weight - torch.Size([128, 3, 3, 3, 128]): 
The value is the same before and after calling `init_weights` of BEVSegmentor  

decoder.backbone_3d.conv5.1.conv2.bias - torch.Size([128]): 
The value is the same before and after calling `init_weights` of BEVSegmentor  

decoder.backbone_3d.conv5.1.bn2.weight - torch.Size([128]): 
The value is the same before and after calling `init_weights` of BEVSegmentor  

decoder.backbone_3d.conv5.1.bn2.bias - torch.Size([128]): 
The value is the same before and after calling `init_weights` of BEVSegmentor  

decoder.backbone_3d.conv5.2.conv1.weight - torch.Size([128, 3, 3, 3, 128]): 
The value is the same before and after calling `init_weights` of BEVSegmentor  

decoder.backbone_3d.conv5.2.conv1.bias - torch.Size([128]): 
The value is the same before and after calling `init_weights` of BEVSegmentor  

decoder.backbone_3d.conv5.2.bn1.weight - torch.Size([128]): 
The value is the same before and after calling `init_weights` of BEVSegmentor  

decoder.backbone_3d.conv5.2.bn1.bias - torch.Size([128]): 
The value is the same before and after calling `init_weights` of BEVSegmentor  

decoder.backbone_3d.conv5.2.conv2.weight - torch.Size([128, 3, 3, 3, 128]): 
The value is the same before and after calling `init_weights` of BEVSegmentor  

decoder.backbone_3d.conv5.2.conv2.bias - torch.Size([128]): 
The value is the same before and after calling `init_weights` of BEVSegmentor  

decoder.backbone_3d.conv5.2.bn2.weight - torch.Size([128]): 
The value is the same before and after calling `init_weights` of BEVSegmentor  

decoder.backbone_3d.conv5.2.bn2.bias - torch.Size([128]): 
The value is the same before and after calling `init_weights` of BEVSegmentor  

decoder.backbone_3d.conv6.0.0.weight - torch.Size([128, 3, 3, 3, 128]): 
The value is the same before and after calling `init_weights` of BEVSegmentor  

decoder.backbone_3d.conv6.0.1.weight - torch.Size([128]): 
The value is the same before and after calling `init_weights` of BEVSegmentor  

decoder.backbone_3d.conv6.0.1.bias - torch.Size([128]): 
The value is the same before and after calling `init_weights` of BEVSegmentor  

decoder.backbone_3d.conv6.1.conv1.weight - torch.Size([128, 3, 3, 3, 128]): 
The value is the same before and after calling `init_weights` of BEVSegmentor  

decoder.backbone_3d.conv6.1.conv1.bias - torch.Size([128]): 
The value is the same before and after calling `init_weights` of BEVSegmentor  

decoder.backbone_3d.conv6.1.bn1.weight - torch.Size([128]): 
The value is the same before and after calling `init_weights` of BEVSegmentor  

decoder.backbone_3d.conv6.1.bn1.bias - torch.Size([128]): 
The value is the same before and after calling `init_weights` of BEVSegmentor  

decoder.backbone_3d.conv6.1.conv2.weight - torch.Size([128, 3, 3, 3, 128]): 
The value is the same before and after calling `init_weights` of BEVSegmentor  

decoder.backbone_3d.conv6.1.conv2.bias - torch.Size([128]): 
The value is the same before and after calling `init_weights` of BEVSegmentor  

decoder.backbone_3d.conv6.1.bn2.weight - torch.Size([128]): 
The value is the same before and after calling `init_weights` of BEVSegmentor  

decoder.backbone_3d.conv6.1.bn2.bias - torch.Size([128]): 
The value is the same before and after calling `init_weights` of BEVSegmentor  

decoder.backbone_3d.conv6.2.conv1.weight - torch.Size([128, 3, 3, 3, 128]): 
The value is the same before and after calling `init_weights` of BEVSegmentor  

decoder.backbone_3d.conv6.2.conv1.bias - torch.Size([128]): 
The value is the same before and after calling `init_weights` of BEVSegmentor  

decoder.backbone_3d.conv6.2.bn1.weight - torch.Size([128]): 
The value is the same before and after calling `init_weights` of BEVSegmentor  

decoder.backbone_3d.conv6.2.bn1.bias - torch.Size([128]): 
The value is the same before and after calling `init_weights` of BEVSegmentor  

decoder.backbone_3d.conv6.2.conv2.weight - torch.Size([128, 3, 3, 3, 128]): 
The value is the same before and after calling `init_weights` of BEVSegmentor  

decoder.backbone_3d.conv6.2.conv2.bias - torch.Size([128]): 
The value is the same before and after calling `init_weights` of BEVSegmentor  

decoder.backbone_3d.conv6.2.bn2.weight - torch.Size([128]): 
The value is the same before and after calling `init_weights` of BEVSegmentor  

decoder.backbone_3d.conv6.2.bn2.bias - torch.Size([128]): 
The value is the same before and after calling `init_weights` of BEVSegmentor  

decoder.backbone_3d.conv_out.0.weight - torch.Size([128, 3, 3, 128]): 
The value is the same before and after calling `init_weights` of BEVSegmentor  

decoder.backbone_3d.conv_out.1.weight - torch.Size([128]): 
The value is the same before and after calling `init_weights` of BEVSegmentor  

decoder.backbone_3d.conv_out.1.bias - torch.Size([128]): 
The value is the same before and after calling `init_weights` of BEVSegmentor  

decoder.backbone_3d.shared_conv.0.weight - torch.Size([128, 3, 3, 128]): 
The value is the same before and after calling `init_weights` of BEVSegmentor  

decoder.backbone_3d.shared_conv.0.bias - torch.Size([128]): 
The value is the same before and after calling `init_weights` of BEVSegmentor  

decoder.backbone_3d.shared_conv.1.weight - torch.Size([128]): 
The value is the same before and after calling `init_weights` of BEVSegmentor  

decoder.backbone_3d.shared_conv.1.bias - torch.Size([128]): 
The value is the same before and after calling `init_weights` of BEVSegmentor  

decoder.dense_head.heads_list.0.center.0.0.weight - torch.Size([128, 1, 1, 128]): 
The value is the same before and after calling `init_weights` of BEVSegmentor  

decoder.dense_head.heads_list.0.center.0.0.bias - torch.Size([128]): 
The value is the same before and after calling `init_weights` of BEVSegmentor  

decoder.dense_head.heads_list.0.center.0.1.weight - torch.Size([128]): 
The value is the same before and after calling `init_weights` of BEVSegmentor  

decoder.dense_head.heads_list.0.center.0.1.bias - torch.Size([128]): 
The value is the same before and after calling `init_weights` of BEVSegmentor  

decoder.dense_head.heads_list.0.center.1.weight - torch.Size([2, 1, 1, 128]): 
The value is the same before and after calling `init_weights` of BEVSegmentor  

decoder.dense_head.heads_list.0.center.1.bias - torch.Size([2]): 
The value is the same before and after calling `init_weights` of BEVSegmentor  

decoder.dense_head.heads_list.0.center_z.0.0.weight - torch.Size([128, 1, 1, 128]): 
The value is the same before and after calling `init_weights` of BEVSegmentor  

decoder.dense_head.heads_list.0.center_z.0.0.bias - torch.Size([128]): 
The value is the same before and after calling `init_weights` of BEVSegmentor  

decoder.dense_head.heads_list.0.center_z.0.1.weight - torch.Size([128]): 
The value is the same before and after calling `init_weights` of BEVSegmentor  

decoder.dense_head.heads_list.0.center_z.0.1.bias - torch.Size([128]): 
The value is the same before and after calling `init_weights` of BEVSegmentor  

decoder.dense_head.heads_list.0.center_z.1.weight - torch.Size([1, 1, 1, 128]): 
The value is the same before and after calling `init_weights` of BEVSegmentor  

decoder.dense_head.heads_list.0.center_z.1.bias - torch.Size([1]): 
The value is the same before and after calling `init_weights` of BEVSegmentor  

decoder.dense_head.heads_list.0.dim.0.0.weight - torch.Size([128, 1, 1, 128]): 
The value is the same before and after calling `init_weights` of BEVSegmentor  

decoder.dense_head.heads_list.0.dim.0.0.bias - torch.Size([128]): 
The value is the same before and after calling `init_weights` of BEVSegmentor  

decoder.dense_head.heads_list.0.dim.0.1.weight - torch.Size([128]): 
The value is the same before and after calling `init_weights` of BEVSegmentor  

decoder.dense_head.heads_list.0.dim.0.1.bias - torch.Size([128]): 
The value is the same before and after calling `init_weights` of BEVSegmentor  

decoder.dense_head.heads_list.0.dim.1.weight - torch.Size([3, 1, 1, 128]): 
The value is the same before and after calling `init_weights` of BEVSegmentor  

decoder.dense_head.heads_list.0.dim.1.bias - torch.Size([3]): 
The value is the same before and after calling `init_weights` of BEVSegmentor  

decoder.dense_head.heads_list.0.rot.0.0.weight - torch.Size([128, 1, 1, 128]): 
The value is the same before and after calling `init_weights` of BEVSegmentor  

decoder.dense_head.heads_list.0.rot.0.0.bias - torch.Size([128]): 
The value is the same before and after calling `init_weights` of BEVSegmentor  

decoder.dense_head.heads_list.0.rot.0.1.weight - torch.Size([128]): 
The value is the same before and after calling `init_weights` of BEVSegmentor  

decoder.dense_head.heads_list.0.rot.0.1.bias - torch.Size([128]): 
The value is the same before and after calling `init_weights` of BEVSegmentor  

decoder.dense_head.heads_list.0.rot.1.weight - torch.Size([2, 1, 1, 128]): 
The value is the same before and after calling `init_weights` of BEVSegmentor  

decoder.dense_head.heads_list.0.rot.1.bias - torch.Size([2]): 
The value is the same before and after calling `init_weights` of BEVSegmentor  

decoder.dense_head.heads_list.0.vel.0.0.weight - torch.Size([128, 1, 1, 128]): 
The value is the same before and after calling `init_weights` of BEVSegmentor  

decoder.dense_head.heads_list.0.vel.0.0.bias - torch.Size([128]): 
The value is the same before and after calling `init_weights` of BEVSegmentor  

decoder.dense_head.heads_list.0.vel.0.1.weight - torch.Size([128]): 
The value is the same before and after calling `init_weights` of BEVSegmentor  

decoder.dense_head.heads_list.0.vel.0.1.bias - torch.Size([128]): 
The value is the same before and after calling `init_weights` of BEVSegmentor  

decoder.dense_head.heads_list.0.vel.1.weight - torch.Size([2, 1, 1, 128]): 
The value is the same before and after calling `init_weights` of BEVSegmentor  

decoder.dense_head.heads_list.0.vel.1.bias - torch.Size([2]): 
The value is the same before and after calling `init_weights` of BEVSegmentor  

decoder.dense_head.heads_list.0.hm.0.0.weight - torch.Size([128, 1, 1, 128]): 
The value is the same before and after calling `init_weights` of BEVSegmentor  

decoder.dense_head.heads_list.0.hm.0.0.bias - torch.Size([128]): 
The value is the same before and after calling `init_weights` of BEVSegmentor  

decoder.dense_head.heads_list.0.hm.0.1.weight - torch.Size([128]): 
The value is the same before and after calling `init_weights` of BEVSegmentor  

decoder.dense_head.heads_list.0.hm.0.1.bias - torch.Size([128]): 
The value is the same before and after calling `init_weights` of BEVSegmentor  

decoder.dense_head.heads_list.0.hm.1.weight - torch.Size([1, 1, 1, 128]): 
The value is the same before and after calling `init_weights` of BEVSegmentor  

decoder.dense_head.heads_list.0.hm.1.bias - torch.Size([1]): 
The value is the same before and after calling `init_weights` of BEVSegmentor  

decoder.dense_head.heads_list.1.center.0.0.weight - torch.Size([128, 1, 1, 128]): 
The value is the same before and after calling `init_weights` of BEVSegmentor  

decoder.dense_head.heads_list.1.center.0.0.bias - torch.Size([128]): 
The value is the same before and after calling `init_weights` of BEVSegmentor  

decoder.dense_head.heads_list.1.center.0.1.weight - torch.Size([128]): 
The value is the same before and after calling `init_weights` of BEVSegmentor  

decoder.dense_head.heads_list.1.center.0.1.bias - torch.Size([128]): 
The value is the same before and after calling `init_weights` of BEVSegmentor  

decoder.dense_head.heads_list.1.center.1.weight - torch.Size([2, 1, 1, 128]): 
The value is the same before and after calling `init_weights` of BEVSegmentor  

decoder.dense_head.heads_list.1.center.1.bias - torch.Size([2]): 
The value is the same before and after calling `init_weights` of BEVSegmentor  

decoder.dense_head.heads_list.1.center_z.0.0.weight - torch.Size([128, 1, 1, 128]): 
The value is the same before and after calling `init_weights` of BEVSegmentor  

decoder.dense_head.heads_list.1.center_z.0.0.bias - torch.Size([128]): 
The value is the same before and after calling `init_weights` of BEVSegmentor  

decoder.dense_head.heads_list.1.center_z.0.1.weight - torch.Size([128]): 
The value is the same before and after calling `init_weights` of BEVSegmentor  

decoder.dense_head.heads_list.1.center_z.0.1.bias - torch.Size([128]): 
The value is the same before and after calling `init_weights` of BEVSegmentor  

decoder.dense_head.heads_list.1.center_z.1.weight - torch.Size([1, 1, 1, 128]): 
The value is the same before and after calling `init_weights` of BEVSegmentor  

decoder.dense_head.heads_list.1.center_z.1.bias - torch.Size([1]): 
The value is the same before and after calling `init_weights` of BEVSegmentor  

decoder.dense_head.heads_list.1.dim.0.0.weight - torch.Size([128, 1, 1, 128]): 
The value is the same before and after calling `init_weights` of BEVSegmentor  

decoder.dense_head.heads_list.1.dim.0.0.bias - torch.Size([128]): 
The value is the same before and after calling `init_weights` of BEVSegmentor  

decoder.dense_head.heads_list.1.dim.0.1.weight - torch.Size([128]): 
The value is the same before and after calling `init_weights` of BEVSegmentor  

decoder.dense_head.heads_list.1.dim.0.1.bias - torch.Size([128]): 
The value is the same before and after calling `init_weights` of BEVSegmentor  

decoder.dense_head.heads_list.1.dim.1.weight - torch.Size([3, 1, 1, 128]): 
The value is the same before and after calling `init_weights` of BEVSegmentor  

decoder.dense_head.heads_list.1.dim.1.bias - torch.Size([3]): 
The value is the same before and after calling `init_weights` of BEVSegmentor  

decoder.dense_head.heads_list.1.rot.0.0.weight - torch.Size([128, 1, 1, 128]): 
The value is the same before and after calling `init_weights` of BEVSegmentor  

decoder.dense_head.heads_list.1.rot.0.0.bias - torch.Size([128]): 
The value is the same before and after calling `init_weights` of BEVSegmentor  

decoder.dense_head.heads_list.1.rot.0.1.weight - torch.Size([128]): 
The value is the same before and after calling `init_weights` of BEVSegmentor  

decoder.dense_head.heads_list.1.rot.0.1.bias - torch.Size([128]): 
The value is the same before and after calling `init_weights` of BEVSegmentor  

decoder.dense_head.heads_list.1.rot.1.weight - torch.Size([2, 1, 1, 128]): 
The value is the same before and after calling `init_weights` of BEVSegmentor  

decoder.dense_head.heads_list.1.rot.1.bias - torch.Size([2]): 
The value is the same before and after calling `init_weights` of BEVSegmentor  

decoder.dense_head.heads_list.1.vel.0.0.weight - torch.Size([128, 1, 1, 128]): 
The value is the same before and after calling `init_weights` of BEVSegmentor  

decoder.dense_head.heads_list.1.vel.0.0.bias - torch.Size([128]): 
The value is the same before and after calling `init_weights` of BEVSegmentor  

decoder.dense_head.heads_list.1.vel.0.1.weight - torch.Size([128]): 
The value is the same before and after calling `init_weights` of BEVSegmentor  

decoder.dense_head.heads_list.1.vel.0.1.bias - torch.Size([128]): 
The value is the same before and after calling `init_weights` of BEVSegmentor  

decoder.dense_head.heads_list.1.vel.1.weight - torch.Size([2, 1, 1, 128]): 
The value is the same before and after calling `init_weights` of BEVSegmentor  

decoder.dense_head.heads_list.1.vel.1.bias - torch.Size([2]): 
The value is the same before and after calling `init_weights` of BEVSegmentor  

decoder.dense_head.heads_list.1.hm.0.0.weight - torch.Size([128, 1, 1, 128]): 
The value is the same before and after calling `init_weights` of BEVSegmentor  

decoder.dense_head.heads_list.1.hm.0.0.bias - torch.Size([128]): 
The value is the same before and after calling `init_weights` of BEVSegmentor  

decoder.dense_head.heads_list.1.hm.0.1.weight - torch.Size([128]): 
The value is the same before and after calling `init_weights` of BEVSegmentor  

decoder.dense_head.heads_list.1.hm.0.1.bias - torch.Size([128]): 
The value is the same before and after calling `init_weights` of BEVSegmentor  

decoder.dense_head.heads_list.1.hm.1.weight - torch.Size([2, 1, 1, 128]): 
The value is the same before and after calling `init_weights` of BEVSegmentor  

decoder.dense_head.heads_list.1.hm.1.bias - torch.Size([2]): 
The value is the same before and after calling `init_weights` of BEVSegmentor  

decoder.dense_head.heads_list.2.center.0.0.weight - torch.Size([128, 1, 1, 128]): 
The value is the same before and after calling `init_weights` of BEVSegmentor  

decoder.dense_head.heads_list.2.center.0.0.bias - torch.Size([128]): 
The value is the same before and after calling `init_weights` of BEVSegmentor  

decoder.dense_head.heads_list.2.center.0.1.weight - torch.Size([128]): 
The value is the same before and after calling `init_weights` of BEVSegmentor  

decoder.dense_head.heads_list.2.center.0.1.bias - torch.Size([128]): 
The value is the same before and after calling `init_weights` of BEVSegmentor  

decoder.dense_head.heads_list.2.center.1.weight - torch.Size([2, 1, 1, 128]): 
The value is the same before and after calling `init_weights` of BEVSegmentor  

decoder.dense_head.heads_list.2.center.1.bias - torch.Size([2]): 
The value is the same before and after calling `init_weights` of BEVSegmentor  

decoder.dense_head.heads_list.2.center_z.0.0.weight - torch.Size([128, 1, 1, 128]): 
The value is the same before and after calling `init_weights` of BEVSegmentor  

decoder.dense_head.heads_list.2.center_z.0.0.bias - torch.Size([128]): 
The value is the same before and after calling `init_weights` of BEVSegmentor  

decoder.dense_head.heads_list.2.center_z.0.1.weight - torch.Size([128]): 
The value is the same before and after calling `init_weights` of BEVSegmentor  

decoder.dense_head.heads_list.2.center_z.0.1.bias - torch.Size([128]): 
The value is the same before and after calling `init_weights` of BEVSegmentor  

decoder.dense_head.heads_list.2.center_z.1.weight - torch.Size([1, 1, 1, 128]): 
The value is the same before and after calling `init_weights` of BEVSegmentor  

decoder.dense_head.heads_list.2.center_z.1.bias - torch.Size([1]): 
The value is the same before and after calling `init_weights` of BEVSegmentor  

decoder.dense_head.heads_list.2.dim.0.0.weight - torch.Size([128, 1, 1, 128]): 
The value is the same before and after calling `init_weights` of BEVSegmentor  

decoder.dense_head.heads_list.2.dim.0.0.bias - torch.Size([128]): 
The value is the same before and after calling `init_weights` of BEVSegmentor  

decoder.dense_head.heads_list.2.dim.0.1.weight - torch.Size([128]): 
The value is the same before and after calling `init_weights` of BEVSegmentor  

decoder.dense_head.heads_list.2.dim.0.1.bias - torch.Size([128]): 
The value is the same before and after calling `init_weights` of BEVSegmentor  

decoder.dense_head.heads_list.2.dim.1.weight - torch.Size([3, 1, 1, 128]): 
The value is the same before and after calling `init_weights` of BEVSegmentor  

decoder.dense_head.heads_list.2.dim.1.bias - torch.Size([3]): 
The value is the same before and after calling `init_weights` of BEVSegmentor  

decoder.dense_head.heads_list.2.rot.0.0.weight - torch.Size([128, 1, 1, 128]): 
The value is the same before and after calling `init_weights` of BEVSegmentor  

decoder.dense_head.heads_list.2.rot.0.0.bias - torch.Size([128]): 
The value is the same before and after calling `init_weights` of BEVSegmentor  

decoder.dense_head.heads_list.2.rot.0.1.weight - torch.Size([128]): 
The value is the same before and after calling `init_weights` of BEVSegmentor  

decoder.dense_head.heads_list.2.rot.0.1.bias - torch.Size([128]): 
The value is the same before and after calling `init_weights` of BEVSegmentor  

decoder.dense_head.heads_list.2.rot.1.weight - torch.Size([2, 1, 1, 128]): 
The value is the same before and after calling `init_weights` of BEVSegmentor  

decoder.dense_head.heads_list.2.rot.1.bias - torch.Size([2]): 
The value is the same before and after calling `init_weights` of BEVSegmentor  

decoder.dense_head.heads_list.2.vel.0.0.weight - torch.Size([128, 1, 1, 128]): 
The value is the same before and after calling `init_weights` of BEVSegmentor  

decoder.dense_head.heads_list.2.vel.0.0.bias - torch.Size([128]): 
The value is the same before and after calling `init_weights` of BEVSegmentor  

decoder.dense_head.heads_list.2.vel.0.1.weight - torch.Size([128]): 
The value is the same before and after calling `init_weights` of BEVSegmentor  

decoder.dense_head.heads_list.2.vel.0.1.bias - torch.Size([128]): 
The value is the same before and after calling `init_weights` of BEVSegmentor  

decoder.dense_head.heads_list.2.vel.1.weight - torch.Size([2, 1, 1, 128]): 
The value is the same before and after calling `init_weights` of BEVSegmentor  

decoder.dense_head.heads_list.2.vel.1.bias - torch.Size([2]): 
The value is the same before and after calling `init_weights` of BEVSegmentor  

decoder.dense_head.heads_list.2.hm.0.0.weight - torch.Size([128, 1, 1, 128]): 
The value is the same before and after calling `init_weights` of BEVSegmentor  

decoder.dense_head.heads_list.2.hm.0.0.bias - torch.Size([128]): 
The value is the same before and after calling `init_weights` of BEVSegmentor  

decoder.dense_head.heads_list.2.hm.0.1.weight - torch.Size([128]): 
The value is the same before and after calling `init_weights` of BEVSegmentor  

decoder.dense_head.heads_list.2.hm.0.1.bias - torch.Size([128]): 
The value is the same before and after calling `init_weights` of BEVSegmentor  

decoder.dense_head.heads_list.2.hm.1.weight - torch.Size([2, 1, 1, 128]): 
The value is the same before and after calling `init_weights` of BEVSegmentor  

decoder.dense_head.heads_list.2.hm.1.bias - torch.Size([2]): 
The value is the same before and after calling `init_weights` of BEVSegmentor  

decoder.dense_head.heads_list.3.center.0.0.weight - torch.Size([128, 1, 1, 128]): 
The value is the same before and after calling `init_weights` of BEVSegmentor  

decoder.dense_head.heads_list.3.center.0.0.bias - torch.Size([128]): 
The value is the same before and after calling `init_weights` of BEVSegmentor  

decoder.dense_head.heads_list.3.center.0.1.weight - torch.Size([128]): 
The value is the same before and after calling `init_weights` of BEVSegmentor  

decoder.dense_head.heads_list.3.center.0.1.bias - torch.Size([128]): 
The value is the same before and after calling `init_weights` of BEVSegmentor  

decoder.dense_head.heads_list.3.center.1.weight - torch.Size([2, 1, 1, 128]): 
The value is the same before and after calling `init_weights` of BEVSegmentor  

decoder.dense_head.heads_list.3.center.1.bias - torch.Size([2]): 
The value is the same before and after calling `init_weights` of BEVSegmentor  

decoder.dense_head.heads_list.3.center_z.0.0.weight - torch.Size([128, 1, 1, 128]): 
The value is the same before and after calling `init_weights` of BEVSegmentor  

decoder.dense_head.heads_list.3.center_z.0.0.bias - torch.Size([128]): 
The value is the same before and after calling `init_weights` of BEVSegmentor  

decoder.dense_head.heads_list.3.center_z.0.1.weight - torch.Size([128]): 
The value is the same before and after calling `init_weights` of BEVSegmentor  

decoder.dense_head.heads_list.3.center_z.0.1.bias - torch.Size([128]): 
The value is the same before and after calling `init_weights` of BEVSegmentor  

decoder.dense_head.heads_list.3.center_z.1.weight - torch.Size([1, 1, 1, 128]): 
The value is the same before and after calling `init_weights` of BEVSegmentor  

decoder.dense_head.heads_list.3.center_z.1.bias - torch.Size([1]): 
The value is the same before and after calling `init_weights` of BEVSegmentor  

decoder.dense_head.heads_list.3.dim.0.0.weight - torch.Size([128, 1, 1, 128]): 
The value is the same before and after calling `init_weights` of BEVSegmentor  

decoder.dense_head.heads_list.3.dim.0.0.bias - torch.Size([128]): 
The value is the same before and after calling `init_weights` of BEVSegmentor  

decoder.dense_head.heads_list.3.dim.0.1.weight - torch.Size([128]): 
The value is the same before and after calling `init_weights` of BEVSegmentor  

decoder.dense_head.heads_list.3.dim.0.1.bias - torch.Size([128]): 
The value is the same before and after calling `init_weights` of BEVSegmentor  

decoder.dense_head.heads_list.3.dim.1.weight - torch.Size([3, 1, 1, 128]): 
The value is the same before and after calling `init_weights` of BEVSegmentor  

decoder.dense_head.heads_list.3.dim.1.bias - torch.Size([3]): 
The value is the same before and after calling `init_weights` of BEVSegmentor  

decoder.dense_head.heads_list.3.rot.0.0.weight - torch.Size([128, 1, 1, 128]): 
The value is the same before and after calling `init_weights` of BEVSegmentor  

decoder.dense_head.heads_list.3.rot.0.0.bias - torch.Size([128]): 
The value is the same before and after calling `init_weights` of BEVSegmentor  

decoder.dense_head.heads_list.3.rot.0.1.weight - torch.Size([128]): 
The value is the same before and after calling `init_weights` of BEVSegmentor  

decoder.dense_head.heads_list.3.rot.0.1.bias - torch.Size([128]): 
The value is the same before and after calling `init_weights` of BEVSegmentor  

decoder.dense_head.heads_list.3.rot.1.weight - torch.Size([2, 1, 1, 128]): 
The value is the same before and after calling `init_weights` of BEVSegmentor  

decoder.dense_head.heads_list.3.rot.1.bias - torch.Size([2]): 
The value is the same before and after calling `init_weights` of BEVSegmentor  

decoder.dense_head.heads_list.3.vel.0.0.weight - torch.Size([128, 1, 1, 128]): 
The value is the same before and after calling `init_weights` of BEVSegmentor  

decoder.dense_head.heads_list.3.vel.0.0.bias - torch.Size([128]): 
The value is the same before and after calling `init_weights` of BEVSegmentor  

decoder.dense_head.heads_list.3.vel.0.1.weight - torch.Size([128]): 
The value is the same before and after calling `init_weights` of BEVSegmentor  

decoder.dense_head.heads_list.3.vel.0.1.bias - torch.Size([128]): 
The value is the same before and after calling `init_weights` of BEVSegmentor  

decoder.dense_head.heads_list.3.vel.1.weight - torch.Size([2, 1, 1, 128]): 
The value is the same before and after calling `init_weights` of BEVSegmentor  

decoder.dense_head.heads_list.3.vel.1.bias - torch.Size([2]): 
The value is the same before and after calling `init_weights` of BEVSegmentor  

decoder.dense_head.heads_list.3.hm.0.0.weight - torch.Size([128, 1, 1, 128]): 
The value is the same before and after calling `init_weights` of BEVSegmentor  

decoder.dense_head.heads_list.3.hm.0.0.bias - torch.Size([128]): 
The value is the same before and after calling `init_weights` of BEVSegmentor  

decoder.dense_head.heads_list.3.hm.0.1.weight - torch.Size([128]): 
The value is the same before and after calling `init_weights` of BEVSegmentor  

decoder.dense_head.heads_list.3.hm.0.1.bias - torch.Size([128]): 
The value is the same before and after calling `init_weights` of BEVSegmentor  

decoder.dense_head.heads_list.3.hm.1.weight - torch.Size([1, 1, 1, 128]): 
The value is the same before and after calling `init_weights` of BEVSegmentor  

decoder.dense_head.heads_list.3.hm.1.bias - torch.Size([1]): 
The value is the same before and after calling `init_weights` of BEVSegmentor  

decoder.dense_head.heads_list.4.center.0.0.weight - torch.Size([128, 1, 1, 128]): 
The value is the same before and after calling `init_weights` of BEVSegmentor  

decoder.dense_head.heads_list.4.center.0.0.bias - torch.Size([128]): 
The value is the same before and after calling `init_weights` of BEVSegmentor  

decoder.dense_head.heads_list.4.center.0.1.weight - torch.Size([128]): 
The value is the same before and after calling `init_weights` of BEVSegmentor  

decoder.dense_head.heads_list.4.center.0.1.bias - torch.Size([128]): 
The value is the same before and after calling `init_weights` of BEVSegmentor  

decoder.dense_head.heads_list.4.center.1.weight - torch.Size([2, 1, 1, 128]): 
The value is the same before and after calling `init_weights` of BEVSegmentor  

decoder.dense_head.heads_list.4.center.1.bias - torch.Size([2]): 
The value is the same before and after calling `init_weights` of BEVSegmentor  

decoder.dense_head.heads_list.4.center_z.0.0.weight - torch.Size([128, 1, 1, 128]): 
The value is the same before and after calling `init_weights` of BEVSegmentor  

decoder.dense_head.heads_list.4.center_z.0.0.bias - torch.Size([128]): 
The value is the same before and after calling `init_weights` of BEVSegmentor  

decoder.dense_head.heads_list.4.center_z.0.1.weight - torch.Size([128]): 
The value is the same before and after calling `init_weights` of BEVSegmentor  

decoder.dense_head.heads_list.4.center_z.0.1.bias - torch.Size([128]): 
The value is the same before and after calling `init_weights` of BEVSegmentor  

decoder.dense_head.heads_list.4.center_z.1.weight - torch.Size([1, 1, 1, 128]): 
The value is the same before and after calling `init_weights` of BEVSegmentor  

decoder.dense_head.heads_list.4.center_z.1.bias - torch.Size([1]): 
The value is the same before and after calling `init_weights` of BEVSegmentor  

decoder.dense_head.heads_list.4.dim.0.0.weight - torch.Size([128, 1, 1, 128]): 
The value is the same before and after calling `init_weights` of BEVSegmentor  

decoder.dense_head.heads_list.4.dim.0.0.bias - torch.Size([128]): 
The value is the same before and after calling `init_weights` of BEVSegmentor  

decoder.dense_head.heads_list.4.dim.0.1.weight - torch.Size([128]): 
The value is the same before and after calling `init_weights` of BEVSegmentor  

decoder.dense_head.heads_list.4.dim.0.1.bias - torch.Size([128]): 
The value is the same before and after calling `init_weights` of BEVSegmentor  

decoder.dense_head.heads_list.4.dim.1.weight - torch.Size([3, 1, 1, 128]): 
The value is the same before and after calling `init_weights` of BEVSegmentor  

decoder.dense_head.heads_list.4.dim.1.bias - torch.Size([3]): 
The value is the same before and after calling `init_weights` of BEVSegmentor  

decoder.dense_head.heads_list.4.rot.0.0.weight - torch.Size([128, 1, 1, 128]): 
The value is the same before and after calling `init_weights` of BEVSegmentor  

decoder.dense_head.heads_list.4.rot.0.0.bias - torch.Size([128]): 
The value is the same before and after calling `init_weights` of BEVSegmentor  

decoder.dense_head.heads_list.4.rot.0.1.weight - torch.Size([128]): 
The value is the same before and after calling `init_weights` of BEVSegmentor  

decoder.dense_head.heads_list.4.rot.0.1.bias - torch.Size([128]): 
The value is the same before and after calling `init_weights` of BEVSegmentor  

decoder.dense_head.heads_list.4.rot.1.weight - torch.Size([2, 1, 1, 128]): 
The value is the same before and after calling `init_weights` of BEVSegmentor  

decoder.dense_head.heads_list.4.rot.1.bias - torch.Size([2]): 
The value is the same before and after calling `init_weights` of BEVSegmentor  

decoder.dense_head.heads_list.4.vel.0.0.weight - torch.Size([128, 1, 1, 128]): 
The value is the same before and after calling `init_weights` of BEVSegmentor  

decoder.dense_head.heads_list.4.vel.0.0.bias - torch.Size([128]): 
The value is the same before and after calling `init_weights` of BEVSegmentor  

decoder.dense_head.heads_list.4.vel.0.1.weight - torch.Size([128]): 
The value is the same before and after calling `init_weights` of BEVSegmentor  

decoder.dense_head.heads_list.4.vel.0.1.bias - torch.Size([128]): 
The value is the same before and after calling `init_weights` of BEVSegmentor  

decoder.dense_head.heads_list.4.vel.1.weight - torch.Size([2, 1, 1, 128]): 
The value is the same before and after calling `init_weights` of BEVSegmentor  

decoder.dense_head.heads_list.4.vel.1.bias - torch.Size([2]): 
The value is the same before and after calling `init_weights` of BEVSegmentor  

decoder.dense_head.heads_list.4.hm.0.0.weight - torch.Size([128, 1, 1, 128]): 
The value is the same before and after calling `init_weights` of BEVSegmentor  

decoder.dense_head.heads_list.4.hm.0.0.bias - torch.Size([128]): 
The value is the same before and after calling `init_weights` of BEVSegmentor  

decoder.dense_head.heads_list.4.hm.0.1.weight - torch.Size([128]): 
The value is the same before and after calling `init_weights` of BEVSegmentor  

decoder.dense_head.heads_list.4.hm.0.1.bias - torch.Size([128]): 
The value is the same before and after calling `init_weights` of BEVSegmentor  

decoder.dense_head.heads_list.4.hm.1.weight - torch.Size([2, 1, 1, 128]): 
The value is the same before and after calling `init_weights` of BEVSegmentor  

decoder.dense_head.heads_list.4.hm.1.bias - torch.Size([2]): 
The value is the same before and after calling `init_weights` of BEVSegmentor  

decoder.dense_head.heads_list.5.center.0.0.weight - torch.Size([128, 1, 1, 128]): 
The value is the same before and after calling `init_weights` of BEVSegmentor  

decoder.dense_head.heads_list.5.center.0.0.bias - torch.Size([128]): 
The value is the same before and after calling `init_weights` of BEVSegmentor  

decoder.dense_head.heads_list.5.center.0.1.weight - torch.Size([128]): 
The value is the same before and after calling `init_weights` of BEVSegmentor  

decoder.dense_head.heads_list.5.center.0.1.bias - torch.Size([128]): 
The value is the same before and after calling `init_weights` of BEVSegmentor  

decoder.dense_head.heads_list.5.center.1.weight - torch.Size([2, 1, 1, 128]): 
The value is the same before and after calling `init_weights` of BEVSegmentor  

decoder.dense_head.heads_list.5.center.1.bias - torch.Size([2]): 
The value is the same before and after calling `init_weights` of BEVSegmentor  

decoder.dense_head.heads_list.5.center_z.0.0.weight - torch.Size([128, 1, 1, 128]): 
The value is the same before and after calling `init_weights` of BEVSegmentor  

decoder.dense_head.heads_list.5.center_z.0.0.bias - torch.Size([128]): 
The value is the same before and after calling `init_weights` of BEVSegmentor  

decoder.dense_head.heads_list.5.center_z.0.1.weight - torch.Size([128]): 
The value is the same before and after calling `init_weights` of BEVSegmentor  

decoder.dense_head.heads_list.5.center_z.0.1.bias - torch.Size([128]): 
The value is the same before and after calling `init_weights` of BEVSegmentor  

decoder.dense_head.heads_list.5.center_z.1.weight - torch.Size([1, 1, 1, 128]): 
The value is the same before and after calling `init_weights` of BEVSegmentor  

decoder.dense_head.heads_list.5.center_z.1.bias - torch.Size([1]): 
The value is the same before and after calling `init_weights` of BEVSegmentor  

decoder.dense_head.heads_list.5.dim.0.0.weight - torch.Size([128, 1, 1, 128]): 
The value is the same before and after calling `init_weights` of BEVSegmentor  

decoder.dense_head.heads_list.5.dim.0.0.bias - torch.Size([128]): 
The value is the same before and after calling `init_weights` of BEVSegmentor  

decoder.dense_head.heads_list.5.dim.0.1.weight - torch.Size([128]): 
The value is the same before and after calling `init_weights` of BEVSegmentor  

decoder.dense_head.heads_list.5.dim.0.1.bias - torch.Size([128]): 
The value is the same before and after calling `init_weights` of BEVSegmentor  

decoder.dense_head.heads_list.5.dim.1.weight - torch.Size([3, 1, 1, 128]): 
The value is the same before and after calling `init_weights` of BEVSegmentor  

decoder.dense_head.heads_list.5.dim.1.bias - torch.Size([3]): 
The value is the same before and after calling `init_weights` of BEVSegmentor  

decoder.dense_head.heads_list.5.rot.0.0.weight - torch.Size([128, 1, 1, 128]): 
The value is the same before and after calling `init_weights` of BEVSegmentor  

decoder.dense_head.heads_list.5.rot.0.0.bias - torch.Size([128]): 
The value is the same before and after calling `init_weights` of BEVSegmentor  

decoder.dense_head.heads_list.5.rot.0.1.weight - torch.Size([128]): 
The value is the same before and after calling `init_weights` of BEVSegmentor  

decoder.dense_head.heads_list.5.rot.0.1.bias - torch.Size([128]): 
The value is the same before and after calling `init_weights` of BEVSegmentor  

decoder.dense_head.heads_list.5.rot.1.weight - torch.Size([2, 1, 1, 128]): 
The value is the same before and after calling `init_weights` of BEVSegmentor  

decoder.dense_head.heads_list.5.rot.1.bias - torch.Size([2]): 
The value is the same before and after calling `init_weights` of BEVSegmentor  

decoder.dense_head.heads_list.5.vel.0.0.weight - torch.Size([128, 1, 1, 128]): 
The value is the same before and after calling `init_weights` of BEVSegmentor  

decoder.dense_head.heads_list.5.vel.0.0.bias - torch.Size([128]): 
The value is the same before and after calling `init_weights` of BEVSegmentor  

decoder.dense_head.heads_list.5.vel.0.1.weight - torch.Size([128]): 
The value is the same before and after calling `init_weights` of BEVSegmentor  

decoder.dense_head.heads_list.5.vel.0.1.bias - torch.Size([128]): 
The value is the same before and after calling `init_weights` of BEVSegmentor  

decoder.dense_head.heads_list.5.vel.1.weight - torch.Size([2, 1, 1, 128]): 
The value is the same before and after calling `init_weights` of BEVSegmentor  

decoder.dense_head.heads_list.5.vel.1.bias - torch.Size([2]): 
The value is the same before and after calling `init_weights` of BEVSegmentor  

decoder.dense_head.heads_list.5.hm.0.0.weight - torch.Size([128, 1, 1, 128]): 
The value is the same before and after calling `init_weights` of BEVSegmentor  

decoder.dense_head.heads_list.5.hm.0.0.bias - torch.Size([128]): 
The value is the same before and after calling `init_weights` of BEVSegmentor  

decoder.dense_head.heads_list.5.hm.0.1.weight - torch.Size([128]): 
The value is the same before and after calling `init_weights` of BEVSegmentor  

decoder.dense_head.heads_list.5.hm.0.1.bias - torch.Size([128]): 
The value is the same before and after calling `init_weights` of BEVSegmentor  

decoder.dense_head.heads_list.5.hm.1.weight - torch.Size([2, 1, 1, 128]): 
The value is the same before and after calling `init_weights` of BEVSegmentor  

decoder.dense_head.heads_list.5.hm.1.bias - torch.Size([2]): 
The value is the same before and after calling `init_weights` of BEVSegmentor  

map_decoder.pts_bbox_head.code_weights - torch.Size([4]): 
The value is the same before and after calling `init_weights` of BEVSegmentor  

map_decoder.pts_bbox_head.map_adapter_layers.0.0.weight - torch.Size([128, 1, 1, 128]): 
The value is the same before and after calling `init_weights` of BEVSegmentor  

map_decoder.pts_bbox_head.map_adapter_layers.0.0.bias - torch.Size([128]): 
The value is the same before and after calling `init_weights` of BEVSegmentor  

map_decoder.pts_bbox_head.map_adapter_layers.0.1.weight - torch.Size([128]): 
The value is the same before and after calling `init_weights` of BEVSegmentor  

map_decoder.pts_bbox_head.map_adapter_layers.0.1.bias - torch.Size([128]): 
The value is the same before and after calling `init_weights` of BEVSegmentor  

map_decoder.pts_bbox_head.map_adapter_layers.1.weight - torch.Size([256, 1, 1, 128]): 
The value is the same before and after calling `init_weights` of BEVSegmentor  

map_decoder.pts_bbox_head.map_adapter_layers.1.bias - torch.Size([256]): 
The value is the same before and after calling `init_weights` of BEVSegmentor  

map_decoder.pts_bbox_head.cls_branches.0.weight - torch.Size([256, 256]): 
The value is the same before and after calling `init_weights` of BEVSegmentor  

map_decoder.pts_bbox_head.cls_branches.0.bias - torch.Size([256]): 
The value is the same before and after calling `init_weights` of BEVSegmentor  

map_decoder.pts_bbox_head.cls_branches.1.weight - torch.Size([256]): 
The value is the same before and after calling `init_weights` of BEVSegmentor  

map_decoder.pts_bbox_head.cls_branches.1.bias - torch.Size([256]): 
The value is the same before and after calling `init_weights` of BEVSegmentor  

map_decoder.pts_bbox_head.cls_branches.3.weight - torch.Size([256, 256]): 
The value is the same before and after calling `init_weights` of BEVSegmentor  

map_decoder.pts_bbox_head.cls_branches.3.bias - torch.Size([256]): 
The value is the same before and after calling `init_weights` of BEVSegmentor  

map_decoder.pts_bbox_head.cls_branches.4.weight - torch.Size([256]): 
The value is the same before and after calling `init_weights` of BEVSegmentor  

map_decoder.pts_bbox_head.cls_branches.4.bias - torch.Size([256]): 
The value is the same before and after calling `init_weights` of BEVSegmentor  

map_decoder.pts_bbox_head.cls_branches.6.weight - torch.Size([3, 256]): 
The value is the same before and after calling `init_weights` of BEVSegmentor  

map_decoder.pts_bbox_head.cls_branches.6.bias - torch.Size([3]): 
Initialized by user-defined `init_weights` in MapTRv2Head  

map_decoder.pts_bbox_head.reg_branches.0.weight - torch.Size([512, 256]): 
The value is the same before and after calling `init_weights` of BEVSegmentor  

map_decoder.pts_bbox_head.reg_branches.0.bias - torch.Size([512]): 
The value is the same before and after calling `init_weights` of BEVSegmentor  

map_decoder.pts_bbox_head.reg_branches.2.weight - torch.Size([512, 512]): 
The value is the same before and after calling `init_weights` of BEVSegmentor  

map_decoder.pts_bbox_head.reg_branches.2.bias - torch.Size([512]): 
The value is the same before and after calling `init_weights` of BEVSegmentor  

map_decoder.pts_bbox_head.reg_branches.4.weight - torch.Size([512, 512]): 
The value is the same before and after calling `init_weights` of BEVSegmentor  

map_decoder.pts_bbox_head.reg_branches.4.bias - torch.Size([512]): 
The value is the same before and after calling `init_weights` of BEVSegmentor  

map_decoder.pts_bbox_head.reg_branches.6.weight - torch.Size([40, 512]): 
The value is the same before and after calling `init_weights` of BEVSegmentor  

map_decoder.pts_bbox_head.reg_branches.6.bias - torch.Size([40]): 
The value is the same before and after calling `init_weights` of BEVSegmentor  

planner_head.ego_query.weight - torch.Size([1, 128]): 
The value is the same before and after calling `init_weights` of BEVSegmentor  

planner_head.ego_agent_decoder.layers.0.attentions.0.attn.in_proj_weight - torch.Size([384, 128]): 
Initialized by user-defined `init_weights` in VADHead  

planner_head.ego_agent_decoder.layers.0.attentions.0.attn.in_proj_bias - torch.Size([384]): 
The value is the same before and after calling `init_weights` of BEVSegmentor  

planner_head.ego_agent_decoder.layers.0.attentions.0.attn.out_proj.weight - torch.Size([128, 128]): 
Initialized by user-defined `init_weights` in VADHead  

planner_head.ego_agent_decoder.layers.0.attentions.0.attn.out_proj.bias - torch.Size([128]): 
The value is the same before and after calling `init_weights` of BEVSegmentor  

planner_head.ego_agent_decoder.layers.0.ffns.0.layers.0.0.weight - torch.Size([256, 128]): 
Initialized by user-defined `init_weights` in VADHead  

planner_head.ego_agent_decoder.layers.0.ffns.0.layers.0.0.bias - torch.Size([256]): 
The value is the same before and after calling `init_weights` of BEVSegmentor  

planner_head.ego_agent_decoder.layers.0.ffns.0.layers.1.weight - torch.Size([128, 256]): 
Initialized by user-defined `init_weights` in VADHead  

planner_head.ego_agent_decoder.layers.0.ffns.0.layers.1.bias - torch.Size([128]): 
The value is the same before and after calling `init_weights` of BEVSegmentor  

planner_head.ego_agent_decoder.layers.0.norms.0.weight - torch.Size([128]): 
The value is the same before and after calling `init_weights` of BEVSegmentor  

planner_head.ego_agent_decoder.layers.0.norms.0.bias - torch.Size([128]): 
The value is the same before and after calling `init_weights` of BEVSegmentor  

planner_head.ego_agent_decoder.layers.0.norms.1.weight - torch.Size([128]): 
The value is the same before and after calling `init_weights` of BEVSegmentor  

planner_head.ego_agent_decoder.layers.0.norms.1.bias - torch.Size([128]): 
The value is the same before and after calling `init_weights` of BEVSegmentor  

planner_head.ego_map_decoder.layers.0.attentions.0.attn.in_proj_weight - torch.Size([384, 128]): 
Initialized by user-defined `init_weights` in VADHead  

planner_head.ego_map_decoder.layers.0.attentions.0.attn.in_proj_bias - torch.Size([384]): 
The value is the same before and after calling `init_weights` of BEVSegmentor  

planner_head.ego_map_decoder.layers.0.attentions.0.attn.out_proj.weight - torch.Size([128, 128]): 
Initialized by user-defined `init_weights` in VADHead  

planner_head.ego_map_decoder.layers.0.attentions.0.attn.out_proj.bias - torch.Size([128]): 
The value is the same before and after calling `init_weights` of BEVSegmentor  

planner_head.ego_map_decoder.layers.0.ffns.0.layers.0.0.weight - torch.Size([256, 128]): 
Initialized by user-defined `init_weights` in VADHead  

planner_head.ego_map_decoder.layers.0.ffns.0.layers.0.0.bias - torch.Size([256]): 
The value is the same before and after calling `init_weights` of BEVSegmentor  

planner_head.ego_map_decoder.layers.0.ffns.0.layers.1.weight - torch.Size([128, 256]): 
Initialized by user-defined `init_weights` in VADHead  

planner_head.ego_map_decoder.layers.0.ffns.0.layers.1.bias - torch.Size([128]): 
The value is the same before and after calling `init_weights` of BEVSegmentor  

planner_head.ego_map_decoder.layers.0.norms.0.weight - torch.Size([128]): 
The value is the same before and after calling `init_weights` of BEVSegmentor  

planner_head.ego_map_decoder.layers.0.norms.0.bias - torch.Size([128]): 
The value is the same before and after calling `init_weights` of BEVSegmentor  

planner_head.ego_map_decoder.layers.0.norms.1.weight - torch.Size([128]): 
The value is the same before and after calling `init_weights` of BEVSegmentor  

planner_head.ego_map_decoder.layers.0.norms.1.bias - torch.Size([128]): 
The value is the same before and after calling `init_weights` of BEVSegmentor  

planner_head.ego_gaussian_decoder.layers.0.attentions.0.attn.in_proj_weight - torch.Size([384, 128]): 
Initialized by user-defined `init_weights` in VADHead  

planner_head.ego_gaussian_decoder.layers.0.attentions.0.attn.in_proj_bias - torch.Size([384]): 
The value is the same before and after calling `init_weights` of BEVSegmentor  

planner_head.ego_gaussian_decoder.layers.0.attentions.0.attn.out_proj.weight - torch.Size([128, 128]): 
Initialized by user-defined `init_weights` in VADHead  

planner_head.ego_gaussian_decoder.layers.0.attentions.0.attn.out_proj.bias - torch.Size([128]): 
The value is the same before and after calling `init_weights` of BEVSegmentor  

planner_head.ego_gaussian_decoder.layers.0.ffns.0.layers.0.0.weight - torch.Size([256, 128]): 
Initialized by user-defined `init_weights` in VADHead  

planner_head.ego_gaussian_decoder.layers.0.ffns.0.layers.0.0.bias - torch.Size([256]): 
The value is the same before and after calling `init_weights` of BEVSegmentor  

planner_head.ego_gaussian_decoder.layers.0.ffns.0.layers.1.weight - torch.Size([128, 256]): 
Initialized by user-defined `init_weights` in VADHead  

planner_head.ego_gaussian_decoder.layers.0.ffns.0.layers.1.bias - torch.Size([128]): 
The value is the same before and after calling `init_weights` of BEVSegmentor  

planner_head.ego_gaussian_decoder.layers.0.norms.0.weight - torch.Size([128]): 
The value is the same before and after calling `init_weights` of BEVSegmentor  

planner_head.ego_gaussian_decoder.layers.0.norms.0.bias - torch.Size([128]): 
The value is the same before and after calling `init_weights` of BEVSegmentor  

planner_head.ego_gaussian_decoder.layers.0.norms.1.weight - torch.Size([128]): 
The value is the same before and after calling `init_weights` of BEVSegmentor  

planner_head.ego_gaussian_decoder.layers.0.norms.1.bias - torch.Size([128]): 
The value is the same before and after calling `init_weights` of BEVSegmentor  

planner_head.ego_fut_decoder.0.weight - torch.Size([384, 384]): 
The value is the same before and after calling `init_weights` of BEVSegmentor  

planner_head.ego_fut_decoder.0.bias - torch.Size([384]): 
The value is the same before and after calling `init_weights` of BEVSegmentor  

planner_head.ego_fut_decoder.2.weight - torch.Size([384, 384]): 
The value is the same before and after calling `init_weights` of BEVSegmentor  

planner_head.ego_fut_decoder.2.bias - torch.Size([384]): 
The value is the same before and after calling `init_weights` of BEVSegmentor  

planner_head.ego_fut_decoder.4.weight - torch.Size([36, 384]): 
The value is the same before and after calling `init_weights` of BEVSegmentor  

planner_head.ego_fut_decoder.4.bias - torch.Size([36]): 
The value is the same before and after calling `init_weights` of BEVSegmentor  

planner_head.agent_fus_mlp.0.weight - torch.Size([128, 10]): 
The value is the same before and after calling `init_weights` of BEVSegmentor  

planner_head.agent_fus_mlp.0.bias - torch.Size([128]): 
The value is the same before and after calling `init_weights` of BEVSegmentor  

planner_head.agent_fus_mlp.1.weight - torch.Size([128]): 
The value is the same before and after calling `init_weights` of BEVSegmentor  

planner_head.agent_fus_mlp.1.bias - torch.Size([128]): 
The value is the same before and after calling `init_weights` of BEVSegmentor  

planner_head.agent_fus_mlp.3.weight - torch.Size([128, 128]): 
The value is the same before and after calling `init_weights` of BEVSegmentor  

planner_head.agent_fus_mlp.3.bias - torch.Size([128]): 
The value is the same before and after calling `init_weights` of BEVSegmentor  

planner_head.map_fus_mlp.0.weight - torch.Size([128, 43]): 
The value is the same before and after calling `init_weights` of BEVSegmentor  

planner_head.map_fus_mlp.0.bias - torch.Size([128]): 
The value is the same before and after calling `init_weights` of BEVSegmentor  

planner_head.map_fus_mlp.1.weight - torch.Size([128]): 
The value is the same before and after calling `init_weights` of BEVSegmentor  

planner_head.map_fus_mlp.1.bias - torch.Size([128]): 
The value is the same before and after calling `init_weights` of BEVSegmentor  

planner_head.map_fus_mlp.3.weight - torch.Size([128, 128]): 
The value is the same before and after calling `init_weights` of BEVSegmentor  

planner_head.map_fus_mlp.3.bias - torch.Size([128]): 
The value is the same before and after calling `init_weights` of BEVSegmentor  

planner_head.gaussian_fus_mlp.0.weight - torch.Size([128, 28]): 
The value is the same before and after calling `init_weights` of BEVSegmentor  

planner_head.gaussian_fus_mlp.0.bias - torch.Size([128]): 
The value is the same before and after calling `init_weights` of BEVSegmentor  

planner_head.gaussian_fus_mlp.1.weight - torch.Size([128]): 
The value is the same before and after calling `init_weights` of BEVSegmentor  

planner_head.gaussian_fus_mlp.1.bias - torch.Size([128]): 
The value is the same before and after calling `init_weights` of BEVSegmentor  

planner_head.gaussian_fus_mlp.3.weight - torch.Size([128, 128]): 
The value is the same before and after calling `init_weights` of BEVSegmentor  

planner_head.gaussian_fus_mlp.3.bias - torch.Size([128]): 
The value is the same before and after calling `init_weights` of BEVSegmentor  
2026/08/11 14:42:07 - mmengine - INFO - Frozen module: map_decoder
2026/08/11 14:42:07 - mmengine - INFO - Frozen module: planner_head
2026/08/11 14:42:07 - mmengine - INFO - Number of params: 167695746
2026/08/11 14:42:07 - mmengine - INFO - converted sync bn.
2026/08/11 14:42:09 - mmengine - INFO - done ddp model
2026/08/11 14:43:52 - mmengine - WARNING - img_backbone.conv1.weight is skipped since its requires_grad=False
2026/08/11 14:43:52 - mmengine - WARNING - img_backbone.bn1.weight is skipped since its requires_grad=False
2026/08/11 14:43:52 - mmengine - WARNING - img_backbone.bn1.bias is skipped since its requires_grad=False
2026/08/11 14:43:52 - mmengine - WARNING - img_backbone.layer1.0.conv1.weight is skipped since its requires_grad=False
2026/08/11 14:43:52 - mmengine - WARNING - img_backbone.layer1.0.bn1.weight is skipped since its requires_grad=False
2026/08/11 14:43:52 - mmengine - WARNING - img_backbone.layer1.0.bn1.bias is skipped since its requires_grad=False
2026/08/11 14:43:52 - mmengine - WARNING - img_backbone.layer1.0.conv2.weight is skipped since its requires_grad=False
2026/08/11 14:43:52 - mmengine - WARNING - img_backbone.layer1.0.bn2.weight is skipped since its requires_grad=False
2026/08/11 14:43:52 - mmengine - WARNING - img_backbone.layer1.0.bn2.bias is skipped since its requires_grad=False
2026/08/11 14:43:52 - mmengine - WARNING - img_backbone.layer1.0.conv3.weight is skipped since its requires_grad=False
2026/08/11 14:43:52 - mmengine - WARNING - img_backbone.layer1.0.bn3.weight is skipped since its requires_grad=False
2026/08/11 14:43:52 - mmengine - WARNING - img_backbone.layer1.0.bn3.bias is skipped since its requires_grad=False
2026/08/11 14:43:52 - mmengine - WARNING - img_backbone.layer1.0.downsample.0.weight is skipped since its requires_grad=False
2026/08/11 14:43:52 - mmengine - WARNING - img_backbone.layer1.0.downsample.1.weight is skipped since its requires_grad=False
2026/08/11 14:43:52 - mmengine - WARNING - img_backbone.layer1.0.downsample.1.bias is skipped since its requires_grad=False
2026/08/11 14:43:52 - mmengine - WARNING - img_backbone.layer1.1.conv1.weight is skipped since its requires_grad=False
2026/08/11 14:43:52 - mmengine - WARNING - img_backbone.layer1.1.bn1.weight is skipped since its requires_grad=False
2026/08/11 14:43:52 - mmengine - WARNING - img_backbone.layer1.1.bn1.bias is skipped since its requires_grad=False
2026/08/11 14:43:52 - mmengine - WARNING - img_backbone.layer1.1.conv2.weight is skipped since its requires_grad=False
2026/08/11 14:43:52 - mmengine - WARNING - img_backbone.layer1.1.bn2.weight is skipped since its requires_grad=False
2026/08/11 14:43:52 - mmengine - WARNING - img_backbone.layer1.1.bn2.bias is skipped since its requires_grad=False
2026/08/11 14:43:52 - mmengine - WARNING - img_backbone.layer1.1.conv3.weight is skipped since its requires_grad=False
2026/08/11 14:43:52 - mmengine - WARNING - img_backbone.layer1.1.bn3.weight is skipped since its requires_grad=False
2026/08/11 14:43:52 - mmengine - WARNING - img_backbone.layer1.1.bn3.bias is skipped since its requires_grad=False
2026/08/11 14:43:52 - mmengine - WARNING - img_backbone.layer1.2.conv1.weight is skipped since its requires_grad=False
2026/08/11 14:43:52 - mmengine - WARNING - img_backbone.layer1.2.bn1.weight is skipped since its requires_grad=False
2026/08/11 14:43:52 - mmengine - WARNING - img_backbone.layer1.2.bn1.bias is skipped since its requires_grad=False
2026/08/11 14:43:52 - mmengine - WARNING - img_backbone.layer1.2.conv2.weight is skipped since its requires_grad=False
2026/08/11 14:43:52 - mmengine - WARNING - img_backbone.layer1.2.bn2.weight is skipped since its requires_grad=False
2026/08/11 14:43:52 - mmengine - WARNING - img_backbone.layer1.2.bn2.bias is skipped since its requires_grad=False
2026/08/11 14:43:52 - mmengine - WARNING - img_backbone.layer1.2.conv3.weight is skipped since its requires_grad=False
2026/08/11 14:43:52 - mmengine - WARNING - img_backbone.layer1.2.bn3.weight is skipped since its requires_grad=False
2026/08/11 14:43:52 - mmengine - WARNING - img_backbone.layer1.2.bn3.bias is skipped since its requires_grad=False
2026/08/11 14:43:52 - mmengine - INFO - paramwise_options -- img_backbone.layer2.0.conv1.weight:lr=2e-05
2026/08/11 14:43:52 - mmengine - INFO - paramwise_options -- img_backbone.layer2.0.conv1.weight:weight_decay=0.01
2026/08/11 14:43:52 - mmengine - INFO - paramwise_options -- img_backbone.layer2.0.conv1.weight:lr_mult=0.1
2026/08/11 14:43:52 - mmengine - WARNING - img_backbone.layer2.0.bn1.weight is skipped since its requires_grad=False
2026/08/11 14:43:52 - mmengine - WARNING - img_backbone.layer2.0.bn1.bias is skipped since its requires_grad=False
2026/08/11 14:43:52 - mmengine - INFO - paramwise_options -- img_backbone.layer2.0.conv2.weight:lr=2e-05
2026/08/11 14:43:52 - mmengine - INFO - paramwise_options -- img_backbone.layer2.0.conv2.weight:weight_decay=0.01
2026/08/11 14:43:52 - mmengine - INFO - paramwise_options -- img_backbone.layer2.0.conv2.weight:lr_mult=0.1
2026/08/11 14:43:52 - mmengine - WARNING - img_backbone.layer2.0.bn2.weight is skipped since its requires_grad=False
2026/08/11 14:43:52 - mmengine - WARNING - img_backbone.layer2.0.bn2.bias is skipped since its requires_grad=False
2026/08/11 14:43:52 - mmengine - INFO - paramwise_options -- img_backbone.layer2.0.conv3.weight:lr=2e-05
2026/08/11 14:43:52 - mmengine - INFO - paramwise_options -- img_backbone.layer2.0.conv3.weight:weight_decay=0.01
2026/08/11 14:43:52 - mmengine - INFO - paramwise_options -- img_backbone.layer2.0.conv3.weight:lr_mult=0.1
2026/08/11 14:43:52 - mmengine - WARNING - img_backbone.layer2.0.bn3.weight is skipped since its requires_grad=False
2026/08/11 14:43:52 - mmengine - WARNING - img_backbone.layer2.0.bn3.bias is skipped since its requires_grad=False
2026/08/11 14:43:52 - mmengine - INFO - paramwise_options -- img_backbone.layer2.0.downsample.0.weight:lr=2e-05
2026/08/11 14:43:52 - mmengine - INFO - paramwise_options -- img_backbone.layer2.0.downsample.0.weight:weight_decay=0.01
2026/08/11 14:43:52 - mmengine - INFO - paramwise_options -- img_backbone.layer2.0.downsample.0.weight:lr_mult=0.1
2026/08/11 14:43:52 - mmengine - WARNING - img_backbone.layer2.0.downsample.1.weight is skipped since its requires_grad=False
2026/08/11 14:43:52 - mmengine - WARNING - img_backbone.layer2.0.downsample.1.bias is skipped since its requires_grad=False
2026/08/11 14:43:52 - mmengine - INFO - paramwise_options -- img_backbone.layer2.1.conv1.weight:lr=2e-05
2026/08/11 14:43:52 - mmengine - INFO - paramwise_options -- img_backbone.layer2.1.conv1.weight:weight_decay=0.01
2026/08/11 14:43:52 - mmengine - INFO - paramwise_options -- img_backbone.layer2.1.conv1.weight:lr_mult=0.1
2026/08/11 14:43:52 - mmengine - WARNING - img_backbone.layer2.1.bn1.weight is skipped since its requires_grad=False
2026/08/11 14:43:52 - mmengine - WARNING - img_backbone.layer2.1.bn1.bias is skipped since its requires_grad=False
2026/08/11 14:43:52 - mmengine - INFO - paramwise_options -- img_backbone.layer2.1.conv2.weight:lr=2e-05
2026/08/11 14:43:52 - mmengine - INFO - paramwise_options -- img_backbone.layer2.1.conv2.weight:weight_decay=0.01
2026/08/11 14:43:52 - mmengine - INFO - paramwise_options -- img_backbone.layer2.1.conv2.weight:lr_mult=0.1
2026/08/11 14:43:52 - mmengine - WARNING - img_backbone.layer2.1.bn2.weight is skipped since its requires_grad=False
2026/08/11 14:43:52 - mmengine - WARNING - img_backbone.layer2.1.bn2.bias is skipped since its requires_grad=False
2026/08/11 14:43:52 - mmengine - INFO - paramwise_options -- img_backbone.layer2.1.conv3.weight:lr=2e-05
2026/08/11 14:43:52 - mmengine - INFO - paramwise_options -- img_backbone.layer2.1.conv3.weight:weight_decay=0.01
2026/08/11 14:43:52 - mmengine - INFO - paramwise_options -- img_backbone.layer2.1.conv3.weight:lr_mult=0.1
2026/08/11 14:43:52 - mmengine - WARNING - img_backbone.layer2.1.bn3.weight is skipped since its requires_grad=False
2026/08/11 14:43:52 - mmengine - WARNING - img_backbone.layer2.1.bn3.bias is skipped since its requires_grad=False
2026/08/11 14:43:52 - mmengine - INFO - paramwise_options -- img_backbone.layer2.2.conv1.weight:lr=2e-05
2026/08/11 14:43:52 - mmengine - INFO - paramwise_options -- img_backbone.layer2.2.conv1.weight:weight_decay=0.01
2026/08/11 14:43:52 - mmengine - INFO - paramwise_options -- img_backbone.layer2.2.conv1.weight:lr_mult=0.1
2026/08/11 14:43:52 - mmengine - WARNING - img_backbone.layer2.2.bn1.weight is skipped since its requires_grad=False
2026/08/11 14:43:52 - mmengine - WARNING - img_backbone.layer2.2.bn1.bias is skipped since its requires_grad=False
2026/08/11 14:43:52 - mmengine - INFO - paramwise_options -- img_backbone.layer2.2.conv2.weight:lr=2e-05
2026/08/11 14:43:52 - mmengine - INFO - paramwise_options -- img_backbone.layer2.2.conv2.weight:weight_decay=0.01
2026/08/11 14:43:52 - mmengine - INFO - paramwise_options -- img_backbone.layer2.2.conv2.weight:lr_mult=0.1
2026/08/11 14:43:52 - mmengine - WARNING - img_backbone.layer2.2.bn2.weight is skipped since its requires_grad=False
2026/08/11 14:43:52 - mmengine - WARNING - img_backbone.layer2.2.bn2.bias is skipped since its requires_grad=False
2026/08/11 14:43:52 - mmengine - INFO - paramwise_options -- img_backbone.layer2.2.conv3.weight:lr=2e-05
2026/08/11 14:43:52 - mmengine - INFO - paramwise_options -- img_backbone.layer2.2.conv3.weight:weight_decay=0.01
2026/08/11 14:43:52 - mmengine - INFO - paramwise_options -- img_backbone.layer2.2.conv3.weight:lr_mult=0.1
2026/08/11 14:43:52 - mmengine - WARNING - img_backbone.layer2.2.bn3.weight is skipped since its requires_grad=False
2026/08/11 14:43:52 - mmengine - WARNING - img_backbone.layer2.2.bn3.bias is skipped since its requires_grad=False
2026/08/11 14:43:52 - mmengine - INFO - paramwise_options -- img_backbone.layer2.3.conv1.weight:lr=2e-05
2026/08/11 14:43:52 - mmengine - INFO - paramwise_options -- img_backbone.layer2.3.conv1.weight:weight_decay=0.01
2026/08/11 14:43:52 - mmengine - INFO - paramwise_options -- img_backbone.layer2.3.conv1.weight:lr_mult=0.1
2026/08/11 14:43:52 - mmengine - WARNING - img_backbone.layer2.3.bn1.weight is skipped since its requires_grad=False
2026/08/11 14:43:52 - mmengine - WARNING - img_backbone.layer2.3.bn1.bias is skipped since its requires_grad=False
2026/08/11 14:43:52 - mmengine - INFO - paramwise_options -- img_backbone.layer2.3.conv2.weight:lr=2e-05
2026/08/11 14:43:52 - mmengine - INFO - paramwise_options -- img_backbone.layer2.3.conv2.weight:weight_decay=0.01
2026/08/11 14:43:52 - mmengine - INFO - paramwise_options -- img_backbone.layer2.3.conv2.weight:lr_mult=0.1
2026/08/11 14:43:52 - mmengine - WARNING - img_backbone.layer2.3.bn2.weight is skipped since its requires_grad=False
2026/08/11 14:43:52 - mmengine - WARNING - img_backbone.layer2.3.bn2.bias is skipped since its requires_grad=False
2026/08/11 14:43:52 - mmengine - INFO - paramwise_options -- img_backbone.layer2.3.conv3.weight:lr=2e-05
2026/08/11 14:43:52 - mmengine - INFO - paramwise_options -- img_backbone.layer2.3.conv3.weight:weight_decay=0.01
2026/08/11 14:43:52 - mmengine - INFO - paramwise_options -- img_backbone.layer2.3.conv3.weight:lr_mult=0.1
2026/08/11 14:43:52 - mmengine - WARNING - img_backbone.layer2.3.bn3.weight is skipped since its requires_grad=False
2026/08/11 14:43:52 - mmengine - WARNING - img_backbone.layer2.3.bn3.bias is skipped since its requires_grad=False
2026/08/11 14:43:52 - mmengine - INFO - paramwise_options -- img_backbone.layer3.0.conv1.weight:lr=2e-05
2026/08/11 14:43:52 - mmengine - INFO - paramwise_options -- img_backbone.layer3.0.conv1.weight:weight_decay=0.01
2026/08/11 14:43:52 - mmengine - INFO - paramwise_options -- img_backbone.layer3.0.conv1.weight:lr_mult=0.1
2026/08/11 14:43:52 - mmengine - WARNING - img_backbone.layer3.0.bn1.weight is skipped since its requires_grad=False
2026/08/11 14:43:52 - mmengine - WARNING - img_backbone.layer3.0.bn1.bias is skipped since its requires_grad=False
2026/08/11 14:43:52 - mmengine - INFO - paramwise_options -- img_backbone.layer3.0.conv2.weight:lr=2e-05
2026/08/11 14:43:52 - mmengine - INFO - paramwise_options -- img_backbone.layer3.0.conv2.weight:weight_decay=0.01
2026/08/11 14:43:52 - mmengine - INFO - paramwise_options -- img_backbone.layer3.0.conv2.weight:lr_mult=0.1
2026/08/11 14:43:52 - mmengine - INFO - paramwise_options -- img_backbone.layer3.0.conv2.conv_offset.weight:lr=2e-05
2026/08/11 14:43:52 - mmengine - INFO - paramwise_options -- img_backbone.layer3.0.conv2.conv_offset.weight:weight_decay=0.01
2026/08/11 14:43:52 - mmengine - INFO - paramwise_options -- img_backbone.layer3.0.conv2.conv_offset.weight:lr_mult=0.1
2026/08/11 14:43:52 - mmengine - INFO - paramwise_options -- img_backbone.layer3.0.conv2.conv_offset.bias:lr=2e-05
2026/08/11 14:43:52 - mmengine - INFO - paramwise_options -- img_backbone.layer3.0.conv2.conv_offset.bias:weight_decay=0.01
2026/08/11 14:43:52 - mmengine - INFO - paramwise_options -- img_backbone.layer3.0.conv2.conv_offset.bias:lr_mult=0.1
2026/08/11 14:43:52 - mmengine - WARNING - img_backbone.layer3.0.bn2.weight is skipped since its requires_grad=False
2026/08/11 14:43:52 - mmengine - WARNING - img_backbone.layer3.0.bn2.bias is skipped since its requires_grad=False
2026/08/11 14:43:52 - mmengine - INFO - paramwise_options -- img_backbone.layer3.0.conv3.weight:lr=2e-05
2026/08/11 14:43:52 - mmengine - INFO - paramwise_options -- img_backbone.layer3.0.conv3.weight:weight_decay=0.01
2026/08/11 14:43:52 - mmengine - INFO - paramwise_options -- img_backbone.layer3.0.conv3.weight:lr_mult=0.1
2026/08/11 14:43:52 - mmengine - WARNING - img_backbone.layer3.0.bn3.weight is skipped since its requires_grad=False
2026/08/11 14:43:52 - mmengine - WARNING - img_backbone.layer3.0.bn3.bias is skipped since its requires_grad=False
2026/08/11 14:43:52 - mmengine - INFO - paramwise_options -- img_backbone.layer3.0.downsample.0.weight:lr=2e-05
2026/08/11 14:43:52 - mmengine - INFO - paramwise_options -- img_backbone.layer3.0.downsample.0.weight:weight_decay=0.01
2026/08/11 14:43:52 - mmengine - INFO - paramwise_options -- img_backbone.layer3.0.downsample.0.weight:lr_mult=0.1
2026/08/11 14:43:52 - mmengine - WARNING - img_backbone.layer3.0.downsample.1.weight is skipped since its requires_grad=False
2026/08/11 14:43:52 - mmengine - WARNING - img_backbone.layer3.0.downsample.1.bias is skipped since its requires_grad=False
2026/08/11 14:43:52 - mmengine - INFO - paramwise_options -- img_backbone.layer3.1.conv1.weight:lr=2e-05
2026/08/11 14:43:52 - mmengine - INFO - paramwise_options -- img_backbone.layer3.1.conv1.weight:weight_decay=0.01
2026/08/11 14:43:52 - mmengine - INFO - paramwise_options -- img_backbone.layer3.1.conv1.weight:lr_mult=0.1
2026/08/11 14:43:52 - mmengine - WARNING - img_backbone.layer3.1.bn1.weight is skipped since its requires_grad=False
2026/08/11 14:43:52 - mmengine - WARNING - img_backbone.layer3.1.bn1.bias is skipped since its requires_grad=False
2026/08/11 14:43:52 - mmengine - INFO - paramwise_options -- img_backbone.layer3.1.conv2.weight:lr=2e-05
2026/08/11 14:43:52 - mmengine - INFO - paramwise_options -- img_backbone.layer3.1.conv2.weight:weight_decay=0.01
2026/08/11 14:43:52 - mmengine - INFO - paramwise_options -- img_backbone.layer3.1.conv2.weight:lr_mult=0.1
2026/08/11 14:43:52 - mmengine - INFO - paramwise_options -- img_backbone.layer3.1.conv2.conv_offset.weight:lr=2e-05
2026/08/11 14:43:52 - mmengine - INFO - paramwise_options -- img_backbone.layer3.1.conv2.conv_offset.weight:weight_decay=0.01
2026/08/11 14:43:52 - mmengine - INFO - paramwise_options -- img_backbone.layer3.1.conv2.conv_offset.weight:lr_mult=0.1
2026/08/11 14:43:52 - mmengine - INFO - paramwise_options -- img_backbone.layer3.1.conv2.conv_offset.bias:lr=2e-05
2026/08/11 14:43:52 - mmengine - INFO - paramwise_options -- img_backbone.layer3.1.conv2.conv_offset.bias:weight_decay=0.01
2026/08/11 14:43:52 - mmengine - INFO - paramwise_options -- img_backbone.layer3.1.conv2.conv_offset.bias:lr_mult=0.1
2026/08/11 14:43:52 - mmengine - WARNING - img_backbone.layer3.1.bn2.weight is skipped since its requires_grad=False
2026/08/11 14:43:52 - mmengine - WARNING - img_backbone.layer3.1.bn2.bias is skipped since its requires_grad=False
2026/08/11 14:43:52 - mmengine - INFO - paramwise_options -- img_backbone.layer3.1.conv3.weight:lr=2e-05
2026/08/11 14:43:52 - mmengine - INFO - paramwise_options -- img_backbone.layer3.1.conv3.weight:weight_decay=0.01
2026/08/11 14:43:52 - mmengine - INFO - paramwise_options -- img_backbone.layer3.1.conv3.weight:lr_mult=0.1
2026/08/11 14:43:52 - mmengine - WARNING - img_backbone.layer3.1.bn3.weight is skipped since its requires_grad=False
2026/08/11 14:43:52 - mmengine - WARNING - img_backbone.layer3.1.bn3.bias is skipped since its requires_grad=False
2026/08/11 14:43:52 - mmengine - INFO - paramwise_options -- img_backbone.layer3.2.conv1.weight:lr=2e-05
2026/08/11 14:43:52 - mmengine - INFO - paramwise_options -- img_backbone.layer3.2.conv1.weight:weight_decay=0.01
2026/08/11 14:43:52 - mmengine - INFO - paramwise_options -- img_backbone.layer3.2.conv1.weight:lr_mult=0.1
2026/08/11 14:43:52 - mmengine - WARNING - img_backbone.layer3.2.bn1.weight is skipped since its requires_grad=False
2026/08/11 14:43:52 - mmengine - WARNING - img_backbone.layer3.2.bn1.bias is skipped since its requires_grad=False
2026/08/11 14:43:52 - mmengine - INFO - paramwise_options -- img_backbone.layer3.2.conv2.weight:lr=2e-05
2026/08/11 14:43:52 - mmengine - INFO - paramwise_options -- img_backbone.layer3.2.conv2.weight:weight_decay=0.01
2026/08/11 14:43:52 - mmengine - INFO - paramwise_options -- img_backbone.layer3.2.conv2.weight:lr_mult=0.1
2026/08/11 14:43:52 - mmengine - INFO - paramwise_options -- img_backbone.layer3.2.conv2.conv_offset.weight:lr=2e-05
2026/08/11 14:43:52 - mmengine - INFO - paramwise_options -- img_backbone.layer3.2.conv2.conv_offset.weight:weight_decay=0.01
2026/08/11 14:43:52 - mmengine - INFO - paramwise_options -- img_backbone.layer3.2.conv2.conv_offset.weight:lr_mult=0.1
2026/08/11 14:43:52 - mmengine - INFO - paramwise_options -- img_backbone.layer3.2.conv2.conv_offset.bias:lr=2e-05
2026/08/11 14:43:52 - mmengine - INFO - paramwise_options -- img_backbone.layer3.2.conv2.conv_offset.bias:weight_decay=0.01
2026/08/11 14:43:52 - mmengine - INFO - paramwise_options -- img_backbone.layer3.2.conv2.conv_offset.bias:lr_mult=0.1
2026/08/11 14:43:52 - mmengine - WARNING - img_backbone.layer3.2.bn2.weight is skipped since its requires_grad=False
2026/08/11 14:43:52 - mmengine - WARNING - img_backbone.layer3.2.bn2.bias is skipped since its requires_grad=False
2026/08/11 14:43:52 - mmengine - INFO - paramwise_options -- img_backbone.layer3.2.conv3.weight:lr=2e-05
2026/08/11 14:43:52 - mmengine - INFO - paramwise_options -- img_backbone.layer3.2.conv3.weight:weight_decay=0.01
2026/08/11 14:43:52 - mmengine - INFO - paramwise_options -- img_backbone.layer3.2.conv3.weight:lr_mult=0.1
2026/08/11 14:43:52 - mmengine - WARNING - img_backbone.layer3.2.bn3.weight is skipped since its requires_grad=False
2026/08/11 14:43:52 - mmengine - WARNING - img_backbone.layer3.2.bn3.bias is skipped since its requires_grad=False
2026/08/11 14:43:52 - mmengine - INFO - paramwise_options -- img_backbone.layer3.3.conv1.weight:lr=2e-05
2026/08/11 14:43:52 - mmengine - INFO - paramwise_options -- img_backbone.layer3.3.conv1.weight:weight_decay=0.01
2026/08/11 14:43:52 - mmengine - INFO - paramwise_options -- img_backbone.layer3.3.conv1.weight:lr_mult=0.1
2026/08/11 14:43:52 - mmengine - WARNING - img_backbone.layer3.3.bn1.weight is skipped since its requires_grad=False
2026/08/11 14:43:52 - mmengine - WARNING - img_backbone.layer3.3.bn1.bias is skipped since its requires_grad=False
2026/08/11 14:43:52 - mmengine - INFO - paramwise_options -- img_backbone.layer3.3.conv2.weight:lr=2e-05
2026/08/11 14:43:52 - mmengine - INFO - paramwise_options -- img_backbone.layer3.3.conv2.weight:weight_decay=0.01
2026/08/11 14:43:52 - mmengine - INFO - paramwise_options -- img_backbone.layer3.3.conv2.weight:lr_mult=0.1
2026/08/11 14:43:52 - mmengine - INFO - paramwise_options -- img_backbone.layer3.3.conv2.conv_offset.weight:lr=2e-05
2026/08/11 14:43:52 - mmengine - INFO - paramwise_options -- img_backbone.layer3.3.conv2.conv_offset.weight:weight_decay=0.01
2026/08/11 14:43:52 - mmengine - INFO - paramwise_options -- img_backbone.layer3.3.conv2.conv_offset.weight:lr_mult=0.1
2026/08/11 14:43:52 - mmengine - INFO - paramwise_options -- img_backbone.layer3.3.conv2.conv_offset.bias:lr=2e-05
2026/08/11 14:43:52 - mmengine - INFO - paramwise_options -- img_backbone.layer3.3.conv2.conv_offset.bias:weight_decay=0.01
2026/08/11 14:43:52 - mmengine - INFO - paramwise_options -- img_backbone.layer3.3.conv2.conv_offset.bias:lr_mult=0.1
2026/08/11 14:43:52 - mmengine - WARNING - img_backbone.layer3.3.bn2.weight is skipped since its requires_grad=False
2026/08/11 14:43:52 - mmengine - WARNING - img_backbone.layer3.3.bn2.bias is skipped since its requires_grad=False
2026/08/11 14:43:52 - mmengine - INFO - paramwise_options -- img_backbone.layer3.3.conv3.weight:lr=2e-05
2026/08/11 14:43:52 - mmengine - INFO - paramwise_options -- img_backbone.layer3.3.conv3.weight:weight_decay=0.01
2026/08/11 14:43:52 - mmengine - INFO - paramwise_options -- img_backbone.layer3.3.conv3.weight:lr_mult=0.1
2026/08/11 14:43:52 - mmengine - WARNING - img_backbone.layer3.3.bn3.weight is skipped since its requires_grad=False
2026/08/11 14:43:52 - mmengine - WARNING - img_backbone.layer3.3.bn3.bias is skipped since its requires_grad=False
2026/08/11 14:43:52 - mmengine - INFO - paramwise_options -- img_backbone.layer3.4.conv1.weight:lr=2e-05
2026/08/11 14:43:52 - mmengine - INFO - paramwise_options -- img_backbone.layer3.4.conv1.weight:weight_decay=0.01
2026/08/11 14:43:52 - mmengine - INFO - paramwise_options -- img_backbone.layer3.4.conv1.weight:lr_mult=0.1
2026/08/11 14:43:52 - mmengine - WARNING - img_backbone.layer3.4.bn1.weight is skipped since its requires_grad=False
2026/08/11 14:43:52 - mmengine - WARNING - img_backbone.layer3.4.bn1.bias is skipped since its requires_grad=False
2026/08/11 14:43:52 - mmengine - INFO - paramwise_options -- img_backbone.layer3.4.conv2.weight:lr=2e-05
2026/08/11 14:43:52 - mmengine - INFO - paramwise_options -- img_backbone.layer3.4.conv2.weight:weight_decay=0.01
2026/08/11 14:43:52 - mmengine - INFO - paramwise_options -- img_backbone.layer3.4.conv2.weight:lr_mult=0.1
2026/08/11 14:43:52 - mmengine - INFO - paramwise_options -- img_backbone.layer3.4.conv2.conv_offset.weight:lr=2e-05
2026/08/11 14:43:52 - mmengine - INFO - paramwise_options -- img_backbone.layer3.4.conv2.conv_offset.weight:weight_decay=0.01
2026/08/11 14:43:52 - mmengine - INFO - paramwise_options -- img_backbone.layer3.4.conv2.conv_offset.weight:lr_mult=0.1
2026/08/11 14:43:52 - mmengine - INFO - paramwise_options -- img_backbone.layer3.4.conv2.conv_offset.bias:lr=2e-05
2026/08/11 14:43:52 - mmengine - INFO - paramwise_options -- img_backbone.layer3.4.conv2.conv_offset.bias:weight_decay=0.01
2026/08/11 14:43:52 - mmengine - INFO - paramwise_options -- img_backbone.layer3.4.conv2.conv_offset.bias:lr_mult=0.1
2026/08/11 14:43:52 - mmengine - WARNING - img_backbone.layer3.4.bn2.weight is skipped since its requires_grad=False
2026/08/11 14:43:52 - mmengine - WARNING - img_backbone.layer3.4.bn2.bias is skipped since its requires_grad=False
2026/08/11 14:43:52 - mmengine - INFO - paramwise_options -- img_backbone.layer3.4.conv3.weight:lr=2e-05
2026/08/11 14:43:52 - mmengine - INFO - paramwise_options -- img_backbone.layer3.4.conv3.weight:weight_decay=0.01
2026/08/11 14:43:52 - mmengine - INFO - paramwise_options -- img_backbone.layer3.4.conv3.weight:lr_mult=0.1
2026/08/11 14:43:52 - mmengine - WARNING - img_backbone.layer3.4.bn3.weight is skipped since its requires_grad=False
2026/08/11 14:43:52 - mmengine - WARNING - img_backbone.layer3.4.bn3.bias is skipped since its requires_grad=False
2026/08/11 14:43:52 - mmengine - INFO - paramwise_options -- img_backbone.layer3.5.conv1.weight:lr=2e-05
2026/08/11 14:43:52 - mmengine - INFO - paramwise_options -- img_backbone.layer3.5.conv1.weight:weight_decay=0.01
2026/08/11 14:43:52 - mmengine - INFO - paramwise_options -- img_backbone.layer3.5.conv1.weight:lr_mult=0.1
2026/08/11 14:43:52 - mmengine - WARNING - img_backbone.layer3.5.bn1.weight is skipped since its requires_grad=False
2026/08/11 14:43:52 - mmengine - WARNING - img_backbone.layer3.5.bn1.bias is skipped since its requires_grad=False
2026/08/11 14:43:52 - mmengine - INFO - paramwise_options -- img_backbone.layer3.5.conv2.weight:lr=2e-05
2026/08/11 14:43:52 - mmengine - INFO - paramwise_options -- img_backbone.layer3.5.conv2.weight:weight_decay=0.01
2026/08/11 14:43:52 - mmengine - INFO - paramwise_options -- img_backbone.layer3.5.conv2.weight:lr_mult=0.1
2026/08/11 14:43:52 - mmengine - INFO - paramwise_options -- img_backbone.layer3.5.conv2.conv_offset.weight:lr=2e-05
2026/08/11 14:43:52 - mmengine - INFO - paramwise_options -- img_backbone.layer3.5.conv2.conv_offset.weight:weight_decay=0.01
2026/08/11 14:43:52 - mmengine - INFO - paramwise_options -- img_backbone.layer3.5.conv2.conv_offset.weight:lr_mult=0.1
2026/08/11 14:43:52 - mmengine - INFO - paramwise_options -- img_backbone.layer3.5.conv2.conv_offset.bias:lr=2e-05
2026/08/11 14:43:52 - mmengine - INFO - paramwise_options -- img_backbone.layer3.5.conv2.conv_offset.bias:weight_decay=0.01
2026/08/11 14:43:52 - mmengine - INFO - paramwise_options -- img_backbone.layer3.5.conv2.conv_offset.bias:lr_mult=0.1
2026/08/11 14:43:52 - mmengine - WARNING - img_backbone.layer3.5.bn2.weight is skipped since its requires_grad=False
2026/08/11 14:43:52 - mmengine - WARNING - img_backbone.layer3.5.bn2.bias is skipped since its requires_grad=False
2026/08/11 14:43:52 - mmengine - INFO - paramwise_options -- img_backbone.layer3.5.conv3.weight:lr=2e-05
2026/08/11 14:43:52 - mmengine - INFO - paramwise_options -- img_backbone.layer3.5.conv3.weight:weight_decay=0.01
2026/08/11 14:43:52 - mmengine - INFO - paramwise_options -- img_backbone.layer3.5.conv3.weight:lr_mult=0.1
2026/08/11 14:43:52 - mmengine - WARNING - img_backbone.layer3.5.bn3.weight is skipped since its requires_grad=False
2026/08/11 14:43:52 - mmengine - WARNING - img_backbone.layer3.5.bn3.bias is skipped since its requires_grad=False
2026/08/11 14:43:52 - mmengine - INFO - paramwise_options -- img_backbone.layer3.6.conv1.weight:lr=2e-05
2026/08/11 14:43:52 - mmengine - INFO - paramwise_options -- img_backbone.layer3.6.conv1.weight:weight_decay=0.01
2026/08/11 14:43:52 - mmengine - INFO - paramwise_options -- img_backbone.layer3.6.conv1.weight:lr_mult=0.1
2026/08/11 14:43:52 - mmengine - WARNING - img_backbone.layer3.6.bn1.weight is skipped since its requires_grad=False
2026/08/11 14:43:52 - mmengine - WARNING - img_backbone.layer3.6.bn1.bias is skipped since its requires_grad=False
2026/08/11 14:43:52 - mmengine - INFO - paramwise_options -- img_backbone.layer3.6.conv2.weight:lr=2e-05
2026/08/11 14:43:52 - mmengine - INFO - paramwise_options -- img_backbone.layer3.6.conv2.weight:weight_decay=0.01
2026/08/11 14:43:52 - mmengine - INFO - paramwise_options -- img_backbone.layer3.6.conv2.weight:lr_mult=0.1
2026/08/11 14:43:52 - mmengine - INFO - paramwise_options -- img_backbone.layer3.6.conv2.conv_offset.weight:lr=2e-05
2026/08/11 14:43:52 - mmengine - INFO - paramwise_options -- img_backbone.layer3.6.conv2.conv_offset.weight:weight_decay=0.01
2026/08/11 14:43:52 - mmengine - INFO - paramwise_options -- img_backbone.layer3.6.conv2.conv_offset.weight:lr_mult=0.1
2026/08/11 14:43:52 - mmengine - INFO - paramwise_options -- img_backbone.layer3.6.conv2.conv_offset.bias:lr=2e-05
2026/08/11 14:43:52 - mmengine - INFO - paramwise_options -- img_backbone.layer3.6.conv2.conv_offset.bias:weight_decay=0.01
2026/08/11 14:43:52 - mmengine - INFO - paramwise_options -- img_backbone.layer3.6.conv2.conv_offset.bias:lr_mult=0.1
2026/08/11 14:43:52 - mmengine - WARNING - img_backbone.layer3.6.bn2.weight is skipped since its requires_grad=False
2026/08/11 14:43:52 - mmengine - WARNING - img_backbone.layer3.6.bn2.bias is skipped since its requires_grad=False
2026/08/11 14:43:52 - mmengine - INFO - paramwise_options -- img_backbone.layer3.6.conv3.weight:lr=2e-05
2026/08/11 14:43:52 - mmengine - INFO - paramwise_options -- img_backbone.layer3.6.conv3.weight:weight_decay=0.01
2026/08/11 14:43:52 - mmengine - INFO - paramwise_options -- img_backbone.layer3.6.conv3.weight:lr_mult=0.1
2026/08/11 14:43:52 - mmengine - WARNING - img_backbone.layer3.6.bn3.weight is skipped since its requires_grad=False
2026/08/11 14:43:52 - mmengine - WARNING - img_backbone.layer3.6.bn3.bias is skipped since its requires_grad=False
2026/08/11 14:43:52 - mmengine - INFO - paramwise_options -- img_backbone.layer3.7.conv1.weight:lr=2e-05
2026/08/11 14:43:52 - mmengine - INFO - paramwise_options -- img_backbone.layer3.7.conv1.weight:weight_decay=0.01
2026/08/11 14:43:52 - mmengine - INFO - paramwise_options -- img_backbone.layer3.7.conv1.weight:lr_mult=0.1
2026/08/11 14:43:52 - mmengine - WARNING - img_backbone.layer3.7.bn1.weight is skipped since its requires_grad=False
2026/08/11 14:43:52 - mmengine - WARNING - img_backbone.layer3.7.bn1.bias is skipped since its requires_grad=False
2026/08/11 14:43:52 - mmengine - INFO - paramwise_options -- img_backbone.layer3.7.conv2.weight:lr=2e-05
2026/08/11 14:43:52 - mmengine - INFO - paramwise_options -- img_backbone.layer3.7.conv2.weight:weight_decay=0.01
2026/08/11 14:43:52 - mmengine - INFO - paramwise_options -- img_backbone.layer3.7.conv2.weight:lr_mult=0.1
2026/08/11 14:43:52 - mmengine - INFO - paramwise_options -- img_backbone.layer3.7.conv2.conv_offset.weight:lr=2e-05
2026/08/11 14:43:52 - mmengine - INFO - paramwise_options -- img_backbone.layer3.7.conv2.conv_offset.weight:weight_decay=0.01
2026/08/11 14:43:52 - mmengine - INFO - paramwise_options -- img_backbone.layer3.7.conv2.conv_offset.weight:lr_mult=0.1
2026/08/11 14:43:52 - mmengine - INFO - paramwise_options -- img_backbone.layer3.7.conv2.conv_offset.bias:lr=2e-05
2026/08/11 14:43:52 - mmengine - INFO - paramwise_options -- img_backbone.layer3.7.conv2.conv_offset.bias:weight_decay=0.01
2026/08/11 14:43:52 - mmengine - INFO - paramwise_options -- img_backbone.layer3.7.conv2.conv_offset.bias:lr_mult=0.1
2026/08/11 14:43:52 - mmengine - WARNING - img_backbone.layer3.7.bn2.weight is skipped since its requires_grad=False
2026/08/11 14:43:52 - mmengine - WARNING - img_backbone.layer3.7.bn2.bias is skipped since its requires_grad=False
2026/08/11 14:43:52 - mmengine - INFO - paramwise_options -- img_backbone.layer3.7.conv3.weight:lr=2e-05
2026/08/11 14:43:52 - mmengine - INFO - paramwise_options -- img_backbone.layer3.7.conv3.weight:weight_decay=0.01
2026/08/11 14:43:52 - mmengine - INFO - paramwise_options -- img_backbone.layer3.7.conv3.weight:lr_mult=0.1
2026/08/11 14:43:52 - mmengine - WARNING - img_backbone.layer3.7.bn3.weight is skipped since its requires_grad=False
2026/08/11 14:43:52 - mmengine - WARNING - img_backbone.layer3.7.bn3.bias is skipped since its requires_grad=False
2026/08/11 14:43:52 - mmengine - INFO - paramwise_options -- img_backbone.layer3.8.conv1.weight:lr=2e-05
2026/08/11 14:43:52 - mmengine - INFO - paramwise_options -- img_backbone.layer3.8.conv1.weight:weight_decay=0.01
2026/08/11 14:43:52 - mmengine - INFO - paramwise_options -- img_backbone.layer3.8.conv1.weight:lr_mult=0.1
2026/08/11 14:43:52 - mmengine - WARNING - img_backbone.layer3.8.bn1.weight is skipped since its requires_grad=False
2026/08/11 14:43:52 - mmengine - WARNING - img_backbone.layer3.8.bn1.bias is skipped since its requires_grad=False
2026/08/11 14:43:52 - mmengine - INFO - paramwise_options -- img_backbone.layer3.8.conv2.weight:lr=2e-05
2026/08/11 14:43:52 - mmengine - INFO - paramwise_options -- img_backbone.layer3.8.conv2.weight:weight_decay=0.01
2026/08/11 14:43:52 - mmengine - INFO - paramwise_options -- img_backbone.layer3.8.conv2.weight:lr_mult=0.1
2026/08/11 14:43:52 - mmengine - INFO - paramwise_options -- img_backbone.layer3.8.conv2.conv_offset.weight:lr=2e-05
2026/08/11 14:43:52 - mmengine - INFO - paramwise_options -- img_backbone.layer3.8.conv2.conv_offset.weight:weight_decay=0.01
2026/08/11 14:43:52 - mmengine - INFO - paramwise_options -- img_backbone.layer3.8.conv2.conv_offset.weight:lr_mult=0.1
2026/08/11 14:43:52 - mmengine - INFO - paramwise_options -- img_backbone.layer3.8.conv2.conv_offset.bias:lr=2e-05
2026/08/11 14:43:52 - mmengine - INFO - paramwise_options -- img_backbone.layer3.8.conv2.conv_offset.bias:weight_decay=0.01
2026/08/11 14:43:52 - mmengine - INFO - paramwise_options -- img_backbone.layer3.8.conv2.conv_offset.bias:lr_mult=0.1
2026/08/11 14:43:52 - mmengine - WARNING - img_backbone.layer3.8.bn2.weight is skipped since its requires_grad=False
2026/08/11 14:43:52 - mmengine - WARNING - img_backbone.layer3.8.bn2.bias is skipped since its requires_grad=False
2026/08/11 14:43:52 - mmengine - INFO - paramwise_options -- img_backbone.layer3.8.conv3.weight:lr=2e-05
2026/08/11 14:43:52 - mmengine - INFO - paramwise_options -- img_backbone.layer3.8.conv3.weight:weight_decay=0.01
2026/08/11 14:43:52 - mmengine - INFO - paramwise_options -- img_backbone.layer3.8.conv3.weight:lr_mult=0.1
2026/08/11 14:43:52 - mmengine - WARNING - img_backbone.layer3.8.bn3.weight is skipped since its requires_grad=False
2026/08/11 14:43:52 - mmengine - WARNING - img_backbone.layer3.8.bn3.bias is skipped since its requires_grad=False
2026/08/11 14:43:52 - mmengine - INFO - paramwise_options -- img_backbone.layer3.9.conv1.weight:lr=2e-05
2026/08/11 14:43:52 - mmengine - INFO - paramwise_options -- img_backbone.layer3.9.conv1.weight:weight_decay=0.01
2026/08/11 14:43:52 - mmengine - INFO - paramwise_options -- img_backbone.layer3.9.conv1.weight:lr_mult=0.1
2026/08/11 14:43:52 - mmengine - WARNING - img_backbone.layer3.9.bn1.weight is skipped since its requires_grad=False
2026/08/11 14:43:52 - mmengine - WARNING - img_backbone.layer3.9.bn1.bias is skipped since its requires_grad=False
2026/08/11 14:43:52 - mmengine - INFO - paramwise_options -- img_backbone.layer3.9.conv2.weight:lr=2e-05
2026/08/11 14:43:52 - mmengine - INFO - paramwise_options -- img_backbone.layer3.9.conv2.weight:weight_decay=0.01
2026/08/11 14:43:52 - mmengine - INFO - paramwise_options -- img_backbone.layer3.9.conv2.weight:lr_mult=0.1
2026/08/11 14:43:52 - mmengine - INFO - paramwise_options -- img_backbone.layer3.9.conv2.conv_offset.weight:lr=2e-05
2026/08/11 14:43:52 - mmengine - INFO - paramwise_options -- img_backbone.layer3.9.conv2.conv_offset.weight:weight_decay=0.01
2026/08/11 14:43:52 - mmengine - INFO - paramwise_options -- img_backbone.layer3.9.conv2.conv_offset.weight:lr_mult=0.1
2026/08/11 14:43:52 - mmengine - INFO - paramwise_options -- img_backbone.layer3.9.conv2.conv_offset.bias:lr=2e-05
2026/08/11 14:43:52 - mmengine - INFO - paramwise_options -- img_backbone.layer3.9.conv2.conv_offset.bias:weight_decay=0.01
2026/08/11 14:43:52 - mmengine - INFO - paramwise_options -- img_backbone.layer3.9.conv2.conv_offset.bias:lr_mult=0.1
2026/08/11 14:43:52 - mmengine - WARNING - img_backbone.layer3.9.bn2.weight is skipped since its requires_grad=False
2026/08/11 14:43:52 - mmengine - WARNING - img_backbone.layer3.9.bn2.bias is skipped since its requires_grad=False
2026/08/11 14:43:52 - mmengine - INFO - paramwise_options -- img_backbone.layer3.9.conv3.weight:lr=2e-05
2026/08/11 14:43:52 - mmengine - INFO - paramwise_options -- img_backbone.layer3.9.conv3.weight:weight_decay=0.01
2026/08/11 14:43:52 - mmengine - INFO - paramwise_options -- img_backbone.layer3.9.conv3.weight:lr_mult=0.1
2026/08/11 14:43:52 - mmengine - WARNING - img_backbone.layer3.9.bn3.weight is skipped since its requires_grad=False
2026/08/11 14:43:52 - mmengine - WARNING - img_backbone.layer3.9.bn3.bias is skipped since its requires_grad=False
2026/08/11 14:43:52 - mmengine - INFO - paramwise_options -- img_backbone.layer3.10.conv1.weight:lr=2e-05
2026/08/11 14:43:52 - mmengine - INFO - paramwise_options -- img_backbone.layer3.10.conv1.weight:weight_decay=0.01
2026/08/11 14:43:52 - mmengine - INFO - paramwise_options -- img_backbone.layer3.10.conv1.weight:lr_mult=0.1
2026/08/11 14:43:52 - mmengine - WARNING - img_backbone.layer3.10.bn1.weight is skipped since its requires_grad=False
2026/08/11 14:43:52 - mmengine - WARNING - img_backbone.layer3.10.bn1.bias is skipped since its requires_grad=False
2026/08/11 14:43:52 - mmengine - INFO - paramwise_options -- img_backbone.layer3.10.conv2.weight:lr=2e-05
2026/08/11 14:43:52 - mmengine - INFO - paramwise_options -- img_backbone.layer3.10.conv2.weight:weight_decay=0.01
2026/08/11 14:43:52 - mmengine - INFO - paramwise_options -- img_backbone.layer3.10.conv2.weight:lr_mult=0.1
2026/08/11 14:43:52 - mmengine - INFO - paramwise_options -- img_backbone.layer3.10.conv2.conv_offset.weight:lr=2e-05
2026/08/11 14:43:52 - mmengine - INFO - paramwise_options -- img_backbone.layer3.10.conv2.conv_offset.weight:weight_decay=0.01
2026/08/11 14:43:52 - mmengine - INFO - paramwise_options -- img_backbone.layer3.10.conv2.conv_offset.weight:lr_mult=0.1
2026/08/11 14:43:52 - mmengine - INFO - paramwise_options -- img_backbone.layer3.10.conv2.conv_offset.bias:lr=2e-05
2026/08/11 14:43:52 - mmengine - INFO - paramwise_options -- img_backbone.layer3.10.conv2.conv_offset.bias:weight_decay=0.01
2026/08/11 14:43:52 - mmengine - INFO - paramwise_options -- img_backbone.layer3.10.conv2.conv_offset.bias:lr_mult=0.1
2026/08/11 14:43:52 - mmengine - WARNING - img_backbone.layer3.10.bn2.weight is skipped since its requires_grad=False
2026/08/11 14:43:52 - mmengine - WARNING - img_backbone.layer3.10.bn2.bias is skipped since its requires_grad=False
2026/08/11 14:43:52 - mmengine - INFO - paramwise_options -- img_backbone.layer3.10.conv3.weight:lr=2e-05
2026/08/11 14:43:52 - mmengine - INFO - paramwise_options -- img_backbone.layer3.10.conv3.weight:weight_decay=0.01
2026/08/11 14:43:52 - mmengine - INFO - paramwise_options -- img_backbone.layer3.10.conv3.weight:lr_mult=0.1
2026/08/11 14:43:52 - mmengine - WARNING - img_backbone.layer3.10.bn3.weight is skipped since its requires_grad=False
2026/08/11 14:43:52 - mmengine - WARNING - img_backbone.layer3.10.bn3.bias is skipped since its requires_grad=False
2026/08/11 14:43:52 - mmengine - INFO - paramwise_options -- img_backbone.layer3.11.conv1.weight:lr=2e-05
2026/08/11 14:43:52 - mmengine - INFO - paramwise_options -- img_backbone.layer3.11.conv1.weight:weight_decay=0.01
2026/08/11 14:43:52 - mmengine - INFO - paramwise_options -- img_backbone.layer3.11.conv1.weight:lr_mult=0.1
2026/08/11 14:43:52 - mmengine - WARNING - img_backbone.layer3.11.bn1.weight is skipped since its requires_grad=False
2026/08/11 14:43:52 - mmengine - WARNING - img_backbone.layer3.11.bn1.bias is skipped since its requires_grad=False
2026/08/11 14:43:52 - mmengine - INFO - paramwise_options -- img_backbone.layer3.11.conv2.weight:lr=2e-05
2026/08/11 14:43:52 - mmengine - INFO - paramwise_options -- img_backbone.layer3.11.conv2.weight:weight_decay=0.01
2026/08/11 14:43:52 - mmengine - INFO - paramwise_options -- img_backbone.layer3.11.conv2.weight:lr_mult=0.1
2026/08/11 14:43:52 - mmengine - INFO - paramwise_options -- img_backbone.layer3.11.conv2.conv_offset.weight:lr=2e-05
2026/08/11 14:43:52 - mmengine - INFO - paramwise_options -- img_backbone.layer3.11.conv2.conv_offset.weight:weight_decay=0.01
2026/08/11 14:43:52 - mmengine - INFO - paramwise_options -- img_backbone.layer3.11.conv2.conv_offset.weight:lr_mult=0.1
2026/08/11 14:43:52 - mmengine - INFO - paramwise_options -- img_backbone.layer3.11.conv2.conv_offset.bias:lr=2e-05
2026/08/11 14:43:52 - mmengine - INFO - paramwise_options -- img_backbone.layer3.11.conv2.conv_offset.bias:weight_decay=0.01
2026/08/11 14:43:52 - mmengine - INFO - paramwise_options -- img_backbone.layer3.11.conv2.conv_offset.bias:lr_mult=0.1
2026/08/11 14:43:52 - mmengine - WARNING - img_backbone.layer3.11.bn2.weight is skipped since its requires_grad=False
2026/08/11 14:43:52 - mmengine - WARNING - img_backbone.layer3.11.bn2.bias is skipped since its requires_grad=False
2026/08/11 14:43:52 - mmengine - INFO - paramwise_options -- img_backbone.layer3.11.conv3.weight:lr=2e-05
2026/08/11 14:43:52 - mmengine - INFO - paramwise_options -- img_backbone.layer3.11.conv3.weight:weight_decay=0.01
2026/08/11 14:43:52 - mmengine - INFO - paramwise_options -- img_backbone.layer3.11.conv3.weight:lr_mult=0.1
2026/08/11 14:43:52 - mmengine - WARNING - img_backbone.layer3.11.bn3.weight is skipped since its requires_grad=False
2026/08/11 14:43:52 - mmengine - WARNING - img_backbone.layer3.11.bn3.bias is skipped since its requires_grad=False
2026/08/11 14:43:52 - mmengine - INFO - paramwise_options -- img_backbone.layer3.12.conv1.weight:lr=2e-05
2026/08/11 14:43:52 - mmengine - INFO - paramwise_options -- img_backbone.layer3.12.conv1.weight:weight_decay=0.01
2026/08/11 14:43:52 - mmengine - INFO - paramwise_options -- img_backbone.layer3.12.conv1.weight:lr_mult=0.1
2026/08/11 14:43:52 - mmengine - WARNING - img_backbone.layer3.12.bn1.weight is skipped since its requires_grad=False
2026/08/11 14:43:52 - mmengine - WARNING - img_backbone.layer3.12.bn1.bias is skipped since its requires_grad=False
2026/08/11 14:43:52 - mmengine - INFO - paramwise_options -- img_backbone.layer3.12.conv2.weight:lr=2e-05
2026/08/11 14:43:52 - mmengine - INFO - paramwise_options -- img_backbone.layer3.12.conv2.weight:weight_decay=0.01
2026/08/11 14:43:52 - mmengine - INFO - paramwise_options -- img_backbone.layer3.12.conv2.weight:lr_mult=0.1
2026/08/11 14:43:52 - mmengine - INFO - paramwise_options -- img_backbone.layer3.12.conv2.conv_offset.weight:lr=2e-05
2026/08/11 14:43:52 - mmengine - INFO - paramwise_options -- img_backbone.layer3.12.conv2.conv_offset.weight:weight_decay=0.01
2026/08/11 14:43:52 - mmengine - INFO - paramwise_options -- img_backbone.layer3.12.conv2.conv_offset.weight:lr_mult=0.1
2026/08/11 14:43:52 - mmengine - INFO - paramwise_options -- img_backbone.layer3.12.conv2.conv_offset.bias:lr=2e-05
2026/08/11 14:43:52 - mmengine - INFO - paramwise_options -- img_backbone.layer3.12.conv2.conv_offset.bias:weight_decay=0.01
2026/08/11 14:43:52 - mmengine - INFO - paramwise_options -- img_backbone.layer3.12.conv2.conv_offset.bias:lr_mult=0.1
2026/08/11 14:43:52 - mmengine - WARNING - img_backbone.layer3.12.bn2.weight is skipped since its requires_grad=False
2026/08/11 14:43:52 - mmengine - WARNING - img_backbone.layer3.12.bn2.bias is skipped since its requires_grad=False
2026/08/11 14:43:52 - mmengine - INFO - paramwise_options -- img_backbone.layer3.12.conv3.weight:lr=2e-05
2026/08/11 14:43:52 - mmengine - INFO - paramwise_options -- img_backbone.layer3.12.conv3.weight:weight_decay=0.01
2026/08/11 14:43:52 - mmengine - INFO - paramwise_options -- img_backbone.layer3.12.conv3.weight:lr_mult=0.1
2026/08/11 14:43:52 - mmengine - WARNING - img_backbone.layer3.12.bn3.weight is skipped since its requires_grad=False
2026/08/11 14:43:52 - mmengine - WARNING - img_backbone.layer3.12.bn3.bias is skipped since its requires_grad=False
2026/08/11 14:43:52 - mmengine - INFO - paramwise_options -- img_backbone.layer3.13.conv1.weight:lr=2e-05
2026/08/11 14:43:52 - mmengine - INFO - paramwise_options -- img_backbone.layer3.13.conv1.weight:weight_decay=0.01
2026/08/11 14:43:52 - mmengine - INFO - paramwise_options -- img_backbone.layer3.13.conv1.weight:lr_mult=0.1
2026/08/11 14:43:52 - mmengine - WARNING - img_backbone.layer3.13.bn1.weight is skipped since its requires_grad=False
2026/08/11 14:43:52 - mmengine - WARNING - img_backbone.layer3.13.bn1.bias is skipped since its requires_grad=False
2026/08/11 14:43:52 - mmengine - INFO - paramwise_options -- img_backbone.layer3.13.conv2.weight:lr=2e-05
2026/08/11 14:43:52 - mmengine - INFO - paramwise_options -- img_backbone.layer3.13.conv2.weight:weight_decay=0.01
2026/08/11 14:43:52 - mmengine - INFO - paramwise_options -- img_backbone.layer3.13.conv2.weight:lr_mult=0.1
2026/08/11 14:43:52 - mmengine - INFO - paramwise_options -- img_backbone.layer3.13.conv2.conv_offset.weight:lr=2e-05
2026/08/11 14:43:52 - mmengine - INFO - paramwise_options -- img_backbone.layer3.13.conv2.conv_offset.weight:weight_decay=0.01
2026/08/11 14:43:52 - mmengine - INFO - paramwise_options -- img_backbone.layer3.13.conv2.conv_offset.weight:lr_mult=0.1
2026/08/11 14:43:52 - mmengine - INFO - paramwise_options -- img_backbone.layer3.13.conv2.conv_offset.bias:lr=2e-05
2026/08/11 14:43:52 - mmengine - INFO - paramwise_options -- img_backbone.layer3.13.conv2.conv_offset.bias:weight_decay=0.01
2026/08/11 14:43:52 - mmengine - INFO - paramwise_options -- img_backbone.layer3.13.conv2.conv_offset.bias:lr_mult=0.1
2026/08/11 14:43:52 - mmengine - WARNING - img_backbone.layer3.13.bn2.weight is skipped since its requires_grad=False
2026/08/11 14:43:52 - mmengine - WARNING - img_backbone.layer3.13.bn2.bias is skipped since its requires_grad=False
2026/08/11 14:43:52 - mmengine - INFO - paramwise_options -- img_backbone.layer3.13.conv3.weight:lr=2e-05
2026/08/11 14:43:52 - mmengine - INFO - paramwise_options -- img_backbone.layer3.13.conv3.weight:weight_decay=0.01
2026/08/11 14:43:52 - mmengine - INFO - paramwise_options -- img_backbone.layer3.13.conv3.weight:lr_mult=0.1
2026/08/11 14:43:52 - mmengine - WARNING - img_backbone.layer3.13.bn3.weight is skipped since its requires_grad=False
2026/08/11 14:43:52 - mmengine - WARNING - img_backbone.layer3.13.bn3.bias is skipped since its requires_grad=False
2026/08/11 14:43:52 - mmengine - INFO - paramwise_options -- img_backbone.layer3.14.conv1.weight:lr=2e-05
2026/08/11 14:43:52 - mmengine - INFO - paramwise_options -- img_backbone.layer3.14.conv1.weight:weight_decay=0.01
2026/08/11 14:43:52 - mmengine - INFO - paramwise_options -- img_backbone.layer3.14.conv1.weight:lr_mult=0.1
2026/08/11 14:43:52 - mmengine - WARNING - img_backbone.layer3.14.bn1.weight is skipped since its requires_grad=False
2026/08/11 14:43:52 - mmengine - WARNING - img_backbone.layer3.14.bn1.bias is skipped since its requires_grad=False
2026/08/11 14:43:52 - mmengine - INFO - paramwise_options -- img_backbone.layer3.14.conv2.weight:lr=2e-05
2026/08/11 14:43:52 - mmengine - INFO - paramwise_options -- img_backbone.layer3.14.conv2.weight:weight_decay=0.01
2026/08/11 14:43:52 - mmengine - INFO - paramwise_options -- img_backbone.layer3.14.conv2.weight:lr_mult=0.1
2026/08/11 14:43:52 - mmengine - INFO - paramwise_options -- img_backbone.layer3.14.conv2.conv_offset.weight:lr=2e-05
2026/08/11 14:43:52 - mmengine - INFO - paramwise_options -- img_backbone.layer3.14.conv2.conv_offset.weight:weight_decay=0.01
2026/08/11 14:43:52 - mmengine - INFO - paramwise_options -- img_backbone.layer3.14.conv2.conv_offset.weight:lr_mult=0.1
2026/08/11 14:43:52 - mmengine - INFO - paramwise_options -- img_backbone.layer3.14.conv2.conv_offset.bias:lr=2e-05
2026/08/11 14:43:52 - mmengine - INFO - paramwise_options -- img_backbone.layer3.14.conv2.conv_offset.bias:weight_decay=0.01
2026/08/11 14:43:52 - mmengine - INFO - paramwise_options -- img_backbone.layer3.14.conv2.conv_offset.bias:lr_mult=0.1
2026/08/11 14:43:52 - mmengine - WARNING - img_backbone.layer3.14.bn2.weight is skipped since its requires_grad=False
2026/08/11 14:43:52 - mmengine - WARNING - img_backbone.layer3.14.bn2.bias is skipped since its requires_grad=False
2026/08/11 14:43:52 - mmengine - INFO - paramwise_options -- img_backbone.layer3.14.conv3.weight:lr=2e-05
2026/08/11 14:43:52 - mmengine - INFO - paramwise_options -- img_backbone.layer3.14.conv3.weight:weight_decay=0.01
2026/08/11 14:43:52 - mmengine - INFO - paramwise_options -- img_backbone.layer3.14.conv3.weight:lr_mult=0.1
2026/08/11 14:43:52 - mmengine - WARNING - img_backbone.layer3.14.bn3.weight is skipped since its requires_grad=False
2026/08/11 14:43:52 - mmengine - WARNING - img_backbone.layer3.14.bn3.bias is skipped since its requires_grad=False
2026/08/11 14:43:52 - mmengine - INFO - paramwise_options -- img_backbone.layer3.15.conv1.weight:lr=2e-05
2026/08/11 14:43:52 - mmengine - INFO - paramwise_options -- img_backbone.layer3.15.conv1.weight:weight_decay=0.01
2026/08/11 14:43:52 - mmengine - INFO - paramwise_options -- img_backbone.layer3.15.conv1.weight:lr_mult=0.1
2026/08/11 14:43:52 - mmengine - WARNING - img_backbone.layer3.15.bn1.weight is skipped since its requires_grad=False
2026/08/11 14:43:52 - mmengine - WARNING - img_backbone.layer3.15.bn1.bias is skipped since its requires_grad=False
2026/08/11 14:43:52 - mmengine - INFO - paramwise_options -- img_backbone.layer3.15.conv2.weight:lr=2e-05
2026/08/11 14:43:52 - mmengine - INFO - paramwise_options -- img_backbone.layer3.15.conv2.weight:weight_decay=0.01
2026/08/11 14:43:52 - mmengine - INFO - paramwise_options -- img_backbone.layer3.15.conv2.weight:lr_mult=0.1
2026/08/11 14:43:52 - mmengine - INFO - paramwise_options -- img_backbone.layer3.15.conv2.conv_offset.weight:lr=2e-05
2026/08/11 14:43:52 - mmengine - INFO - paramwise_options -- img_backbone.layer3.15.conv2.conv_offset.weight:weight_decay=0.01
2026/08/11 14:43:52 - mmengine - INFO - paramwise_options -- img_backbone.layer3.15.conv2.conv_offset.weight:lr_mult=0.1
2026/08/11 14:43:52 - mmengine - INFO - paramwise_options -- img_backbone.layer3.15.conv2.conv_offset.bias:lr=2e-05
2026/08/11 14:43:52 - mmengine - INFO - paramwise_options -- img_backbone.layer3.15.conv2.conv_offset.bias:weight_decay=0.01
2026/08/11 14:43:52 - mmengine - INFO - paramwise_options -- img_backbone.layer3.15.conv2.conv_offset.bias:lr_mult=0.1
2026/08/11 14:43:52 - mmengine - WARNING - img_backbone.layer3.15.bn2.weight is skipped since its requires_grad=False
2026/08/11 14:43:52 - mmengine - WARNING - img_backbone.layer3.15.bn2.bias is skipped since its requires_grad=False
2026/08/11 14:43:52 - mmengine - INFO - paramwise_options -- img_backbone.layer3.15.conv3.weight:lr=2e-05
2026/08/11 14:43:52 - mmengine - INFO - paramwise_options -- img_backbone.layer3.15.conv3.weight:weight_decay=0.01
2026/08/11 14:43:52 - mmengine - INFO - paramwise_options -- img_backbone.layer3.15.conv3.weight:lr_mult=0.1
2026/08/11 14:43:52 - mmengine - WARNING - img_backbone.layer3.15.bn3.weight is skipped since its requires_grad=False
2026/08/11 14:43:52 - mmengine - WARNING - img_backbone.layer3.15.bn3.bias is skipped since its requires_grad=False
2026/08/11 14:43:52 - mmengine - INFO - paramwise_options -- img_backbone.layer3.16.conv1.weight:lr=2e-05
2026/08/11 14:43:52 - mmengine - INFO - paramwise_options -- img_backbone.layer3.16.conv1.weight:weight_decay=0.01
2026/08/11 14:43:52 - mmengine - INFO - paramwise_options -- img_backbone.layer3.16.conv1.weight:lr_mult=0.1
2026/08/11 14:43:52 - mmengine - WARNING - img_backbone.layer3.16.bn1.weight is skipped since its requires_grad=False
2026/08/11 14:43:52 - mmengine - WARNING - img_backbone.layer3.16.bn1.bias is skipped since its requires_grad=False
2026/08/11 14:43:52 - mmengine - INFO - paramwise_options -- img_backbone.layer3.16.conv2.weight:lr=2e-05
2026/08/11 14:43:52 - mmengine - INFO - paramwise_options -- img_backbone.layer3.16.conv2.weight:weight_decay=0.01
2026/08/11 14:43:52 - mmengine - INFO - paramwise_options -- img_backbone.layer3.16.conv2.weight:lr_mult=0.1
2026/08/11 14:43:52 - mmengine - INFO - paramwise_options -- img_backbone.layer3.16.conv2.conv_offset.weight:lr=2e-05
2026/08/11 14:43:52 - mmengine - INFO - paramwise_options -- img_backbone.layer3.16.conv2.conv_offset.weight:weight_decay=0.01
2026/08/11 14:43:52 - mmengine - INFO - paramwise_options -- img_backbone.layer3.16.conv2.conv_offset.weight:lr_mult=0.1
2026/08/11 14:43:52 - mmengine - INFO - paramwise_options -- img_backbone.layer3.16.conv2.conv_offset.bias:lr=2e-05
2026/08/11 14:43:52 - mmengine - INFO - paramwise_options -- img_backbone.layer3.16.conv2.conv_offset.bias:weight_decay=0.01
2026/08/11 14:43:52 - mmengine - INFO - paramwise_options -- img_backbone.layer3.16.conv2.conv_offset.bias:lr_mult=0.1
2026/08/11 14:43:52 - mmengine - WARNING - img_backbone.layer3.16.bn2.weight is skipped since its requires_grad=False
2026/08/11 14:43:52 - mmengine - WARNING - img_backbone.layer3.16.bn2.bias is skipped since its requires_grad=False
2026/08/11 14:43:52 - mmengine - INFO - paramwise_options -- img_backbone.layer3.16.conv3.weight:lr=2e-05
2026/08/11 14:43:52 - mmengine - INFO - paramwise_options -- img_backbone.layer3.16.conv3.weight:weight_decay=0.01
2026/08/11 14:43:52 - mmengine - INFO - paramwise_options -- img_backbone.layer3.16.conv3.weight:lr_mult=0.1
2026/08/11 14:43:52 - mmengine - WARNING - img_backbone.layer3.16.bn3.weight is skipped since its requires_grad=False
2026/08/11 14:43:52 - mmengine - WARNING - img_backbone.layer3.16.bn3.bias is skipped since its requires_grad=False
2026/08/11 14:43:52 - mmengine - INFO - paramwise_options -- img_backbone.layer3.17.conv1.weight:lr=2e-05
2026/08/11 14:43:52 - mmengine - INFO - paramwise_options -- img_backbone.layer3.17.conv1.weight:weight_decay=0.01
2026/08/11 14:43:52 - mmengine - INFO - paramwise_options -- img_backbone.layer3.17.conv1.weight:lr_mult=0.1
2026/08/11 14:43:52 - mmengine - WARNING - img_backbone.layer3.17.bn1.weight is skipped since its requires_grad=False
2026/08/11 14:43:52 - mmengine - WARNING - img_backbone.layer3.17.bn1.bias is skipped since its requires_grad=False
2026/08/11 14:43:52 - mmengine - INFO - paramwise_options -- img_backbone.layer3.17.conv2.weight:lr=2e-05
2026/08/11 14:43:52 - mmengine - INFO - paramwise_options -- img_backbone.layer3.17.conv2.weight:weight_decay=0.01
2026/08/11 14:43:52 - mmengine - INFO - paramwise_options -- img_backbone.layer3.17.conv2.weight:lr_mult=0.1
2026/08/11 14:43:52 - mmengine - INFO - paramwise_options -- img_backbone.layer3.17.conv2.conv_offset.weight:lr=2e-05
2026/08/11 14:43:52 - mmengine - INFO - paramwise_options -- img_backbone.layer3.17.conv2.conv_offset.weight:weight_decay=0.01
2026/08/11 14:43:52 - mmengine - INFO - paramwise_options -- img_backbone.layer3.17.conv2.conv_offset.weight:lr_mult=0.1
2026/08/11 14:43:52 - mmengine - INFO - paramwise_options -- img_backbone.layer3.17.conv2.conv_offset.bias:lr=2e-05
2026/08/11 14:43:52 - mmengine - INFO - paramwise_options -- img_backbone.layer3.17.conv2.conv_offset.bias:weight_decay=0.01
2026/08/11 14:43:52 - mmengine - INFO - paramwise_options -- img_backbone.layer3.17.conv2.conv_offset.bias:lr_mult=0.1
2026/08/11 14:43:52 - mmengine - WARNING - img_backbone.layer3.17.bn2.weight is skipped since its requires_grad=False
2026/08/11 14:43:52 - mmengine - WARNING - img_backbone.layer3.17.bn2.bias is skipped since its requires_grad=False
2026/08/11 14:43:52 - mmengine - INFO - paramwise_options -- img_backbone.layer3.17.conv3.weight:lr=2e-05
2026/08/11 14:43:52 - mmengine - INFO - paramwise_options -- img_backbone.layer3.17.conv3.weight:weight_decay=0.01
2026/08/11 14:43:52 - mmengine - INFO - paramwise_options -- img_backbone.layer3.17.conv3.weight:lr_mult=0.1
2026/08/11 14:43:52 - mmengine - WARNING - img_backbone.layer3.17.bn3.weight is skipped since its requires_grad=False
2026/08/11 14:43:52 - mmengine - WARNING - img_backbone.layer3.17.bn3.bias is skipped since its requires_grad=False
2026/08/11 14:43:52 - mmengine - INFO - paramwise_options -- img_backbone.layer3.18.conv1.weight:lr=2e-05
2026/08/11 14:43:52 - mmengine - INFO - paramwise_options -- img_backbone.layer3.18.conv1.weight:weight_decay=0.01
2026/08/11 14:43:52 - mmengine - INFO - paramwise_options -- img_backbone.layer3.18.conv1.weight:lr_mult=0.1
2026/08/11 14:43:52 - mmengine - WARNING - img_backbone.layer3.18.bn1.weight is skipped since its requires_grad=False
2026/08/11 14:43:52 - mmengine - WARNING - img_backbone.layer3.18.bn1.bias is skipped since its requires_grad=False
2026/08/11 14:43:52 - mmengine - INFO - paramwise_options -- img_backbone.layer3.18.conv2.weight:lr=2e-05
2026/08/11 14:43:52 - mmengine - INFO - paramwise_options -- img_backbone.layer3.18.conv2.weight:weight_decay=0.01
2026/08/11 14:43:52 - mmengine - INFO - paramwise_options -- img_backbone.layer3.18.conv2.weight:lr_mult=0.1
2026/08/11 14:43:52 - mmengine - INFO - paramwise_options -- img_backbone.layer3.18.conv2.conv_offset.weight:lr=2e-05
2026/08/11 14:43:52 - mmengine - INFO - paramwise_options -- img_backbone.layer3.18.conv2.conv_offset.weight:weight_decay=0.01
2026/08/11 14:43:52 - mmengine - INFO - paramwise_options -- img_backbone.layer3.18.conv2.conv_offset.weight:lr_mult=0.1
2026/08/11 14:43:52 - mmengine - INFO - paramwise_options -- img_backbone.layer3.18.conv2.conv_offset.bias:lr=2e-05
2026/08/11 14:43:52 - mmengine - INFO - paramwise_options -- img_backbone.layer3.18.conv2.conv_offset.bias:weight_decay=0.01
2026/08/11 14:43:52 - mmengine - INFO - paramwise_options -- img_backbone.layer3.18.conv2.conv_offset.bias:lr_mult=0.1
2026/08/11 14:43:52 - mmengine - WARNING - img_backbone.layer3.18.bn2.weight is skipped since its requires_grad=False
2026/08/11 14:43:52 - mmengine - WARNING - img_backbone.layer3.18.bn2.bias is skipped since its requires_grad=False
2026/08/11 14:43:52 - mmengine - INFO - paramwise_options -- img_backbone.layer3.18.conv3.weight:lr=2e-05
2026/08/11 14:43:52 - mmengine - INFO - paramwise_options -- img_backbone.layer3.18.conv3.weight:weight_decay=0.01
2026/08/11 14:43:52 - mmengine - INFO - paramwise_options -- img_backbone.layer3.18.conv3.weight:lr_mult=0.1
2026/08/11 14:43:52 - mmengine - WARNING - img_backbone.layer3.18.bn3.weight is skipped since its requires_grad=False
2026/08/11 14:43:52 - mmengine - WARNING - img_backbone.layer3.18.bn3.bias is skipped since its requires_grad=False
2026/08/11 14:43:52 - mmengine - INFO - paramwise_options -- img_backbone.layer3.19.conv1.weight:lr=2e-05
2026/08/11 14:43:52 - mmengine - INFO - paramwise_options -- img_backbone.layer3.19.conv1.weight:weight_decay=0.01
2026/08/11 14:43:52 - mmengine - INFO - paramwise_options -- img_backbone.layer3.19.conv1.weight:lr_mult=0.1
2026/08/11 14:43:52 - mmengine - WARNING - img_backbone.layer3.19.bn1.weight is skipped since its requires_grad=False
2026/08/11 14:43:52 - mmengine - WARNING - img_backbone.layer3.19.bn1.bias is skipped since its requires_grad=False
2026/08/11 14:43:52 - mmengine - INFO - paramwise_options -- img_backbone.layer3.19.conv2.weight:lr=2e-05
2026/08/11 14:43:52 - mmengine - INFO - paramwise_options -- img_backbone.layer3.19.conv2.weight:weight_decay=0.01
2026/08/11 14:43:52 - mmengine - INFO - paramwise_options -- img_backbone.layer3.19.conv2.weight:lr_mult=0.1
2026/08/11 14:43:52 - mmengine - INFO - paramwise_options -- img_backbone.layer3.19.conv2.conv_offset.weight:lr=2e-05
2026/08/11 14:43:52 - mmengine - INFO - paramwise_options -- img_backbone.layer3.19.conv2.conv_offset.weight:weight_decay=0.01
2026/08/11 14:43:52 - mmengine - INFO - paramwise_options -- img_backbone.layer3.19.conv2.conv_offset.weight:lr_mult=0.1
2026/08/11 14:43:52 - mmengine - INFO - paramwise_options -- img_backbone.layer3.19.conv2.conv_offset.bias:lr=2e-05
2026/08/11 14:43:52 - mmengine - INFO - paramwise_options -- img_backbone.layer3.19.conv2.conv_offset.bias:weight_decay=0.01
2026/08/11 14:43:52 - mmengine - INFO - paramwise_options -- img_backbone.layer3.19.conv2.conv_offset.bias:lr_mult=0.1
2026/08/11 14:43:52 - mmengine - WARNING - img_backbone.layer3.19.bn2.weight is skipped since its requires_grad=False
2026/08/11 14:43:52 - mmengine - WARNING - img_backbone.layer3.19.bn2.bias is skipped since its requires_grad=False
2026/08/11 14:43:52 - mmengine - INFO - paramwise_options -- img_backbone.layer3.19.conv3.weight:lr=2e-05
2026/08/11 14:43:52 - mmengine - INFO - paramwise_options -- img_backbone.layer3.19.conv3.weight:weight_decay=0.01
2026/08/11 14:43:52 - mmengine - INFO - paramwise_options -- img_backbone.layer3.19.conv3.weight:lr_mult=0.1
2026/08/11 14:43:52 - mmengine - WARNING - img_backbone.layer3.19.bn3.weight is skipped since its requires_grad=False
2026/08/11 14:43:52 - mmengine - WARNING - img_backbone.layer3.19.bn3.bias is skipped since its requires_grad=False
2026/08/11 14:43:52 - mmengine - INFO - paramwise_options -- img_backbone.layer3.20.conv1.weight:lr=2e-05
2026/08/11 14:43:52 - mmengine - INFO - paramwise_options -- img_backbone.layer3.20.conv1.weight:weight_decay=0.01
2026/08/11 14:43:52 - mmengine - INFO - paramwise_options -- img_backbone.layer3.20.conv1.weight:lr_mult=0.1
2026/08/11 14:43:52 - mmengine - WARNING - img_backbone.layer3.20.bn1.weight is skipped since its requires_grad=False
2026/08/11 14:43:52 - mmengine - WARNING - img_backbone.layer3.20.bn1.bias is skipped since its requires_grad=False
2026/08/11 14:43:52 - mmengine - INFO - paramwise_options -- img_backbone.layer3.20.conv2.weight:lr=2e-05
2026/08/11 14:43:52 - mmengine - INFO - paramwise_options -- img_backbone.layer3.20.conv2.weight:weight_decay=0.01
2026/08/11 14:43:52 - mmengine - INFO - paramwise_options -- img_backbone.layer3.20.conv2.weight:lr_mult=0.1
2026/08/11 14:43:52 - mmengine - INFO - paramwise_options -- img_backbone.layer3.20.conv2.conv_offset.weight:lr=2e-05
2026/08/11 14:43:52 - mmengine - INFO - paramwise_options -- img_backbone.layer3.20.conv2.conv_offset.weight:weight_decay=0.01
2026/08/11 14:43:52 - mmengine - INFO - paramwise_options -- img_backbone.layer3.20.conv2.conv_offset.weight:lr_mult=0.1
2026/08/11 14:43:52 - mmengine - INFO - paramwise_options -- img_backbone.layer3.20.conv2.conv_offset.bias:lr=2e-05
2026/08/11 14:43:52 - mmengine - INFO - paramwise_options -- img_backbone.layer3.20.conv2.conv_offset.bias:weight_decay=0.01
2026/08/11 14:43:52 - mmengine - INFO - paramwise_options -- img_backbone.layer3.20.conv2.conv_offset.bias:lr_mult=0.1
2026/08/11 14:43:52 - mmengine - WARNING - img_backbone.layer3.20.bn2.weight is skipped since its requires_grad=False
2026/08/11 14:43:52 - mmengine - WARNING - img_backbone.layer3.20.bn2.bias is skipped since its requires_grad=False
2026/08/11 14:43:52 - mmengine - INFO - paramwise_options -- img_backbone.layer3.20.conv3.weight:lr=2e-05
2026/08/11 14:43:52 - mmengine - INFO - paramwise_options -- img_backbone.layer3.20.conv3.weight:weight_decay=0.01
2026/08/11 14:43:52 - mmengine - INFO - paramwise_options -- img_backbone.layer3.20.conv3.weight:lr_mult=0.1
2026/08/11 14:43:52 - mmengine - WARNING - img_backbone.layer3.20.bn3.weight is skipped since its requires_grad=False
2026/08/11 14:43:52 - mmengine - WARNING - img_backbone.layer3.20.bn3.bias is skipped since its requires_grad=False
2026/08/11 14:43:52 - mmengine - INFO - paramwise_options -- img_backbone.layer3.21.conv1.weight:lr=2e-05
2026/08/11 14:43:52 - mmengine - INFO - paramwise_options -- img_backbone.layer3.21.conv1.weight:weight_decay=0.01
2026/08/11 14:43:52 - mmengine - INFO - paramwise_options -- img_backbone.layer3.21.conv1.weight:lr_mult=0.1
2026/08/11 14:43:52 - mmengine - WARNING - img_backbone.layer3.21.bn1.weight is skipped since its requires_grad=False
2026/08/11 14:43:52 - mmengine - WARNING - img_backbone.layer3.21.bn1.bias is skipped since its requires_grad=False
2026/08/11 14:43:52 - mmengine - INFO - paramwise_options -- img_backbone.layer3.21.conv2.weight:lr=2e-05
2026/08/11 14:43:52 - mmengine - INFO - paramwise_options -- img_backbone.layer3.21.conv2.weight:weight_decay=0.01
2026/08/11 14:43:52 - mmengine - INFO - paramwise_options -- img_backbone.layer3.21.conv2.weight:lr_mult=0.1
2026/08/11 14:43:52 - mmengine - INFO - paramwise_options -- img_backbone.layer3.21.conv2.conv_offset.weight:lr=2e-05
2026/08/11 14:43:52 - mmengine - INFO - paramwise_options -- img_backbone.layer3.21.conv2.conv_offset.weight:weight_decay=0.01
2026/08/11 14:43:52 - mmengine - INFO - paramwise_options -- img_backbone.layer3.21.conv2.conv_offset.weight:lr_mult=0.1
2026/08/11 14:43:52 - mmengine - INFO - paramwise_options -- img_backbone.layer3.21.conv2.conv_offset.bias:lr=2e-05
2026/08/11 14:43:52 - mmengine - INFO - paramwise_options -- img_backbone.layer3.21.conv2.conv_offset.bias:weight_decay=0.01
2026/08/11 14:43:52 - mmengine - INFO - paramwise_options -- img_backbone.layer3.21.conv2.conv_offset.bias:lr_mult=0.1
2026/08/11 14:43:52 - mmengine - WARNING - img_backbone.layer3.21.bn2.weight is skipped since its requires_grad=False
2026/08/11 14:43:52 - mmengine - WARNING - img_backbone.layer3.21.bn2.bias is skipped since its requires_grad=False
2026/08/11 14:43:52 - mmengine - INFO - paramwise_options -- img_backbone.layer3.21.conv3.weight:lr=2e-05
2026/08/11 14:43:52 - mmengine - INFO - paramwise_options -- img_backbone.layer3.21.conv3.weight:weight_decay=0.01
2026/08/11 14:43:52 - mmengine - INFO - paramwise_options -- img_backbone.layer3.21.conv3.weight:lr_mult=0.1
2026/08/11 14:43:52 - mmengine - WARNING - img_backbone.layer3.21.bn3.weight is skipped since its requires_grad=False
2026/08/11 14:43:52 - mmengine - WARNING - img_backbone.layer3.21.bn3.bias is skipped since its requires_grad=False
2026/08/11 14:43:52 - mmengine - INFO - paramwise_options -- img_backbone.layer3.22.conv1.weight:lr=2e-05
2026/08/11 14:43:52 - mmengine - INFO - paramwise_options -- img_backbone.layer3.22.conv1.weight:weight_decay=0.01
2026/08/11 14:43:52 - mmengine - INFO - paramwise_options -- img_backbone.layer3.22.conv1.weight:lr_mult=0.1
2026/08/11 14:43:52 - mmengine - WARNING - img_backbone.layer3.22.bn1.weight is skipped since its requires_grad=False
2026/08/11 14:43:52 - mmengine - WARNING - img_backbone.layer3.22.bn1.bias is skipped since its requires_grad=False
2026/08/11 14:43:52 - mmengine - INFO - paramwise_options -- img_backbone.layer3.22.conv2.weight:lr=2e-05
2026/08/11 14:43:52 - mmengine - INFO - paramwise_options -- img_backbone.layer3.22.conv2.weight:weight_decay=0.01
2026/08/11 14:43:52 - mmengine - INFO - paramwise_options -- img_backbone.layer3.22.conv2.weight:lr_mult=0.1
2026/08/11 14:43:52 - mmengine - INFO - paramwise_options -- img_backbone.layer3.22.conv2.conv_offset.weight:lr=2e-05
2026/08/11 14:43:52 - mmengine - INFO - paramwise_options -- img_backbone.layer3.22.conv2.conv_offset.weight:weight_decay=0.01
2026/08/11 14:43:52 - mmengine - INFO - paramwise_options -- img_backbone.layer3.22.conv2.conv_offset.weight:lr_mult=0.1
2026/08/11 14:43:52 - mmengine - INFO - paramwise_options -- img_backbone.layer3.22.conv2.conv_offset.bias:lr=2e-05
2026/08/11 14:43:52 - mmengine - INFO - paramwise_options -- img_backbone.layer3.22.conv2.conv_offset.bias:weight_decay=0.01
2026/08/11 14:43:52 - mmengine - INFO - paramwise_options -- img_backbone.layer3.22.conv2.conv_offset.bias:lr_mult=0.1
2026/08/11 14:43:52 - mmengine - WARNING - img_backbone.layer3.22.bn2.weight is skipped since its requires_grad=False
2026/08/11 14:43:52 - mmengine - WARNING - img_backbone.layer3.22.bn2.bias is skipped since its requires_grad=False
2026/08/11 14:43:52 - mmengine - INFO - paramwise_options -- img_backbone.layer3.22.conv3.weight:lr=2e-05
2026/08/11 14:43:52 - mmengine - INFO - paramwise_options -- img_backbone.layer3.22.conv3.weight:weight_decay=0.01
2026/08/11 14:43:52 - mmengine - INFO - paramwise_options -- img_backbone.layer3.22.conv3.weight:lr_mult=0.1
2026/08/11 14:43:52 - mmengine - WARNING - img_backbone.layer3.22.bn3.weight is skipped since its requires_grad=False
2026/08/11 14:43:52 - mmengine - WARNING - img_backbone.layer3.22.bn3.bias is skipped since its requires_grad=False
2026/08/11 14:43:52 - mmengine - INFO - paramwise_options -- img_backbone.layer4.0.conv1.weight:lr=2e-05
2026/08/11 14:43:52 - mmengine - INFO - paramwise_options -- img_backbone.layer4.0.conv1.weight:weight_decay=0.01
2026/08/11 14:43:52 - mmengine - INFO - paramwise_options -- img_backbone.layer4.0.conv1.weight:lr_mult=0.1
2026/08/11 14:43:52 - mmengine - WARNING - img_backbone.layer4.0.bn1.weight is skipped since its requires_grad=False
2026/08/11 14:43:52 - mmengine - WARNING - img_backbone.layer4.0.bn1.bias is skipped since its requires_grad=False
2026/08/11 14:43:52 - mmengine - INFO - paramwise_options -- img_backbone.layer4.0.conv2.weight:lr=2e-05
2026/08/11 14:43:52 - mmengine - INFO - paramwise_options -- img_backbone.layer4.0.conv2.weight:weight_decay=0.01
2026/08/11 14:43:52 - mmengine - INFO - paramwise_options -- img_backbone.layer4.0.conv2.weight:lr_mult=0.1
2026/08/11 14:43:52 - mmengine - INFO - paramwise_options -- img_backbone.layer4.0.conv2.conv_offset.weight:lr=2e-05
2026/08/11 14:43:52 - mmengine - INFO - paramwise_options -- img_backbone.layer4.0.conv2.conv_offset.weight:weight_decay=0.01
2026/08/11 14:43:52 - mmengine - INFO - paramwise_options -- img_backbone.layer4.0.conv2.conv_offset.weight:lr_mult=0.1
2026/08/11 14:43:52 - mmengine - INFO - paramwise_options -- img_backbone.layer4.0.conv2.conv_offset.bias:lr=2e-05
2026/08/11 14:43:52 - mmengine - INFO - paramwise_options -- img_backbone.layer4.0.conv2.conv_offset.bias:weight_decay=0.01
2026/08/11 14:43:52 - mmengine - INFO - paramwise_options -- img_backbone.layer4.0.conv2.conv_offset.bias:lr_mult=0.1
2026/08/11 14:43:52 - mmengine - WARNING - img_backbone.layer4.0.bn2.weight is skipped since its requires_grad=False
2026/08/11 14:43:52 - mmengine - WARNING - img_backbone.layer4.0.bn2.bias is skipped since its requires_grad=False
2026/08/11 14:43:52 - mmengine - INFO - paramwise_options -- img_backbone.layer4.0.conv3.weight:lr=2e-05
2026/08/11 14:43:52 - mmengine - INFO - paramwise_options -- img_backbone.layer4.0.conv3.weight:weight_decay=0.01
2026/08/11 14:43:52 - mmengine - INFO - paramwise_options -- img_backbone.layer4.0.conv3.weight:lr_mult=0.1
2026/08/11 14:43:52 - mmengine - WARNING - img_backbone.layer4.0.bn3.weight is skipped since its requires_grad=False
2026/08/11 14:43:52 - mmengine - WARNING - img_backbone.layer4.0.bn3.bias is skipped since its requires_grad=False
2026/08/11 14:43:52 - mmengine - INFO - paramwise_options -- img_backbone.layer4.0.downsample.0.weight:lr=2e-05
2026/08/11 14:43:52 - mmengine - INFO - paramwise_options -- img_backbone.layer4.0.downsample.0.weight:weight_decay=0.01
2026/08/11 14:43:52 - mmengine - INFO - paramwise_options -- img_backbone.layer4.0.downsample.0.weight:lr_mult=0.1
2026/08/11 14:43:52 - mmengine - WARNING - img_backbone.layer4.0.downsample.1.weight is skipped since its requires_grad=False
2026/08/11 14:43:52 - mmengine - WARNING - img_backbone.layer4.0.downsample.1.bias is skipped since its requires_grad=False
2026/08/11 14:43:52 - mmengine - INFO - paramwise_options -- img_backbone.layer4.1.conv1.weight:lr=2e-05
2026/08/11 14:43:52 - mmengine - INFO - paramwise_options -- img_backbone.layer4.1.conv1.weight:weight_decay=0.01
2026/08/11 14:43:52 - mmengine - INFO - paramwise_options -- img_backbone.layer4.1.conv1.weight:lr_mult=0.1
2026/08/11 14:43:52 - mmengine - WARNING - img_backbone.layer4.1.bn1.weight is skipped since its requires_grad=False
2026/08/11 14:43:52 - mmengine - WARNING - img_backbone.layer4.1.bn1.bias is skipped since its requires_grad=False
2026/08/11 14:43:52 - mmengine - INFO - paramwise_options -- img_backbone.layer4.1.conv2.weight:lr=2e-05
2026/08/11 14:43:52 - mmengine - INFO - paramwise_options -- img_backbone.layer4.1.conv2.weight:weight_decay=0.01
2026/08/11 14:43:52 - mmengine - INFO - paramwise_options -- img_backbone.layer4.1.conv2.weight:lr_mult=0.1
2026/08/11 14:43:52 - mmengine - INFO - paramwise_options -- img_backbone.layer4.1.conv2.conv_offset.weight:lr=2e-05
2026/08/11 14:43:52 - mmengine - INFO - paramwise_options -- img_backbone.layer4.1.conv2.conv_offset.weight:weight_decay=0.01
2026/08/11 14:43:52 - mmengine - INFO - paramwise_options -- img_backbone.layer4.1.conv2.conv_offset.weight:lr_mult=0.1
2026/08/11 14:43:52 - mmengine - INFO - paramwise_options -- img_backbone.layer4.1.conv2.conv_offset.bias:lr=2e-05
2026/08/11 14:43:52 - mmengine - INFO - paramwise_options -- img_backbone.layer4.1.conv2.conv_offset.bias:weight_decay=0.01
2026/08/11 14:43:52 - mmengine - INFO - paramwise_options -- img_backbone.layer4.1.conv2.conv_offset.bias:lr_mult=0.1
2026/08/11 14:43:52 - mmengine - WARNING - img_backbone.layer4.1.bn2.weight is skipped since its requires_grad=False
2026/08/11 14:43:52 - mmengine - WARNING - img_backbone.layer4.1.bn2.bias is skipped since its requires_grad=False
2026/08/11 14:43:52 - mmengine - INFO - paramwise_options -- img_backbone.layer4.1.conv3.weight:lr=2e-05
2026/08/11 14:43:52 - mmengine - INFO - paramwise_options -- img_backbone.layer4.1.conv3.weight:weight_decay=0.01
2026/08/11 14:43:52 - mmengine - INFO - paramwise_options -- img_backbone.layer4.1.conv3.weight:lr_mult=0.1
2026/08/11 14:43:52 - mmengine - WARNING - img_backbone.layer4.1.bn3.weight is skipped since its requires_grad=False
2026/08/11 14:43:52 - mmengine - WARNING - img_backbone.layer4.1.bn3.bias is skipped since its requires_grad=False
2026/08/11 14:43:52 - mmengine - INFO - paramwise_options -- img_backbone.layer4.2.conv1.weight:lr=2e-05
2026/08/11 14:43:52 - mmengine - INFO - paramwise_options -- img_backbone.layer4.2.conv1.weight:weight_decay=0.01
2026/08/11 14:43:52 - mmengine - INFO - paramwise_options -- img_backbone.layer4.2.conv1.weight:lr_mult=0.1
2026/08/11 14:43:52 - mmengine - WARNING - img_backbone.layer4.2.bn1.weight is skipped since its requires_grad=False
2026/08/11 14:43:52 - mmengine - WARNING - img_backbone.layer4.2.bn1.bias is skipped since its requires_grad=False
2026/08/11 14:43:52 - mmengine - INFO - paramwise_options -- img_backbone.layer4.2.conv2.weight:lr=2e-05
2026/08/11 14:43:52 - mmengine - INFO - paramwise_options -- img_backbone.layer4.2.conv2.weight:weight_decay=0.01
2026/08/11 14:43:52 - mmengine - INFO - paramwise_options -- img_backbone.layer4.2.conv2.weight:lr_mult=0.1
2026/08/11 14:43:52 - mmengine - INFO - paramwise_options -- img_backbone.layer4.2.conv2.conv_offset.weight:lr=2e-05
2026/08/11 14:43:52 - mmengine - INFO - paramwise_options -- img_backbone.layer4.2.conv2.conv_offset.weight:weight_decay=0.01
2026/08/11 14:43:52 - mmengine - INFO - paramwise_options -- img_backbone.layer4.2.conv2.conv_offset.weight:lr_mult=0.1
2026/08/11 14:43:52 - mmengine - INFO - paramwise_options -- img_backbone.layer4.2.conv2.conv_offset.bias:lr=2e-05
2026/08/11 14:43:52 - mmengine - INFO - paramwise_options -- img_backbone.layer4.2.conv2.conv_offset.bias:weight_decay=0.01
2026/08/11 14:43:52 - mmengine - INFO - paramwise_options -- img_backbone.layer4.2.conv2.conv_offset.bias:lr_mult=0.1
2026/08/11 14:43:52 - mmengine - WARNING - img_backbone.layer4.2.bn2.weight is skipped since its requires_grad=False
2026/08/11 14:43:52 - mmengine - WARNING - img_backbone.layer4.2.bn2.bias is skipped since its requires_grad=False
2026/08/11 14:43:52 - mmengine - INFO - paramwise_options -- img_backbone.layer4.2.conv3.weight:lr=2e-05
2026/08/11 14:43:52 - mmengine - INFO - paramwise_options -- img_backbone.layer4.2.conv3.weight:weight_decay=0.01
2026/08/11 14:43:52 - mmengine - INFO - paramwise_options -- img_backbone.layer4.2.conv3.weight:lr_mult=0.1
2026/08/11 14:43:52 - mmengine - WARNING - img_backbone.layer4.2.bn3.weight is skipped since its requires_grad=False
2026/08/11 14:43:52 - mmengine - WARNING - img_backbone.layer4.2.bn3.bias is skipped since its requires_grad=False
2026/08/11 14:43:52 - mmengine - WARNING - map_decoder.pts_bbox_head.code_weights is skipped since its requires_grad=False
2026/08/11 14:43:52 - mmengine - WARNING - map_decoder.pts_bbox_head.map_adapter_layers.0.0.weight is skipped since its requires_grad=False
2026/08/11 14:43:52 - mmengine - WARNING - map_decoder.pts_bbox_head.map_adapter_layers.0.0.bias is skipped since its requires_grad=False
2026/08/11 14:43:52 - mmengine - WARNING - map_decoder.pts_bbox_head.map_adapter_layers.0.1.weight is skipped since its requires_grad=False
2026/08/11 14:43:52 - mmengine - WARNING - map_decoder.pts_bbox_head.map_adapter_layers.0.1.bias is skipped since its requires_grad=False
2026/08/11 14:43:52 - mmengine - WARNING - map_decoder.pts_bbox_head.map_adapter_layers.1.weight is skipped since its requires_grad=False
2026/08/11 14:43:52 - mmengine - WARNING - map_decoder.pts_bbox_head.map_adapter_layers.1.bias is skipped since its requires_grad=False
2026/08/11 14:43:52 - mmengine - WARNING - map_decoder.pts_bbox_head.cls_branches.0.weight is skipped since its requires_grad=False
2026/08/11 14:43:52 - mmengine - WARNING - map_decoder.pts_bbox_head.cls_branches.0.bias is skipped since its requires_grad=False
2026/08/11 14:43:52 - mmengine - WARNING - map_decoder.pts_bbox_head.cls_branches.1.weight is skipped since its requires_grad=False
2026/08/11 14:43:52 - mmengine - WARNING - map_decoder.pts_bbox_head.cls_branches.1.bias is skipped since its requires_grad=False
2026/08/11 14:43:52 - mmengine - WARNING - map_decoder.pts_bbox_head.cls_branches.3.weight is skipped since its requires_grad=False
2026/08/11 14:43:52 - mmengine - WARNING - map_decoder.pts_bbox_head.cls_branches.3.bias is skipped since its requires_grad=False
2026/08/11 14:43:52 - mmengine - WARNING - map_decoder.pts_bbox_head.cls_branches.4.weight is skipped since its requires_grad=False
2026/08/11 14:43:52 - mmengine - WARNING - map_decoder.pts_bbox_head.cls_branches.4.bias is skipped since its requires_grad=False
2026/08/11 14:43:52 - mmengine - WARNING - map_decoder.pts_bbox_head.cls_branches.6.weight is skipped since its requires_grad=False
2026/08/11 14:43:52 - mmengine - WARNING - map_decoder.pts_bbox_head.cls_branches.6.bias is skipped since its requires_grad=False
2026/08/11 14:43:52 - mmengine - WARNING - map_decoder.pts_bbox_head.reg_branches.0.weight is skipped since its requires_grad=False
2026/08/11 14:43:52 - mmengine - WARNING - map_decoder.pts_bbox_head.reg_branches.0.bias is skipped since its requires_grad=False
2026/08/11 14:43:52 - mmengine - WARNING - map_decoder.pts_bbox_head.reg_branches.2.weight is skipped since its requires_grad=False
2026/08/11 14:43:52 - mmengine - WARNING - map_decoder.pts_bbox_head.reg_branches.2.bias is skipped since its requires_grad=False
2026/08/11 14:43:52 - mmengine - WARNING - map_decoder.pts_bbox_head.reg_branches.4.weight is skipped since its requires_grad=False
2026/08/11 14:43:52 - mmengine - WARNING - map_decoder.pts_bbox_head.reg_branches.4.bias is skipped since its requires_grad=False
2026/08/11 14:43:52 - mmengine - WARNING - map_decoder.pts_bbox_head.reg_branches.6.weight is skipped since its requires_grad=False
2026/08/11 14:43:52 - mmengine - WARNING - map_decoder.pts_bbox_head.reg_branches.6.bias is skipped since its requires_grad=False
2026/08/11 14:43:52 - mmengine - WARNING - planner_head.ego_query.weight is skipped since its requires_grad=False
2026/08/11 14:43:52 - mmengine - WARNING - planner_head.ego_agent_decoder.layers.0.attentions.0.attn.in_proj_weight is skipped since its requires_grad=False
2026/08/11 14:43:52 - mmengine - WARNING - planner_head.ego_agent_decoder.layers.0.attentions.0.attn.in_proj_bias is skipped since its requires_grad=False
2026/08/11 14:43:52 - mmengine - WARNING - planner_head.ego_agent_decoder.layers.0.attentions.0.attn.out_proj.weight is skipped since its requires_grad=False
2026/08/11 14:43:52 - mmengine - WARNING - planner_head.ego_agent_decoder.layers.0.attentions.0.attn.out_proj.bias is skipped since its requires_grad=False
2026/08/11 14:43:52 - mmengine - WARNING - planner_head.ego_agent_decoder.layers.0.ffns.0.layers.0.0.weight is skipped since its requires_grad=False
2026/08/11 14:43:52 - mmengine - WARNING - planner_head.ego_agent_decoder.layers.0.ffns.0.layers.0.0.bias is skipped since its requires_grad=False
2026/08/11 14:43:52 - mmengine - WARNING - planner_head.ego_agent_decoder.layers.0.ffns.0.layers.1.weight is skipped since its requires_grad=False
2026/08/11 14:43:52 - mmengine - WARNING - planner_head.ego_agent_decoder.layers.0.ffns.0.layers.1.bias is skipped since its requires_grad=False
2026/08/11 14:43:52 - mmengine - WARNING - planner_head.ego_agent_decoder.layers.0.norms.0.weight is skipped since its requires_grad=False
2026/08/11 14:43:52 - mmengine - WARNING - planner_head.ego_agent_decoder.layers.0.norms.0.bias is skipped since its requires_grad=False
2026/08/11 14:43:52 - mmengine - WARNING - planner_head.ego_agent_decoder.layers.0.norms.1.weight is skipped since its requires_grad=False
2026/08/11 14:43:52 - mmengine - WARNING - planner_head.ego_agent_decoder.layers.0.norms.1.bias is skipped since its requires_grad=False
2026/08/11 14:43:52 - mmengine - WARNING - planner_head.ego_map_decoder.layers.0.attentions.0.attn.in_proj_weight is skipped since its requires_grad=False
2026/08/11 14:43:52 - mmengine - WARNING - planner_head.ego_map_decoder.layers.0.attentions.0.attn.in_proj_bias is skipped since its requires_grad=False
2026/08/11 14:43:52 - mmengine - WARNING - planner_head.ego_map_decoder.layers.0.attentions.0.attn.out_proj.weight is skipped since its requires_grad=False
2026/08/11 14:43:52 - mmengine - WARNING - planner_head.ego_map_decoder.layers.0.attentions.0.attn.out_proj.bias is skipped since its requires_grad=False
2026/08/11 14:43:52 - mmengine - WARNING - planner_head.ego_map_decoder.layers.0.ffns.0.layers.0.0.weight is skipped since its requires_grad=False
2026/08/11 14:43:52 - mmengine - WARNING - planner_head.ego_map_decoder.layers.0.ffns.0.layers.0.0.bias is skipped since its requires_grad=False
2026/08/11 14:43:52 - mmengine - WARNING - planner_head.ego_map_decoder.layers.0.ffns.0.layers.1.weight is skipped since its requires_grad=False
2026/08/11 14:43:52 - mmengine - WARNING - planner_head.ego_map_decoder.layers.0.ffns.0.layers.1.bias is skipped since its requires_grad=False
2026/08/11 14:43:52 - mmengine - WARNING - planner_head.ego_map_decoder.layers.0.norms.0.weight is skipped since its requires_grad=False
2026/08/11 14:43:52 - mmengine - WARNING - planner_head.ego_map_decoder.layers.0.norms.0.bias is skipped since its requires_grad=False
2026/08/11 14:43:52 - mmengine - WARNING - planner_head.ego_map_decoder.layers.0.norms.1.weight is skipped since its requires_grad=False
2026/08/11 14:43:52 - mmengine - WARNING - planner_head.ego_map_decoder.layers.0.norms.1.bias is skipped since its requires_grad=False
2026/08/11 14:43:52 - mmengine - WARNING - planner_head.ego_gaussian_decoder.layers.0.attentions.0.attn.in_proj_weight is skipped since its requires_grad=False
2026/08/11 14:43:52 - mmengine - WARNING - planner_head.ego_gaussian_decoder.layers.0.attentions.0.attn.in_proj_bias is skipped since its requires_grad=False
2026/08/11 14:43:52 - mmengine - WARNING - planner_head.ego_gaussian_decoder.layers.0.attentions.0.attn.out_proj.weight is skipped since its requires_grad=False
2026/08/11 14:43:52 - mmengine - WARNING - planner_head.ego_gaussian_decoder.layers.0.attentions.0.attn.out_proj.bias is skipped since its requires_grad=False
2026/08/11 14:43:52 - mmengine - WARNING - planner_head.ego_gaussian_decoder.layers.0.ffns.0.layers.0.0.weight is skipped since its requires_grad=False
2026/08/11 14:43:52 - mmengine - WARNING - planner_head.ego_gaussian_decoder.layers.0.ffns.0.layers.0.0.bias is skipped since its requires_grad=False
2026/08/11 14:43:52 - mmengine - WARNING - planner_head.ego_gaussian_decoder.layers.0.ffns.0.layers.1.weight is skipped since its requires_grad=False
2026/08/11 14:43:52 - mmengine - WARNING - planner_head.ego_gaussian_decoder.layers.0.ffns.0.layers.1.bias is skipped since its requires_grad=False
2026/08/11 14:43:52 - mmengine - WARNING - planner_head.ego_gaussian_decoder.layers.0.norms.0.weight is skipped since its requires_grad=False
2026/08/11 14:43:52 - mmengine - WARNING - planner_head.ego_gaussian_decoder.layers.0.norms.0.bias is skipped since its requires_grad=False
2026/08/11 14:43:52 - mmengine - WARNING - planner_head.ego_gaussian_decoder.layers.0.norms.1.weight is skipped since its requires_grad=False
2026/08/11 14:43:52 - mmengine - WARNING - planner_head.ego_gaussian_decoder.layers.0.norms.1.bias is skipped since its requires_grad=False
2026/08/11 14:43:52 - mmengine - WARNING - planner_head.ego_fut_decoder.0.weight is skipped since its requires_grad=False
2026/08/11 14:43:52 - mmengine - WARNING - planner_head.ego_fut_decoder.0.bias is skipped since its requires_grad=False
2026/08/11 14:43:52 - mmengine - WARNING - planner_head.ego_fut_decoder.2.weight is skipped since its requires_grad=False
2026/08/11 14:43:52 - mmengine - WARNING - planner_head.ego_fut_decoder.2.bias is skipped since its requires_grad=False
2026/08/11 14:43:52 - mmengine - WARNING - planner_head.ego_fut_decoder.4.weight is skipped since its requires_grad=False
2026/08/11 14:43:52 - mmengine - WARNING - planner_head.ego_fut_decoder.4.bias is skipped since its requires_grad=False
2026/08/11 14:43:52 - mmengine - WARNING - planner_head.agent_fus_mlp.0.weight is skipped since its requires_grad=False
2026/08/11 14:43:52 - mmengine - WARNING - planner_head.agent_fus_mlp.0.bias is skipped since its requires_grad=False
2026/08/11 14:43:52 - mmengine - WARNING - planner_head.agent_fus_mlp.1.weight is skipped since its requires_grad=False
2026/08/11 14:43:52 - mmengine - WARNING - planner_head.agent_fus_mlp.1.bias is skipped since its requires_grad=False
2026/08/11 14:43:52 - mmengine - WARNING - planner_head.agent_fus_mlp.3.weight is skipped since its requires_grad=False
2026/08/11 14:43:52 - mmengine - WARNING - planner_head.agent_fus_mlp.3.bias is skipped since its requires_grad=False
2026/08/11 14:43:52 - mmengine - WARNING - planner_head.map_fus_mlp.0.weight is skipped since its requires_grad=False
2026/08/11 14:43:52 - mmengine - WARNING - planner_head.map_fus_mlp.0.bias is skipped since its requires_grad=False
2026/08/11 14:43:52 - mmengine - WARNING - planner_head.map_fus_mlp.1.weight is skipped since its requires_grad=False
2026/08/11 14:43:52 - mmengine - WARNING - planner_head.map_fus_mlp.1.bias is skipped since its requires_grad=False
2026/08/11 14:43:52 - mmengine - WARNING - planner_head.map_fus_mlp.3.weight is skipped since its requires_grad=False
2026/08/11 14:43:52 - mmengine - WARNING - planner_head.map_fus_mlp.3.bias is skipped since its requires_grad=False
2026/08/11 14:43:52 - mmengine - WARNING - planner_head.gaussian_fus_mlp.0.weight is skipped since its requires_grad=False
2026/08/11 14:43:52 - mmengine - WARNING - planner_head.gaussian_fus_mlp.0.bias is skipped since its requires_grad=False
2026/08/11 14:43:52 - mmengine - WARNING - planner_head.gaussian_fus_mlp.1.weight is skipped since its requires_grad=False
2026/08/11 14:43:52 - mmengine - WARNING - planner_head.gaussian_fus_mlp.1.bias is skipped since its requires_grad=False
2026/08/11 14:43:52 - mmengine - WARNING - planner_head.gaussian_fus_mlp.3.weight is skipped since its requires_grad=False
2026/08/11 14:43:52 - mmengine - WARNING - planner_head.gaussian_fus_mlp.3.bias is skipped since its requires_grad=False
2026/08/11 14:43:52 - mmengine - INFO - resume from: /data/chenz/GaussianAD/out/nuscenes_gs25600_v3_se3/latest.pth
2026/08/11 14:43:52 - mmengine - INFO - work dir: /data/chenz/GaussianAD/out/nuscenes_gs25600_v3_se3
2026/08/11 14:45:34 - mmengine - INFO - ModulatedDeformConvPack img_backbone.layer3.0.conv2 is upgraded to version 2.
2026/08/11 14:45:34 - mmengine - INFO - ModulatedDeformConvPack img_backbone.layer3.1.conv2 is upgraded to version 2.
2026/08/11 14:45:34 - mmengine - INFO - ModulatedDeformConvPack img_backbone.layer3.2.conv2 is upgraded to version 2.
2026/08/11 14:45:34 - mmengine - INFO - ModulatedDeformConvPack img_backbone.layer3.3.conv2 is upgraded to version 2.
2026/08/11 14:45:34 - mmengine - INFO - ModulatedDeformConvPack img_backbone.layer3.4.conv2 is upgraded to version 2.
2026/08/11 14:45:34 - mmengine - INFO - ModulatedDeformConvPack img_backbone.layer3.5.conv2 is upgraded to version 2.
2026/08/11 14:45:34 - mmengine - INFO - ModulatedDeformConvPack img_backbone.layer3.6.conv2 is upgraded to version 2.
2026/08/11 14:45:34 - mmengine - INFO - ModulatedDeformConvPack img_backbone.layer3.7.conv2 is upgraded to version 2.
2026/08/11 14:45:34 - mmengine - INFO - ModulatedDeformConvPack img_backbone.layer3.8.conv2 is upgraded to version 2.
2026/08/11 14:45:34 - mmengine - INFO - ModulatedDeformConvPack img_backbone.layer3.9.conv2 is upgraded to version 2.
2026/08/11 14:45:34 - mmengine - INFO - ModulatedDeformConvPack img_backbone.layer3.10.conv2 is upgraded to version 2.
2026/08/11 14:45:34 - mmengine - INFO - ModulatedDeformConvPack img_backbone.layer3.11.conv2 is upgraded to version 2.
2026/08/11 14:45:34 - mmengine - INFO - ModulatedDeformConvPack img_backbone.layer3.12.conv2 is upgraded to version 2.
2026/08/11 14:45:34 - mmengine - INFO - ModulatedDeformConvPack img_backbone.layer3.13.conv2 is upgraded to version 2.
2026/08/11 14:45:34 - mmengine - INFO - ModulatedDeformConvPack img_backbone.layer3.14.conv2 is upgraded to version 2.
2026/08/11 14:45:34 - mmengine - INFO - ModulatedDeformConvPack img_backbone.layer3.15.conv2 is upgraded to version 2.
2026/08/11 14:45:34 - mmengine - INFO - ModulatedDeformConvPack img_backbone.layer3.16.conv2 is upgraded to version 2.
2026/08/11 14:45:34 - mmengine - INFO - ModulatedDeformConvPack img_backbone.layer3.17.conv2 is upgraded to version 2.
2026/08/11 14:45:34 - mmengine - INFO - ModulatedDeformConvPack img_backbone.layer3.18.conv2 is upgraded to version 2.
2026/08/11 14:45:34 - mmengine - INFO - ModulatedDeformConvPack img_backbone.layer3.19.conv2 is upgraded to version 2.
2026/08/11 14:45:34 - mmengine - INFO - ModulatedDeformConvPack img_backbone.layer3.20.conv2 is upgraded to version 2.
2026/08/11 14:45:34 - mmengine - INFO - ModulatedDeformConvPack img_backbone.layer3.21.conv2 is upgraded to version 2.
2026/08/11 14:45:34 - mmengine - INFO - ModulatedDeformConvPack img_backbone.layer3.22.conv2 is upgraded to version 2.
2026/08/11 14:45:34 - mmengine - INFO - ModulatedDeformConvPack img_backbone.layer4.0.conv2 is upgraded to version 2.
2026/08/11 14:45:34 - mmengine - INFO - ModulatedDeformConvPack img_backbone.layer4.1.conv2 is upgraded to version 2.
2026/08/11 14:45:34 - mmengine - INFO - ModulatedDeformConvPack img_backbone.layer4.2.conv2 is upgraded to version 2.
2026/08/11 14:46:04 - mmengine - INFO - [TRAIN] Epoch 4 Iter     0/750: Loss: 16.410 (16.410), grad_norm: 55.562, lr: 0.0000200, time: 18.771 (3.561)
2026/08/11 14:46:04 - mmengine - INFO - OccupancyLoss: 6.76225, OccupancyFlowLoss: 5.63313, DetectionLoss: 4.00092, DynamicLoss: 0.01350, PhysicsLoss: 0.00000
2026/08/11 14:50:51 - mmengine - INFO - [TRAIN] Epoch 4 Iter    50/750: Loss: 21.355 (19.889), grad_norm: 81.920, lr: 0.0000200, time: 5.887 (0.008)
2026/08/11 14:50:51 - mmengine - INFO - OccupancyLoss: 5.99638, OccupancyFlowLoss: 6.89234, DetectionLoss: 5.99449, DynamicLoss: 0.04588, PhysicsLoss: 2.42562
2026/08/11 14:55:38 - mmengine - INFO - [TRAIN] Epoch 4 Iter   100/750: Loss: 14.249 (18.219), grad_norm: 34.158, lr: 0.0000200, time: 5.480 (0.008)
2026/08/11 14:55:38 - mmengine - INFO - OccupancyLoss: 6.61317, OccupancyFlowLoss: 4.23682, DetectionLoss: 3.17421, DynamicLoss: 0.00372, PhysicsLoss: 0.22128
2026/08/11 15:00:23 - mmengine - INFO - [TRAIN] Epoch 4 Iter   150/750: Loss: 15.038 (19.844), grad_norm: 24.739, lr: 0.0000200, time: 5.710 (0.008)
2026/08/11 15:00:23 - mmengine - INFO - OccupancyLoss: 8.53350, OccupancyFlowLoss: 4.33986, DetectionLoss: 2.15556, DynamicLoss: 0.00909, PhysicsLoss: 0.00000
2026/08/11 15:05:08 - mmengine - INFO - [TRAIN] Epoch 4 Iter   200/750: Loss: 15.654 (20.305), grad_norm: 116.785, lr: 0.0000200, time: 5.626 (0.008)
2026/08/11 15:05:08 - mmengine - INFO - OccupancyLoss: 6.23975, OccupancyFlowLoss: 5.67843, DetectionLoss: 3.06928, DynamicLoss: 0.04176, PhysicsLoss: 0.62441
2026/08/11 15:09:55 - mmengine - INFO - [TRAIN] Epoch 4 Iter   250/750: Loss: 19.007 (19.341), grad_norm: 27.290, lr: 0.0000200, time: 5.755 (0.008)
2026/08/11 15:09:55 - mmengine - INFO - OccupancyLoss: 6.09313, OccupancyFlowLoss: 5.84364, DetectionLoss: 6.27975, DynamicLoss: 0.03020, PhysicsLoss: 0.75998
2026/08/11 15:14:40 - mmengine - INFO - [TRAIN] Epoch 4 Iter   300/750: Loss: 21.387 (18.412), grad_norm: 43.678, lr: 0.0000200, time: 5.999 (0.008)
2026/08/11 15:14:40 - mmengine - INFO - OccupancyLoss: 6.97039, OccupancyFlowLoss: 6.49047, DetectionLoss: 3.46503, DynamicLoss: 0.04085, PhysicsLoss: 4.41990
2026/08/11 15:19:26 - mmengine - INFO - [TRAIN] Epoch 4 Iter   350/750: Loss: 25.795 (19.893), grad_norm: 81.152, lr: 0.0000200, time: 6.006 (0.008)
2026/08/11 15:19:26 - mmengine - INFO - OccupancyLoss: 6.80960, OccupancyFlowLoss: 6.78681, DetectionLoss: 9.87432, DynamicLoss: 0.05888, PhysicsLoss: 2.26580
2026/08/11 15:24:11 - mmengine - INFO - [TRAIN] Epoch 4 Iter   400/750: Loss: 24.021 (18.618), grad_norm: 77.679, lr: 0.0000200, time: 5.676 (0.008)
2026/08/11 15:24:11 - mmengine - INFO - OccupancyLoss: 7.47602, OccupancyFlowLoss: 5.43776, DetectionLoss: 8.70726, DynamicLoss: 0.07811, PhysicsLoss: 2.32149
2026/08/11 15:28:56 - mmengine - INFO - [TRAIN] Epoch 4 Iter   450/750: Loss: 20.222 (17.941), grad_norm: 40.791, lr: 0.0000200, time: 5.699 (0.008)
2026/08/11 15:28:56 - mmengine - INFO - OccupancyLoss: 6.78414, OccupancyFlowLoss: 8.16079, DetectionLoss: 3.83013, DynamicLoss: 0.04052, PhysicsLoss: 1.40611
2026/08/11 15:33:42 - mmengine - INFO - [TRAIN] Epoch 4 Iter   500/750: Loss: 20.681 (19.257), grad_norm: 32.335, lr: 0.0000200, time: 5.674 (0.008)
2026/08/11 15:33:42 - mmengine - INFO - OccupancyLoss: 10.20031, OccupancyFlowLoss: 7.60506, DetectionLoss: 2.86697, DynamicLoss: 0.00826, PhysicsLoss: 0.00000
2026/08/11 15:38:27 - mmengine - INFO - [TRAIN] Epoch 4 Iter   550/750: Loss: 22.590 (17.630), grad_norm: 71.209, lr: 0.0000200, time: 5.826 (0.008)
2026/08/11 15:38:27 - mmengine - INFO - OccupancyLoss: 8.28959, OccupancyFlowLoss: 6.18386, DetectionLoss: 8.07842, DynamicLoss: 0.00825, PhysicsLoss: 0.02948
2026/08/11 15:43:15 - mmengine - INFO - [TRAIN] Epoch 4 Iter   600/750: Loss: 18.552 (19.048), grad_norm: 41.140, lr: 0.0000200, time: 5.581 (0.008)
2026/08/11 15:43:15 - mmengine - INFO - OccupancyLoss: 8.17538, OccupancyFlowLoss: 5.28686, DetectionLoss: 4.69892, DynamicLoss: 0.02784, PhysicsLoss: 0.36327
2026/08/11 15:48:00 - mmengine - INFO - [TRAIN] Epoch 4 Iter   650/750: Loss: 11.407 (18.712), grad_norm: 82.705, lr: 0.0000200, time: 5.645 (0.008)
2026/08/11 15:48:00 - mmengine - INFO - OccupancyLoss: 4.17884, OccupancyFlowLoss: 2.96377, DetectionLoss: 4.16334, DynamicLoss: 0.03488, PhysicsLoss: 0.06651
2026/08/11 15:52:45 - mmengine - INFO - [TRAIN] Epoch 4 Iter   700/750: Loss: 31.857 (18.633), grad_norm: 46.463, lr: 0.0000200, time: 5.651 (0.008)
2026/08/11 15:52:45 - mmengine - INFO - OccupancyLoss: 5.64478, OccupancyFlowLoss: 5.62057, DetectionLoss: 8.68102, DynamicLoss: 0.04826, PhysicsLoss: 11.86254
2026/08/11 15:57:42 - mmengine - INFO - [EVAL] Epoch 5 Iter     0: Loss: 19.865 (19.865)
2026/08/11 15:57:42 - mmengine - INFO - OccupancyLoss: 5.36882, OccupancyFlowLoss: 4.98383, DetectionLoss: 4.95787, DynamicLoss: 0.06251, PhysicsLoss: 4.49244
2026/08/11 15:58:43 - mmengine - INFO - [EVAL] Epoch 5 Iter    50: Loss: 16.248 (18.958)
2026/08/11 15:58:43 - mmengine - INFO - OccupancyLoss: 4.97151, OccupancyFlowLoss: 3.71742, DetectionLoss: 4.95522, DynamicLoss: 0.05865, PhysicsLoss: 2.54507
2026/08/11 15:59:43 - mmengine - INFO - [EVAL] Epoch 5 Iter   100: Loss: 19.131 (18.719)
2026/08/11 15:59:43 - mmengine - INFO - OccupancyLoss: 6.19467, OccupancyFlowLoss: 5.60664, DetectionLoss: 4.02733, DynamicLoss: 0.01543, PhysicsLoss: 3.28699
2026/08/11 16:00:42 - mmengine - INFO - [EVAL] Epoch 5 Iter   150: Loss: 7.032 (19.140)
2026/08/11 16:00:42 - mmengine - INFO - OccupancyLoss: 5.69908, OccupancyFlowLoss: 1.12287, DetectionLoss: 0.20978, DynamicLoss: 0.00073, PhysicsLoss: 0.00000
2026/08/11 16:01:43 - mmengine - INFO - [EVAL] Epoch 5 Iter   200: Loss: 14.496 (19.290)
2026/08/11 16:01:43 - mmengine - INFO - OccupancyLoss: 7.49902, OccupancyFlowLoss: 2.73873, DetectionLoss: 3.49995, DynamicLoss: 0.02948, PhysicsLoss: 0.72911
2026/08/11 16:02:44 - mmengine - INFO - [EVAL] Epoch 5 Iter   250: Loss: 20.845 (19.259)
2026/08/11 16:02:44 - mmengine - INFO - OccupancyLoss: 7.32018, OccupancyFlowLoss: 5.61330, DetectionLoss: 6.37427, DynamicLoss: 0.10635, PhysicsLoss: 1.43091
2026/08/11 16:03:43 - mmengine - INFO - [EVAL] Epoch 5 Iter   300: Loss: 20.565 (19.093)
2026/08/11 16:03:43 - mmengine - INFO - OccupancyLoss: 7.54487, OccupancyFlowLoss: 6.53593, DetectionLoss: 5.51416, DynamicLoss: 0.02191, PhysicsLoss: 0.94792
2026/08/11 16:04:44 - mmengine - INFO - [EVAL] Epoch 5 Iter   350: Loss: 12.592 (19.163)
2026/08/11 16:04:44 - mmengine - INFO - OccupancyLoss: 5.27959, OccupancyFlowLoss: 1.92958, DetectionLoss: 4.89906, DynamicLoss: 0.03399, PhysicsLoss: 0.44929
2026/08/11 16:05:43 - mmengine - INFO - [EVAL] Epoch 5 Iter   400: Loss: 15.180 (18.997)
2026/08/11 16:05:43 - mmengine - INFO - OccupancyLoss: 6.81635, OccupancyFlowLoss: 0.86946, DetectionLoss: 7.45130, DynamicLoss: 0.03952, PhysicsLoss: 0.00336
2026/08/11 16:06:44 - mmengine - INFO - [EVAL] Epoch 5 Iter   450: Loss: 31.778 (19.100)
2026/08/11 16:06:44 - mmengine - INFO - OccupancyLoss: 7.24829, OccupancyFlowLoss: 7.39404, DetectionLoss: 12.47530, DynamicLoss: 0.15436, PhysicsLoss: 4.50570
2026/08/11 16:07:43 - mmengine - INFO - Validation per class iou none:
2026/08/11 16:07:43 - mmengine - INFO - barrier : 10.60%, 0.34, 0.13
2026/08/11 16:07:43 - mmengine - INFO - bicycle : 0.00%, 0.00, 0.00
2026/08/11 16:07:43 - mmengine - INFO - bus : 15.64%, 0.23, 0.33
2026/08/11 16:07:43 - mmengine - INFO - car : 30.82%, 0.49, 0.46
2026/08/11 16:07:43 - mmengine - INFO - construction_vehicle : 0.02%, 0.06, 0.00
2026/08/11 16:07:43 - mmengine - INFO - motorcycle : 0.00%, 0.00, 0.00
2026/08/11 16:07:43 - mmengine - INFO - pedestrian : 0.94%, 0.17, 0.01
2026/08/11 16:07:43 - mmengine - INFO - traffic_cone : 0.00%, 0.00, 0.00
2026/08/11 16:07:43 - mmengine - INFO - trailer : 1.68%, 0.30, 0.02
2026/08/11 16:07:43 - mmengine - INFO - truck : 13.02%, 0.34, 0.17
2026/08/11 16:07:43 - mmengine - INFO - driveable_surface : 42.18%, 0.62, 0.57
2026/08/11 16:07:43 - mmengine - INFO - other_flat : 11.14%, 0.33, 0.14
2026/08/11 16:07:43 - mmengine - INFO - sidewalk : 19.99%, 0.30, 0.37
2026/08/11 16:07:43 - mmengine - INFO - terrain : 19.18%, 0.39, 0.27
2026/08/11 16:07:43 - mmengine - INFO - manmade : 3.92%, 0.30, 0.04
2026/08/11 16:07:43 - mmengine - INFO - vegetation : 15.87%, 0.39, 0.21
2026/08/11 16:07:43 - mmengine - INFO - tensor([  213109,    14566,   204192,  1435223,   106632,    22025,   206833,
           42653,   134799,   555406,  7051599,   345594,  2482869,  3418334,
         7852446,  8317553, 32659904], device='cuda:0', dtype=torch.int32)
2026/08/11 16:07:43 - mmengine - INFO - tensor([   28367,        0,    67554,   655063,       18,        0,     2031,
               0,     2356,    96147,  4033073,    50018,   928201,   934115,
          338156,  1768453, 11606521], device='cuda:0', dtype=torch.int32)
2026/08/11 16:07:43 - mmengine - INFO - tensor([   82996,        0,   295373,  1345399,      327,        0,    12022,
               3,     7953,   279254,  6542787,   153602,  3087692,  2386537,
         1109651,  4593238, 19896834], device='cuda:0', dtype=torch.int32)
2026/08/11 16:07:43 - mmengine - INFO - mIoU: 11.561412632727297, iou2: 28.34300422668457
2026/08/11 16:07:43 - mmengine - INFO - Current val loss is 19.171
2026/08/11 16:08:02 - mmengine - INFO - [TRAIN] Epoch 5 Iter     0/750: Loss: 13.576 (13.576), grad_norm: 44.544, lr: 0.0000200, time: 8.829 (3.090)
2026/08/11 16:08:02 - mmengine - INFO - OccupancyLoss: 4.46960, OccupancyFlowLoss: 4.34829, DetectionLoss: 2.00109, DynamicLoss: 0.02362, PhysicsLoss: 2.73378
2026/08/11 16:12:48 - mmengine - INFO - [TRAIN] Epoch 5 Iter    50/750: Loss: 13.031 (17.248), grad_norm: 40.854, lr: 0.0000200, time: 6.196 (0.008)
2026/08/11 16:12:48 - mmengine - INFO - OccupancyLoss: 5.88242, OccupancyFlowLoss: 3.64833, DetectionLoss: 3.04991, DynamicLoss: 0.01064, PhysicsLoss: 0.43984
2026/08/11 16:17:31 - mmengine - INFO - [TRAIN] Epoch 5 Iter   100/750: Loss: 22.899 (18.826), grad_norm: 46.225, lr: 0.0000200, time: 5.804 (0.008)
2026/08/11 16:17:31 - mmengine - INFO - OccupancyLoss: 7.21097, OccupancyFlowLoss: 6.81207, DetectionLoss: 8.46315, DynamicLoss: 0.03064, PhysicsLoss: 0.38204
2026/08/11 16:22:17 - mmengine - INFO - [TRAIN] Epoch 5 Iter   150/750: Loss: 11.504 (18.420), grad_norm: 27.289, lr: 0.0000200, time: 5.564 (0.008)
2026/08/11 16:22:17 - mmengine - INFO - OccupancyLoss: 5.16094, OccupancyFlowLoss: 4.67719, DetectionLoss: 1.66228, DynamicLoss: 0.00404, PhysicsLoss: 0.00000
2026/08/11 16:27:02 - mmengine - INFO - [TRAIN] Epoch 5 Iter   200/750: Loss: 14.391 (19.360), grad_norm: 52.884, lr: 0.0000200, time: 5.628 (0.008)
2026/08/11 16:27:02 - mmengine - INFO - OccupancyLoss: 6.59491, OccupancyFlowLoss: 4.64726, DetectionLoss: 3.05798, DynamicLoss: 0.02148, PhysicsLoss: 0.06928
2026/08/11 16:31:49 - mmengine - INFO - [TRAIN] Epoch 5 Iter   250/750: Loss: 12.772 (17.348), grad_norm: 70.998, lr: 0.0000200, time: 5.673 (0.008)
2026/08/11 16:31:49 - mmengine - INFO - OccupancyLoss: 5.68254, OccupancyFlowLoss: 4.43725, DetectionLoss: 1.26134, DynamicLoss: 0.00993, PhysicsLoss: 1.38096
2026/08/11 16:36:34 - mmengine - INFO - [TRAIN] Epoch 5 Iter   300/750: Loss: 21.433 (19.023), grad_norm: 46.181, lr: 0.0000200, time: 5.697 (0.008)
2026/08/11 16:36:34 - mmengine - INFO - OccupancyLoss: 5.49204, OccupancyFlowLoss: 7.75322, DetectionLoss: 7.03083, DynamicLoss: 0.02057, PhysicsLoss: 1.13608
2026/08/11 16:41:19 - mmengine - INFO - [TRAIN] Epoch 5 Iter   350/750: Loss: 12.712 (18.705), grad_norm: 72.565, lr: 0.0000200, time: 5.566 (0.008)
2026/08/11 16:41:19 - mmengine - INFO - OccupancyLoss: 3.80308, OccupancyFlowLoss: 3.90564, DetectionLoss: 2.78748, DynamicLoss: 0.01500, PhysicsLoss: 2.20099
2026/08/11 16:46:06 - mmengine - INFO - [TRAIN] Epoch 5 Iter   400/750: Loss: 17.290 (17.839), grad_norm: 78.350, lr: 0.0000200, time: 6.216 (0.008)
2026/08/11 16:46:06 - mmengine - INFO - OccupancyLoss: 5.17563, OccupancyFlowLoss: 4.71310, DetectionLoss: 6.38360, DynamicLoss: 0.07454, PhysicsLoss: 0.94265
2026/08/11 16:51:13 - mmengine - INFO - [TRAIN] Epoch 5 Iter   450/750: Loss: 11.360 (19.340), grad_norm: 39.354, lr: 0.0000200, time: 5.597 (0.008)
2026/08/11 16:51:13 - mmengine - INFO - OccupancyLoss: 4.13245, OccupancyFlowLoss: 1.25398, DetectionLoss: 5.95882, DynamicLoss: 0.01182, PhysicsLoss: 0.00283
2026/08/11 16:55:57 - mmengine - INFO - [TRAIN] Epoch 5 Iter   500/750: Loss: 18.071 (18.348), grad_norm: 49.060, lr: 0.0000200, time: 5.764 (0.008)
2026/08/11 16:55:57 - mmengine - INFO - OccupancyLoss: 5.79434, OccupancyFlowLoss: 5.71167, DetectionLoss: 3.38374, DynamicLoss: 0.02231, PhysicsLoss: 3.15869
2026/08/11 17:00:42 - mmengine - INFO - [TRAIN] Epoch 5 Iter   550/750: Loss: 19.785 (17.199), grad_norm: 93.621, lr: 0.0000200, time: 6.032 (0.008)
2026/08/11 17:00:42 - mmengine - INFO - OccupancyLoss: 6.48869, OccupancyFlowLoss: 4.93032, DetectionLoss: 1.84891, DynamicLoss: 0.01574, PhysicsLoss: 6.50112
2026/08/11 17:05:26 - mmengine - INFO - [TRAIN] Epoch 5 Iter   600/750: Loss: 16.206 (17.494), grad_norm: 43.850, lr: 0.0000200, time: 5.779 (0.008)
2026/08/11 17:05:26 - mmengine - INFO - OccupancyLoss: 5.09587, OccupancyFlowLoss: 0.00000, DetectionLoss: 10.40711, DynamicLoss: 0.06093, PhysicsLoss: 0.64194
2026/08/11 17:10:12 - mmengine - INFO - [TRAIN] Epoch 5 Iter   650/750: Loss: 9.273 (17.926), grad_norm: 54.200, lr: 0.0000200, time: 5.844 (0.008)
2026/08/11 17:10:12 - mmengine - INFO - OccupancyLoss: 3.24719, OccupancyFlowLoss: 2.65367, DetectionLoss: 3.32736, DynamicLoss: 0.01227, PhysicsLoss: 0.03241
2026/08/11 17:14:57 - mmengine - INFO - [TRAIN] Epoch 5 Iter   700/750: Loss: 18.903 (18.900), grad_norm: 26.083, lr: 0.0000200, time: 5.694 (0.008)
2026/08/11 17:14:57 - mmengine - INFO - OccupancyLoss: 5.27038, OccupancyFlowLoss: 5.18786, DetectionLoss: 6.22961, DynamicLoss: 0.08575, PhysicsLoss: 2.12955
2026/08/11 17:19:46 - mmengine - INFO - [EVAL] Epoch 6 Iter     0: Loss: 20.820 (20.820)
2026/08/11 17:19:46 - mmengine - INFO - OccupancyLoss: 4.94561, OccupancyFlowLoss: 4.66122, DetectionLoss: 6.58405, DynamicLoss: 0.04041, PhysicsLoss: 4.58860
2026/08/11 17:20:47 - mmengine - INFO - [EVAL] Epoch 6 Iter    50: Loss: 17.057 (18.781)
2026/08/11 17:20:47 - mmengine - INFO - OccupancyLoss: 5.13354, OccupancyFlowLoss: 3.89572, DetectionLoss: 5.24606, DynamicLoss: 0.06888, PhysicsLoss: 2.71230
2026/08/11 17:21:47 - mmengine - INFO - [EVAL] Epoch 6 Iter   100: Loss: 19.009 (18.490)
2026/08/11 17:21:47 - mmengine - INFO - OccupancyLoss: 6.20197, OccupancyFlowLoss: 5.54352, DetectionLoss: 4.03873, DynamicLoss: 0.01429, PhysicsLoss: 3.21090
2026/08/11 17:22:46 - mmengine - INFO - [EVAL] Epoch 6 Iter   150: Loss: 6.802 (18.868)
2026/08/11 17:22:46 - mmengine - INFO - OccupancyLoss: 5.49589, OccupancyFlowLoss: 1.11065, DetectionLoss: 0.19452, DynamicLoss: 0.00083, PhysicsLoss: 0.00000
2026/08/11 17:23:46 - mmengine - INFO - [EVAL] Epoch 6 Iter   200: Loss: 13.873 (19.003)
2026/08/11 17:23:46 - mmengine - INFO - OccupancyLoss: 7.15644, OccupancyFlowLoss: 2.63323, DetectionLoss: 3.31471, DynamicLoss: 0.03079, PhysicsLoss: 0.73822
2026/08/11 17:24:48 - mmengine - INFO - [EVAL] Epoch 6 Iter   250: Loss: 19.746 (18.919)
2026/08/11 17:24:48 - mmengine - INFO - OccupancyLoss: 7.03496, OccupancyFlowLoss: 5.46974, DetectionLoss: 5.91022, DynamicLoss: 0.10439, PhysicsLoss: 1.22676
2026/08/11 17:25:47 - mmengine - INFO - [EVAL] Epoch 6 Iter   300: Loss: 19.957 (18.731)
2026/08/11 17:25:47 - mmengine - INFO - OccupancyLoss: 7.32874, OccupancyFlowLoss: 6.35199, DetectionLoss: 5.42049, DynamicLoss: 0.01318, PhysicsLoss: 0.84211
2026/08/11 17:26:48 - mmengine - INFO - [EVAL] Epoch 6 Iter   350: Loss: 12.982 (18.810)
2026/08/11 17:26:48 - mmengine - INFO - OccupancyLoss: 5.11074, OccupancyFlowLoss: 1.88661, DetectionLoss: 5.59280, DynamicLoss: 0.02650, PhysicsLoss: 0.36512
2026/08/11 17:27:47 - mmengine - INFO - [EVAL] Epoch 6 Iter   400: Loss: 14.935 (18.633)
2026/08/11 17:27:47 - mmengine - INFO - OccupancyLoss: 7.00551, OccupancyFlowLoss: 0.87273, DetectionLoss: 7.01966, DynamicLoss: 0.03449, PhysicsLoss: 0.00305
2026/08/11 17:28:48 - mmengine - INFO - [EVAL] Epoch 6 Iter   450: Loss: 31.889 (18.755)
2026/08/11 17:28:48 - mmengine - INFO - OccupancyLoss: 7.11110, OccupancyFlowLoss: 7.26557, DetectionLoss: 12.85338, DynamicLoss: 0.16531, PhysicsLoss: 4.49375
2026/08/11 17:29:47 - mmengine - INFO - Validation per class iou none:
2026/08/11 17:29:47 - mmengine - INFO - barrier : 13.86%, 0.32, 0.20
2026/08/11 17:29:47 - mmengine - INFO - bicycle : 0.00%, 0.00, 0.00
2026/08/11 17:29:47 - mmengine - INFO - bus : 21.04%, 0.40, 0.31
2026/08/11 17:29:47 - mmengine - INFO - car : 30.78%, 0.50, 0.44
2026/08/11 17:29:47 - mmengine - INFO - construction_vehicle : 0.84%, 0.15, 0.01
2026/08/11 17:29:47 - mmengine - INFO - motorcycle : 0.00%, 1.00, 0.00
2026/08/11 17:29:47 - mmengine - INFO - pedestrian : 0.86%, 0.23, 0.01
2026/08/11 17:29:47 - mmengine - INFO - traffic_cone : 0.01%, 0.02, 0.00
2026/08/11 17:29:47 - mmengine - INFO - trailer : 6.45%, 0.15, 0.10
2026/08/11 17:29:47 - mmengine - INFO - truck : 16.77%, 0.31, 0.27
2026/08/11 17:29:47 - mmengine - INFO - driveable_surface : 43.58%, 0.61, 0.60
2026/08/11 17:29:47 - mmengine - INFO - other_flat : 16.95%, 0.36, 0.24
2026/08/11 17:29:47 - mmengine - INFO - sidewalk : 21.78%, 0.37, 0.34
2026/08/11 17:29:47 - mmengine - INFO - terrain : 17.40%, 0.48, 0.21
2026/08/11 17:29:47 - mmengine - INFO - manmade : 5.09%, 0.31, 0.06
2026/08/11 17:29:47 - mmengine - INFO - vegetation : 19.86%, 0.38, 0.30
2026/08/11 17:29:47 - mmengine - INFO - tensor([  213109,    14566,   204192,  1435223,   106632,    22025,   206833,
           42653,   134799,   555406,  7051599,   345594,  2482869,  3418334,
         7852446,  8317553, 32659904], device='cuda:0', dtype=torch.int32)
2026/08/11 17:29:47 - mmengine - INFO - tensor([   41719,        0,    63390,   636236,      944,        1,     1833,
               5,    13528,   150195,  4235962,    83660,   856511,   731069,
          450393,  2454168, 12152114], device='cuda:0', dtype=torch.int32)
2026/08/11 17:29:47 - mmengine - INFO - tensor([  129506,        0,   160432,  1268053,     6390,        1,     8083,
             258,    88350,   490479,  6903975,   231613,  2305303,  1514614,
         1446993,  6494540, 21048590], device='cuda:0', dtype=torch.int32)
2026/08/11 17:29:47 - mmengine - INFO - mIoU: 13.455877821434115, iou2: 29.24247169494629
2026/08/11 17:29:47 - mmengine - INFO - Current val loss is 18.833
2026/08/11 17:30:06 - mmengine - INFO - [TRAIN] Epoch 6 Iter     0/750: Loss: 14.684 (14.684), grad_norm: 48.034, lr: 0.0000200, time: 9.061 (3.349)
2026/08/11 17:30:06 - mmengine - INFO - OccupancyLoss: 6.07374, OccupancyFlowLoss: 5.13272, DetectionLoss: 1.74852, DynamicLoss: 0.01610, PhysicsLoss: 1.71318
2026/08/11 17:34:53 - mmengine - INFO - [TRAIN] Epoch 6 Iter    50/750: Loss: 26.645 (16.990), grad_norm: 126.585, lr: 0.0000200, time: 5.588 (0.008)
2026/08/11 17:34:53 - mmengine - INFO - OccupancyLoss: 8.38544, OccupancyFlowLoss: 5.36103, DetectionLoss: 8.60022, DynamicLoss: 0.12272, PhysicsLoss: 4.17534
2026/08/11 17:39:37 - mmengine - INFO - [TRAIN] Epoch 6 Iter   100/750: Loss: 15.324 (15.862), grad_norm: 60.681, lr: 0.0000200, time: 5.580 (0.008)
2026/08/11 17:39:37 - mmengine - INFO - OccupancyLoss: 8.61050, OccupancyFlowLoss: 4.22783, DetectionLoss: 2.41609, DynamicLoss: 0.02949, PhysicsLoss: 0.03988
2026/08/11 17:44:22 - mmengine - INFO - [TRAIN] Epoch 6 Iter   150/750: Loss: 15.722 (18.147), grad_norm: 103.156, lr: 0.0000200, time: 5.605 (0.008)
2026/08/11 17:44:22 - mmengine - INFO - OccupancyLoss: 4.45008, OccupancyFlowLoss: 2.95592, DetectionLoss: 5.45628, DynamicLoss: 0.03170, PhysicsLoss: 2.82785
2026/08/11 17:49:07 - mmengine - INFO - [TRAIN] Epoch 6 Iter   200/750: Loss: 23.657 (17.043), grad_norm: 73.332, lr: 0.0000200, time: 5.947 (0.008)
2026/08/11 17:49:07 - mmengine - INFO - OccupancyLoss: 6.74656, OccupancyFlowLoss: 7.03028, DetectionLoss: 9.36988, DynamicLoss: 0.03096, PhysicsLoss: 0.47888
2026/08/11 17:53:53 - mmengine - INFO - [TRAIN] Epoch 6 Iter   250/750: Loss: 20.945 (17.122), grad_norm: 98.117, lr: 0.0000200, time: 5.735 (0.008)
2026/08/11 17:53:53 - mmengine - INFO - OccupancyLoss: 4.88838, OccupancyFlowLoss: 4.97545, DetectionLoss: 6.85437, DynamicLoss: 0.03771, PhysicsLoss: 4.18925
2026/08/11 17:58:39 - mmengine - INFO - [TRAIN] Epoch 6 Iter   300/750: Loss: 12.591 (16.902), grad_norm: 29.381, lr: 0.0000200, time: 5.665 (0.008)
2026/08/11 17:58:39 - mmengine - INFO - OccupancyLoss: 5.71082, OccupancyFlowLoss: 4.43938, DetectionLoss: 2.26083, DynamicLoss: 0.03610, PhysicsLoss: 0.14420
2026/08/11 18:03:25 - mmengine - INFO - [TRAIN] Epoch 6 Iter   350/750: Loss: 12.564 (17.748), grad_norm: 57.687, lr: 0.0000200, time: 5.787 (0.008)
2026/08/11 18:03:25 - mmengine - INFO - OccupancyLoss: 6.70164, OccupancyFlowLoss: 4.04322, DetectionLoss: 1.79878, DynamicLoss: 0.02014, PhysicsLoss: 0.00000
2026/08/11 18:08:11 - mmengine - INFO - [TRAIN] Epoch 6 Iter   400/750: Loss: 12.299 (16.828), grad_norm: 20.965, lr: 0.0000200, time: 5.677 (0.008)
2026/08/11 18:08:11 - mmengine - INFO - OccupancyLoss: 4.61076, OccupancyFlowLoss: 4.13529, DetectionLoss: 3.54608, DynamicLoss: 0.00719, PhysicsLoss: 0.00000
2026/08/11 18:12:56 - mmengine - INFO - [TRAIN] Epoch 6 Iter   450/750: Loss: 23.410 (16.798), grad_norm: 124.935, lr: 0.0000200, time: 5.900 (0.008)
2026/08/11 18:12:56 - mmengine - INFO - OccupancyLoss: 7.44937, OccupancyFlowLoss: 5.64085, DetectionLoss: 8.65864, DynamicLoss: 0.03678, PhysicsLoss: 1.62407
2026/08/11 18:17:41 - mmengine - INFO - [TRAIN] Epoch 6 Iter   500/750: Loss: 14.049 (16.950), grad_norm: 79.587, lr: 0.0000200, time: 5.817 (0.008)
2026/08/11 18:17:41 - mmengine - INFO - OccupancyLoss: 4.45656, OccupancyFlowLoss: 3.00722, DetectionLoss: 4.84962, DynamicLoss: 0.01866, PhysicsLoss: 1.71680
2026/08/11 18:22:28 - mmengine - INFO - [TRAIN] Epoch 6 Iter   550/750: Loss: 10.246 (15.482), grad_norm: 20.471, lr: 0.0000200, time: 5.813 (0.008)
2026/08/11 18:22:28 - mmengine - INFO - OccupancyLoss: 5.32517, OccupancyFlowLoss: 3.73287, DetectionLoss: 1.18278, DynamicLoss: 0.00555, PhysicsLoss: 0.00000
2026/08/11 18:27:12 - mmengine - INFO - [TRAIN] Epoch 6 Iter   600/750: Loss: 19.679 (16.846), grad_norm: 52.782, lr: 0.0000200, time: 6.347 (0.008)
2026/08/11 18:27:12 - mmengine - INFO - OccupancyLoss: 5.85470, OccupancyFlowLoss: 6.50539, DetectionLoss: 5.64986, DynamicLoss: 0.21697, PhysicsLoss: 1.45238
2026/08/11 18:31:59 - mmengine - INFO - [TRAIN] Epoch 6 Iter   650/750: Loss: 14.574 (17.322), grad_norm: 40.173, lr: 0.0000200, time: 5.748 (0.008)
2026/08/11 18:31:59 - mmengine - INFO - OccupancyLoss: 4.52376, OccupancyFlowLoss: 4.89381, DetectionLoss: 4.31774, DynamicLoss: 0.06619, PhysicsLoss: 0.77216
2026/08/11 18:36:44 - mmengine - INFO - [TRAIN] Epoch 6 Iter   700/750: Loss: 11.719 (16.737), grad_norm: 34.103, lr: 0.0000200, time: 5.507 (0.008)
2026/08/11 18:36:44 - mmengine - INFO - OccupancyLoss: 4.57536, OccupancyFlowLoss: 4.23423, DetectionLoss: 2.88465, DynamicLoss: 0.02521, PhysicsLoss: 0.00000
2026/08/11 18:41:31 - mmengine - INFO - [EVAL] Epoch 7 Iter     0: Loss: 17.783 (17.783)
2026/08/11 18:41:31 - mmengine - INFO - OccupancyLoss: 4.83828, OccupancyFlowLoss: 3.99534, DetectionLoss: 4.53430, DynamicLoss: 0.03830, PhysicsLoss: 4.37710
2026/08/11 18:42:32 - mmengine - INFO - [EVAL] Epoch 7 Iter    50: Loss: 17.062 (18.224)
2026/08/11 18:42:32 - mmengine - INFO - OccupancyLoss: 5.19547, OccupancyFlowLoss: 3.87479, DetectionLoss: 5.32604, DynamicLoss: 0.05254, PhysicsLoss: 2.61305
2026/08/11 18:43:32 - mmengine - INFO - [EVAL] Epoch 7 Iter   100: Loss: 18.649 (18.011)
2026/08/11 18:43:32 - mmengine - INFO - OccupancyLoss: 5.83737, OccupancyFlowLoss: 5.47253, DetectionLoss: 3.93359, DynamicLoss: 0.01049, PhysicsLoss: 3.39533
2026/08/11 18:44:31 - mmengine - INFO - [EVAL] Epoch 7 Iter   150: Loss: 6.807 (18.455)
2026/08/11 18:44:31 - mmengine - INFO - OccupancyLoss: 5.54156, OccupancyFlowLoss: 1.12744, DetectionLoss: 0.13755, DynamicLoss: 0.00040, PhysicsLoss: 0.00000
2026/08/11 18:45:32 - mmengine - INFO - [EVAL] Epoch 7 Iter   200: Loss: 13.724 (18.620)
2026/08/11 18:45:32 - mmengine - INFO - OccupancyLoss: 7.47515, OccupancyFlowLoss: 2.75675, DetectionLoss: 2.74825, DynamicLoss: 0.02259, PhysicsLoss: 0.72136
2026/08/11 18:46:33 - mmengine - INFO - [EVAL] Epoch 7 Iter   250: Loss: 19.652 (18.537)
2026/08/11 18:46:33 - mmengine - INFO - OccupancyLoss: 7.12777, OccupancyFlowLoss: 5.46656, DetectionLoss: 5.45498, DynamicLoss: 0.10096, PhysicsLoss: 1.50137
2026/08/11 18:47:33 - mmengine - INFO - [EVAL] Epoch 7 Iter   300: Loss: 20.078 (18.399)
2026/08/11 18:47:33 - mmengine - INFO - OccupancyLoss: 7.43686, OccupancyFlowLoss: 6.47999, DetectionLoss: 5.24764, DynamicLoss: 0.01269, PhysicsLoss: 0.90092
2026/08/11 18:48:34 - mmengine - INFO - [EVAL] Epoch 7 Iter   350: Loss: 11.603 (18.479)
2026/08/11 18:48:34 - mmengine - INFO - OccupancyLoss: 4.85431, OccupancyFlowLoss: 1.77310, DetectionLoss: 4.49396, DynamicLoss: 0.02701, PhysicsLoss: 0.45504
2026/08/11 18:49:33 - mmengine - INFO - [EVAL] Epoch 7 Iter   400: Loss: 14.257 (18.328)
2026/08/11 18:49:33 - mmengine - INFO - OccupancyLoss: 6.88406, OccupancyFlowLoss: 0.86851, DetectionLoss: 6.47167, DynamicLoss: 0.02977, PhysicsLoss: 0.00336
2026/08/11 18:50:34 - mmengine - INFO - [EVAL] Epoch 7 Iter   450: Loss: 31.819 (18.423)
2026/08/11 18:50:34 - mmengine - INFO - OccupancyLoss: 6.91143, OccupancyFlowLoss: 7.06007, DetectionLoss: 13.18226, DynamicLoss: 0.16214, PhysicsLoss: 4.50349
2026/08/11 18:51:43 - mmengine - INFO - Validation per class iou none:
2026/08/11 18:51:43 - mmengine - INFO - barrier : 15.93%, 0.28, 0.27
2026/08/11 18:51:43 - mmengine - INFO - bicycle : 0.00%, 0.00, 0.00
2026/08/11 18:51:43 - mmengine - INFO - bus : 23.76%, 0.33, 0.45
2026/08/11 18:51:43 - mmengine - INFO - car : 32.76%, 0.48, 0.51
2026/08/11 18:51:43 - mmengine - INFO - construction_vehicle : 3.62%, 0.21, 0.04
2026/08/11 18:51:43 - mmengine - INFO - motorcycle : 0.15%, 0.31, 0.00
2026/08/11 18:51:43 - mmengine - INFO - pedestrian : 2.14%, 0.25, 0.02
2026/08/11 18:51:43 - mmengine - INFO - traffic_cone : 0.07%, 0.08, 0.00
2026/08/11 18:51:43 - mmengine - INFO - trailer : 9.87%, 0.17, 0.19
2026/08/11 18:51:43 - mmengine - INFO - truck : 21.61%, 0.36, 0.35
2026/08/11 18:51:43 - mmengine - INFO - driveable_surface : 43.12%, 0.65, 0.56
2026/08/11 18:51:43 - mmengine - INFO - other_flat : 13.42%, 0.43, 0.16
2026/08/11 18:51:43 - mmengine - INFO - sidewalk : 21.78%, 0.37, 0.34
2026/08/11 18:51:43 - mmengine - INFO - terrain : 22.47%, 0.38, 0.36
2026/08/11 18:51:43 - mmengine - INFO - manmade : 6.65%, 0.33, 0.08
2026/08/11 18:51:43 - mmengine - INFO - vegetation : 21.01%, 0.38, 0.32
2026/08/11 18:51:43 - mmengine - INFO - tensor([  213109,    14566,   204192,  1435223,   106632,    22025,   206833,
           42653,   134799,   555406,  7051599,   345594,  2482869,  3418334,
         7852446,  8317553, 32659904], device='cuda:0', dtype=torch.int32)
2026/08/11 18:51:43 - mmengine - INFO - tensor([   57029,        0,    92055,   735464,     4480,       34,     4733,
              30,    25793,   195487,  3952781,    56314,   852692,  1222253,
          605375,  2645352, 13103436], device='cuda:0', dtype=torch.int32)
2026/08/11 18:51:43 - mmengine - INFO - tensor([  201963,        0,   275265,  1545268,    21454,      110,    19265,
             395,   152439,   544617,  6067522,   130440,  2284211,  3243547,
         1855710,  6919250, 23261456], device='cuda:0', dtype=torch.int32)
2026/08/11 18:51:43 - mmengine - INFO - mIoU: 14.897852778085507, iou2: 30.60268783569336
2026/08/11 18:51:43 - mmengine - INFO - Current val loss is 18.476
2026/08/11 18:52:02 - mmengine - INFO - [TRAIN] Epoch 7 Iter     0/750: Loss: 11.783 (11.783), grad_norm: 32.501, lr: 0.0000200, time: 8.955 (3.218)
2026/08/11 18:52:02 - mmengine - INFO - OccupancyLoss: 5.01748, OccupancyFlowLoss: 2.52933, DetectionLoss: 3.73429, DynamicLoss: 0.05263, PhysicsLoss: 0.44914
2026/08/11 18:56:46 - mmengine - INFO - [TRAIN] Epoch 7 Iter    50/750: Loss: 26.145 (15.981), grad_norm: 40.172, lr: 0.0000200, time: 5.899 (0.008)
2026/08/11 18:56:46 - mmengine - INFO - OccupancyLoss: 6.01198, OccupancyFlowLoss: 6.13813, DetectionLoss: 12.50237, DynamicLoss: 0.28985, PhysicsLoss: 1.20241
2026/08/11 19:01:32 - mmengine - INFO - [TRAIN] Epoch 7 Iter   100/750: Loss: 17.181 (16.021), grad_norm: 45.489, lr: 0.0000200, time: 5.424 (0.008)
2026/08/11 19:01:32 - mmengine - INFO - OccupancyLoss: 4.61336, OccupancyFlowLoss: 4.12388, DetectionLoss: 6.38296, DynamicLoss: 0.04407, PhysicsLoss: 2.01655
2026/08/11 19:06:17 - mmengine - INFO - [TRAIN] Epoch 7 Iter   150/750: Loss: 12.213 (15.976), grad_norm: 23.110, lr: 0.0000200, time: 5.703 (0.008)
2026/08/11 19:06:17 - mmengine - INFO - OccupancyLoss: 4.89935, OccupancyFlowLoss: 1.97718, DetectionLoss: 4.33119, DynamicLoss: 0.08325, PhysicsLoss: 0.92210
2026/08/11 19:11:02 - mmengine - INFO - [TRAIN] Epoch 7 Iter   200/750: Loss: 22.613 (17.028), grad_norm: 111.933, lr: 0.0000200, time: 5.406 (0.008)
2026/08/11 19:11:02 - mmengine - INFO - OccupancyLoss: 6.14801, OccupancyFlowLoss: 6.43879, DetectionLoss: 6.87340, DynamicLoss: 0.01383, PhysicsLoss: 3.13915
2026/08/11 19:15:46 - mmengine - INFO - [TRAIN] Epoch 7 Iter   250/750: Loss: 29.431 (16.430), grad_norm: 59.266, lr: 0.0000200, time: 5.635 (0.008)
2026/08/11 19:15:46 - mmengine - INFO - OccupancyLoss: 8.17044, OccupancyFlowLoss: 6.03904, DetectionLoss: 12.63287, DynamicLoss: 0.03287, PhysicsLoss: 2.55558
2026/08/11 19:20:31 - mmengine - INFO - [TRAIN] Epoch 7 Iter   300/750: Loss: 11.489 (16.901), grad_norm: 39.822, lr: 0.0000200, time: 5.861 (0.008)
2026/08/11 19:20:31 - mmengine - INFO - OccupancyLoss: 4.27828, OccupancyFlowLoss: 1.12735, DetectionLoss: 5.95067, DynamicLoss: 0.01955, PhysicsLoss: 0.11319
2026/08/11 19:25:14 - mmengine - INFO - [TRAIN] Epoch 7 Iter   350/750: Loss: 21.865 (16.702), grad_norm: 39.617, lr: 0.0000200, time: 5.606 (0.008)
2026/08/11 19:25:14 - mmengine - INFO - OccupancyLoss: 6.69155, OccupancyFlowLoss: 6.06351, DetectionLoss: 5.79675, DynamicLoss: 0.06084, PhysicsLoss: 3.25199
2026/08/11 19:30:02 - mmengine - INFO - [TRAIN] Epoch 7 Iter   400/750: Loss: 21.409 (16.793), grad_norm: 41.296, lr: 0.0000200, time: 5.980 (0.008)
2026/08/11 19:30:02 - mmengine - INFO - OccupancyLoss: 5.71933, OccupancyFlowLoss: 4.69746, DetectionLoss: 8.80831, DynamicLoss: 0.06346, PhysicsLoss: 2.12023
2026/08/11 19:34:49 - mmengine - INFO - [TRAIN] Epoch 7 Iter   450/750: Loss: 23.535 (17.733), grad_norm: 55.288, lr: 0.0000200, time: 5.866 (0.008)
2026/08/11 19:34:49 - mmengine - INFO - OccupancyLoss: 4.49123, OccupancyFlowLoss: 5.00739, DetectionLoss: 11.42778, DynamicLoss: 0.08048, PhysicsLoss: 2.52850
2026/08/11 19:39:36 - mmengine - INFO - [TRAIN] Epoch 7 Iter   500/750: Loss: 19.030 (16.290), grad_norm: 23.950, lr: 0.0000200, time: 5.719 (0.008)
2026/08/11 19:39:36 - mmengine - INFO - OccupancyLoss: 5.78813, OccupancyFlowLoss: 6.37514, DetectionLoss: 6.21562, DynamicLoss: 0.04434, PhysicsLoss: 0.60724
2026/08/11 19:44:22 - mmengine - INFO - [TRAIN] Epoch 7 Iter   550/750: Loss: 21.084 (16.676), grad_norm: 60.848, lr: 0.0000200, time: 5.614 (0.008)
2026/08/11 19:44:22 - mmengine - INFO - OccupancyLoss: 6.58905, OccupancyFlowLoss: 4.86903, DetectionLoss: 7.74587, DynamicLoss: 0.01882, PhysicsLoss: 1.86122
2026/08/11 19:49:09 - mmengine - INFO - [TRAIN] Epoch 7 Iter   600/750: Loss: 24.731 (17.676), grad_norm: 63.353, lr: 0.0000200, time: 5.966 (0.008)
2026/08/11 19:49:09 - mmengine - INFO - OccupancyLoss: 4.84566, OccupancyFlowLoss: 5.42010, DetectionLoss: 11.45171, DynamicLoss: 0.08726, PhysicsLoss: 2.92602
2026/08/11 19:53:54 - mmengine - INFO - [TRAIN] Epoch 7 Iter   650/750: Loss: 19.445 (16.066), grad_norm: 30.198, lr: 0.0000200, time: 5.515 (0.008)
2026/08/11 19:53:54 - mmengine - INFO - OccupancyLoss: 7.73473, OccupancyFlowLoss: 6.92825, DetectionLoss: 3.81607, DynamicLoss: 0.03122, PhysicsLoss: 0.93483
2026/08/11 19:58:38 - mmengine - INFO - [TRAIN] Epoch 7 Iter   700/750: Loss: 15.793 (17.565), grad_norm: 36.588, lr: 0.0000200, time: 5.597 (0.008)
2026/08/11 19:58:38 - mmengine - INFO - OccupancyLoss: 4.83770, OccupancyFlowLoss: 4.45993, DetectionLoss: 5.84489, DynamicLoss: 0.04561, PhysicsLoss: 0.60482
2026/08/11 20:03:45 - mmengine - INFO - [EVAL] Epoch 8 Iter     0: Loss: 17.320 (17.320)
2026/08/11 20:03:45 - mmengine - INFO - OccupancyLoss: 4.76173, OccupancyFlowLoss: 4.04414, DetectionLoss: 3.99101, DynamicLoss: 0.03904, PhysicsLoss: 4.48456
2026/08/11 20:04:46 - mmengine - INFO - [EVAL] Epoch 8 Iter    50: Loss: 18.025 (17.931)
2026/08/11 20:04:46 - mmengine - INFO - OccupancyLoss: 4.90799, OccupancyFlowLoss: 3.75184, DetectionLoss: 6.82583, DynamicLoss: 0.04410, PhysicsLoss: 2.49492
2026/08/11 20:05:45 - mmengine - INFO - [EVAL] Epoch 8 Iter   100: Loss: 17.900 (17.547)
2026/08/11 20:05:45 - mmengine - INFO - OccupancyLoss: 5.86941, OccupancyFlowLoss: 5.09301, DetectionLoss: 3.84248, DynamicLoss: 0.00923, PhysicsLoss: 3.08575
2026/08/11 20:06:45 - mmengine - INFO - [EVAL] Epoch 8 Iter   150: Loss: 6.686 (17.900)
2026/08/11 20:06:45 - mmengine - INFO - OccupancyLoss: 5.46063, OccupancyFlowLoss: 1.12088, DetectionLoss: 0.10387, DynamicLoss: 0.00032, PhysicsLoss: 0.00000
2026/08/11 20:07:45 - mmengine - INFO - [EVAL] Epoch 8 Iter   200: Loss: 13.550 (18.050)
2026/08/11 20:07:45 - mmengine - INFO - OccupancyLoss: 7.03362, OccupancyFlowLoss: 2.54198, DetectionLoss: 3.23308, DynamicLoss: 0.02606, PhysicsLoss: 0.71481
2026/08/11 20:08:47 - mmengine - INFO - [EVAL] Epoch 8 Iter   250: Loss: 18.027 (18.002)
2026/08/11 20:08:47 - mmengine - INFO - OccupancyLoss: 6.70611, OccupancyFlowLoss: 5.07741, DetectionLoss: 4.74888, DynamicLoss: 0.10457, PhysicsLoss: 1.39031
2026/08/11 20:09:46 - mmengine - INFO - [EVAL] Epoch 8 Iter   300: Loss: 19.515 (17.842)
2026/08/11 20:09:46 - mmengine - INFO - OccupancyLoss: 7.53698, OccupancyFlowLoss: 6.29630, DetectionLoss: 5.05481, DynamicLoss: 0.01259, PhysicsLoss: 0.61399
2026/08/11 20:10:47 - mmengine - INFO - [EVAL] Epoch 8 Iter   350: Loss: 10.780 (17.898)
2026/08/11 20:10:47 - mmengine - INFO - OccupancyLoss: 4.86927, OccupancyFlowLoss: 1.73792, DetectionLoss: 3.73006, DynamicLoss: 0.02791, PhysicsLoss: 0.41466
2026/08/11 20:11:47 - mmengine - INFO - [EVAL] Epoch 8 Iter   400: Loss: 13.493 (17.763)
2026/08/11 20:11:47 - mmengine - INFO - OccupancyLoss: 6.65161, OccupancyFlowLoss: 0.83033, DetectionLoss: 5.97297, DynamicLoss: 0.03327, PhysicsLoss: 0.00464
2026/08/11 20:12:48 - mmengine - INFO - [EVAL] Epoch 8 Iter   450: Loss: 31.600 (17.877)
2026/08/11 20:12:48 - mmengine - INFO - OccupancyLoss: 6.81977, OccupancyFlowLoss: 6.98273, DetectionLoss: 13.30893, DynamicLoss: 0.13237, PhysicsLoss: 4.35576
2026/08/11 20:14:07 - mmengine - INFO - Validation per class iou none:
2026/08/11 20:14:07 - mmengine - INFO - barrier : 18.14%, 0.32, 0.30
2026/08/11 20:14:07 - mmengine - INFO - bicycle : 0.00%, 0.00, 0.00
2026/08/11 20:14:07 - mmengine - INFO - bus : 26.68%, 0.41, 0.44
2026/08/11 20:14:07 - mmengine - INFO - car : 33.21%, 0.47, 0.53
2026/08/11 20:14:07 - mmengine - INFO - construction_vehicle : 9.35%, 0.17, 0.18
2026/08/11 20:14:07 - mmengine - INFO - motorcycle : 3.27%, 0.22, 0.04
2026/08/11 20:14:07 - mmengine - INFO - pedestrian : 9.29%, 0.29, 0.12
2026/08/11 20:14:07 - mmengine - INFO - traffic_cone : 0.10%, 0.16, 0.00
2026/08/11 20:14:07 - mmengine - INFO - trailer : 11.48%, 0.19, 0.23
2026/08/11 20:14:07 - mmengine - INFO - truck : 20.50%, 0.35, 0.33
2026/08/11 20:14:07 - mmengine - INFO - driveable_surface : 43.69%, 0.61, 0.60
2026/08/11 20:14:07 - mmengine - INFO - other_flat : 17.14%, 0.54, 0.20
2026/08/11 20:14:07 - mmengine - INFO - sidewalk : 23.08%, 0.37, 0.38
2026/08/11 20:14:07 - mmengine - INFO - terrain : 22.47%, 0.39, 0.34
2026/08/11 20:14:07 - mmengine - INFO - manmade : 10.17%, 0.27, 0.14
2026/08/11 20:14:07 - mmengine - INFO - vegetation : 21.65%, 0.37, 0.35
2026/08/11 20:14:07 - mmengine - INFO - tensor([  213109,    14566,   204192,  1435223,   106632,    22025,   206833,
           42653,   134799,   555406,  7051599,   345594,  2482869,  3418334,
         7852446,  8317553, 32659904], device='cuda:0', dtype=torch.int32)
2026/08/11 20:14:07 - mmengine - INFO - tensor([   63422,        0,    89170,   760820,    18785,      818,    24821,
              42,    30563,   182036,  4264243,    69154,   950690,  1174220,
         1091864,  2884781, 14454516], device='cuda:0', dtype=torch.int32)
2026/08/11 20:14:07 - mmengine - INFO - tensor([  199901,        1,   219248,  1616791,   113133,     3774,    85257,
             270,   162025,   514521,  6973227,   127089,  2587631,  2981657,
         3980361,  7893068, 27457954], device='cuda:0', dtype=torch.int32)
2026/08/11 20:14:07 - mmengine - INFO - mIoU: 16.88724705891218, iou2: 31.654531478881836
2026/08/11 20:14:07 - mmengine - INFO - Current val loss is 17.954
2026/08/11 20:14:26 - mmengine - INFO - [TRAIN] Epoch 8 Iter     0/750: Loss: 15.160 (15.160), grad_norm: 59.044, lr: 0.0000200, time: 9.188 (3.414)
2026/08/11 20:14:26 - mmengine - INFO - OccupancyLoss: 5.12604, OccupancyFlowLoss: 5.03615, DetectionLoss: 3.10247, DynamicLoss: 0.03036, PhysicsLoss: 1.86463
2026/08/11 20:19:12 - mmengine - INFO - [TRAIN] Epoch 8 Iter    50/750: Loss: 7.667 (16.085), grad_norm: 75.843, lr: 0.0000200, time: 5.667 (0.008)
2026/08/11 20:19:12 - mmengine - INFO - OccupancyLoss: 4.48866, OccupancyFlowLoss: 0.00000, DetectionLoss: 3.08707, DynamicLoss: 0.02090, PhysicsLoss: 0.07003
2026/08/11 20:23:57 - mmengine - INFO - [TRAIN] Epoch 8 Iter   100/750: Loss: 8.045 (15.266), grad_norm: 19.061, lr: 0.0000200, time: 5.636 (0.008)
2026/08/11 20:23:57 - mmengine - INFO - OccupancyLoss: 3.29417, OccupancyFlowLoss: 0.73028, DetectionLoss: 3.97678, DynamicLoss: 0.02744, PhysicsLoss: 0.01660
2026/08/11 20:28:43 - mmengine - INFO - [TRAIN] Epoch 8 Iter   150/750: Loss: 16.976 (15.180), grad_norm: 29.667, lr: 0.0000200, time: 5.687 (0.008)
2026/08/11 20:28:43 - mmengine - INFO - OccupancyLoss: 5.47782, OccupancyFlowLoss: 4.30340, DetectionLoss: 3.99634, DynamicLoss: 0.03499, PhysicsLoss: 3.16299
2026/08/11 20:33:29 - mmengine - INFO - [TRAIN] Epoch 8 Iter   200/750: Loss: 6.542 (16.537), grad_norm: 60.958, lr: 0.0000200, time: 5.553 (0.008)
2026/08/11 20:33:29 - mmengine - INFO - OccupancyLoss: 3.16758, OccupancyFlowLoss: 2.15534, DetectionLoss: 1.19928, DynamicLoss: 0.01951, PhysicsLoss: 0.00000
2026/08/11 20:38:14 - mmengine - INFO - [TRAIN] Epoch 8 Iter   250/750: Loss: 19.711 (15.979), grad_norm: 71.754, lr: 0.0000200, time: 5.485 (0.008)
2026/08/11 20:38:14 - mmengine - INFO - OccupancyLoss: 8.33133, OccupancyFlowLoss: 6.97182, DetectionLoss: 0.99411, DynamicLoss: 0.00836, PhysicsLoss: 3.40544
2026/08/11 20:43:00 - mmengine - INFO - [TRAIN] Epoch 8 Iter   300/750: Loss: 22.320 (17.177), grad_norm: 70.628, lr: 0.0000200, time: 5.723 (0.008)
2026/08/11 20:43:00 - mmengine - INFO - OccupancyLoss: 4.86162, OccupancyFlowLoss: 5.29897, DetectionLoss: 7.41012, DynamicLoss: 0.03345, PhysicsLoss: 4.71556
2026/08/11 20:47:46 - mmengine - INFO - [TRAIN] Epoch 8 Iter   350/750: Loss: 13.089 (15.275), grad_norm: 72.476, lr: 0.0000200, time: 5.713 (0.008)
2026/08/11 20:47:46 - mmengine - INFO - OccupancyLoss: 5.21570, OccupancyFlowLoss: 4.84553, DetectionLoss: 2.14846, DynamicLoss: 0.03141, PhysicsLoss: 0.84837
2026/08/11 20:52:31 - mmengine - INFO - [TRAIN] Epoch 8 Iter   400/750: Loss: 18.188 (15.739), grad_norm: 51.168, lr: 0.0000200, time: 5.908 (0.008)
2026/08/11 20:52:31 - mmengine - INFO - OccupancyLoss: 5.49594, OccupancyFlowLoss: 5.17678, DetectionLoss: 5.60604, DynamicLoss: 0.07651, PhysicsLoss: 1.83289
2026/08/11 20:57:17 - mmengine - INFO - [TRAIN] Epoch 8 Iter   450/750: Loss: 18.810 (15.135), grad_norm: 45.359, lr: 0.0000200, time: 5.619 (0.008)
2026/08/11 20:57:17 - mmengine - INFO - OccupancyLoss: 7.45055, OccupancyFlowLoss: 4.07227, DetectionLoss: 6.25198, DynamicLoss: 0.04022, PhysicsLoss: 0.99509
2026/08/11 21:02:02 - mmengine - INFO - [TRAIN] Epoch 8 Iter   500/750: Loss: 23.837 (15.043), grad_norm: 87.094, lr: 0.0000200, time: 5.876 (0.008)
2026/08/11 21:02:02 - mmengine - INFO - OccupancyLoss: 6.65902, OccupancyFlowLoss: 5.04315, DetectionLoss: 8.64466, DynamicLoss: 0.04795, PhysicsLoss: 3.44232
2026/08/11 21:06:48 - mmengine - INFO - [TRAIN] Epoch 8 Iter   550/750: Loss: 13.164 (15.122), grad_norm: 70.847, lr: 0.0000200, time: 5.741 (0.008)
2026/08/11 21:06:48 - mmengine - INFO - OccupancyLoss: 4.46517, OccupancyFlowLoss: 3.73278, DetectionLoss: 3.80914, DynamicLoss: 0.01443, PhysicsLoss: 1.14252
2026/08/11 21:11:34 - mmengine - INFO - [TRAIN] Epoch 8 Iter   600/750: Loss: 18.243 (15.373), grad_norm: 86.317, lr: 0.0000200, time: 5.765 (0.008)
2026/08/11 21:11:34 - mmengine - INFO - OccupancyLoss: 4.29250, OccupancyFlowLoss: 4.05292, DetectionLoss: 6.39223, DynamicLoss: 0.05588, PhysicsLoss: 3.44923
2026/08/11 21:16:20 - mmengine - INFO - [TRAIN] Epoch 8 Iter   650/750: Loss: 15.541 (14.487), grad_norm: 67.388, lr: 0.0000200, time: 5.698 (0.008)
2026/08/11 21:16:20 - mmengine - INFO - OccupancyLoss: 6.24732, OccupancyFlowLoss: 4.27848, DetectionLoss: 4.30995, DynamicLoss: 0.06602, PhysicsLoss: 0.63880
2026/08/11 21:21:06 - mmengine - INFO - [TRAIN] Epoch 8 Iter   700/750: Loss: 17.186 (15.413), grad_norm: 97.229, lr: 0.0000200, time: 5.524 (0.008)
2026/08/11 21:21:06 - mmengine - INFO - OccupancyLoss: 7.71722, OccupancyFlowLoss: 6.32023, DetectionLoss: 2.51963, DynamicLoss: 0.01735, PhysicsLoss: 0.61181
2026/08/11 21:25:53 - mmengine - INFO - [EVAL] Epoch 9 Iter     0: Loss: 16.716 (16.716)
2026/08/11 21:25:53 - mmengine - INFO - OccupancyLoss: 4.71194, OccupancyFlowLoss: 3.91748, DetectionLoss: 4.18280, DynamicLoss: 0.03694, PhysicsLoss: 3.86700
2026/08/11 21:26:54 - mmengine - INFO - [EVAL] Epoch 9 Iter    50: Loss: 16.274 (18.094)
2026/08/11 21:26:54 - mmengine - INFO - OccupancyLoss: 5.01555, OccupancyFlowLoss: 3.76580, DetectionLoss: 4.66996, DynamicLoss: 0.03680, PhysicsLoss: 2.78604
2026/08/11 21:27:54 - mmengine - INFO - [EVAL] Epoch 9 Iter   100: Loss: 17.620 (17.787)
2026/08/11 21:27:54 - mmengine - INFO - OccupancyLoss: 5.76375, OccupancyFlowLoss: 5.19929, DetectionLoss: 3.62069, DynamicLoss: 0.01003, PhysicsLoss: 3.02644
2026/08/11 21:28:53 - mmengine - INFO - [EVAL] Epoch 9 Iter   150: Loss: 6.572 (18.135)
2026/08/11 21:28:53 - mmengine - INFO - OccupancyLoss: 5.33526, OccupancyFlowLoss: 1.12874, DetectionLoss: 0.10805, DynamicLoss: 0.00028, PhysicsLoss: 0.00000
2026/08/11 21:29:54 - mmengine - INFO - [EVAL] Epoch 9 Iter   200: Loss: 14.522 (18.301)
2026/08/11 21:29:54 - mmengine - INFO - OccupancyLoss: 8.01470, OccupancyFlowLoss: 2.92274, DetectionLoss: 2.96219, DynamicLoss: 0.02745, PhysicsLoss: 0.59446
2026/08/11 21:30:55 - mmengine - INFO - [EVAL] Epoch 9 Iter   250: Loss: 17.696 (18.240)
2026/08/11 21:30:55 - mmengine - INFO - OccupancyLoss: 6.80760, OccupancyFlowLoss: 5.21543, DetectionLoss: 4.38391, DynamicLoss: 0.09362, PhysicsLoss: 1.19592
2026/08/11 21:31:54 - mmengine - INFO - [EVAL] Epoch 9 Iter   300: Loss: 20.406 (18.089)
2026/08/11 21:31:54 - mmengine - INFO - OccupancyLoss: 7.55720, OccupancyFlowLoss: 6.44696, DetectionLoss: 5.22004, DynamicLoss: 0.01780, PhysicsLoss: 1.16437
2026/08/11 21:32:55 - mmengine - INFO - [EVAL] Epoch 9 Iter   350: Loss: 10.483 (18.155)
2026/08/11 21:32:55 - mmengine - INFO - OccupancyLoss: 4.64106, OccupancyFlowLoss: 1.72431, DetectionLoss: 3.67315, DynamicLoss: 0.03319, PhysicsLoss: 0.41163
2026/08/11 21:33:54 - mmengine - INFO - [EVAL] Epoch 9 Iter   400: Loss: 14.094 (18.036)
2026/08/11 21:33:55 - mmengine - INFO - OccupancyLoss: 6.51714, OccupancyFlowLoss: 0.83008, DetectionLoss: 6.71512, DynamicLoss: 0.02799, PhysicsLoss: 0.00332
2026/08/11 21:34:55 - mmengine - INFO - [EVAL] Epoch 9 Iter   450: Loss: 33.828 (18.141)
2026/08/11 21:34:55 - mmengine - INFO - OccupancyLoss: 7.14351, OccupancyFlowLoss: 7.31303, DetectionLoss: 14.57753, DynamicLoss: 0.14427, PhysicsLoss: 4.64966
2026/08/11 21:35:55 - mmengine - INFO - Validation per class iou none:
2026/08/11 21:35:55 - mmengine - INFO - barrier : 19.43%, 0.29, 0.36
2026/08/11 21:35:55 - mmengine - INFO - bicycle : 1.25%, 0.14, 0.01
2026/08/11 21:35:55 - mmengine - INFO - bus : 28.05%, 0.42, 0.46
2026/08/11 21:35:55 - mmengine - INFO - car : 33.90%, 0.48, 0.54
2026/08/11 21:35:55 - mmengine - INFO - construction_vehicle : 11.52%, 0.28, 0.16
2026/08/11 21:35:55 - mmengine - INFO - motorcycle : 4.92%, 0.28, 0.06
2026/08/11 21:35:55 - mmengine - INFO - pedestrian : 12.50%, 0.26, 0.20
2026/08/11 21:35:55 - mmengine - INFO - traffic_cone : 0.70%, 0.23, 0.01
2026/08/11 21:35:55 - mmengine - INFO - trailer : 12.54%, 0.21, 0.23
2026/08/11 21:35:55 - mmengine - INFO - truck : 22.93%, 0.34, 0.42
2026/08/11 21:35:55 - mmengine - INFO - driveable_surface : 43.17%, 0.66, 0.55
2026/08/11 21:35:55 - mmengine - INFO - other_flat : 19.76%, 0.49, 0.25
2026/08/11 21:35:55 - mmengine - INFO - sidewalk : 24.35%, 0.42, 0.37
2026/08/11 21:35:55 - mmengine - INFO - terrain : 23.74%, 0.36, 0.41
2026/08/11 21:35:55 - mmengine - INFO - manmade : 8.20%, 0.32, 0.10
2026/08/11 21:35:55 - mmengine - INFO - vegetation : 21.82%, 0.37, 0.35
2026/08/11 21:35:55 - mmengine - INFO - tensor([  213109,    14566,   204192,  1435223,   106632,    22025,   206833,
           42653,   134799,   555406,  7051599,   345594,  2482869,  3418334,
         7852446,  8317553, 32659904], device='cuda:0', dtype=torch.int32)
2026/08/11 21:35:55 - mmengine - INFO - tensor([   77486,      197,    93169,   775110,    17479,     1244,    40484,
             307,    31398,   232749,  3905088,    86129,   914128,  1385681,
          777617,  2924936, 14260236], device='cuda:0', dtype=torch.int32)
2026/08/11 21:35:55 - mmengine - INFO - tensor([  263163,     1406,   221124,  1626548,    62587,     4485,   157542,
            1311,   146975,   692503,  5898396,   176447,  2184699,  3804974,
         2405021,  8010282, 25657464], device='cuda:0', dtype=torch.int32)
2026/08/11 21:35:55 - mmengine - INFO - mIoU: 18.0493676365586, iou2: 32.36759948730469
2026/08/11 21:35:55 - mmengine - INFO - Current val loss is 18.221
2026/08/11 21:36:14 - mmengine - INFO - [TRAIN] Epoch 9 Iter     0/750: Loss: 7.137 (7.137), grad_norm: 62.278, lr: 0.0000200, time: 9.130 (3.125)
2026/08/11 21:36:14 - mmengine - INFO - OccupancyLoss: 4.05420, OccupancyFlowLoss: 0.00000, DetectionLoss: 2.90000, DynamicLoss: 0.04512, PhysicsLoss: 0.13775
2026/08/11 21:41:01 - mmengine - INFO - [TRAIN] Epoch 9 Iter    50/750: Loss: 17.282 (15.029), grad_norm: 33.038, lr: 0.0000200, time: 5.900 (0.008)
2026/08/11 21:41:01 - mmengine - INFO - OccupancyLoss: 4.78359, OccupancyFlowLoss: 6.03454, DetectionLoss: 6.36650, DynamicLoss: 0.03340, PhysicsLoss: 0.06413
2026/08/11 21:45:45 - mmengine - INFO - [TRAIN] Epoch 9 Iter   100/750: Loss: 11.227 (14.649), grad_norm: 72.501, lr: 0.0000200, time: 5.734 (0.008)
2026/08/11 21:45:45 - mmengine - INFO - OccupancyLoss: 3.93387, OccupancyFlowLoss: 2.63281, DetectionLoss: 4.25654, DynamicLoss: 0.03012, PhysicsLoss: 0.37350
2026/08/11 21:50:29 - mmengine - INFO - [TRAIN] Epoch 9 Iter   150/750: Loss: 16.181 (14.259), grad_norm: 45.746, lr: 0.0000200, time: 5.650 (0.008)
2026/08/11 21:50:29 - mmengine - INFO - OccupancyLoss: 4.64279, OccupancyFlowLoss: 4.68336, DetectionLoss: 6.76878, DynamicLoss: 0.01009, PhysicsLoss: 0.07643
2026/08/11 21:55:16 - mmengine - INFO - [TRAIN] Epoch 9 Iter   200/750: Loss: 11.800 (15.320), grad_norm: 63.145, lr: 0.0000200, time: 5.708 (0.008)
2026/08/11 21:55:16 - mmengine - INFO - OccupancyLoss: 3.63809, OccupancyFlowLoss: 4.11852, DetectionLoss: 2.56427, DynamicLoss: 0.03519, PhysicsLoss: 1.44390
2026/08/11 22:00:00 - mmengine - INFO - [TRAIN] Epoch 9 Iter   250/750: Loss: 8.836 (13.840), grad_norm: 93.395, lr: 0.0000200, time: 5.530 (0.008)
2026/08/11 22:00:00 - mmengine - INFO - OccupancyLoss: 4.83753, OccupancyFlowLoss: 0.00000, DetectionLoss: 3.96888, DynamicLoss: 0.01747, PhysicsLoss: 0.01162
2026/08/11 22:04:58 - mmengine - INFO - [TRAIN] Epoch 9 Iter   300/750: Loss: 11.323 (15.483), grad_norm: 36.466, lr: 0.0000200, time: 5.751 (0.008)
2026/08/11 22:04:58 - mmengine - INFO - OccupancyLoss: 3.81194, OccupancyFlowLoss: 4.47572, DetectionLoss: 2.43714, DynamicLoss: 0.02059, PhysicsLoss: 0.57716
2026/08/11 22:09:43 - mmengine - INFO - [TRAIN] Epoch 9 Iter   350/750: Loss: 10.742 (15.724), grad_norm: 58.105, lr: 0.0000200, time: 5.417 (0.008)
2026/08/11 22:09:43 - mmengine - INFO - OccupancyLoss: 3.93073, OccupancyFlowLoss: 3.60325, DetectionLoss: 2.34597, DynamicLoss: 0.01957, PhysicsLoss: 0.84236
2026/08/11 22:14:29 - mmengine - INFO - [TRAIN] Epoch 9 Iter   400/750: Loss: 15.305 (14.840), grad_norm: 39.679, lr: 0.0000200, time: 5.594 (0.008)
2026/08/11 22:14:29 - mmengine - INFO - OccupancyLoss: 2.88426, OccupancyFlowLoss: 2.30514, DetectionLoss: 1.99757, DynamicLoss: 0.02422, PhysicsLoss: 8.09424
2026/08/11 22:19:15 - mmengine - INFO - [TRAIN] Epoch 9 Iter   450/750: Loss: 18.462 (15.603), grad_norm: 41.183, lr: 0.0000200, time: 5.922 (0.008)
2026/08/11 22:19:15 - mmengine - INFO - OccupancyLoss: 5.29020, OccupancyFlowLoss: 4.53310, DetectionLoss: 6.45040, DynamicLoss: 0.14429, PhysicsLoss: 2.04384
2026/08/11 22:24:01 - mmengine - INFO - [TRAIN] Epoch 9 Iter   500/750: Loss: 20.558 (13.943), grad_norm: 43.282, lr: 0.0000200, time: 5.508 (0.008)
2026/08/11 22:24:01 - mmengine - INFO - OccupancyLoss: 7.64876, OccupancyFlowLoss: 7.67826, DetectionLoss: 3.89042, DynamicLoss: 0.02800, PhysicsLoss: 1.31265
2026/08/11 22:28:47 - mmengine - INFO - [TRAIN] Epoch 9 Iter   550/750: Loss: 13.363 (15.251), grad_norm: 56.431, lr: 0.0000200, time: 5.836 (0.008)
2026/08/11 22:28:47 - mmengine - INFO - OccupancyLoss: 4.74319, OccupancyFlowLoss: 5.24728, DetectionLoss: 3.36660, DynamicLoss: 0.00602, PhysicsLoss: 0.00000
2026/08/11 22:33:32 - mmengine - INFO - [TRAIN] Epoch 9 Iter   600/750: Loss: 18.580 (13.912), grad_norm: 69.933, lr: 0.0000200, time: 5.609 (0.008)
2026/08/11 22:33:32 - mmengine - INFO - OccupancyLoss: 5.00309, OccupancyFlowLoss: 4.75228, DetectionLoss: 8.29631, DynamicLoss: 0.02359, PhysicsLoss: 0.50495
2026/08/11 22:38:19 - mmengine - INFO - [TRAIN] Epoch 9 Iter   650/750: Loss: 12.935 (15.251), grad_norm: 54.193, lr: 0.0000200, time: 5.566 (0.008)
2026/08/11 22:38:19 - mmengine - INFO - OccupancyLoss: 6.08914, OccupancyFlowLoss: 4.74769, DetectionLoss: 2.07004, DynamicLoss: 0.00676, PhysicsLoss: 0.02117
2026/08/11 22:43:05 - mmengine - INFO - [TRAIN] Epoch 9 Iter   700/750: Loss: 10.161 (14.950), grad_norm: 63.396, lr: 0.0000200, time: 6.045 (0.008)
2026/08/11 22:43:05 - mmengine - INFO - OccupancyLoss: 3.14827, OccupancyFlowLoss: 0.00000, DetectionLoss: 6.46695, DynamicLoss: 0.01231, PhysicsLoss: 0.53396
2026/08/11 22:47:54 - mmengine - INFO - [EVAL] Epoch 10 Iter     0: Loss: 18.201 (18.201)
2026/08/11 22:47:54 - mmengine - INFO - OccupancyLoss: 4.34600, OccupancyFlowLoss: 4.13061, DetectionLoss: 4.94672, DynamicLoss: 0.03051, PhysicsLoss: 4.74701
2026/08/11 22:48:55 - mmengine - INFO - [EVAL] Epoch 10 Iter    50: Loss: 16.442 (17.674)
2026/08/11 22:48:55 - mmengine - INFO - OccupancyLoss: 5.23306, OccupancyFlowLoss: 3.92143, DetectionLoss: 4.68961, DynamicLoss: 0.03247, PhysicsLoss: 2.56584
2026/08/11 22:49:54 - mmengine - INFO - [EVAL] Epoch 10 Iter   100: Loss: 17.317 (17.294)
2026/08/11 22:49:54 - mmengine - INFO - OccupancyLoss: 5.47897, OccupancyFlowLoss: 5.12136, DetectionLoss: 3.74268, DynamicLoss: 0.00968, PhysicsLoss: 2.96434
2026/08/11 22:50:54 - mmengine - INFO - [EVAL] Epoch 10 Iter   150: Loss: 6.728 (17.722)
2026/08/11 22:50:54 - mmengine - INFO - OccupancyLoss: 5.49337, OccupancyFlowLoss: 1.14282, DetectionLoss: 0.09186, DynamicLoss: 0.00023, PhysicsLoss: 0.00000
2026/08/11 22:51:54 - mmengine - INFO - [EVAL] Epoch 10 Iter   200: Loss: 14.702 (17.882)
2026/08/11 22:51:54 - mmengine - INFO - OccupancyLoss: 7.95499, OccupancyFlowLoss: 2.91942, DetectionLoss: 3.05876, DynamicLoss: 0.01945, PhysicsLoss: 0.74893
2026/08/11 22:52:55 - mmengine - INFO - [EVAL] Epoch 10 Iter   250: Loss: 17.932 (17.826)
2026/08/11 22:52:55 - mmengine - INFO - OccupancyLoss: 6.98435, OccupancyFlowLoss: 5.35056, DetectionLoss: 4.00004, DynamicLoss: 0.09974, PhysicsLoss: 1.49747
2026/08/11 22:53:54 - mmengine - INFO - [EVAL] Epoch 10 Iter   300: Loss: 20.793 (17.675)
2026/08/11 22:53:54 - mmengine - INFO - OccupancyLoss: 7.60066, OccupancyFlowLoss: 6.51738, DetectionLoss: 5.89663, DynamicLoss: 0.01755, PhysicsLoss: 0.76088
2026/08/11 22:54:55 - mmengine - INFO - [EVAL] Epoch 10 Iter   350: Loss: 9.992 (17.747)
2026/08/11 22:54:55 - mmengine - INFO - OccupancyLoss: 4.38308, OccupancyFlowLoss: 1.76819, DetectionLoss: 3.42239, DynamicLoss: 0.02664, PhysicsLoss: 0.39136
2026/08/11 22:55:54 - mmengine - INFO - [EVAL] Epoch 10 Iter   400: Loss: 13.153 (17.613)
2026/08/11 22:55:54 - mmengine - INFO - OccupancyLoss: 6.65856, OccupancyFlowLoss: 0.84127, DetectionLoss: 5.61983, DynamicLoss: 0.02844, PhysicsLoss: 0.00505
2026/08/11 22:56:55 - mmengine - INFO - [EVAL] Epoch 10 Iter   450: Loss: 31.748 (17.717)
2026/08/11 22:56:55 - mmengine - INFO - OccupancyLoss: 6.94504, OccupancyFlowLoss: 7.30971, DetectionLoss: 13.05720, DynamicLoss: 0.12029, PhysicsLoss: 4.31617
2026/08/11 22:57:54 - mmengine - INFO - Validation per class iou none:
2026/08/11 22:57:54 - mmengine - INFO - barrier : 19.49%, 0.34, 0.31
2026/08/11 22:57:54 - mmengine - INFO - bicycle : 5.13%, 0.16, 0.07
2026/08/11 22:57:54 - mmengine - INFO - bus : 28.85%, 0.40, 0.52
2026/08/11 22:57:54 - mmengine - INFO - car : 34.97%, 0.52, 0.52
2026/08/11 22:57:54 - mmengine - INFO - construction_vehicle : 11.20%, 0.32, 0.15
2026/08/11 22:57:54 - mmengine - INFO - motorcycle : 8.91%, 0.23, 0.13
2026/08/11 22:57:54 - mmengine - INFO - pedestrian : 12.69%, 0.29, 0.18
2026/08/11 22:57:54 - mmengine - INFO - traffic_cone : 1.29%, 0.20, 0.01
2026/08/11 22:57:54 - mmengine - INFO - trailer : 8.88%, 0.19, 0.14
2026/08/11 22:57:54 - mmengine - INFO - truck : 22.75%, 0.39, 0.36
2026/08/11 22:57:54 - mmengine - INFO - driveable_surface : 44.59%, 0.64, 0.60
2026/08/11 22:57:54 - mmengine - INFO - other_flat : 20.39%, 0.57, 0.24
2026/08/11 22:57:54 - mmengine - INFO - sidewalk : 24.75%, 0.44, 0.36
2026/08/11 22:57:54 - mmengine - INFO - terrain : 23.17%, 0.40, 0.36
2026/08/11 22:57:54 - mmengine - INFO - manmade : 5.41%, 0.39, 0.06
2026/08/11 22:57:54 - mmengine - INFO - vegetation : 19.28%, 0.46, 0.25
2026/08/11 22:57:54 - mmengine - INFO - tensor([  213109,    14566,   204192,  1435223,   106632,    22025,   206833,
           42653,   134799,   555406,  7051599,   345594,  2482869,  3418334,
         7852446,  8317553, 32659904], device='cuda:0', dtype=torch.int32)
2026/08/11 22:57:54 - mmengine - INFO - tensor([   67085,     1014,   105317,   741411,    15707,     2817,    37911,
             581,    19109,   197749,  4210498,    83323,   894007,  1223021,
          463657,  2066005, 12521942], device='cuda:0', dtype=torch.int32)
2026/08/11 22:57:54 - mmengine - INFO - tensor([  198131,     6229,   266228,  1426459,    49339,    12417,   129931,
            2972,    99482,   511618,  6601150,   146376,  2023685,  3083238,
         1180205,  4466970, 20204430], device='cuda:0', dtype=torch.int32)
2026/08/11 22:57:54 - mmengine - INFO - mIoU: 18.232993164565414, iou2: 31.039165496826172
2026/08/11 22:57:54 - mmengine - INFO - Current val loss is 17.813
2026/08/11 22:58:13 - mmengine - INFO - [TRAIN] Epoch 10 Iter     0/750: Loss: 19.938 (19.938), grad_norm: 44.182, lr: 0.0000200, time: 9.181 (3.278)
2026/08/11 22:58:13 - mmengine - INFO - OccupancyLoss: 4.52651, OccupancyFlowLoss: 6.89798, DetectionLoss: 7.19981, DynamicLoss: 0.05109, PhysicsLoss: 1.26250
2026/08/11 23:03:21 - mmengine - INFO - [TRAIN] Epoch 10 Iter    50/750: Loss: 13.048 (12.974), grad_norm: 58.307, lr: 0.0000200, time: 5.810 (0.008)
2026/08/11 23:03:21 - mmengine - INFO - OccupancyLoss: 5.09155, OccupancyFlowLoss: 4.27346, DetectionLoss: 2.94211, DynamicLoss: 0.03333, PhysicsLoss: 0.70714
2026/08/11 23:08:18 - mmengine - INFO - [TRAIN] Epoch 10 Iter   100/750: Loss: 9.937 (14.465), grad_norm: 31.108, lr: 0.0000200, time: 5.769 (0.008)
2026/08/11 23:08:18 - mmengine - INFO - OccupancyLoss: 4.64899, OccupancyFlowLoss: 5.11230, DetectionLoss: 0.17436, DynamicLoss: 0.00126, PhysicsLoss: 0.00000
2026/08/11 23:13:04 - mmengine - INFO - [TRAIN] Epoch 10 Iter   150/750: Loss: 19.709 (13.535), grad_norm: 46.075, lr: 0.0000200, time: 5.824 (0.008)
2026/08/11 23:13:04 - mmengine - INFO - OccupancyLoss: 4.24087, OccupancyFlowLoss: 4.32728, DetectionLoss: 5.76569, DynamicLoss: 0.09254, PhysicsLoss: 5.28248
2026/08/11 23:17:50 - mmengine - INFO - [TRAIN] Epoch 10 Iter   200/750: Loss: 10.532 (14.489), grad_norm: 30.073, lr: 0.0000200, time: 5.750 (0.008)
2026/08/11 23:17:50 - mmengine - INFO - OccupancyLoss: 4.94771, OccupancyFlowLoss: 4.48587, DetectionLoss: 1.09018, DynamicLoss: 0.00850, PhysicsLoss: 0.00000
2026/08/11 23:22:35 - mmengine - INFO - [TRAIN] Epoch 10 Iter   250/750: Loss: 16.573 (14.170), grad_norm: 73.041, lr: 0.0000200, time: 5.940 (0.008)
2026/08/11 23:22:35 - mmengine - INFO - OccupancyLoss: 4.36911, OccupancyFlowLoss: 5.15011, DetectionLoss: 2.63852, DynamicLoss: 0.04375, PhysicsLoss: 4.37116
2026/08/11 23:27:22 - mmengine - INFO - [TRAIN] Epoch 10 Iter   300/750: Loss: 10.534 (14.373), grad_norm: 40.994, lr: 0.0000200, time: 5.765 (0.008)
2026/08/11 23:27:22 - mmengine - INFO - OccupancyLoss: 4.63088, OccupancyFlowLoss: 1.37945, DetectionLoss: 4.17121, DynamicLoss: 0.01540, PhysicsLoss: 0.33707
2026/08/11 23:32:07 - mmengine - INFO - [TRAIN] Epoch 10 Iter   350/750: Loss: 11.710 (13.964), grad_norm: 63.449, lr: 0.0000200, time: 5.666 (0.008)
2026/08/11 23:32:07 - mmengine - INFO - OccupancyLoss: 2.72077, OccupancyFlowLoss: 2.85155, DetectionLoss: 3.59470, DynamicLoss: 0.03011, PhysicsLoss: 2.51241
2026/08/11 23:36:53 - mmengine - INFO - [TRAIN] Epoch 10 Iter   400/750: Loss: 12.962 (14.230), grad_norm: 33.525, lr: 0.0000200, time: 5.583 (0.008)
2026/08/11 23:36:53 - mmengine - INFO - OccupancyLoss: 6.33252, OccupancyFlowLoss: 2.78398, DetectionLoss: 2.77594, DynamicLoss: 0.02512, PhysicsLoss: 1.04443
2026/08/11 23:41:36 - mmengine - INFO - [TRAIN] Epoch 10 Iter   450/750: Loss: 20.785 (13.430), grad_norm: 67.312, lr: 0.0000200, time: 5.650 (0.008)
2026/08/11 23:41:36 - mmengine - INFO - OccupancyLoss: 5.35830, OccupancyFlowLoss: 9.10211, DetectionLoss: 4.09318, DynamicLoss: 0.05658, PhysicsLoss: 2.17514
2026/08/11 23:46:24 - mmengine - INFO - [TRAIN] Epoch 10 Iter   500/750: Loss: 19.982 (14.822), grad_norm: 57.474, lr: 0.0000200, time: 5.826 (0.008)
2026/08/11 23:46:24 - mmengine - INFO - OccupancyLoss: 6.15368, OccupancyFlowLoss: 4.64206, DetectionLoss: 7.09770, DynamicLoss: 0.08503, PhysicsLoss: 2.00352
2026/08/11 23:51:10 - mmengine - INFO - [TRAIN] Epoch 10 Iter   550/750: Loss: 21.118 (14.122), grad_norm: 43.261, lr: 0.0000200, time: 5.923 (0.008)
2026/08/11 23:51:10 - mmengine - INFO - OccupancyLoss: 5.73760, OccupancyFlowLoss: 5.73545, DetectionLoss: 7.60452, DynamicLoss: 0.10108, PhysicsLoss: 1.93894
2026/08/11 23:55:55 - mmengine - INFO - [TRAIN] Epoch 10 Iter   600/750: Loss: 14.890 (14.226), grad_norm: 67.238, lr: 0.0000200, time: 5.801 (0.008)
2026/08/11 23:55:55 - mmengine - INFO - OccupancyLoss: 5.23203, OccupancyFlowLoss: 2.80992, DetectionLoss: 6.66840, DynamicLoss: 0.04252, PhysicsLoss: 0.13678
2026/08/12 00:00:40 - mmengine - INFO - [TRAIN] Epoch 10 Iter   650/750: Loss: 16.815 (14.368), grad_norm: 28.807, lr: 0.0000200, time: 5.881 (0.008)
2026/08/12 00:00:40 - mmengine - INFO - OccupancyLoss: 5.99659, OccupancyFlowLoss: 4.76790, DetectionLoss: 4.26862, DynamicLoss: 0.06735, PhysicsLoss: 1.71418
2026/08/12 00:05:26 - mmengine - INFO - [TRAIN] Epoch 10 Iter   700/750: Loss: 12.393 (13.334), grad_norm: 70.402, lr: 0.0000200, time: 5.835 (0.008)
2026/08/12 00:05:26 - mmengine - INFO - OccupancyLoss: 5.27723, OccupancyFlowLoss: 3.50173, DetectionLoss: 3.13136, DynamicLoss: 0.00964, PhysicsLoss: 0.47300
2026/08/12 00:10:15 - mmengine - INFO - [EVAL] Epoch 11 Iter     0: Loss: 18.016 (18.016)
2026/08/12 00:10:15 - mmengine - INFO - OccupancyLoss: 4.66585, OccupancyFlowLoss: 4.23927, DetectionLoss: 4.38322, DynamicLoss: 0.04263, PhysicsLoss: 4.68496
2026/08/12 00:11:16 - mmengine - INFO - [EVAL] Epoch 11 Iter    50: Loss: 15.269 (17.844)
2026/08/12 00:11:16 - mmengine - INFO - OccupancyLoss: 4.80326, OccupancyFlowLoss: 3.55045, DetectionLoss: 4.62444, DynamicLoss: 0.03813, PhysicsLoss: 2.25246
2026/08/12 00:12:16 - mmengine - INFO - [EVAL] Epoch 11 Iter   100: Loss: 18.724 (17.386)
2026/08/12 00:12:16 - mmengine - INFO - OccupancyLoss: 5.90990, OccupancyFlowLoss: 5.13543, DetectionLoss: 4.40747, DynamicLoss: 0.00973, PhysicsLoss: 3.26102
2026/08/12 00:13:16 - mmengine - INFO - [EVAL] Epoch 11 Iter   150: Loss: 6.614 (17.881)
2026/08/12 00:13:16 - mmengine - INFO - OccupancyLoss: 5.41063, OccupancyFlowLoss: 1.12048, DetectionLoss: 0.08247, DynamicLoss: 0.00024, PhysicsLoss: 0.00000
2026/08/12 00:14:16 - mmengine - INFO - [EVAL] Epoch 11 Iter   200: Loss: 13.417 (17.968)
2026/08/12 00:14:16 - mmengine - INFO - OccupancyLoss: 7.36260, OccupancyFlowLoss: 2.61114, DetectionLoss: 2.65690, DynamicLoss: 0.02116, PhysicsLoss: 0.76553
2026/08/12 00:15:17 - mmengine - INFO - [EVAL] Epoch 11 Iter   250: Loss: 18.092 (17.887)
2026/08/12 00:15:17 - mmengine - INFO - OccupancyLoss: 7.20151, OccupancyFlowLoss: 5.35382, DetectionLoss: 3.91848, DynamicLoss: 0.09573, PhysicsLoss: 1.52256
2026/08/12 00:16:17 - mmengine - INFO - [EVAL] Epoch 11 Iter   300: Loss: 20.770 (17.731)
2026/08/12 00:16:17 - mmengine - INFO - OccupancyLoss: 7.29158, OccupancyFlowLoss: 6.27707, DetectionLoss: 6.53933, DynamicLoss: 0.01155, PhysicsLoss: 0.65046
2026/08/12 00:17:18 - mmengine - INFO - [EVAL] Epoch 11 Iter   350: Loss: 9.681 (17.744)
2026/08/12 00:17:18 - mmengine - INFO - OccupancyLoss: 4.34767, OccupancyFlowLoss: 1.65661, DetectionLoss: 3.16712, DynamicLoss: 0.02592, PhysicsLoss: 0.48390
2026/08/12 00:18:17 - mmengine - INFO - [EVAL] Epoch 11 Iter   400: Loss: 14.309 (17.603)
2026/08/12 00:18:17 - mmengine - INFO - OccupancyLoss: 6.68325, OccupancyFlowLoss: 0.82572, DetectionLoss: 6.76697, DynamicLoss: 0.02882, PhysicsLoss: 0.00419
2026/08/12 00:19:18 - mmengine - INFO - [EVAL] Epoch 11 Iter   450: Loss: 31.410 (17.710)
2026/08/12 00:19:18 - mmengine - INFO - OccupancyLoss: 6.66267, OccupancyFlowLoss: 6.96270, DetectionLoss: 13.38389, DynamicLoss: 0.13493, PhysicsLoss: 4.26538
2026/08/12 00:20:18 - mmengine - INFO - Validation per class iou none:
2026/08/12 00:20:18 - mmengine - INFO - barrier : 19.88%, 0.27, 0.42
2026/08/12 00:20:18 - mmengine - INFO - bicycle : 7.25%, 0.20, 0.10
2026/08/12 00:20:18 - mmengine - INFO - bus : 30.20%, 0.38, 0.59
2026/08/12 00:20:18 - mmengine - INFO - car : 34.34%, 0.44, 0.60
2026/08/12 00:20:18 - mmengine - INFO - construction_vehicle : 12.10%, 0.32, 0.16
2026/08/12 00:20:18 - mmengine - INFO - motorcycle : 8.83%, 0.13, 0.21
2026/08/12 00:20:18 - mmengine - INFO - pedestrian : 13.33%, 0.24, 0.23
2026/08/12 00:20:18 - mmengine - INFO - traffic_cone : 4.62%, 0.16, 0.06
2026/08/12 00:20:18 - mmengine - INFO - trailer : 11.86%, 0.25, 0.19
2026/08/12 00:20:18 - mmengine - INFO - truck : 24.86%, 0.35, 0.47
2026/08/12 00:20:18 - mmengine - INFO - driveable_surface : 45.09%, 0.61, 0.64
2026/08/12 00:20:18 - mmengine - INFO - other_flat : 23.35%, 0.45, 0.33
2026/08/12 00:20:18 - mmengine - INFO - sidewalk : 25.78%, 0.41, 0.41
2026/08/12 00:20:18 - mmengine - INFO - terrain : 24.21%, 0.37, 0.42
2026/08/12 00:20:18 - mmengine - INFO - manmade : 8.78%, 0.34, 0.11
2026/08/12 00:20:18 - mmengine - INFO - vegetation : 22.86%, 0.39, 0.35
2026/08/12 00:20:18 - mmengine - INFO - tensor([  213109,    14566,   204192,  1435223,   106632,    22025,   206833,
           42653,   134799,   555406,  7051599,   345594,  2482869,  3418334,
         7852446,  8317553, 32659904], device='cuda:0', dtype=torch.int32)
2026/08/12 00:20:18 - mmengine - INFO - tensor([   90033,     1495,   119666,   866000,    17246,     4566,    48198,
            2626,    25072,   258856,  4484844,   113427,  1017076,  1427121,
          829493,  2931505, 15265831], device='cuda:0', dtype=torch.int32)
2026/08/12 00:20:18 - mmengine - INFO - tensor([  329799,     7548,   311710,  1952783,    53143,    34275,   203017,
           16793,   101676,   744519,  7378875,   253698,  2478992,  3904157,
         2425797,  7435018, 27631800], device='cuda:0', dtype=torch.int32)
2026/08/12 00:20:18 - mmengine - INFO - mIoU: 19.833824643865228, iou2: 33.90457534790039
2026/08/12 00:20:18 - mmengine - INFO - Current val loss is 17.814
2026/08/12 00:20:37 - mmengine - INFO - [TRAIN] Epoch 11 Iter     0/750: Loss: 10.476 (10.476), grad_norm: 101.314, lr: 0.0000200, time: 9.142 (3.094)
2026/08/12 00:20:37 - mmengine - INFO - OccupancyLoss: 4.93266, OccupancyFlowLoss: 3.21120, DetectionLoss: 1.57581, DynamicLoss: 0.01628, PhysicsLoss: 0.73994
2026/08/12 00:25:23 - mmengine - INFO - [TRAIN] Epoch 11 Iter    50/750: Loss: 21.431 (14.198), grad_norm: 47.050, lr: 0.0000200, time: 5.753 (0.008)
2026/08/12 00:25:23 - mmengine - INFO - OccupancyLoss: 7.27342, OccupancyFlowLoss: 6.32965, DetectionLoss: 4.99547, DynamicLoss: 0.09286, PhysicsLoss: 2.73979
2026/08/12 00:30:09 - mmengine - INFO - [TRAIN] Epoch 11 Iter   100/750: Loss: 11.151 (13.586), grad_norm: 59.849, lr: 0.0000200, time: 5.746 (0.008)
2026/08/12 00:30:09 - mmengine - INFO - OccupancyLoss: 4.94346, OccupancyFlowLoss: 4.04561, DetectionLoss: 0.87960, DynamicLoss: 0.01396, PhysicsLoss: 1.26815
2026/08/12 00:34:55 - mmengine - INFO - [TRAIN] Epoch 11 Iter   150/750: Loss: 19.774 (14.033), grad_norm: 50.427, lr: 0.0000200, time: 5.668 (0.008)
2026/08/12 00:34:55 - mmengine - INFO - OccupancyLoss: 4.96159, OccupancyFlowLoss: 5.76590, DetectionLoss: 3.94446, DynamicLoss: 0.01364, PhysicsLoss: 5.08876
2026/08/12 00:39:41 - mmengine - INFO - [TRAIN] Epoch 11 Iter   200/750: Loss: 12.997 (13.044), grad_norm: 54.642, lr: 0.0000200, time: 5.596 (0.008)
2026/08/12 00:39:41 - mmengine - INFO - OccupancyLoss: 5.08790, OccupancyFlowLoss: 4.88164, DetectionLoss: 2.51946, DynamicLoss: 0.02948, PhysicsLoss: 0.47812
2026/08/12 00:44:26 - mmengine - INFO - [TRAIN] Epoch 11 Iter   250/750: Loss: 22.070 (13.786), grad_norm: 44.663, lr: 0.0000200, time: 5.651 (0.008)
2026/08/12 00:44:26 - mmengine - INFO - OccupancyLoss: 7.75374, OccupancyFlowLoss: 6.19803, DetectionLoss: 4.97612, DynamicLoss: 0.09798, PhysicsLoss: 3.04420
2026/08/12 00:49:10 - mmengine - INFO - [TRAIN] Epoch 11 Iter   300/750: Loss: 19.192 (14.116), grad_norm: 42.540, lr: 0.0000200, time: 5.744 (0.008)
2026/08/12 00:49:10 - mmengine - INFO - OccupancyLoss: 7.31280, OccupancyFlowLoss: 4.88856, DetectionLoss: 5.64723, DynamicLoss: 0.13557, PhysicsLoss: 1.20767
2026/08/12 00:53:56 - mmengine - INFO - [TRAIN] Epoch 11 Iter   350/750: Loss: 14.432 (14.508), grad_norm: 49.435, lr: 0.0000200, time: 5.599 (0.008)
2026/08/12 00:53:56 - mmengine - INFO - OccupancyLoss: 4.84045, OccupancyFlowLoss: 6.02998, DetectionLoss: 1.94950, DynamicLoss: 0.01736, PhysicsLoss: 1.59467
2026/08/12 00:58:43 - mmengine - INFO - [TRAIN] Epoch 11 Iter   400/750: Loss: 16.247 (14.496), grad_norm: 70.502, lr: 0.0000200, time: 5.789 (0.008)
2026/08/12 00:58:43 - mmengine - INFO - OccupancyLoss: 5.44215, OccupancyFlowLoss: 5.09890, DetectionLoss: 2.23110, DynamicLoss: 0.04623, PhysicsLoss: 3.42849
2026/08/12 01:03:30 - mmengine - INFO - [TRAIN] Epoch 11 Iter   450/750: Loss: 21.096 (14.218), grad_norm: 36.119, lr: 0.0000200, time: 6.043 (0.008)
2026/08/12 01:03:30 - mmengine - INFO - OccupancyLoss: 5.27551, OccupancyFlowLoss: 5.22778, DetectionLoss: 8.21127, DynamicLoss: 0.21154, PhysicsLoss: 2.16973
2026/08/12 01:08:15 - mmengine - INFO - [TRAIN] Epoch 11 Iter   500/750: Loss: 13.811 (13.441), grad_norm: 65.245, lr: 0.0000200, time: 5.710 (0.008)
2026/08/12 01:08:15 - mmengine - INFO - OccupancyLoss: 5.59117, OccupancyFlowLoss: 4.44428, DetectionLoss: 2.64843, DynamicLoss: 0.02553, PhysicsLoss: 1.10128
2026/08/12 01:13:00 - mmengine - INFO - [TRAIN] Epoch 11 Iter   550/750: Loss: 16.182 (14.293), grad_norm: 66.814, lr: 0.0000200, time: 5.559 (0.008)
2026/08/12 01:13:00 - mmengine - INFO - OccupancyLoss: 5.80346, OccupancyFlowLoss: 5.81982, DetectionLoss: 4.55418, DynamicLoss: 0.00410, PhysicsLoss: 0.00000
2026/08/12 01:17:55 - mmengine - INFO - [TRAIN] Epoch 11 Iter   600/750: Loss: 19.748 (13.349), grad_norm: 101.486, lr: 0.0000200, time: 5.598 (0.008)
2026/08/12 01:17:55 - mmengine - INFO - OccupancyLoss: 6.76313, OccupancyFlowLoss: 6.28420, DetectionLoss: 3.91457, DynamicLoss: 0.00811, PhysicsLoss: 2.77755
2026/08/12 01:22:40 - mmengine - INFO - [TRAIN] Epoch 11 Iter   650/750: Loss: 20.094 (13.677), grad_norm: 49.105, lr: 0.0000200, time: 5.683 (0.008)
2026/08/12 01:22:40 - mmengine - INFO - OccupancyLoss: 6.06772, OccupancyFlowLoss: 6.91063, DetectionLoss: 3.48093, DynamicLoss: 0.05882, PhysicsLoss: 3.57566
2026/08/12 01:27:26 - mmengine - INFO - [TRAIN] Epoch 11 Iter   700/750: Loss: 10.626 (13.054), grad_norm: 72.812, lr: 0.0000200, time: 5.557 (0.008)
2026/08/12 01:27:26 - mmengine - INFO - OccupancyLoss: 3.29757, OccupancyFlowLoss: 3.08964, DetectionLoss: 2.90206, DynamicLoss: 0.05847, PhysicsLoss: 1.27811
2026/08/12 01:32:14 - mmengine - INFO - [EVAL] Epoch 12 Iter     0: Loss: 16.589 (16.589)
2026/08/12 01:32:14 - mmengine - INFO - OccupancyLoss: 4.55813, OccupancyFlowLoss: 3.94498, DetectionLoss: 3.66037, DynamicLoss: 0.05083, PhysicsLoss: 4.37496
2026/08/12 01:33:15 - mmengine - INFO - [EVAL] Epoch 12 Iter    50: Loss: 16.906 (17.582)
2026/08/12 01:33:15 - mmengine - INFO - OccupancyLoss: 5.30965, OccupancyFlowLoss: 3.97610, DetectionLoss: 4.89835, DynamicLoss: 0.04305, PhysicsLoss: 2.67859
2026/08/12 01:34:14 - mmengine - INFO - [EVAL] Epoch 12 Iter   100: Loss: 18.151 (17.371)
2026/08/12 01:34:14 - mmengine - INFO - OccupancyLoss: 5.42313, OccupancyFlowLoss: 5.03224, DetectionLoss: 4.56155, DynamicLoss: 0.00813, PhysicsLoss: 3.12636
2026/08/12 01:35:14 - mmengine - INFO - [EVAL] Epoch 12 Iter   150: Loss: 6.541 (17.784)
2026/08/12 01:35:14 - mmengine - INFO - OccupancyLoss: 5.28843, OccupancyFlowLoss: 1.12066, DetectionLoss: 0.13200, DynamicLoss: 0.00031, PhysicsLoss: 0.00000
2026/08/12 01:36:14 - mmengine - INFO - [EVAL] Epoch 12 Iter   200: Loss: 14.815 (17.917)
2026/08/12 01:36:14 - mmengine - INFO - OccupancyLoss: 8.06935, OccupancyFlowLoss: 2.96971, DetectionLoss: 3.08436, DynamicLoss: 0.02078, PhysicsLoss: 0.67048
2026/08/12 01:37:15 - mmengine - INFO - [EVAL] Epoch 12 Iter   250: Loss: 17.041 (17.801)
2026/08/12 01:37:15 - mmengine - INFO - OccupancyLoss: 6.68070, OccupancyFlowLoss: 5.06366, DetectionLoss: 3.82528, DynamicLoss: 0.08493, PhysicsLoss: 1.38690
2026/08/12 01:38:14 - mmengine - INFO - [EVAL] Epoch 12 Iter   300: Loss: 21.361 (17.654)
2026/08/12 01:38:14 - mmengine - INFO - OccupancyLoss: 7.58236, OccupancyFlowLoss: 6.43810, DetectionLoss: 6.54109, DynamicLoss: 0.02147, PhysicsLoss: 0.77808
2026/08/12 01:39:15 - mmengine - INFO - [EVAL] Epoch 12 Iter   350: Loss: 9.535 (17.708)
2026/08/12 01:39:15 - mmengine - INFO - OccupancyLoss: 4.67209, OccupancyFlowLoss: 1.73214, DetectionLoss: 2.69618, DynamicLoss: 0.02562, PhysicsLoss: 0.40849
2026/08/12 01:40:14 - mmengine - INFO - [EVAL] Epoch 12 Iter   400: Loss: 14.067 (17.569)
2026/08/12 01:40:14 - mmengine - INFO - OccupancyLoss: 6.57091, OccupancyFlowLoss: 0.84527, DetectionLoss: 6.62019, DynamicLoss: 0.02855, PhysicsLoss: 0.00197
2026/08/12 01:41:15 - mmengine - INFO - [EVAL] Epoch 12 Iter   450: Loss: 32.817 (17.681)
2026/08/12 01:41:15 - mmengine - INFO - OccupancyLoss: 6.88657, OccupancyFlowLoss: 7.24193, DetectionLoss: 14.07595, DynamicLoss: 0.13320, PhysicsLoss: 4.47914
2026/08/12 01:42:14 - mmengine - INFO - Validation per class iou none:
2026/08/12 01:42:14 - mmengine - INFO - barrier : 19.94%, 0.32, 0.35
2026/08/12 01:42:14 - mmengine - INFO - bicycle : 8.58%, 0.18, 0.14
2026/08/12 01:42:14 - mmengine - INFO - bus : 29.71%, 0.40, 0.53
2026/08/12 01:42:14 - mmengine - INFO - car : 34.57%, 0.47, 0.56
2026/08/12 01:42:14 - mmengine - INFO - construction_vehicle : 12.43%, 0.31, 0.17
2026/08/12 01:42:14 - mmengine - INFO - motorcycle : 9.48%, 0.20, 0.15
2026/08/12 01:42:14 - mmengine - INFO - pedestrian : 13.93%, 0.25, 0.24
2026/08/12 01:42:14 - mmengine - INFO - traffic_cone : 3.96%, 0.18, 0.05
2026/08/12 01:42:14 - mmengine - INFO - trailer : 14.47%, 0.24, 0.27
2026/08/12 01:42:14 - mmengine - INFO - truck : 24.42%, 0.37, 0.42
2026/08/12 01:42:14 - mmengine - INFO - driveable_surface : 44.52%, 0.66, 0.58
2026/08/12 01:42:14 - mmengine - INFO - other_flat : 22.17%, 0.52, 0.28
2026/08/12 01:42:14 - mmengine - INFO - sidewalk : 25.52%, 0.43, 0.38
2026/08/12 01:42:14 - mmengine - INFO - terrain : 21.87%, 0.44, 0.30
2026/08/12 01:42:14 - mmengine - INFO - manmade : 8.45%, 0.35, 0.10
2026/08/12 01:42:14 - mmengine - INFO - vegetation : 22.30%, 0.40, 0.33
2026/08/12 01:42:14 - mmengine - INFO - tensor([  213109,    14566,   204192,  1435223,   106632,    22025,   206833,
           42653,   134799,   555406,  7051599,   345594,  2482869,  3418334,
         7852446,  8317553, 32659904], device='cuda:0', dtype=torch.int32)
2026/08/12 01:42:14 - mmengine - INFO - tensor([   74815,     2015,   108486,   804593,    18223,     3357,    48702,
            2056,    35847,   232668,  4090006,    96015,   954043,  1041076,
          788913,  2762028, 13481411], device='cuda:0', dtype=torch.int32)
2026/08/12 01:42:14 - mmengine - INFO - tensor([  236877,    10942,   269489,  1696790,    58225,    16751,   191472,
           11346,   148700,   629929,  6225203,   183556,  2208899,  2382333,
         2276333,  6830250, 23377096], device='cuda:0', dtype=torch.int32)
2026/08/12 01:42:14 - mmengine - INFO - mIoU: 19.769972981885076, iou2: 31.67953109741211
2026/08/12 01:42:14 - mmengine - INFO - Current val loss is 17.782
2026/08/12 01:42:33 - mmengine - INFO - [TRAIN] Epoch 12 Iter     0/750: Loss: 9.435 (9.435), grad_norm: 29.139, lr: 0.0000200, time: 8.828 (3.006)
2026/08/12 01:42:33 - mmengine - INFO - OccupancyLoss: 4.63951, OccupancyFlowLoss: 0.00000, DetectionLoss: 4.51145, DynamicLoss: 0.10830, PhysicsLoss: 0.17588
2026/08/12 01:47:19 - mmengine - INFO - [TRAIN] Epoch 12 Iter    50/750: Loss: 12.676 (13.927), grad_norm: 37.766, lr: 0.0000200, time: 5.706 (0.008)
2026/08/12 01:47:19 - mmengine - INFO - OccupancyLoss: 5.08610, OccupancyFlowLoss: 5.67868, DetectionLoss: 1.90330, DynamicLoss: 0.00347, PhysicsLoss: 0.00485
2026/08/12 01:52:04 - mmengine - INFO - [TRAIN] Epoch 12 Iter   100/750: Loss: 14.813 (14.104), grad_norm: 20.833, lr: 0.0000200, time: 5.552 (0.008)
2026/08/12 01:52:04 - mmengine - INFO - OccupancyLoss: 6.09280, OccupancyFlowLoss: 5.58059, DetectionLoss: 2.93853, DynamicLoss: 0.01068, PhysicsLoss: 0.18994
2026/08/12 01:56:52 - mmengine - INFO - [TRAIN] Epoch 12 Iter   150/750: Loss: 10.121 (13.210), grad_norm: 55.575, lr: 0.0000200, time: 5.970 (0.008)
2026/08/12 01:56:52 - mmengine - INFO - OccupancyLoss: 3.99353, OccupancyFlowLoss: 0.56610, DetectionLoss: 5.08914, DynamicLoss: 0.07023, PhysicsLoss: 0.40196
2026/08/12 02:01:37 - mmengine - INFO - [TRAIN] Epoch 12 Iter   200/750: Loss: 8.115 (12.330), grad_norm: 32.852, lr: 0.0000200, time: 5.442 (0.008)
2026/08/12 02:01:37 - mmengine - INFO - OccupancyLoss: 3.33857, OccupancyFlowLoss: 3.91751, DetectionLoss: 0.68942, DynamicLoss: 0.01513, PhysicsLoss: 0.15417
2026/08/12 02:06:23 - mmengine - INFO - [TRAIN] Epoch 12 Iter   250/750: Loss: 10.583 (13.546), grad_norm: 52.790, lr: 0.0000200, time: 5.533 (0.008)
2026/08/12 02:06:23 - mmengine - INFO - OccupancyLoss: 3.21420, OccupancyFlowLoss: 3.75145, DetectionLoss: 2.59659, DynamicLoss: 0.02978, PhysicsLoss: 0.99080
2026/08/12 02:11:08 - mmengine - INFO - [TRAIN] Epoch 12 Iter   300/750: Loss: 12.649 (13.949), grad_norm: 36.327, lr: 0.0000200, time: 5.780 (0.008)
2026/08/12 02:11:08 - mmengine - INFO - OccupancyLoss: 3.96574, OccupancyFlowLoss: 3.36551, DetectionLoss: 2.92645, DynamicLoss: 0.03499, PhysicsLoss: 2.35617
2026/08/12 02:16:14 - mmengine - INFO - [TRAIN] Epoch 12 Iter   350/750: Loss: 16.456 (14.086), grad_norm: 81.826, lr: 0.0000200, time: 5.744 (0.008)
2026/08/12 02:16:14 - mmengine - INFO - OccupancyLoss: 5.70790, OccupancyFlowLoss: 6.08877, DetectionLoss: 2.17216, DynamicLoss: 0.01194, PhysicsLoss: 2.47536
2026/08/12 02:21:00 - mmengine - INFO - [TRAIN] Epoch 12 Iter   400/750: Loss: 21.913 (13.935), grad_norm: 81.025, lr: 0.0000200, time: 6.207 (0.008)
2026/08/12 02:21:00 - mmengine - INFO - OccupancyLoss: 4.75730, OccupancyFlowLoss: 6.95469, DetectionLoss: 6.87674, DynamicLoss: 0.10409, PhysicsLoss: 3.22017
2026/08/12 02:25:56 - mmengine - INFO - [TRAIN] Epoch 12 Iter   450/750: Loss: 14.565 (13.514), grad_norm: 45.615, lr: 0.0000200, time: 5.757 (0.008)
2026/08/12 02:25:56 - mmengine - INFO - OccupancyLoss: 3.95423, OccupancyFlowLoss: 3.08285, DetectionLoss: 4.75378, DynamicLoss: 0.05969, PhysicsLoss: 2.71457
2026/08/12 02:30:40 - mmengine - INFO - [TRAIN] Epoch 12 Iter   500/750: Loss: 22.509 (13.585), grad_norm: 77.895, lr: 0.0000200, time: 5.441 (0.008)
2026/08/12 02:30:40 - mmengine - INFO - OccupancyLoss: 5.78462, OccupancyFlowLoss: 7.53765, DetectionLoss: 3.33536, DynamicLoss: 0.00494, PhysicsLoss: 5.84635
2026/08/12 02:35:24 - mmengine - INFO - [TRAIN] Epoch 12 Iter   550/750: Loss: 14.689 (13.424), grad_norm: 90.219, lr: 0.0000200, time: 5.552 (0.008)
2026/08/12 02:35:24 - mmengine - INFO - OccupancyLoss: 4.18319, OccupancyFlowLoss: 6.85052, DetectionLoss: 2.16704, DynamicLoss: 0.01415, PhysicsLoss: 1.47428
2026/08/12 02:40:08 - mmengine - INFO - [TRAIN] Epoch 12 Iter   600/750: Loss: 14.875 (12.719), grad_norm: 85.646, lr: 0.0000200, time: 5.699 (0.008)
2026/08/12 02:40:08 - mmengine - INFO - OccupancyLoss: 4.23388, OccupancyFlowLoss: 2.93186, DetectionLoss: 4.45798, DynamicLoss: 0.02547, PhysicsLoss: 3.22537
2026/08/12 02:44:55 - mmengine - INFO - [TRAIN] Epoch 12 Iter   650/750: Loss: 15.848 (13.710), grad_norm: 42.802, lr: 0.0000200, time: 5.898 (0.008)
2026/08/12 02:44:55 - mmengine - INFO - OccupancyLoss: 4.77826, OccupancyFlowLoss: 6.29063, DetectionLoss: 3.95743, DynamicLoss: 0.03330, PhysicsLoss: 0.78867
2026/08/12 02:49:42 - mmengine - INFO - [TRAIN] Epoch 12 Iter   700/750: Loss: 11.394 (13.713), grad_norm: 56.239, lr: 0.0000200, time: 5.572 (0.008)
2026/08/12 02:49:42 - mmengine - INFO - OccupancyLoss: 3.16786, OccupancyFlowLoss: 3.95943, DetectionLoss: 2.96574, DynamicLoss: 0.04350, PhysicsLoss: 1.25764
2026/08/12 02:54:30 - mmengine - INFO - [EVAL] Epoch 13 Iter     0: Loss: 16.867 (16.867)
2026/08/12 02:54:30 - mmengine - INFO - OccupancyLoss: 4.46730, OccupancyFlowLoss: 3.78238, DetectionLoss: 3.89626, DynamicLoss: 0.04771, PhysicsLoss: 4.67368
2026/08/12 02:55:31 - mmengine - INFO - [EVAL] Epoch 13 Iter    50: Loss: 18.056 (17.695)
2026/08/12 02:55:31 - mmengine - INFO - OccupancyLoss: 5.14089, OccupancyFlowLoss: 3.89280, DetectionLoss: 6.53057, DynamicLoss: 0.03722, PhysicsLoss: 2.45432
2026/08/12 02:56:31 - mmengine - INFO - [EVAL] Epoch 13 Iter   100: Loss: 18.720 (17.381)
2026/08/12 02:56:31 - mmengine - INFO - OccupancyLoss: 5.47691, OccupancyFlowLoss: 4.99753, DetectionLoss: 5.13976, DynamicLoss: 0.01109, PhysicsLoss: 3.09495
2026/08/12 02:57:30 - mmengine - INFO - [EVAL] Epoch 13 Iter   150: Loss: 6.491 (17.841)
2026/08/12 02:57:30 - mmengine - INFO - OccupancyLoss: 5.27962, OccupancyFlowLoss: 1.10558, DetectionLoss: 0.10536, DynamicLoss: 0.00021, PhysicsLoss: 0.00000
2026/08/12 02:58:30 - mmengine - INFO - [EVAL] Epoch 13 Iter   200: Loss: 13.539 (17.938)
2026/08/12 02:58:30 - mmengine - INFO - OccupancyLoss: 7.27574, OccupancyFlowLoss: 2.62401, DetectionLoss: 2.89318, DynamicLoss: 0.02201, PhysicsLoss: 0.72387
2026/08/12 02:59:32 - mmengine - INFO - [EVAL] Epoch 13 Iter   250: Loss: 17.547 (17.844)
2026/08/12 02:59:32 - mmengine - INFO - OccupancyLoss: 6.77442, OccupancyFlowLoss: 5.04298, DetectionLoss: 4.25797, DynamicLoss: 0.08633, PhysicsLoss: 1.38537
2026/08/12 03:00:31 - mmengine - INFO - [EVAL] Epoch 13 Iter   300: Loss: 20.123 (17.685)
2026/08/12 03:00:31 - mmengine - INFO - OccupancyLoss: 7.16775, OccupancyFlowLoss: 6.20604, DetectionLoss: 6.05874, DynamicLoss: 0.01650, PhysicsLoss: 0.67359
2026/08/12 03:01:31 - mmengine - INFO - [EVAL] Epoch 13 Iter   350: Loss: 9.203 (17.733)
2026/08/12 03:01:31 - mmengine - INFO - OccupancyLoss: 4.51971, OccupancyFlowLoss: 1.68574, DetectionLoss: 2.56275, DynamicLoss: 0.02390, PhysicsLoss: 0.41072
2026/08/12 03:02:31 - mmengine - INFO - [EVAL] Epoch 13 Iter   400: Loss: 14.868 (17.594)
2026/08/12 03:02:31 - mmengine - INFO - OccupancyLoss: 6.46077, OccupancyFlowLoss: 0.82312, DetectionLoss: 7.55969, DynamicLoss: 0.02231, PhysicsLoss: 0.00251
2026/08/12 03:03:32 - mmengine - INFO - [EVAL] Epoch 13 Iter   450: Loss: 32.977 (17.691)
2026/08/12 03:03:32 - mmengine - INFO - OccupancyLoss: 6.58834, OccupancyFlowLoss: 6.98044, DetectionLoss: 14.84564, DynamicLoss: 0.12531, PhysicsLoss: 4.43711
2026/08/12 03:04:31 - mmengine - INFO - Validation per class iou none:
2026/08/12 03:04:31 - mmengine - INFO - barrier : 20.80%, 0.31, 0.39
2026/08/12 03:04:31 - mmengine - INFO - bicycle : 9.95%, 0.18, 0.18
2026/08/12 03:04:31 - mmengine - INFO - bus : 31.82%, 0.42, 0.57
2026/08/12 03:04:31 - mmengine - INFO - car : 35.34%, 0.50, 0.54
2026/08/12 03:04:31 - mmengine - INFO - construction_vehicle : 13.72%, 0.23, 0.25
2026/08/12 03:04:31 - mmengine - INFO - motorcycle : 10.75%, 0.18, 0.21
2026/08/12 03:04:31 - mmengine - INFO - pedestrian : 13.99%, 0.23, 0.26
2026/08/12 03:04:31 - mmengine - INFO - traffic_cone : 4.75%, 0.19, 0.06
2026/08/12 03:04:31 - mmengine - INFO - trailer : 13.45%, 0.21, 0.27
2026/08/12 03:04:31 - mmengine - INFO - truck : 24.92%, 0.37, 0.43
2026/08/12 03:04:31 - mmengine - INFO - driveable_surface : 45.59%, 0.66, 0.60
2026/08/12 03:04:31 - mmengine - INFO - other_flat : 24.16%, 0.51, 0.31
2026/08/12 03:04:31 - mmengine - INFO - sidewalk : 26.53%, 0.40, 0.44
2026/08/12 03:04:31 - mmengine - INFO - terrain : 23.68%, 0.43, 0.34
2026/08/12 03:04:31 - mmengine - INFO - manmade : 10.70%, 0.32, 0.14
2026/08/12 03:04:31 - mmengine - INFO - vegetation : 23.33%, 0.39, 0.37
2026/08/12 03:04:31 - mmengine - INFO - tensor([  213109,    14566,   204192,  1435223,   106632,    22025,   206833,
           42653,   134799,   555406,  7051599,   345594,  2482869,  3418334,
         7852446,  8317553, 32659904], device='cuda:0', dtype=torch.int32)
2026/08/12 03:04:31 - mmengine - INFO - tensor([   82695,     2680,   116011,   780953,    26848,     4543,    54316,
            2561,    35963,   240823,  4227292,   108662,  1095768,  1173397,
         1080150,  3041964, 14783860], device='cuda:0', dtype=torch.int32)
2026/08/12 03:04:31 - mmengine - INFO - tensor([  267197,    15037,   276354,  1555671,   115868,    24789,   235787,
           13784,   168460,   651777,  6448634,   212746,  2742704,  2711138,
         3325170,  7762201, 26527318], device='cuda:0', dtype=torch.int32)
2026/08/12 03:04:31 - mmengine - INFO - mIoU: 20.843190071173012, iou2: 33.29446029663086
2026/08/12 03:04:31 - mmengine - INFO - Current val loss is 17.775
2026/08/12 03:04:50 - mmengine - INFO - [TRAIN] Epoch 13 Iter     0/750: Loss: 12.333 (12.333), grad_norm: 30.606, lr: 0.0000200, time: 8.874 (3.313)
2026/08/12 03:04:50 - mmengine - INFO - OccupancyLoss: 6.86424, OccupancyFlowLoss: 5.34915, DetectionLoss: 0.11763, DynamicLoss: 0.00150, PhysicsLoss: 0.00000
2026/08/12 03:09:37 - mmengine - INFO - [TRAIN] Epoch 13 Iter    50/750: Loss: 12.998 (13.698), grad_norm: 65.478, lr: 0.0000200, time: 5.641 (0.008)
2026/08/12 03:09:37 - mmengine - INFO - OccupancyLoss: 5.76435, OccupancyFlowLoss: 5.29977, DetectionLoss: 1.76858, DynamicLoss: 0.01584, PhysicsLoss: 0.14995
2026/08/12 03:14:23 - mmengine - INFO - [TRAIN] Epoch 13 Iter   100/750: Loss: 8.710 (12.243), grad_norm: 67.745, lr: 0.0000200, time: 5.702 (0.008)
2026/08/12 03:14:23 - mmengine - INFO - OccupancyLoss: 2.59557, OccupancyFlowLoss: 1.25559, DetectionLoss: 1.11263, DynamicLoss: 0.02440, PhysicsLoss: 3.72174
2026/08/12 03:19:10 - mmengine - INFO - [TRAIN] Epoch 13 Iter   150/750: Loss: 12.540 (12.495), grad_norm: 54.797, lr: 0.0000200, time: 5.646 (0.008)
2026/08/12 03:19:10 - mmengine - INFO - OccupancyLoss: 4.88880, OccupancyFlowLoss: 4.56265, DetectionLoss: 2.33047, DynamicLoss: 0.01679, PhysicsLoss: 0.74176
2026/08/12 03:23:56 - mmengine - INFO - [TRAIN] Epoch 13 Iter   200/750: Loss: 9.369 (13.768), grad_norm: 63.535, lr: 0.0000200, time: 5.799 (0.008)
2026/08/12 03:23:56 - mmengine - INFO - OccupancyLoss: 4.49009, OccupancyFlowLoss: 3.53076, DetectionLoss: 1.34551, DynamicLoss: 0.00278, PhysicsLoss: 0.00000
2026/08/12 03:28:43 - mmengine - INFO - [TRAIN] Epoch 13 Iter   250/750: Loss: 15.073 (12.560), grad_norm: 50.791, lr: 0.0000200, time: 5.715 (0.008)
2026/08/12 03:28:43 - mmengine - INFO - OccupancyLoss: 4.15902, OccupancyFlowLoss: 4.28605, DetectionLoss: 4.17958, DynamicLoss: 0.08906, PhysicsLoss: 2.35920
2026/08/12 03:33:28 - mmengine - INFO - [TRAIN] Epoch 13 Iter   300/750: Loss: 22.500 (13.395), grad_norm: 32.574, lr: 0.0000200, time: 6.047 (0.008)
2026/08/12 03:33:28 - mmengine - INFO - OccupancyLoss: 4.70454, OccupancyFlowLoss: 5.70241, DetectionLoss: 7.29988, DynamicLoss: 0.09460, PhysicsLoss: 4.69886
2026/08/12 03:38:13 - mmengine - INFO - [TRAIN] Epoch 13 Iter   350/750: Loss: 14.912 (12.872), grad_norm: 61.108, lr: 0.0000200, time: 5.629 (0.008)
2026/08/12 03:38:13 - mmengine - INFO - OccupancyLoss: 4.85961, OccupancyFlowLoss: 4.98901, DetectionLoss: 2.81667, DynamicLoss: 0.08515, PhysicsLoss: 2.16116
2026/08/12 03:42:59 - mmengine - INFO - [TRAIN] Epoch 13 Iter   400/750: Loss: 9.251 (13.054), grad_norm: 41.199, lr: 0.0000200, time: 5.847 (0.008)
2026/08/12 03:42:59 - mmengine - INFO - OccupancyLoss: 4.29467, OccupancyFlowLoss: 1.63513, DetectionLoss: 2.34034, DynamicLoss: 0.07163, PhysicsLoss: 0.90888
2026/08/12 03:47:44 - mmengine - INFO - [TRAIN] Epoch 13 Iter   450/750: Loss: 8.544 (12.373), grad_norm: 59.376, lr: 0.0000200, time: 5.626 (0.008)
2026/08/12 03:47:44 - mmengine - INFO - OccupancyLoss: 3.38205, OccupancyFlowLoss: 2.30644, DetectionLoss: 2.78262, DynamicLoss: 0.01088, PhysicsLoss: 0.06165
2026/08/12 03:52:29 - mmengine - INFO - [TRAIN] Epoch 13 Iter   500/750: Loss: 9.740 (13.456), grad_norm: 53.858, lr: 0.0000200, time: 5.536 (0.008)
2026/08/12 03:52:29 - mmengine - INFO - OccupancyLoss: 4.31892, OccupancyFlowLoss: 3.36852, DetectionLoss: 1.56160, DynamicLoss: 0.00547, PhysicsLoss: 0.48522
2026/08/12 03:57:16 - mmengine - INFO - [TRAIN] Epoch 13 Iter   550/750: Loss: 11.019 (12.684), grad_norm: 29.846, lr: 0.0000200, time: 5.871 (0.008)
2026/08/12 03:57:16 - mmengine - INFO - OccupancyLoss: 4.07565, OccupancyFlowLoss: 4.19106, DetectionLoss: 2.22621, DynamicLoss: 0.03512, PhysicsLoss: 0.49069
2026/08/12 04:02:01 - mmengine - INFO - [TRAIN] Epoch 13 Iter   600/750: Loss: 11.451 (13.234), grad_norm: 79.683, lr: 0.0000200, time: 5.453 (0.008)
2026/08/12 04:02:01 - mmengine - INFO - OccupancyLoss: 3.55106, OccupancyFlowLoss: 3.44743, DetectionLoss: 4.19432, DynamicLoss: 0.02220, PhysicsLoss: 0.23570
2026/08/12 04:06:47 - mmengine - INFO - [TRAIN] Epoch 13 Iter   650/750: Loss: 17.557 (12.023), grad_norm: 21.760, lr: 0.0000200, time: 5.622 (0.008)
2026/08/12 04:06:47 - mmengine - INFO - OccupancyLoss: 6.14741, OccupancyFlowLoss: 9.31519, DetectionLoss: 1.99465, DynamicLoss: 0.01107, PhysicsLoss: 0.08885
2026/08/12 04:11:32 - mmengine - INFO - [TRAIN] Epoch 13 Iter   700/750: Loss: 20.669 (13.344), grad_norm: 64.130, lr: 0.0000200, time: 5.536 (0.008)
2026/08/12 04:11:32 - mmengine - INFO - OccupancyLoss: 5.60253, OccupancyFlowLoss: 5.72872, DetectionLoss: 3.95253, DynamicLoss: 0.03376, PhysicsLoss: 5.35117
2026/08/12 04:16:20 - mmengine - INFO - [EVAL] Epoch 14 Iter     0: Loss: 16.755 (16.755)
2026/08/12 04:16:20 - mmengine - INFO - OccupancyLoss: 4.62932, OccupancyFlowLoss: 3.88898, DetectionLoss: 3.90529, DynamicLoss: 0.05698, PhysicsLoss: 4.27408
2026/08/12 04:17:21 - mmengine - INFO - [EVAL] Epoch 14 Iter    50: Loss: 16.705 (17.824)
2026/08/12 04:17:21 - mmengine - INFO - OccupancyLoss: 5.14347, OccupancyFlowLoss: 3.88990, DetectionLoss: 5.41474, DynamicLoss: 0.04016, PhysicsLoss: 2.21653
2026/08/12 04:18:20 - mmengine - INFO - [EVAL] Epoch 14 Iter   100: Loss: 18.526 (17.412)
2026/08/12 04:18:20 - mmengine - INFO - OccupancyLoss: 5.46087, OccupancyFlowLoss: 4.91255, DetectionLoss: 4.98231, DynamicLoss: 0.01150, PhysicsLoss: 3.15888
2026/08/12 04:19:20 - mmengine - INFO - [EVAL] Epoch 14 Iter   150: Loss: 6.821 (17.821)
2026/08/12 04:19:20 - mmengine - INFO - OccupancyLoss: 5.60453, OccupancyFlowLoss: 1.14778, DetectionLoss: 0.06869, DynamicLoss: 0.00037, PhysicsLoss: 0.00000
2026/08/12 04:20:20 - mmengine - INFO - [EVAL] Epoch 14 Iter   200: Loss: 14.365 (17.945)
2026/08/12 04:20:20 - mmengine - INFO - OccupancyLoss: 7.86203, OccupancyFlowLoss: 2.80304, DetectionLoss: 2.93199, DynamicLoss: 0.02005, PhysicsLoss: 0.74775
2026/08/12 04:21:33 - mmengine - INFO - [EVAL] Epoch 14 Iter   250: Loss: 17.466 (17.847)
2026/08/12 04:21:33 - mmengine - INFO - OccupancyLoss: 6.97546, OccupancyFlowLoss: 5.29349, DetectionLoss: 3.76599, DynamicLoss: 0.08871, PhysicsLoss: 1.34250
2026/08/12 04:22:32 - mmengine - INFO - [EVAL] Epoch 14 Iter   300: Loss: 21.538 (17.700)
2026/08/12 04:22:32 - mmengine - INFO - OccupancyLoss: 7.34531, OccupancyFlowLoss: 6.23000, DetectionLoss: 7.12896, DynamicLoss: 0.01485, PhysicsLoss: 0.81937
2026/08/12 04:23:33 - mmengine - INFO - [EVAL] Epoch 14 Iter   350: Loss: 8.847 (17.740)
2026/08/12 04:23:33 - mmengine - INFO - OccupancyLoss: 4.47258, OccupancyFlowLoss: 1.65886, DetectionLoss: 2.19403, DynamicLoss: 0.02304, PhysicsLoss: 0.49879
2026/08/12 04:24:32 - mmengine - INFO - [EVAL] Epoch 14 Iter   400: Loss: 14.841 (17.625)
2026/08/12 04:24:32 - mmengine - INFO - OccupancyLoss: 6.45070, OccupancyFlowLoss: 0.82568, DetectionLoss: 7.53085, DynamicLoss: 0.03131, PhysicsLoss: 0.00199
2026/08/12 04:25:33 - mmengine - INFO - [EVAL] Epoch 14 Iter   450: Loss: 32.733 (17.742)
2026/08/12 04:25:33 - mmengine - INFO - OccupancyLoss: 6.83120, OccupancyFlowLoss: 7.08179, DetectionLoss: 14.28178, DynamicLoss: 0.13292, PhysicsLoss: 4.40574
2026/08/12 04:26:33 - mmengine - INFO - Validation per class iou none:
2026/08/12 04:26:33 - mmengine - INFO - barrier : 21.50%, 0.31, 0.41
2026/08/12 04:26:33 - mmengine - INFO - bicycle : 10.72%, 0.24, 0.16
2026/08/12 04:26:33 - mmengine - INFO - bus : 30.36%, 0.40, 0.55
2026/08/12 04:26:33 - mmengine - INFO - car : 35.83%, 0.49, 0.58
2026/08/12 04:26:33 - mmengine - INFO - construction_vehicle : 14.91%, 0.27, 0.25
2026/08/12 04:26:33 - mmengine - INFO - motorcycle : 11.39%, 0.20, 0.20
2026/08/12 04:26:33 - mmengine - INFO - pedestrian : 14.47%, 0.25, 0.26
2026/08/12 04:26:33 - mmengine - INFO - traffic_cone : 6.80%, 0.14, 0.11
2026/08/12 04:26:33 - mmengine - INFO - trailer : 14.06%, 0.22, 0.28
2026/08/12 04:26:33 - mmengine - INFO - truck : 24.81%, 0.37, 0.42
2026/08/12 04:26:33 - mmengine - INFO - driveable_surface : 45.24%, 0.61, 0.63
2026/08/12 04:26:33 - mmengine - INFO - other_flat : 24.09%, 0.42, 0.36
2026/08/12 04:26:33 - mmengine - INFO - sidewalk : 26.64%, 0.41, 0.43
2026/08/12 04:26:33 - mmengine - INFO - terrain : 24.86%, 0.39, 0.40
2026/08/12 04:26:33 - mmengine - INFO - manmade : 11.17%, 0.32, 0.15
2026/08/12 04:26:33 - mmengine - INFO - vegetation : 21.83%, 0.43, 0.31
2026/08/12 04:26:33 - mmengine - INFO - tensor([  213109,    14566,   204192,  1435223,   106632,    22025,   206833,
           42653,   134799,   555406,  7051599,   345594,  2482869,  3418334,
         7852446,  8317553, 32659904], device='cuda:0', dtype=torch.int32)
2026/08/12 04:26:33 - mmengine - INFO - tensor([   87842,     2346,   112582,   826843,    26671,     4508,    53145,
            4897,    37463,   236031,  4476427,   124321,  1065290,  1375436,
         1156983,  2552435, 15055986], device='cuda:0', dtype=torch.int32)
2026/08/12 04:26:33 - mmengine - INFO - tensor([  283237,     9655,   279237,  1699133,    98965,    22072,   213549,
           34310,   169114,   632092,  7319154,   294833,  2581210,  3488813,
         3666728,  5927122, 26719224], device='cuda:0', dtype=torch.int32)
2026/08/12 04:26:33 - mmengine - INFO - mIoU: 21.16729700937867, iou2: 33.96867752075195
2026/08/12 04:26:33 - mmengine - INFO - Current val loss is 17.842
2026/08/12 04:26:52 - mmengine - INFO - [TRAIN] Epoch 14 Iter     0/750: Loss: 12.942 (12.942), grad_norm: 56.586, lr: 0.0000200, time: 9.127 (3.384)
2026/08/12 04:26:52 - mmengine - INFO - OccupancyLoss: 4.54935, OccupancyFlowLoss: 4.36315, DetectionLoss: 1.99878, DynamicLoss: 0.07572, PhysicsLoss: 1.95537
2026/08/12 04:31:37 - mmengine - INFO - [TRAIN] Epoch 14 Iter    50/750: Loss: 14.400 (12.461), grad_norm: 80.832, lr: 0.0000200, time: 5.615 (0.008)
2026/08/12 04:31:37 - mmengine - INFO - OccupancyLoss: 4.61992, OccupancyFlowLoss: 4.18969, DetectionLoss: 3.85842, DynamicLoss: 0.05164, PhysicsLoss: 1.67984
2026/08/12 04:36:21 - mmengine - INFO - [TRAIN] Epoch 14 Iter   100/750: Loss: 18.899 (12.752), grad_norm: 45.062, lr: 0.0000200, time: 5.633 (0.008)
2026/08/12 04:36:21 - mmengine - INFO - OccupancyLoss: 4.07194, OccupancyFlowLoss: 4.36021, DetectionLoss: 7.25138, DynamicLoss: 0.07963, PhysicsLoss: 3.13585
2026/08/12 04:41:06 - mmengine - INFO - [TRAIN] Epoch 14 Iter   150/750: Loss: 8.285 (12.263), grad_norm: 35.437, lr: 0.0000200, time: 5.652 (0.008)
2026/08/12 04:41:06 - mmengine - INFO - OccupancyLoss: 3.46037, OccupancyFlowLoss: 2.79658, DetectionLoss: 1.89246, DynamicLoss: 0.01781, PhysicsLoss: 0.11822
2026/08/12 04:45:52 - mmengine - INFO - [TRAIN] Epoch 14 Iter   200/750: Loss: 13.782 (12.519), grad_norm: 115.265, lr: 0.0000200, time: 5.592 (0.008)
2026/08/12 04:45:52 - mmengine - INFO - OccupancyLoss: 4.41208, OccupancyFlowLoss: 4.24432, DetectionLoss: 3.27744, DynamicLoss: 0.02598, PhysicsLoss: 1.82264
2026/08/12 04:50:37 - mmengine - INFO - [TRAIN] Epoch 14 Iter   250/750: Loss: 7.218 (12.504), grad_norm: 65.986, lr: 0.0000200, time: 5.468 (0.008)
2026/08/12 04:50:37 - mmengine - INFO - OccupancyLoss: 3.95684, OccupancyFlowLoss: 2.58585, DetectionLoss: 0.64186, DynamicLoss: 0.03319, PhysicsLoss: 0.00000
2026/08/12 04:55:23 - mmengine - INFO - [TRAIN] Epoch 14 Iter   300/750: Loss: 17.963 (12.766), grad_norm: 32.426, lr: 0.0000200, time: 5.700 (0.008)
2026/08/12 04:55:23 - mmengine - INFO - OccupancyLoss: 5.97234, OccupancyFlowLoss: 5.71611, DetectionLoss: 3.47542, DynamicLoss: 0.01789, PhysicsLoss: 2.78103
2026/08/12 05:00:09 - mmengine - INFO - [TRAIN] Epoch 14 Iter   350/750: Loss: 10.943 (13.171), grad_norm: 28.430, lr: 0.0000200, time: 5.789 (0.008)
2026/08/12 05:00:09 - mmengine - INFO - OccupancyLoss: 3.81109, OccupancyFlowLoss: 1.27006, DetectionLoss: 5.20430, DynamicLoss: 0.04675, PhysicsLoss: 0.61096
2026/08/12 05:04:54 - mmengine - INFO - [TRAIN] Epoch 14 Iter   400/750: Loss: 8.696 (12.087), grad_norm: 62.957, lr: 0.0000200, time: 5.637 (0.008)
2026/08/12 05:04:54 - mmengine - INFO - OccupancyLoss: 4.44230, OccupancyFlowLoss: 3.35420, DetectionLoss: 0.89822, DynamicLoss: 0.00166, PhysicsLoss: 0.00000
2026/08/12 05:09:41 - mmengine - INFO - [TRAIN] Epoch 14 Iter   450/750: Loss: 12.033 (12.505), grad_norm: 76.196, lr: 0.0000200, time: 5.617 (0.008)
2026/08/12 05:09:41 - mmengine - INFO - OccupancyLoss: 4.54533, OccupancyFlowLoss: 4.87073, DetectionLoss: 2.30959, DynamicLoss: 0.02140, PhysicsLoss: 0.28582
2026/08/12 05:14:26 - mmengine - INFO - [TRAIN] Epoch 14 Iter   500/750: Loss: 13.924 (12.131), grad_norm: 41.836, lr: 0.0000200, time: 6.045 (0.008)
2026/08/12 05:14:26 - mmengine - INFO - OccupancyLoss: 5.41636, OccupancyFlowLoss: 4.27359, DetectionLoss: 3.15031, DynamicLoss: 0.09687, PhysicsLoss: 0.98652
2026/08/12 05:19:11 - mmengine - INFO - [TRAIN] Epoch 14 Iter   550/750: Loss: 16.335 (12.080), grad_norm: 40.901, lr: 0.0000200, time: 5.708 (0.008)
2026/08/12 05:19:11 - mmengine - INFO - OccupancyLoss: 4.29071, OccupancyFlowLoss: 3.98293, DetectionLoss: 6.05719, DynamicLoss: 0.05295, PhysicsLoss: 1.95109
2026/08/12 05:23:59 - mmengine - INFO - [TRAIN] Epoch 14 Iter   600/750: Loss: 16.151 (13.078), grad_norm: 111.710, lr: 0.0000200, time: 6.364 (0.008)
2026/08/12 05:23:59 - mmengine - INFO - OccupancyLoss: 4.98061, OccupancyFlowLoss: 4.05226, DetectionLoss: 3.93257, DynamicLoss: 0.03147, PhysicsLoss: 3.15452
2026/08/12 05:29:06 - mmengine - INFO - [TRAIN] Epoch 14 Iter   650/750: Loss: 16.931 (13.172), grad_norm: 38.814, lr: 0.0000200, time: 5.829 (0.008)
2026/08/12 05:29:06 - mmengine - INFO - OccupancyLoss: 4.29651, OccupancyFlowLoss: 5.14918, DetectionLoss: 5.65022, DynamicLoss: 0.10718, PhysicsLoss: 1.72781
2026/08/12 05:33:52 - mmengine - INFO - [TRAIN] Epoch 14 Iter   700/750: Loss: 17.600 (13.851), grad_norm: 60.459, lr: 0.0000200, time: 5.629 (0.008)
2026/08/12 05:33:52 - mmengine - INFO - OccupancyLoss: 4.69338, OccupancyFlowLoss: 3.97721, DetectionLoss: 4.45070, DynamicLoss: 0.01574, PhysicsLoss: 4.46323
2026/08/12 05:38:51 - mmengine - INFO - [EVAL] Epoch 15 Iter     0: Loss: 16.981 (16.981)
2026/08/12 05:38:51 - mmengine - INFO - OccupancyLoss: 4.54744, OccupancyFlowLoss: 3.95151, DetectionLoss: 4.01791, DynamicLoss: 0.05570, PhysicsLoss: 4.40889
2026/08/12 05:39:52 - mmengine - INFO - [EVAL] Epoch 15 Iter    50: Loss: 16.686 (17.945)
2026/08/12 05:39:52 - mmengine - INFO - OccupancyLoss: 4.91509, OccupancyFlowLoss: 3.79157, DetectionLoss: 5.45579, DynamicLoss: 0.02943, PhysicsLoss: 2.49372
2026/08/12 05:40:52 - mmengine - INFO - [EVAL] Epoch 15 Iter   100: Loss: 17.821 (17.538)
2026/08/12 05:40:52 - mmengine - INFO - OccupancyLoss: 5.38956, OccupancyFlowLoss: 4.92391, DetectionLoss: 4.34766, DynamicLoss: 0.01037, PhysicsLoss: 3.14976
2026/08/12 05:41:51 - mmengine - INFO - [EVAL] Epoch 15 Iter   150: Loss: 6.686 (18.013)
2026/08/12 05:41:51 - mmengine - INFO - OccupancyLoss: 5.43029, OccupancyFlowLoss: 1.13209, DetectionLoss: 0.12332, DynamicLoss: 0.00021, PhysicsLoss: 0.00000
2026/08/12 05:42:52 - mmengine - INFO - [EVAL] Epoch 15 Iter   200: Loss: 13.638 (18.156)
2026/08/12 05:42:52 - mmengine - INFO - OccupancyLoss: 7.40782, OccupancyFlowLoss: 2.70871, DetectionLoss: 2.78227, DynamicLoss: 0.01831, PhysicsLoss: 0.72098
2026/08/12 05:43:53 - mmengine - INFO - [EVAL] Epoch 15 Iter   250: Loss: 17.366 (18.074)
2026/08/12 05:43:53 - mmengine - INFO - OccupancyLoss: 6.91422, OccupancyFlowLoss: 5.25780, DetectionLoss: 3.70160, DynamicLoss: 0.08133, PhysicsLoss: 1.41147
2026/08/12 05:44:53 - mmengine - INFO - [EVAL] Epoch 15 Iter   300: Loss: 21.611 (17.895)
2026/08/12 05:44:53 - mmengine - INFO - OccupancyLoss: 7.33006, OccupancyFlowLoss: 6.29659, DetectionLoss: 7.19859, DynamicLoss: 0.01723, PhysicsLoss: 0.76824
2026/08/12 05:45:53 - mmengine - INFO - [EVAL] Epoch 15 Iter   350: Loss: 9.714 (17.926)
2026/08/12 05:45:53 - mmengine - INFO - OccupancyLoss: 4.36198, OccupancyFlowLoss: 1.67145, DetectionLoss: 3.18563, DynamicLoss: 0.02531, PhysicsLoss: 0.46949
2026/08/12 05:46:53 - mmengine - INFO - [EVAL] Epoch 15 Iter   400: Loss: 14.944 (17.783)
2026/08/12 05:46:53 - mmengine - INFO - OccupancyLoss: 6.72937, OccupancyFlowLoss: 0.85003, DetectionLoss: 7.33499, DynamicLoss: 0.02572, PhysicsLoss: 0.00343
2026/08/12 05:47:54 - mmengine - INFO - [EVAL] Epoch 15 Iter   450: Loss: 34.267 (17.902)
2026/08/12 05:47:54 - mmengine - INFO - OccupancyLoss: 6.86946, OccupancyFlowLoss: 7.15665, DetectionLoss: 15.63556, DynamicLoss: 0.12757, PhysicsLoss: 4.47753
2026/08/12 05:48:53 - mmengine - INFO - Validation per class iou none:
2026/08/12 05:48:53 - mmengine - INFO - barrier : 21.31%, 0.34, 0.37
2026/08/12 05:48:53 - mmengine - INFO - bicycle : 12.16%, 0.24, 0.20
2026/08/12 05:48:53 - mmengine - INFO - bus : 31.06%, 0.41, 0.57
2026/08/12 05:48:53 - mmengine - INFO - car : 35.90%, 0.49, 0.57
2026/08/12 05:48:53 - mmengine - INFO - construction_vehicle : 15.02%, 0.30, 0.23
2026/08/12 05:48:53 - mmengine - INFO - motorcycle : 12.11%, 0.23, 0.21
2026/08/12 05:48:53 - mmengine - INFO - pedestrian : 14.55%, 0.26, 0.25
2026/08/12 05:48:53 - mmengine - INFO - traffic_cone : 5.40%, 0.18, 0.07
2026/08/12 05:48:53 - mmengine - INFO - trailer : 14.07%, 0.22, 0.27
2026/08/12 05:48:53 - mmengine - INFO - truck : 25.32%, 0.36, 0.46
2026/08/12 05:48:53 - mmengine - INFO - driveable_surface : 45.31%, 0.62, 0.62
2026/08/12 05:48:53 - mmengine - INFO - other_flat : 24.00%, 0.55, 0.30
2026/08/12 05:48:53 - mmengine - INFO - sidewalk : 26.70%, 0.43, 0.41
2026/08/12 05:48:53 - mmengine - INFO - terrain : 24.65%, 0.43, 0.37
2026/08/12 05:48:53 - mmengine - INFO - manmade : 10.39%, 0.33, 0.13
2026/08/12 05:48:53 - mmengine - INFO - vegetation : 23.77%, 0.41, 0.36
2026/08/12 05:48:53 - mmengine - INFO - tensor([  213109,    14566,   204192,  1435223,   106632,    22025,   206833,
           42653,   134799,   555406,  7051599,   345594,  2482869,  3418334,
         7852446,  8317553, 32659904], device='cuda:0', dtype=torch.int32)
2026/08/12 05:48:53 - mmengine - INFO - tensor([   78529,     2902,   116222,   819295,    24434,     4567,    51061,
            3050,    36907,   258239,  4397995,   103720,  1015595,  1261670,
         1029314,  3000581, 14898806], device='cuda:0', dtype=torch.int32)
2026/08/12 05:48:53 - mmengine - INFO - tensor([  233876,    12207,   286231,  1666056,    80455,    20240,   195199,
           16891,   164462,   722697,  7053654,   190296,  2336845,  2962154,
         3082104,  7308121, 26331488], device='cuda:0', dtype=torch.int32)
2026/08/12 05:48:53 - mmengine - INFO - mIoU: 21.35709992144257, iou2: 33.78982162475586
2026/08/12 05:48:53 - mmengine - INFO - Current val loss is 18.011
