WARNING:torch.distributed.run:
*****************************************
Setting OMP_NUM_THREADS environment variable for each process to be 1 in default, to avoid your system being overloaded, please further tune the variable for optimal performance in your application as needed. 
*****************************************
Failed to start virtual display.
Failed to start virtual display.
No Mayavi installation found.
No Mayavi installation found.
Failed to start virtual display.
Failed to start virtual display.
No Mayavi installation found.
No Mayavi installation found.
Namespace(backend='nccl', dataset='nuscenes', gpus=4, gradient_accumulation=1, iter_resume=False, py_config='config/nuscenes_gs25600_v3_se3/nuscenes_gs25600_v3_se3.py', resume_from='', seed=42, vis_map=False, work_dir='/data/chenz/GaussianAD/out/nuscenes_gs25600_v3_se3')
Namespace(backend='nccl', dataset='nuscenes', gpus=4, gradient_accumulation=1, iter_resume=False, py_config='config/nuscenes_gs25600_v3_se3/nuscenes_gs25600_v3_se3.py', resume_from='', seed=42, vis_map=False, work_dir='/data/chenz/GaussianAD/out/nuscenes_gs25600_v3_se3')
Namespace(backend='nccl', dataset='nuscenes', gpus=4, gradient_accumulation=1, iter_resume=False, py_config='config/nuscenes_gs25600_v3_se3/nuscenes_gs25600_v3_se3.py', resume_from='', seed=42, vis_map=False, work_dir='/data/chenz/GaussianAD/out/nuscenes_gs25600_v3_se3')
Namespace(backend='nccl', dataset='nuscenes', gpus=4, gradient_accumulation=1, iter_resume=False, py_config='config/nuscenes_gs25600_v3_se3/nuscenes_gs25600_v3_se3.py', resume_from='', seed=42, vis_map=False, work_dir='/data/chenz/GaussianAD/out/nuscenes_gs25600_v3_se3')
rank=2, local_rank=2, world_size=4
rank=1, local_rank=1, world_size=4
rank=3, local_rank=3, world_size=4
rank=0, local_rank=0, world_size=4
rank=3, local_rank=3, world_size=4
rank=0, local_rank=0, world_size=4
rank=2, local_rank=2, world_size=4
rank=1, local_rank=1, world_size=4
08/11 07:54:54 - mmengine - INFO - Frozen module: map_decoder
08/11 07:54:54 - mmengine - INFO - Frozen module: planner_head
08/11 07:54:54 - mmengine - INFO - Number of params: 167695746
08/11 07:54:54 - mmengine - INFO - converted sync bn.
08/11 07:55:00 - mmengine - INFO - done ddp model
08/11 07:57:28 - mmengine - WARNING - img_backbone.conv1.weight is skipped since its requires_grad=False
08/11 07:57:28 - mmengine - WARNING - img_backbone.bn1.weight is skipped since its requires_grad=False
08/11 07:57:28 - mmengine - WARNING - img_backbone.bn1.bias is skipped since its requires_grad=False
08/11 07:57:28 - mmengine - WARNING - img_backbone.layer1.0.conv1.weight is skipped since its requires_grad=False
08/11 07:57:28 - mmengine - WARNING - img_backbone.layer1.0.bn1.weight is skipped since its requires_grad=False
08/11 07:57:28 - mmengine - WARNING - img_backbone.layer1.0.bn1.bias is skipped since its requires_grad=False
08/11 07:57:28 - mmengine - WARNING - img_backbone.layer1.0.conv2.weight is skipped since its requires_grad=False
08/11 07:57:28 - mmengine - WARNING - img_backbone.layer1.0.bn2.weight is skipped since its requires_grad=False
08/11 07:57:28 - mmengine - WARNING - img_backbone.layer1.0.bn2.bias is skipped since its requires_grad=False
08/11 07:57:28 - mmengine - WARNING - img_backbone.layer1.0.conv3.weight is skipped since its requires_grad=False
08/11 07:57:28 - mmengine - WARNING - img_backbone.layer1.0.bn3.weight is skipped since its requires_grad=False
08/11 07:57:28 - mmengine - WARNING - img_backbone.layer1.0.bn3.bias is skipped since its requires_grad=False
08/11 07:57:28 - mmengine - WARNING - img_backbone.layer1.0.downsample.0.weight is skipped since its requires_grad=False
08/11 07:57:28 - mmengine - WARNING - img_backbone.layer1.0.downsample.1.weight is skipped since its requires_grad=False
08/11 07:57:28 - mmengine - WARNING - img_backbone.layer1.0.downsample.1.bias is skipped since its requires_grad=False
08/11 07:57:28 - mmengine - WARNING - img_backbone.layer1.1.conv1.weight is skipped since its requires_grad=False
08/11 07:57:28 - mmengine - WARNING - img_backbone.layer1.1.bn1.weight is skipped since its requires_grad=False
08/11 07:57:28 - mmengine - WARNING - img_backbone.layer1.1.bn1.bias is skipped since its requires_grad=False
08/11 07:57:28 - mmengine - WARNING - img_backbone.layer1.1.conv2.weight is skipped since its requires_grad=False
08/11 07:57:28 - mmengine - WARNING - img_backbone.layer1.1.bn2.weight is skipped since its requires_grad=False
08/11 07:57:28 - mmengine - WARNING - img_backbone.layer1.1.bn2.bias is skipped since its requires_grad=False
08/11 07:57:28 - mmengine - WARNING - img_backbone.layer1.1.conv3.weight is skipped since its requires_grad=False
08/11 07:57:28 - mmengine - WARNING - img_backbone.layer1.1.bn3.weight is skipped since its requires_grad=False
08/11 07:57:28 - mmengine - WARNING - img_backbone.layer1.1.bn3.bias is skipped since its requires_grad=False
08/11 07:57:28 - mmengine - WARNING - img_backbone.layer1.2.conv1.weight is skipped since its requires_grad=False
08/11 07:57:28 - mmengine - WARNING - img_backbone.layer1.2.bn1.weight is skipped since its requires_grad=False
08/11 07:57:28 - mmengine - WARNING - img_backbone.layer1.2.bn1.bias is skipped since its requires_grad=False
08/11 07:57:28 - mmengine - WARNING - img_backbone.layer1.2.conv2.weight is skipped since its requires_grad=False
08/11 07:57:28 - mmengine - WARNING - img_backbone.layer1.2.bn2.weight is skipped since its requires_grad=False
08/11 07:57:28 - mmengine - WARNING - img_backbone.layer1.2.bn2.bias is skipped since its requires_grad=False
08/11 07:57:28 - mmengine - WARNING - img_backbone.layer1.2.conv3.weight is skipped since its requires_grad=False
08/11 07:57:28 - mmengine - WARNING - img_backbone.layer1.2.bn3.weight is skipped since its requires_grad=False
08/11 07:57:28 - mmengine - WARNING - img_backbone.layer1.2.bn3.bias is skipped since its requires_grad=False
08/11 07:57:28 - mmengine - INFO - paramwise_options -- img_backbone.layer2.0.conv1.weight:lr=2e-05
08/11 07:57:28 - mmengine - INFO - paramwise_options -- img_backbone.layer2.0.conv1.weight:weight_decay=0.01
08/11 07:57:28 - mmengine - INFO - paramwise_options -- img_backbone.layer2.0.conv1.weight:lr_mult=0.1
08/11 07:57:28 - mmengine - WARNING - img_backbone.layer2.0.bn1.weight is skipped since its requires_grad=False
08/11 07:57:28 - mmengine - WARNING - img_backbone.layer2.0.bn1.bias is skipped since its requires_grad=False
08/11 07:57:28 - mmengine - INFO - paramwise_options -- img_backbone.layer2.0.conv2.weight:lr=2e-05
08/11 07:57:28 - mmengine - INFO - paramwise_options -- img_backbone.layer2.0.conv2.weight:weight_decay=0.01
08/11 07:57:28 - mmengine - INFO - paramwise_options -- img_backbone.layer2.0.conv2.weight:lr_mult=0.1
08/11 07:57:28 - mmengine - WARNING - img_backbone.layer2.0.bn2.weight is skipped since its requires_grad=False
08/11 07:57:28 - mmengine - WARNING - img_backbone.layer2.0.bn2.bias is skipped since its requires_grad=False
08/11 07:57:28 - mmengine - INFO - paramwise_options -- img_backbone.layer2.0.conv3.weight:lr=2e-05
08/11 07:57:28 - mmengine - INFO - paramwise_options -- img_backbone.layer2.0.conv3.weight:weight_decay=0.01
08/11 07:57:28 - mmengine - INFO - paramwise_options -- img_backbone.layer2.0.conv3.weight:lr_mult=0.1
08/11 07:57:28 - mmengine - WARNING - img_backbone.layer2.0.bn3.weight is skipped since its requires_grad=False
08/11 07:57:28 - mmengine - WARNING - img_backbone.layer2.0.bn3.bias is skipped since its requires_grad=False
08/11 07:57:28 - mmengine - INFO - paramwise_options -- img_backbone.layer2.0.downsample.0.weight:lr=2e-05
08/11 07:57:28 - mmengine - INFO - paramwise_options -- img_backbone.layer2.0.downsample.0.weight:weight_decay=0.01
08/11 07:57:28 - mmengine - INFO - paramwise_options -- img_backbone.layer2.0.downsample.0.weight:lr_mult=0.1
08/11 07:57:28 - mmengine - WARNING - img_backbone.layer2.0.downsample.1.weight is skipped since its requires_grad=False
08/11 07:57:28 - mmengine - WARNING - img_backbone.layer2.0.downsample.1.bias is skipped since its requires_grad=False
08/11 07:57:28 - mmengine - INFO - paramwise_options -- img_backbone.layer2.1.conv1.weight:lr=2e-05
08/11 07:57:28 - mmengine - INFO - paramwise_options -- img_backbone.layer2.1.conv1.weight:weight_decay=0.01
08/11 07:57:28 - mmengine - INFO - paramwise_options -- img_backbone.layer2.1.conv1.weight:lr_mult=0.1
08/11 07:57:28 - mmengine - WARNING - img_backbone.layer2.1.bn1.weight is skipped since its requires_grad=False
08/11 07:57:28 - mmengine - WARNING - img_backbone.layer2.1.bn1.bias is skipped since its requires_grad=False
08/11 07:57:28 - mmengine - INFO - paramwise_options -- img_backbone.layer2.1.conv2.weight:lr=2e-05
08/11 07:57:28 - mmengine - INFO - paramwise_options -- img_backbone.layer2.1.conv2.weight:weight_decay=0.01
08/11 07:57:28 - mmengine - INFO - paramwise_options -- img_backbone.layer2.1.conv2.weight:lr_mult=0.1
08/11 07:57:28 - mmengine - WARNING - img_backbone.layer2.1.bn2.weight is skipped since its requires_grad=False
08/11 07:57:28 - mmengine - WARNING - img_backbone.layer2.1.bn2.bias is skipped since its requires_grad=False
08/11 07:57:28 - mmengine - INFO - paramwise_options -- img_backbone.layer2.1.conv3.weight:lr=2e-05
08/11 07:57:28 - mmengine - INFO - paramwise_options -- img_backbone.layer2.1.conv3.weight:weight_decay=0.01
08/11 07:57:28 - mmengine - INFO - paramwise_options -- img_backbone.layer2.1.conv3.weight:lr_mult=0.1
08/11 07:57:28 - mmengine - WARNING - img_backbone.layer2.1.bn3.weight is skipped since its requires_grad=False
08/11 07:57:28 - mmengine - WARNING - img_backbone.layer2.1.bn3.bias is skipped since its requires_grad=False
08/11 07:57:28 - mmengine - INFO - paramwise_options -- img_backbone.layer2.2.conv1.weight:lr=2e-05
08/11 07:57:28 - mmengine - INFO - paramwise_options -- img_backbone.layer2.2.conv1.weight:weight_decay=0.01
08/11 07:57:28 - mmengine - INFO - paramwise_options -- img_backbone.layer2.2.conv1.weight:lr_mult=0.1
08/11 07:57:28 - mmengine - WARNING - img_backbone.layer2.2.bn1.weight is skipped since its requires_grad=False
08/11 07:57:28 - mmengine - WARNING - img_backbone.layer2.2.bn1.bias is skipped since its requires_grad=False
08/11 07:57:28 - mmengine - INFO - paramwise_options -- img_backbone.layer2.2.conv2.weight:lr=2e-05
08/11 07:57:28 - mmengine - INFO - paramwise_options -- img_backbone.layer2.2.conv2.weight:weight_decay=0.01
08/11 07:57:28 - mmengine - INFO - paramwise_options -- img_backbone.layer2.2.conv2.weight:lr_mult=0.1
08/11 07:57:28 - mmengine - WARNING - img_backbone.layer2.2.bn2.weight is skipped since its requires_grad=False
08/11 07:57:28 - mmengine - WARNING - img_backbone.layer2.2.bn2.bias is skipped since its requires_grad=False
08/11 07:57:28 - mmengine - INFO - paramwise_options -- img_backbone.layer2.2.conv3.weight:lr=2e-05
08/11 07:57:28 - mmengine - INFO - paramwise_options -- img_backbone.layer2.2.conv3.weight:weight_decay=0.01
08/11 07:57:28 - mmengine - INFO - paramwise_options -- img_backbone.layer2.2.conv3.weight:lr_mult=0.1
08/11 07:57:28 - mmengine - WARNING - img_backbone.layer2.2.bn3.weight is skipped since its requires_grad=False
08/11 07:57:28 - mmengine - WARNING - img_backbone.layer2.2.bn3.bias is skipped since its requires_grad=False
08/11 07:57:28 - mmengine - INFO - paramwise_options -- img_backbone.layer2.3.conv1.weight:lr=2e-05
08/11 07:57:28 - mmengine - INFO - paramwise_options -- img_backbone.layer2.3.conv1.weight:weight_decay=0.01
08/11 07:57:28 - mmengine - INFO - paramwise_options -- img_backbone.layer2.3.conv1.weight:lr_mult=0.1
08/11 07:57:28 - mmengine - WARNING - img_backbone.layer2.3.bn1.weight is skipped since its requires_grad=False
08/11 07:57:28 - mmengine - WARNING - img_backbone.layer2.3.bn1.bias is skipped since its requires_grad=False
08/11 07:57:28 - mmengine - INFO - paramwise_options -- img_backbone.layer2.3.conv2.weight:lr=2e-05
08/11 07:57:28 - mmengine - INFO - paramwise_options -- img_backbone.layer2.3.conv2.weight:weight_decay=0.01
08/11 07:57:28 - mmengine - INFO - paramwise_options -- img_backbone.layer2.3.conv2.weight:lr_mult=0.1
08/11 07:57:28 - mmengine - WARNING - img_backbone.layer2.3.bn2.weight is skipped since its requires_grad=False
08/11 07:57:28 - mmengine - WARNING - img_backbone.layer2.3.bn2.bias is skipped since its requires_grad=False
08/11 07:57:28 - mmengine - INFO - paramwise_options -- img_backbone.layer2.3.conv3.weight:lr=2e-05
08/11 07:57:28 - mmengine - INFO - paramwise_options -- img_backbone.layer2.3.conv3.weight:weight_decay=0.01
08/11 07:57:28 - mmengine - INFO - paramwise_options -- img_backbone.layer2.3.conv3.weight:lr_mult=0.1
08/11 07:57:28 - mmengine - WARNING - img_backbone.layer2.3.bn3.weight is skipped since its requires_grad=False
08/11 07:57:28 - mmengine - WARNING - img_backbone.layer2.3.bn3.bias is skipped since its requires_grad=False
08/11 07:57:28 - mmengine - INFO - paramwise_options -- img_backbone.layer3.0.conv1.weight:lr=2e-05
08/11 07:57:28 - mmengine - INFO - paramwise_options -- img_backbone.layer3.0.conv1.weight:weight_decay=0.01
08/11 07:57:28 - mmengine - INFO - paramwise_options -- img_backbone.layer3.0.conv1.weight:lr_mult=0.1
08/11 07:57:28 - mmengine - WARNING - img_backbone.layer3.0.bn1.weight is skipped since its requires_grad=False
08/11 07:57:28 - mmengine - WARNING - img_backbone.layer3.0.bn1.bias is skipped since its requires_grad=False
08/11 07:57:28 - mmengine - INFO - paramwise_options -- img_backbone.layer3.0.conv2.weight:lr=2e-05
08/11 07:57:28 - mmengine - INFO - paramwise_options -- img_backbone.layer3.0.conv2.weight:weight_decay=0.01
08/11 07:57:28 - mmengine - INFO - paramwise_options -- img_backbone.layer3.0.conv2.weight:lr_mult=0.1
08/11 07:57:28 - mmengine - INFO - paramwise_options -- img_backbone.layer3.0.conv2.conv_offset.weight:lr=2e-05
08/11 07:57:28 - mmengine - INFO - paramwise_options -- img_backbone.layer3.0.conv2.conv_offset.weight:weight_decay=0.01
08/11 07:57:28 - mmengine - INFO - paramwise_options -- img_backbone.layer3.0.conv2.conv_offset.weight:lr_mult=0.1
08/11 07:57:28 - mmengine - INFO - paramwise_options -- img_backbone.layer3.0.conv2.conv_offset.bias:lr=2e-05
08/11 07:57:28 - mmengine - INFO - paramwise_options -- img_backbone.layer3.0.conv2.conv_offset.bias:weight_decay=0.01
08/11 07:57:28 - mmengine - INFO - paramwise_options -- img_backbone.layer3.0.conv2.conv_offset.bias:lr_mult=0.1
08/11 07:57:28 - mmengine - WARNING - img_backbone.layer3.0.bn2.weight is skipped since its requires_grad=False
08/11 07:57:28 - mmengine - WARNING - img_backbone.layer3.0.bn2.bias is skipped since its requires_grad=False
08/11 07:57:28 - mmengine - INFO - paramwise_options -- img_backbone.layer3.0.conv3.weight:lr=2e-05
08/11 07:57:28 - mmengine - INFO - paramwise_options -- img_backbone.layer3.0.conv3.weight:weight_decay=0.01
08/11 07:57:28 - mmengine - INFO - paramwise_options -- img_backbone.layer3.0.conv3.weight:lr_mult=0.1
08/11 07:57:28 - mmengine - WARNING - img_backbone.layer3.0.bn3.weight is skipped since its requires_grad=False
08/11 07:57:28 - mmengine - WARNING - img_backbone.layer3.0.bn3.bias is skipped since its requires_grad=False
08/11 07:57:28 - mmengine - INFO - paramwise_options -- img_backbone.layer3.0.downsample.0.weight:lr=2e-05
08/11 07:57:28 - mmengine - INFO - paramwise_options -- img_backbone.layer3.0.downsample.0.weight:weight_decay=0.01
08/11 07:57:28 - mmengine - INFO - paramwise_options -- img_backbone.layer3.0.downsample.0.weight:lr_mult=0.1
08/11 07:57:28 - mmengine - WARNING - img_backbone.layer3.0.downsample.1.weight is skipped since its requires_grad=False
08/11 07:57:28 - mmengine - WARNING - img_backbone.layer3.0.downsample.1.bias is skipped since its requires_grad=False
08/11 07:57:28 - mmengine - INFO - paramwise_options -- img_backbone.layer3.1.conv1.weight:lr=2e-05
08/11 07:57:28 - mmengine - INFO - paramwise_options -- img_backbone.layer3.1.conv1.weight:weight_decay=0.01
08/11 07:57:28 - mmengine - INFO - paramwise_options -- img_backbone.layer3.1.conv1.weight:lr_mult=0.1
08/11 07:57:28 - mmengine - WARNING - img_backbone.layer3.1.bn1.weight is skipped since its requires_grad=False
08/11 07:57:28 - mmengine - WARNING - img_backbone.layer3.1.bn1.bias is skipped since its requires_grad=False
08/11 07:57:28 - mmengine - INFO - paramwise_options -- img_backbone.layer3.1.conv2.weight:lr=2e-05
08/11 07:57:28 - mmengine - INFO - paramwise_options -- img_backbone.layer3.1.conv2.weight:weight_decay=0.01
08/11 07:57:28 - mmengine - INFO - paramwise_options -- img_backbone.layer3.1.conv2.weight:lr_mult=0.1
08/11 07:57:28 - mmengine - INFO - paramwise_options -- img_backbone.layer3.1.conv2.conv_offset.weight:lr=2e-05
08/11 07:57:28 - mmengine - INFO - paramwise_options -- img_backbone.layer3.1.conv2.conv_offset.weight:weight_decay=0.01
08/11 07:57:28 - mmengine - INFO - paramwise_options -- img_backbone.layer3.1.conv2.conv_offset.weight:lr_mult=0.1
08/11 07:57:28 - mmengine - INFO - paramwise_options -- img_backbone.layer3.1.conv2.conv_offset.bias:lr=2e-05
08/11 07:57:28 - mmengine - INFO - paramwise_options -- img_backbone.layer3.1.conv2.conv_offset.bias:weight_decay=0.01
08/11 07:57:28 - mmengine - INFO - paramwise_options -- img_backbone.layer3.1.conv2.conv_offset.bias:lr_mult=0.1
08/11 07:57:28 - mmengine - WARNING - img_backbone.layer3.1.bn2.weight is skipped since its requires_grad=False
08/11 07:57:28 - mmengine - WARNING - img_backbone.layer3.1.bn2.bias is skipped since its requires_grad=False
08/11 07:57:28 - mmengine - INFO - paramwise_options -- img_backbone.layer3.1.conv3.weight:lr=2e-05
08/11 07:57:28 - mmengine - INFO - paramwise_options -- img_backbone.layer3.1.conv3.weight:weight_decay=0.01
08/11 07:57:28 - mmengine - INFO - paramwise_options -- img_backbone.layer3.1.conv3.weight:lr_mult=0.1
08/11 07:57:28 - mmengine - WARNING - img_backbone.layer3.1.bn3.weight is skipped since its requires_grad=False
08/11 07:57:28 - mmengine - WARNING - img_backbone.layer3.1.bn3.bias is skipped since its requires_grad=False
08/11 07:57:28 - mmengine - INFO - paramwise_options -- img_backbone.layer3.2.conv1.weight:lr=2e-05
08/11 07:57:28 - mmengine - INFO - paramwise_options -- img_backbone.layer3.2.conv1.weight:weight_decay=0.01
08/11 07:57:28 - mmengine - INFO - paramwise_options -- img_backbone.layer3.2.conv1.weight:lr_mult=0.1
08/11 07:57:28 - mmengine - WARNING - img_backbone.layer3.2.bn1.weight is skipped since its requires_grad=False
08/11 07:57:28 - mmengine - WARNING - img_backbone.layer3.2.bn1.bias is skipped since its requires_grad=False
08/11 07:57:28 - mmengine - INFO - paramwise_options -- img_backbone.layer3.2.conv2.weight:lr=2e-05
08/11 07:57:28 - mmengine - INFO - paramwise_options -- img_backbone.layer3.2.conv2.weight:weight_decay=0.01
08/11 07:57:28 - mmengine - INFO - paramwise_options -- img_backbone.layer3.2.conv2.weight:lr_mult=0.1
08/11 07:57:28 - mmengine - INFO - paramwise_options -- img_backbone.layer3.2.conv2.conv_offset.weight:lr=2e-05
08/11 07:57:28 - mmengine - INFO - paramwise_options -- img_backbone.layer3.2.conv2.conv_offset.weight:weight_decay=0.01
08/11 07:57:28 - mmengine - INFO - paramwise_options -- img_backbone.layer3.2.conv2.conv_offset.weight:lr_mult=0.1
08/11 07:57:28 - mmengine - INFO - paramwise_options -- img_backbone.layer3.2.conv2.conv_offset.bias:lr=2e-05
08/11 07:57:28 - mmengine - INFO - paramwise_options -- img_backbone.layer3.2.conv2.conv_offset.bias:weight_decay=0.01
08/11 07:57:28 - mmengine - INFO - paramwise_options -- img_backbone.layer3.2.conv2.conv_offset.bias:lr_mult=0.1
08/11 07:57:28 - mmengine - WARNING - img_backbone.layer3.2.bn2.weight is skipped since its requires_grad=False
08/11 07:57:28 - mmengine - WARNING - img_backbone.layer3.2.bn2.bias is skipped since its requires_grad=False
08/11 07:57:28 - mmengine - INFO - paramwise_options -- img_backbone.layer3.2.conv3.weight:lr=2e-05
08/11 07:57:28 - mmengine - INFO - paramwise_options -- img_backbone.layer3.2.conv3.weight:weight_decay=0.01
08/11 07:57:28 - mmengine - INFO - paramwise_options -- img_backbone.layer3.2.conv3.weight:lr_mult=0.1
08/11 07:57:28 - mmengine - WARNING - img_backbone.layer3.2.bn3.weight is skipped since its requires_grad=False
08/11 07:57:28 - mmengine - WARNING - img_backbone.layer3.2.bn3.bias is skipped since its requires_grad=False
08/11 07:57:28 - mmengine - INFO - paramwise_options -- img_backbone.layer3.3.conv1.weight:lr=2e-05
08/11 07:57:28 - mmengine - INFO - paramwise_options -- img_backbone.layer3.3.conv1.weight:weight_decay=0.01
08/11 07:57:28 - mmengine - INFO - paramwise_options -- img_backbone.layer3.3.conv1.weight:lr_mult=0.1
08/11 07:57:28 - mmengine - WARNING - img_backbone.layer3.3.bn1.weight is skipped since its requires_grad=False
08/11 07:57:28 - mmengine - WARNING - img_backbone.layer3.3.bn1.bias is skipped since its requires_grad=False
08/11 07:57:28 - mmengine - INFO - paramwise_options -- img_backbone.layer3.3.conv2.weight:lr=2e-05
08/11 07:57:28 - mmengine - INFO - paramwise_options -- img_backbone.layer3.3.conv2.weight:weight_decay=0.01
08/11 07:57:28 - mmengine - INFO - paramwise_options -- img_backbone.layer3.3.conv2.weight:lr_mult=0.1
08/11 07:57:28 - mmengine - INFO - paramwise_options -- img_backbone.layer3.3.conv2.conv_offset.weight:lr=2e-05
08/11 07:57:28 - mmengine - INFO - paramwise_options -- img_backbone.layer3.3.conv2.conv_offset.weight:weight_decay=0.01
08/11 07:57:28 - mmengine - INFO - paramwise_options -- img_backbone.layer3.3.conv2.conv_offset.weight:lr_mult=0.1
08/11 07:57:28 - mmengine - INFO - paramwise_options -- img_backbone.layer3.3.conv2.conv_offset.bias:lr=2e-05
08/11 07:57:28 - mmengine - INFO - paramwise_options -- img_backbone.layer3.3.conv2.conv_offset.bias:weight_decay=0.01
08/11 07:57:28 - mmengine - INFO - paramwise_options -- img_backbone.layer3.3.conv2.conv_offset.bias:lr_mult=0.1
08/11 07:57:28 - mmengine - WARNING - img_backbone.layer3.3.bn2.weight is skipped since its requires_grad=False
08/11 07:57:28 - mmengine - WARNING - img_backbone.layer3.3.bn2.bias is skipped since its requires_grad=False
08/11 07:57:28 - mmengine - INFO - paramwise_options -- img_backbone.layer3.3.conv3.weight:lr=2e-05
08/11 07:57:28 - mmengine - INFO - paramwise_options -- img_backbone.layer3.3.conv3.weight:weight_decay=0.01
08/11 07:57:28 - mmengine - INFO - paramwise_options -- img_backbone.layer3.3.conv3.weight:lr_mult=0.1
08/11 07:57:28 - mmengine - WARNING - img_backbone.layer3.3.bn3.weight is skipped since its requires_grad=False
08/11 07:57:28 - mmengine - WARNING - img_backbone.layer3.3.bn3.bias is skipped since its requires_grad=False
08/11 07:57:28 - mmengine - INFO - paramwise_options -- img_backbone.layer3.4.conv1.weight:lr=2e-05
08/11 07:57:28 - mmengine - INFO - paramwise_options -- img_backbone.layer3.4.conv1.weight:weight_decay=0.01
08/11 07:57:28 - mmengine - INFO - paramwise_options -- img_backbone.layer3.4.conv1.weight:lr_mult=0.1
08/11 07:57:28 - mmengine - WARNING - img_backbone.layer3.4.bn1.weight is skipped since its requires_grad=False
08/11 07:57:28 - mmengine - WARNING - img_backbone.layer3.4.bn1.bias is skipped since its requires_grad=False
08/11 07:57:28 - mmengine - INFO - paramwise_options -- img_backbone.layer3.4.conv2.weight:lr=2e-05
08/11 07:57:28 - mmengine - INFO - paramwise_options -- img_backbone.layer3.4.conv2.weight:weight_decay=0.01
08/11 07:57:28 - mmengine - INFO - paramwise_options -- img_backbone.layer3.4.conv2.weight:lr_mult=0.1
08/11 07:57:28 - mmengine - INFO - paramwise_options -- img_backbone.layer3.4.conv2.conv_offset.weight:lr=2e-05
08/11 07:57:28 - mmengine - INFO - paramwise_options -- img_backbone.layer3.4.conv2.conv_offset.weight:weight_decay=0.01
08/11 07:57:28 - mmengine - INFO - paramwise_options -- img_backbone.layer3.4.conv2.conv_offset.weight:lr_mult=0.1
08/11 07:57:28 - mmengine - INFO - paramwise_options -- img_backbone.layer3.4.conv2.conv_offset.bias:lr=2e-05
08/11 07:57:28 - mmengine - INFO - paramwise_options -- img_backbone.layer3.4.conv2.conv_offset.bias:weight_decay=0.01
08/11 07:57:28 - mmengine - INFO - paramwise_options -- img_backbone.layer3.4.conv2.conv_offset.bias:lr_mult=0.1
08/11 07:57:28 - mmengine - WARNING - img_backbone.layer3.4.bn2.weight is skipped since its requires_grad=False
08/11 07:57:28 - mmengine - WARNING - img_backbone.layer3.4.bn2.bias is skipped since its requires_grad=False
08/11 07:57:28 - mmengine - INFO - paramwise_options -- img_backbone.layer3.4.conv3.weight:lr=2e-05
08/11 07:57:28 - mmengine - INFO - paramwise_options -- img_backbone.layer3.4.conv3.weight:weight_decay=0.01
08/11 07:57:28 - mmengine - INFO - paramwise_options -- img_backbone.layer3.4.conv3.weight:lr_mult=0.1
08/11 07:57:28 - mmengine - WARNING - img_backbone.layer3.4.bn3.weight is skipped since its requires_grad=False
08/11 07:57:28 - mmengine - WARNING - img_backbone.layer3.4.bn3.bias is skipped since its requires_grad=False
08/11 07:57:28 - mmengine - INFO - paramwise_options -- img_backbone.layer3.5.conv1.weight:lr=2e-05
08/11 07:57:28 - mmengine - INFO - paramwise_options -- img_backbone.layer3.5.conv1.weight:weight_decay=0.01
08/11 07:57:28 - mmengine - INFO - paramwise_options -- img_backbone.layer3.5.conv1.weight:lr_mult=0.1
08/11 07:57:28 - mmengine - WARNING - img_backbone.layer3.5.bn1.weight is skipped since its requires_grad=False
08/11 07:57:28 - mmengine - WARNING - img_backbone.layer3.5.bn1.bias is skipped since its requires_grad=False
08/11 07:57:28 - mmengine - INFO - paramwise_options -- img_backbone.layer3.5.conv2.weight:lr=2e-05
08/11 07:57:28 - mmengine - INFO - paramwise_options -- img_backbone.layer3.5.conv2.weight:weight_decay=0.01
08/11 07:57:28 - mmengine - INFO - paramwise_options -- img_backbone.layer3.5.conv2.weight:lr_mult=0.1
08/11 07:57:28 - mmengine - INFO - paramwise_options -- img_backbone.layer3.5.conv2.conv_offset.weight:lr=2e-05
08/11 07:57:28 - mmengine - INFO - paramwise_options -- img_backbone.layer3.5.conv2.conv_offset.weight:weight_decay=0.01
08/11 07:57:28 - mmengine - INFO - paramwise_options -- img_backbone.layer3.5.conv2.conv_offset.weight:lr_mult=0.1
08/11 07:57:28 - mmengine - INFO - paramwise_options -- img_backbone.layer3.5.conv2.conv_offset.bias:lr=2e-05
08/11 07:57:28 - mmengine - INFO - paramwise_options -- img_backbone.layer3.5.conv2.conv_offset.bias:weight_decay=0.01
08/11 07:57:28 - mmengine - INFO - paramwise_options -- img_backbone.layer3.5.conv2.conv_offset.bias:lr_mult=0.1
08/11 07:57:28 - mmengine - WARNING - img_backbone.layer3.5.bn2.weight is skipped since its requires_grad=False
08/11 07:57:28 - mmengine - WARNING - img_backbone.layer3.5.bn2.bias is skipped since its requires_grad=False
08/11 07:57:28 - mmengine - INFO - paramwise_options -- img_backbone.layer3.5.conv3.weight:lr=2e-05
08/11 07:57:28 - mmengine - INFO - paramwise_options -- img_backbone.layer3.5.conv3.weight:weight_decay=0.01
08/11 07:57:28 - mmengine - INFO - paramwise_options -- img_backbone.layer3.5.conv3.weight:lr_mult=0.1
08/11 07:57:28 - mmengine - WARNING - img_backbone.layer3.5.bn3.weight is skipped since its requires_grad=False
08/11 07:57:28 - mmengine - WARNING - img_backbone.layer3.5.bn3.bias is skipped since its requires_grad=False
08/11 07:57:28 - mmengine - INFO - paramwise_options -- img_backbone.layer3.6.conv1.weight:lr=2e-05
08/11 07:57:28 - mmengine - INFO - paramwise_options -- img_backbone.layer3.6.conv1.weight:weight_decay=0.01
08/11 07:57:28 - mmengine - INFO - paramwise_options -- img_backbone.layer3.6.conv1.weight:lr_mult=0.1
08/11 07:57:28 - mmengine - WARNING - img_backbone.layer3.6.bn1.weight is skipped since its requires_grad=False
08/11 07:57:28 - mmengine - WARNING - img_backbone.layer3.6.bn1.bias is skipped since its requires_grad=False
08/11 07:57:28 - mmengine - INFO - paramwise_options -- img_backbone.layer3.6.conv2.weight:lr=2e-05
08/11 07:57:28 - mmengine - INFO - paramwise_options -- img_backbone.layer3.6.conv2.weight:weight_decay=0.01
08/11 07:57:28 - mmengine - INFO - paramwise_options -- img_backbone.layer3.6.conv2.weight:lr_mult=0.1
08/11 07:57:28 - mmengine - INFO - paramwise_options -- img_backbone.layer3.6.conv2.conv_offset.weight:lr=2e-05
08/11 07:57:28 - mmengine - INFO - paramwise_options -- img_backbone.layer3.6.conv2.conv_offset.weight:weight_decay=0.01
08/11 07:57:28 - mmengine - INFO - paramwise_options -- img_backbone.layer3.6.conv2.conv_offset.weight:lr_mult=0.1
08/11 07:57:28 - mmengine - INFO - paramwise_options -- img_backbone.layer3.6.conv2.conv_offset.bias:lr=2e-05
08/11 07:57:28 - mmengine - INFO - paramwise_options -- img_backbone.layer3.6.conv2.conv_offset.bias:weight_decay=0.01
08/11 07:57:28 - mmengine - INFO - paramwise_options -- img_backbone.layer3.6.conv2.conv_offset.bias:lr_mult=0.1
08/11 07:57:28 - mmengine - WARNING - img_backbone.layer3.6.bn2.weight is skipped since its requires_grad=False
08/11 07:57:28 - mmengine - WARNING - img_backbone.layer3.6.bn2.bias is skipped since its requires_grad=False
08/11 07:57:28 - mmengine - INFO - paramwise_options -- img_backbone.layer3.6.conv3.weight:lr=2e-05
08/11 07:57:28 - mmengine - INFO - paramwise_options -- img_backbone.layer3.6.conv3.weight:weight_decay=0.01
08/11 07:57:28 - mmengine - INFO - paramwise_options -- img_backbone.layer3.6.conv3.weight:lr_mult=0.1
08/11 07:57:28 - mmengine - WARNING - img_backbone.layer3.6.bn3.weight is skipped since its requires_grad=False
08/11 07:57:28 - mmengine - WARNING - img_backbone.layer3.6.bn3.bias is skipped since its requires_grad=False
08/11 07:57:28 - mmengine - INFO - paramwise_options -- img_backbone.layer3.7.conv1.weight:lr=2e-05
08/11 07:57:28 - mmengine - INFO - paramwise_options -- img_backbone.layer3.7.conv1.weight:weight_decay=0.01
08/11 07:57:28 - mmengine - INFO - paramwise_options -- img_backbone.layer3.7.conv1.weight:lr_mult=0.1
08/11 07:57:28 - mmengine - WARNING - img_backbone.layer3.7.bn1.weight is skipped since its requires_grad=False
08/11 07:57:28 - mmengine - WARNING - img_backbone.layer3.7.bn1.bias is skipped since its requires_grad=False
08/11 07:57:28 - mmengine - INFO - paramwise_options -- img_backbone.layer3.7.conv2.weight:lr=2e-05
08/11 07:57:28 - mmengine - INFO - paramwise_options -- img_backbone.layer3.7.conv2.weight:weight_decay=0.01
08/11 07:57:28 - mmengine - INFO - paramwise_options -- img_backbone.layer3.7.conv2.weight:lr_mult=0.1
08/11 07:57:28 - mmengine - INFO - paramwise_options -- img_backbone.layer3.7.conv2.conv_offset.weight:lr=2e-05
08/11 07:57:28 - mmengine - INFO - paramwise_options -- img_backbone.layer3.7.conv2.conv_offset.weight:weight_decay=0.01
08/11 07:57:28 - mmengine - INFO - paramwise_options -- img_backbone.layer3.7.conv2.conv_offset.weight:lr_mult=0.1
08/11 07:57:28 - mmengine - INFO - paramwise_options -- img_backbone.layer3.7.conv2.conv_offset.bias:lr=2e-05
08/11 07:57:28 - mmengine - INFO - paramwise_options -- img_backbone.layer3.7.conv2.conv_offset.bias:weight_decay=0.01
08/11 07:57:28 - mmengine - INFO - paramwise_options -- img_backbone.layer3.7.conv2.conv_offset.bias:lr_mult=0.1
08/11 07:57:28 - mmengine - WARNING - img_backbone.layer3.7.bn2.weight is skipped since its requires_grad=False
08/11 07:57:28 - mmengine - WARNING - img_backbone.layer3.7.bn2.bias is skipped since its requires_grad=False
08/11 07:57:28 - mmengine - INFO - paramwise_options -- img_backbone.layer3.7.conv3.weight:lr=2e-05
08/11 07:57:28 - mmengine - INFO - paramwise_options -- img_backbone.layer3.7.conv3.weight:weight_decay=0.01
08/11 07:57:28 - mmengine - INFO - paramwise_options -- img_backbone.layer3.7.conv3.weight:lr_mult=0.1
08/11 07:57:28 - mmengine - WARNING - img_backbone.layer3.7.bn3.weight is skipped since its requires_grad=False
08/11 07:57:28 - mmengine - WARNING - img_backbone.layer3.7.bn3.bias is skipped since its requires_grad=False
08/11 07:57:28 - mmengine - INFO - paramwise_options -- img_backbone.layer3.8.conv1.weight:lr=2e-05
08/11 07:57:28 - mmengine - INFO - paramwise_options -- img_backbone.layer3.8.conv1.weight:weight_decay=0.01
08/11 07:57:28 - mmengine - INFO - paramwise_options -- img_backbone.layer3.8.conv1.weight:lr_mult=0.1
08/11 07:57:28 - mmengine - WARNING - img_backbone.layer3.8.bn1.weight is skipped since its requires_grad=False
08/11 07:57:28 - mmengine - WARNING - img_backbone.layer3.8.bn1.bias is skipped since its requires_grad=False
08/11 07:57:28 - mmengine - INFO - paramwise_options -- img_backbone.layer3.8.conv2.weight:lr=2e-05
08/11 07:57:28 - mmengine - INFO - paramwise_options -- img_backbone.layer3.8.conv2.weight:weight_decay=0.01
08/11 07:57:28 - mmengine - INFO - paramwise_options -- img_backbone.layer3.8.conv2.weight:lr_mult=0.1
08/11 07:57:28 - mmengine - INFO - paramwise_options -- img_backbone.layer3.8.conv2.conv_offset.weight:lr=2e-05
08/11 07:57:28 - mmengine - INFO - paramwise_options -- img_backbone.layer3.8.conv2.conv_offset.weight:weight_decay=0.01
08/11 07:57:28 - mmengine - INFO - paramwise_options -- img_backbone.layer3.8.conv2.conv_offset.weight:lr_mult=0.1
08/11 07:57:28 - mmengine - INFO - paramwise_options -- img_backbone.layer3.8.conv2.conv_offset.bias:lr=2e-05
08/11 07:57:28 - mmengine - INFO - paramwise_options -- img_backbone.layer3.8.conv2.conv_offset.bias:weight_decay=0.01
08/11 07:57:28 - mmengine - INFO - paramwise_options -- img_backbone.layer3.8.conv2.conv_offset.bias:lr_mult=0.1
08/11 07:57:28 - mmengine - WARNING - img_backbone.layer3.8.bn2.weight is skipped since its requires_grad=False
08/11 07:57:28 - mmengine - WARNING - img_backbone.layer3.8.bn2.bias is skipped since its requires_grad=False
08/11 07:57:28 - mmengine - INFO - paramwise_options -- img_backbone.layer3.8.conv3.weight:lr=2e-05
08/11 07:57:28 - mmengine - INFO - paramwise_options -- img_backbone.layer3.8.conv3.weight:weight_decay=0.01
08/11 07:57:28 - mmengine - INFO - paramwise_options -- img_backbone.layer3.8.conv3.weight:lr_mult=0.1
08/11 07:57:28 - mmengine - WARNING - img_backbone.layer3.8.bn3.weight is skipped since its requires_grad=False
08/11 07:57:28 - mmengine - WARNING - img_backbone.layer3.8.bn3.bias is skipped since its requires_grad=False
08/11 07:57:28 - mmengine - INFO - paramwise_options -- img_backbone.layer3.9.conv1.weight:lr=2e-05
08/11 07:57:28 - mmengine - INFO - paramwise_options -- img_backbone.layer3.9.conv1.weight:weight_decay=0.01
08/11 07:57:28 - mmengine - INFO - paramwise_options -- img_backbone.layer3.9.conv1.weight:lr_mult=0.1
08/11 07:57:28 - mmengine - WARNING - img_backbone.layer3.9.bn1.weight is skipped since its requires_grad=False
08/11 07:57:28 - mmengine - WARNING - img_backbone.layer3.9.bn1.bias is skipped since its requires_grad=False
08/11 07:57:28 - mmengine - INFO - paramwise_options -- img_backbone.layer3.9.conv2.weight:lr=2e-05
08/11 07:57:28 - mmengine - INFO - paramwise_options -- img_backbone.layer3.9.conv2.weight:weight_decay=0.01
08/11 07:57:28 - mmengine - INFO - paramwise_options -- img_backbone.layer3.9.conv2.weight:lr_mult=0.1
08/11 07:57:28 - mmengine - INFO - paramwise_options -- img_backbone.layer3.9.conv2.conv_offset.weight:lr=2e-05
08/11 07:57:28 - mmengine - INFO - paramwise_options -- img_backbone.layer3.9.conv2.conv_offset.weight:weight_decay=0.01
08/11 07:57:28 - mmengine - INFO - paramwise_options -- img_backbone.layer3.9.conv2.conv_offset.weight:lr_mult=0.1
08/11 07:57:28 - mmengine - INFO - paramwise_options -- img_backbone.layer3.9.conv2.conv_offset.bias:lr=2e-05
08/11 07:57:28 - mmengine - INFO - paramwise_options -- img_backbone.layer3.9.conv2.conv_offset.bias:weight_decay=0.01
08/11 07:57:28 - mmengine - INFO - paramwise_options -- img_backbone.layer3.9.conv2.conv_offset.bias:lr_mult=0.1
08/11 07:57:28 - mmengine - WARNING - img_backbone.layer3.9.bn2.weight is skipped since its requires_grad=False
08/11 07:57:28 - mmengine - WARNING - img_backbone.layer3.9.bn2.bias is skipped since its requires_grad=False
08/11 07:57:28 - mmengine - INFO - paramwise_options -- img_backbone.layer3.9.conv3.weight:lr=2e-05
08/11 07:57:28 - mmengine - INFO - paramwise_options -- img_backbone.layer3.9.conv3.weight:weight_decay=0.01
08/11 07:57:28 - mmengine - INFO - paramwise_options -- img_backbone.layer3.9.conv3.weight:lr_mult=0.1
08/11 07:57:28 - mmengine - WARNING - img_backbone.layer3.9.bn3.weight is skipped since its requires_grad=False
08/11 07:57:28 - mmengine - WARNING - img_backbone.layer3.9.bn3.bias is skipped since its requires_grad=False
08/11 07:57:28 - mmengine - INFO - paramwise_options -- img_backbone.layer3.10.conv1.weight:lr=2e-05
08/11 07:57:28 - mmengine - INFO - paramwise_options -- img_backbone.layer3.10.conv1.weight:weight_decay=0.01
08/11 07:57:28 - mmengine - INFO - paramwise_options -- img_backbone.layer3.10.conv1.weight:lr_mult=0.1
08/11 07:57:28 - mmengine - WARNING - img_backbone.layer3.10.bn1.weight is skipped since its requires_grad=False
08/11 07:57:28 - mmengine - WARNING - img_backbone.layer3.10.bn1.bias is skipped since its requires_grad=False
08/11 07:57:28 - mmengine - INFO - paramwise_options -- img_backbone.layer3.10.conv2.weight:lr=2e-05
08/11 07:57:28 - mmengine - INFO - paramwise_options -- img_backbone.layer3.10.conv2.weight:weight_decay=0.01
08/11 07:57:28 - mmengine - INFO - paramwise_options -- img_backbone.layer3.10.conv2.weight:lr_mult=0.1
08/11 07:57:28 - mmengine - INFO - paramwise_options -- img_backbone.layer3.10.conv2.conv_offset.weight:lr=2e-05
08/11 07:57:28 - mmengine - INFO - paramwise_options -- img_backbone.layer3.10.conv2.conv_offset.weight:weight_decay=0.01
08/11 07:57:28 - mmengine - INFO - paramwise_options -- img_backbone.layer3.10.conv2.conv_offset.weight:lr_mult=0.1
08/11 07:57:28 - mmengine - INFO - paramwise_options -- img_backbone.layer3.10.conv2.conv_offset.bias:lr=2e-05
08/11 07:57:28 - mmengine - INFO - paramwise_options -- img_backbone.layer3.10.conv2.conv_offset.bias:weight_decay=0.01
08/11 07:57:28 - mmengine - INFO - paramwise_options -- img_backbone.layer3.10.conv2.conv_offset.bias:lr_mult=0.1
08/11 07:57:28 - mmengine - WARNING - img_backbone.layer3.10.bn2.weight is skipped since its requires_grad=False
08/11 07:57:28 - mmengine - WARNING - img_backbone.layer3.10.bn2.bias is skipped since its requires_grad=False
08/11 07:57:28 - mmengine - INFO - paramwise_options -- img_backbone.layer3.10.conv3.weight:lr=2e-05
08/11 07:57:28 - mmengine - INFO - paramwise_options -- img_backbone.layer3.10.conv3.weight:weight_decay=0.01
08/11 07:57:28 - mmengine - INFO - paramwise_options -- img_backbone.layer3.10.conv3.weight:lr_mult=0.1
08/11 07:57:28 - mmengine - WARNING - img_backbone.layer3.10.bn3.weight is skipped since its requires_grad=False
08/11 07:57:28 - mmengine - WARNING - img_backbone.layer3.10.bn3.bias is skipped since its requires_grad=False
08/11 07:57:28 - mmengine - INFO - paramwise_options -- img_backbone.layer3.11.conv1.weight:lr=2e-05
08/11 07:57:28 - mmengine - INFO - paramwise_options -- img_backbone.layer3.11.conv1.weight:weight_decay=0.01
08/11 07:57:28 - mmengine - INFO - paramwise_options -- img_backbone.layer3.11.conv1.weight:lr_mult=0.1
08/11 07:57:28 - mmengine - WARNING - img_backbone.layer3.11.bn1.weight is skipped since its requires_grad=False
08/11 07:57:28 - mmengine - WARNING - img_backbone.layer3.11.bn1.bias is skipped since its requires_grad=False
08/11 07:57:28 - mmengine - INFO - paramwise_options -- img_backbone.layer3.11.conv2.weight:lr=2e-05
08/11 07:57:28 - mmengine - INFO - paramwise_options -- img_backbone.layer3.11.conv2.weight:weight_decay=0.01
08/11 07:57:28 - mmengine - INFO - paramwise_options -- img_backbone.layer3.11.conv2.weight:lr_mult=0.1
08/11 07:57:28 - mmengine - INFO - paramwise_options -- img_backbone.layer3.11.conv2.conv_offset.weight:lr=2e-05
08/11 07:57:28 - mmengine - INFO - paramwise_options -- img_backbone.layer3.11.conv2.conv_offset.weight:weight_decay=0.01
08/11 07:57:28 - mmengine - INFO - paramwise_options -- img_backbone.layer3.11.conv2.conv_offset.weight:lr_mult=0.1
08/11 07:57:28 - mmengine - INFO - paramwise_options -- img_backbone.layer3.11.conv2.conv_offset.bias:lr=2e-05
08/11 07:57:28 - mmengine - INFO - paramwise_options -- img_backbone.layer3.11.conv2.conv_offset.bias:weight_decay=0.01
08/11 07:57:28 - mmengine - INFO - paramwise_options -- img_backbone.layer3.11.conv2.conv_offset.bias:lr_mult=0.1
08/11 07:57:28 - mmengine - WARNING - img_backbone.layer3.11.bn2.weight is skipped since its requires_grad=False
08/11 07:57:28 - mmengine - WARNING - img_backbone.layer3.11.bn2.bias is skipped since its requires_grad=False
08/11 07:57:28 - mmengine - INFO - paramwise_options -- img_backbone.layer3.11.conv3.weight:lr=2e-05
08/11 07:57:28 - mmengine - INFO - paramwise_options -- img_backbone.layer3.11.conv3.weight:weight_decay=0.01
08/11 07:57:28 - mmengine - INFO - paramwise_options -- img_backbone.layer3.11.conv3.weight:lr_mult=0.1
08/11 07:57:28 - mmengine - WARNING - img_backbone.layer3.11.bn3.weight is skipped since its requires_grad=False
08/11 07:57:28 - mmengine - WARNING - img_backbone.layer3.11.bn3.bias is skipped since its requires_grad=False
08/11 07:57:28 - mmengine - INFO - paramwise_options -- img_backbone.layer3.12.conv1.weight:lr=2e-05
08/11 07:57:28 - mmengine - INFO - paramwise_options -- img_backbone.layer3.12.conv1.weight:weight_decay=0.01
08/11 07:57:28 - mmengine - INFO - paramwise_options -- img_backbone.layer3.12.conv1.weight:lr_mult=0.1
08/11 07:57:28 - mmengine - WARNING - img_backbone.layer3.12.bn1.weight is skipped since its requires_grad=False
08/11 07:57:28 - mmengine - WARNING - img_backbone.layer3.12.bn1.bias is skipped since its requires_grad=False
08/11 07:57:28 - mmengine - INFO - paramwise_options -- img_backbone.layer3.12.conv2.weight:lr=2e-05
08/11 07:57:28 - mmengine - INFO - paramwise_options -- img_backbone.layer3.12.conv2.weight:weight_decay=0.01
08/11 07:57:28 - mmengine - INFO - paramwise_options -- img_backbone.layer3.12.conv2.weight:lr_mult=0.1
08/11 07:57:28 - mmengine - INFO - paramwise_options -- img_backbone.layer3.12.conv2.conv_offset.weight:lr=2e-05
08/11 07:57:28 - mmengine - INFO - paramwise_options -- img_backbone.layer3.12.conv2.conv_offset.weight:weight_decay=0.01
08/11 07:57:28 - mmengine - INFO - paramwise_options -- img_backbone.layer3.12.conv2.conv_offset.weight:lr_mult=0.1
08/11 07:57:28 - mmengine - INFO - paramwise_options -- img_backbone.layer3.12.conv2.conv_offset.bias:lr=2e-05
08/11 07:57:28 - mmengine - INFO - paramwise_options -- img_backbone.layer3.12.conv2.conv_offset.bias:weight_decay=0.01
08/11 07:57:28 - mmengine - INFO - paramwise_options -- img_backbone.layer3.12.conv2.conv_offset.bias:lr_mult=0.1
08/11 07:57:28 - mmengine - WARNING - img_backbone.layer3.12.bn2.weight is skipped since its requires_grad=False
08/11 07:57:28 - mmengine - WARNING - img_backbone.layer3.12.bn2.bias is skipped since its requires_grad=False
08/11 07:57:28 - mmengine - INFO - paramwise_options -- img_backbone.layer3.12.conv3.weight:lr=2e-05
08/11 07:57:28 - mmengine - INFO - paramwise_options -- img_backbone.layer3.12.conv3.weight:weight_decay=0.01
08/11 07:57:28 - mmengine - INFO - paramwise_options -- img_backbone.layer3.12.conv3.weight:lr_mult=0.1
08/11 07:57:28 - mmengine - WARNING - img_backbone.layer3.12.bn3.weight is skipped since its requires_grad=False
08/11 07:57:28 - mmengine - WARNING - img_backbone.layer3.12.bn3.bias is skipped since its requires_grad=False
08/11 07:57:28 - mmengine - INFO - paramwise_options -- img_backbone.layer3.13.conv1.weight:lr=2e-05
08/11 07:57:28 - mmengine - INFO - paramwise_options -- img_backbone.layer3.13.conv1.weight:weight_decay=0.01
08/11 07:57:28 - mmengine - INFO - paramwise_options -- img_backbone.layer3.13.conv1.weight:lr_mult=0.1
08/11 07:57:28 - mmengine - WARNING - img_backbone.layer3.13.bn1.weight is skipped since its requires_grad=False
08/11 07:57:28 - mmengine - WARNING - img_backbone.layer3.13.bn1.bias is skipped since its requires_grad=False
08/11 07:57:28 - mmengine - INFO - paramwise_options -- img_backbone.layer3.13.conv2.weight:lr=2e-05
08/11 07:57:28 - mmengine - INFO - paramwise_options -- img_backbone.layer3.13.conv2.weight:weight_decay=0.01
08/11 07:57:28 - mmengine - INFO - paramwise_options -- img_backbone.layer3.13.conv2.weight:lr_mult=0.1
08/11 07:57:28 - mmengine - INFO - paramwise_options -- img_backbone.layer3.13.conv2.conv_offset.weight:lr=2e-05
08/11 07:57:28 - mmengine - INFO - paramwise_options -- img_backbone.layer3.13.conv2.conv_offset.weight:weight_decay=0.01
08/11 07:57:28 - mmengine - INFO - paramwise_options -- img_backbone.layer3.13.conv2.conv_offset.weight:lr_mult=0.1
08/11 07:57:28 - mmengine - INFO - paramwise_options -- img_backbone.layer3.13.conv2.conv_offset.bias:lr=2e-05
08/11 07:57:28 - mmengine - INFO - paramwise_options -- img_backbone.layer3.13.conv2.conv_offset.bias:weight_decay=0.01
08/11 07:57:28 - mmengine - INFO - paramwise_options -- img_backbone.layer3.13.conv2.conv_offset.bias:lr_mult=0.1
08/11 07:57:28 - mmengine - WARNING - img_backbone.layer3.13.bn2.weight is skipped since its requires_grad=False
08/11 07:57:28 - mmengine - WARNING - img_backbone.layer3.13.bn2.bias is skipped since its requires_grad=False
08/11 07:57:28 - mmengine - INFO - paramwise_options -- img_backbone.layer3.13.conv3.weight:lr=2e-05
08/11 07:57:28 - mmengine - INFO - paramwise_options -- img_backbone.layer3.13.conv3.weight:weight_decay=0.01
08/11 07:57:28 - mmengine - INFO - paramwise_options -- img_backbone.layer3.13.conv3.weight:lr_mult=0.1
08/11 07:57:28 - mmengine - WARNING - img_backbone.layer3.13.bn3.weight is skipped since its requires_grad=False
08/11 07:57:28 - mmengine - WARNING - img_backbone.layer3.13.bn3.bias is skipped since its requires_grad=False
08/11 07:57:28 - mmengine - INFO - paramwise_options -- img_backbone.layer3.14.conv1.weight:lr=2e-05
08/11 07:57:28 - mmengine - INFO - paramwise_options -- img_backbone.layer3.14.conv1.weight:weight_decay=0.01
08/11 07:57:28 - mmengine - INFO - paramwise_options -- img_backbone.layer3.14.conv1.weight:lr_mult=0.1
08/11 07:57:28 - mmengine - WARNING - img_backbone.layer3.14.bn1.weight is skipped since its requires_grad=False
08/11 07:57:28 - mmengine - WARNING - img_backbone.layer3.14.bn1.bias is skipped since its requires_grad=False
08/11 07:57:28 - mmengine - INFO - paramwise_options -- img_backbone.layer3.14.conv2.weight:lr=2e-05
08/11 07:57:28 - mmengine - INFO - paramwise_options -- img_backbone.layer3.14.conv2.weight:weight_decay=0.01
08/11 07:57:28 - mmengine - INFO - paramwise_options -- img_backbone.layer3.14.conv2.weight:lr_mult=0.1
08/11 07:57:28 - mmengine - INFO - paramwise_options -- img_backbone.layer3.14.conv2.conv_offset.weight:lr=2e-05
08/11 07:57:28 - mmengine - INFO - paramwise_options -- img_backbone.layer3.14.conv2.conv_offset.weight:weight_decay=0.01
08/11 07:57:28 - mmengine - INFO - paramwise_options -- img_backbone.layer3.14.conv2.conv_offset.weight:lr_mult=0.1
08/11 07:57:28 - mmengine - INFO - paramwise_options -- img_backbone.layer3.14.conv2.conv_offset.bias:lr=2e-05
08/11 07:57:28 - mmengine - INFO - paramwise_options -- img_backbone.layer3.14.conv2.conv_offset.bias:weight_decay=0.01
08/11 07:57:28 - mmengine - INFO - paramwise_options -- img_backbone.layer3.14.conv2.conv_offset.bias:lr_mult=0.1
08/11 07:57:28 - mmengine - WARNING - img_backbone.layer3.14.bn2.weight is skipped since its requires_grad=False
08/11 07:57:28 - mmengine - WARNING - img_backbone.layer3.14.bn2.bias is skipped since its requires_grad=False
08/11 07:57:28 - mmengine - INFO - paramwise_options -- img_backbone.layer3.14.conv3.weight:lr=2e-05
08/11 07:57:28 - mmengine - INFO - paramwise_options -- img_backbone.layer3.14.conv3.weight:weight_decay=0.01
08/11 07:57:28 - mmengine - INFO - paramwise_options -- img_backbone.layer3.14.conv3.weight:lr_mult=0.1
08/11 07:57:28 - mmengine - WARNING - img_backbone.layer3.14.bn3.weight is skipped since its requires_grad=False
08/11 07:57:28 - mmengine - WARNING - img_backbone.layer3.14.bn3.bias is skipped since its requires_grad=False
08/11 07:57:28 - mmengine - INFO - paramwise_options -- img_backbone.layer3.15.conv1.weight:lr=2e-05
08/11 07:57:28 - mmengine - INFO - paramwise_options -- img_backbone.layer3.15.conv1.weight:weight_decay=0.01
08/11 07:57:28 - mmengine - INFO - paramwise_options -- img_backbone.layer3.15.conv1.weight:lr_mult=0.1
08/11 07:57:28 - mmengine - WARNING - img_backbone.layer3.15.bn1.weight is skipped since its requires_grad=False
08/11 07:57:28 - mmengine - WARNING - img_backbone.layer3.15.bn1.bias is skipped since its requires_grad=False
08/11 07:57:28 - mmengine - INFO - paramwise_options -- img_backbone.layer3.15.conv2.weight:lr=2e-05
08/11 07:57:28 - mmengine - INFO - paramwise_options -- img_backbone.layer3.15.conv2.weight:weight_decay=0.01
08/11 07:57:28 - mmengine - INFO - paramwise_options -- img_backbone.layer3.15.conv2.weight:lr_mult=0.1
08/11 07:57:28 - mmengine - INFO - paramwise_options -- img_backbone.layer3.15.conv2.conv_offset.weight:lr=2e-05
08/11 07:57:28 - mmengine - INFO - paramwise_options -- img_backbone.layer3.15.conv2.conv_offset.weight:weight_decay=0.01
08/11 07:57:28 - mmengine - INFO - paramwise_options -- img_backbone.layer3.15.conv2.conv_offset.weight:lr_mult=0.1
08/11 07:57:28 - mmengine - INFO - paramwise_options -- img_backbone.layer3.15.conv2.conv_offset.bias:lr=2e-05
08/11 07:57:28 - mmengine - INFO - paramwise_options -- img_backbone.layer3.15.conv2.conv_offset.bias:weight_decay=0.01
08/11 07:57:28 - mmengine - INFO - paramwise_options -- img_backbone.layer3.15.conv2.conv_offset.bias:lr_mult=0.1
08/11 07:57:28 - mmengine - WARNING - img_backbone.layer3.15.bn2.weight is skipped since its requires_grad=False
08/11 07:57:28 - mmengine - WARNING - img_backbone.layer3.15.bn2.bias is skipped since its requires_grad=False
08/11 07:57:28 - mmengine - INFO - paramwise_options -- img_backbone.layer3.15.conv3.weight:lr=2e-05
08/11 07:57:28 - mmengine - INFO - paramwise_options -- img_backbone.layer3.15.conv3.weight:weight_decay=0.01
08/11 07:57:28 - mmengine - INFO - paramwise_options -- img_backbone.layer3.15.conv3.weight:lr_mult=0.1
08/11 07:57:28 - mmengine - WARNING - img_backbone.layer3.15.bn3.weight is skipped since its requires_grad=False
08/11 07:57:28 - mmengine - WARNING - img_backbone.layer3.15.bn3.bias is skipped since its requires_grad=False
08/11 07:57:28 - mmengine - INFO - paramwise_options -- img_backbone.layer3.16.conv1.weight:lr=2e-05
08/11 07:57:28 - mmengine - INFO - paramwise_options -- img_backbone.layer3.16.conv1.weight:weight_decay=0.01
08/11 07:57:28 - mmengine - INFO - paramwise_options -- img_backbone.layer3.16.conv1.weight:lr_mult=0.1
08/11 07:57:28 - mmengine - WARNING - img_backbone.layer3.16.bn1.weight is skipped since its requires_grad=False
08/11 07:57:28 - mmengine - WARNING - img_backbone.layer3.16.bn1.bias is skipped since its requires_grad=False
08/11 07:57:28 - mmengine - INFO - paramwise_options -- img_backbone.layer3.16.conv2.weight:lr=2e-05
08/11 07:57:28 - mmengine - INFO - paramwise_options -- img_backbone.layer3.16.conv2.weight:weight_decay=0.01
08/11 07:57:28 - mmengine - INFO - paramwise_options -- img_backbone.layer3.16.conv2.weight:lr_mult=0.1
08/11 07:57:28 - mmengine - INFO - paramwise_options -- img_backbone.layer3.16.conv2.conv_offset.weight:lr=2e-05
08/11 07:57:28 - mmengine - INFO - paramwise_options -- img_backbone.layer3.16.conv2.conv_offset.weight:weight_decay=0.01
08/11 07:57:28 - mmengine - INFO - paramwise_options -- img_backbone.layer3.16.conv2.conv_offset.weight:lr_mult=0.1
08/11 07:57:28 - mmengine - INFO - paramwise_options -- img_backbone.layer3.16.conv2.conv_offset.bias:lr=2e-05
08/11 07:57:28 - mmengine - INFO - paramwise_options -- img_backbone.layer3.16.conv2.conv_offset.bias:weight_decay=0.01
08/11 07:57:28 - mmengine - INFO - paramwise_options -- img_backbone.layer3.16.conv2.conv_offset.bias:lr_mult=0.1
08/11 07:57:28 - mmengine - WARNING - img_backbone.layer3.16.bn2.weight is skipped since its requires_grad=False
08/11 07:57:28 - mmengine - WARNING - img_backbone.layer3.16.bn2.bias is skipped since its requires_grad=False
08/11 07:57:28 - mmengine - INFO - paramwise_options -- img_backbone.layer3.16.conv3.weight:lr=2e-05
08/11 07:57:28 - mmengine - INFO - paramwise_options -- img_backbone.layer3.16.conv3.weight:weight_decay=0.01
08/11 07:57:28 - mmengine - INFO - paramwise_options -- img_backbone.layer3.16.conv3.weight:lr_mult=0.1
08/11 07:57:28 - mmengine - WARNING - img_backbone.layer3.16.bn3.weight is skipped since its requires_grad=False
08/11 07:57:28 - mmengine - WARNING - img_backbone.layer3.16.bn3.bias is skipped since its requires_grad=False
08/11 07:57:28 - mmengine - INFO - paramwise_options -- img_backbone.layer3.17.conv1.weight:lr=2e-05
08/11 07:57:28 - mmengine - INFO - paramwise_options -- img_backbone.layer3.17.conv1.weight:weight_decay=0.01
08/11 07:57:28 - mmengine - INFO - paramwise_options -- img_backbone.layer3.17.conv1.weight:lr_mult=0.1
08/11 07:57:28 - mmengine - WARNING - img_backbone.layer3.17.bn1.weight is skipped since its requires_grad=False
08/11 07:57:28 - mmengine - WARNING - img_backbone.layer3.17.bn1.bias is skipped since its requires_grad=False
08/11 07:57:28 - mmengine - INFO - paramwise_options -- img_backbone.layer3.17.conv2.weight:lr=2e-05
08/11 07:57:28 - mmengine - INFO - paramwise_options -- img_backbone.layer3.17.conv2.weight:weight_decay=0.01
08/11 07:57:28 - mmengine - INFO - paramwise_options -- img_backbone.layer3.17.conv2.weight:lr_mult=0.1
08/11 07:57:28 - mmengine - INFO - paramwise_options -- img_backbone.layer3.17.conv2.conv_offset.weight:lr=2e-05
08/11 07:57:28 - mmengine - INFO - paramwise_options -- img_backbone.layer3.17.conv2.conv_offset.weight:weight_decay=0.01
08/11 07:57:28 - mmengine - INFO - paramwise_options -- img_backbone.layer3.17.conv2.conv_offset.weight:lr_mult=0.1
08/11 07:57:28 - mmengine - INFO - paramwise_options -- img_backbone.layer3.17.conv2.conv_offset.bias:lr=2e-05
08/11 07:57:28 - mmengine - INFO - paramwise_options -- img_backbone.layer3.17.conv2.conv_offset.bias:weight_decay=0.01
08/11 07:57:28 - mmengine - INFO - paramwise_options -- img_backbone.layer3.17.conv2.conv_offset.bias:lr_mult=0.1
08/11 07:57:28 - mmengine - WARNING - img_backbone.layer3.17.bn2.weight is skipped since its requires_grad=False
08/11 07:57:28 - mmengine - WARNING - img_backbone.layer3.17.bn2.bias is skipped since its requires_grad=False
08/11 07:57:28 - mmengine - INFO - paramwise_options -- img_backbone.layer3.17.conv3.weight:lr=2e-05
08/11 07:57:28 - mmengine - INFO - paramwise_options -- img_backbone.layer3.17.conv3.weight:weight_decay=0.01
08/11 07:57:28 - mmengine - INFO - paramwise_options -- img_backbone.layer3.17.conv3.weight:lr_mult=0.1
08/11 07:57:28 - mmengine - WARNING - img_backbone.layer3.17.bn3.weight is skipped since its requires_grad=False
08/11 07:57:28 - mmengine - WARNING - img_backbone.layer3.17.bn3.bias is skipped since its requires_grad=False
08/11 07:57:28 - mmengine - INFO - paramwise_options -- img_backbone.layer3.18.conv1.weight:lr=2e-05
08/11 07:57:28 - mmengine - INFO - paramwise_options -- img_backbone.layer3.18.conv1.weight:weight_decay=0.01
08/11 07:57:28 - mmengine - INFO - paramwise_options -- img_backbone.layer3.18.conv1.weight:lr_mult=0.1
08/11 07:57:28 - mmengine - WARNING - img_backbone.layer3.18.bn1.weight is skipped since its requires_grad=False
08/11 07:57:28 - mmengine - WARNING - img_backbone.layer3.18.bn1.bias is skipped since its requires_grad=False
08/11 07:57:28 - mmengine - INFO - paramwise_options -- img_backbone.layer3.18.conv2.weight:lr=2e-05
08/11 07:57:28 - mmengine - INFO - paramwise_options -- img_backbone.layer3.18.conv2.weight:weight_decay=0.01
08/11 07:57:28 - mmengine - INFO - paramwise_options -- img_backbone.layer3.18.conv2.weight:lr_mult=0.1
08/11 07:57:28 - mmengine - INFO - paramwise_options -- img_backbone.layer3.18.conv2.conv_offset.weight:lr=2e-05
08/11 07:57:28 - mmengine - INFO - paramwise_options -- img_backbone.layer3.18.conv2.conv_offset.weight:weight_decay=0.01
08/11 07:57:28 - mmengine - INFO - paramwise_options -- img_backbone.layer3.18.conv2.conv_offset.weight:lr_mult=0.1
08/11 07:57:28 - mmengine - INFO - paramwise_options -- img_backbone.layer3.18.conv2.conv_offset.bias:lr=2e-05
08/11 07:57:28 - mmengine - INFO - paramwise_options -- img_backbone.layer3.18.conv2.conv_offset.bias:weight_decay=0.01
08/11 07:57:28 - mmengine - INFO - paramwise_options -- img_backbone.layer3.18.conv2.conv_offset.bias:lr_mult=0.1
08/11 07:57:28 - mmengine - WARNING - img_backbone.layer3.18.bn2.weight is skipped since its requires_grad=False
08/11 07:57:28 - mmengine - WARNING - img_backbone.layer3.18.bn2.bias is skipped since its requires_grad=False
08/11 07:57:28 - mmengine - INFO - paramwise_options -- img_backbone.layer3.18.conv3.weight:lr=2e-05
08/11 07:57:28 - mmengine - INFO - paramwise_options -- img_backbone.layer3.18.conv3.weight:weight_decay=0.01
08/11 07:57:28 - mmengine - INFO - paramwise_options -- img_backbone.layer3.18.conv3.weight:lr_mult=0.1
08/11 07:57:28 - mmengine - WARNING - img_backbone.layer3.18.bn3.weight is skipped since its requires_grad=False
08/11 07:57:28 - mmengine - WARNING - img_backbone.layer3.18.bn3.bias is skipped since its requires_grad=False
08/11 07:57:28 - mmengine - INFO - paramwise_options -- img_backbone.layer3.19.conv1.weight:lr=2e-05
08/11 07:57:28 - mmengine - INFO - paramwise_options -- img_backbone.layer3.19.conv1.weight:weight_decay=0.01
08/11 07:57:28 - mmengine - INFO - paramwise_options -- img_backbone.layer3.19.conv1.weight:lr_mult=0.1
08/11 07:57:28 - mmengine - WARNING - img_backbone.layer3.19.bn1.weight is skipped since its requires_grad=False
08/11 07:57:28 - mmengine - WARNING - img_backbone.layer3.19.bn1.bias is skipped since its requires_grad=False
08/11 07:57:28 - mmengine - INFO - paramwise_options -- img_backbone.layer3.19.conv2.weight:lr=2e-05
08/11 07:57:28 - mmengine - INFO - paramwise_options -- img_backbone.layer3.19.conv2.weight:weight_decay=0.01
08/11 07:57:28 - mmengine - INFO - paramwise_options -- img_backbone.layer3.19.conv2.weight:lr_mult=0.1
08/11 07:57:28 - mmengine - INFO - paramwise_options -- img_backbone.layer3.19.conv2.conv_offset.weight:lr=2e-05
08/11 07:57:28 - mmengine - INFO - paramwise_options -- img_backbone.layer3.19.conv2.conv_offset.weight:weight_decay=0.01
08/11 07:57:28 - mmengine - INFO - paramwise_options -- img_backbone.layer3.19.conv2.conv_offset.weight:lr_mult=0.1
08/11 07:57:28 - mmengine - INFO - paramwise_options -- img_backbone.layer3.19.conv2.conv_offset.bias:lr=2e-05
08/11 07:57:28 - mmengine - INFO - paramwise_options -- img_backbone.layer3.19.conv2.conv_offset.bias:weight_decay=0.01
08/11 07:57:28 - mmengine - INFO - paramwise_options -- img_backbone.layer3.19.conv2.conv_offset.bias:lr_mult=0.1
08/11 07:57:28 - mmengine - WARNING - img_backbone.layer3.19.bn2.weight is skipped since its requires_grad=False
08/11 07:57:28 - mmengine - WARNING - img_backbone.layer3.19.bn2.bias is skipped since its requires_grad=False
08/11 07:57:28 - mmengine - INFO - paramwise_options -- img_backbone.layer3.19.conv3.weight:lr=2e-05
08/11 07:57:28 - mmengine - INFO - paramwise_options -- img_backbone.layer3.19.conv3.weight:weight_decay=0.01
08/11 07:57:28 - mmengine - INFO - paramwise_options -- img_backbone.layer3.19.conv3.weight:lr_mult=0.1
08/11 07:57:28 - mmengine - WARNING - img_backbone.layer3.19.bn3.weight is skipped since its requires_grad=False
08/11 07:57:28 - mmengine - WARNING - img_backbone.layer3.19.bn3.bias is skipped since its requires_grad=False
08/11 07:57:28 - mmengine - INFO - paramwise_options -- img_backbone.layer3.20.conv1.weight:lr=2e-05
08/11 07:57:28 - mmengine - INFO - paramwise_options -- img_backbone.layer3.20.conv1.weight:weight_decay=0.01
08/11 07:57:28 - mmengine - INFO - paramwise_options -- img_backbone.layer3.20.conv1.weight:lr_mult=0.1
08/11 07:57:28 - mmengine - WARNING - img_backbone.layer3.20.bn1.weight is skipped since its requires_grad=False
08/11 07:57:28 - mmengine - WARNING - img_backbone.layer3.20.bn1.bias is skipped since its requires_grad=False
08/11 07:57:28 - mmengine - INFO - paramwise_options -- img_backbone.layer3.20.conv2.weight:lr=2e-05
08/11 07:57:28 - mmengine - INFO - paramwise_options -- img_backbone.layer3.20.conv2.weight:weight_decay=0.01
08/11 07:57:28 - mmengine - INFO - paramwise_options -- img_backbone.layer3.20.conv2.weight:lr_mult=0.1
08/11 07:57:28 - mmengine - INFO - paramwise_options -- img_backbone.layer3.20.conv2.conv_offset.weight:lr=2e-05
08/11 07:57:28 - mmengine - INFO - paramwise_options -- img_backbone.layer3.20.conv2.conv_offset.weight:weight_decay=0.01
08/11 07:57:28 - mmengine - INFO - paramwise_options -- img_backbone.layer3.20.conv2.conv_offset.weight:lr_mult=0.1
08/11 07:57:28 - mmengine - INFO - paramwise_options -- img_backbone.layer3.20.conv2.conv_offset.bias:lr=2e-05
08/11 07:57:28 - mmengine - INFO - paramwise_options -- img_backbone.layer3.20.conv2.conv_offset.bias:weight_decay=0.01
08/11 07:57:28 - mmengine - INFO - paramwise_options -- img_backbone.layer3.20.conv2.conv_offset.bias:lr_mult=0.1
08/11 07:57:28 - mmengine - WARNING - img_backbone.layer3.20.bn2.weight is skipped since its requires_grad=False
08/11 07:57:28 - mmengine - WARNING - img_backbone.layer3.20.bn2.bias is skipped since its requires_grad=False
08/11 07:57:28 - mmengine - INFO - paramwise_options -- img_backbone.layer3.20.conv3.weight:lr=2e-05
08/11 07:57:28 - mmengine - INFO - paramwise_options -- img_backbone.layer3.20.conv3.weight:weight_decay=0.01
08/11 07:57:28 - mmengine - INFO - paramwise_options -- img_backbone.layer3.20.conv3.weight:lr_mult=0.1
08/11 07:57:28 - mmengine - WARNING - img_backbone.layer3.20.bn3.weight is skipped since its requires_grad=False
08/11 07:57:28 - mmengine - WARNING - img_backbone.layer3.20.bn3.bias is skipped since its requires_grad=False
08/11 07:57:28 - mmengine - INFO - paramwise_options -- img_backbone.layer3.21.conv1.weight:lr=2e-05
08/11 07:57:28 - mmengine - INFO - paramwise_options -- img_backbone.layer3.21.conv1.weight:weight_decay=0.01
08/11 07:57:28 - mmengine - INFO - paramwise_options -- img_backbone.layer3.21.conv1.weight:lr_mult=0.1
08/11 07:57:28 - mmengine - WARNING - img_backbone.layer3.21.bn1.weight is skipped since its requires_grad=False
08/11 07:57:28 - mmengine - WARNING - img_backbone.layer3.21.bn1.bias is skipped since its requires_grad=False
08/11 07:57:28 - mmengine - INFO - paramwise_options -- img_backbone.layer3.21.conv2.weight:lr=2e-05
08/11 07:57:28 - mmengine - INFO - paramwise_options -- img_backbone.layer3.21.conv2.weight:weight_decay=0.01
08/11 07:57:28 - mmengine - INFO - paramwise_options -- img_backbone.layer3.21.conv2.weight:lr_mult=0.1
08/11 07:57:28 - mmengine - INFO - paramwise_options -- img_backbone.layer3.21.conv2.conv_offset.weight:lr=2e-05
08/11 07:57:28 - mmengine - INFO - paramwise_options -- img_backbone.layer3.21.conv2.conv_offset.weight:weight_decay=0.01
08/11 07:57:28 - mmengine - INFO - paramwise_options -- img_backbone.layer3.21.conv2.conv_offset.weight:lr_mult=0.1
08/11 07:57:28 - mmengine - INFO - paramwise_options -- img_backbone.layer3.21.conv2.conv_offset.bias:lr=2e-05
08/11 07:57:28 - mmengine - INFO - paramwise_options -- img_backbone.layer3.21.conv2.conv_offset.bias:weight_decay=0.01
08/11 07:57:28 - mmengine - INFO - paramwise_options -- img_backbone.layer3.21.conv2.conv_offset.bias:lr_mult=0.1
08/11 07:57:28 - mmengine - WARNING - img_backbone.layer3.21.bn2.weight is skipped since its requires_grad=False
08/11 07:57:28 - mmengine - WARNING - img_backbone.layer3.21.bn2.bias is skipped since its requires_grad=False
08/11 07:57:28 - mmengine - INFO - paramwise_options -- img_backbone.layer3.21.conv3.weight:lr=2e-05
08/11 07:57:28 - mmengine - INFO - paramwise_options -- img_backbone.layer3.21.conv3.weight:weight_decay=0.01
08/11 07:57:28 - mmengine - INFO - paramwise_options -- img_backbone.layer3.21.conv3.weight:lr_mult=0.1
08/11 07:57:28 - mmengine - WARNING - img_backbone.layer3.21.bn3.weight is skipped since its requires_grad=False
08/11 07:57:28 - mmengine - WARNING - img_backbone.layer3.21.bn3.bias is skipped since its requires_grad=False
08/11 07:57:28 - mmengine - INFO - paramwise_options -- img_backbone.layer3.22.conv1.weight:lr=2e-05
08/11 07:57:28 - mmengine - INFO - paramwise_options -- img_backbone.layer3.22.conv1.weight:weight_decay=0.01
08/11 07:57:28 - mmengine - INFO - paramwise_options -- img_backbone.layer3.22.conv1.weight:lr_mult=0.1
08/11 07:57:28 - mmengine - WARNING - img_backbone.layer3.22.bn1.weight is skipped since its requires_grad=False
08/11 07:57:28 - mmengine - WARNING - img_backbone.layer3.22.bn1.bias is skipped since its requires_grad=False
08/11 07:57:28 - mmengine - INFO - paramwise_options -- img_backbone.layer3.22.conv2.weight:lr=2e-05
08/11 07:57:28 - mmengine - INFO - paramwise_options -- img_backbone.layer3.22.conv2.weight:weight_decay=0.01
08/11 07:57:28 - mmengine - INFO - paramwise_options -- img_backbone.layer3.22.conv2.weight:lr_mult=0.1
08/11 07:57:28 - mmengine - INFO - paramwise_options -- img_backbone.layer3.22.conv2.conv_offset.weight:lr=2e-05
08/11 07:57:28 - mmengine - INFO - paramwise_options -- img_backbone.layer3.22.conv2.conv_offset.weight:weight_decay=0.01
08/11 07:57:28 - mmengine - INFO - paramwise_options -- img_backbone.layer3.22.conv2.conv_offset.weight:lr_mult=0.1
08/11 07:57:28 - mmengine - INFO - paramwise_options -- img_backbone.layer3.22.conv2.conv_offset.bias:lr=2e-05
08/11 07:57:28 - mmengine - INFO - paramwise_options -- img_backbone.layer3.22.conv2.conv_offset.bias:weight_decay=0.01
08/11 07:57:28 - mmengine - INFO - paramwise_options -- img_backbone.layer3.22.conv2.conv_offset.bias:lr_mult=0.1
08/11 07:57:28 - mmengine - WARNING - img_backbone.layer3.22.bn2.weight is skipped since its requires_grad=False
08/11 07:57:28 - mmengine - WARNING - img_backbone.layer3.22.bn2.bias is skipped since its requires_grad=False
08/11 07:57:28 - mmengine - INFO - paramwise_options -- img_backbone.layer3.22.conv3.weight:lr=2e-05
08/11 07:57:28 - mmengine - INFO - paramwise_options -- img_backbone.layer3.22.conv3.weight:weight_decay=0.01
08/11 07:57:28 - mmengine - INFO - paramwise_options -- img_backbone.layer3.22.conv3.weight:lr_mult=0.1
08/11 07:57:28 - mmengine - WARNING - img_backbone.layer3.22.bn3.weight is skipped since its requires_grad=False
08/11 07:57:28 - mmengine - WARNING - img_backbone.layer3.22.bn3.bias is skipped since its requires_grad=False
08/11 07:57:28 - mmengine - INFO - paramwise_options -- img_backbone.layer4.0.conv1.weight:lr=2e-05
08/11 07:57:28 - mmengine - INFO - paramwise_options -- img_backbone.layer4.0.conv1.weight:weight_decay=0.01
08/11 07:57:28 - mmengine - INFO - paramwise_options -- img_backbone.layer4.0.conv1.weight:lr_mult=0.1
08/11 07:57:28 - mmengine - WARNING - img_backbone.layer4.0.bn1.weight is skipped since its requires_grad=False
08/11 07:57:28 - mmengine - WARNING - img_backbone.layer4.0.bn1.bias is skipped since its requires_grad=False
08/11 07:57:28 - mmengine - INFO - paramwise_options -- img_backbone.layer4.0.conv2.weight:lr=2e-05
08/11 07:57:28 - mmengine - INFO - paramwise_options -- img_backbone.layer4.0.conv2.weight:weight_decay=0.01
08/11 07:57:28 - mmengine - INFO - paramwise_options -- img_backbone.layer4.0.conv2.weight:lr_mult=0.1
08/11 07:57:28 - mmengine - INFO - paramwise_options -- img_backbone.layer4.0.conv2.conv_offset.weight:lr=2e-05
08/11 07:57:28 - mmengine - INFO - paramwise_options -- img_backbone.layer4.0.conv2.conv_offset.weight:weight_decay=0.01
08/11 07:57:28 - mmengine - INFO - paramwise_options -- img_backbone.layer4.0.conv2.conv_offset.weight:lr_mult=0.1
08/11 07:57:28 - mmengine - INFO - paramwise_options -- img_backbone.layer4.0.conv2.conv_offset.bias:lr=2e-05
08/11 07:57:28 - mmengine - INFO - paramwise_options -- img_backbone.layer4.0.conv2.conv_offset.bias:weight_decay=0.01
08/11 07:57:28 - mmengine - INFO - paramwise_options -- img_backbone.layer4.0.conv2.conv_offset.bias:lr_mult=0.1
08/11 07:57:28 - mmengine - WARNING - img_backbone.layer4.0.bn2.weight is skipped since its requires_grad=False
08/11 07:57:28 - mmengine - WARNING - img_backbone.layer4.0.bn2.bias is skipped since its requires_grad=False
08/11 07:57:28 - mmengine - INFO - paramwise_options -- img_backbone.layer4.0.conv3.weight:lr=2e-05
08/11 07:57:28 - mmengine - INFO - paramwise_options -- img_backbone.layer4.0.conv3.weight:weight_decay=0.01
08/11 07:57:28 - mmengine - INFO - paramwise_options -- img_backbone.layer4.0.conv3.weight:lr_mult=0.1
08/11 07:57:28 - mmengine - WARNING - img_backbone.layer4.0.bn3.weight is skipped since its requires_grad=False
08/11 07:57:28 - mmengine - WARNING - img_backbone.layer4.0.bn3.bias is skipped since its requires_grad=False
08/11 07:57:28 - mmengine - INFO - paramwise_options -- img_backbone.layer4.0.downsample.0.weight:lr=2e-05
08/11 07:57:28 - mmengine - INFO - paramwise_options -- img_backbone.layer4.0.downsample.0.weight:weight_decay=0.01
08/11 07:57:28 - mmengine - INFO - paramwise_options -- img_backbone.layer4.0.downsample.0.weight:lr_mult=0.1
08/11 07:57:28 - mmengine - WARNING - img_backbone.layer4.0.downsample.1.weight is skipped since its requires_grad=False
08/11 07:57:28 - mmengine - WARNING - img_backbone.layer4.0.downsample.1.bias is skipped since its requires_grad=False
08/11 07:57:28 - mmengine - INFO - paramwise_options -- img_backbone.layer4.1.conv1.weight:lr=2e-05
08/11 07:57:28 - mmengine - INFO - paramwise_options -- img_backbone.layer4.1.conv1.weight:weight_decay=0.01
08/11 07:57:28 - mmengine - INFO - paramwise_options -- img_backbone.layer4.1.conv1.weight:lr_mult=0.1
08/11 07:57:28 - mmengine - WARNING - img_backbone.layer4.1.bn1.weight is skipped since its requires_grad=False
08/11 07:57:28 - mmengine - WARNING - img_backbone.layer4.1.bn1.bias is skipped since its requires_grad=False
08/11 07:57:28 - mmengine - INFO - paramwise_options -- img_backbone.layer4.1.conv2.weight:lr=2e-05
08/11 07:57:28 - mmengine - INFO - paramwise_options -- img_backbone.layer4.1.conv2.weight:weight_decay=0.01
08/11 07:57:28 - mmengine - INFO - paramwise_options -- img_backbone.layer4.1.conv2.weight:lr_mult=0.1
08/11 07:57:28 - mmengine - INFO - paramwise_options -- img_backbone.layer4.1.conv2.conv_offset.weight:lr=2e-05
08/11 07:57:28 - mmengine - INFO - paramwise_options -- img_backbone.layer4.1.conv2.conv_offset.weight:weight_decay=0.01
08/11 07:57:28 - mmengine - INFO - paramwise_options -- img_backbone.layer4.1.conv2.conv_offset.weight:lr_mult=0.1
08/11 07:57:28 - mmengine - INFO - paramwise_options -- img_backbone.layer4.1.conv2.conv_offset.bias:lr=2e-05
08/11 07:57:28 - mmengine - INFO - paramwise_options -- img_backbone.layer4.1.conv2.conv_offset.bias:weight_decay=0.01
08/11 07:57:28 - mmengine - INFO - paramwise_options -- img_backbone.layer4.1.conv2.conv_offset.bias:lr_mult=0.1
08/11 07:57:28 - mmengine - WARNING - img_backbone.layer4.1.bn2.weight is skipped since its requires_grad=False
08/11 07:57:28 - mmengine - WARNING - img_backbone.layer4.1.bn2.bias is skipped since its requires_grad=False
08/11 07:57:28 - mmengine - INFO - paramwise_options -- img_backbone.layer4.1.conv3.weight:lr=2e-05
08/11 07:57:28 - mmengine - INFO - paramwise_options -- img_backbone.layer4.1.conv3.weight:weight_decay=0.01
08/11 07:57:28 - mmengine - INFO - paramwise_options -- img_backbone.layer4.1.conv3.weight:lr_mult=0.1
08/11 07:57:28 - mmengine - WARNING - img_backbone.layer4.1.bn3.weight is skipped since its requires_grad=False
08/11 07:57:28 - mmengine - WARNING - img_backbone.layer4.1.bn3.bias is skipped since its requires_grad=False
08/11 07:57:28 - mmengine - INFO - paramwise_options -- img_backbone.layer4.2.conv1.weight:lr=2e-05
08/11 07:57:28 - mmengine - INFO - paramwise_options -- img_backbone.layer4.2.conv1.weight:weight_decay=0.01
08/11 07:57:28 - mmengine - INFO - paramwise_options -- img_backbone.layer4.2.conv1.weight:lr_mult=0.1
08/11 07:57:28 - mmengine - WARNING - img_backbone.layer4.2.bn1.weight is skipped since its requires_grad=False
08/11 07:57:28 - mmengine - WARNING - img_backbone.layer4.2.bn1.bias is skipped since its requires_grad=False
08/11 07:57:28 - mmengine - INFO - paramwise_options -- img_backbone.layer4.2.conv2.weight:lr=2e-05
08/11 07:57:28 - mmengine - INFO - paramwise_options -- img_backbone.layer4.2.conv2.weight:weight_decay=0.01
08/11 07:57:28 - mmengine - INFO - paramwise_options -- img_backbone.layer4.2.conv2.weight:lr_mult=0.1
08/11 07:57:28 - mmengine - INFO - paramwise_options -- img_backbone.layer4.2.conv2.conv_offset.weight:lr=2e-05
08/11 07:57:28 - mmengine - INFO - paramwise_options -- img_backbone.layer4.2.conv2.conv_offset.weight:weight_decay=0.01
08/11 07:57:28 - mmengine - INFO - paramwise_options -- img_backbone.layer4.2.conv2.conv_offset.weight:lr_mult=0.1
08/11 07:57:28 - mmengine - INFO - paramwise_options -- img_backbone.layer4.2.conv2.conv_offset.bias:lr=2e-05
08/11 07:57:28 - mmengine - INFO - paramwise_options -- img_backbone.layer4.2.conv2.conv_offset.bias:weight_decay=0.01
08/11 07:57:28 - mmengine - INFO - paramwise_options -- img_backbone.layer4.2.conv2.conv_offset.bias:lr_mult=0.1
08/11 07:57:28 - mmengine - WARNING - img_backbone.layer4.2.bn2.weight is skipped since its requires_grad=False
08/11 07:57:28 - mmengine - WARNING - img_backbone.layer4.2.bn2.bias is skipped since its requires_grad=False
08/11 07:57:28 - mmengine - INFO - paramwise_options -- img_backbone.layer4.2.conv3.weight:lr=2e-05
08/11 07:57:28 - mmengine - INFO - paramwise_options -- img_backbone.layer4.2.conv3.weight:weight_decay=0.01
08/11 07:57:28 - mmengine - INFO - paramwise_options -- img_backbone.layer4.2.conv3.weight:lr_mult=0.1
08/11 07:57:28 - mmengine - WARNING - img_backbone.layer4.2.bn3.weight is skipped since its requires_grad=False
08/11 07:57:28 - mmengine - WARNING - img_backbone.layer4.2.bn3.bias is skipped since its requires_grad=False
08/11 07:57:28 - mmengine - WARNING - map_decoder.pts_bbox_head.code_weights is skipped since its requires_grad=False
08/11 07:57:28 - mmengine - WARNING - map_decoder.pts_bbox_head.map_adapter_layers.0.0.weight is skipped since its requires_grad=False
08/11 07:57:28 - mmengine - WARNING - map_decoder.pts_bbox_head.map_adapter_layers.0.0.bias is skipped since its requires_grad=False
08/11 07:57:28 - mmengine - WARNING - map_decoder.pts_bbox_head.map_adapter_layers.0.1.weight is skipped since its requires_grad=False
08/11 07:57:28 - mmengine - WARNING - map_decoder.pts_bbox_head.map_adapter_layers.0.1.bias is skipped since its requires_grad=False
08/11 07:57:28 - mmengine - WARNING - map_decoder.pts_bbox_head.map_adapter_layers.1.weight is skipped since its requires_grad=False
08/11 07:57:28 - mmengine - WARNING - map_decoder.pts_bbox_head.map_adapter_layers.1.bias is skipped since its requires_grad=False
08/11 07:57:28 - mmengine - WARNING - map_decoder.pts_bbox_head.cls_branches.0.weight is skipped since its requires_grad=False
08/11 07:57:28 - mmengine - WARNING - map_decoder.pts_bbox_head.cls_branches.0.bias is skipped since its requires_grad=False
08/11 07:57:28 - mmengine - WARNING - map_decoder.pts_bbox_head.cls_branches.1.weight is skipped since its requires_grad=False
08/11 07:57:28 - mmengine - WARNING - map_decoder.pts_bbox_head.cls_branches.1.bias is skipped since its requires_grad=False
08/11 07:57:28 - mmengine - WARNING - map_decoder.pts_bbox_head.cls_branches.3.weight is skipped since its requires_grad=False
08/11 07:57:28 - mmengine - WARNING - map_decoder.pts_bbox_head.cls_branches.3.bias is skipped since its requires_grad=False
08/11 07:57:28 - mmengine - WARNING - map_decoder.pts_bbox_head.cls_branches.4.weight is skipped since its requires_grad=False
08/11 07:57:28 - mmengine - WARNING - map_decoder.pts_bbox_head.cls_branches.4.bias is skipped since its requires_grad=False
08/11 07:57:28 - mmengine - WARNING - map_decoder.pts_bbox_head.cls_branches.6.weight is skipped since its requires_grad=False
08/11 07:57:28 - mmengine - WARNING - map_decoder.pts_bbox_head.cls_branches.6.bias is skipped since its requires_grad=False
08/11 07:57:28 - mmengine - WARNING - map_decoder.pts_bbox_head.reg_branches.0.weight is skipped since its requires_grad=False
08/11 07:57:28 - mmengine - WARNING - map_decoder.pts_bbox_head.reg_branches.0.bias is skipped since its requires_grad=False
08/11 07:57:28 - mmengine - WARNING - map_decoder.pts_bbox_head.reg_branches.2.weight is skipped since its requires_grad=False
08/11 07:57:28 - mmengine - WARNING - map_decoder.pts_bbox_head.reg_branches.2.bias is skipped since its requires_grad=False
08/11 07:57:28 - mmengine - WARNING - map_decoder.pts_bbox_head.reg_branches.4.weight is skipped since its requires_grad=False
08/11 07:57:28 - mmengine - WARNING - map_decoder.pts_bbox_head.reg_branches.4.bias is skipped since its requires_grad=False
08/11 07:57:28 - mmengine - WARNING - map_decoder.pts_bbox_head.reg_branches.6.weight is skipped since its requires_grad=False
08/11 07:57:28 - mmengine - WARNING - map_decoder.pts_bbox_head.reg_branches.6.bias is skipped since its requires_grad=False
08/11 07:57:28 - mmengine - WARNING - planner_head.ego_query.weight is skipped since its requires_grad=False
08/11 07:57:28 - mmengine - WARNING - planner_head.ego_agent_decoder.layers.0.attentions.0.attn.in_proj_weight is skipped since its requires_grad=False
08/11 07:57:28 - mmengine - WARNING - planner_head.ego_agent_decoder.layers.0.attentions.0.attn.in_proj_bias is skipped since its requires_grad=False
08/11 07:57:28 - mmengine - WARNING - planner_head.ego_agent_decoder.layers.0.attentions.0.attn.out_proj.weight is skipped since its requires_grad=False
08/11 07:57:28 - mmengine - WARNING - planner_head.ego_agent_decoder.layers.0.attentions.0.attn.out_proj.bias is skipped since its requires_grad=False
08/11 07:57:28 - mmengine - WARNING - planner_head.ego_agent_decoder.layers.0.ffns.0.layers.0.0.weight is skipped since its requires_grad=False
08/11 07:57:28 - mmengine - WARNING - planner_head.ego_agent_decoder.layers.0.ffns.0.layers.0.0.bias is skipped since its requires_grad=False
08/11 07:57:28 - mmengine - WARNING - planner_head.ego_agent_decoder.layers.0.ffns.0.layers.1.weight is skipped since its requires_grad=False
08/11 07:57:28 - mmengine - WARNING - planner_head.ego_agent_decoder.layers.0.ffns.0.layers.1.bias is skipped since its requires_grad=False
08/11 07:57:28 - mmengine - WARNING - planner_head.ego_agent_decoder.layers.0.norms.0.weight is skipped since its requires_grad=False
08/11 07:57:28 - mmengine - WARNING - planner_head.ego_agent_decoder.layers.0.norms.0.bias is skipped since its requires_grad=False
08/11 07:57:28 - mmengine - WARNING - planner_head.ego_agent_decoder.layers.0.norms.1.weight is skipped since its requires_grad=False
08/11 07:57:28 - mmengine - WARNING - planner_head.ego_agent_decoder.layers.0.norms.1.bias is skipped since its requires_grad=False
08/11 07:57:28 - mmengine - WARNING - planner_head.ego_map_decoder.layers.0.attentions.0.attn.in_proj_weight is skipped since its requires_grad=False
08/11 07:57:28 - mmengine - WARNING - planner_head.ego_map_decoder.layers.0.attentions.0.attn.in_proj_bias is skipped since its requires_grad=False
08/11 07:57:28 - mmengine - WARNING - planner_head.ego_map_decoder.layers.0.attentions.0.attn.out_proj.weight is skipped since its requires_grad=False
08/11 07:57:28 - mmengine - WARNING - planner_head.ego_map_decoder.layers.0.attentions.0.attn.out_proj.bias is skipped since its requires_grad=False
08/11 07:57:28 - mmengine - WARNING - planner_head.ego_map_decoder.layers.0.ffns.0.layers.0.0.weight is skipped since its requires_grad=False
08/11 07:57:28 - mmengine - WARNING - planner_head.ego_map_decoder.layers.0.ffns.0.layers.0.0.bias is skipped since its requires_grad=False
08/11 07:57:28 - mmengine - WARNING - planner_head.ego_map_decoder.layers.0.ffns.0.layers.1.weight is skipped since its requires_grad=False
08/11 07:57:28 - mmengine - WARNING - planner_head.ego_map_decoder.layers.0.ffns.0.layers.1.bias is skipped since its requires_grad=False
08/11 07:57:28 - mmengine - WARNING - planner_head.ego_map_decoder.layers.0.norms.0.weight is skipped since its requires_grad=False
08/11 07:57:28 - mmengine - WARNING - planner_head.ego_map_decoder.layers.0.norms.0.bias is skipped since its requires_grad=False
08/11 07:57:28 - mmengine - WARNING - planner_head.ego_map_decoder.layers.0.norms.1.weight is skipped since its requires_grad=False
08/11 07:57:28 - mmengine - WARNING - planner_head.ego_map_decoder.layers.0.norms.1.bias is skipped since its requires_grad=False
08/11 07:57:28 - mmengine - WARNING - planner_head.ego_gaussian_decoder.layers.0.attentions.0.attn.in_proj_weight is skipped since its requires_grad=False
08/11 07:57:28 - mmengine - WARNING - planner_head.ego_gaussian_decoder.layers.0.attentions.0.attn.in_proj_bias is skipped since its requires_grad=False
08/11 07:57:28 - mmengine - WARNING - planner_head.ego_gaussian_decoder.layers.0.attentions.0.attn.out_proj.weight is skipped since its requires_grad=False
08/11 07:57:28 - mmengine - WARNING - planner_head.ego_gaussian_decoder.layers.0.attentions.0.attn.out_proj.bias is skipped since its requires_grad=False
08/11 07:57:28 - mmengine - WARNING - planner_head.ego_gaussian_decoder.layers.0.ffns.0.layers.0.0.weight is skipped since its requires_grad=False
08/11 07:57:28 - mmengine - WARNING - planner_head.ego_gaussian_decoder.layers.0.ffns.0.layers.0.0.bias is skipped since its requires_grad=False
08/11 07:57:28 - mmengine - WARNING - planner_head.ego_gaussian_decoder.layers.0.ffns.0.layers.1.weight is skipped since its requires_grad=False
08/11 07:57:28 - mmengine - WARNING - planner_head.ego_gaussian_decoder.layers.0.ffns.0.layers.1.bias is skipped since its requires_grad=False
08/11 07:57:28 - mmengine - WARNING - planner_head.ego_gaussian_decoder.layers.0.norms.0.weight is skipped since its requires_grad=False
08/11 07:57:28 - mmengine - WARNING - planner_head.ego_gaussian_decoder.layers.0.norms.0.bias is skipped since its requires_grad=False
08/11 07:57:28 - mmengine - WARNING - planner_head.ego_gaussian_decoder.layers.0.norms.1.weight is skipped since its requires_grad=False
08/11 07:57:28 - mmengine - WARNING - planner_head.ego_gaussian_decoder.layers.0.norms.1.bias is skipped since its requires_grad=False
08/11 07:57:28 - mmengine - WARNING - planner_head.ego_fut_decoder.0.weight is skipped since its requires_grad=False
08/11 07:57:28 - mmengine - WARNING - planner_head.ego_fut_decoder.0.bias is skipped since its requires_grad=False
08/11 07:57:28 - mmengine - WARNING - planner_head.ego_fut_decoder.2.weight is skipped since its requires_grad=False
08/11 07:57:28 - mmengine - WARNING - planner_head.ego_fut_decoder.2.bias is skipped since its requires_grad=False
08/11 07:57:28 - mmengine - WARNING - planner_head.ego_fut_decoder.4.weight is skipped since its requires_grad=False
08/11 07:57:28 - mmengine - WARNING - planner_head.ego_fut_decoder.4.bias is skipped since its requires_grad=False
08/11 07:57:28 - mmengine - WARNING - planner_head.agent_fus_mlp.0.weight is skipped since its requires_grad=False
08/11 07:57:28 - mmengine - WARNING - planner_head.agent_fus_mlp.0.bias is skipped since its requires_grad=False
08/11 07:57:28 - mmengine - WARNING - planner_head.agent_fus_mlp.1.weight is skipped since its requires_grad=False
08/11 07:57:28 - mmengine - WARNING - planner_head.agent_fus_mlp.1.bias is skipped since its requires_grad=False
08/11 07:57:28 - mmengine - WARNING - planner_head.agent_fus_mlp.3.weight is skipped since its requires_grad=False
08/11 07:57:28 - mmengine - WARNING - planner_head.agent_fus_mlp.3.bias is skipped since its requires_grad=False
08/11 07:57:28 - mmengine - WARNING - planner_head.map_fus_mlp.0.weight is skipped since its requires_grad=False
08/11 07:57:28 - mmengine - WARNING - planner_head.map_fus_mlp.0.bias is skipped since its requires_grad=False
08/11 07:57:28 - mmengine - WARNING - planner_head.map_fus_mlp.1.weight is skipped since its requires_grad=False
08/11 07:57:28 - mmengine - WARNING - planner_head.map_fus_mlp.1.bias is skipped since its requires_grad=False
08/11 07:57:28 - mmengine - WARNING - planner_head.map_fus_mlp.3.weight is skipped since its requires_grad=False
08/11 07:57:28 - mmengine - WARNING - planner_head.map_fus_mlp.3.bias is skipped since its requires_grad=False
08/11 07:57:28 - mmengine - WARNING - planner_head.gaussian_fus_mlp.0.weight is skipped since its requires_grad=False
08/11 07:57:28 - mmengine - WARNING - planner_head.gaussian_fus_mlp.0.bias is skipped since its requires_grad=False
08/11 07:57:28 - mmengine - WARNING - planner_head.gaussian_fus_mlp.1.weight is skipped since its requires_grad=False
08/11 07:57:28 - mmengine - WARNING - planner_head.gaussian_fus_mlp.1.bias is skipped since its requires_grad=False
08/11 07:57:28 - mmengine - WARNING - planner_head.gaussian_fus_mlp.3.weight is skipped since its requires_grad=False
08/11 07:57:28 - mmengine - WARNING - planner_head.gaussian_fus_mlp.3.bias is skipped since its requires_grad=False
tensor([1.0155, 1.0690, 1.3001, 1.0725, 0.9464, 1.1009, 1.2696, 1.0626, 1.1890,
        1.0622, 1.0060, 0.8571, 1.0392, 0.9087, 0.8936, 0.8549, 0.8528, 0.5000])
tensor([1.0155, 1.0690, 1.3001, 1.0725, 0.9464, 1.1009, 1.2696, 1.0626, 1.1890,
        1.0622, 1.0060, 0.8571, 1.0392, 0.9087, 0.8936, 0.8549, 0.8528, 0.5000])
08/11 07:57:28 - mmengine - INFO - resume from: 
08/11 07:57:28 - mmengine - INFO - work dir: /data/chenz/GaussianAD/out/nuscenes_gs25600_v3_se3
tensor([1.0155, 1.0690, 1.3001, 1.0725, 0.9464, 1.1009, 1.2696, 1.0626, 1.1890,
        1.0622, 1.0060, 0.8571, 1.0392, 0.9087, 0.8936, 0.8549, 0.8528, 0.5000])
tensor([1.0155, 1.0690, 1.3001, 1.0725, 0.9464, 1.1009, 1.2696, 1.0626, 1.1890,
        1.0622, 1.0060, 0.8571, 1.0392, 0.9087, 0.8936, 0.8549, 0.8528, 0.5000])
tensor([1.0155, 1.0690, 1.3001, 1.0725, 0.9464, 1.1009, 1.2696, 1.0626, 1.1890,
        1.0622, 1.0060, 0.8571, 1.0392, 0.9087, 0.8936, 0.8549, 0.8528, 0.5000])
tensor([1.0155, 1.0690, 1.3001, 1.0725, 0.9464, 1.1009, 1.2696, 1.0626, 1.1890,
        1.0622, 1.0060, 0.8571, 1.0392, 0.9087, 0.8936, 0.8549, 0.8528, 0.5000])
tensor([1.0155, 1.0690, 1.3001, 1.0725, 0.9464, 1.1009, 1.2696, 1.0626, 1.1890,
        1.0622, 1.0060, 0.8571, 1.0392, 0.9087, 0.8936, 0.8549, 0.8528, 0.5000])
tensor([1.0155, 1.0690, 1.3001, 1.0725, 0.9464, 1.1009, 1.2696, 1.0626, 1.1890,
        1.0622, 1.0060, 0.8571, 1.0392, 0.9087, 0.8936, 0.8549, 0.8528, 0.5000])
_IncompatibleKeys(missing_keys=['img_neck.lateral_convs.0.conv.weight', 'img_neck.lateral_convs.0.conv.bias', 'img_neck.lateral_convs.1.conv.weight', 'img_neck.lateral_convs.1.conv.bias', 'img_neck.lateral_convs.2.conv.weight', 'img_neck.lateral_convs.2.conv.bias', 'img_neck.fpn_convs.0.conv.weight', 'img_neck.fpn_convs.0.conv.bias', 'img_neck.fpn_convs.1.conv.weight', 'img_neck.fpn_convs.1.conv.bias', 'img_neck.fpn_convs.2.conv.weight', 'img_neck.fpn_convs.2.conv.bias', 'img_neck.fpn_convs.3.conv.weight', 'img_neck.fpn_convs.3.conv.bias', 'lifter.anchor', 'encoder.anchor_encoder.xyz_fc.0.weight', 'encoder.anchor_encoder.xyz_fc.0.bias', 'encoder.anchor_encoder.xyz_fc.2.weight', 'encoder.anchor_encoder.xyz_fc.2.bias', 'encoder.anchor_encoder.xyz_fc.3.weight', 'encoder.anchor_encoder.xyz_fc.3.bias', 'encoder.anchor_encoder.xyz_fc.5.weight', 'encoder.anchor_encoder.xyz_fc.5.bias', 'encoder.anchor_encoder.scale_fc.0.weight', 'encoder.anchor_encoder.scale_fc.0.bias', 'encoder.anchor_encoder.scale_fc.2.weight', 'encoder.anchor_encoder.scale_fc.2.bias', 'encoder.anchor_encoder.scale_fc.3.weight', 'encoder.anchor_encoder.scale_fc.3.bias', 'encoder.anchor_encoder.scale_fc.5.weight', 'encoder.anchor_encoder.scale_fc.5.bias', 'encoder.anchor_encoder.rot_fc.0.weight', 'encoder.anchor_encoder.rot_fc.0.bias', 'encoder.anchor_encoder.rot_fc.2.weight', 'encoder.anchor_encoder.rot_fc.2.bias', 'encoder.anchor_encoder.rot_fc.3.weight', 'encoder.anchor_encoder.rot_fc.3.bias', 'encoder.anchor_encoder.rot_fc.5.weight', 'encoder.anchor_encoder.rot_fc.5.bias', 'encoder.anchor_encoder.opacity_fc.0.weight', 'encoder.anchor_encoder.opacity_fc.0.bias', 'encoder.anchor_encoder.opacity_fc.2.weight', 'encoder.anchor_encoder.opacity_fc.2.bias', 'encoder.anchor_encoder.opacity_fc.3.weight', 'encoder.anchor_encoder.opacity_fc.3.bias', 'encoder.anchor_encoder.opacity_fc.5.weight', 'encoder.anchor_encoder.opacity_fc.5.bias', 'encoder.anchor_encoder.semantics_fc.0.weight', 'encoder.anchor_encoder.semantics_fc.0.bias', 'encoder.anchor_encoder.semantics_fc.2.weight', 'encoder.anchor_encoder.semantics_fc.2.bias', 'encoder.anchor_encoder.semantics_fc.3.weight', 'encoder.anchor_encoder.semantics_fc.3.bias', 'encoder.anchor_encoder.semantics_fc.5.weight', 'encoder.anchor_encoder.semantics_fc.5.bias', 'encoder.anchor_encoder.offset_fc.0.weight', 'encoder.anchor_encoder.offset_fc.0.bias', 'encoder.anchor_encoder.offset_fc.2.weight', 'encoder.anchor_encoder.offset_fc.2.bias', 'encoder.anchor_encoder.offset_fc.3.weight', 'encoder.anchor_encoder.offset_fc.3.bias', 'encoder.anchor_encoder.offset_fc.5.weight', 'encoder.anchor_encoder.offset_fc.5.bias', 'encoder.anchor_encoder.output_fc.0.weight', 'encoder.anchor_encoder.output_fc.0.bias', 'encoder.anchor_encoder.output_fc.2.weight', 'encoder.anchor_encoder.output_fc.2.bias', 'encoder.anchor_encoder.output_fc.3.weight', 'encoder.anchor_encoder.output_fc.3.bias', 'encoder.anchor_encoder.output_fc.5.weight', 'encoder.anchor_encoder.output_fc.5.bias', 'encoder.layers.0.kps_generator.learnable_fc.weight', 'encoder.layers.0.kps_generator.learnable_fc.bias', 'encoder.layers.0.output_proj.weight', 'encoder.layers.0.output_proj.bias', 'encoder.layers.0.camera_encoder.0.weight', 'encoder.layers.0.camera_encoder.0.bias', 'encoder.layers.0.camera_encoder.2.weight', 'encoder.layers.0.camera_encoder.2.bias', 'encoder.layers.0.camera_encoder.3.weight', 'encoder.layers.0.camera_encoder.3.bias', 'encoder.layers.0.camera_encoder.5.weight', 'encoder.layers.0.camera_encoder.5.bias', 'encoder.layers.0.weights_fc.weight', 'encoder.layers.0.weights_fc.bias', 'encoder.layers.1.pre_norm.weight', 'encoder.layers.1.pre_norm.bias', 'encoder.layers.1.layers.0.0.weight', 'encoder.layers.1.layers.0.0.bias', 'encoder.layers.1.layers.1.weight', 'encoder.layers.1.layers.1.bias', 'encoder.layers.1.identity_fc.weight', 'encoder.layers.1.identity_fc.bias', 'encoder.layers.2.weight', 'encoder.layers.2.bias', 'encoder.layers.3.layers.0.weight', 'encoder.layers.3.layers.0.bias', 'encoder.layers.3.layers.2.weight', 'encoder.layers.3.layers.2.bias', 'encoder.layers.3.layers.4.weight', 'encoder.layers.3.layers.4.bias', 'encoder.layers.3.layers.5.weight', 'encoder.layers.3.layers.5.bias', 'encoder.layers.3.layers.7.weight', 'encoder.layers.3.layers.7.bias', 'encoder.layers.3.layers.9.weight', 'encoder.layers.3.layers.9.bias', 'encoder.layers.3.layers.10.weight', 'encoder.layers.3.layers.10.bias', 'encoder.layers.3.layers.11.scale', 'encoder.layers.4.layers.0.weight', 'encoder.layers.4.layers.0.bias', 'encoder.layers.4.layers.1.weight', 'encoder.layers.4.layers.1.bias', 'encoder.layers.4.layers.3.weight', 'encoder.layers.4.layers.3.bias', 'encoder.layers.4.layers.4.weight', 'encoder.layers.4.layers.4.bias', 'encoder.layers.4.layers.6.weight', 'encoder.layers.4.layers.6.bias', 'encoder.layers.4.layers.7.weight', 'encoder.layers.4.layers.7.bias', 'encoder.layers.4.output_proj.weight', 'encoder.layers.4.output_proj.bias', 'encoder.layers.5.weight', 'encoder.layers.5.bias', 'encoder.layers.6.kps_generator.learnable_fc.weight', 'encoder.layers.6.kps_generator.learnable_fc.bias', 'encoder.layers.6.output_proj.weight', 'encoder.layers.6.output_proj.bias', 'encoder.layers.6.camera_encoder.0.weight', 'encoder.layers.6.camera_encoder.0.bias', 'encoder.layers.6.camera_encoder.2.weight', 'encoder.layers.6.camera_encoder.2.bias', 'encoder.layers.6.camera_encoder.3.weight', 'encoder.layers.6.camera_encoder.3.bias', 'encoder.layers.6.camera_encoder.5.weight', 'encoder.layers.6.camera_encoder.5.bias', 'encoder.layers.6.weights_fc.weight', 'encoder.layers.6.weights_fc.bias', 'encoder.layers.7.pre_norm.weight', 'encoder.layers.7.pre_norm.bias', 'encoder.layers.7.layers.0.0.weight', 'encoder.layers.7.layers.0.0.bias', 'encoder.layers.7.layers.1.weight', 'encoder.layers.7.layers.1.bias', 'encoder.layers.7.identity_fc.weight', 'encoder.layers.7.identity_fc.bias', 'encoder.layers.8.weight', 'encoder.layers.8.bias', 'encoder.layers.9.layers.0.weight', 'encoder.layers.9.layers.0.bias', 'encoder.layers.9.layers.2.weight', 'encoder.layers.9.layers.2.bias', 'encoder.layers.9.layers.4.weight', 'encoder.layers.9.layers.4.bias', 'encoder.layers.9.layers.5.weight', 'encoder.layers.9.layers.5.bias', 'encoder.layers.9.layers.7.weight', 'encoder.layers.9.layers.7.bias', 'encoder.layers.9.layers.9.weight', 'encoder.layers.9.layers.9.bias', 'encoder.layers.9.layers.10.weight', 'encoder.layers.9.layers.10.bias', 'encoder.layers.9.layers.11.scale', 'encoder.layers.10.layers.0.weight', 'encoder.layers.10.layers.0.bias', 'encoder.layers.10.layers.1.weight', 'encoder.layers.10.layers.1.bias', 'encoder.layers.10.layers.3.weight', 'encoder.layers.10.layers.3.bias', 'encoder.layers.10.layers.4.weight', 'encoder.layers.10.layers.4.bias', 'encoder.layers.10.layers.6.weight', 'encoder.layers.10.layers.6.bias', 'encoder.layers.10.layers.7.weight', 'encoder.layers.10.layers.7.bias', 'encoder.layers.10.output_proj.weight', 'encoder.layers.10.output_proj.bias', 'encoder.layers.11.weight', 'encoder.layers.11.bias', 'encoder.layers.12.kps_generator.learnable_fc.weight', 'encoder.layers.12.kps_generator.learnable_fc.bias', 'encoder.layers.12.output_proj.weight', 'encoder.layers.12.output_proj.bias', 'encoder.layers.12.camera_encoder.0.weight', 'encoder.layers.12.camera_encoder.0.bias', 'encoder.layers.12.camera_encoder.2.weight', 'encoder.layers.12.camera_encoder.2.bias', 'encoder.layers.12.camera_encoder.3.weight', 'encoder.layers.12.camera_encoder.3.bias', 'encoder.layers.12.camera_encoder.5.weight', 'encoder.layers.12.camera_encoder.5.bias', 'encoder.layers.12.weights_fc.weight', 'encoder.layers.12.weights_fc.bias', 'encoder.layers.13.pre_norm.weight', 'encoder.layers.13.pre_norm.bias', 'encoder.layers.13.layers.0.0.weight', 'encoder.layers.13.layers.0.0.bias', 'encoder.layers.13.layers.1.weight', 'encoder.layers.13.layers.1.bias', 'encoder.layers.13.identity_fc.weight', 'encoder.layers.13.identity_fc.bias', 'encoder.layers.14.weight', 'encoder.layers.14.bias', 'encoder.layers.15.layers.0.weight', 'encoder.layers.15.layers.0.bias', 'encoder.layers.15.layers.2.weight', 'encoder.layers.15.layers.2.bias', 'encoder.layers.15.layers.4.weight', 'encoder.layers.15.layers.4.bias', 'encoder.layers.15.layers.5.weight', 'encoder.layers.15.layers.5.bias', 'encoder.layers.15.layers.7.weight', 'encoder.layers.15.layers.7.bias', 'encoder.layers.15.layers.9.weight', 'encoder.layers.15.layers.9.bias', 'encoder.layers.15.layers.10.weight', 'encoder.layers.15.layers.10.bias', 'encoder.layers.15.layers.11.scale', 'encoder.layers.16.layers.0.weight', 'encoder.layers.16.layers.0.bias', 'encoder.layers.16.layers.1.weight', 'encoder.layers.16.layers.1.bias', 'encoder.layers.16.layers.3.weight', 'encoder.layers.16.layers.3.bias', 'encoder.layers.16.layers.4.weight', 'encoder.layers.16.layers.4.bias', 'encoder.layers.16.layers.6.weight', 'encoder.layers.16.layers.6.bias', 'encoder.layers.16.layers.7.weight', 'encoder.layers.16.layers.7.bias', 'encoder.layers.16.output_proj.weight', 'encoder.layers.16.output_proj.bias', 'encoder.layers.17.weight', 'encoder.layers.17.bias', 'encoder.layers.18.kps_generator.learnable_fc.weight', 'encoder.layers.18.kps_generator.learnable_fc.bias', 'encoder.layers.18.output_proj.weight', 'encoder.layers.18.output_proj.bias', 'encoder.layers.18.camera_encoder.0.weight', 'encoder.layers.18.camera_encoder.0.bias', 'encoder.layers.18.camera_encoder.2.weight', 'encoder.layers.18.camera_encoder.2.bias', 'encoder.layers.18.camera_encoder.3.weight', 'encoder.layers.18.camera_encoder.3.bias', 'encoder.layers.18.camera_encoder.5.weight', 'encoder.layers.18.camera_encoder.5.bias', 'encoder.layers.18.weights_fc.weight', 'encoder.layers.18.weights_fc.bias', 'encoder.layers.19.pre_norm.weight', 'encoder.layers.19.pre_norm.bias', 'encoder.layers.19.layers.0.0.weight', 'encoder.layers.19.layers.0.0.bias', 'encoder.layers.19.layers.1.weight', 'encoder.layers.19.layers.1.bias', 'encoder.layers.19.identity_fc.weight', 'encoder.layers.19.identity_fc.bias', 'encoder.layers.20.weight', 'encoder.layers.20.bias', 'encoder.layers.21.layers.0.weight', 'encoder.layers.21.layers.0.bias', 'encoder.layers.21.layers.2.weight', 'encoder.layers.21.layers.2.bias', 'encoder.layers.21.layers.4.weight', 'encoder.layers.21.layers.4.bias', 'encoder.layers.21.layers.5.weight', 'encoder.layers.21.layers.5.bias', 'encoder.layers.21.layers.7.weight', 'encoder.layers.21.layers.7.bias', 'encoder.layers.21.layers.9.weight', 'encoder.layers.21.layers.9.bias', 'encoder.layers.21.layers.10.weight', 'encoder.layers.21.layers.10.bias', 'encoder.layers.21.layers.11.scale', 'temporal_encoder.anchor_encoder.xyz_fc.0.weight', 'temporal_encoder.anchor_encoder.xyz_fc.0.bias', 'temporal_encoder.anchor_encoder.xyz_fc.2.weight', 'temporal_encoder.anchor_encoder.xyz_fc.2.bias', 'temporal_encoder.anchor_encoder.xyz_fc.3.weight', 'temporal_encoder.anchor_encoder.xyz_fc.3.bias', 'temporal_encoder.anchor_encoder.xyz_fc.5.weight', 'temporal_encoder.anchor_encoder.xyz_fc.5.bias', 'temporal_encoder.anchor_encoder.scale_fc.0.weight', 'temporal_encoder.anchor_encoder.scale_fc.0.bias', 'temporal_encoder.anchor_encoder.scale_fc.2.weight', 'temporal_encoder.anchor_encoder.scale_fc.2.bias', 'temporal_encoder.anchor_encoder.scale_fc.3.weight', 'temporal_encoder.anchor_encoder.scale_fc.3.bias', 'temporal_encoder.anchor_encoder.scale_fc.5.weight', 'temporal_encoder.anchor_encoder.scale_fc.5.bias', 'temporal_encoder.anchor_encoder.rot_fc.0.weight', 'temporal_encoder.anchor_encoder.rot_fc.0.bias', 'temporal_encoder.anchor_encoder.rot_fc.2.weight', 'temporal_encoder.anchor_encoder.rot_fc.2.bias', 'temporal_encoder.anchor_encoder.rot_fc.3.weight', 'temporal_encoder.anchor_encoder.rot_fc.3.bias', 'temporal_encoder.anchor_encoder.rot_fc.5.weight', 'temporal_encoder.anchor_encoder.rot_fc.5.bias', 'temporal_encoder.anchor_encoder.opacity_fc.0.weight', 'temporal_encoder.anchor_encoder.opacity_fc.0.bias', 'temporal_encoder.anchor_encoder.opacity_fc.2.weight', 'temporal_encoder.anchor_encoder.opacity_fc.2.bias', 'temporal_encoder.anchor_encoder.opacity_fc.3.weight', 'temporal_encoder.anchor_encoder.opacity_fc.3.bias', 'temporal_encoder.anchor_encoder.opacity_fc.5.weight', 'temporal_encoder.anchor_encoder.opacity_fc.5.bias', 'temporal_encoder.anchor_encoder.semantics_fc.0.weight', 'temporal_encoder.anchor_encoder.semantics_fc.0.bias', 'temporal_encoder.anchor_encoder.semantics_fc.2.weight', 'temporal_encoder.anchor_encoder.semantics_fc.2.bias', 'temporal_encoder.anchor_encoder.semantics_fc.3.weight', 'temporal_encoder.anchor_encoder.semantics_fc.3.bias', 'temporal_encoder.anchor_encoder.semantics_fc.5.weight', 'temporal_encoder.anchor_encoder.semantics_fc.5.bias', 'temporal_encoder.anchor_encoder.offset_fc.0.weight', 'temporal_encoder.anchor_encoder.offset_fc.0.bias', 'temporal_encoder.anchor_encoder.offset_fc.2.weight', 'temporal_encoder.anchor_encoder.offset_fc.2.bias', 'temporal_encoder.anchor_encoder.offset_fc.3.weight', 'temporal_encoder.anchor_encoder.offset_fc.3.bias', 'temporal_encoder.anchor_encoder.offset_fc.5.weight', 'temporal_encoder.anchor_encoder.offset_fc.5.bias', 'temporal_encoder.anchor_encoder.output_fc.0.weight', 'temporal_encoder.anchor_encoder.output_fc.0.bias', 'temporal_encoder.anchor_encoder.output_fc.2.weight', 'temporal_encoder.anchor_encoder.output_fc.2.bias', 'temporal_encoder.anchor_encoder.output_fc.3.weight', 'temporal_encoder.anchor_encoder.output_fc.3.bias', 'temporal_encoder.anchor_encoder.output_fc.5.weight', 'temporal_encoder.anchor_encoder.output_fc.5.bias', 'temporal_encoder.layers.0.layers.0.weight', 'temporal_encoder.layers.0.layers.1.weight', 'temporal_encoder.layers.0.layers.1.bias', 'temporal_encoder.layers.0.layers.3.weight', 'temporal_encoder.layers.0.layers.4.weight', 'temporal_encoder.layers.0.layers.4.bias', 'temporal_encoder.layers.0.layers.6.weight', 'temporal_encoder.layers.0.layers.7.weight', 'temporal_encoder.layers.0.layers.7.bias', 'temporal_encoder.layers.0.output_proj.weight', 'temporal_encoder.layers.0.output_proj.bias', 'temporal_encoder.layers.1.layers.0.weight', 'temporal_encoder.layers.1.layers.0.bias', 'temporal_encoder.layers.1.layers.2.weight', 'temporal_encoder.layers.1.layers.2.bias', 'temporal_encoder.layers.1.layers.4.weight', 'temporal_encoder.layers.1.layers.4.bias', 'temporal_encoder.layers.1.layers.5.weight', 'temporal_encoder.layers.1.layers.5.bias', 'temporal_encoder.layers.1.layers.7.weight', 'temporal_encoder.layers.1.layers.7.bias', 'temporal_encoder.layers.1.layers.9.weight', 'temporal_encoder.layers.1.layers.9.bias', 'temporal_encoder.layers.1.layers.10.weight', 'temporal_encoder.layers.1.layers.10.bias', 'temporal_encoder.layers.1.layers.11.scale', 'temporal_encoder.layers.1.dynamic_layers.0.weight', 'temporal_encoder.layers.1.dynamic_layers.0.bias', 'temporal_encoder.layers.1.dynamic_layers.2.weight', 'temporal_encoder.layers.1.dynamic_layers.2.bias', 'temporal_encoder.layers.1.dynamic_layers.3.weight', 'temporal_encoder.layers.1.dynamic_layers.3.bias', 'temporal_encoder.layers.1.offset_layers.0.weight', 'temporal_encoder.layers.1.offset_layers.0.bias', 'temporal_encoder.layers.1.offset_layers.2.weight', 'temporal_encoder.layers.1.offset_layers.2.bias', 'temporal_encoder.layers.1.offset_layers.3.weight', 'temporal_encoder.layers.1.offset_layers.3.bias', 'temporal_encoder.layers.2.layers.0.weight', 'temporal_encoder.layers.2.layers.1.weight', 'temporal_encoder.layers.2.layers.1.bias', 'temporal_encoder.layers.2.layers.3.weight', 'temporal_encoder.layers.2.layers.4.weight', 'temporal_encoder.layers.2.layers.4.bias', 'temporal_encoder.layers.2.layers.6.weight', 'temporal_encoder.layers.2.layers.7.weight', 'temporal_encoder.layers.2.layers.7.bias', 'temporal_encoder.layers.2.output_proj.weight', 'temporal_encoder.layers.2.output_proj.bias', 'temporal_encoder.layers.3.layers.0.weight', 'temporal_encoder.layers.3.layers.0.bias', 'temporal_encoder.layers.3.layers.2.weight', 'temporal_encoder.layers.3.layers.2.bias', 'temporal_encoder.layers.3.layers.4.weight', 'temporal_encoder.layers.3.layers.4.bias', 'temporal_encoder.layers.3.layers.5.weight', 'temporal_encoder.layers.3.layers.5.bias', 'temporal_encoder.layers.3.layers.7.weight', 'temporal_encoder.layers.3.layers.7.bias', 'temporal_encoder.layers.3.layers.9.weight', 'temporal_encoder.layers.3.layers.9.bias', 'temporal_encoder.layers.3.layers.10.weight', 'temporal_encoder.layers.3.layers.10.bias', 'temporal_encoder.layers.3.layers.11.scale', 'temporal_encoder.layers.3.dynamic_layers.0.weight', 'temporal_encoder.layers.3.dynamic_layers.0.bias', 'temporal_encoder.layers.3.dynamic_layers.2.weight', 'temporal_encoder.layers.3.dynamic_layers.2.bias', 'temporal_encoder.layers.3.dynamic_layers.3.weight', 'temporal_encoder.layers.3.dynamic_layers.3.bias', 'temporal_encoder.layers.3.offset_layers.0.weight', 'temporal_encoder.layers.3.offset_layers.0.bias', 'temporal_encoder.layers.3.offset_layers.2.weight', 'temporal_encoder.layers.3.offset_layers.2.bias', 'temporal_encoder.layers.3.offset_layers.3.weight', 'temporal_encoder.layers.3.offset_layers.3.bias', 'temporal_encoder.layers.4.layers.0.weight', 'temporal_encoder.layers.4.layers.1.weight', 'temporal_encoder.layers.4.layers.1.bias', 'temporal_encoder.layers.4.layers.3.weight', 'temporal_encoder.layers.4.layers.4.weight', 'temporal_encoder.layers.4.layers.4.bias', 'temporal_encoder.layers.4.layers.6.weight', 'temporal_encoder.layers.4.layers.7.weight', 'temporal_encoder.layers.4.layers.7.bias', 'temporal_encoder.layers.4.output_proj.weight', 'temporal_encoder.layers.4.output_proj.bias', 'temporal_encoder.layers.5.layers.0.weight', 'temporal_encoder.layers.5.layers.0.bias', 'temporal_encoder.layers.5.layers.2.weight', 'temporal_encoder.layers.5.layers.2.bias', 'temporal_encoder.layers.5.layers.4.weight', 'temporal_encoder.layers.5.layers.4.bias', 'temporal_encoder.layers.5.layers.5.weight', 'temporal_encoder.layers.5.layers.5.bias', 'temporal_encoder.layers.5.layers.7.weight', 'temporal_encoder.layers.5.layers.7.bias', 'temporal_encoder.layers.5.layers.9.weight', 'temporal_encoder.layers.5.layers.9.bias', 'temporal_encoder.layers.5.layers.10.weight', 'temporal_encoder.layers.5.layers.10.bias', 'temporal_encoder.layers.5.layers.11.scale', 'temporal_encoder.layers.5.dynamic_layers.0.weight', 'temporal_encoder.layers.5.dynamic_layers.0.bias', 'temporal_encoder.layers.5.dynamic_layers.2.weight', 'temporal_encoder.layers.5.dynamic_layers.2.bias', 'temporal_encoder.layers.5.dynamic_layers.3.weight', 'temporal_encoder.layers.5.dynamic_layers.3.bias', 'temporal_encoder.layers.5.offset_layers.0.weight', 'temporal_encoder.layers.5.offset_layers.0.bias', 'temporal_encoder.layers.5.offset_layers.2.weight', 'temporal_encoder.layers.5.offset_layers.2.bias', 'temporal_encoder.layers.5.offset_layers.3.weight', 'temporal_encoder.layers.5.offset_layers.3.bias', 'head.empty_scalar', 'head.empty_mean', 'head.empty_scale', 'head.empty_rot', 'head.empty_sem', 'head.empty_opa', 'head.pc_min', 'head.grid_size', 'head.zero_tensor', 'head.aggregator.pc_min', 'head.future_generator.query_encoder.0.weight', 'head.future_generator.query_encoder.0.bias', 'head.future_generator.query_encoder.1.weight', 'head.future_generator.query_encoder.1.bias', 'head.future_generator.query_encoder.3.weight', 'head.future_generator.query_encoder.3.bias', 'head.future_generator.query_embedding.weight', 'head.future_generator.temporal_proj.weight', 'head.future_generator.temporal_proj.bias', 'head.future_generator.temporal_frame_embedding.weight', 'head.future_generator.image_proj.weight', 'head.future_generator.image_proj.bias', 'head.future_generator.image_frame_embedding.weight', 'head.future_generator.image_temporal_fusion.0.weight', 'head.future_generator.image_temporal_fusion.0.bias', 'head.future_generator.image_temporal_fusion.1.weight', 'head.future_generator.image_temporal_fusion.1.bias', 'head.future_generator.fusion.0.weight', 'head.future_generator.fusion.0.bias', 'head.future_generator.fusion.1.weight', 'head.future_generator.fusion.1.bias', 'head.future_generator.fusion.3.weight', 'head.future_generator.fusion.3.bias', 'decoder.global_step', 'decoder.backbone_3d.conv_input.0.weight', 'decoder.backbone_3d.conv_input.1.weight', 'decoder.backbone_3d.conv_input.1.bias', 'decoder.backbone_3d.conv_input.1.running_mean', 'decoder.backbone_3d.conv_input.1.running_var', 'decoder.backbone_3d.conv1.0.conv1.weight', 'decoder.backbone_3d.conv1.0.conv1.bias', 'decoder.backbone_3d.conv1.0.bn1.weight', 'decoder.backbone_3d.conv1.0.bn1.bias', 'decoder.backbone_3d.conv1.0.bn1.running_mean', 'decoder.backbone_3d.conv1.0.bn1.running_var', 'decoder.backbone_3d.conv1.0.conv2.weight', 'decoder.backbone_3d.conv1.0.conv2.bias', 'decoder.backbone_3d.conv1.0.bn2.weight', 'decoder.backbone_3d.conv1.0.bn2.bias', 'decoder.backbone_3d.conv1.0.bn2.running_mean', 'decoder.backbone_3d.conv1.0.bn2.running_var', 'decoder.backbone_3d.conv1.1.conv1.weight', 'decoder.backbone_3d.conv1.1.conv1.bias', 'decoder.backbone_3d.conv1.1.bn1.weight', 'decoder.backbone_3d.conv1.1.bn1.bias', 'decoder.backbone_3d.conv1.1.bn1.running_mean', 'decoder.backbone_3d.conv1.1.bn1.running_var', 'decoder.backbone_3d.conv1.1.conv2.weight', 'decoder.backbone_3d.conv1.1.conv2.bias', 'decoder.backbone_3d.conv1.1.bn2.weight', 'decoder.backbone_3d.conv1.1.bn2.bias', 'decoder.backbone_3d.conv1.1.bn2.running_mean', 'decoder.backbone_3d.conv1.1.bn2.running_var', 'decoder.backbone_3d.conv2.0.0.weight', 'decoder.backbone_3d.conv2.0.1.weight', 'decoder.backbone_3d.conv2.0.1.bias', 'decoder.backbone_3d.conv2.0.1.running_mean', 'decoder.backbone_3d.conv2.0.1.running_var', 'decoder.backbone_3d.conv2.1.conv1.weight', 'decoder.backbone_3d.conv2.1.conv1.bias', 'decoder.backbone_3d.conv2.1.bn1.weight', 'decoder.backbone_3d.conv2.1.bn1.bias', 'decoder.backbone_3d.conv2.1.bn1.running_mean', 'decoder.backbone_3d.conv2.1.bn1.running_var', 'decoder.backbone_3d.conv2.1.conv2.weight', 'decoder.backbone_3d.conv2.1.conv2.bias', 'decoder.backbone_3d.conv2.1.bn2.weight', 'decoder.backbone_3d.conv2.1.bn2.bias', 'decoder.backbone_3d.conv2.1.bn2.running_mean', 'decoder.backbone_3d.conv2.1.bn2.running_var', 'decoder.backbone_3d.conv2.2.conv1.weight', 'decoder.backbone_3d.conv2.2.conv1.bias', 'decoder.backbone_3d.conv2.2.bn1.weight', 'decoder.backbone_3d.conv2.2.bn1.bias', 'decoder.backbone_3d.conv2.2.bn1.running_mean', 'decoder.backbone_3d.conv2.2.bn1.running_var', 'decoder.backbone_3d.conv2.2.conv2.weight', 'decoder.backbone_3d.conv2.2.conv2.bias', 'decoder.backbone_3d.conv2.2.bn2.weight', 'decoder.backbone_3d.conv2.2.bn2.bias', 'decoder.backbone_3d.conv2.2.bn2.running_mean', 'decoder.backbone_3d.conv2.2.bn2.running_var', 'decoder.backbone_3d.conv3.0.0.weight', 'decoder.backbone_3d.conv3.0.1.weight', 'decoder.backbone_3d.conv3.0.1.bias', 'decoder.backbone_3d.conv3.0.1.running_mean', 'decoder.backbone_3d.conv3.0.1.running_var', 'decoder.backbone_3d.conv3.1.conv1.weight', 'decoder.backbone_3d.conv3.1.conv1.bias', 'decoder.backbone_3d.conv3.1.bn1.weight', 'decoder.backbone_3d.conv3.1.bn1.bias', 'decoder.backbone_3d.conv3.1.bn1.running_mean', 'decoder.backbone_3d.conv3.1.bn1.running_var', 'decoder.backbone_3d.conv3.1.conv2.weight', 'decoder.backbone_3d.conv3.1.conv2.bias', 'decoder.backbone_3d.conv3.1.bn2.weight', 'decoder.backbone_3d.conv3.1.bn2.bias', 'decoder.backbone_3d.conv3.1.bn2.running_mean', 'decoder.backbone_3d.conv3.1.bn2.running_var', 'decoder.backbone_3d.conv3.2.conv1.weight', 'decoder.backbone_3d.conv3.2.conv1.bias', 'decoder.backbone_3d.conv3.2.bn1.weight', 'decoder.backbone_3d.conv3.2.bn1.bias', 'decoder.backbone_3d.conv3.2.bn1.running_mean', 'decoder.backbone_3d.conv3.2.bn1.running_var', 'decoder.backbone_3d.conv3.2.conv2.weight', 'decoder.backbone_3d.conv3.2.conv2.bias', 'decoder.backbone_3d.conv3.2.bn2.weight', 'decoder.backbone_3d.conv3.2.bn2.bias', 'decoder.backbone_3d.conv3.2.bn2.running_mean', 'decoder.backbone_3d.conv3.2.bn2.running_var', 'decoder.backbone_3d.conv4.0.0.weight', 'decoder.backbone_3d.conv4.0.1.weight', 'decoder.backbone_3d.conv4.0.1.bias', 'decoder.backbone_3d.conv4.0.1.running_mean', 'decoder.backbone_3d.conv4.0.1.running_var', 'decoder.backbone_3d.conv4.1.conv1.weight', 'decoder.backbone_3d.conv4.1.conv1.bias', 'decoder.backbone_3d.conv4.1.bn1.weight', 'decoder.backbone_3d.conv4.1.bn1.bias', 'decoder.backbone_3d.conv4.1.bn1.running_mean', 'decoder.backbone_3d.conv4.1.bn1.running_var', 'decoder.backbone_3d.conv4.1.conv2.weight', 'decoder.backbone_3d.conv4.1.conv2.bias', 'decoder.backbone_3d.conv4.1.bn2.weight', 'decoder.backbone_3d.conv4.1.bn2.bias', 'decoder.backbone_3d.conv4.1.bn2.running_mean', 'decoder.backbone_3d.conv4.1.bn2.running_var', 'decoder.backbone_3d.conv4.2.conv1.weight', 'decoder.backbone_3d.conv4.2.conv1.bias', 'decoder.backbone_3d.conv4.2.bn1.weight', 'decoder.backbone_3d.conv4.2.bn1.bias', 'decoder.backbone_3d.conv4.2.bn1.running_mean', 'decoder.backbone_3d.conv4.2.bn1.running_var', 'decoder.backbone_3d.conv4.2.conv2.weight', 'decoder.backbone_3d.conv4.2.conv2.bias', 'decoder.backbone_3d.conv4.2.bn2.weight', 'decoder.backbone_3d.conv4.2.bn2.bias', 'decoder.backbone_3d.conv4.2.bn2.running_mean', 'decoder.backbone_3d.conv4.2.bn2.running_var', 'decoder.backbone_3d.conv5.0.0.weight', 'decoder.backbone_3d.conv5.0.1.weight', 'decoder.backbone_3d.conv5.0.1.bias', 'decoder.backbone_3d.conv5.0.1.running_mean', 'decoder.backbone_3d.conv5.0.1.running_var', 'decoder.backbone_3d.conv5.1.conv1.weight', 'decoder.backbone_3d.conv5.1.conv1.bias', 'decoder.backbone_3d.conv5.1.bn1.weight', 'decoder.backbone_3d.conv5.1.bn1.bias', 'decoder.backbone_3d.conv5.1.bn1.running_mean', 'decoder.backbone_3d.conv5.1.bn1.running_var', 'decoder.backbone_3d.conv5.1.conv2.weight', 'decoder.backbone_3d.conv5.1.conv2.bias', 'decoder.backbone_3d.conv5.1.bn2.weight', 'decoder.backbone_3d.conv5.1.bn2.bias', 'decoder.backbone_3d.conv5.1.bn2.running_mean', 'decoder.backbone_3d.conv5.1.bn2.running_var', 'decoder.backbone_3d.conv5.2.conv1.weight', 'decoder.backbone_3d.conv5.2.conv1.bias', 'decoder.backbone_3d.conv5.2.bn1.weight', 'decoder.backbone_3d.conv5.2.bn1.bias', 'decoder.backbone_3d.conv5.2.bn1.running_mean', 'decoder.backbone_3d.conv5.2.bn1.running_var', 'decoder.backbone_3d.conv5.2.conv2.weight', 'decoder.backbone_3d.conv5.2.conv2.bias', 'decoder.backbone_3d.conv5.2.bn2.weight', 'decoder.backbone_3d.conv5.2.bn2.bias', 'decoder.backbone_3d.conv5.2.bn2.running_mean', 'decoder.backbone_3d.conv5.2.bn2.running_var', 'decoder.backbone_3d.conv6.0.0.weight', 'decoder.backbone_3d.conv6.0.1.weight', 'decoder.backbone_3d.conv6.0.1.bias', 'decoder.backbone_3d.conv6.0.1.running_mean', 'decoder.backbone_3d.conv6.0.1.running_var', 'decoder.backbone_3d.conv6.1.conv1.weight', 'decoder.backbone_3d.conv6.1.conv1.bias', 'decoder.backbone_3d.conv6.1.bn1.weight', 'decoder.backbone_3d.conv6.1.bn1.bias', 'decoder.backbone_3d.conv6.1.bn1.running_mean', 'decoder.backbone_3d.conv6.1.bn1.running_var', 'decoder.backbone_3d.conv6.1.conv2.weight', 'decoder.backbone_3d.conv6.1.conv2.bias', 'decoder.backbone_3d.conv6.1.bn2.weight', 'decoder.backbone_3d.conv6.1.bn2.bias', 'decoder.backbone_3d.conv6.1.bn2.running_mean', 'decoder.backbone_3d.conv6.1.bn2.running_var', 'decoder.backbone_3d.conv6.2.conv1.weight', 'decoder.backbone_3d.conv6.2.conv1.bias', 'decoder.backbone_3d.conv6.2.bn1.weight', 'decoder.backbone_3d.conv6.2.bn1.bias', 'decoder.backbone_3d.conv6.2.bn1.running_mean', 'decoder.backbone_3d.conv6.2.bn1.running_var', 'decoder.backbone_3d.conv6.2.conv2.weight', 'decoder.backbone_3d.conv6.2.conv2.bias', 'decoder.backbone_3d.conv6.2.bn2.weight', 'decoder.backbone_3d.conv6.2.bn2.bias', 'decoder.backbone_3d.conv6.2.bn2.running_mean', 'decoder.backbone_3d.conv6.2.bn2.running_var', 'decoder.backbone_3d.conv_out.0.weight', 'decoder.backbone_3d.conv_out.1.weight', 'decoder.backbone_3d.conv_out.1.bias', 'decoder.backbone_3d.conv_out.1.running_mean', 'decoder.backbone_3d.conv_out.1.running_var', 'decoder.backbone_3d.shared_conv.0.weight', 'decoder.backbone_3d.shared_conv.0.bias', 'decoder.backbone_3d.shared_conv.1.weight', 'decoder.backbone_3d.shared_conv.1.bias', 'decoder.backbone_3d.shared_conv.1.running_mean', 'decoder.backbone_3d.shared_conv.1.running_var', 'decoder.dense_head.heads_list.0.center.0.0.weight', 'decoder.dense_head.heads_list.0.center.0.0.bias', 'decoder.dense_head.heads_list.0.center.0.1.weight', 'decoder.dense_head.heads_list.0.center.0.1.bias', 'decoder.dense_head.heads_list.0.center.0.1.running_mean', 'decoder.dense_head.heads_list.0.center.0.1.running_var', 'decoder.dense_head.heads_list.0.center.1.weight', 'decoder.dense_head.heads_list.0.center.1.bias', 'decoder.dense_head.heads_list.0.center_z.0.0.weight', 'decoder.dense_head.heads_list.0.center_z.0.0.bias', 'decoder.dense_head.heads_list.0.center_z.0.1.weight', 'decoder.dense_head.heads_list.0.center_z.0.1.bias', 'decoder.dense_head.heads_list.0.center_z.0.1.running_mean', 'decoder.dense_head.heads_list.0.center_z.0.1.running_var', 'decoder.dense_head.heads_list.0.center_z.1.weight', 'decoder.dense_head.heads_list.0.center_z.1.bias', 'decoder.dense_head.heads_list.0.dim.0.0.weight', 'decoder.dense_head.heads_list.0.dim.0.0.bias', 'decoder.dense_head.heads_list.0.dim.0.1.weight', 'decoder.dense_head.heads_list.0.dim.0.1.bias', 'decoder.dense_head.heads_list.0.dim.0.1.running_mean', 'decoder.dense_head.heads_list.0.dim.0.1.running_var', 'decoder.dense_head.heads_list.0.dim.1.weight', 'decoder.dense_head.heads_list.0.dim.1.bias', 'decoder.dense_head.heads_list.0.rot.0.0.weight', 'decoder.dense_head.heads_list.0.rot.0.0.bias', 'decoder.dense_head.heads_list.0.rot.0.1.weight', 'decoder.dense_head.heads_list.0.rot.0.1.bias', 'decoder.dense_head.heads_list.0.rot.0.1.running_mean', 'decoder.dense_head.heads_list.0.rot.0.1.running_var', 'decoder.dense_head.heads_list.0.rot.1.weight', 'decoder.dense_head.heads_list.0.rot.1.bias', 'decoder.dense_head.heads_list.0.vel.0.0.weight', 'decoder.dense_head.heads_list.0.vel.0.0.bias', 'decoder.dense_head.heads_list.0.vel.0.1.weight', 'decoder.dense_head.heads_list.0.vel.0.1.bias', 'decoder.dense_head.heads_list.0.vel.0.1.running_mean', 'decoder.dense_head.heads_list.0.vel.0.1.running_var', 'decoder.dense_head.heads_list.0.vel.1.weight', 'decoder.dense_head.heads_list.0.vel.1.bias', 'decoder.dense_head.heads_list.0.hm.0.0.weight', 'decoder.dense_head.heads_list.0.hm.0.0.bias', 'decoder.dense_head.heads_list.0.hm.0.1.weight', 'decoder.dense_head.heads_list.0.hm.0.1.bias', 'decoder.dense_head.heads_list.0.hm.0.1.running_mean', 'decoder.dense_head.heads_list.0.hm.0.1.running_var', 'decoder.dense_head.heads_list.0.hm.1.weight', 'decoder.dense_head.heads_list.0.hm.1.bias', 'decoder.dense_head.heads_list.1.center.0.0.weight', 'decoder.dense_head.heads_list.1.center.0.0.bias', 'decoder.dense_head.heads_list.1.center.0.1.weight', 'decoder.dense_head.heads_list.1.center.0.1.bias', 'decoder.dense_head.heads_list.1.center.0.1.running_mean', 'decoder.dense_head.heads_list.1.center.0.1.running_var', 'decoder.dense_head.heads_list.1.center.1.weight', 'decoder.dense_head.heads_list.1.center.1.bias', 'decoder.dense_head.heads_list.1.center_z.0.0.weight', 'decoder.dense_head.heads_list.1.center_z.0.0.bias', 'decoder.dense_head.heads_list.1.center_z.0.1.weight', 'decoder.dense_head.heads_list.1.center_z.0.1.bias', 'decoder.dense_head.heads_list.1.center_z.0.1.running_mean', 'decoder.dense_head.heads_list.1.center_z.0.1.running_var', 'decoder.dense_head.heads_list.1.center_z.1.weight', 'decoder.dense_head.heads_list.1.center_z.1.bias', 'decoder.dense_head.heads_list.1.dim.0.0.weight', 'decoder.dense_head.heads_list.1.dim.0.0.bias', 'decoder.dense_head.heads_list.1.dim.0.1.weight', 'decoder.dense_head.heads_list.1.dim.0.1.bias', 'decoder.dense_head.heads_list.1.dim.0.1.running_mean', 'decoder.dense_head.heads_list.1.dim.0.1.running_var', 'decoder.dense_head.heads_list.1.dim.1.weight', 'decoder.dense_head.heads_list.1.dim.1.bias', 'decoder.dense_head.heads_list.1.rot.0.0.weight', 'decoder.dense_head.heads_list.1.rot.0.0.bias', 'decoder.dense_head.heads_list.1.rot.0.1.weight', 'decoder.dense_head.heads_list.1.rot.0.1.bias', 'decoder.dense_head.heads_list.1.rot.0.1.running_mean', 'decoder.dense_head.heads_list.1.rot.0.1.running_var', 'decoder.dense_head.heads_list.1.rot.1.weight', 'decoder.dense_head.heads_list.1.rot.1.bias', 'decoder.dense_head.heads_list.1.vel.0.0.weight', 'decoder.dense_head.heads_list.1.vel.0.0.bias', 'decoder.dense_head.heads_list.1.vel.0.1.weight', 'decoder.dense_head.heads_list.1.vel.0.1.bias', 'decoder.dense_head.heads_list.1.vel.0.1.running_mean', 'decoder.dense_head.heads_list.1.vel.0.1.running_var', 'decoder.dense_head.heads_list.1.vel.1.weight', 'decoder.dense_head.heads_list.1.vel.1.bias', 'decoder.dense_head.heads_list.1.hm.0.0.weight', 'decoder.dense_head.heads_list.1.hm.0.0.bias', 'decoder.dense_head.heads_list.1.hm.0.1.weight', 'decoder.dense_head.heads_list.1.hm.0.1.bias', 'decoder.dense_head.heads_list.1.hm.0.1.running_mean', 'decoder.dense_head.heads_list.1.hm.0.1.running_var', 'decoder.dense_head.heads_list.1.hm.1.weight', 'decoder.dense_head.heads_list.1.hm.1.bias', 'decoder.dense_head.heads_list.2.center.0.0.weight', 'decoder.dense_head.heads_list.2.center.0.0.bias', 'decoder.dense_head.heads_list.2.center.0.1.weight', 'decoder.dense_head.heads_list.2.center.0.1.bias', 'decoder.dense_head.heads_list.2.center.0.1.running_mean', 'decoder.dense_head.heads_list.2.center.0.1.running_var', 'decoder.dense_head.heads_list.2.center.1.weight', 'decoder.dense_head.heads_list.2.center.1.bias', 'decoder.dense_head.heads_list.2.center_z.0.0.weight', 'decoder.dense_head.heads_list.2.center_z.0.0.bias', 'decoder.dense_head.heads_list.2.center_z.0.1.weight', 'decoder.dense_head.heads_list.2.center_z.0.1.bias', 'decoder.dense_head.heads_list.2.center_z.0.1.running_mean', 'decoder.dense_head.heads_list.2.center_z.0.1.running_var', 'decoder.dense_head.heads_list.2.center_z.1.weight', 'decoder.dense_head.heads_list.2.center_z.1.bias', 'decoder.dense_head.heads_list.2.dim.0.0.weight', 'decoder.dense_head.heads_list.2.dim.0.0.bias', 'decoder.dense_head.heads_list.2.dim.0.1.weight', 'decoder.dense_head.heads_list.2.dim.0.1.bias', 'decoder.dense_head.heads_list.2.dim.0.1.running_mean', 'decoder.dense_head.heads_list.2.dim.0.1.running_var', 'decoder.dense_head.heads_list.2.dim.1.weight', 'decoder.dense_head.heads_list.2.dim.1.bias', 'decoder.dense_head.heads_list.2.rot.0.0.weight', 'decoder.dense_head.heads_list.2.rot.0.0.bias', 'decoder.dense_head.heads_list.2.rot.0.1.weight', 'decoder.dense_head.heads_list.2.rot.0.1.bias', 'decoder.dense_head.heads_list.2.rot.0.1.running_mean', 'decoder.dense_head.heads_list.2.rot.0.1.running_var', 'decoder.dense_head.heads_list.2.rot.1.weight', 'decoder.dense_head.heads_list.2.rot.1.bias', 'decoder.dense_head.heads_list.2.vel.0.0.weight', 'decoder.dense_head.heads_list.2.vel.0.0.bias', 'decoder.dense_head.heads_list.2.vel.0.1.weight', 'decoder.dense_head.heads_list.2.vel.0.1.bias', 'decoder.dense_head.heads_list.2.vel.0.1.running_mean', 'decoder.dense_head.heads_list.2.vel.0.1.running_var', 'decoder.dense_head.heads_list.2.vel.1.weight', 'decoder.dense_head.heads_list.2.vel.1.bias', 'decoder.dense_head.heads_list.2.hm.0.0.weight', 'decoder.dense_head.heads_list.2.hm.0.0.bias', 'decoder.dense_head.heads_list.2.hm.0.1.weight', 'decoder.dense_head.heads_list.2.hm.0.1.bias', 'decoder.dense_head.heads_list.2.hm.0.1.running_mean', 'decoder.dense_head.heads_list.2.hm.0.1.running_var', 'decoder.dense_head.heads_list.2.hm.1.weight', 'decoder.dense_head.heads_list.2.hm.1.bias', 'decoder.dense_head.heads_list.3.center.0.0.weight', 'decoder.dense_head.heads_list.3.center.0.0.bias', 'decoder.dense_head.heads_list.3.center.0.1.weight', 'decoder.dense_head.heads_list.3.center.0.1.bias', 'decoder.dense_head.heads_list.3.center.0.1.running_mean', 'decoder.dense_head.heads_list.3.center.0.1.running_var', 'decoder.dense_head.heads_list.3.center.1.weight', 'decoder.dense_head.heads_list.3.center.1.bias', 'decoder.dense_head.heads_list.3.center_z.0.0.weight', 'decoder.dense_head.heads_list.3.center_z.0.0.bias', 'decoder.dense_head.heads_list.3.center_z.0.1.weight', 'decoder.dense_head.heads_list.3.center_z.0.1.bias', 'decoder.dense_head.heads_list.3.center_z.0.1.running_mean', 'decoder.dense_head.heads_list.3.center_z.0.1.running_var', 'decoder.dense_head.heads_list.3.center_z.1.weight', 'decoder.dense_head.heads_list.3.center_z.1.bias', 'decoder.dense_head.heads_list.3.dim.0.0.weight', 'decoder.dense_head.heads_list.3.dim.0.0.bias', 'decoder.dense_head.heads_list.3.dim.0.1.weight', 'decoder.dense_head.heads_list.3.dim.0.1.bias', 'decoder.dense_head.heads_list.3.dim.0.1.running_mean', 'decoder.dense_head.heads_list.3.dim.0.1.running_var', 'decoder.dense_head.heads_list.3.dim.1.weight', 'decoder.dense_head.heads_list.3.dim.1.bias', 'decoder.dense_head.heads_list.3.rot.0.0.weight', 'decoder.dense_head.heads_list.3.rot.0.0.bias', 'decoder.dense_head.heads_list.3.rot.0.1.weight', 'decoder.dense_head.heads_list.3.rot.0.1.bias', 'decoder.dense_head.heads_list.3.rot.0.1.running_mean', 'decoder.dense_head.heads_list.3.rot.0.1.running_var', 'decoder.dense_head.heads_list.3.rot.1.weight', 'decoder.dense_head.heads_list.3.rot.1.bias', 'decoder.dense_head.heads_list.3.vel.0.0.weight', 'decoder.dense_head.heads_list.3.vel.0.0.bias', 'decoder.dense_head.heads_list.3.vel.0.1.weight', 'decoder.dense_head.heads_list.3.vel.0.1.bias', 'decoder.dense_head.heads_list.3.vel.0.1.running_mean', 'decoder.dense_head.heads_list.3.vel.0.1.running_var', 'decoder.dense_head.heads_list.3.vel.1.weight', 'decoder.dense_head.heads_list.3.vel.1.bias', 'decoder.dense_head.heads_list.3.hm.0.0.weight', 'decoder.dense_head.heads_list.3.hm.0.0.bias', 'decoder.dense_head.heads_list.3.hm.0.1.weight', 'decoder.dense_head.heads_list.3.hm.0.1.bias', 'decoder.dense_head.heads_list.3.hm.0.1.running_mean', 'decoder.dense_head.heads_list.3.hm.0.1.running_var', 'decoder.dense_head.heads_list.3.hm.1.weight', 'decoder.dense_head.heads_list.3.hm.1.bias', 'decoder.dense_head.heads_list.4.center.0.0.weight', 'decoder.dense_head.heads_list.4.center.0.0.bias', 'decoder.dense_head.heads_list.4.center.0.1.weight', 'decoder.dense_head.heads_list.4.center.0.1.bias', 'decoder.dense_head.heads_list.4.center.0.1.running_mean', 'decoder.dense_head.heads_list.4.center.0.1.running_var', 'decoder.dense_head.heads_list.4.center.1.weight', 'decoder.dense_head.heads_list.4.center.1.bias', 'decoder.dense_head.heads_list.4.center_z.0.0.weight', 'decoder.dense_head.heads_list.4.center_z.0.0.bias', 'decoder.dense_head.heads_list.4.center_z.0.1.weight', 'decoder.dense_head.heads_list.4.center_z.0.1.bias', 'decoder.dense_head.heads_list.4.center_z.0.1.running_mean', 'decoder.dense_head.heads_list.4.center_z.0.1.running_var', 'decoder.dense_head.heads_list.4.center_z.1.weight', 'decoder.dense_head.heads_list.4.center_z.1.bias', 'decoder.dense_head.heads_list.4.dim.0.0.weight', 'decoder.dense_head.heads_list.4.dim.0.0.bias', 'decoder.dense_head.heads_list.4.dim.0.1.weight', 'decoder.dense_head.heads_list.4.dim.0.1.bias', 'decoder.dense_head.heads_list.4.dim.0.1.running_mean', 'decoder.dense_head.heads_list.4.dim.0.1.running_var', 'decoder.dense_head.heads_list.4.dim.1.weight', 'decoder.dense_head.heads_list.4.dim.1.bias', 'decoder.dense_head.heads_list.4.rot.0.0.weight', 'decoder.dense_head.heads_list.4.rot.0.0.bias', 'decoder.dense_head.heads_list.4.rot.0.1.weight', 'decoder.dense_head.heads_list.4.rot.0.1.bias', 'decoder.dense_head.heads_list.4.rot.0.1.running_mean', 'decoder.dense_head.heads_list.4.rot.0.1.running_var', 'decoder.dense_head.heads_list.4.rot.1.weight', 'decoder.dense_head.heads_list.4.rot.1.bias', 'decoder.dense_head.heads_list.4.vel.0.0.weight', 'decoder.dense_head.heads_list.4.vel.0.0.bias', 'decoder.dense_head.heads_list.4.vel.0.1.weight', 'decoder.dense_head.heads_list.4.vel.0.1.bias', 'decoder.dense_head.heads_list.4.vel.0.1.running_mean', 'decoder.dense_head.heads_list.4.vel.0.1.running_var', 'decoder.dense_head.heads_list.4.vel.1.weight', 'decoder.dense_head.heads_list.4.vel.1.bias', 'decoder.dense_head.heads_list.4.hm.0.0.weight', 'decoder.dense_head.heads_list.4.hm.0.0.bias', 'decoder.dense_head.heads_list.4.hm.0.1.weight', 'decoder.dense_head.heads_list.4.hm.0.1.bias', 'decoder.dense_head.heads_list.4.hm.0.1.running_mean', 'decoder.dense_head.heads_list.4.hm.0.1.running_var', 'decoder.dense_head.heads_list.4.hm.1.weight', 'decoder.dense_head.heads_list.4.hm.1.bias', 'decoder.dense_head.heads_list.5.center.0.0.weight', 'decoder.dense_head.heads_list.5.center.0.0.bias', 'decoder.dense_head.heads_list.5.center.0.1.weight', 'decoder.dense_head.heads_list.5.center.0.1.bias', 'decoder.dense_head.heads_list.5.center.0.1.running_mean', 'decoder.dense_head.heads_list.5.center.0.1.running_var', 'decoder.dense_head.heads_list.5.center.1.weight', 'decoder.dense_head.heads_list.5.center.1.bias', 'decoder.dense_head.heads_list.5.center_z.0.0.weight', 'decoder.dense_head.heads_list.5.center_z.0.0.bias', 'decoder.dense_head.heads_list.5.center_z.0.1.weight', 'decoder.dense_head.heads_list.5.center_z.0.1.bias', 'decoder.dense_head.heads_list.5.center_z.0.1.running_mean', 'decoder.dense_head.heads_list.5.center_z.0.1.running_var', 'decoder.dense_head.heads_list.5.center_z.1.weight', 'decoder.dense_head.heads_list.5.center_z.1.bias', 'decoder.dense_head.heads_list.5.dim.0.0.weight', 'decoder.dense_head.heads_list.5.dim.0.0.bias', 'decoder.dense_head.heads_list.5.dim.0.1.weight', 'decoder.dense_head.heads_list.5.dim.0.1.bias', 'decoder.dense_head.heads_list.5.dim.0.1.running_mean', 'decoder.dense_head.heads_list.5.dim.0.1.running_var', 'decoder.dense_head.heads_list.5.dim.1.weight', 'decoder.dense_head.heads_list.5.dim.1.bias', 'decoder.dense_head.heads_list.5.rot.0.0.weight', 'decoder.dense_head.heads_list.5.rot.0.0.bias', 'decoder.dense_head.heads_list.5.rot.0.1.weight', 'decoder.dense_head.heads_list.5.rot.0.1.bias', 'decoder.dense_head.heads_list.5.rot.0.1.running_mean', 'decoder.dense_head.heads_list.5.rot.0.1.running_var', 'decoder.dense_head.heads_list.5.rot.1.weight', 'decoder.dense_head.heads_list.5.rot.1.bias', 'decoder.dense_head.heads_list.5.vel.0.0.weight', 'decoder.dense_head.heads_list.5.vel.0.0.bias', 'decoder.dense_head.heads_list.5.vel.0.1.weight', 'decoder.dense_head.heads_list.5.vel.0.1.bias', 'decoder.dense_head.heads_list.5.vel.0.1.running_mean', 'decoder.dense_head.heads_list.5.vel.0.1.running_var', 'decoder.dense_head.heads_list.5.vel.1.weight', 'decoder.dense_head.heads_list.5.vel.1.bias', 'decoder.dense_head.heads_list.5.hm.0.0.weight', 'decoder.dense_head.heads_list.5.hm.0.0.bias', 'decoder.dense_head.heads_list.5.hm.0.1.weight', 'decoder.dense_head.heads_list.5.hm.0.1.bias', 'decoder.dense_head.heads_list.5.hm.0.1.running_mean', 'decoder.dense_head.heads_list.5.hm.0.1.running_var', 'decoder.dense_head.heads_list.5.hm.1.weight', 'decoder.dense_head.heads_list.5.hm.1.bias', 'map_decoder.pts_bbox_head.code_weights', 'map_decoder.pts_bbox_head.loss_seg.loss_fn.pos_weight', 'map_decoder.pts_bbox_head.loss_pv_seg.loss_fn.pos_weight', 'map_decoder.pts_bbox_head.map_adapter_layers.0.0.weight', 'map_decoder.pts_bbox_head.map_adapter_layers.0.0.bias', 'map_decoder.pts_bbox_head.map_adapter_layers.0.1.weight', 'map_decoder.pts_bbox_head.map_adapter_layers.0.1.bias', 'map_decoder.pts_bbox_head.map_adapter_layers.0.1.running_mean', 'map_decoder.pts_bbox_head.map_adapter_layers.0.1.running_var', 'map_decoder.pts_bbox_head.map_adapter_layers.1.weight', 'map_decoder.pts_bbox_head.map_adapter_layers.1.bias', 'map_decoder.pts_bbox_head.cls_branches.0.weight', 'map_decoder.pts_bbox_head.cls_branches.0.bias', 'map_decoder.pts_bbox_head.cls_branches.1.weight', 'map_decoder.pts_bbox_head.cls_branches.1.bias', 'map_decoder.pts_bbox_head.cls_branches.3.weight', 'map_decoder.pts_bbox_head.cls_branches.3.bias', 'map_decoder.pts_bbox_head.cls_branches.4.weight', 'map_decoder.pts_bbox_head.cls_branches.4.bias', 'map_decoder.pts_bbox_head.cls_branches.6.weight', 'map_decoder.pts_bbox_head.cls_branches.6.bias', 'map_decoder.pts_bbox_head.reg_branches.0.weight', 'map_decoder.pts_bbox_head.reg_branches.0.bias', 'map_decoder.pts_bbox_head.reg_branches.2.weight', 'map_decoder.pts_bbox_head.reg_branches.2.bias', 'map_decoder.pts_bbox_head.reg_branches.4.weight', 'map_decoder.pts_bbox_head.reg_branches.4.bias', 'map_decoder.pts_bbox_head.reg_branches.6.weight', 'map_decoder.pts_bbox_head.reg_branches.6.bias', 'planner_head.ego_query.weight', 'planner_head.ego_agent_decoder.layers.0.attentions.0.attn.in_proj_weight', 'planner_head.ego_agent_decoder.layers.0.attentions.0.attn.in_proj_bias', 'planner_head.ego_agent_decoder.layers.0.attentions.0.attn.out_proj.weight', 'planner_head.ego_agent_decoder.layers.0.attentions.0.attn.out_proj.bias', 'planner_head.ego_agent_decoder.layers.0.ffns.0.layers.0.0.weight', 'planner_head.ego_agent_decoder.layers.0.ffns.0.layers.0.0.bias', 'planner_head.ego_agent_decoder.layers.0.ffns.0.layers.1.weight', 'planner_head.ego_agent_decoder.layers.0.ffns.0.layers.1.bias', 'planner_head.ego_agent_decoder.layers.0.norms.0.weight', 'planner_head.ego_agent_decoder.layers.0.norms.0.bias', 'planner_head.ego_agent_decoder.layers.0.norms.1.weight', 'planner_head.ego_agent_decoder.layers.0.norms.1.bias', 'planner_head.ego_map_decoder.layers.0.attentions.0.attn.in_proj_weight', 'planner_head.ego_map_decoder.layers.0.attentions.0.attn.in_proj_bias', 'planner_head.ego_map_decoder.layers.0.attentions.0.attn.out_proj.weight', 'planner_head.ego_map_decoder.layers.0.attentions.0.attn.out_proj.bias', 'planner_head.ego_map_decoder.layers.0.ffns.0.layers.0.0.weight', 'planner_head.ego_map_decoder.layers.0.ffns.0.layers.0.0.bias', 'planner_head.ego_map_decoder.layers.0.ffns.0.layers.1.weight', 'planner_head.ego_map_decoder.layers.0.ffns.0.layers.1.bias', 'planner_head.ego_map_decoder.layers.0.norms.0.weight', 'planner_head.ego_map_decoder.layers.0.norms.0.bias', 'planner_head.ego_map_decoder.layers.0.norms.1.weight', 'planner_head.ego_map_decoder.layers.0.norms.1.bias', 'planner_head.ego_gaussian_decoder.layers.0.attentions.0.attn.in_proj_weight', 'planner_head.ego_gaussian_decoder.layers.0.attentions.0.attn.in_proj_bias', 'planner_head.ego_gaussian_decoder.layers.0.attentions.0.attn.out_proj.weight', 'planner_head.ego_gaussian_decoder.layers.0.attentions.0.attn.out_proj.bias', 'planner_head.ego_gaussian_decoder.layers.0.ffns.0.layers.0.0.weight', 'planner_head.ego_gaussian_decoder.layers.0.ffns.0.layers.0.0.bias', 'planner_head.ego_gaussian_decoder.layers.0.ffns.0.layers.1.weight', 'planner_head.ego_gaussian_decoder.layers.0.ffns.0.layers.1.bias', 'planner_head.ego_gaussian_decoder.layers.0.norms.0.weight', 'planner_head.ego_gaussian_decoder.layers.0.norms.0.bias', 'planner_head.ego_gaussian_decoder.layers.0.norms.1.weight', 'planner_head.ego_gaussian_decoder.layers.0.norms.1.bias', 'planner_head.ego_fut_decoder.0.weight', 'planner_head.ego_fut_decoder.0.bias', 'planner_head.ego_fut_decoder.2.weight', 'planner_head.ego_fut_decoder.2.bias', 'planner_head.ego_fut_decoder.4.weight', 'planner_head.ego_fut_decoder.4.bias', 'planner_head.agent_fus_mlp.0.weight', 'planner_head.agent_fus_mlp.0.bias', 'planner_head.agent_fus_mlp.1.weight', 'planner_head.agent_fus_mlp.1.bias', 'planner_head.agent_fus_mlp.3.weight', 'planner_head.agent_fus_mlp.3.bias', 'planner_head.map_fus_mlp.0.weight', 'planner_head.map_fus_mlp.0.bias', 'planner_head.map_fus_mlp.1.weight', 'planner_head.map_fus_mlp.1.bias', 'planner_head.map_fus_mlp.3.weight', 'planner_head.map_fus_mlp.3.bias', 'planner_head.gaussian_fus_mlp.0.weight', 'planner_head.gaussian_fus_mlp.0.bias', 'planner_head.gaussian_fus_mlp.1.weight', 'planner_head.gaussian_fus_mlp.1.bias', 'planner_head.gaussian_fus_mlp.3.weight', 'planner_head.gaussian_fus_mlp.3.bias'], unexpected_keys=['bbox_head.bld_alpha', 'bbox_head.cls_convs.0.conv.weight', 'bbox_head.cls_convs.0.conv.bias', 'bbox_head.cls_convs.0.gn.weight', 'bbox_head.cls_convs.0.gn.bias', 'bbox_head.cls_convs.1.conv.weight', 'bbox_head.cls_convs.1.conv.bias', 'bbox_head.cls_convs.1.conv.conv_offset.weight', 'bbox_head.cls_convs.1.conv.conv_offset.bias', 'bbox_head.cls_convs.1.gn.weight', 'bbox_head.cls_convs.1.gn.bias', 'bbox_head.reg_convs.0.conv.weight', 'bbox_head.reg_convs.0.conv.bias', 'bbox_head.reg_convs.0.gn.weight', 'bbox_head.reg_convs.0.gn.bias', 'bbox_head.reg_convs.1.conv.weight', 'bbox_head.reg_convs.1.conv.bias', 'bbox_head.reg_convs.1.conv.conv_offset.weight', 'bbox_head.reg_convs.1.conv.conv_offset.bias', 'bbox_head.reg_convs.1.gn.weight', 'bbox_head.reg_convs.1.gn.bias', 'bbox_head.conv_cls_prev.0.conv.weight', 'bbox_head.conv_cls_prev.0.conv.bias', 'bbox_head.conv_cls_prev.0.gn.weight', 'bbox_head.conv_cls_prev.0.gn.bias', 'bbox_head.conv_cls.weight', 'bbox_head.conv_cls.bias', 'bbox_head.conv_reg_prevs.0.0.conv.weight', 'bbox_head.conv_reg_prevs.0.0.conv.bias', 'bbox_head.conv_reg_prevs.0.0.gn.weight', 'bbox_head.conv_reg_prevs.0.0.gn.bias', 'bbox_head.conv_reg_prevs.1.0.conv.weight', 'bbox_head.conv_reg_prevs.1.0.conv.bias', 'bbox_head.conv_reg_prevs.1.0.gn.weight', 'bbox_head.conv_reg_prevs.1.0.gn.bias', 'bbox_head.conv_reg_prevs.2.0.conv.weight', 'bbox_head.conv_reg_prevs.2.0.conv.bias', 'bbox_head.conv_reg_prevs.2.0.gn.weight', 'bbox_head.conv_reg_prevs.2.0.gn.bias', 'bbox_head.conv_reg_prevs.3.0.conv.weight', 'bbox_head.conv_reg_prevs.3.0.conv.bias', 'bbox_head.conv_reg_prevs.3.0.gn.weight', 'bbox_head.conv_reg_prevs.3.0.gn.bias', 'bbox_head.conv_reg_prevs.5.0.conv.weight', 'bbox_head.conv_reg_prevs.5.0.conv.bias', 'bbox_head.conv_reg_prevs.5.0.gn.weight', 'bbox_head.conv_reg_prevs.5.0.gn.bias', 'bbox_head.conv_regs.0.weight', 'bbox_head.conv_regs.0.bias', 'bbox_head.conv_regs.1.weight', 'bbox_head.conv_regs.1.bias', 'bbox_head.conv_regs.2.weight', 'bbox_head.conv_regs.2.bias', 'bbox_head.conv_regs.3.weight', 'bbox_head.conv_regs.3.bias', 'bbox_head.conv_regs.4.weight', 'bbox_head.conv_regs.4.bias', 'bbox_head.conv_regs.5.weight', 'bbox_head.conv_regs.5.bias', 'bbox_head.conv_dir_cls_prev.0.conv.weight', 'bbox_head.conv_dir_cls_prev.0.conv.bias', 'bbox_head.conv_dir_cls_prev.0.gn.weight', 'bbox_head.conv_dir_cls_prev.0.gn.bias', 'bbox_head.conv_dir_cls.weight', 'bbox_head.conv_dir_cls.bias', 'bbox_head.conv_attr_prev.0.conv.weight', 'bbox_head.conv_attr_prev.0.conv.bias', 'bbox_head.conv_attr_prev.0.gn.weight', 'bbox_head.conv_attr_prev.0.gn.bias', 'bbox_head.conv_attr.weight', 'bbox_head.conv_attr.bias', 'bbox_head.conv_depth_cls_prev.0.conv.weight', 'bbox_head.conv_depth_cls_prev.0.conv.bias', 'bbox_head.conv_depth_cls_prev.0.gn.weight', 'bbox_head.conv_depth_cls_prev.0.gn.bias', 'bbox_head.conv_depth_cls.weight', 'bbox_head.conv_depth_cls.bias', 'bbox_head.conv_centerness_prev.0.conv.weight', 'bbox_head.conv_centerness_prev.0.conv.bias', 'bbox_head.conv_centerness_prev.0.gn.weight', 'bbox_head.conv_centerness_prev.0.gn.bias', 'bbox_head.conv_centerness.weight', 'bbox_head.conv_centerness.bias', 'bbox_head.scales.0.0.scale', 'bbox_head.scales.0.1.scale', 'bbox_head.scales.0.2.scale', 'bbox_head.scales.0.3.scale', 'bbox_head.scales.1.0.scale', 'bbox_head.scales.1.1.scale', 'bbox_head.scales.1.2.scale', 'bbox_head.scales.1.3.scale', 'bbox_head.scales.2.0.scale', 'bbox_head.scales.2.1.scale', 'bbox_head.scales.2.2.scale', 'bbox_head.scales.2.3.scale', 'bbox_head.scales.3.0.scale', 'bbox_head.scales.3.1.scale', 'bbox_head.scales.3.2.scale', 'bbox_head.scales.3.3.scale', 'bbox_head.scales.4.0.scale', 'bbox_head.scales.4.1.scale', 'bbox_head.scales.4.2.scale', 'bbox_head.scales.4.3.scale'])
_IncompatibleKeys(missing_keys=['img_neck.lateral_convs.0.conv.weight', 'img_neck.lateral_convs.0.conv.bias', 'img_neck.lateral_convs.1.conv.weight', 'img_neck.lateral_convs.1.conv.bias', 'img_neck.lateral_convs.2.conv.weight', 'img_neck.lateral_convs.2.conv.bias', 'img_neck.fpn_convs.0.conv.weight', 'img_neck.fpn_convs.0.conv.bias', 'img_neck.fpn_convs.1.conv.weight', 'img_neck.fpn_convs.1.conv.bias', 'img_neck.fpn_convs.2.conv.weight', 'img_neck.fpn_convs.2.conv.bias', 'img_neck.fpn_convs.3.conv.weight', 'img_neck.fpn_convs.3.conv.bias', 'lifter.anchor', 'encoder.anchor_encoder.xyz_fc.0.weight', 'encoder.anchor_encoder.xyz_fc.0.bias', 'encoder.anchor_encoder.xyz_fc.2.weight', 'encoder.anchor_encoder.xyz_fc.2.bias', 'encoder.anchor_encoder.xyz_fc.3.weight', 'encoder.anchor_encoder.xyz_fc.3.bias', 'encoder.anchor_encoder.xyz_fc.5.weight', 'encoder.anchor_encoder.xyz_fc.5.bias', 'encoder.anchor_encoder.scale_fc.0.weight', 'encoder.anchor_encoder.scale_fc.0.bias', 'encoder.anchor_encoder.scale_fc.2.weight', 'encoder.anchor_encoder.scale_fc.2.bias', 'encoder.anchor_encoder.scale_fc.3.weight', 'encoder.anchor_encoder.scale_fc.3.bias', 'encoder.anchor_encoder.scale_fc.5.weight', 'encoder.anchor_encoder.scale_fc.5.bias', 'encoder.anchor_encoder.rot_fc.0.weight', 'encoder.anchor_encoder.rot_fc.0.bias', 'encoder.anchor_encoder.rot_fc.2.weight', 'encoder.anchor_encoder.rot_fc.2.bias', 'encoder.anchor_encoder.rot_fc.3.weight', 'encoder.anchor_encoder.rot_fc.3.bias', 'encoder.anchor_encoder.rot_fc.5.weight', 'encoder.anchor_encoder.rot_fc.5.bias', 'encoder.anchor_encoder.opacity_fc.0.weight', 'encoder.anchor_encoder.opacity_fc.0.bias', 'encoder.anchor_encoder.opacity_fc.2.weight', 'encoder.anchor_encoder.opacity_fc.2.bias', 'encoder.anchor_encoder.opacity_fc.3.weight', 'encoder.anchor_encoder.opacity_fc.3.bias', 'encoder.anchor_encoder.opacity_fc.5.weight', 'encoder.anchor_encoder.opacity_fc.5.bias', 'encoder.anchor_encoder.semantics_fc.0.weight', 'encoder.anchor_encoder.semantics_fc.0.bias', 'encoder.anchor_encoder.semantics_fc.2.weight', 'encoder.anchor_encoder.semantics_fc.2.bias', 'encoder.anchor_encoder.semantics_fc.3.weight', 'encoder.anchor_encoder.semantics_fc.3.bias', 'encoder.anchor_encoder.semantics_fc.5.weight', 'encoder.anchor_encoder.semantics_fc.5.bias', 'encoder.anchor_encoder.offset_fc.0.weight', 'encoder.anchor_encoder.offset_fc.0.bias', 'encoder.anchor_encoder.offset_fc.2.weight', 'encoder.anchor_encoder.offset_fc.2.bias', 'encoder.anchor_encoder.offset_fc.3.weight', 'encoder.anchor_encoder.offset_fc.3.bias', 'encoder.anchor_encoder.offset_fc.5.weight', 'encoder.anchor_encoder.offset_fc.5.bias', 'encoder.anchor_encoder.output_fc.0.weight', 'encoder.anchor_encoder.output_fc.0.bias', 'encoder.anchor_encoder.output_fc.2.weight', 'encoder.anchor_encoder.output_fc.2.bias', 'encoder.anchor_encoder.output_fc.3.weight', 'encoder.anchor_encoder.output_fc.3.bias', 'encoder.anchor_encoder.output_fc.5.weight', 'encoder.anchor_encoder.output_fc.5.bias', 'encoder.layers.0.kps_generator.learnable_fc.weight', 'encoder.layers.0.kps_generator.learnable_fc.bias', 'encoder.layers.0.output_proj.weight', 'encoder.layers.0.output_proj.bias', 'encoder.layers.0.camera_encoder.0.weight', 'encoder.layers.0.camera_encoder.0.bias', 'encoder.layers.0.camera_encoder.2.weight', 'encoder.layers.0.camera_encoder.2.bias', 'encoder.layers.0.camera_encoder.3.weight', 'encoder.layers.0.camera_encoder.3.bias', 'encoder.layers.0.camera_encoder.5.weight', 'encoder.layers.0.camera_encoder.5.bias', 'encoder.layers.0.weights_fc.weight', 'encoder.layers.0.weights_fc.bias', 'encoder.layers.1.pre_norm.weight', 'encoder.layers.1.pre_norm.bias', 'encoder.layers.1.layers.0.0.weight', 'encoder.layers.1.layers.0.0.bias', 'encoder.layers.1.layers.1.weight', 'encoder.layers.1.layers.1.bias', 'encoder.layers.1.identity_fc.weight', 'encoder.layers.1.identity_fc.bias', 'encoder.layers.2.weight', 'encoder.layers.2.bias', 'encoder.layers.3.layers.0.weight', 'encoder.layers.3.layers.0.bias', 'encoder.layers.3.layers.2.weight', 'encoder.layers.3.layers.2.bias', 'encoder.layers.3.layers.4.weight', 'encoder.layers.3.layers.4.bias', 'encoder.layers.3.layers.5.weight', 'encoder.layers.3.layers.5.bias', 'encoder.layers.3.layers.7.weight', 'encoder.layers.3.layers.7.bias', 'encoder.layers.3.layers.9.weight', 'encoder.layers.3.layers.9.bias', 'encoder.layers.3.layers.10.weight', 'encoder.layers.3.layers.10.bias', 'encoder.layers.3.layers.11.scale', 'encoder.layers.4.layers.0.weight', 'encoder.layers.4.layers.0.bias', 'encoder.layers.4.layers.1.weight', 'encoder.layers.4.layers.1.bias', 'encoder.layers.4.layers.3.weight', 'encoder.layers.4.layers.3.bias', 'encoder.layers.4.layers.4.weight', 'encoder.layers.4.layers.4.bias', 'encoder.layers.4.layers.6.weight', 'encoder.layers.4.layers.6.bias', 'encoder.layers.4.layers.7.weight', 'encoder.layers.4.layers.7.bias', 'encoder.layers.4.output_proj.weight', 'encoder.layers.4.output_proj.bias', 'encoder.layers.5.weight', 'encoder.layers.5.bias', 'encoder.layers.6.kps_generator.learnable_fc.weight', 'encoder.layers.6.kps_generator.learnable_fc.bias', 'encoder.layers.6.output_proj.weight', 'encoder.layers.6.output_proj.bias', 'encoder.layers.6.camera_encoder.0.weight', 'encoder.layers.6.camera_encoder.0.bias', 'encoder.layers.6.camera_encoder.2.weight', 'encoder.layers.6.camera_encoder.2.bias', 'encoder.layers.6.camera_encoder.3.weight', 'encoder.layers.6.camera_encoder.3.bias', 'encoder.layers.6.camera_encoder.5.weight', 'encoder.layers.6.camera_encoder.5.bias', 'encoder.layers.6.weights_fc.weight', 'encoder.layers.6.weights_fc.bias', 'encoder.layers.7.pre_norm.weight', 'encoder.layers.7.pre_norm.bias', 'encoder.layers.7.layers.0.0.weight', 'encoder.layers.7.layers.0.0.bias', 'encoder.layers.7.layers.1.weight', 'encoder.layers.7.layers.1.bias', 'encoder.layers.7.identity_fc.weight', 'encoder.layers.7.identity_fc.bias', 'encoder.layers.8.weight', 'encoder.layers.8.bias', 'encoder.layers.9.layers.0.weight', 'encoder.layers.9.layers.0.bias', 'encoder.layers.9.layers.2.weight', 'encoder.layers.9.layers.2.bias', 'encoder.layers.9.layers.4.weight', 'encoder.layers.9.layers.4.bias', 'encoder.layers.9.layers.5.weight', 'encoder.layers.9.layers.5.bias', 'encoder.layers.9.layers.7.weight', 'encoder.layers.9.layers.7.bias', 'encoder.layers.9.layers.9.weight', 'encoder.layers.9.layers.9.bias', 'encoder.layers.9.layers.10.weight', 'encoder.layers.9.layers.10.bias', 'encoder.layers.9.layers.11.scale', 'encoder.layers.10.layers.0.weight', 'encoder.layers.10.layers.0.bias', 'encoder.layers.10.layers.1.weight', 'encoder.layers.10.layers.1.bias', 'encoder.layers.10.layers.3.weight', 'encoder.layers.10.layers.3.bias', 'encoder.layers.10.layers.4.weight', 'encoder.layers.10.layers.4.bias', 'encoder.layers.10.layers.6.weight', 'encoder.layers.10.layers.6.bias', 'encoder.layers.10.layers.7.weight', 'encoder.layers.10.layers.7.bias', 'encoder.layers.10.output_proj.weight', 'encoder.layers.10.output_proj.bias', 'encoder.layers.11.weight', 'encoder.layers.11.bias', 'encoder.layers.12.kps_generator.learnable_fc.weight', 'encoder.layers.12.kps_generator.learnable_fc.bias', 'encoder.layers.12.output_proj.weight', 'encoder.layers.12.output_proj.bias', 'encoder.layers.12.camera_encoder.0.weight', 'encoder.layers.12.camera_encoder.0.bias', 'encoder.layers.12.camera_encoder.2.weight', 'encoder.layers.12.camera_encoder.2.bias', 'encoder.layers.12.camera_encoder.3.weight', 'encoder.layers.12.camera_encoder.3.bias', 'encoder.layers.12.camera_encoder.5.weight', 'encoder.layers.12.camera_encoder.5.bias', 'encoder.layers.12.weights_fc.weight', 'encoder.layers.12.weights_fc.bias', 'encoder.layers.13.pre_norm.weight', 'encoder.layers.13.pre_norm.bias', 'encoder.layers.13.layers.0.0.weight', 'encoder.layers.13.layers.0.0.bias', 'encoder.layers.13.layers.1.weight', 'encoder.layers.13.layers.1.bias', 'encoder.layers.13.identity_fc.weight', 'encoder.layers.13.identity_fc.bias', 'encoder.layers.14.weight', 'encoder.layers.14.bias', 'encoder.layers.15.layers.0.weight', 'encoder.layers.15.layers.0.bias', 'encoder.layers.15.layers.2.weight', 'encoder.layers.15.layers.2.bias', 'encoder.layers.15.layers.4.weight', 'encoder.layers.15.layers.4.bias', 'encoder.layers.15.layers.5.weight', 'encoder.layers.15.layers.5.bias', 'encoder.layers.15.layers.7.weight', 'encoder.layers.15.layers.7.bias', 'encoder.layers.15.layers.9.weight', 'encoder.layers.15.layers.9.bias', 'encoder.layers.15.layers.10.weight', 'encoder.layers.15.layers.10.bias', 'encoder.layers.15.layers.11.scale', 'encoder.layers.16.layers.0.weight', 'encoder.layers.16.layers.0.bias', 'encoder.layers.16.layers.1.weight', 'encoder.layers.16.layers.1.bias', 'encoder.layers.16.layers.3.weight', 'encoder.layers.16.layers.3.bias', 'encoder.layers.16.layers.4.weight', 'encoder.layers.16.layers.4.bias', 'encoder.layers.16.layers.6.weight', 'encoder.layers.16.layers.6.bias', 'encoder.layers.16.layers.7.weight', 'encoder.layers.16.layers.7.bias', 'encoder.layers.16.output_proj.weight', 'encoder.layers.16.output_proj.bias', 'encoder.layers.17.weight', 'encoder.layers.17.bias', 'encoder.layers.18.kps_generator.learnable_fc.weight', 'encoder.layers.18.kps_generator.learnable_fc.bias', 'encoder.layers.18.output_proj.weight', 'encoder.layers.18.output_proj.bias', 'encoder.layers.18.camera_encoder.0.weight', 'encoder.layers.18.camera_encoder.0.bias', 'encoder.layers.18.camera_encoder.2.weight', 'encoder.layers.18.camera_encoder.2.bias', 'encoder.layers.18.camera_encoder.3.weight', 'encoder.layers.18.camera_encoder.3.bias', 'encoder.layers.18.camera_encoder.5.weight', 'encoder.layers.18.camera_encoder.5.bias', 'encoder.layers.18.weights_fc.weight', 'encoder.layers.18.weights_fc.bias', 'encoder.layers.19.pre_norm.weight', 'encoder.layers.19.pre_norm.bias', 'encoder.layers.19.layers.0.0.weight', 'encoder.layers.19.layers.0.0.bias', 'encoder.layers.19.layers.1.weight', 'encoder.layers.19.layers.1.bias', 'encoder.layers.19.identity_fc.weight', 'encoder.layers.19.identity_fc.bias', 'encoder.layers.20.weight', 'encoder.layers.20.bias', 'encoder.layers.21.layers.0.weight', 'encoder.layers.21.layers.0.bias', 'encoder.layers.21.layers.2.weight', 'encoder.layers.21.layers.2.bias', 'encoder.layers.21.layers.4.weight', 'encoder.layers.21.layers.4.bias', 'encoder.layers.21.layers.5.weight', 'encoder.layers.21.layers.5.bias', 'encoder.layers.21.layers.7.weight', 'encoder.layers.21.layers.7.bias', 'encoder.layers.21.layers.9.weight', 'encoder.layers.21.layers.9.bias', 'encoder.layers.21.layers.10.weight', 'encoder.layers.21.layers.10.bias', 'encoder.layers.21.layers.11.scale', 'temporal_encoder.anchor_encoder.xyz_fc.0.weight', 'temporal_encoder.anchor_encoder.xyz_fc.0.bias', 'temporal_encoder.anchor_encoder.xyz_fc.2.weight', 'temporal_encoder.anchor_encoder.xyz_fc.2.bias', 'temporal_encoder.anchor_encoder.xyz_fc.3.weight', 'temporal_encoder.anchor_encoder.xyz_fc.3.bias', 'temporal_encoder.anchor_encoder.xyz_fc.5.weight', 'temporal_encoder.anchor_encoder.xyz_fc.5.bias', 'temporal_encoder.anchor_encoder.scale_fc.0.weight', 'temporal_encoder.anchor_encoder.scale_fc.0.bias', 'temporal_encoder.anchor_encoder.scale_fc.2.weight', 'temporal_encoder.anchor_encoder.scale_fc.2.bias', 'temporal_encoder.anchor_encoder.scale_fc.3.weight', 'temporal_encoder.anchor_encoder.scale_fc.3.bias', 'temporal_encoder.anchor_encoder.scale_fc.5.weight', 'temporal_encoder.anchor_encoder.scale_fc.5.bias', 'temporal_encoder.anchor_encoder.rot_fc.0.weight', 'temporal_encoder.anchor_encoder.rot_fc.0.bias', 'temporal_encoder.anchor_encoder.rot_fc.2.weight', 'temporal_encoder.anchor_encoder.rot_fc.2.bias', 'temporal_encoder.anchor_encoder.rot_fc.3.weight', 'temporal_encoder.anchor_encoder.rot_fc.3.bias', 'temporal_encoder.anchor_encoder.rot_fc.5.weight', 'temporal_encoder.anchor_encoder.rot_fc.5.bias', 'temporal_encoder.anchor_encoder.opacity_fc.0.weight', 'temporal_encoder.anchor_encoder.opacity_fc.0.bias', 'temporal_encoder.anchor_encoder.opacity_fc.2.weight', 'temporal_encoder.anchor_encoder.opacity_fc.2.bias', 'temporal_encoder.anchor_encoder.opacity_fc.3.weight', 'temporal_encoder.anchor_encoder.opacity_fc.3.bias', 'temporal_encoder.anchor_encoder.opacity_fc.5.weight', 'temporal_encoder.anchor_encoder.opacity_fc.5.bias', 'temporal_encoder.anchor_encoder.semantics_fc.0.weight', 'temporal_encoder.anchor_encoder.semantics_fc.0.bias', 'temporal_encoder.anchor_encoder.semantics_fc.2.weight', 'temporal_encoder.anchor_encoder.semantics_fc.2.bias', 'temporal_encoder.anchor_encoder.semantics_fc.3.weight', 'temporal_encoder.anchor_encoder.semantics_fc.3.bias', 'temporal_encoder.anchor_encoder.semantics_fc.5.weight', 'temporal_encoder.anchor_encoder.semantics_fc.5.bias', 'temporal_encoder.anchor_encoder.offset_fc.0.weight', 'temporal_encoder.anchor_encoder.offset_fc.0.bias', 'temporal_encoder.anchor_encoder.offset_fc.2.weight', 'temporal_encoder.anchor_encoder.offset_fc.2.bias', 'temporal_encoder.anchor_encoder.offset_fc.3.weight', 'temporal_encoder.anchor_encoder.offset_fc.3.bias', 'temporal_encoder.anchor_encoder.offset_fc.5.weight', 'temporal_encoder.anchor_encoder.offset_fc.5.bias', 'temporal_encoder.anchor_encoder.output_fc.0.weight', 'temporal_encoder.anchor_encoder.output_fc.0.bias', 'temporal_encoder.anchor_encoder.output_fc.2.weight', 'temporal_encoder.anchor_encoder.output_fc.2.bias', 'temporal_encoder.anchor_encoder.output_fc.3.weight', 'temporal_encoder.anchor_encoder.output_fc.3.bias', 'temporal_encoder.anchor_encoder.output_fc.5.weight', 'temporal_encoder.anchor_encoder.output_fc.5.bias', 'temporal_encoder.layers.0.layers.0.weight', 'temporal_encoder.layers.0.layers.1.weight', 'temporal_encoder.layers.0.layers.1.bias', 'temporal_encoder.layers.0.layers.3.weight', 'temporal_encoder.layers.0.layers.4.weight', 'temporal_encoder.layers.0.layers.4.bias', 'temporal_encoder.layers.0.layers.6.weight', 'temporal_encoder.layers.0.layers.7.weight', 'temporal_encoder.layers.0.layers.7.bias', 'temporal_encoder.layers.0.output_proj.weight', 'temporal_encoder.layers.0.output_proj.bias', 'temporal_encoder.layers.1.layers.0.weight', 'temporal_encoder.layers.1.layers.0.bias', 'temporal_encoder.layers.1.layers.2.weight', 'temporal_encoder.layers.1.layers.2.bias', 'temporal_encoder.layers.1.layers.4.weight', 'temporal_encoder.layers.1.layers.4.bias', 'temporal_encoder.layers.1.layers.5.weight', 'temporal_encoder.layers.1.layers.5.bias', 'temporal_encoder.layers.1.layers.7.weight', 'temporal_encoder.layers.1.layers.7.bias', 'temporal_encoder.layers.1.layers.9.weight', 'temporal_encoder.layers.1.layers.9.bias', 'temporal_encoder.layers.1.layers.10.weight', 'temporal_encoder.layers.1.layers.10.bias', 'temporal_encoder.layers.1.layers.11.scale', 'temporal_encoder.layers.1.dynamic_layers.0.weight', 'temporal_encoder.layers.1.dynamic_layers.0.bias', 'temporal_encoder.layers.1.dynamic_layers.2.weight', 'temporal_encoder.layers.1.dynamic_layers.2.bias', 'temporal_encoder.layers.1.dynamic_layers.3.weight', 'temporal_encoder.layers.1.dynamic_layers.3.bias', 'temporal_encoder.layers.1.offset_layers.0.weight', 'temporal_encoder.layers.1.offset_layers.0.bias', 'temporal_encoder.layers.1.offset_layers.2.weight', 'temporal_encoder.layers.1.offset_layers.2.bias', 'temporal_encoder.layers.1.offset_layers.3.weight', 'temporal_encoder.layers.1.offset_layers.3.bias', 'temporal_encoder.layers.2.layers.0.weight', 'temporal_encoder.layers.2.layers.1.weight', 'temporal_encoder.layers.2.layers.1.bias', 'temporal_encoder.layers.2.layers.3.weight', 'temporal_encoder.layers.2.layers.4.weight', 'temporal_encoder.layers.2.layers.4.bias', 'temporal_encoder.layers.2.layers.6.weight', 'temporal_encoder.layers.2.layers.7.weight', 'temporal_encoder.layers.2.layers.7.bias', 'temporal_encoder.layers.2.output_proj.weight', 'temporal_encoder.layers.2.output_proj.bias', 'temporal_encoder.layers.3.layers.0.weight', 'temporal_encoder.layers.3.layers.0.bias', 'temporal_encoder.layers.3.layers.2.weight', 'temporal_encoder.layers.3.layers.2.bias', 'temporal_encoder.layers.3.layers.4.weight', 'temporal_encoder.layers.3.layers.4.bias', 'temporal_encoder.layers.3.layers.5.weight', 'temporal_encoder.layers.3.layers.5.bias', 'temporal_encoder.layers.3.layers.7.weight', 'temporal_encoder.layers.3.layers.7.bias', 'temporal_encoder.layers.3.layers.9.weight', 'temporal_encoder.layers.3.layers.9.bias', 'temporal_encoder.layers.3.layers.10.weight', 'temporal_encoder.layers.3.layers.10.bias', 'temporal_encoder.layers.3.layers.11.scale', 'temporal_encoder.layers.3.dynamic_layers.0.weight', 'temporal_encoder.layers.3.dynamic_layers.0.bias', 'temporal_encoder.layers.3.dynamic_layers.2.weight', 'temporal_encoder.layers.3.dynamic_layers.2.bias', 'temporal_encoder.layers.3.dynamic_layers.3.weight', 'temporal_encoder.layers.3.dynamic_layers.3.bias', 'temporal_encoder.layers.3.offset_layers.0.weight', 'temporal_encoder.layers.3.offset_layers.0.bias', 'temporal_encoder.layers.3.offset_layers.2.weight', 'temporal_encoder.layers.3.offset_layers.2.bias', 'temporal_encoder.layers.3.offset_layers.3.weight', 'temporal_encoder.layers.3.offset_layers.3.bias', 'temporal_encoder.layers.4.layers.0.weight', 'temporal_encoder.layers.4.layers.1.weight', 'temporal_encoder.layers.4.layers.1.bias', 'temporal_encoder.layers.4.layers.3.weight', 'temporal_encoder.layers.4.layers.4.weight', 'temporal_encoder.layers.4.layers.4.bias', 'temporal_encoder.layers.4.layers.6.weight', 'temporal_encoder.layers.4.layers.7.weight', 'temporal_encoder.layers.4.layers.7.bias', 'temporal_encoder.layers.4.output_proj.weight', 'temporal_encoder.layers.4.output_proj.bias', 'temporal_encoder.layers.5.layers.0.weight', 'temporal_encoder.layers.5.layers.0.bias', 'temporal_encoder.layers.5.layers.2.weight', 'temporal_encoder.layers.5.layers.2.bias', 'temporal_encoder.layers.5.layers.4.weight', 'temporal_encoder.layers.5.layers.4.bias', 'temporal_encoder.layers.5.layers.5.weight', 'temporal_encoder.layers.5.layers.5.bias', 'temporal_encoder.layers.5.layers.7.weight', 'temporal_encoder.layers.5.layers.7.bias', 'temporal_encoder.layers.5.layers.9.weight', 'temporal_encoder.layers.5.layers.9.bias', 'temporal_encoder.layers.5.layers.10.weight', 'temporal_encoder.layers.5.layers.10.bias', 'temporal_encoder.layers.5.layers.11.scale', 'temporal_encoder.layers.5.dynamic_layers.0.weight', 'temporal_encoder.layers.5.dynamic_layers.0.bias', 'temporal_encoder.layers.5.dynamic_layers.2.weight', 'temporal_encoder.layers.5.dynamic_layers.2.bias', 'temporal_encoder.layers.5.dynamic_layers.3.weight', 'temporal_encoder.layers.5.dynamic_layers.3.bias', 'temporal_encoder.layers.5.offset_layers.0.weight', 'temporal_encoder.layers.5.offset_layers.0.bias', 'temporal_encoder.layers.5.offset_layers.2.weight', 'temporal_encoder.layers.5.offset_layers.2.bias', 'temporal_encoder.layers.5.offset_layers.3.weight', 'temporal_encoder.layers.5.offset_layers.3.bias', 'head.empty_scalar', 'head.empty_mean', 'head.empty_scale', 'head.empty_rot', 'head.empty_sem', 'head.empty_opa', 'head.pc_min', 'head.grid_size', 'head.zero_tensor', 'head.aggregator.pc_min', 'head.future_generator.query_encoder.0.weight', 'head.future_generator.query_encoder.0.bias', 'head.future_generator.query_encoder.1.weight', 'head.future_generator.query_encoder.1.bias', 'head.future_generator.query_encoder.3.weight', 'head.future_generator.query_encoder.3.bias', 'head.future_generator.query_embedding.weight', 'head.future_generator.temporal_proj.weight', 'head.future_generator.temporal_proj.bias', 'head.future_generator.temporal_frame_embedding.weight', 'head.future_generator.image_proj.weight', 'head.future_generator.image_proj.bias', 'head.future_generator.image_frame_embedding.weight', 'head.future_generator.image_temporal_fusion.0.weight', 'head.future_generator.image_temporal_fusion.0.bias', 'head.future_generator.image_temporal_fusion.1.weight', 'head.future_generator.image_temporal_fusion.1.bias', 'head.future_generator.fusion.0.weight', 'head.future_generator.fusion.0.bias', 'head.future_generator.fusion.1.weight', 'head.future_generator.fusion.1.bias', 'head.future_generator.fusion.3.weight', 'head.future_generator.fusion.3.bias', 'decoder.global_step', 'decoder.backbone_3d.conv_input.0.weight', 'decoder.backbone_3d.conv_input.1.weight', 'decoder.backbone_3d.conv_input.1.bias', 'decoder.backbone_3d.conv_input.1.running_mean', 'decoder.backbone_3d.conv_input.1.running_var', 'decoder.backbone_3d.conv1.0.conv1.weight', 'decoder.backbone_3d.conv1.0.conv1.bias', 'decoder.backbone_3d.conv1.0.bn1.weight', 'decoder.backbone_3d.conv1.0.bn1.bias', 'decoder.backbone_3d.conv1.0.bn1.running_mean', 'decoder.backbone_3d.conv1.0.bn1.running_var', 'decoder.backbone_3d.conv1.0.conv2.weight', 'decoder.backbone_3d.conv1.0.conv2.bias', 'decoder.backbone_3d.conv1.0.bn2.weight', 'decoder.backbone_3d.conv1.0.bn2.bias', 'decoder.backbone_3d.conv1.0.bn2.running_mean', 'decoder.backbone_3d.conv1.0.bn2.running_var', 'decoder.backbone_3d.conv1.1.conv1.weight', 'decoder.backbone_3d.conv1.1.conv1.bias', 'decoder.backbone_3d.conv1.1.bn1.weight', 'decoder.backbone_3d.conv1.1.bn1.bias', 'decoder.backbone_3d.conv1.1.bn1.running_mean', 'decoder.backbone_3d.conv1.1.bn1.running_var', 'decoder.backbone_3d.conv1.1.conv2.weight', 'decoder.backbone_3d.conv1.1.conv2.bias', 'decoder.backbone_3d.conv1.1.bn2.weight', 'decoder.backbone_3d.conv1.1.bn2.bias', 'decoder.backbone_3d.conv1.1.bn2.running_mean', 'decoder.backbone_3d.conv1.1.bn2.running_var', 'decoder.backbone_3d.conv2.0.0.weight', 'decoder.backbone_3d.conv2.0.1.weight', 'decoder.backbone_3d.conv2.0.1.bias', 'decoder.backbone_3d.conv2.0.1.running_mean', 'decoder.backbone_3d.conv2.0.1.running_var', 'decoder.backbone_3d.conv2.1.conv1.weight', 'decoder.backbone_3d.conv2.1.conv1.bias', 'decoder.backbone_3d.conv2.1.bn1.weight', 'decoder.backbone_3d.conv2.1.bn1.bias', 'decoder.backbone_3d.conv2.1.bn1.running_mean', 'decoder.backbone_3d.conv2.1.bn1.running_var', 'decoder.backbone_3d.conv2.1.conv2.weight', 'decoder.backbone_3d.conv2.1.conv2.bias', 'decoder.backbone_3d.conv2.1.bn2.weight', 'decoder.backbone_3d.conv2.1.bn2.bias', 'decoder.backbone_3d.conv2.1.bn2.running_mean', 'decoder.backbone_3d.conv2.1.bn2.running_var', 'decoder.backbone_3d.conv2.2.conv1.weight', 'decoder.backbone_3d.conv2.2.conv1.bias', 'decoder.backbone_3d.conv2.2.bn1.weight', 'decoder.backbone_3d.conv2.2.bn1.bias', 'decoder.backbone_3d.conv2.2.bn1.running_mean', 'decoder.backbone_3d.conv2.2.bn1.running_var', 'decoder.backbone_3d.conv2.2.conv2.weight', 'decoder.backbone_3d.conv2.2.conv2.bias', 'decoder.backbone_3d.conv2.2.bn2.weight', 'decoder.backbone_3d.conv2.2.bn2.bias', 'decoder.backbone_3d.conv2.2.bn2.running_mean', 'decoder.backbone_3d.conv2.2.bn2.running_var', 'decoder.backbone_3d.conv3.0.0.weight', 'decoder.backbone_3d.conv3.0.1.weight', 'decoder.backbone_3d.conv3.0.1.bias', 'decoder.backbone_3d.conv3.0.1.running_mean', 'decoder.backbone_3d.conv3.0.1.running_var', 'decoder.backbone_3d.conv3.1.conv1.weight', 'decoder.backbone_3d.conv3.1.conv1.bias', 'decoder.backbone_3d.conv3.1.bn1.weight', 'decoder.backbone_3d.conv3.1.bn1.bias', 'decoder.backbone_3d.conv3.1.bn1.running_mean', 'decoder.backbone_3d.conv3.1.bn1.running_var', 'decoder.backbone_3d.conv3.1.conv2.weight', 'decoder.backbone_3d.conv3.1.conv2.bias', 'decoder.backbone_3d.conv3.1.bn2.weight', 'decoder.backbone_3d.conv3.1.bn2.bias', 'decoder.backbone_3d.conv3.1.bn2.running_mean', 'decoder.backbone_3d.conv3.1.bn2.running_var', 'decoder.backbone_3d.conv3.2.conv1.weight', 'decoder.backbone_3d.conv3.2.conv1.bias', 'decoder.backbone_3d.conv3.2.bn1.weight', 'decoder.backbone_3d.conv3.2.bn1.bias', 'decoder.backbone_3d.conv3.2.bn1.running_mean', 'decoder.backbone_3d.conv3.2.bn1.running_var', 'decoder.backbone_3d.conv3.2.conv2.weight', 'decoder.backbone_3d.conv3.2.conv2.bias', 'decoder.backbone_3d.conv3.2.bn2.weight', 'decoder.backbone_3d.conv3.2.bn2.bias', 'decoder.backbone_3d.conv3.2.bn2.running_mean', 'decoder.backbone_3d.conv3.2.bn2.running_var', 'decoder.backbone_3d.conv4.0.0.weight', 'decoder.backbone_3d.conv4.0.1.weight', 'decoder.backbone_3d.conv4.0.1.bias', 'decoder.backbone_3d.conv4.0.1.running_mean', 'decoder.backbone_3d.conv4.0.1.running_var', 'decoder.backbone_3d.conv4.1.conv1.weight', 'decoder.backbone_3d.conv4.1.conv1.bias', 'decoder.backbone_3d.conv4.1.bn1.weight', 'decoder.backbone_3d.conv4.1.bn1.bias', 'decoder.backbone_3d.conv4.1.bn1.running_mean', 'decoder.backbone_3d.conv4.1.bn1.running_var', 'decoder.backbone_3d.conv4.1.conv2.weight', 'decoder.backbone_3d.conv4.1.conv2.bias', 'decoder.backbone_3d.conv4.1.bn2.weight', 'decoder.backbone_3d.conv4.1.bn2.bias', 'decoder.backbone_3d.conv4.1.bn2.running_mean', 'decoder.backbone_3d.conv4.1.bn2.running_var', 'decoder.backbone_3d.conv4.2.conv1.weight', 'decoder.backbone_3d.conv4.2.conv1.bias', 'decoder.backbone_3d.conv4.2.bn1.weight', 'decoder.backbone_3d.conv4.2.bn1.bias', 'decoder.backbone_3d.conv4.2.bn1.running_mean', 'decoder.backbone_3d.conv4.2.bn1.running_var', 'decoder.backbone_3d.conv4.2.conv2.weight', 'decoder.backbone_3d.conv4.2.conv2.bias', 'decoder.backbone_3d.conv4.2.bn2.weight', 'decoder.backbone_3d.conv4.2.bn2.bias', 'decoder.backbone_3d.conv4.2.bn2.running_mean', 'decoder.backbone_3d.conv4.2.bn2.running_var', 'decoder.backbone_3d.conv5.0.0.weight', 'decoder.backbone_3d.conv5.0.1.weight', 'decoder.backbone_3d.conv5.0.1.bias', 'decoder.backbone_3d.conv5.0.1.running_mean', 'decoder.backbone_3d.conv5.0.1.running_var', 'decoder.backbone_3d.conv5.1.conv1.weight', 'decoder.backbone_3d.conv5.1.conv1.bias', 'decoder.backbone_3d.conv5.1.bn1.weight', 'decoder.backbone_3d.conv5.1.bn1.bias', 'decoder.backbone_3d.conv5.1.bn1.running_mean', 'decoder.backbone_3d.conv5.1.bn1.running_var', 'decoder.backbone_3d.conv5.1.conv2.weight', 'decoder.backbone_3d.conv5.1.conv2.bias', 'decoder.backbone_3d.conv5.1.bn2.weight', 'decoder.backbone_3d.conv5.1.bn2.bias', 'decoder.backbone_3d.conv5.1.bn2.running_mean', 'decoder.backbone_3d.conv5.1.bn2.running_var', 'decoder.backbone_3d.conv5.2.conv1.weight', 'decoder.backbone_3d.conv5.2.conv1.bias', 'decoder.backbone_3d.conv5.2.bn1.weight', 'decoder.backbone_3d.conv5.2.bn1.bias', 'decoder.backbone_3d.conv5.2.bn1.running_mean', 'decoder.backbone_3d.conv5.2.bn1.running_var', 'decoder.backbone_3d.conv5.2.conv2.weight', 'decoder.backbone_3d.conv5.2.conv2.bias', 'decoder.backbone_3d.conv5.2.bn2.weight', 'decoder.backbone_3d.conv5.2.bn2.bias', 'decoder.backbone_3d.conv5.2.bn2.running_mean', 'decoder.backbone_3d.conv5.2.bn2.running_var', 'decoder.backbone_3d.conv6.0.0.weight', 'decoder.backbone_3d.conv6.0.1.weight', 'decoder.backbone_3d.conv6.0.1.bias', 'decoder.backbone_3d.conv6.0.1.running_mean', 'decoder.backbone_3d.conv6.0.1.running_var', 'decoder.backbone_3d.conv6.1.conv1.weight', 'decoder.backbone_3d.conv6.1.conv1.bias', 'decoder.backbone_3d.conv6.1.bn1.weight', 'decoder.backbone_3d.conv6.1.bn1.bias', 'decoder.backbone_3d.conv6.1.bn1.running_mean', 'decoder.backbone_3d.conv6.1.bn1.running_var', 'decoder.backbone_3d.conv6.1.conv2.weight', 'decoder.backbone_3d.conv6.1.conv2.bias', 'decoder.backbone_3d.conv6.1.bn2.weight', 'decoder.backbone_3d.conv6.1.bn2.bias', 'decoder.backbone_3d.conv6.1.bn2.running_mean', 'decoder.backbone_3d.conv6.1.bn2.running_var', 'decoder.backbone_3d.conv6.2.conv1.weight', 'decoder.backbone_3d.conv6.2.conv1.bias', 'decoder.backbone_3d.conv6.2.bn1.weight', 'decoder.backbone_3d.conv6.2.bn1.bias', 'decoder.backbone_3d.conv6.2.bn1.running_mean', 'decoder.backbone_3d.conv6.2.bn1.running_var', 'decoder.backbone_3d.conv6.2.conv2.weight', 'decoder.backbone_3d.conv6.2.conv2.bias', 'decoder.backbone_3d.conv6.2.bn2.weight', 'decoder.backbone_3d.conv6.2.bn2.bias', 'decoder.backbone_3d.conv6.2.bn2.running_mean', 'decoder.backbone_3d.conv6.2.bn2.running_var', 'decoder.backbone_3d.conv_out.0.weight', 'decoder.backbone_3d.conv_out.1.weight', 'decoder.backbone_3d.conv_out.1.bias', 'decoder.backbone_3d.conv_out.1.running_mean', 'decoder.backbone_3d.conv_out.1.running_var', 'decoder.backbone_3d.shared_conv.0.weight', 'decoder.backbone_3d.shared_conv.0.bias', 'decoder.backbone_3d.shared_conv.1.weight', 'decoder.backbone_3d.shared_conv.1.bias', 'decoder.backbone_3d.shared_conv.1.running_mean', 'decoder.backbone_3d.shared_conv.1.running_var', 'decoder.dense_head.heads_list.0.center.0.0.weight', 'decoder.dense_head.heads_list.0.center.0.0.bias', 'decoder.dense_head.heads_list.0.center.0.1.weight', 'decoder.dense_head.heads_list.0.center.0.1.bias', 'decoder.dense_head.heads_list.0.center.0.1.running_mean', 'decoder.dense_head.heads_list.0.center.0.1.running_var', 'decoder.dense_head.heads_list.0.center.1.weight', 'decoder.dense_head.heads_list.0.center.1.bias', 'decoder.dense_head.heads_list.0.center_z.0.0.weight', 'decoder.dense_head.heads_list.0.center_z.0.0.bias', 'decoder.dense_head.heads_list.0.center_z.0.1.weight', 'decoder.dense_head.heads_list.0.center_z.0.1.bias', 'decoder.dense_head.heads_list.0.center_z.0.1.running_mean', 'decoder.dense_head.heads_list.0.center_z.0.1.running_var', 'decoder.dense_head.heads_list.0.center_z.1.weight', 'decoder.dense_head.heads_list.0.center_z.1.bias', 'decoder.dense_head.heads_list.0.dim.0.0.weight', 'decoder.dense_head.heads_list.0.dim.0.0.bias', 'decoder.dense_head.heads_list.0.dim.0.1.weight', 'decoder.dense_head.heads_list.0.dim.0.1.bias', 'decoder.dense_head.heads_list.0.dim.0.1.running_mean', 'decoder.dense_head.heads_list.0.dim.0.1.running_var', 'decoder.dense_head.heads_list.0.dim.1.weight', 'decoder.dense_head.heads_list.0.dim.1.bias', 'decoder.dense_head.heads_list.0.rot.0.0.weight', 'decoder.dense_head.heads_list.0.rot.0.0.bias', 'decoder.dense_head.heads_list.0.rot.0.1.weight', 'decoder.dense_head.heads_list.0.rot.0.1.bias', 'decoder.dense_head.heads_list.0.rot.0.1.running_mean', 'decoder.dense_head.heads_list.0.rot.0.1.running_var', 'decoder.dense_head.heads_list.0.rot.1.weight', 'decoder.dense_head.heads_list.0.rot.1.bias', 'decoder.dense_head.heads_list.0.vel.0.0.weight', 'decoder.dense_head.heads_list.0.vel.0.0.bias', 'decoder.dense_head.heads_list.0.vel.0.1.weight', 'decoder.dense_head.heads_list.0.vel.0.1.bias', 'decoder.dense_head.heads_list.0.vel.0.1.running_mean', 'decoder.dense_head.heads_list.0.vel.0.1.running_var', 'decoder.dense_head.heads_list.0.vel.1.weight', 'decoder.dense_head.heads_list.0.vel.1.bias', 'decoder.dense_head.heads_list.0.hm.0.0.weight', 'decoder.dense_head.heads_list.0.hm.0.0.bias', 'decoder.dense_head.heads_list.0.hm.0.1.weight', 'decoder.dense_head.heads_list.0.hm.0.1.bias', 'decoder.dense_head.heads_list.0.hm.0.1.running_mean', 'decoder.dense_head.heads_list.0.hm.0.1.running_var', 'decoder.dense_head.heads_list.0.hm.1.weight', 'decoder.dense_head.heads_list.0.hm.1.bias', 'decoder.dense_head.heads_list.1.center.0.0.weight', 'decoder.dense_head.heads_list.1.center.0.0.bias', 'decoder.dense_head.heads_list.1.center.0.1.weight', 'decoder.dense_head.heads_list.1.center.0.1.bias', 'decoder.dense_head.heads_list.1.center.0.1.running_mean', 'decoder.dense_head.heads_list.1.center.0.1.running_var', 'decoder.dense_head.heads_list.1.center.1.weight', 'decoder.dense_head.heads_list.1.center.1.bias', 'decoder.dense_head.heads_list.1.center_z.0.0.weight', 'decoder.dense_head.heads_list.1.center_z.0.0.bias', 'decoder.dense_head.heads_list.1.center_z.0.1.weight', 'decoder.dense_head.heads_list.1.center_z.0.1.bias', 'decoder.dense_head.heads_list.1.center_z.0.1.running_mean', 'decoder.dense_head.heads_list.1.center_z.0.1.running_var', 'decoder.dense_head.heads_list.1.center_z.1.weight', 'decoder.dense_head.heads_list.1.center_z.1.bias', 'decoder.dense_head.heads_list.1.dim.0.0.weight', 'decoder.dense_head.heads_list.1.dim.0.0.bias', 'decoder.dense_head.heads_list.1.dim.0.1.weight', 'decoder.dense_head.heads_list.1.dim.0.1.bias', 'decoder.dense_head.heads_list.1.dim.0.1.running_mean', 'decoder.dense_head.heads_list.1.dim.0.1.running_var', 'decoder.dense_head.heads_list.1.dim.1.weight', 'decoder.dense_head.heads_list.1.dim.1.bias', 'decoder.dense_head.heads_list.1.rot.0.0.weight', 'decoder.dense_head.heads_list.1.rot.0.0.bias', 'decoder.dense_head.heads_list.1.rot.0.1.weight', 'decoder.dense_head.heads_list.1.rot.0.1.bias', 'decoder.dense_head.heads_list.1.rot.0.1.running_mean', 'decoder.dense_head.heads_list.1.rot.0.1.running_var', 'decoder.dense_head.heads_list.1.rot.1.weight', 'decoder.dense_head.heads_list.1.rot.1.bias', 'decoder.dense_head.heads_list.1.vel.0.0.weight', 'decoder.dense_head.heads_list.1.vel.0.0.bias', 'decoder.dense_head.heads_list.1.vel.0.1.weight', 'decoder.dense_head.heads_list.1.vel.0.1.bias', 'decoder.dense_head.heads_list.1.vel.0.1.running_mean', 'decoder.dense_head.heads_list.1.vel.0.1.running_var', 'decoder.dense_head.heads_list.1.vel.1.weight', 'decoder.dense_head.heads_list.1.vel.1.bias', 'decoder.dense_head.heads_list.1.hm.0.0.weight', 'decoder.dense_head.heads_list.1.hm.0.0.bias', 'decoder.dense_head.heads_list.1.hm.0.1.weight', 'decoder.dense_head.heads_list.1.hm.0.1.bias', 'decoder.dense_head.heads_list.1.hm.0.1.running_mean', 'decoder.dense_head.heads_list.1.hm.0.1.running_var', 'decoder.dense_head.heads_list.1.hm.1.weight', 'decoder.dense_head.heads_list.1.hm.1.bias', 'decoder.dense_head.heads_list.2.center.0.0.weight', 'decoder.dense_head.heads_list.2.center.0.0.bias', 'decoder.dense_head.heads_list.2.center.0.1.weight', 'decoder.dense_head.heads_list.2.center.0.1.bias', 'decoder.dense_head.heads_list.2.center.0.1.running_mean', 'decoder.dense_head.heads_list.2.center.0.1.running_var', 'decoder.dense_head.heads_list.2.center.1.weight', 'decoder.dense_head.heads_list.2.center.1.bias', 'decoder.dense_head.heads_list.2.center_z.0.0.weight', 'decoder.dense_head.heads_list.2.center_z.0.0.bias', 'decoder.dense_head.heads_list.2.center_z.0.1.weight', 'decoder.dense_head.heads_list.2.center_z.0.1.bias', 'decoder.dense_head.heads_list.2.center_z.0.1.running_mean', 'decoder.dense_head.heads_list.2.center_z.0.1.running_var', 'decoder.dense_head.heads_list.2.center_z.1.weight', 'decoder.dense_head.heads_list.2.center_z.1.bias', 'decoder.dense_head.heads_list.2.dim.0.0.weight', 'decoder.dense_head.heads_list.2.dim.0.0.bias', 'decoder.dense_head.heads_list.2.dim.0.1.weight', 'decoder.dense_head.heads_list.2.dim.0.1.bias', 'decoder.dense_head.heads_list.2.dim.0.1.running_mean', 'decoder.dense_head.heads_list.2.dim.0.1.running_var', 'decoder.dense_head.heads_list.2.dim.1.weight', 'decoder.dense_head.heads_list.2.dim.1.bias', 'decoder.dense_head.heads_list.2.rot.0.0.weight', 'decoder.dense_head.heads_list.2.rot.0.0.bias', 'decoder.dense_head.heads_list.2.rot.0.1.weight', 'decoder.dense_head.heads_list.2.rot.0.1.bias', 'decoder.dense_head.heads_list.2.rot.0.1.running_mean', 'decoder.dense_head.heads_list.2.rot.0.1.running_var', 'decoder.dense_head.heads_list.2.rot.1.weight', 'decoder.dense_head.heads_list.2.rot.1.bias', 'decoder.dense_head.heads_list.2.vel.0.0.weight', 'decoder.dense_head.heads_list.2.vel.0.0.bias', 'decoder.dense_head.heads_list.2.vel.0.1.weight', 'decoder.dense_head.heads_list.2.vel.0.1.bias', 'decoder.dense_head.heads_list.2.vel.0.1.running_mean', 'decoder.dense_head.heads_list.2.vel.0.1.running_var', 'decoder.dense_head.heads_list.2.vel.1.weight', 'decoder.dense_head.heads_list.2.vel.1.bias', 'decoder.dense_head.heads_list.2.hm.0.0.weight', 'decoder.dense_head.heads_list.2.hm.0.0.bias', 'decoder.dense_head.heads_list.2.hm.0.1.weight', 'decoder.dense_head.heads_list.2.hm.0.1.bias', 'decoder.dense_head.heads_list.2.hm.0.1.running_mean', 'decoder.dense_head.heads_list.2.hm.0.1.running_var', 'decoder.dense_head.heads_list.2.hm.1.weight', 'decoder.dense_head.heads_list.2.hm.1.bias', 'decoder.dense_head.heads_list.3.center.0.0.weight', 'decoder.dense_head.heads_list.3.center.0.0.bias', 'decoder.dense_head.heads_list.3.center.0.1.weight', 'decoder.dense_head.heads_list.3.center.0.1.bias', 'decoder.dense_head.heads_list.3.center.0.1.running_mean', 'decoder.dense_head.heads_list.3.center.0.1.running_var', 'decoder.dense_head.heads_list.3.center.1.weight', 'decoder.dense_head.heads_list.3.center.1.bias', 'decoder.dense_head.heads_list.3.center_z.0.0.weight', 'decoder.dense_head.heads_list.3.center_z.0.0.bias', 'decoder.dense_head.heads_list.3.center_z.0.1.weight', 'decoder.dense_head.heads_list.3.center_z.0.1.bias', 'decoder.dense_head.heads_list.3.center_z.0.1.running_mean', 'decoder.dense_head.heads_list.3.center_z.0.1.running_var', 'decoder.dense_head.heads_list.3.center_z.1.weight', 'decoder.dense_head.heads_list.3.center_z.1.bias', 'decoder.dense_head.heads_list.3.dim.0.0.weight', 'decoder.dense_head.heads_list.3.dim.0.0.bias', 'decoder.dense_head.heads_list.3.dim.0.1.weight', 'decoder.dense_head.heads_list.3.dim.0.1.bias', 'decoder.dense_head.heads_list.3.dim.0.1.running_mean', 'decoder.dense_head.heads_list.3.dim.0.1.running_var', 'decoder.dense_head.heads_list.3.dim.1.weight', 'decoder.dense_head.heads_list.3.dim.1.bias', 'decoder.dense_head.heads_list.3.rot.0.0.weight', 'decoder.dense_head.heads_list.3.rot.0.0.bias', 'decoder.dense_head.heads_list.3.rot.0.1.weight', 'decoder.dense_head.heads_list.3.rot.0.1.bias', 'decoder.dense_head.heads_list.3.rot.0.1.running_mean', 'decoder.dense_head.heads_list.3.rot.0.1.running_var', 'decoder.dense_head.heads_list.3.rot.1.weight', 'decoder.dense_head.heads_list.3.rot.1.bias', 'decoder.dense_head.heads_list.3.vel.0.0.weight', 'decoder.dense_head.heads_list.3.vel.0.0.bias', 'decoder.dense_head.heads_list.3.vel.0.1.weight', 'decoder.dense_head.heads_list.3.vel.0.1.bias', 'decoder.dense_head.heads_list.3.vel.0.1.running_mean', 'decoder.dense_head.heads_list.3.vel.0.1.running_var', 'decoder.dense_head.heads_list.3.vel.1.weight', 'decoder.dense_head.heads_list.3.vel.1.bias', 'decoder.dense_head.heads_list.3.hm.0.0.weight', 'decoder.dense_head.heads_list.3.hm.0.0.bias', 'decoder.dense_head.heads_list.3.hm.0.1.weight', 'decoder.dense_head.heads_list.3.hm.0.1.bias', 'decoder.dense_head.heads_list.3.hm.0.1.running_mean', 'decoder.dense_head.heads_list.3.hm.0.1.running_var', 'decoder.dense_head.heads_list.3.hm.1.weight', 'decoder.dense_head.heads_list.3.hm.1.bias', 'decoder.dense_head.heads_list.4.center.0.0.weight', 'decoder.dense_head.heads_list.4.center.0.0.bias', 'decoder.dense_head.heads_list.4.center.0.1.weight', 'decoder.dense_head.heads_list.4.center.0.1.bias', 'decoder.dense_head.heads_list.4.center.0.1.running_mean', 'decoder.dense_head.heads_list.4.center.0.1.running_var', 'decoder.dense_head.heads_list.4.center.1.weight', 'decoder.dense_head.heads_list.4.center.1.bias', 'decoder.dense_head.heads_list.4.center_z.0.0.weight', 'decoder.dense_head.heads_list.4.center_z.0.0.bias', 'decoder.dense_head.heads_list.4.center_z.0.1.weight', 'decoder.dense_head.heads_list.4.center_z.0.1.bias', 'decoder.dense_head.heads_list.4.center_z.0.1.running_mean', 'decoder.dense_head.heads_list.4.center_z.0.1.running_var', 'decoder.dense_head.heads_list.4.center_z.1.weight', 'decoder.dense_head.heads_list.4.center_z.1.bias', 'decoder.dense_head.heads_list.4.dim.0.0.weight', 'decoder.dense_head.heads_list.4.dim.0.0.bias', 'decoder.dense_head.heads_list.4.dim.0.1.weight', 'decoder.dense_head.heads_list.4.dim.0.1.bias', 'decoder.dense_head.heads_list.4.dim.0.1.running_mean', 'decoder.dense_head.heads_list.4.dim.0.1.running_var', 'decoder.dense_head.heads_list.4.dim.1.weight', 'decoder.dense_head.heads_list.4.dim.1.bias', 'decoder.dense_head.heads_list.4.rot.0.0.weight', 'decoder.dense_head.heads_list.4.rot.0.0.bias', 'decoder.dense_head.heads_list.4.rot.0.1.weight', 'decoder.dense_head.heads_list.4.rot.0.1.bias', 'decoder.dense_head.heads_list.4.rot.0.1.running_mean', 'decoder.dense_head.heads_list.4.rot.0.1.running_var', 'decoder.dense_head.heads_list.4.rot.1.weight', 'decoder.dense_head.heads_list.4.rot.1.bias', 'decoder.dense_head.heads_list.4.vel.0.0.weight', 'decoder.dense_head.heads_list.4.vel.0.0.bias', 'decoder.dense_head.heads_list.4.vel.0.1.weight', 'decoder.dense_head.heads_list.4.vel.0.1.bias', 'decoder.dense_head.heads_list.4.vel.0.1.running_mean', 'decoder.dense_head.heads_list.4.vel.0.1.running_var', 'decoder.dense_head.heads_list.4.vel.1.weight', 'decoder.dense_head.heads_list.4.vel.1.bias', 'decoder.dense_head.heads_list.4.hm.0.0.weight', 'decoder.dense_head.heads_list.4.hm.0.0.bias', 'decoder.dense_head.heads_list.4.hm.0.1.weight', 'decoder.dense_head.heads_list.4.hm.0.1.bias', 'decoder.dense_head.heads_list.4.hm.0.1.running_mean', 'decoder.dense_head.heads_list.4.hm.0.1.running_var', 'decoder.dense_head.heads_list.4.hm.1.weight', 'decoder.dense_head.heads_list.4.hm.1.bias', 'decoder.dense_head.heads_list.5.center.0.0.weight', 'decoder.dense_head.heads_list.5.center.0.0.bias', 'decoder.dense_head.heads_list.5.center.0.1.weight', 'decoder.dense_head.heads_list.5.center.0.1.bias', 'decoder.dense_head.heads_list.5.center.0.1.running_mean', 'decoder.dense_head.heads_list.5.center.0.1.running_var', 'decoder.dense_head.heads_list.5.center.1.weight', 'decoder.dense_head.heads_list.5.center.1.bias', 'decoder.dense_head.heads_list.5.center_z.0.0.weight', 'decoder.dense_head.heads_list.5.center_z.0.0.bias', 'decoder.dense_head.heads_list.5.center_z.0.1.weight', 'decoder.dense_head.heads_list.5.center_z.0.1.bias', 'decoder.dense_head.heads_list.5.center_z.0.1.running_mean', 'decoder.dense_head.heads_list.5.center_z.0.1.running_var', 'decoder.dense_head.heads_list.5.center_z.1.weight', 'decoder.dense_head.heads_list.5.center_z.1.bias', 'decoder.dense_head.heads_list.5.dim.0.0.weight', 'decoder.dense_head.heads_list.5.dim.0.0.bias', 'decoder.dense_head.heads_list.5.dim.0.1.weight', 'decoder.dense_head.heads_list.5.dim.0.1.bias', 'decoder.dense_head.heads_list.5.dim.0.1.running_mean', 'decoder.dense_head.heads_list.5.dim.0.1.running_var', 'decoder.dense_head.heads_list.5.dim.1.weight', 'decoder.dense_head.heads_list.5.dim.1.bias', 'decoder.dense_head.heads_list.5.rot.0.0.weight', 'decoder.dense_head.heads_list.5.rot.0.0.bias', 'decoder.dense_head.heads_list.5.rot.0.1.weight', 'decoder.dense_head.heads_list.5.rot.0.1.bias', 'decoder.dense_head.heads_list.5.rot.0.1.running_mean', 'decoder.dense_head.heads_list.5.rot.0.1.running_var', 'decoder.dense_head.heads_list.5.rot.1.weight', 'decoder.dense_head.heads_list.5.rot.1.bias', 'decoder.dense_head.heads_list.5.vel.0.0.weight', 'decoder.dense_head.heads_list.5.vel.0.0.bias', 'decoder.dense_head.heads_list.5.vel.0.1.weight', 'decoder.dense_head.heads_list.5.vel.0.1.bias', 'decoder.dense_head.heads_list.5.vel.0.1.running_mean', 'decoder.dense_head.heads_list.5.vel.0.1.running_var', 'decoder.dense_head.heads_list.5.vel.1.weight', 'decoder.dense_head.heads_list.5.vel.1.bias', 'decoder.dense_head.heads_list.5.hm.0.0.weight', 'decoder.dense_head.heads_list.5.hm.0.0.bias', 'decoder.dense_head.heads_list.5.hm.0.1.weight', 'decoder.dense_head.heads_list.5.hm.0.1.bias', 'decoder.dense_head.heads_list.5.hm.0.1.running_mean', 'decoder.dense_head.heads_list.5.hm.0.1.running_var', 'decoder.dense_head.heads_list.5.hm.1.weight', 'decoder.dense_head.heads_list.5.hm.1.bias', 'map_decoder.pts_bbox_head.code_weights', 'map_decoder.pts_bbox_head.loss_seg.loss_fn.pos_weight', 'map_decoder.pts_bbox_head.loss_pv_seg.loss_fn.pos_weight', 'map_decoder.pts_bbox_head.map_adapter_layers.0.0.weight', 'map_decoder.pts_bbox_head.map_adapter_layers.0.0.bias', 'map_decoder.pts_bbox_head.map_adapter_layers.0.1.weight', 'map_decoder.pts_bbox_head.map_adapter_layers.0.1.bias', 'map_decoder.pts_bbox_head.map_adapter_layers.0.1.running_mean', 'map_decoder.pts_bbox_head.map_adapter_layers.0.1.running_var', 'map_decoder.pts_bbox_head.map_adapter_layers.1.weight', 'map_decoder.pts_bbox_head.map_adapter_layers.1.bias', 'map_decoder.pts_bbox_head.cls_branches.0.weight', 'map_decoder.pts_bbox_head.cls_branches.0.bias', 'map_decoder.pts_bbox_head.cls_branches.1.weight', 'map_decoder.pts_bbox_head.cls_branches.1.bias', 'map_decoder.pts_bbox_head.cls_branches.3.weight', 'map_decoder.pts_bbox_head.cls_branches.3.bias', 'map_decoder.pts_bbox_head.cls_branches.4.weight', 'map_decoder.pts_bbox_head.cls_branches.4.bias', 'map_decoder.pts_bbox_head.cls_branches.6.weight', 'map_decoder.pts_bbox_head.cls_branches.6.bias', 'map_decoder.pts_bbox_head.reg_branches.0.weight', 'map_decoder.pts_bbox_head.reg_branches.0.bias', 'map_decoder.pts_bbox_head.reg_branches.2.weight', 'map_decoder.pts_bbox_head.reg_branches.2.bias', 'map_decoder.pts_bbox_head.reg_branches.4.weight', 'map_decoder.pts_bbox_head.reg_branches.4.bias', 'map_decoder.pts_bbox_head.reg_branches.6.weight', 'map_decoder.pts_bbox_head.reg_branches.6.bias', 'planner_head.ego_query.weight', 'planner_head.ego_agent_decoder.layers.0.attentions.0.attn.in_proj_weight', 'planner_head.ego_agent_decoder.layers.0.attentions.0.attn.in_proj_bias', 'planner_head.ego_agent_decoder.layers.0.attentions.0.attn.out_proj.weight', 'planner_head.ego_agent_decoder.layers.0.attentions.0.attn.out_proj.bias', 'planner_head.ego_agent_decoder.layers.0.ffns.0.layers.0.0.weight', 'planner_head.ego_agent_decoder.layers.0.ffns.0.layers.0.0.bias', 'planner_head.ego_agent_decoder.layers.0.ffns.0.layers.1.weight', 'planner_head.ego_agent_decoder.layers.0.ffns.0.layers.1.bias', 'planner_head.ego_agent_decoder.layers.0.norms.0.weight', 'planner_head.ego_agent_decoder.layers.0.norms.0.bias', 'planner_head.ego_agent_decoder.layers.0.norms.1.weight', 'planner_head.ego_agent_decoder.layers.0.norms.1.bias', 'planner_head.ego_map_decoder.layers.0.attentions.0.attn.in_proj_weight', 'planner_head.ego_map_decoder.layers.0.attentions.0.attn.in_proj_bias', 'planner_head.ego_map_decoder.layers.0.attentions.0.attn.out_proj.weight', 'planner_head.ego_map_decoder.layers.0.attentions.0.attn.out_proj.bias', 'planner_head.ego_map_decoder.layers.0.ffns.0.layers.0.0.weight', 'planner_head.ego_map_decoder.layers.0.ffns.0.layers.0.0.bias', 'planner_head.ego_map_decoder.layers.0.ffns.0.layers.1.weight', 'planner_head.ego_map_decoder.layers.0.ffns.0.layers.1.bias', 'planner_head.ego_map_decoder.layers.0.norms.0.weight', 'planner_head.ego_map_decoder.layers.0.norms.0.bias', 'planner_head.ego_map_decoder.layers.0.norms.1.weight', 'planner_head.ego_map_decoder.layers.0.norms.1.bias', 'planner_head.ego_gaussian_decoder.layers.0.attentions.0.attn.in_proj_weight', 'planner_head.ego_gaussian_decoder.layers.0.attentions.0.attn.in_proj_bias', 'planner_head.ego_gaussian_decoder.layers.0.attentions.0.attn.out_proj.weight', 'planner_head.ego_gaussian_decoder.layers.0.attentions.0.attn.out_proj.bias', 'planner_head.ego_gaussian_decoder.layers.0.ffns.0.layers.0.0.weight', 'planner_head.ego_gaussian_decoder.layers.0.ffns.0.layers.0.0.bias', 'planner_head.ego_gaussian_decoder.layers.0.ffns.0.layers.1.weight', 'planner_head.ego_gaussian_decoder.layers.0.ffns.0.layers.1.bias', 'planner_head.ego_gaussian_decoder.layers.0.norms.0.weight', 'planner_head.ego_gaussian_decoder.layers.0.norms.0.bias', 'planner_head.ego_gaussian_decoder.layers.0.norms.1.weight', 'planner_head.ego_gaussian_decoder.layers.0.norms.1.bias', 'planner_head.ego_fut_decoder.0.weight', 'planner_head.ego_fut_decoder.0.bias', 'planner_head.ego_fut_decoder.2.weight', 'planner_head.ego_fut_decoder.2.bias', 'planner_head.ego_fut_decoder.4.weight', 'planner_head.ego_fut_decoder.4.bias', 'planner_head.agent_fus_mlp.0.weight', 'planner_head.agent_fus_mlp.0.bias', 'planner_head.agent_fus_mlp.1.weight', 'planner_head.agent_fus_mlp.1.bias', 'planner_head.agent_fus_mlp.3.weight', 'planner_head.agent_fus_mlp.3.bias', 'planner_head.map_fus_mlp.0.weight', 'planner_head.map_fus_mlp.0.bias', 'planner_head.map_fus_mlp.1.weight', 'planner_head.map_fus_mlp.1.bias', 'planner_head.map_fus_mlp.3.weight', 'planner_head.map_fus_mlp.3.bias', 'planner_head.gaussian_fus_mlp.0.weight', 'planner_head.gaussian_fus_mlp.0.bias', 'planner_head.gaussian_fus_mlp.1.weight', 'planner_head.gaussian_fus_mlp.1.bias', 'planner_head.gaussian_fus_mlp.3.weight', 'planner_head.gaussian_fus_mlp.3.bias'], unexpected_keys=['bbox_head.bld_alpha', 'bbox_head.cls_convs.0.conv.weight', 'bbox_head.cls_convs.0.conv.bias', 'bbox_head.cls_convs.0.gn.weight', 'bbox_head.cls_convs.0.gn.bias', 'bbox_head.cls_convs.1.conv.weight', 'bbox_head.cls_convs.1.conv.bias', 'bbox_head.cls_convs.1.conv.conv_offset.weight', 'bbox_head.cls_convs.1.conv.conv_offset.bias', 'bbox_head.cls_convs.1.gn.weight', 'bbox_head.cls_convs.1.gn.bias', 'bbox_head.reg_convs.0.conv.weight', 'bbox_head.reg_convs.0.conv.bias', 'bbox_head.reg_convs.0.gn.weight', 'bbox_head.reg_convs.0.gn.bias', 'bbox_head.reg_convs.1.conv.weight', 'bbox_head.reg_convs.1.conv.bias', 'bbox_head.reg_convs.1.conv.conv_offset.weight', 'bbox_head.reg_convs.1.conv.conv_offset.bias', 'bbox_head.reg_convs.1.gn.weight', 'bbox_head.reg_convs.1.gn.bias', 'bbox_head.conv_cls_prev.0.conv.weight', 'bbox_head.conv_cls_prev.0.conv.bias', 'bbox_head.conv_cls_prev.0.gn.weight', 'bbox_head.conv_cls_prev.0.gn.bias', 'bbox_head.conv_cls.weight', 'bbox_head.conv_cls.bias', 'bbox_head.conv_reg_prevs.0.0.conv.weight', 'bbox_head.conv_reg_prevs.0.0.conv.bias', 'bbox_head.conv_reg_prevs.0.0.gn.weight', 'bbox_head.conv_reg_prevs.0.0.gn.bias', 'bbox_head.conv_reg_prevs.1.0.conv.weight', 'bbox_head.conv_reg_prevs.1.0.conv.bias', 'bbox_head.conv_reg_prevs.1.0.gn.weight', 'bbox_head.conv_reg_prevs.1.0.gn.bias', 'bbox_head.conv_reg_prevs.2.0.conv.weight', 'bbox_head.conv_reg_prevs.2.0.conv.bias', 'bbox_head.conv_reg_prevs.2.0.gn.weight', 'bbox_head.conv_reg_prevs.2.0.gn.bias', 'bbox_head.conv_reg_prevs.3.0.conv.weight', 'bbox_head.conv_reg_prevs.3.0.conv.bias', 'bbox_head.conv_reg_prevs.3.0.gn.weight', 'bbox_head.conv_reg_prevs.3.0.gn.bias', 'bbox_head.conv_reg_prevs.5.0.conv.weight', 'bbox_head.conv_reg_prevs.5.0.conv.bias', 'bbox_head.conv_reg_prevs.5.0.gn.weight', 'bbox_head.conv_reg_prevs.5.0.gn.bias', 'bbox_head.conv_regs.0.weight', 'bbox_head.conv_regs.0.bias', 'bbox_head.conv_regs.1.weight', 'bbox_head.conv_regs.1.bias', 'bbox_head.conv_regs.2.weight', 'bbox_head.conv_regs.2.bias', 'bbox_head.conv_regs.3.weight', 'bbox_head.conv_regs.3.bias', 'bbox_head.conv_regs.4.weight', 'bbox_head.conv_regs.4.bias', 'bbox_head.conv_regs.5.weight', 'bbox_head.conv_regs.5.bias', 'bbox_head.conv_dir_cls_prev.0.conv.weight', 'bbox_head.conv_dir_cls_prev.0.conv.bias', 'bbox_head.conv_dir_cls_prev.0.gn.weight', 'bbox_head.conv_dir_cls_prev.0.gn.bias', 'bbox_head.conv_dir_cls.weight', 'bbox_head.conv_dir_cls.bias', 'bbox_head.conv_attr_prev.0.conv.weight', 'bbox_head.conv_attr_prev.0.conv.bias', 'bbox_head.conv_attr_prev.0.gn.weight', 'bbox_head.conv_attr_prev.0.gn.bias', 'bbox_head.conv_attr.weight', 'bbox_head.conv_attr.bias', 'bbox_head.conv_depth_cls_prev.0.conv.weight', 'bbox_head.conv_depth_cls_prev.0.conv.bias', 'bbox_head.conv_depth_cls_prev.0.gn.weight', 'bbox_head.conv_depth_cls_prev.0.gn.bias', 'bbox_head.conv_depth_cls.weight', 'bbox_head.conv_depth_cls.bias', 'bbox_head.conv_centerness_prev.0.conv.weight', 'bbox_head.conv_centerness_prev.0.conv.bias', 'bbox_head.conv_centerness_prev.0.gn.weight', 'bbox_head.conv_centerness_prev.0.gn.bias', 'bbox_head.conv_centerness.weight', 'bbox_head.conv_centerness.bias', 'bbox_head.scales.0.0.scale', 'bbox_head.scales.0.1.scale', 'bbox_head.scales.0.2.scale', 'bbox_head.scales.0.3.scale', 'bbox_head.scales.1.0.scale', 'bbox_head.scales.1.1.scale', 'bbox_head.scales.1.2.scale', 'bbox_head.scales.1.3.scale', 'bbox_head.scales.2.0.scale', 'bbox_head.scales.2.1.scale', 'bbox_head.scales.2.2.scale', 'bbox_head.scales.2.3.scale', 'bbox_head.scales.3.0.scale', 'bbox_head.scales.3.1.scale', 'bbox_head.scales.3.2.scale', 'bbox_head.scales.3.3.scale', 'bbox_head.scales.4.0.scale', 'bbox_head.scales.4.1.scale', 'bbox_head.scales.4.2.scale', 'bbox_head.scales.4.3.scale'])
_IncompatibleKeys(missing_keys=['img_neck.lateral_convs.0.conv.weight', 'img_neck.lateral_convs.0.conv.bias', 'img_neck.lateral_convs.1.conv.weight', 'img_neck.lateral_convs.1.conv.bias', 'img_neck.lateral_convs.2.conv.weight', 'img_neck.lateral_convs.2.conv.bias', 'img_neck.fpn_convs.0.conv.weight', 'img_neck.fpn_convs.0.conv.bias', 'img_neck.fpn_convs.1.conv.weight', 'img_neck.fpn_convs.1.conv.bias', 'img_neck.fpn_convs.2.conv.weight', 'img_neck.fpn_convs.2.conv.bias', 'img_neck.fpn_convs.3.conv.weight', 'img_neck.fpn_convs.3.conv.bias', 'lifter.anchor', 'encoder.anchor_encoder.xyz_fc.0.weight', 'encoder.anchor_encoder.xyz_fc.0.bias', 'encoder.anchor_encoder.xyz_fc.2.weight', 'encoder.anchor_encoder.xyz_fc.2.bias', 'encoder.anchor_encoder.xyz_fc.3.weight', 'encoder.anchor_encoder.xyz_fc.3.bias', 'encoder.anchor_encoder.xyz_fc.5.weight', 'encoder.anchor_encoder.xyz_fc.5.bias', 'encoder.anchor_encoder.scale_fc.0.weight', 'encoder.anchor_encoder.scale_fc.0.bias', 'encoder.anchor_encoder.scale_fc.2.weight', 'encoder.anchor_encoder.scale_fc.2.bias', 'encoder.anchor_encoder.scale_fc.3.weight', 'encoder.anchor_encoder.scale_fc.3.bias', 'encoder.anchor_encoder.scale_fc.5.weight', 'encoder.anchor_encoder.scale_fc.5.bias', 'encoder.anchor_encoder.rot_fc.0.weight', 'encoder.anchor_encoder.rot_fc.0.bias', 'encoder.anchor_encoder.rot_fc.2.weight', 'encoder.anchor_encoder.rot_fc.2.bias', 'encoder.anchor_encoder.rot_fc.3.weight', 'encoder.anchor_encoder.rot_fc.3.bias', 'encoder.anchor_encoder.rot_fc.5.weight', 'encoder.anchor_encoder.rot_fc.5.bias', 'encoder.anchor_encoder.opacity_fc.0.weight', 'encoder.anchor_encoder.opacity_fc.0.bias', 'encoder.anchor_encoder.opacity_fc.2.weight', 'encoder.anchor_encoder.opacity_fc.2.bias', 'encoder.anchor_encoder.opacity_fc.3.weight', 'encoder.anchor_encoder.opacity_fc.3.bias', 'encoder.anchor_encoder.opacity_fc.5.weight', 'encoder.anchor_encoder.opacity_fc.5.bias', 'encoder.anchor_encoder.semantics_fc.0.weight', 'encoder.anchor_encoder.semantics_fc.0.bias', 'encoder.anchor_encoder.semantics_fc.2.weight', 'encoder.anchor_encoder.semantics_fc.2.bias', 'encoder.anchor_encoder.semantics_fc.3.weight', 'encoder.anchor_encoder.semantics_fc.3.bias', 'encoder.anchor_encoder.semantics_fc.5.weight', 'encoder.anchor_encoder.semantics_fc.5.bias', 'encoder.anchor_encoder.offset_fc.0.weight', 'encoder.anchor_encoder.offset_fc.0.bias', 'encoder.anchor_encoder.offset_fc.2.weight', 'encoder.anchor_encoder.offset_fc.2.bias', 'encoder.anchor_encoder.offset_fc.3.weight', 'encoder.anchor_encoder.offset_fc.3.bias', 'encoder.anchor_encoder.offset_fc.5.weight', 'encoder.anchor_encoder.offset_fc.5.bias', 'encoder.anchor_encoder.output_fc.0.weight', 'encoder.anchor_encoder.output_fc.0.bias', 'encoder.anchor_encoder.output_fc.2.weight', 'encoder.anchor_encoder.output_fc.2.bias', 'encoder.anchor_encoder.output_fc.3.weight', 'encoder.anchor_encoder.output_fc.3.bias', 'encoder.anchor_encoder.output_fc.5.weight', 'encoder.anchor_encoder.output_fc.5.bias', 'encoder.layers.0.kps_generator.learnable_fc.weight', 'encoder.layers.0.kps_generator.learnable_fc.bias', 'encoder.layers.0.output_proj.weight', 'encoder.layers.0.output_proj.bias', 'encoder.layers.0.camera_encoder.0.weight', 'encoder.layers.0.camera_encoder.0.bias', 'encoder.layers.0.camera_encoder.2.weight', 'encoder.layers.0.camera_encoder.2.bias', 'encoder.layers.0.camera_encoder.3.weight', 'encoder.layers.0.camera_encoder.3.bias', 'encoder.layers.0.camera_encoder.5.weight', 'encoder.layers.0.camera_encoder.5.bias', 'encoder.layers.0.weights_fc.weight', 'encoder.layers.0.weights_fc.bias', 'encoder.layers.1.pre_norm.weight', 'encoder.layers.1.pre_norm.bias', 'encoder.layers.1.layers.0.0.weight', 'encoder.layers.1.layers.0.0.bias', 'encoder.layers.1.layers.1.weight', 'encoder.layers.1.layers.1.bias', 'encoder.layers.1.identity_fc.weight', 'encoder.layers.1.identity_fc.bias', 'encoder.layers.2.weight', 'encoder.layers.2.bias', 'encoder.layers.3.layers.0.weight', 'encoder.layers.3.layers.0.bias', 'encoder.layers.3.layers.2.weight', 'encoder.layers.3.layers.2.bias', 'encoder.layers.3.layers.4.weight', 'encoder.layers.3.layers.4.bias', 'encoder.layers.3.layers.5.weight', 'encoder.layers.3.layers.5.bias', 'encoder.layers.3.layers.7.weight', 'encoder.layers.3.layers.7.bias', 'encoder.layers.3.layers.9.weight', 'encoder.layers.3.layers.9.bias', 'encoder.layers.3.layers.10.weight', 'encoder.layers.3.layers.10.bias', 'encoder.layers.3.layers.11.scale', 'encoder.layers.4.layers.0.weight', 'encoder.layers.4.layers.0.bias', 'encoder.layers.4.layers.1.weight', 'encoder.layers.4.layers.1.bias', 'encoder.layers.4.layers.3.weight', 'encoder.layers.4.layers.3.bias', 'encoder.layers.4.layers.4.weight', 'encoder.layers.4.layers.4.bias', 'encoder.layers.4.layers.6.weight', 'encoder.layers.4.layers.6.bias', 'encoder.layers.4.layers.7.weight', 'encoder.layers.4.layers.7.bias', 'encoder.layers.4.output_proj.weight', 'encoder.layers.4.output_proj.bias', 'encoder.layers.5.weight', 'encoder.layers.5.bias', 'encoder.layers.6.kps_generator.learnable_fc.weight', 'encoder.layers.6.kps_generator.learnable_fc.bias', 'encoder.layers.6.output_proj.weight', 'encoder.layers.6.output_proj.bias', 'encoder.layers.6.camera_encoder.0.weight', 'encoder.layers.6.camera_encoder.0.bias', 'encoder.layers.6.camera_encoder.2.weight', 'encoder.layers.6.camera_encoder.2.bias', 'encoder.layers.6.camera_encoder.3.weight', 'encoder.layers.6.camera_encoder.3.bias', 'encoder.layers.6.camera_encoder.5.weight', 'encoder.layers.6.camera_encoder.5.bias', 'encoder.layers.6.weights_fc.weight', 'encoder.layers.6.weights_fc.bias', 'encoder.layers.7.pre_norm.weight', 'encoder.layers.7.pre_norm.bias', 'encoder.layers.7.layers.0.0.weight', 'encoder.layers.7.layers.0.0.bias', 'encoder.layers.7.layers.1.weight', 'encoder.layers.7.layers.1.bias', 'encoder.layers.7.identity_fc.weight', 'encoder.layers.7.identity_fc.bias', 'encoder.layers.8.weight', 'encoder.layers.8.bias', 'encoder.layers.9.layers.0.weight', 'encoder.layers.9.layers.0.bias', 'encoder.layers.9.layers.2.weight', 'encoder.layers.9.layers.2.bias', 'encoder.layers.9.layers.4.weight', 'encoder.layers.9.layers.4.bias', 'encoder.layers.9.layers.5.weight', 'encoder.layers.9.layers.5.bias', 'encoder.layers.9.layers.7.weight', 'encoder.layers.9.layers.7.bias', 'encoder.layers.9.layers.9.weight', 'encoder.layers.9.layers.9.bias', 'encoder.layers.9.layers.10.weight', 'encoder.layers.9.layers.10.bias', 'encoder.layers.9.layers.11.scale', 'encoder.layers.10.layers.0.weight', 'encoder.layers.10.layers.0.bias', 'encoder.layers.10.layers.1.weight', 'encoder.layers.10.layers.1.bias', 'encoder.layers.10.layers.3.weight', 'encoder.layers.10.layers.3.bias', 'encoder.layers.10.layers.4.weight', 'encoder.layers.10.layers.4.bias', 'encoder.layers.10.layers.6.weight', 'encoder.layers.10.layers.6.bias', 'encoder.layers.10.layers.7.weight', 'encoder.layers.10.layers.7.bias', 'encoder.layers.10.output_proj.weight', 'encoder.layers.10.output_proj.bias', 'encoder.layers.11.weight', 'encoder.layers.11.bias', 'encoder.layers.12.kps_generator.learnable_fc.weight', 'encoder.layers.12.kps_generator.learnable_fc.bias', 'encoder.layers.12.output_proj.weight', 'encoder.layers.12.output_proj.bias', 'encoder.layers.12.camera_encoder.0.weight', 'encoder.layers.12.camera_encoder.0.bias', 'encoder.layers.12.camera_encoder.2.weight', 'encoder.layers.12.camera_encoder.2.bias', 'encoder.layers.12.camera_encoder.3.weight', 'encoder.layers.12.camera_encoder.3.bias', 'encoder.layers.12.camera_encoder.5.weight', 'encoder.layers.12.camera_encoder.5.bias', 'encoder.layers.12.weights_fc.weight', 'encoder.layers.12.weights_fc.bias', 'encoder.layers.13.pre_norm.weight', 'encoder.layers.13.pre_norm.bias', 'encoder.layers.13.layers.0.0.weight', 'encoder.layers.13.layers.0.0.bias', 'encoder.layers.13.layers.1.weight', 'encoder.layers.13.layers.1.bias', 'encoder.layers.13.identity_fc.weight', 'encoder.layers.13.identity_fc.bias', 'encoder.layers.14.weight', 'encoder.layers.14.bias', 'encoder.layers.15.layers.0.weight', 'encoder.layers.15.layers.0.bias', 'encoder.layers.15.layers.2.weight', 'encoder.layers.15.layers.2.bias', 'encoder.layers.15.layers.4_IncompatibleKeys(missing_keys=['img_neck.lateral_convs.0.conv.weight', 'img_neck.lateral_convs.0.conv.bias', 'img_neck.lateral_convs.1.conv.weight', 'img_neck.lateral_convs.1.conv.bias', 'img_neck.lateral_convs.2.conv.weight', 'img_neck.lateral_convs.2.conv.bias', 'img_neck.fpn_convs.0.conv.weight', 'img_neck.fpn_convs.0.conv.bias', 'img_neck.fpn_convs.1.conv.weight', 'img_neck.fpn_convs.1.conv.bias', 'img_neck.fpn_convs.2.conv.weight', 'img_neck.fpn_convs.2.conv.bias', 'img_neck.fpn_convs.3.conv.weight', 'img_neck.fpn_convs.3.conv.bias', 'lifter.anchor', 'encoder.anchor_encoder.xyz_fc.0.weight', 'encoder.anchor_encoder.xyz_fc.0.bias', 'encoder.anchor_encoder.xyz_fc.2.weight', 'encoder.anchor_encoder.xyz_fc.2.bias', 'encoder.anchor_encoder.xyz_fc.3.weight', 'encoder.anchor_encoder.xyz_fc.3.bias', 'encoder.anchor_encoder.xyz_fc.5.weight', 'encoder.anchor_encoder.xyz_fc.5.bias', 'encoder.anchor_encoder.scale_fc.0.weight', 'encoder.anchor_encoder.scale_fc.0.bias', 'encoder.anchor_encoder.scale_fc.2.weight', 'encoder.anchor_encoder.scale_fc.2.bias', 'encoder.anchor_encoder.scale_fc.3.weight', 'encoder.anchor_encoder.scale_fc.3.bias', 'encoder.anchor_encoder.scale_fc.5.weight', 'encoder.anchor_encoder.scale_fc.5.bias', 'encoder.anchor_encoder.rot_fc.0.weight', 'encoder.anchor_encoder.rot_fc.0.bias', 'encoder.anchor_encoder.rot_fc.2.weight', 'encoder.anchor_encoder.rot_fc.2.bias', 'encoder.anchor_encoder.rot_fc.3.weight', 'encoder.anchor_encoder.rot_fc.3.bias', 'encoder.anchor_encoder.rot_fc.5.weight', 'encoder.anchor_encoder.rot_fc.5.bias', 'encoder.anchor_encoder.opacity_fc.0.weight', 'encoder.anchor_encoder.opacity_fc.0.bias', 'encoder.anchor_encoder.opacity_fc.2.weight', 'encoder.anchor_encoder.opacity_fc.2.bias', 'encoder.anchor_encoder.opacity_fc.3.weight', 'encoder.anchor_encoder.opacity_fc.3.bias', 'encoder.anchor_encoder.opacity_fc.5.weight', 'encoder.anchor_encoder.opacity_fc.5.bias', 'encoder.anchor_encoder.semantics_fc.0.weight', 'encoder.anchor_encoder.semantics_fc.0.bias', 'encoder.anchor_encoder.semantics_fc.2.weight', 'encoder.anchor_encoder.semantics_fc.2.bias', 'encoder.anchor_encoder.semantics_fc.3.weight', 'encoder.anchor_encoder.semantics_fc.3.bias', 'encoder.anchor_encoder.semantics_fc.5.weight', 'encoder.anchor_encoder.semantics_fc.5.bias', 'encoder.anchor_encoder.offset_fc.0.weight', 'encoder.anchor_encoder.offset_fc.0.bias', 'encoder.anchor_encoder.offset_fc.2.weight', 'encoder.anchor_encoder.offset_fc.2.bias', 'encoder.anchor_encoder.offset_fc.3.weight', 'encoder.anchor_encoder.offset_fc.3.bias', 'encoder.anchor_encoder.offset_fc.5.weight', 'encoder.anchor_encoder.offset_fc.5.bias', 'encoder.anchor_encoder.output_fc.0.weight', 'encoder.anchor_encoder.output_fc.0.bias', 'encoder.anchor_encoder.output_fc.2.weight', 'encoder.anchor_encoder.output_fc.2.bias', 'encoder.anchor_encoder.output_fc.3.weight', 'encoder.anchor_encoder.output_fc.3.bias', 'encoder.anchor_encoder.output_fc.5.weight', 'encoder.anchor_encoder.output_fc.5.bias', 'encoder.layers.0.kps_generator.learnable_fc.weight', 'encoder.layers.0.kps_generator.learnable_fc.bias', 'encoder.layers.0.output_proj.weight', 'encoder.layers.0.output_proj.bias', 'encoder.layers.0.camera_encoder.0.weight', 'encoder.layers.0.camera_encoder.0.bias', 'encoder.layers.0.camera_encoder.2.weight', 'encoder.layers.0.camera_encoder.2.bias', 'encoder.layers.0.camera_encoder.3.weight', 'encoder.layers.0.camera_encoder.3.bias', 'encoder.layers.0.camera_encoder.5.weight', 'encoder.layers.0.camera_encoder.5.bias', 'encoder.layers.0.weights_fc.weight', 'encoder.layers.0.weights_fc.bias', 'encoder.layers.1.pre_norm.weight', 'encoder.layers.1.pre_norm.bias', 'encoder.layers.1.layers.0.0.weight', 'encoder.layers.1.layers.0.0.bias', 'encoder.layers.1.layers.1.weight', 'encoder.layers.1.layers.1.bias', 'encoder.layers.1.identity_fc.weight', 'encoder.layers.1.identity_fc.bias', 'encoder.layers.2.weight', 'encoder.layers.2.bias', 'encoder.layers.3.layers.0.weight', 'encoder.layers.3.layers.0.bias', 'encoder.layers.3.layers.2.weight', 'encoder.layers.3.layers.2.bias', 'encoder.layers.3.layers.4.weight', 'encoder.layers.3.layers.4.bias', 'encoder.layers.3.layers.5.weight', 'encoder.layers.3.layers.5.bias', 'encoder.layers.3.layers.7.weight', 'encoder.layers.3.layers.7.bias', 'encoder.layers.3.layers.9.weight', 'encoder.layers.3.layers.9.bias', 'encoder.layers.3.layers.10.weight', 'encoder.layers.3.layers.10.bias', 'encoder.layers.3.layers.11.scale', 'encoder.layers.4.layers.0.weight', 'encoder.layers.4.layers.0.bias', 'encoder.layers.4.layers.1.weight', 'encoder.layers.4.layers.1.bias', 'encoder.layers.4.layers.3.weight', 'encoder.layers.4.layers.3.bias', 'encoder.layers.4.layers.4.weight', 'encoder.layers.4.layers.4.bias', 'encoder.layers.4.layers.6.weight', 'encoder.layers.4.layers.6.bias', 'encoder.layers.4.layers.7.weight', 'encoder.layers.4.layers.7.bias', 'encoder.layers.4.output_proj.weight', 'encoder.layers.4.output_proj.bias', 'encoder.layers.5.weight', 'encoder.layers.5.bias', 'encoder.layers.6.kps_generator.learnable_fc.weight', 'encoder.layers.6.kps_generator.learnable_fc.bias', 'encoder.layers.6.output_proj.weight', 'encoder.layers.6.output_proj.bias', 'encoder.layers.6.camera_encoder.0.weight', 'encoder.layers.6.camera_encoder.0.bias', 'encoder.layers.6.camera_encoder.2.weight', 'encoder.layers.6.camera_encoder.2.bias', 'encoder.layers.6.camera_encoder.3.weight', 'encoder.layers.6.camera_encoder.3.bias', 'encoder.layers.6.camera_encoder.5.weight', 'encoder.layers.6.camera_encoder.5.bias', 'encoder.layers.6.weights_fc.weight', 'encoder.layers.6.weights_fc.bias', 'encoder.layers.7.pre_norm.weight', 'encoder.layers.7.pre_norm.bias', 'encoder.layers.7.layers.0.0.weight', 'encoder.layers.7.layers.0.0.bias', 'encoder.layers.7.layers.1.weight', 'encoder.layers.7.layers.1.bias', 'encoder.layers.7.identity_fc.weight', 'encoder.layers.7.identity_fc.bias', 'encoder.layers.8.weight', 'encoder.layers.8.bias', 'encoder.layers.9.layers.0.weight', 'encoder.layers.9.layers.0.bias', 'encoder.layers.9.layers.2.weight', 'encoder.layers.9.layers.2.bias', 'encoder.layers.9.layers.4.weight', 'encoder.layers.9.layers.4.bias', 'encoder.layers.9.layers.5.weight', 'encoder.layers.9.layers.5.bias', 'encoder.layers.9.layers.7.weight', 'encoder.layers.9.layers.7.bias', 'encoder.layers.9.layers.9.weight', 'encoder.layers.9.layers.9.bias', 'encoder.layers.9.layers.10.weight', 'encoder.layers.9.layers.10.bias', 'encoder.layers.9.layers.11.scale', 'encoder.layers.10.layers.0.weight', 'encoder.layers.10.layers.0.bias', 'encoder.layers.10.layers.1.weight', 'encoder.layers.10.layers.1.bias', 'encoder.layers.10.layers.3.weight', 'encoder.layers.10.layers.3.bias', 'encoder.layers.10.layers.4.weight', 'encoder.layers.10.layers.4.bias', 'encoder.layers.10.layers.6.weight', 'encoder.layers.10.layers.6.bias', 'encoder.layers.10.layers.7.weight', 'encoder.layers.10.layers.7.bias', 'encoder.layers.10.output_proj.weight', 'encoder.layers.10.output_proj.bias', 'encoder.layers.11.weight', 'encoder.layers.11.bias', 'encoder.layers.12.kps_generator.learnable_fc.weight', 'encoder.layers.12.kps_generator.learnable_fc.bias', 'encoder.layers.12.output_proj.weight', 'encoder.layers.12.output_proj.bias', 'encoder.layers.12.camera_encoder.0.weight', 'encoder.layers.12.camera_encoder.0.bias', 'encoder.layers.12.camera_encoder.2.weight', 'encoder.layers.12.camera_encoder.2.bias', 'encoder.layers.12.camera_encoder.3.weight', 'encoder.layers.12.camera_encoder.3.bias', 'encoder.layers.12.camera_encoder.5.weight', 'encoder.layers.12.camera_encoder.5.bias', 'encoder.layers.12.weights_fc.weight', 'encoder.layers.12.weights_fc.bias', 'encoder.layers.13.pre_norm.weight', 'encoder.layers.13.pre_norm.bias', 'encoder.layers.13.layers.0.0.weight', 'encoder.layers.13.layers.0.0.bias', 'encoder.layers.13.layers.1.weight', 'encoder.layers.13.layers.1.bias', 'encoder.layers.13.identity_fc.weight', 'encoder.layers.13.identity_fc.bias', 'encoder.layers.14.weight', 'encoder.layers.14.bias', 'encoder.layers.15.layers.0.weight', 'encoder.layers.15.layers.0.bias', 'encoder.layers.15.layers.2.weight', 'encoder.layers.15.layers.2.bias', 'encoder.layers.15.layers.4.weight', 'encoder.layers.15.layers.4.bias', 'encoder.layers.15.layers.5.weight', 'encoder.layers.15.layers.5.bias', 'encoder.layers.15.layers.7.weight', 'encoder.layers.15.layers.7.bias', 'encoder.layers.15.layers.9.weight', 'encoder.layers.15.layers.9.bias', 'encoder.layers.15.layers.10.weight', 'encoder.layers.15.layers.10.bias', 'encoder.layers.15.layers.11.scale', 'encoder.layers.16.layers.0.weight', 'encoder.layers.16.layers.0.bias', 'encoder.layers.16.layers.1.weight', 'encoder.layers.16.layers.1.bias', 'encoder.layers.16.layers.3.weight', 'encoder.layers.16.layers.3.bias', 'encoder.layers.16.layers.4.weight', 'encoder.layers.16.layers.4.bias', 'encoder.layers.16.layers.6.weight', 'encoder.layers.16.layers.6.bias', 'encoder.layers.16.layers.7.weight', 'encoder.layers.16.layers.7.bias', 'encoder.layers.16.output_proj.weight', 'encoder.layers.16.output_proj.bias', 'encoder.layers.17.weight', 'encoder.layers.17.bias', 'encoder.layers.18.kps_generator.learnable_fc.weight', 'encoder.layers.18.kps_generator.learnable_fc.bias', 'encoder.layers.18.output_proj.weight', 'encoder.layers.18.output_proj.bias', 'encoder.layers.18.camera_encoder.0.weight', 'encoder.layers.18.camera_encoder.0.bias', 'encoder.layers.18.camera_encoder.2.weight', 'encoder.layers.18.camera_encoder.2.bias', 'encoder.layers.18.camera_encoder.3.weight', 'encoder.layers.18.camera_encoder.3.bias', 'encoder.layers.18.camera_encoder.5.weight', 'encoder.layers.18.camera_encoder.5.bias', 'encoder.layers.18.weights_fc.weight', 'encoder.layers.18.weights_fc.bias', 'encoder.layers.19.pre_norm.weight', 'encoder.layers.19.pre_norm.bias', 'encoder.layers.19.layers.0.0.weight', 'encoder.layers.19.layers.0.0.bias', 'encoder.layers.19.layers.1.weight', 'encoder.layers.19.layers.1.bias', 'encoder.layers.19.identity_fc.weight', 'encoder.layers.19.identity_fc.bias', 'encoder.layers.20.weight', 'encoder.layers.20.bias', 'encoder.layers.21.layers.0.weight', 'encoder.layers.21.layers.0.bias', 'encoder.layers.21.layers.2.weight', 'encoder.layers.21.layers.2.bias', 'encoder.layers.21.layers.4.weight', 'encoder.layers.21.layers.4.bias', 'encoder.layers.21.layers.5.weight', 'encoder.layers.21.layers.5.bias', 'encoder.layers.21.layers.7.weight', 'encoder.layers.21.layers.7.bias', 'encoder.layers.21.layers.9.weight', 'encoder.layers.21.layers.9.bias', 'encoder.layers.21.layers.10.weight', 'encoder.layers.21.layers.10.bias', 'encoder.layers.21.layers.11.scale', 'temporal_encoder.anchor_encoder.xyz_fc.0.weight', 'temporal_encoder.anchor_encoder.xyz_fc.0.bias', 'temporal_encoder.anchor_encoder.xyz_fc.2.weight', 'temporal_encoder.anchor_encoder.xyz_fc.2.bias', 'temporal_encoder.anchor_encoder.xyz_fc.3.weight', 'temporal_encoder.anchor_encoder.xyz_fc.3.bias', 'temporal_encoder.anchor_encoder.xyz_fc.5.weight', 'temporal_encoder.anchor_encoder.xyz_fc.5.bias', 'temporal_encoder.anchor_encoder.scale_fc.0.weight', 'temporal_encoder.anchor_encoder.scale_fc.0.bias', 'temporal_encoder.anchor_encoder.scale_fc.2.weight', 'temporal_encoder.anchor_encoder.scale_fc.2.bias', 'temporal_encoder.anchor_encoder.scale_fc.3.weight', 'temporal_encoder.anchor_encoder.scale_fc.3.bias', 'temporal_encoder.anchor_encoder.scale_fc.5.weight', 'temporal_encoder.anchor_encoder.scale_fc.5.bias', 'temporal_encoder.anchor_encoder.rot_fc.0.weight', 'temporal_encoder.anchor_encoder.rot_fc.0.bias', 'temporal_encoder.anchor_encoder.rot_fc.2.weight', 'temporal_encoder.anchor_encoder.rot_fc.2.bias', 'temporal_encoder.anchor_encoder.rot_fc.3.weight', 'temporal_encoder.anchor_encoder.rot_fc.3.bias', 'temporal_encoder.anchor_encoder.rot_fc.5.weight', 'temporal_encoder.anchor_encoder.rot_fc.5.bias', 'temporal_encoder.anchor_encoder.opacity_fc.0.weight', 'temporal_encoder.anchor_encoder.opacity_fc.0.bias', 'temporal_encoder.anchor_encoder.opacity_fc.2.weight', 'temporal_encoder.anchor_encoder.opacity_fc.2.bias', 'temporal_encoder.anchor_encoder.opacity_fc.3.weight', 'temporal_encoder.anchor_encoder.opacity_fc.3.bias', 'temporal_encoder.anchor_encoder.opacity_fc.5.weight', 'temporal_encoder.anchor_encoder.opacity_fc.5.bias', 'temporal_encoder.anchor_encoder.semantics_fc.0.weight', 'temporal_encoder.anchor_encoder.semantics_fc.0.bias', 'temporal_encoder.anchor_encoder.semantics_fc.2.weight', 'temporal_encoder.anchor_encoder.semantics_fc.2.bias', 'temporal_encoder.anchor_encoder.semantics_fc.3.weight', 'temporal_encoder.anchor_encoder.semantics_fc.3.bias', 'temporal_encoder.anchor_encoder.semantics_fc.5.weight', 'temporal_encoder.anchor_encoder.semantics_fc.5.bias', 'temporal_encoder.anchor_encoder.offset_fc.0.weight', 'temporal_encoder.anchor_encoder.offset_fc.0.bias', 'temporal_encoder.anchor_encoder.offset_fc.2.weight', 'temporal_encoder.anchor_encoder.offset_fc.2.bias', 'temporal_encoder.anchor_encoder.offset_fc.3.weight', 'temporal_encoder.anchor_encoder.offset_fc.3.bias', 'temporal_encoder.anchor_encoder.offset_fc.5.weight', 'temporal_encoder.anchor_encoder.offset_fc.5.bias', 'temporal_encoder.anchor_encoder.output_fc.0.weight', 'temporal_encoder.anchor_encoder.output_fc.0.bias', 'temporal_encoder.anchor_encoder.output_fc.2.weight', 'temporal_encoder.anchor_encoder.output_fc.2.bias', 'temporal_encoder.anchor_encoder.output_fc.3.weight', 'temporal_encoder.anchor_encoder.output_fc.3.bias', 'temporal_encoder.anchor_encoder.output_fc.5.weight', 'temporal_encoder.anchor_encoder.output_fc.5.bias', 'temporal_encoder.layers.0.layers.0.weight', 'temporal_encoder.layers.0.layers.1.weight', 'temporal_encoder.layers.0.layers.1.bias', 'temporal_encoder.layers.0.layers.3.weight', 'temporal_encoder.layers.0.layers.4.weight', 'temporal_encoder.layers.0.layers.4.bias', 'temporal_encoder.layers.0.layers.6.weight', 'temporal_encoder.layers.0.layers.7.weight', 'temporal_encoder.layers.0.layers.7.bias', 'temporal_encoder.layers.0.output_proj.weight', 'temporal_encoder.layers.0.output_proj.bias', 'temporal_encoder.layers.1.layers.0.weight', 'temporal_encoder.layers.1.layers.0.bias', 'temporal_encoder.layers.1.layers.2.weight', 'temporal_encoder.layers.1.layers.2.bias', 'temporal_encoder.layers.1.layers.4.weight', 'temporal_encoder.layers.1.layers.4.bias', 'temporal_encoder.layers.1.layers.5.weight', 'temporal_encoder.layers.1.layers.5.bias', 'temporal_encoder.layers.1.layers.7.weight', 'temporal_encoder.layers.1.layers.7.bias', 'temporal_encoder.layers.1.layers.9.weight', 'temporal_encoder.layers.1.layers.9.bias', 'temporal_encoder.layers.1.layers.10.weight', 'temporal_encoder.layers.1.layers.10.bias', 'temporal_encoder.layers.1.layers.11.scale', 'temporal_encoder.layers.1.dynamic_layers.0.weight', 'temporal_encoder.layers.1.dynamic_layers.0.bias', 'temporal_encoder.layers.1.dynamic_layers.2.weight', 'temporal_encoder.layers.1.dynamic_layers.2.bias', 'temporal_encoder.layers.1.dynamic_layers.3.weight', 'temporal_encoder.layers.1.dynamic_layers.3.bias', 'temporal_encoder.layers.1.offset_layers.0.weight', 'temporal_encoder.layers.1.offset_layers.0.bias', 'temporal_encoder.layers.1.offset_layers.2.weight', 'temporal_encoder.layers.1.offset_layers.2.bias', 'temporal_encoder.layers.1.offset_layers.3.weight', 'temporal_encoder.layers.1.offset_layers.3.bias', 'temporal_encoder.layers.2.layers.0.weight', 'temporal_encoder.layers.2.layers.1.weight', 'temporal_encoder.layers.2.layers.1.bias', 'temporal_encoder.layers.2.layers.3.weight', 'temporal_encoder.layers.2.layers.4.weight', 'temporal_encoder.layers.2.layers.4.bias', 'temporal_encoder.layers.2.layers.6.weight', 'temporal_encoder.layers.2.layers.7.weight', 'temporal_encoder.layers.2.layers.7.bias', 'temporal_encoder.layers.2.output_proj.weight', 'temporal_encoder.layers.2.output_proj.bias', 'temporal_encoder.layers.3.layers.0.weight', 'temporal_encoder.layers.3.layers.0.bias', 'temporal_encoder.layers.3.layers.2.weight', 'temporal_encoder.layers.3.layers.2.bias', 'temporal_encoder.layers.3.layers.4.weight', 'temporal_encoder.layers.3.layers.4.bias', 'temporal_encoder.layers.3.layers.5.weight', 'temporal_encoder.layers.3.layers.5.bias', 'temporal_encoder.layers.3.layers.7.weight', 'temporal_encoder.layers.3.layers.7.bias', 'temporal_encoder.layers.3.layers.9.weight', 'temporal_encoder.layers.3.layers.9.bias', 'tempora.weight', 'encoder.layers.15.layers.4.bias', 'encoder.layers.15.layers.5.weight', 'encoder.layers.15.layers.5.bias', 'encoder.layers.15.layers.7.weight', 'encoder.layers.15.layers.7.bias', 'encoder.layers.15.layers.9.weight', 'encoder.layers.15.layers.9.bias', 'encoder.layers.15.layers.10.weight', 'encoder.layers.15.layers.10.bias', 'encoder.layers.15.layers.11.scale', 'encoder.layers.16.layers.0.weight', 'encoder.layers.16.layers.0.bias', 'encoder.layers.16.layers.1.weight', 'encoder.layers.16.layers.1.bias', 'encoder.layers.16.layers.3.weight', 'encoder.layers.16.layers.3.bias', 'encoder.layers.16.layers.4.weight', 'encoder.layers.16.layers.4.bias', 'encoder.layers.16.layers.6.weight', 'encoder.layers.16.layers.6.bias', 'encoder.layers.16.layers.7.weight', 'encoder.layers.16.layers.7.bias', 'encoder.layers.16.output_proj.weight', 'encoder.layers.16.output_proj.bias', 'encoder.layers.17.weight', 'encoder.layers.17.bias', 'encoder.layers.18.kps_generator.learnable_fc.weight', 'encoder.layers.18.kps_generator.learnable_fc.bias', 'encoder.layers.18.output_proj.weight', 'encoder.layers.18.output_proj.bias', 'encoder.layers.18.camera_encoder.0.weight', 'encoder.layers.18.camera_encoder.0.bias', 'encoder.layers.18.camera_encoder.2.weight', 'encoder.layers.18.camera_encoder.2.bias', 'encoder.layers.18.camera_encoder.3.weight', 'encoder.layers.18.camera_encoder.3.bias', 'encoder.layers.18.camera_encoder.5.weight', 'encoder.layers.18.camera_encoder.5.bias', 'encoder.layers.18.weights_fc.weight', 'encoder.layers.18.weights_fc.bias', 'encoder.layers.19.pre_norm.weight', 'encoder.layers.19.pre_norm.bias', 'encoder.layers.19.layers.0.0.weight', 'encoder.layers.19.layers.0.0.bias', 'encoder.layers.19.layers.1.weight', 'encoder.layers.19.layers.1.bias', 'encoder.layers.19.identity_fc.weight', 'encoder.layers.19.identity_fc.bias', 'encoder.layers.20.weight', 'encoder.layers.20.bias', 'encoder.layers.21.layers.0.weight', 'encoder.layers.21.layers.0.bias', 'encoder.layers.21.layers.2.weight', 'encoder.layers.21.layers.2.bias', 'encoder.layers.21.layers.4.weight', 'encoder.layers.21.layers.4.bias', 'encoder.layers.21.layers.5.weight', 'encoder.layers.21.layers.5.bias', 'encoder.layers.21.layers.7.weight', 'encoder.layers.21.layers.7.bias', 'encoder.layers.21.layers.9.weight', 'encoder.layers.21.layers.9.bias', 'encoder.layers.21.layers.10.weight', 'encoder.layers.21.layers.10.bias', 'encoder.layers.21.layers.11.scale', 'temporal_encoder.anchor_encoder.xyz_fc.0.weight', 'temporal_encoder.anchor_encoder.xyz_fc.0.bias', 'temporal_encoder.anchor_encoder.xyz_fc.2.weight', 'temporal_encoder.anchor_encoder.xyz_fc.2.bias', 'temporal_encoder.anchor_encoder.xyz_fc.3.weight', 'temporal_encoder.anchor_encoder.xyz_fc.3.bias', 'temporal_encoder.anchor_encoder.xyz_fc.5.weight', 'temporal_encoder.anchor_encoder.xyz_fc.5.bias', 'temporal_encoder.anchor_encoder.scale_fc.0.weight', 'temporal_encoder.anchor_encoder.scale_fc.0.bias', 'temporal_encoder.anchor_encoder.scale_fc.2.weight', 'temporal_encoder.anchor_encoder.scale_fc.2.bias', 'temporal_encoder.anchor_encoder.scale_fc.3.weight', 'temporal_encoder.anchor_encoder.scale_fc.3.bias', 'temporal_encoder.anchor_encoder.scale_fc.5.weight', 'temporal_encoder.anchor_encoder.scale_fc.5.bias', 'temporal_encoder.anchor_encoder.rot_fc.0.weight', 'temporal_encoder.anchor_encoder.rot_fc.0.bias', 'temporal_encoder.anchor_encoder.rot_fc.2.weight', 'temporal_encoder.anchor_encoder.rot_fc.2.bias', 'temporal_encoder.anchor_encoder.rot_fc.3.weight', 'temporal_encoder.anchor_encoder.rot_fc.3.bias', 'temporal_encoder.anchor_encoder.rot_fc.5.weight', 'temporal_encoder.anchor_encoder.rot_fc.5.bias', 'temporal_encoder.anchor_encoder.opacity_fc.0.weight', 'temporal_encoder.anchor_encoder.opacity_fc.0.bias', 'temporal_encoder.anchor_encoder.opacity_fc.2.weight', 'temporal_encoder.anchor_encoder.opacity_fc.2.bias', 'temporal_encoder.anchor_encoder.opacity_fc.3.weight', 'temporal_encoder.anchor_encoder.opacity_fc.3.bias', 'temporal_encoder.anchor_encoder.opacity_fc.5.weight', 'temporal_encoder.anchor_encoder.opacity_fc.5.bias', 'temporal_encoder.anchor_encoder.semantics_fc.0.weight', 'temporal_encoder.anchor_encoder.semantics_fc.0.bias', 'temporal_encoder.anchor_encoder.semantics_fc.2.weight', 'temporal_encoder.anchor_encoder.semantics_fc.2.bias', 'temporal_encoder.anchor_encoder.semantics_fc.3.weight', 'temporal_encoder.anchor_encoder.semantics_fc.3.bias', 'temporal_encoder.anchor_encoder.semantics_fc.5.weight', 'temporal_encoder.anchor_encoder.semantics_fc.5.bias', 'temporal_encoder.anchor_encoder.offset_fc.0.weight', 'temporal_encoder.anchor_encoder.offset_fc.0.bias', 'temporal_encoder.anchor_encoder.offset_fc.2.weight', 'temporal_encoder.anchor_encoder.offset_fc.2.bias', 'temporal_encoder.anchor_encoder.offset_fc.3.weight', 'temporal_encoder.anchor_encoder.offset_fc.3.bias', 'temporal_encoder.anchor_encoder.offset_fc.5.weight', 'temporal_encoder.anchor_encoder.offset_fc.5.bias', 'temporal_encoder.anchor_encoder.output_fc.0.weight', 'temporal_encoder.anchor_encoder.output_fc.0.bias', 'temporal_encoder.anchor_encoder.output_fc.2.weight', 'temporal_encoder.anchor_encoder.output_fc.2.bias', 'temporal_encoder.anchor_encoder.output_fc.3.weight', 'temporal_encoder.anchor_encoder.output_fc.3.bias', 'temporal_encoder.anchor_encoder.output_fc.5.weight', 'temporal_encoder.anchor_encoder.output_fc.5.bias', 'temporal_encoder.layers.0.layers.0.weight', 'temporal_encoder.layers.0.layers.1.weight', 'temporal_encoder.layers.0.layers.1.bias', 'temporal_encoder.layers.0.layers.3.weight', 'temporal_encoder.layers.0.layers.4.weight', 'temporal_encoder.layers.0.layers.4.bias', 'temporal_encoder.layers.0.layers.6.weight', 'temporal_encoder.layers.0.layers.7.weight', 'temporal_encoder.layers.0.layers.7.bias', 'temporal_encoder.layers.0.output_proj.weight', 'temporal_encoder.layers.0.output_proj.bias', 'temporal_encoder.layers.1.layers.0.weight', 'temporal_encoder.layers.1.layers.0.bias', 'temporal_encoder.layers.1.layers.2.weight', 'temporal_encoder.layers.1.layers.2.bias', 'temporal_encoder.layers.1.layers.4.weight', 'temporal_encoder.layers.1.layers.4.bias', 'temporal_encoder.layers.1.layers.5.weight', 'temporal_encoder.layers.1.layers.5.bias', 'temporal_encoder.layers.1.layers.7.weight', 'temporal_encoder.layers.1.layers.7.bias', 'temporal_encoder.layers.1.layers.9.weight', 'temporal_encoder.layers.1.layers.9.bias', 'temporal_encoder.layers.1.layers.10.weight', 'temporal_encoder.layers.1.layers.10.bias', 'temporal_encoder.layers.1.layers.11.scale', 'temporal_encoder.layers.1.dynamic_layers.0.weight', 'temporal_encoder.layers.1.dynamic_layers.0.bias', 'temporal_encoder.layers.1.dynamic_layers.2.weight', 'temporal_encoder.layers.1.dynamic_layers.2.bias', 'temporal_encoder.layers.1.dynamic_layers.3.weight', 'temporal_encoder.layers.1.dynamic_layers.3.bias', 'temporal_encoder.layers.1.offset_layers.0.weight', 'temporal_encoder.layers.1.offset_layers.0.bias', 'temporal_encoder.layers.1.offset_layers.2.weight', 'temporal_encoder.layers.1.offset_layers.2.bias', 'temporal_encoder.layers.1.offset_layers.3.weight', 'temporal_encoder.layers.1.offset_layers.3.bias', 'temporal_encoder.layers.2.layers.0.weight', 'temporal_encoder.layers.2.layers.1.weight', 'temporal_encoder.layers.2.layers.1.bias', 'temporal_encoder.layers.2.layers.3.weight', 'temporal_encoder.layers.2.layers.4.weight', 'temporal_encoder.layers.2.layers.4.bias', 'temporal_encoder.layers.2.layers.6.weight', 'temporal_encoder.layers.2.layers.7.weight', 'temporal_encoder.layers.2.layers.7.bias', 'temporal_encoder.layers.2.output_proj.weight', 'temporal_encoder.layers.2.output_proj.bias', 'temporal_encoder.layers.3.layers.0.weight', 'temporal_encoder.layers.3.layers.0.bias', 'temporal_encoder.layers.3.layers.2.weight', 'temporal_encoder.layers.3.layers.2.bias', 'temporal_encoder.layers.3.layers.4.weight', 'temporal_encoder.layers.3.layers.4.bias', 'temporal_encoder.layers.3.layers.5.weight', 'temporal_encoder.layers.3.layers.5.bias', 'temporal_encoder.layers.3.layers.7.weight', 'temporal_encoder.layers.3.layers.7.bias', 'temporal_encoder.layers.3.layers.9.weight', 'temporal_encoder.layers.3.layers.9.bias', 'temporal_encoder.layers.3.layers.10.weight', 'temporal_encoder.layers.3.layers.10.bias', 'temporal_encoder.layers.3.layers.11.scale', 'temporal_encoder.layers.3.dynamic_layers.0.weight', 'temporal_encoder.layers.3.dynamic_layers.0.bias', 'temporal_encoder.layers.3.dynamic_layers.2.weight', 'temporal_encoder.layers.3.dynamic_layers.2.bias', 'temporal_encoder.layers.3.dynamic_layers.3.weight', 'temporal_encoder.layers.3.dynamic_layers.3.bias', 'temporal_encoder.layers.3.offset_layers.0.weight', 'temporal_encoder.layers.3.offset_layers.0.bias', 'temporal_encoder.layers.3.offset_layers.2.weight', 'temporal_encoder.layers.3.offset_layers.2.bias', 'temporal_encoder.layers.3.offset_layers.3.weight', 'temporal_encoder.layers.3.offset_layers.3.bias', 'temporal_encoder.layers.4.layers.0.weight', 'temporal_encoder.layers.4.layers.1.weight', 'temporal_encoder.layers.4.layers.1.bias', 'temporal_encoder.layers.4.layers.3.weight', 'temporal_encoder.layers.4.layers.4.weight', 'temporal_encoder.layers.4.layers.4.bias', 'temporal_encoder.layers.4.layers.6.weight', 'temporal_encoder.layers.4.layers.7.weight', 'temporal_encoder.layers.4.layers.7.bias', 'temporal_encoder.layers.4.output_proj.weight', 'temporal_encoder.layers.4.output_proj.bias', 'temporal_encoder.layers.5.layers.0.weight', 'temporal_encoder.layers.5.layers.0.bias', 'temporal_encoder.layers.5.layers.2.weight', 'temporal_encoder.layers.5.layers.2.bias', 'temporal_encoder.layers.5.layers.4.weight', 'temporal_encoder.layers.5.layers.4.bias', 'temporal_encoder.layers.5.layers.5.weight', 'temporal_encoder.layers.5.layers.5.bias', 'temporal_encoder.layers.5.layers.7.weight', 'temporal_encoder.layers.5.layers.7.bias', 'temporal_encoder.layers.5.layers.9.weight', 'temporal_encoder.layers.5.layers.9.bias', 'temporal_encoder.layers.5.layers.10.weight', 'temporal_encoder.layers.5.layers.10.bias', 'temporal_encoder.layers.5.layers.11.scale', 'temporal_encoder.layers.5.dynamic_layers.0.weight', 'temporal_encoder.layers.5.dynamic_layers.0.bias', 'temporal_encoder.layers.5.dynamic_layers.2.weight', 'temporal_encoder.layers.5.dynamic_layers.2.bias', 'temporal_encoder.layers.5.dynamic_layers.3.weight', 'temporal_encoder.layers.5.dynamic_layers.3.bias', 'temporal_encoder.layers.5.offset_layers.0.weight', 'temporal_encoder.layers.5.offset_layers.0.bias', 'temporal_encoder.layers.5.offset_layers.2.weight', 'temporal_encoder.layers.5.offset_layers.2.bias', 'temporal_encoder.layers.5.offset_layers.3.weight', 'temporal_encoder.layers.5.offset_layers.3.bias', 'head.empty_scalar', 'head.empty_mean', 'head.empty_scale', 'head.empty_rot', 'head.empty_sem', 'head.empty_opa', 'head.pc_min', 'head.grid_size', 'head.zero_tensor', 'head.aggregator.pc_min', 'head.future_generator.query_encoder.0.weight', 'head.future_generator.query_encoder.0.bias', 'head.future_generator.query_encoder.1.weight', 'head.future_generator.query_encoder.1.bias', 'head.future_generator.query_encoder.3.weight', 'head.future_generator.query_encoder.3.bias', 'head.future_generator.query_embedding.weight', 'head.future_generator.temporal_proj.weight', 'head.future_generator.temporal_proj.bias', 'head.future_generator.temporal_frame_embedding.weight', 'head.future_generator.image_proj.weight', 'head.future_generator.image_proj.bias', 'head.future_generator.image_frame_embedding.weight', 'head.future_generator.image_temporal_fusion.0.weight', 'head.future_generator.image_temporal_fusion.0.bias', 'head.future_generator.image_temporal_fusion.1.weight', 'head.future_generator.image_temporal_fusion.1.bias', 'head.future_generator.fusion.0.weight', 'head.future_generator.fusion.0.bias', 'head.future_generator.fusion.1.weight', 'head.future_generator.fusion.1.bias', 'head.future_generator.fusion.3.weight', 'head.future_generator.fusion.3.bias', 'decoder.global_step', 'decoder.backbone_3d.conv_input.0.weight', 'decoder.backbone_3d.conv_input.1.weight', 'decoder.backbone_3d.conv_input.1.bias', 'decoder.backbone_3d.conv_input.1.running_mean', 'decoder.backbone_3d.conv_input.1.running_var', 'decoder.backbone_3d.conv1.0.conv1.weight', 'decoder.backbone_3d.conv1.0.conv1.bias', 'decoder.backbone_3d.conv1.0.bn1.weight', 'decoder.backbone_3d.conv1.0.bn1.bias', 'decoder.backbone_3d.conv1.0.bn1.running_mean', 'decoder.backbone_3d.conv1.0.bn1.running_var', 'decoder.backbone_3d.conv1.0.conv2.weight', 'decoder.backbone_3d.conv1.0.conv2.bias', 'decoder.backbone_3d.conv1.0.bn2.weight', 'decoder.backbone_3d.conv1.0.bn2.bias', 'decoder.backbone_3d.conv1.0.bn2.running_mean', 'decoder.backbone_3d.conv1.0.bn2.running_var', 'decoder.backbone_3d.conv1.1.conv1.weight', 'decoder.backbone_3d.conv1.1.conv1.bias', 'decoder.backbone_3d.conv1.1.bn1.weight', 'decoder.backbone_3d.conv1.1.bn1.bias', 'decoder.backbone_3d.conv1.1.bn1.running_mean', 'decoder.backbone_3d.conv1.1.bn1.running_var', 'decoder.backbone_3d.conv1.1.conv2.weight', 'decoder.backbone_3d.conv1.1.conv2.bias', 'decoder.backbone_3d.conv1.1.bn2.weight', 'decoder.backbone_3d.conv1.1.bn2.bias', 'decoder.backbone_3d.conv1.1.bn2.running_mean', 'decoder.backbone_3d.conv1.1.bn2.running_var', 'decoder.backbone_3d.conv2.0.0.weight', 'decoder.backbone_3d.conv2.0.1.weight', 'decoder.backbone_3d.conv2.0.1.bias', 'decoder.backbone_3d.conv2.0.1.running_mean', 'decoder.backbone_3d.conv2.0.1.running_var', 'decoder.backbone_3d.conv2.1.conv1.weight', 'decoder.backbone_3d.conv2.1.conv1.bias', 'decoder.backbone_3d.conv2.1.bn1.weight', 'decoder.backbone_3d.conv2.1.bn1.bias', 'decoder.backbone_3d.conv2.1.bn1.running_mean', 'decoder.backbone_3d.conv2.1.bn1.running_var', 'decoder.backbone_3d.conv2.1.conv2.weight', 'decoder.backbone_3d.conv2.1.conv2.bias', 'decoder.backbone_3d.conv2.1.bn2.weight', 'decoder.backbone_3d.conv2.1.bn2.bias', 'decoder.backbone_3d.conv2.1.bn2.running_mean', 'decoder.backbone_3d.conv2.1.bn2.running_var', 'decoder.backbone_3d.conv2.2.conv1.weight', 'decoder.backbone_3d.conv2.2.conv1.bias', 'decoder.backbone_3d.conv2.2.bn1.weight', 'decoder.backbone_3d.conv2.2.bn1.bias', 'decoder.backbone_3d.conv2.2.bn1.running_mean', 'decoder.backbone_3d.conv2.2.bn1.running_var', 'decoder.backbone_3d.conv2.2.conv2.weight', 'decoder.backbone_3d.conv2.2.conv2.bias', 'decoder.backbone_3d.conv2.2.bn2.weight', 'decoder.backbone_3d.conv2.2.bn2.bias', 'decoder.backbone_3d.conv2.2.bn2.running_mean', 'decoder.backbone_3d.conv2.2.bn2.running_var', 'decoder.backbone_3d.conv3.0.0.weight', 'decoder.backbone_3d.conv3.0.1.weight', 'decoder.backbone_3d.conv3.0.1.bias', 'decoder.backbone_3d.conv3.0.1.running_mean', 'decoder.backbone_3d.conv3.0.1.running_var', 'decoder.backbone_3d.conv3.1.conv1.weight', 'decoder.backbone_3d.conv3.1.conv1.bias', 'decoder.backbone_3d.conv3.1.bn1.weight', 'decoder.backbone_3d.conv3.1.bn1.bias', 'decoder.backbone_3d.conv3.1.bn1.running_mean', 'decoder.backbone_3d.conv3.1.bn1.running_var', 'decoder.backbone_3d.conv3.1.conv2.weight', 'decoder.backbone_3d.conv3.1.conv2.bias', 'decoder.backbone_3d.conv3.1.bn2.weight', 'decoder.backbone_3d.conv3.1.bn2.bias', 'decoder.backbone_3d.conv3.1.bn2.running_mean', 'decoder.backbone_3d.conv3.1.bn2.running_var', 'decoder.backbone_3d.conv3.2.conv1.weight', 'decoder.backbone_3d.conv3.2.conv1.bias', 'decoder.backbone_3d.conv3.2.bn1.weight', 'decoder.backbone_3d.conv3.2.bn1.bias', 'decoder.backbone_3d.conv3.2.bn1.running_mean', 'decoder.backbone_3d.conv3.2.bn1.running_var', 'decoder.backbone_3d.conv3.2.conv2.weight', 'decoder.backbone_3d.conv3.2.conv2.bias', 'decoder.backbone_3d.conv3.2.bn2.weight', 'decoder.backbone_3d.conv3.2.bn2.bias', 'decoder.backbone_3d.conv3.2.bn2.running_mean', 'decoder.backbone_3d.conv3.2.bn2.running_var', 'decoder.backbone_3d.conv4.0.0.weight', 'decoder.backbone_3d.conv4.0.1.weight', 'decoder.backbone_3d.conv4.0.1.bias', 'decoder.backbone_3d.conv4.0.1.running_mean', 'decoder.backbone_3d.conv4.0.1.running_var', 'decoder.backbone_3d.conv4.1.conv1.weight', 'decoder.backbone_3d.conv4.1.conv1.bias', 'decoder.backbone_3d.conv4.1.bn1.weight', 'decoder.backbone_3d.conv4.1.bn1.bias', 'decoder.backbone_3d.conv4.1.bn1.running_mean', 'decoder.backbone_3d.conv4.1.bn1.running_var', 'decoder.backbone_3d.conv4.1.conv2.weight', 'decoder.backbone_3d.conv4.1.conv2.bias', 'decoder.backbone_3d.conv4l_encoder.layers.3.layers.10.weight', 'temporal_encoder.layers.3.layers.10.bias', 'temporal_encoder.layers.3.layers.11.scale', 'temporal_encoder.layers.3.dynamic_layers.0.weight', 'temporal_encoder.layers.3.dynamic_layers.0.bias', 'temporal_encoder.layers.3.dynamic_layers.2.weight', 'temporal_encoder.layers.3.dynamic_layers.2.bias', 'temporal_encoder.layers.3.dynamic_layers.3.weight', 'temporal_encoder.layers.3.dynamic_layers.3.bias', 'temporal_encoder.layers.3.offset_layers.0.weight', 'temporal_encoder.layers.3.offset_layers.0.bias', 'temporal_encoder.layers.3.offset_layers.2.weight', 'temporal_encoder.layers.3.offset_layers.2.bias', 'temporal_encoder.layers.3.offset_layers.3.weight', 'temporal_encoder.layers.3.offset_layers.3.bias', 'temporal_encoder.layers.4.layers.0.weight', 'temporal_encoder.layers.4.layers.1.weight', 'temporal_encoder.layers.4.layers.1.bias', 'temporal_encoder.layers.4.layers.3.weight', 'temporal_encoder.layers.4.layers.4.weight', 'temporal_encoder.layers.4.layers.4.bias', 'temporal_encoder.layers.4.layers.6.weight', 'temporal_encoder.layers.4.layers.7.weight', 'temporal_encoder.layers.4.layers.7.bias', 'temporal_encoder.layers.4.output_proj.weight', 'temporal_encoder.layers.4.output_proj.bias', 'temporal_encoder.layers.5.layers.0.weight', 'temporal_encoder.layers.5.layers.0.bias', 'temporal_encoder.layers.5.layers.2.weight', 'temporal_encoder.layers.5.layers.2.bias', 'temporal_encoder.layers.5.layers.4.weight', 'temporal_encoder.layers.5.layers.4.bias', 'temporal_encoder.layers.5.layers.5.weight', 'temporal_encoder.layers.5.layers.5.bias', 'temporal_encoder.layers.5.layers.7.weight', 'temporal_encoder.layers.5.layers.7.bias', 'temporal_encoder.layers.5.layers.9.weight', 'temporal_encoder.layers.5.layers.9.bias', 'temporal_encoder.layers.5.layers.10.weight', 'temporal_encoder.layers.5.layers.10.bias', 'temporal_encoder.layers.5.layers.11.scale', 'temporal_encoder.layers.5.dynamic_layers.0.weight', 'temporal_encoder.layers.5.dynamic_layers.0.bias', 'temporal_encoder.layers.5.dynamic_layers.2.weight', 'temporal_encoder.layers.5.dynamic_layers.2.bias', 'temporal_encoder.layers.5.dynamic_layers.3.weight', 'temporal_encoder.layers.5.dynamic_layers.3.bias', 'temporal_encoder.layers.5.offset_layers.0.weight', 'temporal_encoder.layers.5.offset_layers.0.bias', 'temporal_encoder.layers.5.offset_layers.2.weight', 'temporal_encoder.layers.5.offset_layers.2.bias', 'temporal_encoder.layers.5.offset_layers.3.weight', 'temporal_encoder.layers.5.offset_layers.3.bias', 'head.empty_scalar', 'head.empty_mean', 'head.empty_scale', 'head.empty_rot', 'head.empty_sem', 'head.empty_opa', 'head.pc_min', 'head.grid_size', 'head.zero_tensor', 'head.aggregator.pc_min', 'head.future_generator.query_encoder.0.weight', 'head.future_generator.query_encoder.0.bias', 'head.future_generator.query_encoder.1.weight', 'head.future_generator.query_encoder.1.bias', 'head.future_generator.query_encoder.3.weight', 'head.future_generator.query_encoder.3.bias', 'head.future_generator.query_embedding.weight', 'head.future_generator.temporal_proj.weight', 'head.future_generator.temporal_proj.bias', 'head.future_generator.temporal_frame_embedding.weight', 'head.future_generator.image_proj.weight', 'head.future_generator.image_proj.bias', 'head.future_generator.image_frame_embedding.weight', 'head.future_generator.image_temporal_fusion.0.weight', 'head.future_generator.image_temporal_fusion.0.bias', 'head.future_generator.image_temporal_fusion.1.weight', 'head.future_generator.image_temporal_fusion.1.bias', 'head.future_generator.fusion.0.weight', 'head.future_generator.fusion.0.bias', 'head.future_generator.fusion.1.weight', 'head.future_generator.fusion.1.bias', 'head.future_generator.fusion.3.weight', 'head.future_generator.fusion.3.bias', 'decoder.global_step', 'decoder.backbone_3d.conv_input.0.weight', 'decoder.backbone_3d.conv_input.1.weight', 'decoder.backbone_3d.conv_input.1.bias', 'decoder.backbone_3d.conv_input.1.running_mean', 'decoder.backbone_3d.conv_input.1.running_var', 'decoder.backbone_3d.conv1.0.conv1.weight', 'decoder.backbone_3d.conv1.0.conv1.bias', 'decoder.backbone_3d.conv1.0.bn1.weight', 'decoder.backbone_3d.conv1.0.bn1.bias', 'decoder.backbone_3d.conv1.0.bn1.running_mean', 'decoder.backbone_3d.conv1.0.bn1.running_var', 'decoder.backbone_3d.conv1.0.conv2.weight', 'decoder.backbone_3d.conv1.0.conv2.bias', 'decoder.backbone_3d.conv1.0.bn2.weight', 'decoder.backbone_3d.conv1.0.bn2.bias', 'decoder.backbone_3d.conv1.0.bn2.running_mean', 'decoder.backbone_3d.conv1.0.bn2.running_var', 'decoder.backbone_3d.conv1.1.conv1.weight', 'decoder.backbone_3d.conv1.1.conv1.bias', 'decoder.backbone_3d.conv1.1.bn1.weight', 'decoder.backbone_3d.conv1.1.bn1.bias', 'decoder.backbone_3d.conv1.1.bn1.running_mean', 'decoder.backbone_3d.conv1.1.bn1.running_var', 'decoder.backbone_3d.conv1.1.conv2.weight', 'decoder.backbone_3d.conv1.1.conv2.bias', 'decoder.backbone_3d.conv1.1.bn2.weight', 'decoder.backbone_3d.conv1.1.bn2.bias', 'decoder.backbone_3d.conv1.1.bn2.running_mean', 'decoder.backbone_3d.conv1.1.bn2.running_var', 'decoder.backbone_3d.conv2.0.0.weight', 'decoder.backbone_3d.conv2.0.1.weight', 'decoder.backbone_3d.conv2.0.1.bias', 'decoder.backbone_3d.conv2.0.1.running_mean', 'decoder.backbone_3d.conv2.0.1.running_var', 'decoder.backbone_3d.conv2.1.conv1.weight', 'decoder.backbone_3d.conv2.1.conv1.bias', 'decoder.backbone_3d.conv2.1.bn1.weight', 'decoder.backbone_3d.conv2.1.bn1.bias', 'decoder.backbone_3d.conv2.1.bn1.running_mean', 'decoder.backbone_3d.conv2.1.bn1.running_var', 'decoder.backbone_3d.conv2.1.conv2.weight', 'decoder.backbone_3d.conv2.1.conv2.bias', 'decoder.backbone_3d.conv2.1.bn2.weight', 'decoder.backbone_3d.conv2.1.bn2.bias', 'decoder.backbone_3d.conv2.1.bn2.running_mean', 'decoder.backbone_3d.conv2.1.bn2.running_var', 'decoder.backbone_3d.conv2.2.conv1.weight', 'decoder.backbone_3d.conv2.2.conv1.bias', 'decoder.backbone_3d.conv2.2.bn1.weight', 'decoder.backbone_3d.conv2.2.bn1.bias', 'decoder.backbone_3d.conv2.2.bn1.running_mean', 'decoder.backbone_3d.conv2.2.bn1.running_var', 'decoder.backbone_3d.conv2.2.conv2.weight', 'decoder.backbone_3d.conv2.2.conv2.bias', 'decoder.backbone_3d.conv2.2.bn2.weight', 'decoder.backbone_3d.conv2.2.bn2.bias', 'decoder.backbone_3d.conv2.2.bn2.running_mean', 'decoder.backbone_3d.conv2.2.bn2.running_var', 'decoder.backbone_3d.conv3.0.0.weight', 'decoder.backbone_3d.conv3.0.1.weight', 'decoder.backbone_3d.conv3.0.1.bias', 'decoder.backbone_3d.conv3.0.1.running_mean', 'decoder.backbone_3d.conv3.0.1.running_var', 'decoder.backbone_3d.conv3.1.conv1.weight', 'decoder.backbone_3d.conv3.1.conv1.bias', 'decoder.backbone_3d.conv3.1.bn1.weight', 'decoder.backbone_3d.conv3.1.bn1.bias', 'decoder.backbone_3d.conv3.1.bn1.running_mean', 'decoder.backbone_3d.conv3.1.bn1.running_var', 'decoder.backbone_3d.conv3.1.conv2.weight', 'decoder.backbone_3d.conv3.1.conv2.bias', 'decoder.backbone_3d.conv3.1.bn2.weight', 'decoder.backbone_3d.conv3.1.bn2.bias', 'decoder.backbone_3d.conv3.1.bn2.running_mean', 'decoder.backbone_3d.conv3.1.bn2.running_var', 'decoder.backbone_3d.conv3.2.conv1.weight', 'decoder.backbone_3d.conv3.2.conv1.bias', 'decoder.backbone_3d.conv3.2.bn1.weight', 'decoder.backbone_3d.conv3.2.bn1.bias', 'decoder.backbone_3d.conv3.2.bn1.running_mean', 'decoder.backbone_3d.conv3.2.bn1.running_var', 'decoder.backbone_3d.conv3.2.conv2.weight', 'decoder.backbone_3d.conv3.2.conv2.bias', 'decoder.backbone_3d.conv3.2.bn2.weight', 'decoder.backbone_3d.conv3.2.bn2.bias', 'decoder.backbone_3d.conv3.2.bn2.running_mean', 'decoder.backbone_3d.conv3.2.bn2.running_var', 'decoder.backbone_3d.conv4.0.0.weight', 'decoder.backbone_3d.conv4.0.1.weight', 'decoder.backbone_3d.conv4.0.1.bias', 'decoder.backbone_3d.conv4.0.1.running_mean', 'decoder.backbone_3d.conv4.0.1.running_var', 'decoder.backbone_3d.conv4.1.conv1.weight', 'decoder.backbone_3d.conv4.1.conv1.bias', 'decoder.backbone_3d.conv4.1.bn1.weight', 'decoder.backbone_3d.conv4.1.bn1.bias', 'decoder.backbone_3d.conv4.1.bn1.running_mean', 'decoder.backbone_3d.conv4.1.bn1.running_var', 'decoder.backbone_3d.conv4.1.conv2.weight', 'decoder.backbone_3d.conv4.1.conv2.bias', 'decoder.backbone_3d.conv4.1.bn2.weight', 'decoder.backbone_3d.conv4.1.bn2.bias', 'decoder.backbone_3d.conv4.1.bn2.running_mean', 'decoder.backbone_3d.conv4.1.bn2.running_var', 'decoder.backbone_3d.conv4.2.conv1.weight', 'decoder.backbone_3d.conv4.2.conv1.bias', 'decoder.backbone_3d.conv4.2.bn1.weight', 'decoder.backbone_3d.conv4.2.bn1.bias', 'decoder.backbone_3d.conv4.2.bn1.running_mean', 'decoder.backbone_3d.conv4.2.bn1.running_var', 'decoder.backbone_3d.conv4.2.conv2.weight', 'decoder.backbone_3d.conv4.2.conv2.bias', 'decoder.backbone_3d.conv4.2.bn2.weight', 'decoder.backbone_3d.conv4.2.bn2.bias', 'decoder.backbone_3d.conv4.2.bn2.running_mean', 'decoder.backbone_3d.conv4.2.bn2.running_var', 'decoder.backbone_3d.conv5.0.0.weight', 'decoder.backbone_3d.conv5.0.1.weight', 'decoder.backbone_3d.conv5.0.1.bias', 'decoder.backbone_3d.conv5.0.1.running_mean', 'decoder.backbone_3d.conv5.0.1.running_var', 'decoder.backbone_3d.conv5.1.conv1.weight', 'decoder.backbone_3d.conv5.1.conv1.bias', 'decoder.backbone_3d.conv5.1.bn1.weight', 'decoder.backbone_3d.conv5.1.bn1.bias', 'decoder.backbone_3d.conv5.1.bn1.running_mean', 'decoder.backbone_3d.conv5.1.bn1.running_var', 'decoder.backbone_3d.conv5.1.conv2.weight', 'decoder.backbone_3d.conv5.1.conv2.bias', 'decoder.backbone_3d.conv5.1.bn2.weight', 'decoder.backbone_3d.conv5.1.bn2.bias', 'decoder.backbone_3d.conv5.1.bn2.running_mean', 'decoder.backbone_3d.conv5.1.bn2.running_var', 'decoder.backbone_3d.conv5.2.conv1.weight', 'decoder.backbone_3d.conv5.2.conv1.bias', 'decoder.backbone_3d.conv5.2.bn1.weight', 'decoder.backbone_3d.conv5.2.bn1.bias', 'decoder.backbone_3d.conv5.2.bn1.running_mean', 'decoder.backbone_3d.conv5.2.bn1.running_var', 'decoder.backbone_3d.conv5.2.conv2.weight', 'decoder.backbone_3d.conv5.2.conv2.bias', 'decoder.backbone_3d.conv5.2.bn2.weight', 'decoder.backbone_3d.conv5.2.bn2.bias', 'decoder.backbone_3d.conv5.2.bn2.running_mean', 'decoder.backbone_3d.conv5.2.bn2.running_var', 'decoder.backbone_3d.conv6.0.0.weight', 'decoder.backbone_3d.conv6.0.1.weight', 'decoder.backbone_3d.conv6.0.1.bias', 'decoder.backbone_3d.conv6.0.1.running_mean', 'decoder.backbone_3d.conv6.0.1.running_var', 'decoder.backbone_3d.conv6.1.conv1.weight', 'decoder.backbone_3d.conv6.1.conv1.bias', 'decoder.backbone_3d.conv6.1.bn1.weight', 'decoder.backbone_3d.conv6.1.bn1.bias', 'decoder.backbone_3d.conv6.1.bn1.running_mean', 'decoder.backbone_3d.conv6.1.bn1.running_var', 'decoder.backbone_3d.conv6.1.conv2.weight', 'decoder.backbone_3d.conv6.1.conv2.bias', 'decoder.backbone_3d.conv6.1.bn2.weight', 'decoder.backbone_3d.conv6.1.bn2.bias', 'decoder.backbone_3d.conv6.1.bn2.running_mean', 'decoder.backbone_3d.conv6.1.bn2.running_var', 'decoder.backbone_3d.conv6.2.conv1.weight', 'decoder.backbone_3d.conv6.2.conv1.bias', 'decoder.backbone_3d.conv6.2.bn1.weight', 'decoder.backbone_3d.conv6.2.bn1.bias', 'decoder.backbone_3d.conv6.2.bn1.running_mean', 'decoder.backbone_3d.conv6.2.bn1.running_var', 'decoder.backbone_3d.conv6.2.conv2.weight', 'decoder.backbone_3d.conv6.2.conv2.bias', 'decoder.backbone_3d.conv6.2.bn2.weight', 'decoder.backbone_3d.conv6.2.bn2.bias', 'decoder.backbone_3d.conv6.2.bn2.running_mean', 'decoder.backbone_3d.conv6.2.bn2.running_var', 'decoder.backbone_3d.conv_out.0.weight', 'decoder.backbone_3d.conv_out.1.weight', 'decoder.backbone_3d.conv_out.1.bias', 'decoder.backbone_3d.conv_out.1.running_mean', 'decoder.backbone_3d.conv_out.1.running_var', 'decoder.backbone_3d.shared_conv.0.weight', 'decoder.backbone_3d.shared_conv.0.bias', 'decoder.backbone_3d.shared_conv.1.weight', 'decoder.backbone_3d.shared_conv.1.bias', 'decoder.backbone_3d.shared_conv.1.running_mean', 'decoder.backbone_3d.shared_conv.1.running_var', 'decoder.dense_head.heads_list.0.center.0.0.weight', 'decoder.dense_head.heads_list.0.center.0.0.bias', 'decoder.dense_head.heads_list.0.center.0.1.weight', 'decoder.dense_head.heads_list.0.center.0.1.bias', 'decoder.dense_head.heads_list.0.center.0.1.running_mean', 'decoder.dense_head.heads_list.0.center.0.1.running_var', 'decoder.dense_head.heads_list.0.center.1.weight', 'decoder.dense_head.heads_list.0.center.1.bias', 'decoder.dense_head.heads_list.0.center_z.0.0.weight', 'decoder.dense_head.heads_list.0.center_z.0.0.bias', 'decoder.dense_head.heads_list.0.center_z.0.1.weight', 'decoder.dense_head.heads_list.0.center_z.0.1.bias', 'decoder.dense_head.heads_list.0.center_z.0.1.running_mean', 'decoder.dense_head.heads_list.0.center_z.0.1.running_var', 'decoder.dense_head.heads_list.0.center_z.1.weight', 'decoder.dense_head.heads_list.0.center_z.1.bias', 'decoder.dense_head.heads_list.0.dim.0.0.weight', 'decoder.dense_head.heads_list.0.dim.0.0.bias', 'decoder.dense_head.heads_list.0.dim.0.1.weight', 'decoder.dense_head.heads_list.0.dim.0.1.bias', 'decoder.dense_head.heads_list.0.dim.0.1.running_mean', 'decoder.dense_head.heads_list.0.dim.0.1.running_var', 'decoder.dense_head.heads_list.0.dim.1.weight', 'decoder.dense_head.heads_list.0.dim.1.bias', 'decoder.dense_head.heads_list.0.rot.0.0.weight', 'decoder.dense_head.heads_list.0.rot.0.0.bias', 'decoder.dense_head.heads_list.0.rot.0.1.weight', 'decoder.dense_head.heads_list.0.rot.0.1.bias', 'decoder.dense_head.heads_list.0.rot.0.1.running_mean', 'decoder.dense_head.heads_list.0.rot.0.1.running_var', 'decoder.dense_head.heads_list.0.rot.1.weight', 'decoder.dense_head.heads_list.0.rot.1.bias', 'decoder.dense_head.heads_list.0.vel.0.0.weight', 'decoder.dense_head.heads_list.0.vel.0.0.bias', 'decoder.dense_head.heads_list.0.vel.0.1.weight', 'decoder.dense_head.heads_list.0.vel.0.1.bias', 'decoder.dense_head.heads_list.0.vel.0.1.running_mean', 'decoder.dense_head.heads_list.0.vel.0.1.running_var', 'decoder.dense_head.heads_list.0.vel.1.weight', 'decoder.dense_head.heads_list.0.vel.1.bias', 'decoder.dense_head.heads_list.0.hm.0.0.weight', 'decoder.dense_head.heads_list.0.hm.0.0.bias', 'decoder.dense_head.heads_list.0.hm.0.1.weight', 'decoder.dense_head.heads_list.0.hm.0.1.bias', 'decoder.dense_head.heads_list.0.hm.0.1.running_mean', 'decoder.dense_head.heads_list.0.hm.0.1.running_var', 'decoder.dense_head.heads_list.0.hm.1.weight', 'decoder.dense_head.heads_list.0.hm.1.bias', 'decoder.dense_head.heads_list.1.center.0.0.weight', 'decoder.dense_head.heads_list.1.center.0.0.bias', 'decoder.dense_head.heads_list.1.center.0.1.weight', 'decoder.dense_head.heads_list.1.center.0.1.bias', 'decoder.dense_head.heads_list.1.center.0.1.running_mean', 'decoder.dense_head.heads_list.1.center.0.1.running_var', 'decoder.dense_head.heads_list.1.center.1.weight', 'decoder.dense_head.heads_list.1.center.1.bias', 'decoder.dense_head.heads_list.1.center_z.0.0.weight', 'decoder.dense_head.heads_list.1.center_z.0.0.bias', 'decoder.dense_head.heads_list.1.center_z.0.1.weight', 'decoder.dense_head.heads_list.1.center_z.0.1.bias', 'decoder.dense_head.heads_list.1.center_z.0.1.running_mean', 'decoder.dense_head.heads_list.1.center_z.0.1.running_var', 'decoder.dense_head.heads_list.1.center_z.1.weight', 'decoder.dense_head.heads_list.1.center_z.1.bias', 'decoder.dense_head.heads_list.1.dim.0.0.weight', 'decoder.dense_head.heads_list.1.dim.0.0.bias', 'decoder.dense_head.heads_list.1.dim.0.1.weight', 'decoder.dense_head.heads_list.1.dim.0.1.bias', 'decoder.dense_head.heads_list.1.dim.0.1.running_mean', 'decoder.dense_head.heads_list.1.dim.0.1.running_var', 'decoder.dense_head.heads_list.1.dim.1.weight', 'decoder.dense_head.heads_list.1.dim.1.bias', 'decoder.dense_head.heads_list.1.rot.0.0.weight', 'decoder.dense_head.heads_list.1.rot.0.0.bias', 'decoder.dense_head.heads_list.1.rot.0.1.weight', 'decoder.dense_head.heads_list.1.rot.0.1.bias', 'decoder.dense_head.heads_list.1.rot.0.1.running_mean', 'decoder.dense_head.heads_list.1.rot.0.1.running_var', 'decoder.dense_head.heads_list.1.rot.1.weight', 'decoder.dense_head.heads_list.1.rot.1.bias', 'decoder.dense_head.heads_list.1.vel.0.0.weight', 'decoder.dense_head.heads_list.1.vel.0.0.bias', 'decoder.dense_head.heads_list.1.vel.0.1.weight', 'decoder.dense_head.heads_list.1.vel.0.1.bias', 'decoder.dense_head.heads_list.1.vel.0.1.running_mean', 'decoder.dense_head.heads_list.1.vel.0.1.running_var', 'decoder.dense_head.heads_list.1.vel.1.weight', 'decoder.dense_head.hea.1.bn2.weight', 'decoder.backbone_3d.conv4.1.bn2.bias', 'decoder.backbone_3d.conv4.1.bn2.running_mean', 'decoder.backbone_3d.conv4.1.bn2.running_var', 'decoder.backbone_3d.conv4.2.conv1.weight', 'decoder.backbone_3d.conv4.2.conv1.bias', 'decoder.backbone_3d.conv4.2.bn1.weight', 'decoder.backbone_3d.conv4.2.bn1.bias', 'decoder.backbone_3d.conv4.2.bn1.running_mean', 'decoder.backbone_3d.conv4.2.bn1.running_var', 'decoder.backbone_3d.conv4.2.conv2.weight', 'decoder.backbone_3d.conv4.2.conv2.bias', 'decoder.backbone_3d.conv4.2.bn2.weight', 'decoder.backbone_3d.conv4.2.bn2.bias', 'decoder.backbone_3d.conv4.2.bn2.running_mean', 'decoder.backbone_3d.conv4.2.bn2.running_var', 'decoder.backbone_3d.conv5.0.0.weight', 'decoder.backbone_3d.conv5.0.1.weight', 'decoder.backbone_3d.conv5.0.1.bias', 'decoder.backbone_3d.conv5.0.1.running_mean', 'decoder.backbone_3d.conv5.0.1.running_var', 'decoder.backbone_3d.conv5.1.conv1.weight', 'decoder.backbone_3d.conv5.1.conv1.bias', 'decoder.backbone_3d.conv5.1.bn1.weight', 'decoder.backbone_3d.conv5.1.bn1.bias', 'decoder.backbone_3d.conv5.1.bn1.running_mean', 'decoder.backbone_3d.conv5.1.bn1.running_var', 'decoder.backbone_3d.conv5.1.conv2.weight', 'decoder.backbone_3d.conv5.1.conv2.bias', 'decoder.backbone_3d.conv5.1.bn2.weight', 'decoder.backbone_3d.conv5.1.bn2.bias', 'decoder.backbone_3d.conv5.1.bn2.running_mean', 'decoder.backbone_3d.conv5.1.bn2.running_var', 'decoder.backbone_3d.conv5.2.conv1.weight', 'decoder.backbone_3d.conv5.2.conv1.bias', 'decoder.backbone_3d.conv5.2.bn1.weight', 'decoder.backbone_3d.conv5.2.bn1.bias', 'decoder.backbone_3d.conv5.2.bn1.running_mean', 'decoder.backbone_3d.conv5.2.bn1.running_var', 'decoder.backbone_3d.conv5.2.conv2.weight', 'decoder.backbone_3d.conv5.2.conv2.bias', 'decoder.backbone_3d.conv5.2.bn2.weight', 'decoder.backbone_3d.conv5.2.bn2.bias', 'decoder.backbone_3d.conv5.2.bn2.running_mean', 'decoder.backbone_3d.conv5.2.bn2.running_var', 'decoder.backbone_3d.conv6.0.0.weight', 'decoder.backbone_3d.conv6.0.1.weight', 'decoder.backbone_3d.conv6.0.1.bias', 'decoder.backbone_3d.conv6.0.1.running_mean', 'decoder.backbone_3d.conv6.0.1.running_var', 'decoder.backbone_3d.conv6.1.conv1.weight', 'decoder.backbone_3d.conv6.1.conv1.bias', 'decoder.backbone_3d.conv6.1.bn1.weight', 'decoder.backbone_3d.conv6.1.bn1.bias', 'decoder.backbone_3d.conv6.1.bn1.running_mean', 'decoder.backbone_3d.conv6.1.bn1.running_var', 'decoder.backbone_3d.conv6.1.conv2.weight', 'decoder.backbone_3d.conv6.1.conv2.bias', 'decoder.backbone_3d.conv6.1.bn2.weight', 'decoder.backbone_3d.conv6.1.bn2.bias', 'decoder.backbone_3d.conv6.1.bn2.running_mean', 'decoder.backbone_3d.conv6.1.bn2.running_var', 'decoder.backbone_3d.conv6.2.conv1.weight', 'decoder.backbone_3d.conv6.2.conv1.bias', 'decoder.backbone_3d.conv6.2.bn1.weight', 'decoder.backbone_3d.conv6.2.bn1.bias', 'decoder.backbone_3d.conv6.2.bn1.running_mean', 'decoder.backbone_3d.conv6.2.bn1.running_var', 'decoder.backbone_3d.conv6.2.conv2.weight', 'decoder.backbone_3d.conv6.2.conv2.bias', 'decoder.backbone_3d.conv6.2.bn2.weight', 'decoder.backbone_3d.conv6.2.bn2.bias', 'decoder.backbone_3d.conv6.2.bn2.running_mean', 'decoder.backbone_3d.conv6.2.bn2.running_var', 'decoder.backbone_3d.conv_out.0.weight', 'decoder.backbone_3d.conv_out.1.weight', 'decoder.backbone_3d.conv_out.1.bias', 'decoder.backbone_3d.conv_out.1.running_mean', 'decoder.backbone_3d.conv_out.1.running_var', 'decoder.backbone_3d.shared_conv.0.weight', 'decoder.backbone_3d.shared_conv.0.bias', 'decoder.backbone_3d.shared_conv.1.weight', 'decoder.backbone_3d.shared_conv.1.bias', 'decoder.backbone_3d.shared_conv.1.running_mean', 'decoder.backbone_3d.shared_conv.1.running_var', 'decoder.dense_head.heads_list.0.center.0.0.weight', 'decoder.dense_head.heads_list.0.center.0.0.bias', 'decoder.dense_head.heads_list.0.center.0.1.weight', 'decoder.dense_head.heads_list.0.center.0.1.bias', 'decoder.dense_head.heads_list.0.center.0.1.running_mean', 'decoder.dense_head.heads_list.0.center.0.1.running_var', 'decoder.dense_head.heads_list.0.center.1.weight', 'decoder.dense_head.heads_list.0.center.1.bias', 'decoder.dense_head.heads_list.0.center_z.0.0.weight', 'decoder.dense_head.heads_list.0.center_z.0.0.bias', 'decoder.dense_head.heads_list.0.center_z.0.1.weight', 'decoder.dense_head.heads_list.0.center_z.0.1.bias', 'decoder.dense_head.heads_list.0.center_z.0.1.running_mean', 'decoder.dense_head.heads_list.0.center_z.0.1.running_var', 'decoder.dense_head.heads_list.0.center_z.1.weight', 'decoder.dense_head.heads_list.0.center_z.1.bias', 'decoder.dense_head.heads_list.0.dim.0.0.weight', 'decoder.dense_head.heads_list.0.dim.0.0.bias', 'decoder.dense_head.heads_list.0.dim.0.1.weight', 'decoder.dense_head.heads_list.0.dim.0.1.bias', 'decoder.dense_head.heads_list.0.dim.0.1.running_mean', 'decoder.dense_head.heads_list.0.dim.0.1.running_var', 'decoder.dense_head.heads_list.0.dim.1.weight', 'decoder.dense_head.heads_list.0.dim.1.bias', 'decoder.dense_head.heads_list.0.rot.0.0.weight', 'decoder.dense_head.heads_list.0.rot.0.0.bias', 'decoder.dense_head.heads_list.0.rot.0.1.weight', 'decoder.dense_head.heads_list.0.rot.0.1.bias', 'decoder.dense_head.heads_list.0.rot.0.1.running_mean', 'decoder.dense_head.heads_list.0.rot.0.1.running_var', 'decoder.dense_head.heads_list.0.rot.1.weight', 'decoder.dense_head.heads_list.0.rot.1.bias', 'decoder.dense_head.heads_list.0.vel.0.0.weight', 'decoder.dense_head.heads_list.0.vel.0.0.bias', 'decoder.dense_head.heads_list.0.vel.0.1.weight', 'decoder.dense_head.heads_list.0.vel.0.1.bias', 'decoder.dense_head.heads_list.0.vel.0.1.running_mean', 'decoder.dense_head.heads_list.0.vel.0.1.running_var', 'decoder.dense_head.heads_list.0.vel.1.weight', 'decoder.dense_head.heads_list.0.vel.1.bias', 'decoder.dense_head.heads_list.0.hm.0.0.weight', 'decoder.dense_head.heads_list.0.hm.0.0.bias', 'decoder.dense_head.heads_list.0.hm.0.1.weight', 'decoder.dense_head.heads_list.0.hm.0.1.bias', 'decoder.dense_head.heads_list.0.hm.0.1.running_mean', 'decoder.dense_head.heads_list.0.hm.0.1.running_var', 'decoder.dense_head.heads_list.0.hm.1.weight', 'decoder.dense_head.heads_list.0.hm.1.bias', 'decoder.dense_head.heads_list.1.center.0.0.weight', 'decoder.dense_head.heads_list.1.center.0.0.bias', 'decoder.dense_head.heads_list.1.center.0.1.weight', 'decoder.dense_head.heads_list.1.center.0.1.bias', 'decoder.dense_head.heads_list.1.center.0.1.running_mean', 'decoder.dense_head.heads_list.1.center.0.1.running_var', 'decoder.dense_head.heads_list.1.center.1.weight', 'decoder.dense_head.heads_list.1.center.1.bias', 'decoder.dense_head.heads_list.1.center_z.0.0.weight', 'decoder.dense_head.heads_list.1.center_z.0.0.bias', 'decoder.dense_head.heads_list.1.center_z.0.1.weight', 'decoder.dense_head.heads_list.1.center_z.0.1.bias', 'decoder.dense_head.heads_list.1.center_z.0.1.running_mean', 'decoder.dense_head.heads_list.1.center_z.0.1.running_var', 'decoder.dense_head.heads_list.1.center_z.1.weight', 'decoder.dense_head.heads_list.1.center_z.1.bias', 'decoder.dense_head.heads_list.1.dim.0.0.weight', 'decoder.dense_head.heads_list.1.dim.0.0.bias', 'decoder.dense_head.heads_list.1.dim.0.1.weight', 'decoder.dense_head.heads_list.1.dim.0.1.bias', 'decoder.dense_head.heads_list.1.dim.0.1.running_mean', 'decoder.dense_head.heads_list.1.dim.0.1.running_var', 'decoder.dense_head.heads_list.1.dim.1.weight', 'decoder.dense_head.heads_list.1.dim.1.bias', 'decoder.dense_head.heads_list.1.rot.0.0.weight', 'decoder.dense_head.heads_list.1.rot.0.0.bias', 'decoder.dense_head.heads_list.1.rot.0.1.weight', 'decoder.dense_head.heads_list.1.rot.0.1.bias', 'decoder.dense_head.heads_list.1.rot.0.1.running_mean', 'decoder.dense_head.heads_list.1.rot.0.1.running_var', 'decoder.dense_head.heads_list.1.rot.1.weight', 'decoder.dense_head.heads_list.1.rot.1.bias', 'decoder.dense_head.heads_list.1.vel.0.0.weight', 'decoder.dense_head.heads_list.1.vel.0.0.bias', 'decoder.dense_head.heads_list.1.vel.0.1.weight', 'decoder.dense_head.heads_list.1.vel.0.1.bias', 'decoder.dense_head.heads_list.1.vel.0.1.running_mean', 'decoder.dense_head.heads_list.1.vel.0.1.running_var', 'decoder.dense_head.heads_list.1.vel.1.weight', 'decoder.dense_head.heads_list.1.vel.1.bias', 'decoder.dense_head.heads_list.1.hm.0.0.weight', 'decoder.dense_head.heads_list.1.hm.0.0.bias', 'decoder.dense_head.heads_list.1.hm.0.1.weight', 'decoder.dense_head.heads_list.1.hm.0.1.bias', 'decoder.dense_head.heads_list.1.hm.0.1.running_mean', 'decoder.dense_head.heads_list.1.hm.0.1.running_var', 'decoder.dense_head.heads_list.1.hm.1.weight', 'decoder.dense_head.heads_list.1.hm.1.bias', 'decoder.dense_head.heads_list.2.center.0.0.weight', 'decoder.dense_head.heads_list.2.center.0.0.bias', 'decoder.dense_head.heads_list.2.center.0.1.weight', 'decoder.dense_head.heads_list.2.center.0.1.bias', 'decoder.dense_head.heads_list.2.center.0.1.running_mean', 'decoder.dense_head.heads_list.2.center.0.1.running_var', 'decoder.dense_head.heads_list.2.center.1.weight', 'decoder.dense_head.heads_list.2.center.1.bias', 'decoder.dense_head.heads_list.2.center_z.0.0.weight', 'decoder.dense_head.heads_list.2.center_z.0.0.bias', 'decoder.dense_head.heads_list.2.center_z.0.1.weight', 'decoder.dense_head.heads_list.2.center_z.0.1.bias', 'decoder.dense_head.heads_list.2.center_z.0.1.running_mean', 'decoder.dense_head.heads_list.2.center_z.0.1.running_var', 'decoder.dense_head.heads_list.2.center_z.1.weight', 'decoder.dense_head.heads_list.2.center_z.1.bias', 'decoder.dense_head.heads_list.2.dim.0.0.weight', 'decoder.dense_head.heads_list.2.dim.0.0.bias', 'decoder.dense_head.heads_list.2.dim.0.1.weight', 'decoder.dense_head.heads_list.2.dim.0.1.bias', 'decoder.dense_head.heads_list.2.dim.0.1.running_mean', 'decoder.dense_head.heads_list.2.dim.0.1.running_var', 'decoder.dense_head.heads_list.2.dim.1.weight', 'decoder.dense_head.heads_list.2.dim.1.bias', 'decoder.dense_head.heads_list.2.rot.0.0.weight', 'decoder.dense_head.heads_list.2.rot.0.0.bias', 'decoder.dense_head.heads_list.2.rot.0.1.weight', 'decoder.dense_head.heads_list.2.rot.0.1.bias', 'decoder.dense_head.heads_list.2.rot.0.1.running_mean', 'decoder.dense_head.heads_list.2.rot.0.1.running_var', 'decoder.dense_head.heads_list.2.rot.1.weight', 'decoder.dense_head.heads_list.2.rot.1.bias', 'decoder.dense_head.heads_list.2.vel.0.0.weight', 'decoder.dense_head.heads_list.2.vel.0.0.bias', 'decoder.dense_head.heads_list.2.vel.0.1.weight', 'decoder.dense_head.heads_list.2.vel.0.1.bias', 'decoder.dense_head.heads_list.2.vel.0.1.running_mean', 'decoder.dense_head.heads_list.2.vel.0.1.running_var', 'decoder.dense_head.heads_list.2.vel.1.weight', 'decoder.dense_head.heads_list.2.vel.1.bias', 'decoder.dense_head.heads_list.2.hm.0.0.weight', 'decoder.dense_head.heads_list.2.hm.0.0.bias', 'decoder.dense_head.heads_list.2.hm.0.1.weight', 'decoder.dense_head.heads_list.2.hm.0.1.bias', 'decoder.dense_head.heads_list.2.hm.0.1.running_mean', 'decoder.dense_head.heads_list.2.hm.0.1.running_var', 'decoder.dense_head.heads_list.2.hm.1.weight', 'decoder.dense_head.heads_list.2.hm.1.bias', 'decoder.dense_head.heads_list.3.center.0.0.weight', 'decoder.dense_head.heads_list.3.center.0.0.bias', 'decoder.dense_head.heads_list.3.center.0.1.weight', 'decoder.dense_head.heads_list.3.center.0.1.bias', 'decoder.dense_head.heads_list.3.center.0.1.running_mean', 'decoder.dense_head.heads_list.3.center.0.1.running_var', 'decoder.dense_head.heads_list.3.center.1.weight', 'decoder.dense_head.heads_list.3.center.1.bias', 'decoder.dense_head.heads_list.3.center_z.0.0.weight', 'decoder.dense_head.heads_list.3.center_z.0.0.bias', 'decoder.dense_head.heads_list.3.center_z.0.1.weight', 'decoder.dense_head.heads_list.3.center_z.0.1.bias', 'decoder.dense_head.heads_list.3.center_z.0.1.running_mean', 'decoder.dense_head.heads_list.3.center_z.0.1.running_var', 'decoder.dense_head.heads_list.3.center_z.1.weight', 'decoder.dense_head.heads_list.3.center_z.1.bias', 'decoder.dense_head.heads_list.3.dim.0.0.weight', 'decoder.dense_head.heads_list.3.dim.0.0.bias', 'decoder.dense_head.heads_list.3.dim.0.1.weight', 'decoder.dense_head.heads_list.3.dim.0.1.bias', 'decoder.dense_head.heads_list.3.dim.0.1.running_mean', 'decoder.dense_head.heads_list.3.dim.0.1.running_var', 'decoder.dense_head.heads_list.3.dim.1.weight', 'decoder.dense_head.heads_list.3.dim.1.bias', 'decoder.dense_head.heads_list.3.rot.0.0.weight', 'decoder.dense_head.heads_list.3.rot.0.0.bias', 'decoder.dense_head.heads_list.3.rot.0.1.weight', 'decoder.dense_head.heads_list.3.rot.0.1.bias', 'decoder.dense_head.heads_list.3.rot.0.1.running_mean', 'decoder.dense_head.heads_list.3.rot.0.1.running_var', 'decoder.dense_head.heads_list.3.rot.1.weight', 'decoder.dense_head.heads_list.3.rot.1.bias', 'decoder.dense_head.heads_list.3.vel.0.0.weight', 'decoder.dense_head.heads_list.3.vel.0.0.bias', 'decoder.dense_head.heads_list.3.vel.0.1.weight', 'decoder.dense_head.heads_list.3.vel.0.1.bias', 'decoder.dense_head.heads_list.3.vel.0.1.running_mean', 'decoder.dense_head.heads_list.3.vel.0.1.running_var', 'decoder.dense_head.heads_list.3.vel.1.weight', 'decoder.dense_head.heads_list.3.vel.1.bias', 'decoder.dense_head.heads_list.3.hm.0.0.weight', 'decoder.dense_head.heads_list.3.hm.0.0.bias', 'decoder.dense_head.heads_list.3.hm.0.1.weight', 'decoder.dense_head.heads_list.3.hm.0.1.bias', 'decoder.dense_head.heads_list.3.hm.0.1.running_mean', 'decoder.dense_head.heads_list.3.hm.0.1.running_var', 'decoder.dense_head.heads_list.3.hm.1.weight', 'decoder.dense_head.heads_list.3.hm.1.bias', 'decoder.dense_head.heads_list.4.center.0.0.weight', 'decoder.dense_head.heads_list.4.center.0.0.bias', 'decoder.dense_head.heads_list.4.center.0.1.weight', 'decoder.dense_head.heads_list.4.center.0.1.bias', 'decoder.dense_head.heads_list.4.center.0.1.running_mean', 'decoder.dense_head.heads_list.4.center.0.1.running_var', 'decoder.dense_head.heads_list.4.center.1.weight', 'decoder.dense_head.heads_list.4.center.1.bias', 'decoder.dense_head.heads_list.4.center_z.0.0.weight', 'decoder.dense_head.heads_list.4.center_z.0.0.bias', 'decoder.dense_head.heads_list.4.center_z.0.1.weight', 'decoder.dense_head.heads_list.4.center_z.0.1.bias', 'decoder.dense_head.heads_list.4.center_z.0.1.running_mean', 'decoder.dense_head.heads_list.4.center_z.0.1.running_var', 'decoder.dense_head.heads_list.4.center_z.1.weight', 'decoder.dense_head.heads_list.4.center_z.1.bias', 'decoder.dense_head.heads_list.4.dim.0.0.weight', 'decoder.dense_head.heads_list.4.dim.0.0.bias', 'decoder.dense_head.heads_list.4.dim.0.1.weight', 'decoder.dense_head.heads_list.4.dim.0.1.bias', 'decoder.dense_head.heads_list.4.dim.0.1.running_mean', 'decoder.dense_head.heads_list.4.dim.0.1.running_var', 'decoder.dense_head.heads_list.4.dim.1.weight', 'decoder.dense_head.heads_list.4.dim.1.bias', 'decoder.dense_head.heads_list.4.rot.0.0.weight', 'decoder.dense_head.heads_list.4.rot.0.0.bias', 'decoder.dense_head.heads_list.4.rot.0.1.weight', 'decoder.dense_head.heads_list.4.rot.0.1.bias', 'decoder.dense_head.heads_list.4.rot.0.1.running_mean', 'decoder.dense_head.heads_list.4.rot.0.1.running_var', 'decoder.dense_head.heads_list.4.rot.1.weight', 'decoder.dense_head.heads_list.4.rot.1.bias', 'decoder.dense_head.heads_list.4.vel.0.0.weight', 'decoder.dense_head.heads_list.4.vel.0.0.bias', 'decoder.dense_head.heads_list.4.vel.0.1.weight', 'decoder.dense_head.heads_list.4.vel.0.1.bias', 'decoder.dense_head.heads_list.4.vel.0.1.running_mean', 'decoder.dense_head.heads_list.4.vel.0.1.running_var', 'decoder.dense_head.heads_list.4.vel.1.weight', 'decoder.dense_head.heads_list.4.vel.1.bias', 'decoder.dense_head.heads_list.4.hm.0.0.weight', 'decoder.dense_head.heads_list.4.hm.0.0.bias', 'decoder.dense_head.heads_list.4.hm.0.1.weight', 'decoder.dense_head.heads_list.4.hm.0.1.bias', 'decoder.dense_head.heads_list.4.hm.0.1.running_mean', 'decoder.dense_head.heads_list.4.hm.0.1.running_var', 'decoder.dense_head.heads_list.4.hm.1.weight', 'decoder.dense_head.heads_list.4.hm.1.bias', 'decoder.dense_head.heads_list.5.center.0.0.weight', 'decoder.dense_head.heads_list.5.center.0.0.bias', 'decoder.dense_head.heads_list.5.center.0.1.weight', 'decoder.dense_head.heads_list.5.center.0.1.bias', 'decoder.dense_head.heads_list.5.center.0.1.running_mean', 'decoder.dense_head.heads_list.5.center.0.1.running_var', 'decoder.dense_head.heads_list.5.center.1.weight', 'decoder.denseds_list.1.vel.1.bias', 'decoder.dense_head.heads_list.1.hm.0.0.weight', 'decoder.dense_head.heads_list.1.hm.0.0.bias', 'decoder.dense_head.heads_list.1.hm.0.1.weight', 'decoder.dense_head.heads_list.1.hm.0.1.bias', 'decoder.dense_head.heads_list.1.hm.0.1.running_mean', 'decoder.dense_head.heads_list.1.hm.0.1.running_var', 'decoder.dense_head.heads_list.1.hm.1.weight', 'decoder.dense_head.heads_list.1.hm.1.bias', 'decoder.dense_head.heads_list.2.center.0.0.weight', 'decoder.dense_head.heads_list.2.center.0.0.bias', 'decoder.dense_head.heads_list.2.center.0.1.weight', 'decoder.dense_head.heads_list.2.center.0.1.bias', 'decoder.dense_head.heads_list.2.center.0.1.running_mean', 'decoder.dense_head.heads_list.2.center.0.1.running_var', 'decoder.dense_head.heads_list.2.center.1.weight', 'decoder.dense_head.heads_list.2.center.1.bias', 'decoder.dense_head.heads_list.2.center_z.0.0.weight', 'decoder.dense_head.heads_list.2.center_z.0.0.bias', 'decoder.dense_head.heads_list.2.center_z.0.1.weight', 'decoder.dense_head.heads_list.2.center_z.0.1.bias', 'decoder.dense_head.heads_list.2.center_z.0.1.running_mean', 'decoder.dense_head.heads_list.2.center_z.0.1.running_var', 'decoder.dense_head.heads_list.2.center_z.1.weight', 'decoder.dense_head.heads_list.2.center_z.1.bias', 'decoder.dense_head.heads_list.2.dim.0.0.weight', 'decoder.dense_head.heads_list.2.dim.0.0.bias', 'decoder.dense_head.heads_list.2.dim.0.1.weight', 'decoder.dense_head.heads_list.2.dim.0.1.bias', 'decoder.dense_head.heads_list.2.dim.0.1.running_mean', 'decoder.dense_head.heads_list.2.dim.0.1.running_var', 'decoder.dense_head.heads_list.2.dim.1.weight', 'decoder.dense_head.heads_list.2.dim.1.bias', 'decoder.dense_head.heads_list.2.rot.0.0.weight', 'decoder.dense_head.heads_list.2.rot.0.0.bias', 'decoder.dense_head.heads_list.2.rot.0.1.weight', 'decoder.dense_head.heads_list.2.rot.0.1.bias', 'decoder.dense_head.heads_list.2.rot.0.1.running_mean', 'decoder.dense_head.heads_list.2.rot.0.1.running_var', 'decoder.dense_head.heads_list.2.rot.1.weight', 'decoder.dense_head.heads_list.2.rot.1.bias', 'decoder.dense_head.heads_list.2.vel.0.0.weight', 'decoder.dense_head.heads_list.2.vel.0.0.bias', 'decoder.dense_head.heads_list.2.vel.0.1.weight', 'decoder.dense_head.heads_list.2.vel.0.1.bias', 'decoder.dense_head.heads_list.2.vel.0.1.running_mean', 'decoder.dense_head.heads_list.2.vel.0.1.running_var', 'decoder.dense_head.heads_list.2.vel.1.weight', 'decoder.dense_head.heads_list.2.vel.1.bias', 'decoder.dense_head.heads_list.2.hm.0.0.weight', 'decoder.dense_head.heads_list.2.hm.0.0.bias', 'decoder.dense_head.heads_list.2.hm.0.1.weight', 'decoder.dense_head.heads_list.2.hm.0.1.bias', 'decoder.dense_head.heads_list.2.hm.0.1.running_mean', 'decoder.dense_head.heads_list.2.hm.0.1.running_var', 'decoder.dense_head.heads_list.2.hm.1.weight', 'decoder.dense_head.heads_list.2.hm.1.bias', 'decoder.dense_head.heads_list.3.center.0.0.weight', 'decoder.dense_head.heads_list.3.center.0.0.bias', 'decoder.dense_head.heads_list.3.center.0.1.weight', 'decoder.dense_head.heads_list.3.center.0.1.bias', 'decoder.dense_head.heads_list.3.center.0.1.running_mean', 'decoder.dense_head.heads_list.3.center.0.1.running_var', 'decoder.dense_head.heads_list.3.center.1.weight', 'decoder.dense_head.heads_list.3.center.1.bias', 'decoder.dense_head.heads_list.3.center_z.0.0.weight', 'decoder.dense_head.heads_list.3.center_z.0.0.bias', 'decoder.dense_head.heads_list.3.center_z.0.1.weight', 'decoder.dense_head.heads_list.3.center_z.0.1.bias', 'decoder.dense_head.heads_list.3.center_z.0.1.running_mean', 'decoder.dense_head.heads_list.3.center_z.0.1.running_var', 'decoder.dense_head.heads_list.3.center_z.1.weight', 'decoder.dense_head.heads_list.3.center_z.1.bias', 'decoder.dense_head.heads_list.3.dim.0.0.weight', 'decoder.dense_head.heads_list.3.dim.0.0.bias', 'decoder.dense_head.heads_list.3.dim.0.1.weight', 'decoder.dense_head.heads_list.3.dim.0.1.bias', 'decoder.dense_head.heads_list.3.dim.0.1.running_mean', 'decoder.dense_head.heads_list.3.dim.0.1.running_var', 'decoder.dense_head.heads_list.3.dim.1.weight', 'decoder.dense_head.heads_list.3.dim.1.bias', 'decoder.dense_head.heads_list.3.rot.0.0.weight', 'decoder.dense_head.heads_list.3.rot.0.0.bias', 'decoder.dense_head.heads_list.3.rot.0.1.weight', 'decoder.dense_head.heads_list.3.rot.0.1.bias', 'decoder.dense_head.heads_list.3.rot.0.1.running_mean', 'decoder.dense_head.heads_list.3.rot.0.1.running_var', 'decoder.dense_head.heads_list.3.rot.1.weight', 'decoder.dense_head.heads_list.3.rot.1.bias', 'decoder.dense_head.heads_list.3.vel.0.0.weight', 'decoder.dense_head.heads_list.3.vel.0.0.bias', 'decoder.dense_head.heads_list.3.vel.0.1.weight', 'decoder.dense_head.heads_list.3.vel.0.1.bias', 'decoder.dense_head.heads_list.3.vel.0.1.running_mean', 'decoder.dense_head.heads_list.3.vel.0.1.running_var', 'decoder.dense_head.heads_list.3.vel.1.weight', 'decoder.dense_head.heads_list.3.vel.1.bias', 'decoder.dense_head.heads_list.3.hm.0.0.weight', 'decoder.dense_head.heads_list.3.hm.0.0.bias', 'decoder.dense_head.heads_list.3.hm.0.1.weight', 'decoder.dense_head.heads_list.3.hm.0.1.bias', 'decoder.dense_head.heads_list.3.hm.0.1.running_mean', 'decoder.dense_head.heads_list.3.hm.0.1.running_var', 'decoder.dense_head.heads_list.3.hm.1.weight', 'decoder.dense_head.heads_list.3.hm.1.bias', 'decoder.dense_head.heads_list.4.center.0.0.weight', 'decoder.dense_head.heads_list.4.center.0.0.bias', 'decoder.dense_head.heads_list.4.center.0.1.weight', 'decoder.dense_head.heads_list.4.center.0.1.bias', 'decoder.dense_head.heads_list.4.center.0.1.running_mean', 'decoder.dense_head.heads_list.4.center.0.1.running_var', 'decoder.dense_head.heads_list.4.center.1.weight', 'decoder.dense_head.heads_list.4.center.1.bias', 'decoder.dense_head.heads_list.4.center_z.0.0.weight', 'decoder.dense_head.heads_list.4.center_z.0.0.bias', 'decoder.dense_head.heads_list.4.center_z.0.1.weight', 'decoder.dense_head.heads_list.4.center_z.0.1.bias', 'decoder.dense_head.heads_list.4.center_z.0.1.running_mean', 'decoder.dense_head.heads_list.4.center_z.0.1.running_var', 'decoder.dense_head.heads_list.4.center_z.1.weight', 'decoder.dense_head.heads_list.4.center_z.1.bias', 'decoder.dense_head.heads_list.4.dim.0.0.weight', 'decoder.dense_head.heads_list.4.dim.0.0.bias', 'decoder.dense_head.heads_list.4.dim.0.1.weight', 'decoder.dense_head.heads_list.4.dim.0.1.bias', 'decoder.dense_head.heads_list.4.dim.0.1.running_mean', 'decoder.dense_head.heads_list.4.dim.0.1.running_var', 'decoder.dense_head.heads_list.4.dim.1.weight', 'decoder.dense_head.heads_list.4.dim.1.bias', 'decoder.dense_head.heads_list.4.rot.0.0.weight', 'decoder.dense_head.heads_list.4.rot.0.0.bias', 'decoder.dense_head.heads_list.4.rot.0.1.weight', 'decoder.dense_head.heads_list.4.rot.0.1.bias', 'decoder.dense_head.heads_list.4.rot.0.1.running_mean', 'decoder.dense_head.heads_list.4.rot.0.1.running_var', 'decoder.dense_head.heads_list.4.rot.1.weight', 'decoder.dense_head.heads_list.4.rot.1.bias', 'decoder.dense_head.heads_list.4.vel.0.0.weight', 'decoder.dense_head.heads_list.4.vel.0.0.bias', 'decoder.dense_head.heads_list.4.vel.0.1.weight', 'decoder.dense_head.heads_list.4.vel.0.1.bias', 'decoder.dense_head.heads_list.4.vel.0.1.running_mean', 'decoder.dense_head.heads_list.4.vel.0.1.running_var', 'decoder.dense_head.heads_list.4.vel.1.weight', 'decoder.dense_head.heads_list.4.vel.1.bias', 'decoder.dense_head.heads_list.4.hm.0.0.weight', 'decoder.dense_head.heads_list.4.hm.0.0.bias', 'decoder.dense_head.heads_list.4.hm.0.1.weight', 'decoder.dense_head.heads_list.4.hm.0.1.bias', 'decoder.dense_head.heads_list.4.hm.0.1.running_mean', 'decoder.dense_head.heads_list.4.hm.0.1.running_var', 'decoder.dense_head.heads_list.4.hm.1.weight', 'decoder.dense_head.heads_list.4.hm.1.bias', 'decoder.dense_head.heads_list.5.center.0.0.weight', 'decoder.dense_head.heads_list.5.center.0.0.bias', 'decoder.dense_head.heads_list.5.center.0.1.weight', 'decoder.dense_head.heads_list.5.center.0.1.bias', 'decoder.dense_head.heads_list.5.center.0.1.running_mean', 'decoder.dense_head.heads_list.5.center.0.1.running_var', 'decoder.dense_head.heads_list.5.center.1.weight', 'decoder.dense_head.heads_list.5.center.1.bias', 'decoder.dense_head.heads_list.5.center_z.0.0.weight', 'decoder.dense_head.heads_list.5.center_z.0.0.bias', 'decoder.dense_head.heads_list.5.center_z.0.1.weight', 'decoder.dense_head.heads_list.5.center_z.0.1.bias', 'decoder.dense_head.heads_list.5.center_z.0.1.running_mean', 'decoder.dense_head.heads_list.5.center_z.0.1.running_var', 'decoder.dense_head.heads_list.5.center_z.1.weight', 'decoder.dense_head.heads_list.5.center_z.1.bias', 'decoder.dense_head.heads_list.5.dim.0.0.weight', 'decoder.dense_head.heads_list.5.dim.0.0.bias', 'decoder.dense_head.heads_list.5.dim.0.1.weight', 'decoder.dense_head.heads_list.5.dim.0.1.bias', 'decoder.dense_head.heads_list.5.dim.0.1.running_mean', 'decoder.dense_head.heads_list.5.dim.0.1.running_var', 'decoder.dense_head.heads_list.5.dim.1.weight', 'decoder.dense_head.heads_list.5.dim.1.bias', 'decoder.dense_head.heads_list.5.rot.0.0.weight', 'decoder.dense_head.heads_list.5.rot.0.0.bias', 'decoder.dense_head.heads_list.5.rot.0.1.weight', 'decoder.dense_head.heads_list.5.rot.0.1.bias', 'decoder.dense_head.heads_list.5.rot.0.1.running_mean', 'decoder.dense_head.heads_list.5.rot.0.1.running_var', 'decoder.dense_head.heads_list.5.rot.1.weight', 'decoder.dense_head.heads_list.5.rot.1.bias', 'decoder.dense_head.heads_list.5.vel.0.0.weight', 'decoder.dense_head.heads_list.5.vel.0.0.bias', 'decoder.dense_head.heads_list.5.vel.0.1.weight', 'decoder.dense_head.heads_list.5.vel.0.1.bias', 'decoder.dense_head.heads_list.5.vel.0.1.running_mean', 'decoder.dense_head.heads_list.5.vel.0.1.running_var', 'decoder.dense_head.heads_list.5.vel.1.weight', 'decoder.dense_head.heads_list.5.vel.1.bias', 'decoder.dense_head.heads_list.5.hm.0.0.weight', 'decoder.dense_head.heads_list.5.hm.0.0.bias', 'decoder.dense_head.heads_list.5.hm.0.1.weight', 'decoder.dense_head.heads_list.5.hm.0.1.bias', 'decoder.dense_head.heads_list.5.hm.0.1.running_mean', 'decoder.dense_head.heads_list.5.hm.0.1.running_var', 'decoder.dense_head.heads_list.5.hm.1.weight', 'decoder.dense_head.heads_list.5.hm.1.bias', 'map_decoder.pts_bbox_head.code_weights', 'map_decoder.pts_bbox_head.loss_seg.loss_fn.pos_weight', 'map_decoder.pts_bbox_head.loss_pv_seg.loss_fn.pos_weight', 'map_decoder.pts_bbox_head.map_adapter_layers.0.0.weight', 'map_decoder.pts_bbox_head.map_adapter_layers.0.0.bias', 'map_decoder.pts_bbox_head.map_adapter_layers.0.1.weight', 'map_decoder.pts_bbox_head.map_adapter_layers.0.1.bias', 'map_decoder.pts_bbox_head.map_adapter_layers.0.1.running_mean', 'map_decoder.pts_bbox_head.map_adapter_layers.0.1.running_var', 'map_decoder.pts_bbox_head.map_adapter_layers.1.weight', 'map_decoder.pts_bbox_head.map_adapter_layers.1.bias', 'map_decoder.pts_bbox_head.cls_branches.0.weight', 'map_decoder.pts_bbox_head.cls_branches.0.bias', 'map_decoder.pts_bbox_head.cls_branches.1.weight', 'map_decoder.pts_bbox_head.cls_branches.1.bias', 'map_decoder.pts_bbox_head.cls_branches.3.weight', 'map_decoder.pts_bbox_head.cls_branches.3.bias', 'map_decoder.pts_bbox_head.cls_branches.4.weight', 'map_decoder.pts_bbox_head.cls_branches.4.bias', 'map_decoder.pts_bbox_head.cls_branches.6.weight', 'map_decoder.pts_bbox_head.cls_branches.6.bias', 'map_decoder.pts_bbox_head.reg_branches.0.weight', 'map_decoder.pts_bbox_head.reg_branches.0.bias', 'map_decoder.pts_bbox_head.reg_branches.2.weight', 'map_decoder.pts_bbox_head.reg_branches.2.bias', 'map_decoder.pts_bbox_head.reg_branches.4.weight', 'map_decoder.pts_bbox_head.reg_branches.4.bias', 'map_decoder.pts_bbox_head.reg_branches.6.weight', 'map_decoder.pts_bbox_head.reg_branches.6.bias', 'planner_head.ego_query.weight', 'planner_head.ego_agent_decoder.layers.0.attentions.0.attn.in_proj_weight', 'planner_head.ego_agent_decoder.layers.0.attentions.0.attn.in_proj_bias', 'planner_head.ego_agent_decoder.layers.0.attentions.0.attn.out_proj.weight', 'planner_head.ego_agent_decoder.layers.0.attentions.0.attn.out_proj.bias', 'planner_head.ego_agent_decoder.layers.0.ffns.0.layers.0.0.weight', 'planner_head.ego_agent_decoder.layers.0.ffns.0.layers.0.0.bias', 'planner_head.ego_agent_decoder.layers.0.ffns.0.layers.1.weight', 'planner_head.ego_agent_decoder.layers.0.ffns.0.layers.1.bias', 'planner_head.ego_agent_decoder.layers.0.norms.0.weight', 'planner_head.ego_agent_decoder.layers.0.norms.0.bias', 'planner_head.ego_agent_decoder.layers.0.norms.1.weight', 'planner_head.ego_agent_decoder.layers.0.norms.1.bias', 'planner_head.ego_map_decoder.layers.0.attentions.0.attn.in_proj_weight', 'planner_head.ego_map_decoder.layers.0.attentions.0.attn.in_proj_bias', 'planner_head.ego_map_decoder.layers.0.attentions.0.attn.out_proj.weight', 'planner_head.ego_map_decoder.layers.0.attentions.0.attn.out_proj.bias', 'planner_head.ego_map_decoder.layers.0.ffns.0.layers.0.0.weight', 'planner_head.ego_map_decoder.layers.0.ffns.0.layers.0.0.bias', 'planner_head.ego_map_decoder.layers.0.ffns.0.layers.1.weight', 'planner_head.ego_map_decoder.layers.0.ffns.0.layers.1.bias', 'planner_head.ego_map_decoder.layers.0.norms.0.weight', 'planner_head.ego_map_decoder.layers.0.norms.0.bias', 'planner_head.ego_map_decoder.layers.0.norms.1.weight', 'planner_head.ego_map_decoder.layers.0.norms.1.bias', 'planner_head.ego_gaussian_decoder.layers.0.attentions.0.attn.in_proj_weight', 'planner_head.ego_gaussian_decoder.layers.0.attentions.0.attn.in_proj_bias', 'planner_head.ego_gaussian_decoder.layers.0.attentions.0.attn.out_proj.weight', 'planner_head.ego_gaussian_decoder.layers.0.attentions.0.attn.out_proj.bias', 'planner_head.ego_gaussian_decoder.layers.0.ffns.0.layers.0.0.weight', 'planner_head.ego_gaussian_decoder.layers.0.ffns.0.layers.0.0.bias', 'planner_head.ego_gaussian_decoder.layers.0.ffns.0.layers.1.weight', 'planner_head.ego_gaussian_decoder.layers.0.ffns.0.layers.1.bias', 'planner_head.ego_gaussian_decoder.layers.0.norms.0.weight', 'planner_head.ego_gaussian_decoder.layers.0.norms.0.bias', 'planner_head.ego_gaussian_decoder.layers.0.norms.1.weight', 'planner_head.ego_gaussian_decoder.layers.0.norms.1.bias', 'planner_head.ego_fut_decoder.0.weight', 'planner_head.ego_fut_decoder.0.bias', 'planner_head.ego_fut_decoder.2.weight', 'planner_head.ego_fut_decoder.2.bias', 'planner_head.ego_fut_decoder.4.weight', 'planner_head.ego_fut_decoder.4.bias', 'planner_head.agent_fus_mlp.0.weight', 'planner_head.agent_fus_mlp.0.bias', 'planner_head.agent_fus_mlp.1.weight', 'planner_head.agent_fus_mlp.1.bias', 'planner_head.agent_fus_mlp.3.weight', 'planner_head.agent_fus_mlp.3.bias', 'planner_head.map_fus_mlp.0.weight', 'planner_head.map_fus_mlp.0.bias', 'planner_head.map_fus_mlp.1.weight', 'planner_head.map_fus_mlp.1.bias', 'planner_head.map_fus_mlp.3.weight', 'planner_head.map_fus_mlp.3.bias', 'planner_head.gaussian_fus_mlp.0.weight', 'planner_head.gaussian_fus_mlp.0.bias', 'planner_head.gaussian_fus_mlp.1.weight', 'planner_head.gaussian_fus_mlp.1.bias', 'planner_head.gaussian_fus_mlp.3.weight', 'planner_head.gaussian_fus_mlp.3.bias'], unexpected_keys=['bbox_head.bld_alpha', 'bbox_head.cls_convs.0.conv.weight', 'bbox_head.cls_convs.0.conv.bias', 'bbox_head.cls_convs.0.gn.weight', 'bbox_head.cls_convs.0.gn.bias', 'bbox_head.cls_convs.1.conv.weight', 'bbox_head.cls_convs.1.conv.bias', 'bbox_head.cls_convs.1.conv.conv_offset.weight', 'bbox_head.cls_convs.1.conv.conv_offset.bias', 'bbox_head.cls_convs.1.gn.weight', 'bbox_head.cls_convs.1.gn.bias', 'bbox_head.reg_convs.0.conv.weight', 'bbox_head.reg_convs.0.conv.bias', 'bbox_head.reg_convs.0.gn.weight', 'bbox_head.reg_convs.0.gn.bias', 'bbox_head.reg_convs.1.conv.weight', 'bbox_head.reg_convs.1.conv.bias', 'bbox_head.reg_convs.1.conv.conv_offset.weight', 'bbox_head.reg_convs.1.conv.conv_offset.bias', 'bbox_head.reg_convs.1.gn.weight', 'bbox_head.reg_convs.1.gn.bias', 'bbox_head.conv_cls_prev.0.conv.weight', 'bbox_head.conv_cls_prev.0.conv.bias', 'bbox_head.conv_cls_prev.0.gn.weight', 'bbox_head.conv_cls_prev.0.gn.bias', 'bbox_head.conv_cls.weight', 'bbox_head.conv_cls.bias', 'bbox_head.conv_reg_prevs.0.0.conv.weight', 'bbox_head.conv_reg_prevs.0.0.conv.bias', 'bbox_head.conv_reg_prevs.0.0.gn.weight', 'bbox_head.conv_reg_prevs.0.0.gn.bias', 'bbox_head.conv_reg_prevs.1.0.conv.weight', 'bbox_head.con_head.heads_list.5.center.1.bias', 'decoder.dense_head.heads_list.5.center_z.0.0.weight', 'decoder.dense_head.heads_list.5.center_z.0.0.bias', 'decoder.dense_head.heads_list.5.center_z.0.1.weight', 'decoder.dense_head.heads_list.5.center_z.0.1.bias', 'decoder.dense_head.heads_list.5.center_z.0.1.running_mean', 'decoder.dense_head.heads_list.5.center_z.0.1.running_var', 'decoder.dense_head.heads_list.5.center_z.1.weight', 'decoder.dense_head.heads_list.5.center_z.1.bias', 'decoder.dense_head.heads_list.5.dim.0.0.weight', 'decoder.dense_head.heads_list.5.dim.0.0.bias', 'decoder.dense_head.heads_list.5.dim.0.1.weight', 'decoder.dense_head.heads_list.5.dim.0.1.bias', 'decoder.dense_head.heads_list.5.dim.0.1.running_mean', 'decoder.dense_head.heads_list.5.dim.0.1.running_var', 'decoder.dense_head.heads_list.5.dim.1.weight', 'decoder.dense_head.heads_list.5.dim.1.bias', 'decoder.dense_head.heads_list.5.rot.0.0.weight', 'decoder.dense_head.heads_list.5.rot.0.0.bias', 'decoder.dense_head.heads_list.5.rot.0.1.weight', 'decoder.dense_head.heads_list.5.rot.0.1.bias', 'decoder.dense_head.heads_list.5.rot.0.1.running_mean', 'decoder.dense_head.heads_list.5.rot.0.1.running_var', 'decoder.dense_head.heads_list.5.rot.1.weight', 'decoder.dense_head.heads_list.5.rot.1.bias', 'decoder.dense_head.heads_list.5.vel.0.0.weight', 'decoder.dense_head.heads_list.5.vel.0.0.bias', 'decoder.dense_head.heads_list.5.vel.0.1.weight', 'decoder.dense_head.heads_list.5.vel.0.1.bias', 'decoder.dense_head.heads_list.5.vel.0.1.running_mean', 'decoder.dense_head.heads_list.5.vel.0.1.running_var', 'decoder.dense_head.heads_list.5.vel.1.weight', 'decoder.dense_head.heads_list.5.vel.1.bias', 'decoder.dense_head.heads_list.5.hm.0.0.weight', 'decoder.dense_head.heads_list.5.hm.0.0.bias', 'decoder.dense_head.heads_list.5.hm.0.1.weight', 'decoder.dense_head.heads_list.5.hm.0.1.bias', 'decoder.dense_head.heads_list.5.hm.0.1.running_mean', 'decoder.dense_head.heads_list.5.hm.0.1.running_var', 'decoder.dense_head.heads_list.5.hm.1.weight', 'decoder.dense_head.heads_list.5.hm.1.bias', 'map_decoder.pts_bbox_head.code_weights', 'map_decoder.pts_bbox_head.loss_seg.loss_fn.pos_weight', 'map_decoder.pts_bbox_head.loss_pv_seg.loss_fn.pos_weight', 'map_decoder.pts_bbox_head.map_adapter_layers.0.0.weight', 'map_decoder.pts_bbox_head.map_adapter_layers.0.0.bias', 'map_decoder.pts_bbox_head.map_adapter_layers.0.1.weight', 'map_decoder.pts_bbox_head.map_adapter_layers.0.1.bias', 'map_decoder.pts_bbox_head.map_adapter_layers.0.1.running_mean', 'map_decoder.pts_bbox_head.map_adapter_layers.0.1.running_var', 'map_decoder.pts_bbox_head.map_adapter_layers.1.weight', 'map_decoder.pts_bbox_head.map_adapter_layers.1.bias', 'map_decoder.pts_bbox_head.cls_branches.0.weight', 'map_decoder.pts_bbox_head.cls_branches.0.bias', 'map_decoder.pts_bbox_head.cls_branches.1.weight', 'map_decoder.pts_bbox_head.cls_branches.1.bias', 'map_decoder.pts_bbox_head.cls_branches.3.weight', 'map_decoder.pts_bbox_head.cls_branches.3.bias', 'map_decoder.pts_bbox_head.cls_branches.4.weight', 'map_decoder.pts_bbox_head.cls_branches.4.bias', 'map_decoder.pts_bbox_head.cls_branches.6.weight', 'map_decoder.pts_bbox_head.cls_branches.6.bias', 'map_decoder.pts_bbox_head.reg_branches.0.weight', 'map_decoder.pts_bbox_head.reg_branches.0.bias', 'map_decoder.pts_bbox_head.reg_branches.2.weight', 'map_decoder.pts_bbox_head.reg_branches.2.bias', 'map_decoder.pts_bbox_head.reg_branches.4.weight', 'map_decoder.pts_bbox_head.reg_branches.4.bias', 'map_decoder.pts_bbox_head.reg_branches.6.weight', 'map_decoder.pts_bbox_head.reg_branches.6.bias', 'planner_head.ego_query.weight', 'planner_head.ego_agent_decoder.layers.0.attentions.0.attn.in_proj_weight', 'planner_head.ego_agent_decoder.layers.0.attentions.0.attn.in_proj_bias', 'planner_head.ego_agent_decoder.layers.0.attentions.0.attn.out_proj.weight', 'planner_head.ego_agent_decoder.layers.0.attentions.0.attn.out_proj.bias', 'planner_head.ego_agent_decoder.layers.0.ffns.0.layers.0.0.weight', 'planner_head.ego_agent_decoder.layers.0.ffns.0.layers.0.0.bias', 'planner_head.ego_agent_decoder.layers.0.ffns.0.layers.1.weight', 'planner_head.ego_agent_decoder.layers.0.ffns.0.layers.1.bias', 'planner_head.ego_agent_decoder.layers.0.norms.0.weight', 'planner_head.ego_agent_decoder.layers.0.norms.0.bias', 'planner_head.ego_agent_decoder.layers.0.norms.1.weight', 'planner_head.ego_agent_decoder.layers.0.norms.1.bias', 'planner_head.ego_map_decoder.layers.0.attentions.0.attn.in_proj_weight', 'planner_head.ego_map_decoder.layers.0.attentions.0.attn.in_proj_bias', 'planner_head.ego_map_decoder.layers.0.attentions.0.attn.out_proj.weight', 'planner_head.ego_map_decoder.layers.0.attentions.0.attn.out_proj.bias', 'planner_head.ego_map_decoder.layers.0.ffns.0.layers.0.0.weight', 'planner_head.ego_map_decoder.layers.0.ffns.0.layers.0.0.bias', 'planner_head.ego_map_decoder.layers.0.ffns.0.layers.1.weight', 'planner_head.ego_map_decoder.layers.0.ffns.0.layers.1.bias', 'planner_head.ego_map_decoder.layers.0.norms.0.weight', 'planner_head.ego_map_decoder.layers.0.norms.0.bias', 'planner_head.ego_map_decoder.layers.0.norms.1.weight', 'planner_head.ego_map_decoder.layers.0.norms.1.bias', 'planner_head.ego_gaussian_decoder.layers.0.attentions.0.attn.in_proj_weight', 'planner_head.ego_gaussian_decoder.layers.0.attentions.0.attn.in_proj_bias', 'planner_head.ego_gaussian_decoder.layers.0.attentions.0.attn.out_proj.weight', 'planner_head.ego_gaussian_decoder.layers.0.attentions.0.attn.out_proj.bias', 'planner_head.ego_gaussian_decoder.layers.0.ffns.0.layers.0.0.weight', 'planner_head.ego_gaussian_decoder.layers.0.ffns.0.layers.0.0.bias', 'planner_head.ego_gaussian_decoder.layers.0.ffns.0.layers.1.weight', 'planner_head.ego_gaussian_decoder.layers.0.ffns.0.layers.1.bias', 'planner_head.ego_gaussian_decoder.layers.0.norms.0.weight', 'planner_head.ego_gaussian_decoder.layers.0.norms.0.bias', 'planner_head.ego_gaussian_decoder.layers.0.norms.1.weight', 'planner_head.ego_gaussian_decoder.layers.0.norms.1.bias', 'planner_head.ego_fut_decoder.0.weight', 'planner_head.ego_fut_decoder.0.bias', 'planner_head.ego_fut_decoder.2.weight', 'planner_head.ego_fut_decoder.2.bias', 'planner_head.ego_fut_decoder.4.weight', 'planner_head.ego_fut_decoder.4.bias', 'planner_head.agent_fus_mlp.0.weight', 'planner_head.agent_fus_mlp.0.bias', 'planner_head.agent_fus_mlp.1.weight', 'planner_head.agent_fus_mlp.1.bias', 'planner_head.agent_fus_mlp.3.weight', 'planner_head.agent_fus_mlp.3.bias', 'planner_head.map_fus_mlp.0.weight', 'planner_head.map_fus_mlp.0.bias', 'planner_head.map_fus_mlp.1.weight', 'planner_head.map_fus_mlp.1.bias', 'planner_head.map_fus_mlp.3.weight', 'planner_head.map_fus_mlp.3.bias', 'planner_head.gaussian_fus_mlp.0.weight', 'planner_head.gaussian_fus_mlp.0.bias', 'planner_head.gaussian_fus_mlp.1.weight', 'planner_head.gaussian_fus_mlp.1.bias', 'planner_head.gaussian_fus_mlp.3.weight', 'planner_head.gaussian_fus_mlp.3.bias'], unexpected_keys=['bbox_head.bld_alpha', 'bbox_head.cls_convs.0.conv.weight', 'bbox_head.cls_convs.0.conv.bias', 'bbox_head.cls_convs.0.gn.weight', 'bbox_head.cls_convs.0.gn.bias', 'bbox_head.cls_convs.1.conv.weight', 'bbox_head.cls_convs.1.conv.bias', 'bbox_head.cls_convs.1.conv.conv_offset.weight', 'bbox_head.cls_convs.1.conv.conv_offset.bias', 'bbox_head.cls_convs.1.gn.weight', 'bbox_head.cls_convs.1.gn.bias', 'bbox_head.reg_convs.0.conv.weight', 'bbox_head.reg_convs.0.conv.bias', 'bbox_head.reg_convs.0.gn.weight', 'bbox_head.reg_convs.0.gn.bias', 'bbox_head.reg_convs.1.conv.weight', 'bbox_head.reg_convs.1.conv.bias', 'bbox_head.reg_convs.1.conv.conv_offset.weight', 'bbox_head.reg_convs.1.conv.conv_offset.bias', 'bbox_head.reg_convs.1.gn.weight', 'bbox_head.reg_convs.1.gn.bias', 'bbox_head.conv_cls_prev.0.conv.weight', 'bbox_head.conv_cls_prev.0.conv.bias', 'bbox_head.conv_cls_prev.0.gn.weight', 'bbox_head.conv_cls_prev.0.gn.bias', 'bbox_head.conv_cls.weight', 'bbox_head.conv_cls.bias', 'bbox_head.conv_reg_prevs.0.0.conv.weight', 'bbox_head.conv_reg_prevs.0.0.conv.bias', 'bbox_head.conv_reg_prevs.0.0.gn.weight', 'bbox_head.conv_reg_prevs.0.0.gn.bias', 'bbox_head.conv_reg_prevs.1.0.conv.weight', 'bbox_head.conv_reg_prevs.1.0.conv.bias', 'bbox_head.conv_reg_prevs.1.0.gn.weight', 'bbox_head.conv_reg_prevs.1.0.gn.bias', 'bbox_head.conv_reg_prevs.2.0.conv.weight', 'bbox_head.conv_reg_prevs.2.0.conv.bias', 'bbox_head.conv_reg_prevs.2.0.gn.weight', 'bbox_head.conv_reg_prevs.2.0.gn.bias', 'bbox_head.conv_reg_prevs.3.0.conv.weight', 'bbox_head.conv_reg_prevs.3.0.conv.bias', 'bbox_head.conv_reg_prevs.3.0.gn.weight', 'bbox_head.conv_reg_prevs.3.0.gn.bias', 'bbox_head.conv_reg_prevs.5.0.conv.weight', 'bbox_head.conv_reg_prevs.5.0.conv.bias', 'bbox_head.conv_reg_prevs.5.0.gn.weight', 'bbox_head.conv_reg_prevs.5.0.gn.bias', 'bbox_head.conv_regs.0.weight', 'bbox_head.conv_regs.0.bias', 'bbox_head.conv_regs.1.weight', 'bbox_head.conv_regs.1.bias', 'bbox_head.conv_regs.2.weight', 'bbox_head.conv_regs.2.bias', 'bbox_head.conv_regs.3.weight', 'bbox_head.conv_regs.3.bias', 'bbox_head.conv_regs.4.weight', 'bbox_head.conv_regs.4.bias', 'bbox_head.conv_regs.5.weight', 'bbox_head.conv_regs.5.bias', 'bbox_head.conv_dir_cls_prev.0.conv.weight', 'bbox_head.conv_dir_cls_prev.0.conv.bias', 'bbox_head.conv_dir_cls_prev.0.gn.weight', 'bbox_head.conv_dir_cls_prev.0.gn.bias', 'bbox_head.conv_dir_cls.weight', 'bbox_head.conv_dir_cls.bias', 'bbox_head.conv_attr_prev.0.conv.weight', 'bbox_head.conv_attr_prev.0.conv.bias', 'bbox_head.conv_attr_prev.0.gn.weight', 'bbox_head.conv_attr_prev.0.gn.bias', 'bbox_head.conv_attr.weight', 'bbox_head.conv_attr.bias', 'bbox_head.conv_depth_cls_prev.0.conv.weight', 'bbox_head.conv_depth_cls_prev.0.conv.bias', 'bbox_head.conv_depth_cls_prev.0.gn.weight', 'bbox_head.conv_depth_cls_prev.0.gn.bias', 'bbox_head.conv_depth_cls.weight', 'bbox_head.conv_depth_cls.bias', 'bbox_head.conv_centerness_prev.0.conv.weight', 'bbox_head.conv_centerness_prev.0.conv.bias', 'bbox_head.conv_centerness_prev.0.gn.weight', 'bbox_head.conv_centerness_prev.0.gn.bias', 'bbox_head.conv_centerness.weight', 'bbox_head.conv_centerness.bias', 'bbox_head.scales.0.0.scale', 'bbox_head.scales.0.1.scale', 'bbox_head.scales.0.2.scale', 'bbox_head.scales.0.3.scale', 'bbox_head.scales.1.0.scale', 'bbox_head.scales.1.1.scale', 'bbox_head.scales.1.2.scale', 'bbox_head.scales.1.3.scale', 'bbox_head.scales.2.0.scale', 'bbox_head.scales.2.1.scale', 'bbox_head.scales.2.2.scale', 'bbox_head.scales.2.3.scale', 'bbox_head.scales.3.0.scale', 'bbox_head.scales.3.1.scale', 'bbox_head.scales.3.2.scale', 'bbox_head.scales.3.3.scale', 'bbox_head.scales.4.0.scale', 'bbox_head.scales.4.1.scale', 'bbox_head.scales.4.2.scale', 'bbox_head.scales.4.3.scale'])
v_reg_prevs.1.0.conv.bias', 'bbox_head.conv_reg_prevs.1.0.gn.weight', 'bbox_head.conv_reg_prevs.1.0.gn.bias', 'bbox_head.conv_reg_prevs.2.0.conv.weight', 'bbox_head.conv_reg_prevs.2.0.conv.bias', 'bbox_head.conv_reg_prevs.2.0.gn.weight', 'bbox_head.conv_reg_prevs.2.0.gn.bias', 'bbox_head.conv_reg_prevs.3.0.conv.weight', 'bbox_head.conv_reg_prevs.3.0.conv.bias', 'bbox_head.conv_reg_prevs.3.0.gn.weight', 'bbox_head.conv_reg_prevs.3.0.gn.bias', 'bbox_head.conv_reg_prevs.5.0.conv.weight', 'bbox_head.conv_reg_prevs.5.0.conv.bias', 'bbox_head.conv_reg_prevs.5.0.gn.weight', 'bbox_head.conv_reg_prevs.5.0.gn.bias', 'bbox_head.conv_regs.0.weight', 'bbox_head.conv_regs.0.bias', 'bbox_head.conv_regs.1.weight', 'bbox_head.conv_regs.1.bias', 'bbox_head.conv_regs.2.weight', 'bbox_head.conv_regs.2.bias', 'bbox_head.conv_regs.3.weight', 'bbox_head.conv_regs.3.bias', 'bbox_head.conv_regs.4.weight', 'bbox_head.conv_regs.4.bias', 'bbox_head.conv_regs.5.weight', 'bbox_head.conv_regs.5.bias', 'bbox_head.conv_dir_cls_prev.0.conv.weight', 'bbox_head.conv_dir_cls_prev.0.conv.bias', 'bbox_head.conv_dir_cls_prev.0.gn.weight', 'bbox_head.conv_dir_cls_prev.0.gn.bias', 'bbox_head.conv_dir_cls.weight', 'bbox_head.conv_dir_cls.bias', 'bbox_head.conv_attr_prev.0.conv.weight', 'bbox_head.conv_attr_prev.0.conv.bias', 'bbox_head.conv_attr_prev.0.gn.weight', 'bbox_head.conv_attr_prev.0.gn.bias', 'bbox_head.conv_attr.weight', 'bbox_head.conv_attr.bias', 'bbox_head.conv_depth_cls_prev.0.conv.weight', 'bbox_head.conv_depth_cls_prev.0.conv.bias', 'bbox_head.conv_depth_cls_prev.0.gn.weight', 'bbox_head.conv_depth_cls_prev.0.gn.bias', 'bbox_head.conv_depth_cls.weight', 'bbox_head.conv_depth_cls.bias', 'bbox_head.conv_centerness_prev.0.conv.weight', 'bbox_head.conv_centerness_prev.0.conv.bias', 'bbox_head.conv_centerness_prev.0.gn.weight', 'bbox_head.conv_centerness_prev.0.gn.bias', 'bbox_head.conv_centerness.weight', 'bbox_head.conv_centerness.bias', 'bbox_head.scales.0.0.scale', 'bbox_head.scales.0.1.scale', 'bbox_head.scales.0.2.scale', 'bbox_head.scales.0.3.scale', 'bbox_head.scales.1.0.scale', 'bbox_head.scales.1.1.scale', 'bbox_head.scales.1.2.scale', 'bbox_head.scales.1.3.scale', 'bbox_head.scales.2.0.scale', 'bbox_head.scales.2.1.scale', 'bbox_head.scales.2.2.scale', 'bbox_head.scales.2.3.scale', 'bbox_head.scales.3.0.scale', 'bbox_head.scales.3.1.scale', 'bbox_head.scales.3.2.scale', 'bbox_head.scales.3.3.scale', 'bbox_head.scales.4.0.scale', 'bbox_head.scales.4.1.scale', 'bbox_head.scales.4.2.scale', 'bbox_head.scales.4.3.scale'])
[DynamicLoss Diag] iter=1 | gt_box=True | gaussians=25595 dyn_gt=29 (0.11%) | pred_dyn_ratio=82.09% | loss=0.9320
[PhysicsLoss Diag] iter=1 | gt_box=True static=25566 dyn=29 | offset_rms=0.0042 offset_dyn_rms=2.0309 turn_deg=0.00 | loss_static=0.0024 loss_smooth=0.0000 loss_rigid=0.0000 loss_vel=0.0000 loss_traj=1.1806 total=0.0024
08/11 07:58:29 - mmengine - INFO - [TRAIN] Epoch 0 Iter     0/750: Loss: 56.878 (56.878), grad_norm: 396.096, lr: 0.0000010, time: 35.612 (5.082)
08/11 07:58:29 - mmengine - INFO - OccupancyLoss: 21.45163, OccupancyFlowLoss: 17.18519, DetectionLoss: 17.30659, DynamicLoss: 0.93200, PhysicsLoss: 0.00237
08/11 08:03:08 - mmengine - INFO - [TRAIN] Epoch 0 Iter    50/750: Loss: 49.545 (41.386), grad_norm: 441.696, lr: 0.0000029, time: 5.547 (0.008)
08/11 08:03:08 - mmengine - INFO - OccupancyLoss: 17.32431, OccupancyFlowLoss: 17.20917, DetectionLoss: 14.07156, DynamicLoss: 0.75938, PhysicsLoss: 0.18066
08/11 08:07:46 - mmengine - INFO - [TRAIN] Epoch 0 Iter   100/750: Loss: 35.310 (33.677), grad_norm: 145.249, lr: 0.0000048, time: 5.520 (0.008)
08/11 08:07:46 - mmengine - INFO - OccupancyLoss: 10.94693, OccupancyFlowLoss: 11.71965, DetectionLoss: 12.21055, DynamicLoss: 0.25149, PhysicsLoss: 0.18185
08/11 08:12:23 - mmengine - INFO - [TRAIN] Epoch 0 Iter   150/750: Loss: 27.780 (30.855), grad_norm: 53.965, lr: 0.0000067, time: 5.482 (0.008)
08/11 08:12:23 - mmengine - INFO - OccupancyLoss: 9.60876, OccupancyFlowLoss: 6.86439, DetectionLoss: 11.19445, DynamicLoss: 0.09400, PhysicsLoss: 0.01878
08/11 08:16:57 - mmengine - INFO - [TRAIN] Epoch 0 Iter   200/750: Loss: 34.607 (27.003), grad_norm: 44.294, lr: 0.0000086, time: 5.383 (0.008)
08/11 08:16:57 - mmengine - INFO - OccupancyLoss: 12.01383, OccupancyFlowLoss: 8.75577, DetectionLoss: 13.81308, DynamicLoss: 0.02436, PhysicsLoss: 0.00000
08/11 08:21:35 - mmengine - INFO - [TRAIN] Epoch 0 Iter   250/750: Loss: 22.467 (27.940), grad_norm: 40.017, lr: 0.0000105, time: 5.719 (0.008)
08/11 08:21:35 - mmengine - INFO - OccupancyLoss: 6.00437, OccupancyFlowLoss: 4.66345, DetectionLoss: 11.73292, DynamicLoss: 0.06041, PhysicsLoss: 0.00596
08/11 08:26:11 - mmengine - INFO - [TRAIN] Epoch 0 Iter   300/750: Loss: 22.682 (27.114), grad_norm: 35.574, lr: 0.0000124, time: 5.395 (0.008)
08/11 08:26:11 - mmengine - INFO - OccupancyLoss: 7.66049, OccupancyFlowLoss: 7.14953, DetectionLoss: 7.78214, DynamicLoss: 0.08944, PhysicsLoss: 0.00026
08/11 08:30:47 - mmengine - INFO - [TRAIN] Epoch 0 Iter   350/750: Loss: 31.510 (27.045), grad_norm: 28.646, lr: 0.0000143, time: 5.534 (0.008)
08/11 08:30:47 - mmengine - INFO - OccupancyLoss: 9.25177, OccupancyFlowLoss: 4.89701, DetectionLoss: 17.28887, DynamicLoss: 0.06484, PhysicsLoss: 0.00767
08/11 08:35:23 - mmengine - INFO - [TRAIN] Epoch 0 Iter   400/750: Loss: 14.165 (24.960), grad_norm: 25.953, lr: 0.0000162, time: 5.647 (0.008)
08/11 08:35:23 - mmengine - INFO - OccupancyLoss: 6.85799, OccupancyFlowLoss: 5.45394, DetectionLoss: 1.84194, DynamicLoss: 0.01122, PhysicsLoss: 0.00000
08/11 08:40:02 - mmengine - INFO - [TRAIN] Epoch 0 Iter   450/750: Loss: 22.723 (26.291), grad_norm: 41.938, lr: 0.0000181, time: 5.679 (0.008)
08/11 08:40:02 - mmengine - INFO - OccupancyLoss: 7.19434, OccupancyFlowLoss: 6.11210, DetectionLoss: 9.36387, DynamicLoss: 0.05314, PhysicsLoss: 0.00001
[DynamicLoss Diag] iter=501 | gt_box=True | gaussians=25595 dyn_gt=33 (0.13%) | pred_dyn_ratio=0.00% | loss=0.0459
[PhysicsLoss Diag] iter=501 | gt_box=True static=25562 dyn=33 | offset_rms=0.0076 offset_dyn_rms=4.1181 turn_deg=69.85 | loss_static=0.0062 loss_smooth=0.0000 loss_rigid=0.0000 loss_vel=0.0000 loss_traj=10.6335 total=0.0062
08/11 08:44:39 - mmengine - INFO - [TRAIN] Epoch 0 Iter   500/750: Loss: 25.889 (24.363), grad_norm: 34.533, lr: 0.0000200, time: 5.381 (0.008)
08/11 08:44:39 - mmengine - INFO - OccupancyLoss: 8.07539, OccupancyFlowLoss: 9.71090, DetectionLoss: 8.05063, DynamicLoss: 0.04592, PhysicsLoss: 0.00621
08/11 08:49:16 - mmengine - INFO - [TRAIN] Epoch 0 Iter   550/750: Loss: 24.062 (25.568), grad_norm: 25.495, lr: 0.0000200, time: 5.432 (0.008)
08/11 08:49:16 - mmengine - INFO - OccupancyLoss: 7.70205, OccupancyFlowLoss: 5.11963, DetectionLoss: 11.00675, DynamicLoss: 0.05920, PhysicsLoss: 0.17390
08/11 08:53:54 - mmengine - INFO - [TRAIN] Epoch 0 Iter   600/750: Loss: 26.665 (26.513), grad_norm: 17.112, lr: 0.0000200, time: 5.689 (0.008)
08/11 08:53:54 - mmengine - INFO - OccupancyLoss: 6.98437, OccupancyFlowLoss: 6.98212, DetectionLoss: 12.42298, DynamicLoss: 0.25299, PhysicsLoss: 0.02240
08/11 08:58:32 - mmengine - INFO - [TRAIN] Epoch 0 Iter   650/750: Loss: 22.147 (24.440), grad_norm: 14.976, lr: 0.0000200, time: 5.468 (0.008)
08/11 08:58:32 - mmengine - INFO - OccupancyLoss: 9.04301, OccupancyFlowLoss: 7.99258, DetectionLoss: 5.04876, DynamicLoss: 0.05352, PhysicsLoss: 0.00900
08/11 09:03:10 - mmengine - INFO - [TRAIN] Epoch 0 Iter   700/750: Loss: 32.837 (24.860), grad_norm: 29.949, lr: 0.0000200, time: 5.521 (0.008)
08/11 09:03:10 - mmengine - INFO - OccupancyLoss: 10.95495, OccupancyFlowLoss: 11.31234, DetectionLoss: 10.40260, DynamicLoss: 0.07553, PhysicsLoss: 0.09152
08/11 09:07:49 - mmengine - INFO - [EVAL] Epoch 1 Iter     0: Loss: 24.677 (24.677)
08/11 09:07:49 - mmengine - INFO - OccupancyLoss: 7.74626, OccupancyFlowLoss: 8.42652, DetectionLoss: 8.47213, DynamicLoss: 0.03198, PhysicsLoss: 0.00027
08/11 09:09:10 - mmengine - INFO - [EVAL] Epoch 1 Iter    50: Loss: 20.573 (24.035)
08/11 09:09:10 - mmengine - INFO - OccupancyLoss: 6.97922, OccupancyFlowLoss: 5.02337, DetectionLoss: 8.42097, DynamicLoss: 0.08612, PhysicsLoss: 0.06345
08/11 09:10:15 - mmengine - INFO - [EVAL] Epoch 1 Iter   100: Loss: 22.823 (23.835)
08/11 09:10:15 - mmengine - INFO - OccupancyLoss: 8.31948, OccupancyFlowLoss: 7.76271, DetectionLoss: 6.66854, DynamicLoss: 0.03746, PhysicsLoss: 0.03446
08/11 09:11:21 - mmengine - INFO - [EVAL] Epoch 1 Iter   150: Loss: 9.010 (24.329)
08/11 09:11:21 - mmengine - INFO - OccupancyLoss: 6.22017, OccupancyFlowLoss: 1.23592, DetectionLoss: 1.54869, DynamicLoss: 0.00485, PhysicsLoss: 0.00000
08/11 09:12:25 - mmengine - INFO - [EVAL] Epoch 1 Iter   200: Loss: 18.312 (24.576)
08/11 09:12:25 - mmengine - INFO - OccupancyLoss: 9.03785, OccupancyFlowLoss: 3.27033, DetectionLoss: 5.87959, DynamicLoss: 0.06046, PhysicsLoss: 0.06404
[DynamicLoss Diag] iter=1001 | gt_box=True | gaussians=25596 dyn_gt=69 (0.27%) | pred_dyn_ratio=0.00% | loss=0.0938
[PhysicsLoss Diag] iter=1001 | gt_box=True static=25527 dyn=69 | offset_rms=0.0086 offset_dyn_rms=2.6272 turn_deg=55.53 | loss_static=0.0025 loss_smooth=0.0000 loss_rigid=0.0000 loss_vel=0.0000 loss_traj=4.8810 total=0.0025
08/11 09:13:28 - mmengine - INFO - [EVAL] Epoch 1 Iter   250: Loss: 28.721 (24.612)
08/11 09:13:28 - mmengine - INFO - OccupancyLoss: 10.13863, OccupancyFlowLoss: 8.29976, DetectionLoss: 10.18585, DynamicLoss: 0.09379, PhysicsLoss: 0.00250
08/11 09:14:30 - mmengine - INFO - [EVAL] Epoch 1 Iter   300: Loss: 21.922 (24.445)
08/11 09:14:30 - mmengine - INFO - OccupancyLoss: 8.46281, OccupancyFlowLoss: 7.63708, DetectionLoss: 5.79846, DynamicLoss: 0.01981, PhysicsLoss: 0.00379
08/11 09:15:32 - mmengine - INFO - [EVAL] Epoch 1 Iter   350: Loss: 19.048 (24.516)
08/11 09:15:32 - mmengine - INFO - OccupancyLoss: 7.53743, OccupancyFlowLoss: 2.72462, DetectionLoss: 8.61597, DynamicLoss: 0.06940, PhysicsLoss: 0.10071
08/11 09:16:32 - mmengine - INFO - [EVAL] Epoch 1 Iter   400: Loss: 22.550 (24.279)
08/11 09:16:32 - mmengine - INFO - OccupancyLoss: 9.02867, OccupancyFlowLoss: 1.17904, DetectionLoss: 12.31237, DynamicLoss: 0.02944, PhysicsLoss: 0.00000
08/11 09:17:33 - mmengine - INFO - [EVAL] Epoch 1 Iter   450: Loss: 34.124 (24.388)
08/11 09:17:33 - mmengine - INFO - OccupancyLoss: 9.85779, OccupancyFlowLoss: 8.61518, DetectionLoss: 15.36042, DynamicLoss: 0.26628, PhysicsLoss: 0.02448
08/11 09:18:32 - mmengine - INFO - Validation per class iou none:
08/11 09:18:32 - mmengine - INFO - barrier : 0.00%, 0.00, 0.00
08/11 09:18:32 - mmengine - INFO - bicycle : 0.00%, 0.00, 0.00
08/11 09:18:32 - mmengine - INFO - bus : 0.00%, 0.00, 0.00
08/11 09:18:32 - mmengine - INFO - car : 0.13%, 0.44, 0.00
08/11 09:18:32 - mmengine - INFO - construction_vehicle : 0.00%, 0.00, 0.00
08/11 09:18:32 - mmengine - INFO - motorcycle : 0.00%, 0.00, 0.00
08/11 09:18:32 - mmengine - INFO - pedestrian : 0.00%, 0.00, 0.00
08/11 09:18:32 - mmengine - INFO - traffic_cone : 0.00%, 0.00, 0.00
08/11 09:18:32 - mmengine - INFO - trailer : 0.00%, 0.00, 0.00
08/11 09:18:32 - mmengine - INFO - truck : 0.00%, 0.00, 0.00
08/11 09:18:32 - mmengine - INFO - driveable_surface : 30.10%, 0.48, 0.45
08/11 09:18:32 - mmengine - INFO - other_flat : 0.00%, 0.00, 0.00
08/11 09:18:32 - mmengine - INFO - sidewalk : 0.05%, 0.25, 0.00
08/11 09:18:32 - mmengine - INFO - terrain : 0.23%, 0.19, 0.00
08/11 09:18:32 - mmengine - INFO - manmade : 0.00%, 0.00, 0.00
08/11 09:18:32 - mmengine - INFO - vegetation : 1.18%, 0.23, 0.01
08/11 09:18:32 - mmengine - INFO - tensor([  213109,    14566,   204192,  1435223,   106632,    22025,   206833,
           42653,   134799,   555406,  7051599,   345594,  2482869,  3418334,
         7852446,  8317553, 32659904], device='cuda:0', dtype=torch.int32)
08/11 09:18:32 - mmengine - INFO - tensor([      0,       0,       0,    1878,       0,       0,       0,       0,
              0,       0, 3174249,       0,    1358,    7859,       0,  102549,
        4548459], device='cuda:0', dtype=torch.int32)
08/11 09:18:32 - mmengine - INFO - tensor([      0,       0,       0,    4255,       0,       0,       0,       0,
              0,       0, 6667311,       0,    5449,   40473,       3,  441712,
        7159203], device='cuda:0', dtype=torch.int32)
08/11 09:18:32 - mmengine - INFO - mIoU: 1.9812808874121401, iou2: 12.895875930786133
08/11 09:18:32 - mmengine - INFO - Current val loss is 24.416
08/11 09:18:50 - mmengine - INFO - [TRAIN] Epoch 1 Iter     0/750: Loss: 25.059 (25.059), grad_norm: 27.725, lr: 0.0000200, time: 8.657 (2.807)
08/11 09:18:50 - mmengine - INFO - OccupancyLoss: 7.88524, OccupancyFlowLoss: 6.61440, DetectionLoss: 10.49725, DynamicLoss: 0.05128, PhysicsLoss: 0.01057
08/11 09:23:28 - mmengine - INFO - [TRAIN] Epoch 1 Iter    50/750: Loss: 16.475 (23.824), grad_norm: 23.467, lr: 0.0000200, time: 5.466 (0.008)
08/11 09:23:28 - mmengine - INFO - OccupancyLoss: 8.55165, OccupancyFlowLoss: 2.74475, DetectionLoss: 5.15587, DynamicLoss: 0.02232, PhysicsLoss: 0.00000
08/11 09:28:06 - mmengine - INFO - [TRAIN] Epoch 1 Iter   100/750: Loss: 22.463 (23.264), grad_norm: 22.674, lr: 0.0000200, time: 5.459 (0.008)
08/11 09:28:06 - mmengine - INFO - OccupancyLoss: 8.74158, OccupancyFlowLoss: 6.13298, DetectionLoss: 7.51227, DynamicLoss: 0.07109, PhysicsLoss: 0.00471
08/11 09:32:46 - mmengine - INFO - [TRAIN] Epoch 1 Iter   150/750: Loss: 18.682 (24.429), grad_norm: 24.020, lr: 0.0000200, time: 5.505 (0.008)
08/11 09:32:46 - mmengine - INFO - OccupancyLoss: 6.74561, OccupancyFlowLoss: 7.20893, DetectionLoss: 4.68554, DynamicLoss: 0.03786, PhysicsLoss: 0.00391
08/11 09:37:24 - mmengine - INFO - [TRAIN] Epoch 1 Iter   200/750: Loss: 12.907 (22.287), grad_norm: 30.176, lr: 0.0000200, time: 5.517 (0.008)
08/11 09:37:24 - mmengine - INFO - OccupancyLoss: 4.65413, OccupancyFlowLoss: 4.46942, DetectionLoss: 3.76876, DynamicLoss: 0.01450, PhysicsLoss: 0.00000
[DynamicLoss Diag] iter=1501 | gt_box=True | gaussians=25597 dyn_gt=81 (0.32%) | pred_dyn_ratio=0.00% | loss=0.0738
[PhysicsLoss Diag] iter=1501 | gt_box=True static=25516 dyn=81 | offset_rms=0.0171 offset_dyn_rms=3.9777 turn_deg=35.97 | loss_static=0.0222 loss_smooth=0.0000 loss_rigid=0.0118 loss_vel=0.0000 loss_traj=5.8420 total=0.0222
08/11 09:42:00 - mmengine - INFO - [TRAIN] Epoch 1 Iter   250/750: Loss: 19.964 (23.933), grad_norm: 22.952, lr: 0.0000200, time: 5.519 (0.008)
08/11 09:42:00 - mmengine - INFO - OccupancyLoss: 5.16442, OccupancyFlowLoss: 4.83908, DetectionLoss: 9.86470, DynamicLoss: 0.07380, PhysicsLoss: 0.02219
08/11 09:46:38 - mmengine - INFO - [TRAIN] Epoch 1 Iter   300/750: Loss: 25.767 (22.513), grad_norm: 21.933, lr: 0.0000200, time: 5.586 (0.008)
08/11 09:46:38 - mmengine - INFO - OccupancyLoss: 8.42508, OccupancyFlowLoss: 7.20270, DetectionLoss: 10.09751, DynamicLoss: 0.03574, PhysicsLoss: 0.00629
08/11 09:51:16 - mmengine - INFO - [TRAIN] Epoch 1 Iter   350/750: Loss: 29.715 (23.551), grad_norm: 19.225, lr: 0.0000200, time: 5.463 (0.008)
08/11 09:51:16 - mmengine - INFO - OccupancyLoss: 10.82656, OccupancyFlowLoss: 13.51590, DetectionLoss: 5.24829, DynamicLoss: 0.11885, PhysicsLoss: 0.00501
08/11 09:55:53 - mmengine - INFO - [TRAIN] Epoch 1 Iter   400/750: Loss: 18.522 (21.730), grad_norm: 20.552, lr: 0.0000200, time: 5.588 (0.008)
08/11 09:55:53 - mmengine - INFO - OccupancyLoss: 7.50952, OccupancyFlowLoss: 5.77711, DetectionLoss: 5.17634, DynamicLoss: 0.05266, PhysicsLoss: 0.00596
08/11 10:00:31 - mmengine - INFO - [TRAIN] Epoch 1 Iter   450/750: Loss: 19.412 (21.804), grad_norm: 24.230, lr: 0.0000200, time: 5.389 (0.008)
08/11 10:00:31 - mmengine - INFO - OccupancyLoss: 6.97100, OccupancyFlowLoss: 5.79914, DetectionLoss: 6.59858, DynamicLoss: 0.04287, PhysicsLoss: 0.00015
08/11 10:05:40 - mmengine - INFO - [TRAIN] Epoch 1 Iter   500/750: Loss: 24.990 (22.291), grad_norm: 29.236, lr: 0.0000200, time: 5.410 (0.008)
08/11 10:05:40 - mmengine - INFO - OccupancyLoss: 7.47879, OccupancyFlowLoss: 7.50367, DetectionLoss: 9.79484, DynamicLoss: 0.10249, PhysicsLoss: 0.11039
08/11 10:10:17 - mmengine - INFO - [TRAIN] Epoch 1 Iter   550/750: Loss: 20.263 (21.547), grad_norm: 31.397, lr: 0.0000200, time: 5.627 (0.008)
08/11 10:10:17 - mmengine - INFO - OccupancyLoss: 8.42288, OccupancyFlowLoss: 5.66099, DetectionLoss: 6.09497, DynamicLoss: 0.04413, PhysicsLoss: 0.03989
08/11 10:14:54 - mmengine - INFO - [TRAIN] Epoch 1 Iter   600/750: Loss: 26.871 (21.445), grad_norm: 22.949, lr: 0.0000200, time: 5.472 (0.008)
08/11 10:14:54 - mmengine - INFO - OccupancyLoss: 7.27896, OccupancyFlowLoss: 6.88766, DetectionLoss: 12.56668, DynamicLoss: 0.09881, PhysicsLoss: 0.03917
08/11 10:19:31 - mmengine - INFO - [TRAIN] Epoch 1 Iter   650/750: Loss: 20.395 (21.224), grad_norm: 19.067, lr: 0.0000200, time: 5.404 (0.008)
08/11 10:19:31 - mmengine - INFO - OccupancyLoss: 7.14748, OccupancyFlowLoss: 5.53788, DetectionLoss: 7.67353, DynamicLoss: 0.02839, PhysicsLoss: 0.00736
08/11 10:24:10 - mmengine - INFO - [TRAIN] Epoch 1 Iter   700/750: Loss: 24.534 (20.654), grad_norm: 22.763, lr: 0.0000200, time: 5.508 (0.008)
08/11 10:24:10 - mmengine - INFO - OccupancyLoss: 10.91231, OccupancyFlowLoss: 7.75524, DetectionLoss: 5.83984, DynamicLoss: 0.02696, PhysicsLoss: 0.00000
[DynamicLoss Diag] iter=2001 | gt_box=True | gaussians=25586 dyn_gt=25 (0.10%) | pred_dyn_ratio=0.00% | loss=0.0511
[PhysicsLoss Diag] iter=2001 | gt_box=True static=25561 dyn=25 | offset_rms=0.0017 offset_dyn_rms=1.3831 turn_deg=97.19 | loss_static=0.0003 loss_smooth=0.0000 loss_rigid=0.0002 loss_vel=0.0000 loss_traj=3.4101 total=3.4106
08/11 10:28:52 - mmengine - INFO - [EVAL] Epoch 2 Iter     0: Loss: 22.166 (22.166)
08/11 10:28:52 - mmengine - INFO - OccupancyLoss: 6.22870, OccupancyFlowLoss: 6.39015, DetectionLoss: 6.08589, DynamicLoss: 0.05106, PhysicsLoss: 3.41060
08/11 10:29:53 - mmengine - INFO - [EVAL] Epoch 2 Iter    50: Loss: 31.718 (28.623)
08/11 10:29:53 - mmengine - INFO - OccupancyLoss: 6.23998, OccupancyFlowLoss: 4.55007, DetectionLoss: 4.94940, DynamicLoss: 0.07228, PhysicsLoss: 15.90662
08/11 10:30:52 - mmengine - INFO - [EVAL] Epoch 2 Iter   100: Loss: 32.235 (27.643)
08/11 10:30:52 - mmengine - INFO - OccupancyLoss: 6.88936, OccupancyFlowLoss: 6.42197, DetectionLoss: 5.34221, DynamicLoss: 0.02877, PhysicsLoss: 13.55254
08/11 10:31:52 - mmengine - INFO - [EVAL] Epoch 2 Iter   150: Loss: 7.860 (28.271)
08/11 10:31:52 - mmengine - INFO - OccupancyLoss: 5.87996, OccupancyFlowLoss: 1.15772, DetectionLoss: 0.82012, DynamicLoss: 0.00186, PhysicsLoss: 0.00000
08/11 10:32:53 - mmengine - INFO - [EVAL] Epoch 2 Iter   200: Loss: 20.021 (28.307)
08/11 10:32:53 - mmengine - INFO - OccupancyLoss: 8.42793, OccupancyFlowLoss: 3.04598, DetectionLoss: 5.12405, DynamicLoss: 0.04045, PhysicsLoss: 3.38297
08/11 10:33:54 - mmengine - INFO - [EVAL] Epoch 2 Iter   250: Loss: 28.027 (28.343)
08/11 10:33:54 - mmengine - INFO - OccupancyLoss: 8.31281, OccupancyFlowLoss: 6.78651, DetectionLoss: 9.19264, DynamicLoss: 0.09847, PhysicsLoss: 3.63691
08/11 10:34:54 - mmengine - INFO - [EVAL] Epoch 2 Iter   300: Loss: 34.097 (28.053)
08/11 10:34:54 - mmengine - INFO - OccupancyLoss: 8.07624, OccupancyFlowLoss: 7.11232, DetectionLoss: 5.16873, DynamicLoss: 0.01392, PhysicsLoss: 13.72613
08/11 10:35:55 - mmengine - INFO - [EVAL] Epoch 2 Iter   350: Loss: 22.638 (28.229)
08/11 10:35:55 - mmengine - INFO - OccupancyLoss: 6.55035, OccupancyFlowLoss: 2.33636, DetectionLoss: 7.53543, DynamicLoss: 0.04081, PhysicsLoss: 6.17549
08/11 10:36:54 - mmengine - INFO - [EVAL] Epoch 2 Iter   400: Loss: 20.183 (28.067)
08/11 10:36:54 - mmengine - INFO - OccupancyLoss: 7.33910, OccupancyFlowLoss: 0.95688, DetectionLoss: 11.59548, DynamicLoss: 0.02988, PhysicsLoss: 0.26122
08/11 10:37:56 - mmengine - INFO - [EVAL] Epoch 2 Iter   450: Loss: 42.900 (28.112)
08/11 10:37:56 - mmengine - INFO - OccupancyLoss: 7.84744, OccupancyFlowLoss: 7.68747, DetectionLoss: 14.10792, DynamicLoss: 0.17949, PhysicsLoss: 13.07745
08/11 10:38:55 - mmengine - INFO - Validation per class iou none:
08/11 10:38:55 - mmengine - INFO - barrier : 0.00%, 0.00, 0.00
08/11 10:38:55 - mmengine - INFO - bicycle : 0.00%, 0.00, 0.00
08/11 10:38:55 - mmengine - INFO - bus : 0.00%, 0.00, 0.00
08/11 10:38:55 - mmengine - INFO - car : 13.38%, 0.34, 0.18
08/11 10:38:55 - mmengine - INFO - construction_vehicle : 0.00%, 0.00, 0.00
08/11 10:38:55 - mmengine - INFO - motorcycle : 0.00%, 0.00, 0.00
08/11 10:38:55 - mmengine - INFO - pedestrian : 0.00%, 0.00, 0.00
08/11 10:38:55 - mmengine - INFO - traffic_cone : 0.00%, 0.00, 0.00
08/11 10:38:55 - mmengine - INFO - trailer : 0.00%, 0.00, 0.00
08/11 10:38:55 - mmengine - INFO - truck : 1.87%, 0.13, 0.02
08/11 10:38:55 - mmengine - INFO - driveable_surface : 36.20%, 0.59, 0.49
08/11 10:38:55 - mmengine - INFO - other_flat : 0.00%, 0.00, 0.00
08/11 10:38:55 - mmengine - INFO - sidewalk : 5.88%, 0.28, 0.07
08/11 10:38:55 - mmengine - INFO - terrain : 6.85%, 0.38, 0.08
08/11 10:38:55 - mmengine - INFO - manmade : 1.50%, 0.18, 0.02
08/11 10:38:55 - mmengine - INFO - vegetation : 9.10%, 0.29, 0.12
08/11 10:38:55 - mmengine - INFO - tensor([  213109,    14566,   204192,  1435223,   106632,    22025,   206833,
           42653,   134799,   555406,  7051599,   345594,  2482869,  3418334,
         7852446,  8317553, 32659904], device='cuda:0', dtype=torch.int32)
08/11 10:38:55 - mmengine - INFO - tensor([      0,       0,       0,  258921,       0,       0,       0,       0,
              0,   11949, 3433290,       0,  171626,  263569,  126387,  967348,
        7087237], device='cuda:0', dtype=torch.int32)
08/11 10:38:55 - mmengine - INFO - tensor([       0,        0,        0,   759455,        0,        0,        0,
               0,       94,    94683,  5866604,        0,   608990,   692123,
          694205,  3281380, 11997534], device='cuda:0', dtype=torch.int32)
08/11 10:38:55 - mmengine - INFO - mIoU: 4.673373099649325, iou2: 18.863983154296875
08/11 10:38:55 - mmengine - INFO - Current val loss is 28.055
[DynamicLoss Diag] iter=2501 | gt_box=True | gaussians=25592 dyn_gt=36 (0.14%) | pred_dyn_ratio=0.00% | loss=0.0223
[PhysicsLoss Diag] iter=2501 | gt_box=True static=25556 dyn=36 | offset_rms=0.0092 offset_dyn_rms=3.4136 turn_deg=89.55 | loss_static=0.0114 loss_smooth=0.0000 loss_rigid=0.0493 loss_vel=0.0000 loss_traj=11.1024 total=11.1631
08/11 10:39:14 - mmengine - INFO - [TRAIN] Epoch 2 Iter     0/750: Loss: 55.539 (55.539), grad_norm: 45.392, lr: 0.0000200, time: 8.665 (3.139)
08/11 10:39:14 - mmengine - INFO - OccupancyLoss: 17.52758, OccupancyFlowLoss: 16.99216, DetectionLoss: 9.83412, DynamicLoss: 0.02233, PhysicsLoss: 11.16311
08/11 10:43:52 - mmengine - INFO - [TRAIN] Epoch 2 Iter    50/750: Loss: 22.944 (26.227), grad_norm: 95.950, lr: 0.0000200, time: 5.468 (0.008)
08/11 10:43:52 - mmengine - INFO - OccupancyLoss: 6.31346, OccupancyFlowLoss: 5.70551, DetectionLoss: 9.26675, DynamicLoss: 0.07807, PhysicsLoss: 1.58014
08/11 10:48:32 - mmengine - INFO - [TRAIN] Epoch 2 Iter   100/750: Loss: 14.942 (22.115), grad_norm: 111.435, lr: 0.0000200, time: 5.490 (0.008)
08/11 10:48:32 - mmengine - INFO - OccupancyLoss: 6.74036, OccupancyFlowLoss: 5.25636, DetectionLoss: 2.68654, DynamicLoss: 0.02780, PhysicsLoss: 0.23140
08/11 10:53:10 - mmengine - INFO - [TRAIN] Epoch 2 Iter   150/750: Loss: 12.506 (22.541), grad_norm: 46.884, lr: 0.0000200, time: 5.299 (0.008)
08/11 10:53:10 - mmengine - INFO - OccupancyLoss: 8.76477, OccupancyFlowLoss: 0.00000, DetectionLoss: 3.70030, DynamicLoss: 0.03257, PhysicsLoss: 0.00843
08/11 10:57:48 - mmengine - INFO - [TRAIN] Epoch 2 Iter   200/750: Loss: 17.501 (21.723), grad_norm: 52.261, lr: 0.0000200, time: 5.985 (0.008)
08/11 10:57:48 - mmengine - INFO - OccupancyLoss: 6.48888, OccupancyFlowLoss: 4.58362, DetectionLoss: 3.03341, DynamicLoss: 0.02030, PhysicsLoss: 3.37436
08/11 11:02:26 - mmengine - INFO - [TRAIN] Epoch 2 Iter   250/750: Loss: 21.763 (21.244), grad_norm: 87.134, lr: 0.0000200, time: 5.644 (0.008)
08/11 11:02:26 - mmengine - INFO - OccupancyLoss: 7.58444, OccupancyFlowLoss: 6.32961, DetectionLoss: 6.03683, DynamicLoss: 0.08301, PhysicsLoss: 1.72939
08/11 11:07:04 - mmengine - INFO - [TRAIN] Epoch 2 Iter   300/750: Loss: 15.303 (22.428), grad_norm: 26.397, lr: 0.0000200, time: 5.435 (0.008)
08/11 11:07:04 - mmengine - INFO - OccupancyLoss: 7.27126, OccupancyFlowLoss: 5.67175, DetectionLoss: 2.33252, DynamicLoss: 0.02717, PhysicsLoss: 0.00000
08/11 11:11:41 - mmengine - INFO - [TRAIN] Epoch 2 Iter   350/750: Loss: 15.889 (20.405), grad_norm: 22.705, lr: 0.0000200, time: 5.549 (0.008)
08/11 11:11:41 - mmengine - INFO - OccupancyLoss: 7.43941, OccupancyFlowLoss: 3.19371, DetectionLoss: 4.01080, DynamicLoss: 0.03225, PhysicsLoss: 1.21273
08/11 11:16:19 - mmengine - INFO - [TRAIN] Epoch 2 Iter   400/750: Loss: 19.048 (20.378), grad_norm: 70.225, lr: 0.0000200, time: 5.459 (0.008)
08/11 11:16:19 - mmengine - INFO - OccupancyLoss: 6.67834, OccupancyFlowLoss: 2.41492, DetectionLoss: 8.23690, DynamicLoss: 0.02491, PhysicsLoss: 1.69328
08/11 11:20:57 - mmengine - INFO - [TRAIN] Epoch 2 Iter   450/750: Loss: 23.413 (20.188), grad_norm: 58.710, lr: 0.0000200, time: 5.430 (0.008)
08/11 11:20:57 - mmengine - INFO - OccupancyLoss: 6.29080, OccupancyFlowLoss: 5.23390, DetectionLoss: 9.88692, DynamicLoss: 0.02933, PhysicsLoss: 1.97214
[DynamicLoss Diag] iter=3001 | gt_box=True | gaussians=25586 dyn_gt=32 (0.13%) | pred_dyn_ratio=0.12% | loss=0.0481
[PhysicsLoss Diag] iter=3001 | gt_box=True static=25554 dyn=32 | offset_rms=0.0130 offset_dyn_rms=5.4984 turn_deg=0.51 | loss_static=0.0296 loss_smooth=0.0000 loss_rigid=0.0046 loss_vel=0.0000 loss_traj=4.0740 total=4.1082
08/11 11:25:35 - mmengine - INFO - [TRAIN] Epoch 2 Iter   500/750: Loss: 15.553 (19.701), grad_norm: 64.220, lr: 0.0000200, time: 5.419 (0.008)
08/11 11:25:35 - mmengine - INFO - OccupancyLoss: 4.38512, OccupancyFlowLoss: 3.34569, DetectionLoss: 3.66599, DynamicLoss: 0.04807, PhysicsLoss: 4.10822
08/11 11:30:12 - mmengine - INFO - [TRAIN] Epoch 2 Iter   550/750: Loss: 13.380 (21.281), grad_norm: 21.619, lr: 0.0000200, time: 5.559 (0.008)
08/11 11:30:12 - mmengine - INFO - OccupancyLoss: 5.42349, OccupancyFlowLoss: 2.87896, DetectionLoss: 4.89744, DynamicLoss: 0.09009, PhysicsLoss: 0.09012
08/11 11:34:52 - mmengine - INFO - [TRAIN] Epoch 2 Iter   600/750: Loss: 22.290 (20.836), grad_norm: 59.370, lr: 0.0000200, time: 5.603 (0.008)
08/11 11:34:52 - mmengine - INFO - OccupancyLoss: 7.19575, OccupancyFlowLoss: 6.44129, DetectionLoss: 8.02874, DynamicLoss: 0.02918, PhysicsLoss: 0.59549
08/11 11:39:35 - mmengine - INFO - [TRAIN] Epoch 2 Iter   650/750: Loss: 19.058 (19.180), grad_norm: 61.155, lr: 0.0000200, time: 5.746 (0.008)
08/11 11:39:35 - mmengine - INFO - OccupancyLoss: 5.10847, OccupancyFlowLoss: 5.27814, DetectionLoss: 6.93083, DynamicLoss: 0.07135, PhysicsLoss: 1.66930
08/11 11:44:16 - mmengine - INFO - [TRAIN] Epoch 2 Iter   700/750: Loss: 15.253 (20.179), grad_norm: 62.943, lr: 0.0000200, time: 5.425 (0.008)
08/11 11:44:16 - mmengine - INFO - OccupancyLoss: 7.77839, OccupancyFlowLoss: 4.35436, DetectionLoss: 2.17168, DynamicLoss: 0.01049, PhysicsLoss: 0.93767
08/11 11:48:57 - mmengine - INFO - [EVAL] Epoch 3 Iter     0: Loss: 22.931 (22.931)
08/11 11:48:57 - mmengine - INFO - OccupancyLoss: 5.68507, OccupancyFlowLoss: 5.65487, DetectionLoss: 6.83842, DynamicLoss: 0.04229, PhysicsLoss: 4.71080
08/11 11:49:58 - mmengine - INFO - [EVAL] Epoch 3 Iter    50: Loss: 18.051 (20.577)
08/11 11:49:58 - mmengine - INFO - OccupancyLoss: 5.87471, OccupancyFlowLoss: 4.28206, DetectionLoss: 4.91849, DynamicLoss: 0.06354, PhysicsLoss: 2.91199
08/11 11:50:58 - mmengine - INFO - [EVAL] Epoch 3 Iter   100: Loss: 20.849 (20.284)
08/11 11:50:58 - mmengine - INFO - OccupancyLoss: 6.62204, OccupancyFlowLoss: 5.80520, DetectionLoss: 5.02050, DynamicLoss: 0.03862, PhysicsLoss: 3.36244
08/11 11:51:58 - mmengine - INFO - [EVAL] Epoch 3 Iter   150: Loss: 7.279 (20.716)
08/11 11:51:58 - mmengine - INFO - OccupancyLoss: 5.64082, OccupancyFlowLoss: 1.14001, DetectionLoss: 0.49666, DynamicLoss: 0.00136, PhysicsLoss: 0.00000
08/11 11:52:59 - mmengine - INFO - [EVAL] Epoch 3 Iter   200: Loss: 14.901 (20.898)
08/11 11:52:59 - mmengine - INFO - OccupancyLoss: 7.71209, OccupancyFlowLoss: 2.74883, DetectionLoss: 3.56526, DynamicLoss: 0.05258, PhysicsLoss: 0.82253
[DynamicLoss Diag] iter=3501 | gt_box=True | gaussians=25597 dyn_gt=70 (0.27%) | pred_dyn_ratio=0.14% | loss=0.1065
[PhysicsLoss Diag] iter=3501 | gt_box=True static=25527 dyn=70 | offset_rms=0.0228 offset_dyn_rms=6.6896 turn_deg=0.61 | loss_static=0.0192 loss_smooth=0.0000 loss_rigid=0.0041 loss_vel=0.0000 loss_traj=1.3320 total=1.3553
08/11 11:54:01 - mmengine - INFO - [EVAL] Epoch 3 Iter   250: Loss: 23.131 (20.864)
08/11 11:54:01 - mmengine - INFO - OccupancyLoss: 7.43564, OccupancyFlowLoss: 5.87268, DetectionLoss: 8.36137, DynamicLoss: 0.10649, PhysicsLoss: 1.35531
08/11 11:55:01 - mmengine - INFO - [EVAL] Epoch 3 Iter   300: Loss: 20.049 (20.683)
08/11 11:55:01 - mmengine - INFO - OccupancyLoss: 7.56638, OccupancyFlowLoss: 6.66770, DetectionLoss: 5.17190, DynamicLoss: 0.01159, PhysicsLoss: 0.63166
08/11 11:56:02 - mmengine - INFO - [EVAL] Epoch 3 Iter   350: Loss: 14.747 (20.772)
08/11 11:56:02 - mmengine - INFO - OccupancyLoss: 5.68923, OccupancyFlowLoss: 2.00857, DetectionLoss: 6.60275, DynamicLoss: 0.03651, PhysicsLoss: 0.40959
08/11 11:57:03 - mmengine - INFO - [EVAL] Epoch 3 Iter   400: Loss: 18.947 (20.561)
08/11 11:57:03 - mmengine - INFO - OccupancyLoss: 7.18764, OccupancyFlowLoss: 0.90524, DetectionLoss: 10.81933, DynamicLoss: 0.03144, PhysicsLoss: 0.00362
08/11 11:58:04 - mmengine - INFO - [EVAL] Epoch 3 Iter   450: Loss: 32.237 (20.678)
08/11 11:58:04 - mmengine - INFO - OccupancyLoss: 7.37713, OccupancyFlowLoss: 7.26708, DetectionLoss: 12.91856, DynamicLoss: 0.17650, PhysicsLoss: 4.49787
08/11 11:59:04 - mmengine - INFO - Validation per class iou none:
08/11 11:59:04 - mmengine - INFO - barrier : 4.47%, 0.32, 0.05
08/11 11:59:04 - mmengine - INFO - bicycle : 0.00%, 0.00, 0.00
08/11 11:59:04 - mmengine - INFO - bus : 3.07%, 0.23, 0.03
08/11 11:59:04 - mmengine - INFO - car : 24.30%, 0.41, 0.37
08/11 11:59:04 - mmengine - INFO - construction_vehicle : 0.00%, 0.00, 0.00
08/11 11:59:04 - mmengine - INFO - motorcycle : 0.00%, 0.00, 0.00
08/11 11:59:04 - mmengine - INFO - pedestrian : 0.00%, 0.20, 0.00
08/11 11:59:04 - mmengine - INFO - traffic_cone : 0.00%, 0.00, 0.00
08/11 11:59:04 - mmengine - INFO - trailer : 0.00%, 0.00, 0.00
08/11 11:59:04 - mmengine - INFO - truck : 8.12%, 0.29, 0.10
08/11 11:59:04 - mmengine - INFO - driveable_surface : 39.04%, 0.60, 0.52
08/11 11:59:04 - mmengine - INFO - other_flat : 0.00%, 1.00, 0.00
08/11 11:59:04 - mmengine - INFO - sidewalk : 14.35%, 0.29, 0.22
08/11 11:59:04 - mmengine - INFO - terrain : 13.68%, 0.37, 0.18
08/11 11:59:04 - mmengine - INFO - manmade : 2.56%, 0.25, 0.03
08/11 11:59:04 - mmengine - INFO - vegetation : 14.87%, 0.35, 0.20
08/11 11:59:04 - mmengine - INFO - tensor([  213109,    14566,   204192,  1435223,   106632,    22025,   206833,
           42653,   134799,   555406,  7051599,   345594,  2482869,  3418334,
         7852446,  8317553, 32659904], device='cuda:0', dtype=torch.int32)
08/11 11:59:04 - mmengine - INFO - tensor([  10508,       0,    6987,  532021,       0,       0,       1,       0,
              0,   56259, 3698273,       1,  546605,  610486,  218381, 1695668,
        9630200], device='cuda:0', dtype=torch.int32)
08/11 11:59:04 - mmengine - INFO - tensor([   32343,        0,    30184,  1286241,        0,        0,        5,
               0,        0,   193798,  6120577,        1,  1873811,  1654186,
          889699,  4784785, 16865630], device='cuda:0', dtype=torch.int32)
08/11 11:59:04 - mmengine - INFO - mIoU: 7.778522943800681, iou2: 24.138660430908203
08/11 11:59:04 - mmengine - INFO - Current val loss is 20.738
08/11 11:59:22 - mmengine - INFO - [TRAIN] Epoch 3 Iter     0/750: Loss: 20.174 (20.174), grad_norm: 72.984, lr: 0.0000200, time: 8.489 (2.953)
08/11 11:59:22 - mmengine - INFO - OccupancyLoss: 5.62463, OccupancyFlowLoss: 5.41088, DetectionLoss: 9.00573, DynamicLoss: 0.05913, PhysicsLoss: 0.07342
08/11 12:04:01 - mmengine - INFO - [TRAIN] Epoch 3 Iter    50/750: Loss: 16.200 (20.958), grad_norm: 80.777, lr: 0.0000200, time: 5.448 (0.008)
08/11 12:04:01 - mmengine - INFO - OccupancyLoss: 6.19703, OccupancyFlowLoss: 4.77113, DetectionLoss: 4.39349, DynamicLoss: 0.04524, PhysicsLoss: 0.79327
08/11 12:08:50 - mmengine - INFO - [TRAIN] Epoch 3 Iter   100/750: Loss: 20.534 (19.781), grad_norm: 34.541, lr: 0.0000200, time: 5.732 (0.008)
08/11 12:08:50 - mmengine - INFO - OccupancyLoss: 6.14954, OccupancyFlowLoss: 3.61532, DetectionLoss: 8.86529, DynamicLoss: 0.05430, PhysicsLoss: 1.84910
08/11 12:13:26 - mmengine - INFO - [TRAIN] Epoch 3 Iter   150/750: Loss: 18.058 (20.153), grad_norm: 39.872, lr: 0.0000200, time: 5.508 (0.008)
08/11 12:13:26 - mmengine - INFO - OccupancyLoss: 4.49445, OccupancyFlowLoss: 4.32990, DetectionLoss: 8.97120, DynamicLoss: 0.03103, PhysicsLoss: 0.23117
08/11 12:18:03 - mmengine - INFO - [TRAIN] Epoch 3 Iter   200/750: Loss: 15.721 (20.366), grad_norm: 20.765, lr: 0.0000200, time: 5.501 (0.008)
08/11 12:18:03 - mmengine - INFO - OccupancyLoss: 4.87926, OccupancyFlowLoss: 3.18160, DetectionLoss: 7.56995, DynamicLoss: 0.02435, PhysicsLoss: 0.06566
[DynamicLoss Diag] iter=4001 | gt_box=True | gaussians=25588 dyn_gt=71 (0.28%) | pred_dyn_ratio=0.02% | loss=0.0711
[PhysicsLoss Diag] iter=4001 | gt_box=True static=25517 dyn=71 | offset_rms=0.0603 offset_dyn_rms=12.2421 turn_deg=0.87 | loss_static=0.2103 loss_smooth=0.0000 loss_rigid=0.0098 loss_vel=0.0000 loss_traj=0.0768 total=0.2969
08/11 12:22:41 - mmengine - INFO - [TRAIN] Epoch 3 Iter   250/750: Loss: 16.897 (19.572), grad_norm: 20.297, lr: 0.0000200, time: 5.699 (0.008)
08/11 12:22:41 - mmengine - INFO - OccupancyLoss: 6.96208, OccupancyFlowLoss: 1.47591, DetectionLoss: 8.09115, DynamicLoss: 0.07114, PhysicsLoss: 0.29693
08/11 12:27:19 - mmengine - INFO - [TRAIN] Epoch 3 Iter   300/750: Loss: 25.343 (19.164), grad_norm: 90.485, lr: 0.0000200, time: 5.381 (0.008)
08/11 12:27:19 - mmengine - INFO - OccupancyLoss: 8.89832, OccupancyFlowLoss: 7.64888, DetectionLoss: 8.71608, DynamicLoss: 0.01258, PhysicsLoss: 0.06686
08/11 12:31:56 - mmengine - INFO - [TRAIN] Epoch 3 Iter   350/750: Loss: 24.315 (19.831), grad_norm: 65.565, lr: 0.0000200, time: 5.453 (0.008)
08/11 12:31:56 - mmengine - INFO - OccupancyLoss: 8.44617, OccupancyFlowLoss: 7.79353, DetectionLoss: 7.63573, DynamicLoss: 0.00379, PhysicsLoss: 0.43536
08/11 12:36:35 - mmengine - INFO - [TRAIN] Epoch 3 Iter   400/750: Loss: 20.408 (20.240), grad_norm: 27.132, lr: 0.0000200, time: 5.924 (0.008)
08/11 12:36:35 - mmengine - INFO - OccupancyLoss: 8.36203, OccupancyFlowLoss: 6.47359, DetectionLoss: 5.49906, DynamicLoss: 0.00920, PhysicsLoss: 0.06432
08/11 12:41:12 - mmengine - INFO - [TRAIN] Epoch 3 Iter   450/750: Loss: 17.661 (20.676), grad_norm: 93.791, lr: 0.0000200, time: 5.514 (0.008)
08/11 12:41:12 - mmengine - INFO - OccupancyLoss: 7.49770, OccupancyFlowLoss: 5.64220, DetectionLoss: 4.51900, DynamicLoss: 0.00237, PhysicsLoss: 0.00000
08/11 12:45:51 - mmengine - INFO - [TRAIN] Epoch 3 Iter   500/750: Loss: 23.665 (19.716), grad_norm: 69.997, lr: 0.0000200, time: 5.371 (0.008)
08/11 12:45:51 - mmengine - INFO - OccupancyLoss: 10.54374, OccupancyFlowLoss: 8.09792, DetectionLoss: 4.88674, DynamicLoss: 0.00589, PhysicsLoss: 0.13062
08/11 12:50:28 - mmengine - INFO - [TRAIN] Epoch 3 Iter   550/750: Loss: 24.752 (19.814), grad_norm: 64.182, lr: 0.0000200, time: 5.395 (0.008)
08/11 12:50:28 - mmengine - INFO - OccupancyLoss: 8.97400, OccupancyFlowLoss: 6.91711, DetectionLoss: 7.19709, DynamicLoss: 0.03604, PhysicsLoss: 1.62778
08/11 12:55:08 - mmengine - INFO - [TRAIN] Epoch 3 Iter   600/750: Loss: 20.159 (19.183), grad_norm: 65.590, lr: 0.0000200, time: 5.875 (0.008)
08/11 12:55:08 - mmengine - INFO - OccupancyLoss: 5.65546, OccupancyFlowLoss: 4.89938, DetectionLoss: 8.48396, DynamicLoss: 0.06869, PhysicsLoss: 1.05182
08/11 12:59:47 - mmengine - INFO - [TRAIN] Epoch 3 Iter   650/750: Loss: 34.865 (21.013), grad_norm: 44.098, lr: 0.0000200, time: 5.630 (0.008)
08/11 12:59:47 - mmengine - INFO - OccupancyLoss: 15.69439, OccupancyFlowLoss: 11.59385, DetectionLoss: 5.63718, DynamicLoss: 0.02483, PhysicsLoss: 1.91516
08/11 13:04:24 - mmengine - INFO - [TRAIN] Epoch 3 Iter   700/750: Loss: 12.320 (18.862), grad_norm: 51.788, lr: 0.0000200, time: 5.597 (0.008)
08/11 13:04:24 - mmengine - INFO - OccupancyLoss: 4.52556, OccupancyFlowLoss: 2.64614, DetectionLoss: 4.92260, DynamicLoss: 0.03097, PhysicsLoss: 0.19524
[DynamicLoss Diag] iter=4501 | gt_box=True | gaussians=25587 dyn_gt=20 (0.08%) | pred_dyn_ratio=0.04% | loss=0.0554
[PhysicsLoss Diag] iter=4501 | gt_box=True static=25567 dyn=20 | offset_rms=0.0079 offset_dyn_rms=6.3469 turn_deg=0.14 | loss_static=0.0117 loss_smooth=0.0000 loss_rigid=0.0015 loss_vel=0.0000 loss_traj=4.7482 total=4.7614
08/11 13:09:06 - mmengine - INFO - [EVAL] Epoch 4 Iter     0: Loss: 21.631 (21.631)
08/11 13:09:06 - mmengine - INFO - OccupancyLoss: 5.12676, OccupancyFlowLoss: 4.87563, DetectionLoss: 6.81206, DynamicLoss: 0.05541, PhysicsLoss: 4.76143
08/11 13:10:07 - mmengine - INFO - [EVAL] Epoch 4 Iter    50: Loss: 18.473 (20.585)
08/11 13:10:07 - mmengine - INFO - OccupancyLoss: 5.60630, OccupancyFlowLoss: 4.15133, DetectionLoss: 6.17887, DynamicLoss: 0.06550, PhysicsLoss: 2.47092
08/11 13:11:06 - mmengine - INFO - [EVAL] Epoch 4 Iter   100: Loss: 21.279 (20.287)
08/11 13:11:06 - mmengine - INFO - OccupancyLoss: 6.27889, OccupancyFlowLoss: 5.71682, DetectionLoss: 6.00262, DynamicLoss: 0.02064, PhysicsLoss: 3.25968
08/11 13:12:06 - mmengine - INFO - [EVAL] Epoch 4 Iter   150: Loss: 7.624 (20.788)
08/11 13:12:06 - mmengine - INFO - OccupancyLoss: 5.78412, OccupancyFlowLoss: 1.13801, DetectionLoss: 0.70041, DynamicLoss: 0.00138, PhysicsLoss: 0.00000
08/11 13:13:06 - mmengine - INFO - [EVAL] Epoch 4 Iter   200: Loss: 16.181 (21.010)
08/11 13:13:06 - mmengine - INFO - OccupancyLoss: 8.05843, OccupancyFlowLoss: 2.86300, DetectionLoss: 4.39721, DynamicLoss: 0.03192, PhysicsLoss: 0.83049
08/11 13:14:08 - mmengine - INFO - [EVAL] Epoch 4 Iter   250: Loss: 22.108 (20.962)
08/11 13:14:08 - mmengine - INFO - OccupancyLoss: 7.44513, OccupancyFlowLoss: 5.98057, DetectionLoss: 7.14450, DynamicLoss: 0.09160, PhysicsLoss: 1.44595
08/11 13:15:07 - mmengine - INFO - [EVAL] Epoch 4 Iter   300: Loss: 23.375 (20.764)
08/11 13:15:07 - mmengine - INFO - OccupancyLoss: 7.89098, OccupancyFlowLoss: 6.97462, DetectionLoss: 7.55795, DynamicLoss: 0.01533, PhysicsLoss: 0.93662
08/11 13:16:08 - mmengine - INFO - [EVAL] Epoch 4 Iter   350: Loss: 16.245 (20.824)
08/11 13:16:08 - mmengine - INFO - OccupancyLoss: 5.56368, OccupancyFlowLoss: 1.98686, DetectionLoss: 8.24077, DynamicLoss: 0.03036, PhysicsLoss: 0.42296
08/11 13:17:08 - mmengine - INFO - [EVAL] Epoch 4 Iter   400: Loss: 17.277 (20.618)
08/11 13:17:08 - mmengine - INFO - OccupancyLoss: 7.28086, OccupancyFlowLoss: 0.93623, DetectionLoss: 9.02128, DynamicLoss: 0.03645, PhysicsLoss: 0.00252
08/11 13:18:09 - mmengine - INFO - [EVAL] Epoch 4 Iter   450: Loss: 32.832 (20.705)
08/11 13:18:09 - mmengine - INFO - OccupancyLoss: 7.35207, OccupancyFlowLoss: 7.39186, DetectionLoss: 13.66584, DynamicLoss: 0.17933, PhysicsLoss: 4.24323
08/11 13:19:11 - mmengine - INFO - Validation per class iou none:
08/11 13:19:11 - mmengine - INFO - barrier : 10.82%, 0.25, 0.16
08/11 13:19:11 - mmengine - INFO - bicycle : 0.00%, 0.00, 0.00
08/11 13:19:11 - mmengine - INFO - bus : 1.80%, 0.35, 0.02
08/11 13:19:11 - mmengine - INFO - car : 27.26%, 0.47, 0.39
08/11 13:19:11 - mmengine - INFO - construction_vehicle : 0.00%, 0.00, 0.00
08/11 13:19:11 - mmengine - INFO - motorcycle : 0.00%, 0.00, 0.00
08/11 13:19:11 - mmengine - INFO - pedestrian : 0.00%, 0.00, 0.00
08/11 13:19:11 - mmengine - INFO - traffic_cone : 0.00%, 0.00, 0.00
08/11 13:19:11 - mmengine - INFO - trailer : 2.71%, 0.04, 0.07
08/11 13:19:11 - mmengine - INFO - truck : 5.72%, 0.26, 0.07
08/11 13:19:11 - mmengine - INFO - driveable_surface : 41.64%, 0.63, 0.55
08/11 13:19:11 - mmengine - INFO - other_flat : 1.33%, 0.64, 0.01
08/11 13:19:11 - mmengine - INFO - sidewalk : 17.97%, 0.30, 0.31
08/11 13:19:11 - mmengine - INFO - terrain : 16.45%, 0.36, 0.23
08/11 13:19:11 - mmengine - INFO - manmade : 5.38%, 0.24, 0.07
08/11 13:19:11 - mmengine - INFO - vegetation : 13.70%, 0.42, 0.17
08/11 13:19:11 - mmengine - INFO - tensor([  213109,    14566,   204192,  1435223,   106632,    22025,   206833,
           42653,   134799,   555406,  7051599,   345594,  2482869,  3418334,
         7852446,  8317553, 32659904], device='cuda:0', dtype=torch.int32)
08/11 13:19:11 - mmengine - INFO - tensor([   33867,        0,     3801,   565594,        0,        0,        0,
               0,     9037,    37993,  3907564,     4623,   764022,   792200,
          511369,  1411914, 10778580], device='cuda:0', dtype=torch.int32)
08/11 13:19:11 - mmengine - INFO - tensor([  133781,        0,    10925,  1205310,        0,        0,        8,
               0,   207308,   147134,  6239006,     7233,  2532825,  2189842,
         2161283,  3401590, 18236244], device='cuda:0', dtype=torch.int32)
08/11 13:19:11 - mmengine - INFO - mIoU: 9.048657957464457, iou2: 26.867481231689453
08/11 13:19:11 - mmengine - INFO - Current val loss is 20.765
[DynamicLoss Diag] iter=5001 | gt_box=True | gaussians=25583 dyn_gt=0 (0.00%) | pred_dyn_ratio=0.01% | loss=0.0132
[PhysicsLoss Diag] iter=5001 | gt_box=True static=25583 dyn=0 | offset_rms=0.0000 offset_dyn_rms=0.0000 turn_deg=0.00 | loss_static=0.0000 loss_smooth=0.0000 loss_rigid=0.0000 loss_vel=0.0000 loss_traj=0.0000 total=0.0000
08/11 13:19:30 - mmengine - INFO - [TRAIN] Epoch 4 Iter     0/750: Loss: 16.212 (16.212), grad_norm: 54.211, lr: 0.0000200, time: 8.558 (2.982)
08/11 13:19:30 - mmengine - INFO - OccupancyLoss: 6.72099, OccupancyFlowLoss: 5.60993, DetectionLoss: 3.86776, DynamicLoss: 0.01322, PhysicsLoss: 0.00000
08/11 13:24:10 - mmengine - INFO - [TRAIN] Epoch 4 Iter    50/750: Loss: 21.701 (19.979), grad_norm: 86.237, lr: 0.0000200, time: 5.733 (0.008)
08/11 13:24:10 - mmengine - INFO - OccupancyLoss: 5.97967, OccupancyFlowLoss: 6.90661, DetectionLoss: 6.34746, DynamicLoss: 0.04622, PhysicsLoss: 2.42098
08/11 13:28:49 - mmengine - INFO - [TRAIN] Epoch 4 Iter   100/750: Loss: 13.725 (18.115), grad_norm: 31.604, lr: 0.0000200, time: 5.338 (0.008)
08/11 13:28:49 - mmengine - INFO - OccupancyLoss: 6.58172, OccupancyFlowLoss: 4.20378, DetectionLoss: 2.93762, DynamicLoss: 0.00198, PhysicsLoss: 0.00000
08/11 13:33:26 - mmengine - INFO - [TRAIN] Epoch 4 Iter   150/750: Loss: 14.994 (19.829), grad_norm: 26.021, lr: 0.0000200, time: 5.542 (0.008)
08/11 13:33:26 - mmengine - INFO - OccupancyLoss: 8.51507, OccupancyFlowLoss: 4.33333, DetectionLoss: 2.13660, DynamicLoss: 0.00915, PhysicsLoss: 0.00000
08/11 13:38:04 - mmengine - INFO - [TRAIN] Epoch 4 Iter   200/750: Loss: 15.924 (20.315), grad_norm: 109.599, lr: 0.0000200, time: 5.477 (0.008)
08/11 13:38:04 - mmengine - INFO - OccupancyLoss: 6.51352, OccupancyFlowLoss: 5.78904, DetectionLoss: 3.01557, DynamicLoss: 0.03759, PhysicsLoss: 0.56842
08/11 13:42:42 - mmengine - INFO - [TRAIN] Epoch 4 Iter   250/750: Loss: 19.504 (19.176), grad_norm: 28.135, lr: 0.0000200, time: 5.593 (0.008)
08/11 13:42:42 - mmengine - INFO - OccupancyLoss: 6.16913, OccupancyFlowLoss: 5.96064, DetectionLoss: 6.56922, DynamicLoss: 0.02839, PhysicsLoss: 0.77679
08/11 13:47:19 - mmengine - INFO - [TRAIN] Epoch 4 Iter   300/750: Loss: 22.094 (18.446), grad_norm: 45.702, lr: 0.0000200, time: 5.812 (0.008)
08/11 13:47:19 - mmengine - INFO - OccupancyLoss: 7.30169, OccupancyFlowLoss: 6.73944, DetectionLoss: 3.46889, DynamicLoss: 0.04358, PhysicsLoss: 4.54006
WARNING:torch.distributed.run:
*****************************************
Setting OMP_NUM_THREADS environment variable for each process to be 1 in default, to avoid your system being overloaded, please further tune the variable for optimal performance in your application as needed. 
*****************************************
Failed to start virtual display.
Failed to start virtual display.
Failed to start virtual display.
No Mayavi installation found.
No Mayavi installation found.
No Mayavi installation found.
Failed to start virtual display.
No Mayavi installation found.
Namespace(backend='nccl', dataset='nuscenes', gpus=4, gradient_accumulation=1, iter_resume=False, py_config='config/nuscenes_gs25600_v3_se3/nuscenes_gs25600_v3_se3.py', resume_from='', seed=42, vis_map=False, work_dir='/data/chenz/GaussianAD/out/nuscenes_gs25600_v3_se3')
Namespace(backend='nccl', dataset='nuscenes', gpus=4, gradient_accumulation=1, iter_resume=False, py_config='config/nuscenes_gs25600_v3_se3/nuscenes_gs25600_v3_se3.py', resume_from='', seed=42, vis_map=False, work_dir='/data/chenz/GaussianAD/out/nuscenes_gs25600_v3_se3')
Namespace(backend='nccl', dataset='nuscenes', gpus=4, gradient_accumulation=1, iter_resume=False, py_config='config/nuscenes_gs25600_v3_se3/nuscenes_gs25600_v3_se3.py', resume_from='', seed=42, vis_map=False, work_dir='/data/chenz/GaussianAD/out/nuscenes_gs25600_v3_se3')
Namespace(backend='nccl', dataset='nuscenes', gpus=4, gradient_accumulation=1, iter_resume=False, py_config='config/nuscenes_gs25600_v3_se3/nuscenes_gs25600_v3_se3.py', resume_from='', seed=42, vis_map=False, work_dir='/data/chenz/GaussianAD/out/nuscenes_gs25600_v3_se3')
rank=1, local_rank=1, world_size=4
rank=3, local_rank=3, world_size=4
rank=2, local_rank=2, world_size=4
rank=0, local_rank=0, world_size=4
rank=2, local_rank=2, world_size=4
rank=0, local_rank=0, world_size=4
rank=3, local_rank=3, world_size=4
rank=1, local_rank=1, world_size=4
08/11 14:42:07 - mmengine - INFO - Frozen module: map_decoder
08/11 14:42:07 - mmengine - INFO - Frozen module: planner_head
08/11 14:42:07 - mmengine - INFO - Number of params: 167695746
08/11 14:42:07 - mmengine - INFO - converted sync bn.
08/11 14:42:09 - mmengine - INFO - done ddp model
08/11 14:43:52 - mmengine - WARNING - img_backbone.conv1.weight is skipped since its requires_grad=False
08/11 14:43:52 - mmengine - WARNING - img_backbone.bn1.weight is skipped since its requires_grad=False
08/11 14:43:52 - mmengine - WARNING - img_backbone.bn1.bias is skipped since its requires_grad=False
08/11 14:43:52 - mmengine - WARNING - img_backbone.layer1.0.conv1.weight is skipped since its requires_grad=False
08/11 14:43:52 - mmengine - WARNING - img_backbone.layer1.0.bn1.weight is skipped since its requires_grad=False
08/11 14:43:52 - mmengine - WARNING - img_backbone.layer1.0.bn1.bias is skipped since its requires_grad=False
08/11 14:43:52 - mmengine - WARNING - img_backbone.layer1.0.conv2.weight is skipped since its requires_grad=False
08/11 14:43:52 - mmengine - WARNING - img_backbone.layer1.0.bn2.weight is skipped since its requires_grad=False
08/11 14:43:52 - mmengine - WARNING - img_backbone.layer1.0.bn2.bias is skipped since its requires_grad=False
08/11 14:43:52 - mmengine - WARNING - img_backbone.layer1.0.conv3.weight is skipped since its requires_grad=False
08/11 14:43:52 - mmengine - WARNING - img_backbone.layer1.0.bn3.weight is skipped since its requires_grad=False
08/11 14:43:52 - mmengine - WARNING - img_backbone.layer1.0.bn3.bias is skipped since its requires_grad=False
08/11 14:43:52 - mmengine - WARNING - img_backbone.layer1.0.downsample.0.weight is skipped since its requires_grad=False
08/11 14:43:52 - mmengine - WARNING - img_backbone.layer1.0.downsample.1.weight is skipped since its requires_grad=False
08/11 14:43:52 - mmengine - WARNING - img_backbone.layer1.0.downsample.1.bias is skipped since its requires_grad=False
08/11 14:43:52 - mmengine - WARNING - img_backbone.layer1.1.conv1.weight is skipped since its requires_grad=False
08/11 14:43:52 - mmengine - WARNING - img_backbone.layer1.1.bn1.weight is skipped since its requires_grad=False
08/11 14:43:52 - mmengine - WARNING - img_backbone.layer1.1.bn1.bias is skipped since its requires_grad=False
08/11 14:43:52 - mmengine - WARNING - img_backbone.layer1.1.conv2.weight is skipped since its requires_grad=False
08/11 14:43:52 - mmengine - WARNING - img_backbone.layer1.1.bn2.weight is skipped since its requires_grad=False
08/11 14:43:52 - mmengine - WARNING - img_backbone.layer1.1.bn2.bias is skipped since its requires_grad=False
08/11 14:43:52 - mmengine - WARNING - img_backbone.layer1.1.conv3.weight is skipped since its requires_grad=False
08/11 14:43:52 - mmengine - WARNING - img_backbone.layer1.1.bn3.weight is skipped since its requires_grad=False
08/11 14:43:52 - mmengine - WARNING - img_backbone.layer1.1.bn3.bias is skipped since its requires_grad=False
08/11 14:43:52 - mmengine - WARNING - img_backbone.layer1.2.conv1.weight is skipped since its requires_grad=False
08/11 14:43:52 - mmengine - WARNING - img_backbone.layer1.2.bn1.weight is skipped since its requires_grad=False
08/11 14:43:52 - mmengine - WARNING - img_backbone.layer1.2.bn1.bias is skipped since its requires_grad=False
08/11 14:43:52 - mmengine - WARNING - img_backbone.layer1.2.conv2.weight is skipped since its requires_grad=False
08/11 14:43:52 - mmengine - WARNING - img_backbone.layer1.2.bn2.weight is skipped since its requires_grad=False
08/11 14:43:52 - mmengine - WARNING - img_backbone.layer1.2.bn2.bias is skipped since its requires_grad=False
08/11 14:43:52 - mmengine - WARNING - img_backbone.layer1.2.conv3.weight is skipped since its requires_grad=False
08/11 14:43:52 - mmengine - WARNING - img_backbone.layer1.2.bn3.weight is skipped since its requires_grad=False
08/11 14:43:52 - mmengine - WARNING - img_backbone.layer1.2.bn3.bias is skipped since its requires_grad=False
08/11 14:43:52 - mmengine - INFO - paramwise_options -- img_backbone.layer2.0.conv1.weight:lr=2e-05
08/11 14:43:52 - mmengine - INFO - paramwise_options -- img_backbone.layer2.0.conv1.weight:weight_decay=0.01
08/11 14:43:52 - mmengine - INFO - paramwise_options -- img_backbone.layer2.0.conv1.weight:lr_mult=0.1
08/11 14:43:52 - mmengine - WARNING - img_backbone.layer2.0.bn1.weight is skipped since its requires_grad=False
08/11 14:43:52 - mmengine - WARNING - img_backbone.layer2.0.bn1.bias is skipped since its requires_grad=False
08/11 14:43:52 - mmengine - INFO - paramwise_options -- img_backbone.layer2.0.conv2.weight:lr=2e-05
08/11 14:43:52 - mmengine - INFO - paramwise_options -- img_backbone.layer2.0.conv2.weight:weight_decay=0.01
08/11 14:43:52 - mmengine - INFO - paramwise_options -- img_backbone.layer2.0.conv2.weight:lr_mult=0.1
08/11 14:43:52 - mmengine - WARNING - img_backbone.layer2.0.bn2.weight is skipped since its requires_grad=False
08/11 14:43:52 - mmengine - WARNING - img_backbone.layer2.0.bn2.bias is skipped since its requires_grad=False
08/11 14:43:52 - mmengine - INFO - paramwise_options -- img_backbone.layer2.0.conv3.weight:lr=2e-05
08/11 14:43:52 - mmengine - INFO - paramwise_options -- img_backbone.layer2.0.conv3.weight:weight_decay=0.01
08/11 14:43:52 - mmengine - INFO - paramwise_options -- img_backbone.layer2.0.conv3.weight:lr_mult=0.1
08/11 14:43:52 - mmengine - WARNING - img_backbone.layer2.0.bn3.weight is skipped since its requires_grad=False
08/11 14:43:52 - mmengine - WARNING - img_backbone.layer2.0.bn3.bias is skipped since its requires_grad=False
08/11 14:43:52 - mmengine - INFO - paramwise_options -- img_backbone.layer2.0.downsample.0.weight:lr=2e-05
08/11 14:43:52 - mmengine - INFO - paramwise_options -- img_backbone.layer2.0.downsample.0.weight:weight_decay=0.01
08/11 14:43:52 - mmengine - INFO - paramwise_options -- img_backbone.layer2.0.downsample.0.weight:lr_mult=0.1
08/11 14:43:52 - mmengine - WARNING - img_backbone.layer2.0.downsample.1.weight is skipped since its requires_grad=False
08/11 14:43:52 - mmengine - WARNING - img_backbone.layer2.0.downsample.1.bias is skipped since its requires_grad=False
08/11 14:43:52 - mmengine - INFO - paramwise_options -- img_backbone.layer2.1.conv1.weight:lr=2e-05
08/11 14:43:52 - mmengine - INFO - paramwise_options -- img_backbone.layer2.1.conv1.weight:weight_decay=0.01
08/11 14:43:52 - mmengine - INFO - paramwise_options -- img_backbone.layer2.1.conv1.weight:lr_mult=0.1
08/11 14:43:52 - mmengine - WARNING - img_backbone.layer2.1.bn1.weight is skipped since its requires_grad=False
08/11 14:43:52 - mmengine - WARNING - img_backbone.layer2.1.bn1.bias is skipped since its requires_grad=False
08/11 14:43:52 - mmengine - INFO - paramwise_options -- img_backbone.layer2.1.conv2.weight:lr=2e-05
08/11 14:43:52 - mmengine - INFO - paramwise_options -- img_backbone.layer2.1.conv2.weight:weight_decay=0.01
08/11 14:43:52 - mmengine - INFO - paramwise_options -- img_backbone.layer2.1.conv2.weight:lr_mult=0.1
08/11 14:43:52 - mmengine - WARNING - img_backbone.layer2.1.bn2.weight is skipped since its requires_grad=False
08/11 14:43:52 - mmengine - WARNING - img_backbone.layer2.1.bn2.bias is skipped since its requires_grad=False
08/11 14:43:52 - mmengine - INFO - paramwise_options -- img_backbone.layer2.1.conv3.weight:lr=2e-05
08/11 14:43:52 - mmengine - INFO - paramwise_options -- img_backbone.layer2.1.conv3.weight:weight_decay=0.01
08/11 14:43:52 - mmengine - INFO - paramwise_options -- img_backbone.layer2.1.conv3.weight:lr_mult=0.1
08/11 14:43:52 - mmengine - WARNING - img_backbone.layer2.1.bn3.weight is skipped since its requires_grad=False
08/11 14:43:52 - mmengine - WARNING - img_backbone.layer2.1.bn3.bias is skipped since its requires_grad=False
08/11 14:43:52 - mmengine - INFO - paramwise_options -- img_backbone.layer2.2.conv1.weight:lr=2e-05
08/11 14:43:52 - mmengine - INFO - paramwise_options -- img_backbone.layer2.2.conv1.weight:weight_decay=0.01
08/11 14:43:52 - mmengine - INFO - paramwise_options -- img_backbone.layer2.2.conv1.weight:lr_mult=0.1
08/11 14:43:52 - mmengine - WARNING - img_backbone.layer2.2.bn1.weight is skipped since its requires_grad=False
08/11 14:43:52 - mmengine - WARNING - img_backbone.layer2.2.bn1.bias is skipped since its requires_grad=False
08/11 14:43:52 - mmengine - INFO - paramwise_options -- img_backbone.layer2.2.conv2.weight:lr=2e-05
08/11 14:43:52 - mmengine - INFO - paramwise_options -- img_backbone.layer2.2.conv2.weight:weight_decay=0.01
08/11 14:43:52 - mmengine - INFO - paramwise_options -- img_backbone.layer2.2.conv2.weight:lr_mult=0.1
08/11 14:43:52 - mmengine - WARNING - img_backbone.layer2.2.bn2.weight is skipped since its requires_grad=False
08/11 14:43:52 - mmengine - WARNING - img_backbone.layer2.2.bn2.bias is skipped since its requires_grad=False
08/11 14:43:52 - mmengine - INFO - paramwise_options -- img_backbone.layer2.2.conv3.weight:lr=2e-05
08/11 14:43:52 - mmengine - INFO - paramwise_options -- img_backbone.layer2.2.conv3.weight:weight_decay=0.01
08/11 14:43:52 - mmengine - INFO - paramwise_options -- img_backbone.layer2.2.conv3.weight:lr_mult=0.1
08/11 14:43:52 - mmengine - WARNING - img_backbone.layer2.2.bn3.weight is skipped since its requires_grad=False
08/11 14:43:52 - mmengine - WARNING - img_backbone.layer2.2.bn3.bias is skipped since its requires_grad=False
08/11 14:43:52 - mmengine - INFO - paramwise_options -- img_backbone.layer2.3.conv1.weight:lr=2e-05
08/11 14:43:52 - mmengine - INFO - paramwise_options -- img_backbone.layer2.3.conv1.weight:weight_decay=0.01
08/11 14:43:52 - mmengine - INFO - paramwise_options -- img_backbone.layer2.3.conv1.weight:lr_mult=0.1
08/11 14:43:52 - mmengine - WARNING - img_backbone.layer2.3.bn1.weight is skipped since its requires_grad=False
08/11 14:43:52 - mmengine - WARNING - img_backbone.layer2.3.bn1.bias is skipped since its requires_grad=False
08/11 14:43:52 - mmengine - INFO - paramwise_options -- img_backbone.layer2.3.conv2.weight:lr=2e-05
08/11 14:43:52 - mmengine - INFO - paramwise_options -- img_backbone.layer2.3.conv2.weight:weight_decay=0.01
08/11 14:43:52 - mmengine - INFO - paramwise_options -- img_backbone.layer2.3.conv2.weight:lr_mult=0.1
08/11 14:43:52 - mmengine - WARNING - img_backbone.layer2.3.bn2.weight is skipped since its requires_grad=False
08/11 14:43:52 - mmengine - WARNING - img_backbone.layer2.3.bn2.bias is skipped since its requires_grad=False
08/11 14:43:52 - mmengine - INFO - paramwise_options -- img_backbone.layer2.3.conv3.weight:lr=2e-05
08/11 14:43:52 - mmengine - INFO - paramwise_options -- img_backbone.layer2.3.conv3.weight:weight_decay=0.01
08/11 14:43:52 - mmengine - INFO - paramwise_options -- img_backbone.layer2.3.conv3.weight:lr_mult=0.1
08/11 14:43:52 - mmengine - WARNING - img_backbone.layer2.3.bn3.weight is skipped since its requires_grad=False
08/11 14:43:52 - mmengine - WARNING - img_backbone.layer2.3.bn3.bias is skipped since its requires_grad=False
08/11 14:43:52 - mmengine - INFO - paramwise_options -- img_backbone.layer3.0.conv1.weight:lr=2e-05
08/11 14:43:52 - mmengine - INFO - paramwise_options -- img_backbone.layer3.0.conv1.weight:weight_decay=0.01
08/11 14:43:52 - mmengine - INFO - paramwise_options -- img_backbone.layer3.0.conv1.weight:lr_mult=0.1
08/11 14:43:52 - mmengine - WARNING - img_backbone.layer3.0.bn1.weight is skipped since its requires_grad=False
08/11 14:43:52 - mmengine - WARNING - img_backbone.layer3.0.bn1.bias is skipped since its requires_grad=False
08/11 14:43:52 - mmengine - INFO - paramwise_options -- img_backbone.layer3.0.conv2.weight:lr=2e-05
08/11 14:43:52 - mmengine - INFO - paramwise_options -- img_backbone.layer3.0.conv2.weight:weight_decay=0.01
08/11 14:43:52 - mmengine - INFO - paramwise_options -- img_backbone.layer3.0.conv2.weight:lr_mult=0.1
08/11 14:43:52 - mmengine - INFO - paramwise_options -- img_backbone.layer3.0.conv2.conv_offset.weight:lr=2e-05
08/11 14:43:52 - mmengine - INFO - paramwise_options -- img_backbone.layer3.0.conv2.conv_offset.weight:weight_decay=0.01
08/11 14:43:52 - mmengine - INFO - paramwise_options -- img_backbone.layer3.0.conv2.conv_offset.weight:lr_mult=0.1
08/11 14:43:52 - mmengine - INFO - paramwise_options -- img_backbone.layer3.0.conv2.conv_offset.bias:lr=2e-05
08/11 14:43:52 - mmengine - INFO - paramwise_options -- img_backbone.layer3.0.conv2.conv_offset.bias:weight_decay=0.01
08/11 14:43:52 - mmengine - INFO - paramwise_options -- img_backbone.layer3.0.conv2.conv_offset.bias:lr_mult=0.1
08/11 14:43:52 - mmengine - WARNING - img_backbone.layer3.0.bn2.weight is skipped since its requires_grad=False
08/11 14:43:52 - mmengine - WARNING - img_backbone.layer3.0.bn2.bias is skipped since its requires_grad=False
08/11 14:43:52 - mmengine - INFO - paramwise_options -- img_backbone.layer3.0.conv3.weight:lr=2e-05
08/11 14:43:52 - mmengine - INFO - paramwise_options -- img_backbone.layer3.0.conv3.weight:weight_decay=0.01
08/11 14:43:52 - mmengine - INFO - paramwise_options -- img_backbone.layer3.0.conv3.weight:lr_mult=0.1
08/11 14:43:52 - mmengine - WARNING - img_backbone.layer3.0.bn3.weight is skipped since its requires_grad=False
08/11 14:43:52 - mmengine - WARNING - img_backbone.layer3.0.bn3.bias is skipped since its requires_grad=False
08/11 14:43:52 - mmengine - INFO - paramwise_options -- img_backbone.layer3.0.downsample.0.weight:lr=2e-05
08/11 14:43:52 - mmengine - INFO - paramwise_options -- img_backbone.layer3.0.downsample.0.weight:weight_decay=0.01
08/11 14:43:52 - mmengine - INFO - paramwise_options -- img_backbone.layer3.0.downsample.0.weight:lr_mult=0.1
08/11 14:43:52 - mmengine - WARNING - img_backbone.layer3.0.downsample.1.weight is skipped since its requires_grad=False
08/11 14:43:52 - mmengine - WARNING - img_backbone.layer3.0.downsample.1.bias is skipped since its requires_grad=False
08/11 14:43:52 - mmengine - INFO - paramwise_options -- img_backbone.layer3.1.conv1.weight:lr=2e-05
08/11 14:43:52 - mmengine - INFO - paramwise_options -- img_backbone.layer3.1.conv1.weight:weight_decay=0.01
08/11 14:43:52 - mmengine - INFO - paramwise_options -- img_backbone.layer3.1.conv1.weight:lr_mult=0.1
08/11 14:43:52 - mmengine - WARNING - img_backbone.layer3.1.bn1.weight is skipped since its requires_grad=False
08/11 14:43:52 - mmengine - WARNING - img_backbone.layer3.1.bn1.bias is skipped since its requires_grad=False
08/11 14:43:52 - mmengine - INFO - paramwise_options -- img_backbone.layer3.1.conv2.weight:lr=2e-05
08/11 14:43:52 - mmengine - INFO - paramwise_options -- img_backbone.layer3.1.conv2.weight:weight_decay=0.01
08/11 14:43:52 - mmengine - INFO - paramwise_options -- img_backbone.layer3.1.conv2.weight:lr_mult=0.1
08/11 14:43:52 - mmengine - INFO - paramwise_options -- img_backbone.layer3.1.conv2.conv_offset.weight:lr=2e-05
08/11 14:43:52 - mmengine - INFO - paramwise_options -- img_backbone.layer3.1.conv2.conv_offset.weight:weight_decay=0.01
08/11 14:43:52 - mmengine - INFO - paramwise_options -- img_backbone.layer3.1.conv2.conv_offset.weight:lr_mult=0.1
08/11 14:43:52 - mmengine - INFO - paramwise_options -- img_backbone.layer3.1.conv2.conv_offset.bias:lr=2e-05
08/11 14:43:52 - mmengine - INFO - paramwise_options -- img_backbone.layer3.1.conv2.conv_offset.bias:weight_decay=0.01
08/11 14:43:52 - mmengine - INFO - paramwise_options -- img_backbone.layer3.1.conv2.conv_offset.bias:lr_mult=0.1
08/11 14:43:52 - mmengine - WARNING - img_backbone.layer3.1.bn2.weight is skipped since its requires_grad=False
08/11 14:43:52 - mmengine - WARNING - img_backbone.layer3.1.bn2.bias is skipped since its requires_grad=False
08/11 14:43:52 - mmengine - INFO - paramwise_options -- img_backbone.layer3.1.conv3.weight:lr=2e-05
08/11 14:43:52 - mmengine - INFO - paramwise_options -- img_backbone.layer3.1.conv3.weight:weight_decay=0.01
08/11 14:43:52 - mmengine - INFO - paramwise_options -- img_backbone.layer3.1.conv3.weight:lr_mult=0.1
08/11 14:43:52 - mmengine - WARNING - img_backbone.layer3.1.bn3.weight is skipped since its requires_grad=False
08/11 14:43:52 - mmengine - WARNING - img_backbone.layer3.1.bn3.bias is skipped since its requires_grad=False
08/11 14:43:52 - mmengine - INFO - paramwise_options -- img_backbone.layer3.2.conv1.weight:lr=2e-05
08/11 14:43:52 - mmengine - INFO - paramwise_options -- img_backbone.layer3.2.conv1.weight:weight_decay=0.01
08/11 14:43:52 - mmengine - INFO - paramwise_options -- img_backbone.layer3.2.conv1.weight:lr_mult=0.1
08/11 14:43:52 - mmengine - WARNING - img_backbone.layer3.2.bn1.weight is skipped since its requires_grad=False
08/11 14:43:52 - mmengine - WARNING - img_backbone.layer3.2.bn1.bias is skipped since its requires_grad=False
08/11 14:43:52 - mmengine - INFO - paramwise_options -- img_backbone.layer3.2.conv2.weight:lr=2e-05
08/11 14:43:52 - mmengine - INFO - paramwise_options -- img_backbone.layer3.2.conv2.weight:weight_decay=0.01
08/11 14:43:52 - mmengine - INFO - paramwise_options -- img_backbone.layer3.2.conv2.weight:lr_mult=0.1
08/11 14:43:52 - mmengine - INFO - paramwise_options -- img_backbone.layer3.2.conv2.conv_offset.weight:lr=2e-05
08/11 14:43:52 - mmengine - INFO - paramwise_options -- img_backbone.layer3.2.conv2.conv_offset.weight:weight_decay=0.01
08/11 14:43:52 - mmengine - INFO - paramwise_options -- img_backbone.layer3.2.conv2.conv_offset.weight:lr_mult=0.1
08/11 14:43:52 - mmengine - INFO - paramwise_options -- img_backbone.layer3.2.conv2.conv_offset.bias:lr=2e-05
08/11 14:43:52 - mmengine - INFO - paramwise_options -- img_backbone.layer3.2.conv2.conv_offset.bias:weight_decay=0.01
08/11 14:43:52 - mmengine - INFO - paramwise_options -- img_backbone.layer3.2.conv2.conv_offset.bias:lr_mult=0.1
08/11 14:43:52 - mmengine - WARNING - img_backbone.layer3.2.bn2.weight is skipped since its requires_grad=False
08/11 14:43:52 - mmengine - WARNING - img_backbone.layer3.2.bn2.bias is skipped since its requires_grad=False
08/11 14:43:52 - mmengine - INFO - paramwise_options -- img_backbone.layer3.2.conv3.weight:lr=2e-05
08/11 14:43:52 - mmengine - INFO - paramwise_options -- img_backbone.layer3.2.conv3.weight:weight_decay=0.01
08/11 14:43:52 - mmengine - INFO - paramwise_options -- img_backbone.layer3.2.conv3.weight:lr_mult=0.1
08/11 14:43:52 - mmengine - WARNING - img_backbone.layer3.2.bn3.weight is skipped since its requires_grad=False
08/11 14:43:52 - mmengine - WARNING - img_backbone.layer3.2.bn3.bias is skipped since its requires_grad=False
08/11 14:43:52 - mmengine - INFO - paramwise_options -- img_backbone.layer3.3.conv1.weight:lr=2e-05
08/11 14:43:52 - mmengine - INFO - paramwise_options -- img_backbone.layer3.3.conv1.weight:weight_decay=0.01
08/11 14:43:52 - mmengine - INFO - paramwise_options -- img_backbone.layer3.3.conv1.weight:lr_mult=0.1
08/11 14:43:52 - mmengine - WARNING - img_backbone.layer3.3.bn1.weight is skipped since its requires_grad=False
08/11 14:43:52 - mmengine - WARNING - img_backbone.layer3.3.bn1.bias is skipped since its requires_grad=False
08/11 14:43:52 - mmengine - INFO - paramwise_options -- img_backbone.layer3.3.conv2.weight:lr=2e-05
08/11 14:43:52 - mmengine - INFO - paramwise_options -- img_backbone.layer3.3.conv2.weight:weight_decay=0.01
08/11 14:43:52 - mmengine - INFO - paramwise_options -- img_backbone.layer3.3.conv2.weight:lr_mult=0.1
08/11 14:43:52 - mmengine - INFO - paramwise_options -- img_backbone.layer3.3.conv2.conv_offset.weight:lr=2e-05
08/11 14:43:52 - mmengine - INFO - paramwise_options -- img_backbone.layer3.3.conv2.conv_offset.weight:weight_decay=0.01
08/11 14:43:52 - mmengine - INFO - paramwise_options -- img_backbone.layer3.3.conv2.conv_offset.weight:lr_mult=0.1
08/11 14:43:52 - mmengine - INFO - paramwise_options -- img_backbone.layer3.3.conv2.conv_offset.bias:lr=2e-05
08/11 14:43:52 - mmengine - INFO - paramwise_options -- img_backbone.layer3.3.conv2.conv_offset.bias:weight_decay=0.01
08/11 14:43:52 - mmengine - INFO - paramwise_options -- img_backbone.layer3.3.conv2.conv_offset.bias:lr_mult=0.1
08/11 14:43:52 - mmengine - WARNING - img_backbone.layer3.3.bn2.weight is skipped since its requires_grad=False
08/11 14:43:52 - mmengine - WARNING - img_backbone.layer3.3.bn2.bias is skipped since its requires_grad=False
08/11 14:43:52 - mmengine - INFO - paramwise_options -- img_backbone.layer3.3.conv3.weight:lr=2e-05
08/11 14:43:52 - mmengine - INFO - paramwise_options -- img_backbone.layer3.3.conv3.weight:weight_decay=0.01
08/11 14:43:52 - mmengine - INFO - paramwise_options -- img_backbone.layer3.3.conv3.weight:lr_mult=0.1
08/11 14:43:52 - mmengine - WARNING - img_backbone.layer3.3.bn3.weight is skipped since its requires_grad=False
08/11 14:43:52 - mmengine - WARNING - img_backbone.layer3.3.bn3.bias is skipped since its requires_grad=False
08/11 14:43:52 - mmengine - INFO - paramwise_options -- img_backbone.layer3.4.conv1.weight:lr=2e-05
08/11 14:43:52 - mmengine - INFO - paramwise_options -- img_backbone.layer3.4.conv1.weight:weight_decay=0.01
08/11 14:43:52 - mmengine - INFO - paramwise_options -- img_backbone.layer3.4.conv1.weight:lr_mult=0.1
08/11 14:43:52 - mmengine - WARNING - img_backbone.layer3.4.bn1.weight is skipped since its requires_grad=False
08/11 14:43:52 - mmengine - WARNING - img_backbone.layer3.4.bn1.bias is skipped since its requires_grad=False
08/11 14:43:52 - mmengine - INFO - paramwise_options -- img_backbone.layer3.4.conv2.weight:lr=2e-05
08/11 14:43:52 - mmengine - INFO - paramwise_options -- img_backbone.layer3.4.conv2.weight:weight_decay=0.01
08/11 14:43:52 - mmengine - INFO - paramwise_options -- img_backbone.layer3.4.conv2.weight:lr_mult=0.1
08/11 14:43:52 - mmengine - INFO - paramwise_options -- img_backbone.layer3.4.conv2.conv_offset.weight:lr=2e-05
08/11 14:43:52 - mmengine - INFO - paramwise_options -- img_backbone.layer3.4.conv2.conv_offset.weight:weight_decay=0.01
08/11 14:43:52 - mmengine - INFO - paramwise_options -- img_backbone.layer3.4.conv2.conv_offset.weight:lr_mult=0.1
08/11 14:43:52 - mmengine - INFO - paramwise_options -- img_backbone.layer3.4.conv2.conv_offset.bias:lr=2e-05
08/11 14:43:52 - mmengine - INFO - paramwise_options -- img_backbone.layer3.4.conv2.conv_offset.bias:weight_decay=0.01
08/11 14:43:52 - mmengine - INFO - paramwise_options -- img_backbone.layer3.4.conv2.conv_offset.bias:lr_mult=0.1
08/11 14:43:52 - mmengine - WARNING - img_backbone.layer3.4.bn2.weight is skipped since its requires_grad=False
08/11 14:43:52 - mmengine - WARNING - img_backbone.layer3.4.bn2.bias is skipped since its requires_grad=False
08/11 14:43:52 - mmengine - INFO - paramwise_options -- img_backbone.layer3.4.conv3.weight:lr=2e-05
08/11 14:43:52 - mmengine - INFO - paramwise_options -- img_backbone.layer3.4.conv3.weight:weight_decay=0.01
08/11 14:43:52 - mmengine - INFO - paramwise_options -- img_backbone.layer3.4.conv3.weight:lr_mult=0.1
08/11 14:43:52 - mmengine - WARNING - img_backbone.layer3.4.bn3.weight is skipped since its requires_grad=False
08/11 14:43:52 - mmengine - WARNING - img_backbone.layer3.4.bn3.bias is skipped since its requires_grad=False
08/11 14:43:52 - mmengine - INFO - paramwise_options -- img_backbone.layer3.5.conv1.weight:lr=2e-05
08/11 14:43:52 - mmengine - INFO - paramwise_options -- img_backbone.layer3.5.conv1.weight:weight_decay=0.01
08/11 14:43:52 - mmengine - INFO - paramwise_options -- img_backbone.layer3.5.conv1.weight:lr_mult=0.1
08/11 14:43:52 - mmengine - WARNING - img_backbone.layer3.5.bn1.weight is skipped since its requires_grad=False
08/11 14:43:52 - mmengine - WARNING - img_backbone.layer3.5.bn1.bias is skipped since its requires_grad=False
08/11 14:43:52 - mmengine - INFO - paramwise_options -- img_backbone.layer3.5.conv2.weight:lr=2e-05
08/11 14:43:52 - mmengine - INFO - paramwise_options -- img_backbone.layer3.5.conv2.weight:weight_decay=0.01
08/11 14:43:52 - mmengine - INFO - paramwise_options -- img_backbone.layer3.5.conv2.weight:lr_mult=0.1
08/11 14:43:52 - mmengine - INFO - paramwise_options -- img_backbone.layer3.5.conv2.conv_offset.weight:lr=2e-05
08/11 14:43:52 - mmengine - INFO - paramwise_options -- img_backbone.layer3.5.conv2.conv_offset.weight:weight_decay=0.01
08/11 14:43:52 - mmengine - INFO - paramwise_options -- img_backbone.layer3.5.conv2.conv_offset.weight:lr_mult=0.1
08/11 14:43:52 - mmengine - INFO - paramwise_options -- img_backbone.layer3.5.conv2.conv_offset.bias:lr=2e-05
08/11 14:43:52 - mmengine - INFO - paramwise_options -- img_backbone.layer3.5.conv2.conv_offset.bias:weight_decay=0.01
08/11 14:43:52 - mmengine - INFO - paramwise_options -- img_backbone.layer3.5.conv2.conv_offset.bias:lr_mult=0.1
08/11 14:43:52 - mmengine - WARNING - img_backbone.layer3.5.bn2.weight is skipped since its requires_grad=False
08/11 14:43:52 - mmengine - WARNING - img_backbone.layer3.5.bn2.bias is skipped since its requires_grad=False
08/11 14:43:52 - mmengine - INFO - paramwise_options -- img_backbone.layer3.5.conv3.weight:lr=2e-05
08/11 14:43:52 - mmengine - INFO - paramwise_options -- img_backbone.layer3.5.conv3.weight:weight_decay=0.01
08/11 14:43:52 - mmengine - INFO - paramwise_options -- img_backbone.layer3.5.conv3.weight:lr_mult=0.1
08/11 14:43:52 - mmengine - WARNING - img_backbone.layer3.5.bn3.weight is skipped since its requires_grad=False
08/11 14:43:52 - mmengine - WARNING - img_backbone.layer3.5.bn3.bias is skipped since its requires_grad=False
08/11 14:43:52 - mmengine - INFO - paramwise_options -- img_backbone.layer3.6.conv1.weight:lr=2e-05
08/11 14:43:52 - mmengine - INFO - paramwise_options -- img_backbone.layer3.6.conv1.weight:weight_decay=0.01
08/11 14:43:52 - mmengine - INFO - paramwise_options -- img_backbone.layer3.6.conv1.weight:lr_mult=0.1
08/11 14:43:52 - mmengine - WARNING - img_backbone.layer3.6.bn1.weight is skipped since its requires_grad=False
08/11 14:43:52 - mmengine - WARNING - img_backbone.layer3.6.bn1.bias is skipped since its requires_grad=False
08/11 14:43:52 - mmengine - INFO - paramwise_options -- img_backbone.layer3.6.conv2.weight:lr=2e-05
08/11 14:43:52 - mmengine - INFO - paramwise_options -- img_backbone.layer3.6.conv2.weight:weight_decay=0.01
08/11 14:43:52 - mmengine - INFO - paramwise_options -- img_backbone.layer3.6.conv2.weight:lr_mult=0.1
08/11 14:43:52 - mmengine - INFO - paramwise_options -- img_backbone.layer3.6.conv2.conv_offset.weight:lr=2e-05
08/11 14:43:52 - mmengine - INFO - paramwise_options -- img_backbone.layer3.6.conv2.conv_offset.weight:weight_decay=0.01
08/11 14:43:52 - mmengine - INFO - paramwise_options -- img_backbone.layer3.6.conv2.conv_offset.weight:lr_mult=0.1
08/11 14:43:52 - mmengine - INFO - paramwise_options -- img_backbone.layer3.6.conv2.conv_offset.bias:lr=2e-05
08/11 14:43:52 - mmengine - INFO - paramwise_options -- img_backbone.layer3.6.conv2.conv_offset.bias:weight_decay=0.01
08/11 14:43:52 - mmengine - INFO - paramwise_options -- img_backbone.layer3.6.conv2.conv_offset.bias:lr_mult=0.1
08/11 14:43:52 - mmengine - WARNING - img_backbone.layer3.6.bn2.weight is skipped since its requires_grad=False
08/11 14:43:52 - mmengine - WARNING - img_backbone.layer3.6.bn2.bias is skipped since its requires_grad=False
08/11 14:43:52 - mmengine - INFO - paramwise_options -- img_backbone.layer3.6.conv3.weight:lr=2e-05
08/11 14:43:52 - mmengine - INFO - paramwise_options -- img_backbone.layer3.6.conv3.weight:weight_decay=0.01
08/11 14:43:52 - mmengine - INFO - paramwise_options -- img_backbone.layer3.6.conv3.weight:lr_mult=0.1
08/11 14:43:52 - mmengine - WARNING - img_backbone.layer3.6.bn3.weight is skipped since its requires_grad=False
08/11 14:43:52 - mmengine - WARNING - img_backbone.layer3.6.bn3.bias is skipped since its requires_grad=False
08/11 14:43:52 - mmengine - INFO - paramwise_options -- img_backbone.layer3.7.conv1.weight:lr=2e-05
08/11 14:43:52 - mmengine - INFO - paramwise_options -- img_backbone.layer3.7.conv1.weight:weight_decay=0.01
08/11 14:43:52 - mmengine - INFO - paramwise_options -- img_backbone.layer3.7.conv1.weight:lr_mult=0.1
08/11 14:43:52 - mmengine - WARNING - img_backbone.layer3.7.bn1.weight is skipped since its requires_grad=False
08/11 14:43:52 - mmengine - WARNING - img_backbone.layer3.7.bn1.bias is skipped since its requires_grad=False
08/11 14:43:52 - mmengine - INFO - paramwise_options -- img_backbone.layer3.7.conv2.weight:lr=2e-05
08/11 14:43:52 - mmengine - INFO - paramwise_options -- img_backbone.layer3.7.conv2.weight:weight_decay=0.01
08/11 14:43:52 - mmengine - INFO - paramwise_options -- img_backbone.layer3.7.conv2.weight:lr_mult=0.1
08/11 14:43:52 - mmengine - INFO - paramwise_options -- img_backbone.layer3.7.conv2.conv_offset.weight:lr=2e-05
08/11 14:43:52 - mmengine - INFO - paramwise_options -- img_backbone.layer3.7.conv2.conv_offset.weight:weight_decay=0.01
08/11 14:43:52 - mmengine - INFO - paramwise_options -- img_backbone.layer3.7.conv2.conv_offset.weight:lr_mult=0.1
08/11 14:43:52 - mmengine - INFO - paramwise_options -- img_backbone.layer3.7.conv2.conv_offset.bias:lr=2e-05
08/11 14:43:52 - mmengine - INFO - paramwise_options -- img_backbone.layer3.7.conv2.conv_offset.bias:weight_decay=0.01
08/11 14:43:52 - mmengine - INFO - paramwise_options -- img_backbone.layer3.7.conv2.conv_offset.bias:lr_mult=0.1
08/11 14:43:52 - mmengine - WARNING - img_backbone.layer3.7.bn2.weight is skipped since its requires_grad=False
08/11 14:43:52 - mmengine - WARNING - img_backbone.layer3.7.bn2.bias is skipped since its requires_grad=False
08/11 14:43:52 - mmengine - INFO - paramwise_options -- img_backbone.layer3.7.conv3.weight:lr=2e-05
08/11 14:43:52 - mmengine - INFO - paramwise_options -- img_backbone.layer3.7.conv3.weight:weight_decay=0.01
08/11 14:43:52 - mmengine - INFO - paramwise_options -- img_backbone.layer3.7.conv3.weight:lr_mult=0.1
08/11 14:43:52 - mmengine - WARNING - img_backbone.layer3.7.bn3.weight is skipped since its requires_grad=False
08/11 14:43:52 - mmengine - WARNING - img_backbone.layer3.7.bn3.bias is skipped since its requires_grad=False
08/11 14:43:52 - mmengine - INFO - paramwise_options -- img_backbone.layer3.8.conv1.weight:lr=2e-05
08/11 14:43:52 - mmengine - INFO - paramwise_options -- img_backbone.layer3.8.conv1.weight:weight_decay=0.01
08/11 14:43:52 - mmengine - INFO - paramwise_options -- img_backbone.layer3.8.conv1.weight:lr_mult=0.1
08/11 14:43:52 - mmengine - WARNING - img_backbone.layer3.8.bn1.weight is skipped since its requires_grad=False
08/11 14:43:52 - mmengine - WARNING - img_backbone.layer3.8.bn1.bias is skipped since its requires_grad=False
08/11 14:43:52 - mmengine - INFO - paramwise_options -- img_backbone.layer3.8.conv2.weight:lr=2e-05
08/11 14:43:52 - mmengine - INFO - paramwise_options -- img_backbone.layer3.8.conv2.weight:weight_decay=0.01
08/11 14:43:52 - mmengine - INFO - paramwise_options -- img_backbone.layer3.8.conv2.weight:lr_mult=0.1
08/11 14:43:52 - mmengine - INFO - paramwise_options -- img_backbone.layer3.8.conv2.conv_offset.weight:lr=2e-05
08/11 14:43:52 - mmengine - INFO - paramwise_options -- img_backbone.layer3.8.conv2.conv_offset.weight:weight_decay=0.01
08/11 14:43:52 - mmengine - INFO - paramwise_options -- img_backbone.layer3.8.conv2.conv_offset.weight:lr_mult=0.1
08/11 14:43:52 - mmengine - INFO - paramwise_options -- img_backbone.layer3.8.conv2.conv_offset.bias:lr=2e-05
08/11 14:43:52 - mmengine - INFO - paramwise_options -- img_backbone.layer3.8.conv2.conv_offset.bias:weight_decay=0.01
08/11 14:43:52 - mmengine - INFO - paramwise_options -- img_backbone.layer3.8.conv2.conv_offset.bias:lr_mult=0.1
08/11 14:43:52 - mmengine - WARNING - img_backbone.layer3.8.bn2.weight is skipped since its requires_grad=False
08/11 14:43:52 - mmengine - WARNING - img_backbone.layer3.8.bn2.bias is skipped since its requires_grad=False
08/11 14:43:52 - mmengine - INFO - paramwise_options -- img_backbone.layer3.8.conv3.weight:lr=2e-05
08/11 14:43:52 - mmengine - INFO - paramwise_options -- img_backbone.layer3.8.conv3.weight:weight_decay=0.01
08/11 14:43:52 - mmengine - INFO - paramwise_options -- img_backbone.layer3.8.conv3.weight:lr_mult=0.1
08/11 14:43:52 - mmengine - WARNING - img_backbone.layer3.8.bn3.weight is skipped since its requires_grad=False
08/11 14:43:52 - mmengine - WARNING - img_backbone.layer3.8.bn3.bias is skipped since its requires_grad=False
08/11 14:43:52 - mmengine - INFO - paramwise_options -- img_backbone.layer3.9.conv1.weight:lr=2e-05
08/11 14:43:52 - mmengine - INFO - paramwise_options -- img_backbone.layer3.9.conv1.weight:weight_decay=0.01
08/11 14:43:52 - mmengine - INFO - paramwise_options -- img_backbone.layer3.9.conv1.weight:lr_mult=0.1
08/11 14:43:52 - mmengine - WARNING - img_backbone.layer3.9.bn1.weight is skipped since its requires_grad=False
08/11 14:43:52 - mmengine - WARNING - img_backbone.layer3.9.bn1.bias is skipped since its requires_grad=False
08/11 14:43:52 - mmengine - INFO - paramwise_options -- img_backbone.layer3.9.conv2.weight:lr=2e-05
08/11 14:43:52 - mmengine - INFO - paramwise_options -- img_backbone.layer3.9.conv2.weight:weight_decay=0.01
08/11 14:43:52 - mmengine - INFO - paramwise_options -- img_backbone.layer3.9.conv2.weight:lr_mult=0.1
08/11 14:43:52 - mmengine - INFO - paramwise_options -- img_backbone.layer3.9.conv2.conv_offset.weight:lr=2e-05
08/11 14:43:52 - mmengine - INFO - paramwise_options -- img_backbone.layer3.9.conv2.conv_offset.weight:weight_decay=0.01
08/11 14:43:52 - mmengine - INFO - paramwise_options -- img_backbone.layer3.9.conv2.conv_offset.weight:lr_mult=0.1
08/11 14:43:52 - mmengine - INFO - paramwise_options -- img_backbone.layer3.9.conv2.conv_offset.bias:lr=2e-05
08/11 14:43:52 - mmengine - INFO - paramwise_options -- img_backbone.layer3.9.conv2.conv_offset.bias:weight_decay=0.01
08/11 14:43:52 - mmengine - INFO - paramwise_options -- img_backbone.layer3.9.conv2.conv_offset.bias:lr_mult=0.1
08/11 14:43:52 - mmengine - WARNING - img_backbone.layer3.9.bn2.weight is skipped since its requires_grad=False
08/11 14:43:52 - mmengine - WARNING - img_backbone.layer3.9.bn2.bias is skipped since its requires_grad=False
08/11 14:43:52 - mmengine - INFO - paramwise_options -- img_backbone.layer3.9.conv3.weight:lr=2e-05
08/11 14:43:52 - mmengine - INFO - paramwise_options -- img_backbone.layer3.9.conv3.weight:weight_decay=0.01
08/11 14:43:52 - mmengine - INFO - paramwise_options -- img_backbone.layer3.9.conv3.weight:lr_mult=0.1
08/11 14:43:52 - mmengine - WARNING - img_backbone.layer3.9.bn3.weight is skipped since its requires_grad=False
08/11 14:43:52 - mmengine - WARNING - img_backbone.layer3.9.bn3.bias is skipped since its requires_grad=False
08/11 14:43:52 - mmengine - INFO - paramwise_options -- img_backbone.layer3.10.conv1.weight:lr=2e-05
08/11 14:43:52 - mmengine - INFO - paramwise_options -- img_backbone.layer3.10.conv1.weight:weight_decay=0.01
08/11 14:43:52 - mmengine - INFO - paramwise_options -- img_backbone.layer3.10.conv1.weight:lr_mult=0.1
08/11 14:43:52 - mmengine - WARNING - img_backbone.layer3.10.bn1.weight is skipped since its requires_grad=False
08/11 14:43:52 - mmengine - WARNING - img_backbone.layer3.10.bn1.bias is skipped since its requires_grad=False
08/11 14:43:52 - mmengine - INFO - paramwise_options -- img_backbone.layer3.10.conv2.weight:lr=2e-05
08/11 14:43:52 - mmengine - INFO - paramwise_options -- img_backbone.layer3.10.conv2.weight:weight_decay=0.01
08/11 14:43:52 - mmengine - INFO - paramwise_options -- img_backbone.layer3.10.conv2.weight:lr_mult=0.1
08/11 14:43:52 - mmengine - INFO - paramwise_options -- img_backbone.layer3.10.conv2.conv_offset.weight:lr=2e-05
08/11 14:43:52 - mmengine - INFO - paramwise_options -- img_backbone.layer3.10.conv2.conv_offset.weight:weight_decay=0.01
08/11 14:43:52 - mmengine - INFO - paramwise_options -- img_backbone.layer3.10.conv2.conv_offset.weight:lr_mult=0.1
08/11 14:43:52 - mmengine - INFO - paramwise_options -- img_backbone.layer3.10.conv2.conv_offset.bias:lr=2e-05
08/11 14:43:52 - mmengine - INFO - paramwise_options -- img_backbone.layer3.10.conv2.conv_offset.bias:weight_decay=0.01
08/11 14:43:52 - mmengine - INFO - paramwise_options -- img_backbone.layer3.10.conv2.conv_offset.bias:lr_mult=0.1
08/11 14:43:52 - mmengine - WARNING - img_backbone.layer3.10.bn2.weight is skipped since its requires_grad=False
08/11 14:43:52 - mmengine - WARNING - img_backbone.layer3.10.bn2.bias is skipped since its requires_grad=False
08/11 14:43:52 - mmengine - INFO - paramwise_options -- img_backbone.layer3.10.conv3.weight:lr=2e-05
08/11 14:43:52 - mmengine - INFO - paramwise_options -- img_backbone.layer3.10.conv3.weight:weight_decay=0.01
08/11 14:43:52 - mmengine - INFO - paramwise_options -- img_backbone.layer3.10.conv3.weight:lr_mult=0.1
08/11 14:43:52 - mmengine - WARNING - img_backbone.layer3.10.bn3.weight is skipped since its requires_grad=False
08/11 14:43:52 - mmengine - WARNING - img_backbone.layer3.10.bn3.bias is skipped since its requires_grad=False
08/11 14:43:52 - mmengine - INFO - paramwise_options -- img_backbone.layer3.11.conv1.weight:lr=2e-05
08/11 14:43:52 - mmengine - INFO - paramwise_options -- img_backbone.layer3.11.conv1.weight:weight_decay=0.01
08/11 14:43:52 - mmengine - INFO - paramwise_options -- img_backbone.layer3.11.conv1.weight:lr_mult=0.1
08/11 14:43:52 - mmengine - WARNING - img_backbone.layer3.11.bn1.weight is skipped since its requires_grad=False
08/11 14:43:52 - mmengine - WARNING - img_backbone.layer3.11.bn1.bias is skipped since its requires_grad=False
08/11 14:43:52 - mmengine - INFO - paramwise_options -- img_backbone.layer3.11.conv2.weight:lr=2e-05
08/11 14:43:52 - mmengine - INFO - paramwise_options -- img_backbone.layer3.11.conv2.weight:weight_decay=0.01
08/11 14:43:52 - mmengine - INFO - paramwise_options -- img_backbone.layer3.11.conv2.weight:lr_mult=0.1
08/11 14:43:52 - mmengine - INFO - paramwise_options -- img_backbone.layer3.11.conv2.conv_offset.weight:lr=2e-05
08/11 14:43:52 - mmengine - INFO - paramwise_options -- img_backbone.layer3.11.conv2.conv_offset.weight:weight_decay=0.01
08/11 14:43:52 - mmengine - INFO - paramwise_options -- img_backbone.layer3.11.conv2.conv_offset.weight:lr_mult=0.1
08/11 14:43:52 - mmengine - INFO - paramwise_options -- img_backbone.layer3.11.conv2.conv_offset.bias:lr=2e-05
08/11 14:43:52 - mmengine - INFO - paramwise_options -- img_backbone.layer3.11.conv2.conv_offset.bias:weight_decay=0.01
08/11 14:43:52 - mmengine - INFO - paramwise_options -- img_backbone.layer3.11.conv2.conv_offset.bias:lr_mult=0.1
08/11 14:43:52 - mmengine - WARNING - img_backbone.layer3.11.bn2.weight is skipped since its requires_grad=False
08/11 14:43:52 - mmengine - WARNING - img_backbone.layer3.11.bn2.bias is skipped since its requires_grad=False
08/11 14:43:52 - mmengine - INFO - paramwise_options -- img_backbone.layer3.11.conv3.weight:lr=2e-05
08/11 14:43:52 - mmengine - INFO - paramwise_options -- img_backbone.layer3.11.conv3.weight:weight_decay=0.01
08/11 14:43:52 - mmengine - INFO - paramwise_options -- img_backbone.layer3.11.conv3.weight:lr_mult=0.1
08/11 14:43:52 - mmengine - WARNING - img_backbone.layer3.11.bn3.weight is skipped since its requires_grad=False
08/11 14:43:52 - mmengine - WARNING - img_backbone.layer3.11.bn3.bias is skipped since its requires_grad=False
08/11 14:43:52 - mmengine - INFO - paramwise_options -- img_backbone.layer3.12.conv1.weight:lr=2e-05
08/11 14:43:52 - mmengine - INFO - paramwise_options -- img_backbone.layer3.12.conv1.weight:weight_decay=0.01
08/11 14:43:52 - mmengine - INFO - paramwise_options -- img_backbone.layer3.12.conv1.weight:lr_mult=0.1
08/11 14:43:52 - mmengine - WARNING - img_backbone.layer3.12.bn1.weight is skipped since its requires_grad=False
08/11 14:43:52 - mmengine - WARNING - img_backbone.layer3.12.bn1.bias is skipped since its requires_grad=False
08/11 14:43:52 - mmengine - INFO - paramwise_options -- img_backbone.layer3.12.conv2.weight:lr=2e-05
08/11 14:43:52 - mmengine - INFO - paramwise_options -- img_backbone.layer3.12.conv2.weight:weight_decay=0.01
08/11 14:43:52 - mmengine - INFO - paramwise_options -- img_backbone.layer3.12.conv2.weight:lr_mult=0.1
08/11 14:43:52 - mmengine - INFO - paramwise_options -- img_backbone.layer3.12.conv2.conv_offset.weight:lr=2e-05
08/11 14:43:52 - mmengine - INFO - paramwise_options -- img_backbone.layer3.12.conv2.conv_offset.weight:weight_decay=0.01
08/11 14:43:52 - mmengine - INFO - paramwise_options -- img_backbone.layer3.12.conv2.conv_offset.weight:lr_mult=0.1
08/11 14:43:52 - mmengine - INFO - paramwise_options -- img_backbone.layer3.12.conv2.conv_offset.bias:lr=2e-05
08/11 14:43:52 - mmengine - INFO - paramwise_options -- img_backbone.layer3.12.conv2.conv_offset.bias:weight_decay=0.01
08/11 14:43:52 - mmengine - INFO - paramwise_options -- img_backbone.layer3.12.conv2.conv_offset.bias:lr_mult=0.1
08/11 14:43:52 - mmengine - WARNING - img_backbone.layer3.12.bn2.weight is skipped since its requires_grad=False
08/11 14:43:52 - mmengine - WARNING - img_backbone.layer3.12.bn2.bias is skipped since its requires_grad=False
08/11 14:43:52 - mmengine - INFO - paramwise_options -- img_backbone.layer3.12.conv3.weight:lr=2e-05
08/11 14:43:52 - mmengine - INFO - paramwise_options -- img_backbone.layer3.12.conv3.weight:weight_decay=0.01
08/11 14:43:52 - mmengine - INFO - paramwise_options -- img_backbone.layer3.12.conv3.weight:lr_mult=0.1
08/11 14:43:52 - mmengine - WARNING - img_backbone.layer3.12.bn3.weight is skipped since its requires_grad=False
08/11 14:43:52 - mmengine - WARNING - img_backbone.layer3.12.bn3.bias is skipped since its requires_grad=False
08/11 14:43:52 - mmengine - INFO - paramwise_options -- img_backbone.layer3.13.conv1.weight:lr=2e-05
08/11 14:43:52 - mmengine - INFO - paramwise_options -- img_backbone.layer3.13.conv1.weight:weight_decay=0.01
08/11 14:43:52 - mmengine - INFO - paramwise_options -- img_backbone.layer3.13.conv1.weight:lr_mult=0.1
08/11 14:43:52 - mmengine - WARNING - img_backbone.layer3.13.bn1.weight is skipped since its requires_grad=False
08/11 14:43:52 - mmengine - WARNING - img_backbone.layer3.13.bn1.bias is skipped since its requires_grad=False
08/11 14:43:52 - mmengine - INFO - paramwise_options -- img_backbone.layer3.13.conv2.weight:lr=2e-05
08/11 14:43:52 - mmengine - INFO - paramwise_options -- img_backbone.layer3.13.conv2.weight:weight_decay=0.01
08/11 14:43:52 - mmengine - INFO - paramwise_options -- img_backbone.layer3.13.conv2.weight:lr_mult=0.1
08/11 14:43:52 - mmengine - INFO - paramwise_options -- img_backbone.layer3.13.conv2.conv_offset.weight:lr=2e-05
08/11 14:43:52 - mmengine - INFO - paramwise_options -- img_backbone.layer3.13.conv2.conv_offset.weight:weight_decay=0.01
08/11 14:43:52 - mmengine - INFO - paramwise_options -- img_backbone.layer3.13.conv2.conv_offset.weight:lr_mult=0.1
08/11 14:43:52 - mmengine - INFO - paramwise_options -- img_backbone.layer3.13.conv2.conv_offset.bias:lr=2e-05
08/11 14:43:52 - mmengine - INFO - paramwise_options -- img_backbone.layer3.13.conv2.conv_offset.bias:weight_decay=0.01
08/11 14:43:52 - mmengine - INFO - paramwise_options -- img_backbone.layer3.13.conv2.conv_offset.bias:lr_mult=0.1
08/11 14:43:52 - mmengine - WARNING - img_backbone.layer3.13.bn2.weight is skipped since its requires_grad=False
08/11 14:43:52 - mmengine - WARNING - img_backbone.layer3.13.bn2.bias is skipped since its requires_grad=False
08/11 14:43:52 - mmengine - INFO - paramwise_options -- img_backbone.layer3.13.conv3.weight:lr=2e-05
08/11 14:43:52 - mmengine - INFO - paramwise_options -- img_backbone.layer3.13.conv3.weight:weight_decay=0.01
08/11 14:43:52 - mmengine - INFO - paramwise_options -- img_backbone.layer3.13.conv3.weight:lr_mult=0.1
08/11 14:43:52 - mmengine - WARNING - img_backbone.layer3.13.bn3.weight is skipped since its requires_grad=False
08/11 14:43:52 - mmengine - WARNING - img_backbone.layer3.13.bn3.bias is skipped since its requires_grad=False
08/11 14:43:52 - mmengine - INFO - paramwise_options -- img_backbone.layer3.14.conv1.weight:lr=2e-05
08/11 14:43:52 - mmengine - INFO - paramwise_options -- img_backbone.layer3.14.conv1.weight:weight_decay=0.01
08/11 14:43:52 - mmengine - INFO - paramwise_options -- img_backbone.layer3.14.conv1.weight:lr_mult=0.1
08/11 14:43:52 - mmengine - WARNING - img_backbone.layer3.14.bn1.weight is skipped since its requires_grad=False
08/11 14:43:52 - mmengine - WARNING - img_backbone.layer3.14.bn1.bias is skipped since its requires_grad=False
08/11 14:43:52 - mmengine - INFO - paramwise_options -- img_backbone.layer3.14.conv2.weight:lr=2e-05
08/11 14:43:52 - mmengine - INFO - paramwise_options -- img_backbone.layer3.14.conv2.weight:weight_decay=0.01
08/11 14:43:52 - mmengine - INFO - paramwise_options -- img_backbone.layer3.14.conv2.weight:lr_mult=0.1
08/11 14:43:52 - mmengine - INFO - paramwise_options -- img_backbone.layer3.14.conv2.conv_offset.weight:lr=2e-05
08/11 14:43:52 - mmengine - INFO - paramwise_options -- img_backbone.layer3.14.conv2.conv_offset.weight:weight_decay=0.01
08/11 14:43:52 - mmengine - INFO - paramwise_options -- img_backbone.layer3.14.conv2.conv_offset.weight:lr_mult=0.1
08/11 14:43:52 - mmengine - INFO - paramwise_options -- img_backbone.layer3.14.conv2.conv_offset.bias:lr=2e-05
08/11 14:43:52 - mmengine - INFO - paramwise_options -- img_backbone.layer3.14.conv2.conv_offset.bias:weight_decay=0.01
08/11 14:43:52 - mmengine - INFO - paramwise_options -- img_backbone.layer3.14.conv2.conv_offset.bias:lr_mult=0.1
08/11 14:43:52 - mmengine - WARNING - img_backbone.layer3.14.bn2.weight is skipped since its requires_grad=False
08/11 14:43:52 - mmengine - WARNING - img_backbone.layer3.14.bn2.bias is skipped since its requires_grad=False
08/11 14:43:52 - mmengine - INFO - paramwise_options -- img_backbone.layer3.14.conv3.weight:lr=2e-05
08/11 14:43:52 - mmengine - INFO - paramwise_options -- img_backbone.layer3.14.conv3.weight:weight_decay=0.01
08/11 14:43:52 - mmengine - INFO - paramwise_options -- img_backbone.layer3.14.conv3.weight:lr_mult=0.1
08/11 14:43:52 - mmengine - WARNING - img_backbone.layer3.14.bn3.weight is skipped since its requires_grad=False
08/11 14:43:52 - mmengine - WARNING - img_backbone.layer3.14.bn3.bias is skipped since its requires_grad=False
08/11 14:43:52 - mmengine - INFO - paramwise_options -- img_backbone.layer3.15.conv1.weight:lr=2e-05
08/11 14:43:52 - mmengine - INFO - paramwise_options -- img_backbone.layer3.15.conv1.weight:weight_decay=0.01
08/11 14:43:52 - mmengine - INFO - paramwise_options -- img_backbone.layer3.15.conv1.weight:lr_mult=0.1
08/11 14:43:52 - mmengine - WARNING - img_backbone.layer3.15.bn1.weight is skipped since its requires_grad=False
08/11 14:43:52 - mmengine - WARNING - img_backbone.layer3.15.bn1.bias is skipped since its requires_grad=False
08/11 14:43:52 - mmengine - INFO - paramwise_options -- img_backbone.layer3.15.conv2.weight:lr=2e-05
08/11 14:43:52 - mmengine - INFO - paramwise_options -- img_backbone.layer3.15.conv2.weight:weight_decay=0.01
08/11 14:43:52 - mmengine - INFO - paramwise_options -- img_backbone.layer3.15.conv2.weight:lr_mult=0.1
08/11 14:43:52 - mmengine - INFO - paramwise_options -- img_backbone.layer3.15.conv2.conv_offset.weight:lr=2e-05
08/11 14:43:52 - mmengine - INFO - paramwise_options -- img_backbone.layer3.15.conv2.conv_offset.weight:weight_decay=0.01
08/11 14:43:52 - mmengine - INFO - paramwise_options -- img_backbone.layer3.15.conv2.conv_offset.weight:lr_mult=0.1
08/11 14:43:52 - mmengine - INFO - paramwise_options -- img_backbone.layer3.15.conv2.conv_offset.bias:lr=2e-05
08/11 14:43:52 - mmengine - INFO - paramwise_options -- img_backbone.layer3.15.conv2.conv_offset.bias:weight_decay=0.01
08/11 14:43:52 - mmengine - INFO - paramwise_options -- img_backbone.layer3.15.conv2.conv_offset.bias:lr_mult=0.1
08/11 14:43:52 - mmengine - WARNING - img_backbone.layer3.15.bn2.weight is skipped since its requires_grad=False
08/11 14:43:52 - mmengine - WARNING - img_backbone.layer3.15.bn2.bias is skipped since its requires_grad=False
08/11 14:43:52 - mmengine - INFO - paramwise_options -- img_backbone.layer3.15.conv3.weight:lr=2e-05
08/11 14:43:52 - mmengine - INFO - paramwise_options -- img_backbone.layer3.15.conv3.weight:weight_decay=0.01
08/11 14:43:52 - mmengine - INFO - paramwise_options -- img_backbone.layer3.15.conv3.weight:lr_mult=0.1
08/11 14:43:52 - mmengine - WARNING - img_backbone.layer3.15.bn3.weight is skipped since its requires_grad=False
08/11 14:43:52 - mmengine - WARNING - img_backbone.layer3.15.bn3.bias is skipped since its requires_grad=False
08/11 14:43:52 - mmengine - INFO - paramwise_options -- img_backbone.layer3.16.conv1.weight:lr=2e-05
08/11 14:43:52 - mmengine - INFO - paramwise_options -- img_backbone.layer3.16.conv1.weight:weight_decay=0.01
08/11 14:43:52 - mmengine - INFO - paramwise_options -- img_backbone.layer3.16.conv1.weight:lr_mult=0.1
08/11 14:43:52 - mmengine - WARNING - img_backbone.layer3.16.bn1.weight is skipped since its requires_grad=False
08/11 14:43:52 - mmengine - WARNING - img_backbone.layer3.16.bn1.bias is skipped since its requires_grad=False
08/11 14:43:52 - mmengine - INFO - paramwise_options -- img_backbone.layer3.16.conv2.weight:lr=2e-05
08/11 14:43:52 - mmengine - INFO - paramwise_options -- img_backbone.layer3.16.conv2.weight:weight_decay=0.01
08/11 14:43:52 - mmengine - INFO - paramwise_options -- img_backbone.layer3.16.conv2.weight:lr_mult=0.1
08/11 14:43:52 - mmengine - INFO - paramwise_options -- img_backbone.layer3.16.conv2.conv_offset.weight:lr=2e-05
08/11 14:43:52 - mmengine - INFO - paramwise_options -- img_backbone.layer3.16.conv2.conv_offset.weight:weight_decay=0.01
08/11 14:43:52 - mmengine - INFO - paramwise_options -- img_backbone.layer3.16.conv2.conv_offset.weight:lr_mult=0.1
08/11 14:43:52 - mmengine - INFO - paramwise_options -- img_backbone.layer3.16.conv2.conv_offset.bias:lr=2e-05
08/11 14:43:52 - mmengine - INFO - paramwise_options -- img_backbone.layer3.16.conv2.conv_offset.bias:weight_decay=0.01
08/11 14:43:52 - mmengine - INFO - paramwise_options -- img_backbone.layer3.16.conv2.conv_offset.bias:lr_mult=0.1
08/11 14:43:52 - mmengine - WARNING - img_backbone.layer3.16.bn2.weight is skipped since its requires_grad=False
08/11 14:43:52 - mmengine - WARNING - img_backbone.layer3.16.bn2.bias is skipped since its requires_grad=False
08/11 14:43:52 - mmengine - INFO - paramwise_options -- img_backbone.layer3.16.conv3.weight:lr=2e-05
08/11 14:43:52 - mmengine - INFO - paramwise_options -- img_backbone.layer3.16.conv3.weight:weight_decay=0.01
08/11 14:43:52 - mmengine - INFO - paramwise_options -- img_backbone.layer3.16.conv3.weight:lr_mult=0.1
08/11 14:43:52 - mmengine - WARNING - img_backbone.layer3.16.bn3.weight is skipped since its requires_grad=False
08/11 14:43:52 - mmengine - WARNING - img_backbone.layer3.16.bn3.bias is skipped since its requires_grad=False
08/11 14:43:52 - mmengine - INFO - paramwise_options -- img_backbone.layer3.17.conv1.weight:lr=2e-05
08/11 14:43:52 - mmengine - INFO - paramwise_options -- img_backbone.layer3.17.conv1.weight:weight_decay=0.01
08/11 14:43:52 - mmengine - INFO - paramwise_options -- img_backbone.layer3.17.conv1.weight:lr_mult=0.1
08/11 14:43:52 - mmengine - WARNING - img_backbone.layer3.17.bn1.weight is skipped since its requires_grad=False
08/11 14:43:52 - mmengine - WARNING - img_backbone.layer3.17.bn1.bias is skipped since its requires_grad=False
08/11 14:43:52 - mmengine - INFO - paramwise_options -- img_backbone.layer3.17.conv2.weight:lr=2e-05
08/11 14:43:52 - mmengine - INFO - paramwise_options -- img_backbone.layer3.17.conv2.weight:weight_decay=0.01
08/11 14:43:52 - mmengine - INFO - paramwise_options -- img_backbone.layer3.17.conv2.weight:lr_mult=0.1
08/11 14:43:52 - mmengine - INFO - paramwise_options -- img_backbone.layer3.17.conv2.conv_offset.weight:lr=2e-05
08/11 14:43:52 - mmengine - INFO - paramwise_options -- img_backbone.layer3.17.conv2.conv_offset.weight:weight_decay=0.01
08/11 14:43:52 - mmengine - INFO - paramwise_options -- img_backbone.layer3.17.conv2.conv_offset.weight:lr_mult=0.1
08/11 14:43:52 - mmengine - INFO - paramwise_options -- img_backbone.layer3.17.conv2.conv_offset.bias:lr=2e-05
08/11 14:43:52 - mmengine - INFO - paramwise_options -- img_backbone.layer3.17.conv2.conv_offset.bias:weight_decay=0.01
08/11 14:43:52 - mmengine - INFO - paramwise_options -- img_backbone.layer3.17.conv2.conv_offset.bias:lr_mult=0.1
08/11 14:43:52 - mmengine - WARNING - img_backbone.layer3.17.bn2.weight is skipped since its requires_grad=False
08/11 14:43:52 - mmengine - WARNING - img_backbone.layer3.17.bn2.bias is skipped since its requires_grad=False
08/11 14:43:52 - mmengine - INFO - paramwise_options -- img_backbone.layer3.17.conv3.weight:lr=2e-05
08/11 14:43:52 - mmengine - INFO - paramwise_options -- img_backbone.layer3.17.conv3.weight:weight_decay=0.01
08/11 14:43:52 - mmengine - INFO - paramwise_options -- img_backbone.layer3.17.conv3.weight:lr_mult=0.1
08/11 14:43:52 - mmengine - WARNING - img_backbone.layer3.17.bn3.weight is skipped since its requires_grad=False
08/11 14:43:52 - mmengine - WARNING - img_backbone.layer3.17.bn3.bias is skipped since its requires_grad=False
08/11 14:43:52 - mmengine - INFO - paramwise_options -- img_backbone.layer3.18.conv1.weight:lr=2e-05
08/11 14:43:52 - mmengine - INFO - paramwise_options -- img_backbone.layer3.18.conv1.weight:weight_decay=0.01
08/11 14:43:52 - mmengine - INFO - paramwise_options -- img_backbone.layer3.18.conv1.weight:lr_mult=0.1
08/11 14:43:52 - mmengine - WARNING - img_backbone.layer3.18.bn1.weight is skipped since its requires_grad=False
08/11 14:43:52 - mmengine - WARNING - img_backbone.layer3.18.bn1.bias is skipped since its requires_grad=False
08/11 14:43:52 - mmengine - INFO - paramwise_options -- img_backbone.layer3.18.conv2.weight:lr=2e-05
08/11 14:43:52 - mmengine - INFO - paramwise_options -- img_backbone.layer3.18.conv2.weight:weight_decay=0.01
08/11 14:43:52 - mmengine - INFO - paramwise_options -- img_backbone.layer3.18.conv2.weight:lr_mult=0.1
08/11 14:43:52 - mmengine - INFO - paramwise_options -- img_backbone.layer3.18.conv2.conv_offset.weight:lr=2e-05
08/11 14:43:52 - mmengine - INFO - paramwise_options -- img_backbone.layer3.18.conv2.conv_offset.weight:weight_decay=0.01
08/11 14:43:52 - mmengine - INFO - paramwise_options -- img_backbone.layer3.18.conv2.conv_offset.weight:lr_mult=0.1
08/11 14:43:52 - mmengine - INFO - paramwise_options -- img_backbone.layer3.18.conv2.conv_offset.bias:lr=2e-05
08/11 14:43:52 - mmengine - INFO - paramwise_options -- img_backbone.layer3.18.conv2.conv_offset.bias:weight_decay=0.01
08/11 14:43:52 - mmengine - INFO - paramwise_options -- img_backbone.layer3.18.conv2.conv_offset.bias:lr_mult=0.1
08/11 14:43:52 - mmengine - WARNING - img_backbone.layer3.18.bn2.weight is skipped since its requires_grad=False
08/11 14:43:52 - mmengine - WARNING - img_backbone.layer3.18.bn2.bias is skipped since its requires_grad=False
08/11 14:43:52 - mmengine - INFO - paramwise_options -- img_backbone.layer3.18.conv3.weight:lr=2e-05
08/11 14:43:52 - mmengine - INFO - paramwise_options -- img_backbone.layer3.18.conv3.weight:weight_decay=0.01
08/11 14:43:52 - mmengine - INFO - paramwise_options -- img_backbone.layer3.18.conv3.weight:lr_mult=0.1
08/11 14:43:52 - mmengine - WARNING - img_backbone.layer3.18.bn3.weight is skipped since its requires_grad=False
08/11 14:43:52 - mmengine - WARNING - img_backbone.layer3.18.bn3.bias is skipped since its requires_grad=False
08/11 14:43:52 - mmengine - INFO - paramwise_options -- img_backbone.layer3.19.conv1.weight:lr=2e-05
08/11 14:43:52 - mmengine - INFO - paramwise_options -- img_backbone.layer3.19.conv1.weight:weight_decay=0.01
08/11 14:43:52 - mmengine - INFO - paramwise_options -- img_backbone.layer3.19.conv1.weight:lr_mult=0.1
08/11 14:43:52 - mmengine - WARNING - img_backbone.layer3.19.bn1.weight is skipped since its requires_grad=False
08/11 14:43:52 - mmengine - WARNING - img_backbone.layer3.19.bn1.bias is skipped since its requires_grad=False
08/11 14:43:52 - mmengine - INFO - paramwise_options -- img_backbone.layer3.19.conv2.weight:lr=2e-05
08/11 14:43:52 - mmengine - INFO - paramwise_options -- img_backbone.layer3.19.conv2.weight:weight_decay=0.01
08/11 14:43:52 - mmengine - INFO - paramwise_options -- img_backbone.layer3.19.conv2.weight:lr_mult=0.1
08/11 14:43:52 - mmengine - INFO - paramwise_options -- img_backbone.layer3.19.conv2.conv_offset.weight:lr=2e-05
08/11 14:43:52 - mmengine - INFO - paramwise_options -- img_backbone.layer3.19.conv2.conv_offset.weight:weight_decay=0.01
08/11 14:43:52 - mmengine - INFO - paramwise_options -- img_backbone.layer3.19.conv2.conv_offset.weight:lr_mult=0.1
08/11 14:43:52 - mmengine - INFO - paramwise_options -- img_backbone.layer3.19.conv2.conv_offset.bias:lr=2e-05
08/11 14:43:52 - mmengine - INFO - paramwise_options -- img_backbone.layer3.19.conv2.conv_offset.bias:weight_decay=0.01
08/11 14:43:52 - mmengine - INFO - paramwise_options -- img_backbone.layer3.19.conv2.conv_offset.bias:lr_mult=0.1
08/11 14:43:52 - mmengine - WARNING - img_backbone.layer3.19.bn2.weight is skipped since its requires_grad=False
08/11 14:43:52 - mmengine - WARNING - img_backbone.layer3.19.bn2.bias is skipped since its requires_grad=False
08/11 14:43:52 - mmengine - INFO - paramwise_options -- img_backbone.layer3.19.conv3.weight:lr=2e-05
08/11 14:43:52 - mmengine - INFO - paramwise_options -- img_backbone.layer3.19.conv3.weight:weight_decay=0.01
08/11 14:43:52 - mmengine - INFO - paramwise_options -- img_backbone.layer3.19.conv3.weight:lr_mult=0.1
08/11 14:43:52 - mmengine - WARNING - img_backbone.layer3.19.bn3.weight is skipped since its requires_grad=False
08/11 14:43:52 - mmengine - WARNING - img_backbone.layer3.19.bn3.bias is skipped since its requires_grad=False
08/11 14:43:52 - mmengine - INFO - paramwise_options -- img_backbone.layer3.20.conv1.weight:lr=2e-05
08/11 14:43:52 - mmengine - INFO - paramwise_options -- img_backbone.layer3.20.conv1.weight:weight_decay=0.01
08/11 14:43:52 - mmengine - INFO - paramwise_options -- img_backbone.layer3.20.conv1.weight:lr_mult=0.1
08/11 14:43:52 - mmengine - WARNING - img_backbone.layer3.20.bn1.weight is skipped since its requires_grad=False
08/11 14:43:52 - mmengine - WARNING - img_backbone.layer3.20.bn1.bias is skipped since its requires_grad=False
08/11 14:43:52 - mmengine - INFO - paramwise_options -- img_backbone.layer3.20.conv2.weight:lr=2e-05
08/11 14:43:52 - mmengine - INFO - paramwise_options -- img_backbone.layer3.20.conv2.weight:weight_decay=0.01
08/11 14:43:52 - mmengine - INFO - paramwise_options -- img_backbone.layer3.20.conv2.weight:lr_mult=0.1
08/11 14:43:52 - mmengine - INFO - paramwise_options -- img_backbone.layer3.20.conv2.conv_offset.weight:lr=2e-05
08/11 14:43:52 - mmengine - INFO - paramwise_options -- img_backbone.layer3.20.conv2.conv_offset.weight:weight_decay=0.01
08/11 14:43:52 - mmengine - INFO - paramwise_options -- img_backbone.layer3.20.conv2.conv_offset.weight:lr_mult=0.1
08/11 14:43:52 - mmengine - INFO - paramwise_options -- img_backbone.layer3.20.conv2.conv_offset.bias:lr=2e-05
08/11 14:43:52 - mmengine - INFO - paramwise_options -- img_backbone.layer3.20.conv2.conv_offset.bias:weight_decay=0.01
08/11 14:43:52 - mmengine - INFO - paramwise_options -- img_backbone.layer3.20.conv2.conv_offset.bias:lr_mult=0.1
08/11 14:43:52 - mmengine - WARNING - img_backbone.layer3.20.bn2.weight is skipped since its requires_grad=False
08/11 14:43:52 - mmengine - WARNING - img_backbone.layer3.20.bn2.bias is skipped since its requires_grad=False
08/11 14:43:52 - mmengine - INFO - paramwise_options -- img_backbone.layer3.20.conv3.weight:lr=2e-05
08/11 14:43:52 - mmengine - INFO - paramwise_options -- img_backbone.layer3.20.conv3.weight:weight_decay=0.01
08/11 14:43:52 - mmengine - INFO - paramwise_options -- img_backbone.layer3.20.conv3.weight:lr_mult=0.1
08/11 14:43:52 - mmengine - WARNING - img_backbone.layer3.20.bn3.weight is skipped since its requires_grad=False
08/11 14:43:52 - mmengine - WARNING - img_backbone.layer3.20.bn3.bias is skipped since its requires_grad=False
08/11 14:43:52 - mmengine - INFO - paramwise_options -- img_backbone.layer3.21.conv1.weight:lr=2e-05
08/11 14:43:52 - mmengine - INFO - paramwise_options -- img_backbone.layer3.21.conv1.weight:weight_decay=0.01
08/11 14:43:52 - mmengine - INFO - paramwise_options -- img_backbone.layer3.21.conv1.weight:lr_mult=0.1
08/11 14:43:52 - mmengine - WARNING - img_backbone.layer3.21.bn1.weight is skipped since its requires_grad=False
08/11 14:43:52 - mmengine - WARNING - img_backbone.layer3.21.bn1.bias is skipped since its requires_grad=False
08/11 14:43:52 - mmengine - INFO - paramwise_options -- img_backbone.layer3.21.conv2.weight:lr=2e-05
08/11 14:43:52 - mmengine - INFO - paramwise_options -- img_backbone.layer3.21.conv2.weight:weight_decay=0.01
08/11 14:43:52 - mmengine - INFO - paramwise_options -- img_backbone.layer3.21.conv2.weight:lr_mult=0.1
08/11 14:43:52 - mmengine - INFO - paramwise_options -- img_backbone.layer3.21.conv2.conv_offset.weight:lr=2e-05
08/11 14:43:52 - mmengine - INFO - paramwise_options -- img_backbone.layer3.21.conv2.conv_offset.weight:weight_decay=0.01
08/11 14:43:52 - mmengine - INFO - paramwise_options -- img_backbone.layer3.21.conv2.conv_offset.weight:lr_mult=0.1
08/11 14:43:52 - mmengine - INFO - paramwise_options -- img_backbone.layer3.21.conv2.conv_offset.bias:lr=2e-05
08/11 14:43:52 - mmengine - INFO - paramwise_options -- img_backbone.layer3.21.conv2.conv_offset.bias:weight_decay=0.01
08/11 14:43:52 - mmengine - INFO - paramwise_options -- img_backbone.layer3.21.conv2.conv_offset.bias:lr_mult=0.1
08/11 14:43:52 - mmengine - WARNING - img_backbone.layer3.21.bn2.weight is skipped since its requires_grad=False
08/11 14:43:52 - mmengine - WARNING - img_backbone.layer3.21.bn2.bias is skipped since its requires_grad=False
08/11 14:43:52 - mmengine - INFO - paramwise_options -- img_backbone.layer3.21.conv3.weight:lr=2e-05
08/11 14:43:52 - mmengine - INFO - paramwise_options -- img_backbone.layer3.21.conv3.weight:weight_decay=0.01
08/11 14:43:52 - mmengine - INFO - paramwise_options -- img_backbone.layer3.21.conv3.weight:lr_mult=0.1
08/11 14:43:52 - mmengine - WARNING - img_backbone.layer3.21.bn3.weight is skipped since its requires_grad=False
08/11 14:43:52 - mmengine - WARNING - img_backbone.layer3.21.bn3.bias is skipped since its requires_grad=False
08/11 14:43:52 - mmengine - INFO - paramwise_options -- img_backbone.layer3.22.conv1.weight:lr=2e-05
08/11 14:43:52 - mmengine - INFO - paramwise_options -- img_backbone.layer3.22.conv1.weight:weight_decay=0.01
08/11 14:43:52 - mmengine - INFO - paramwise_options -- img_backbone.layer3.22.conv1.weight:lr_mult=0.1
08/11 14:43:52 - mmengine - WARNING - img_backbone.layer3.22.bn1.weight is skipped since its requires_grad=False
08/11 14:43:52 - mmengine - WARNING - img_backbone.layer3.22.bn1.bias is skipped since its requires_grad=False
08/11 14:43:52 - mmengine - INFO - paramwise_options -- img_backbone.layer3.22.conv2.weight:lr=2e-05
08/11 14:43:52 - mmengine - INFO - paramwise_options -- img_backbone.layer3.22.conv2.weight:weight_decay=0.01
08/11 14:43:52 - mmengine - INFO - paramwise_options -- img_backbone.layer3.22.conv2.weight:lr_mult=0.1
08/11 14:43:52 - mmengine - INFO - paramwise_options -- img_backbone.layer3.22.conv2.conv_offset.weight:lr=2e-05
08/11 14:43:52 - mmengine - INFO - paramwise_options -- img_backbone.layer3.22.conv2.conv_offset.weight:weight_decay=0.01
08/11 14:43:52 - mmengine - INFO - paramwise_options -- img_backbone.layer3.22.conv2.conv_offset.weight:lr_mult=0.1
08/11 14:43:52 - mmengine - INFO - paramwise_options -- img_backbone.layer3.22.conv2.conv_offset.bias:lr=2e-05
08/11 14:43:52 - mmengine - INFO - paramwise_options -- img_backbone.layer3.22.conv2.conv_offset.bias:weight_decay=0.01
08/11 14:43:52 - mmengine - INFO - paramwise_options -- img_backbone.layer3.22.conv2.conv_offset.bias:lr_mult=0.1
08/11 14:43:52 - mmengine - WARNING - img_backbone.layer3.22.bn2.weight is skipped since its requires_grad=False
08/11 14:43:52 - mmengine - WARNING - img_backbone.layer3.22.bn2.bias is skipped since its requires_grad=False
08/11 14:43:52 - mmengine - INFO - paramwise_options -- img_backbone.layer3.22.conv3.weight:lr=2e-05
08/11 14:43:52 - mmengine - INFO - paramwise_options -- img_backbone.layer3.22.conv3.weight:weight_decay=0.01
08/11 14:43:52 - mmengine - INFO - paramwise_options -- img_backbone.layer3.22.conv3.weight:lr_mult=0.1
08/11 14:43:52 - mmengine - WARNING - img_backbone.layer3.22.bn3.weight is skipped since its requires_grad=False
08/11 14:43:52 - mmengine - WARNING - img_backbone.layer3.22.bn3.bias is skipped since its requires_grad=False
08/11 14:43:52 - mmengine - INFO - paramwise_options -- img_backbone.layer4.0.conv1.weight:lr=2e-05
08/11 14:43:52 - mmengine - INFO - paramwise_options -- img_backbone.layer4.0.conv1.weight:weight_decay=0.01
08/11 14:43:52 - mmengine - INFO - paramwise_options -- img_backbone.layer4.0.conv1.weight:lr_mult=0.1
08/11 14:43:52 - mmengine - WARNING - img_backbone.layer4.0.bn1.weight is skipped since its requires_grad=False
08/11 14:43:52 - mmengine - WARNING - img_backbone.layer4.0.bn1.bias is skipped since its requires_grad=False
08/11 14:43:52 - mmengine - INFO - paramwise_options -- img_backbone.layer4.0.conv2.weight:lr=2e-05
08/11 14:43:52 - mmengine - INFO - paramwise_options -- img_backbone.layer4.0.conv2.weight:weight_decay=0.01
08/11 14:43:52 - mmengine - INFO - paramwise_options -- img_backbone.layer4.0.conv2.weight:lr_mult=0.1
08/11 14:43:52 - mmengine - INFO - paramwise_options -- img_backbone.layer4.0.conv2.conv_offset.weight:lr=2e-05
08/11 14:43:52 - mmengine - INFO - paramwise_options -- img_backbone.layer4.0.conv2.conv_offset.weight:weight_decay=0.01
08/11 14:43:52 - mmengine - INFO - paramwise_options -- img_backbone.layer4.0.conv2.conv_offset.weight:lr_mult=0.1
08/11 14:43:52 - mmengine - INFO - paramwise_options -- img_backbone.layer4.0.conv2.conv_offset.bias:lr=2e-05
08/11 14:43:52 - mmengine - INFO - paramwise_options -- img_backbone.layer4.0.conv2.conv_offset.bias:weight_decay=0.01
08/11 14:43:52 - mmengine - INFO - paramwise_options -- img_backbone.layer4.0.conv2.conv_offset.bias:lr_mult=0.1
08/11 14:43:52 - mmengine - WARNING - img_backbone.layer4.0.bn2.weight is skipped since its requires_grad=False
08/11 14:43:52 - mmengine - WARNING - img_backbone.layer4.0.bn2.bias is skipped since its requires_grad=False
08/11 14:43:52 - mmengine - INFO - paramwise_options -- img_backbone.layer4.0.conv3.weight:lr=2e-05
08/11 14:43:52 - mmengine - INFO - paramwise_options -- img_backbone.layer4.0.conv3.weight:weight_decay=0.01
08/11 14:43:52 - mmengine - INFO - paramwise_options -- img_backbone.layer4.0.conv3.weight:lr_mult=0.1
08/11 14:43:52 - mmengine - WARNING - img_backbone.layer4.0.bn3.weight is skipped since its requires_grad=False
08/11 14:43:52 - mmengine - WARNING - img_backbone.layer4.0.bn3.bias is skipped since its requires_grad=False
08/11 14:43:52 - mmengine - INFO - paramwise_options -- img_backbone.layer4.0.downsample.0.weight:lr=2e-05
08/11 14:43:52 - mmengine - INFO - paramwise_options -- img_backbone.layer4.0.downsample.0.weight:weight_decay=0.01
08/11 14:43:52 - mmengine - INFO - paramwise_options -- img_backbone.layer4.0.downsample.0.weight:lr_mult=0.1
08/11 14:43:52 - mmengine - WARNING - img_backbone.layer4.0.downsample.1.weight is skipped since its requires_grad=False
08/11 14:43:52 - mmengine - WARNING - img_backbone.layer4.0.downsample.1.bias is skipped since its requires_grad=False
08/11 14:43:52 - mmengine - INFO - paramwise_options -- img_backbone.layer4.1.conv1.weight:lr=2e-05
08/11 14:43:52 - mmengine - INFO - paramwise_options -- img_backbone.layer4.1.conv1.weight:weight_decay=0.01
08/11 14:43:52 - mmengine - INFO - paramwise_options -- img_backbone.layer4.1.conv1.weight:lr_mult=0.1
08/11 14:43:52 - mmengine - WARNING - img_backbone.layer4.1.bn1.weight is skipped since its requires_grad=False
08/11 14:43:52 - mmengine - WARNING - img_backbone.layer4.1.bn1.bias is skipped since its requires_grad=False
08/11 14:43:52 - mmengine - INFO - paramwise_options -- img_backbone.layer4.1.conv2.weight:lr=2e-05
08/11 14:43:52 - mmengine - INFO - paramwise_options -- img_backbone.layer4.1.conv2.weight:weight_decay=0.01
08/11 14:43:52 - mmengine - INFO - paramwise_options -- img_backbone.layer4.1.conv2.weight:lr_mult=0.1
08/11 14:43:52 - mmengine - INFO - paramwise_options -- img_backbone.layer4.1.conv2.conv_offset.weight:lr=2e-05
08/11 14:43:52 - mmengine - INFO - paramwise_options -- img_backbone.layer4.1.conv2.conv_offset.weight:weight_decay=0.01
08/11 14:43:52 - mmengine - INFO - paramwise_options -- img_backbone.layer4.1.conv2.conv_offset.weight:lr_mult=0.1
08/11 14:43:52 - mmengine - INFO - paramwise_options -- img_backbone.layer4.1.conv2.conv_offset.bias:lr=2e-05
08/11 14:43:52 - mmengine - INFO - paramwise_options -- img_backbone.layer4.1.conv2.conv_offset.bias:weight_decay=0.01
08/11 14:43:52 - mmengine - INFO - paramwise_options -- img_backbone.layer4.1.conv2.conv_offset.bias:lr_mult=0.1
08/11 14:43:52 - mmengine - WARNING - img_backbone.layer4.1.bn2.weight is skipped since its requires_grad=False
08/11 14:43:52 - mmengine - WARNING - img_backbone.layer4.1.bn2.bias is skipped since its requires_grad=False
08/11 14:43:52 - mmengine - INFO - paramwise_options -- img_backbone.layer4.1.conv3.weight:lr=2e-05
08/11 14:43:52 - mmengine - INFO - paramwise_options -- img_backbone.layer4.1.conv3.weight:weight_decay=0.01
08/11 14:43:52 - mmengine - INFO - paramwise_options -- img_backbone.layer4.1.conv3.weight:lr_mult=0.1
08/11 14:43:52 - mmengine - WARNING - img_backbone.layer4.1.bn3.weight is skipped since its requires_grad=False
08/11 14:43:52 - mmengine - WARNING - img_backbone.layer4.1.bn3.bias is skipped since its requires_grad=False
08/11 14:43:52 - mmengine - INFO - paramwise_options -- img_backbone.layer4.2.conv1.weight:lr=2e-05
08/11 14:43:52 - mmengine - INFO - paramwise_options -- img_backbone.layer4.2.conv1.weight:weight_decay=0.01
08/11 14:43:52 - mmengine - INFO - paramwise_options -- img_backbone.layer4.2.conv1.weight:lr_mult=0.1
08/11 14:43:52 - mmengine - WARNING - img_backbone.layer4.2.bn1.weight is skipped since its requires_grad=False
08/11 14:43:52 - mmengine - WARNING - img_backbone.layer4.2.bn1.bias is skipped since its requires_grad=False
08/11 14:43:52 - mmengine - INFO - paramwise_options -- img_backbone.layer4.2.conv2.weight:lr=2e-05
08/11 14:43:52 - mmengine - INFO - paramwise_options -- img_backbone.layer4.2.conv2.weight:weight_decay=0.01
08/11 14:43:52 - mmengine - INFO - paramwise_options -- img_backbone.layer4.2.conv2.weight:lr_mult=0.1
08/11 14:43:52 - mmengine - INFO - paramwise_options -- img_backbone.layer4.2.conv2.conv_offset.weight:lr=2e-05
08/11 14:43:52 - mmengine - INFO - paramwise_options -- img_backbone.layer4.2.conv2.conv_offset.weight:weight_decay=0.01
08/11 14:43:52 - mmengine - INFO - paramwise_options -- img_backbone.layer4.2.conv2.conv_offset.weight:lr_mult=0.1
08/11 14:43:52 - mmengine - INFO - paramwise_options -- img_backbone.layer4.2.conv2.conv_offset.bias:lr=2e-05
08/11 14:43:52 - mmengine - INFO - paramwise_options -- img_backbone.layer4.2.conv2.conv_offset.bias:weight_decay=0.01
08/11 14:43:52 - mmengine - INFO - paramwise_options -- img_backbone.layer4.2.conv2.conv_offset.bias:lr_mult=0.1
08/11 14:43:52 - mmengine - WARNING - img_backbone.layer4.2.bn2.weight is skipped since its requires_grad=False
08/11 14:43:52 - mmengine - WARNING - img_backbone.layer4.2.bn2.bias is skipped since its requires_grad=False
08/11 14:43:52 - mmengine - INFO - paramwise_options -- img_backbone.layer4.2.conv3.weight:lr=2e-05
08/11 14:43:52 - mmengine - INFO - paramwise_options -- img_backbone.layer4.2.conv3.weight:weight_decay=0.01
08/11 14:43:52 - mmengine - INFO - paramwise_options -- img_backbone.layer4.2.conv3.weight:lr_mult=0.1
08/11 14:43:52 - mmengine - WARNING - img_backbone.layer4.2.bn3.weight is skipped since its requires_grad=False
08/11 14:43:52 - mmengine - WARNING - img_backbone.layer4.2.bn3.bias is skipped since its requires_grad=False
08/11 14:43:52 - mmengine - WARNING - map_decoder.pts_bbox_head.code_weights is skipped since its requires_grad=False
08/11 14:43:52 - mmengine - WARNING - map_decoder.pts_bbox_head.map_adapter_layers.0.0.weight is skipped since its requires_grad=False
08/11 14:43:52 - mmengine - WARNING - map_decoder.pts_bbox_head.map_adapter_layers.0.0.bias is skipped since its requires_grad=False
08/11 14:43:52 - mmengine - WARNING - map_decoder.pts_bbox_head.map_adapter_layers.0.1.weight is skipped since its requires_grad=False
08/11 14:43:52 - mmengine - WARNING - map_decoder.pts_bbox_head.map_adapter_layers.0.1.bias is skipped since its requires_grad=False
08/11 14:43:52 - mmengine - WARNING - map_decoder.pts_bbox_head.map_adapter_layers.1.weight is skipped since its requires_grad=False
08/11 14:43:52 - mmengine - WARNING - map_decoder.pts_bbox_head.map_adapter_layers.1.bias is skipped since its requires_grad=False
08/11 14:43:52 - mmengine - WARNING - map_decoder.pts_bbox_head.cls_branches.0.weight is skipped since its requires_grad=False
08/11 14:43:52 - mmengine - WARNING - map_decoder.pts_bbox_head.cls_branches.0.bias is skipped since its requires_grad=False
08/11 14:43:52 - mmengine - WARNING - map_decoder.pts_bbox_head.cls_branches.1.weight is skipped since its requires_grad=False
08/11 14:43:52 - mmengine - WARNING - map_decoder.pts_bbox_head.cls_branches.1.bias is skipped since its requires_grad=False
08/11 14:43:52 - mmengine - WARNING - map_decoder.pts_bbox_head.cls_branches.3.weight is skipped since its requires_grad=False
08/11 14:43:52 - mmengine - WARNING - map_decoder.pts_bbox_head.cls_branches.3.bias is skipped since its requires_grad=False
08/11 14:43:52 - mmengine - WARNING - map_decoder.pts_bbox_head.cls_branches.4.weight is skipped since its requires_grad=False
08/11 14:43:52 - mmengine - WARNING - map_decoder.pts_bbox_head.cls_branches.4.bias is skipped since its requires_grad=False
08/11 14:43:52 - mmengine - WARNING - map_decoder.pts_bbox_head.cls_branches.6.weight is skipped since its requires_grad=False
08/11 14:43:52 - mmengine - WARNING - map_decoder.pts_bbox_head.cls_branches.6.bias is skipped since its requires_grad=False
08/11 14:43:52 - mmengine - WARNING - map_decoder.pts_bbox_head.reg_branches.0.weight is skipped since its requires_grad=False
08/11 14:43:52 - mmengine - WARNING - map_decoder.pts_bbox_head.reg_branches.0.bias is skipped since its requires_grad=False
08/11 14:43:52 - mmengine - WARNING - map_decoder.pts_bbox_head.reg_branches.2.weight is skipped since its requires_grad=False
08/11 14:43:52 - mmengine - WARNING - map_decoder.pts_bbox_head.reg_branches.2.bias is skipped since its requires_grad=False
08/11 14:43:52 - mmengine - WARNING - map_decoder.pts_bbox_head.reg_branches.4.weight is skipped since its requires_grad=False
08/11 14:43:52 - mmengine - WARNING - map_decoder.pts_bbox_head.reg_branches.4.bias is skipped since its requires_grad=False
08/11 14:43:52 - mmengine - WARNING - map_decoder.pts_bbox_head.reg_branches.6.weight is skipped since its requires_grad=False
08/11 14:43:52 - mmengine - WARNING - map_decoder.pts_bbox_head.reg_branches.6.bias is skipped since its requires_grad=False
08/11 14:43:52 - mmengine - WARNING - planner_head.ego_query.weight is skipped since its requires_grad=False
08/11 14:43:52 - mmengine - WARNING - planner_head.ego_agent_decoder.layers.0.attentions.0.attn.in_proj_weight is skipped since its requires_grad=False
08/11 14:43:52 - mmengine - WARNING - planner_head.ego_agent_decoder.layers.0.attentions.0.attn.in_proj_bias is skipped since its requires_grad=False
08/11 14:43:52 - mmengine - WARNING - planner_head.ego_agent_decoder.layers.0.attentions.0.attn.out_proj.weight is skipped since its requires_grad=False
08/11 14:43:52 - mmengine - WARNING - planner_head.ego_agent_decoder.layers.0.attentions.0.attn.out_proj.bias is skipped since its requires_grad=False
08/11 14:43:52 - mmengine - WARNING - planner_head.ego_agent_decoder.layers.0.ffns.0.layers.0.0.weight is skipped since its requires_grad=False
08/11 14:43:52 - mmengine - WARNING - planner_head.ego_agent_decoder.layers.0.ffns.0.layers.0.0.bias is skipped since its requires_grad=False
08/11 14:43:52 - mmengine - WARNING - planner_head.ego_agent_decoder.layers.0.ffns.0.layers.1.weight is skipped since its requires_grad=False
08/11 14:43:52 - mmengine - WARNING - planner_head.ego_agent_decoder.layers.0.ffns.0.layers.1.bias is skipped since its requires_grad=False
08/11 14:43:52 - mmengine - WARNING - planner_head.ego_agent_decoder.layers.0.norms.0.weight is skipped since its requires_grad=False
08/11 14:43:52 - mmengine - WARNING - planner_head.ego_agent_decoder.layers.0.norms.0.bias is skipped since its requires_grad=False
08/11 14:43:52 - mmengine - WARNING - planner_head.ego_agent_decoder.layers.0.norms.1.weight is skipped since its requires_grad=False
08/11 14:43:52 - mmengine - WARNING - planner_head.ego_agent_decoder.layers.0.norms.1.bias is skipped since its requires_grad=False
08/11 14:43:52 - mmengine - WARNING - planner_head.ego_map_decoder.layers.0.attentions.0.attn.in_proj_weight is skipped since its requires_grad=False
08/11 14:43:52 - mmengine - WARNING - planner_head.ego_map_decoder.layers.0.attentions.0.attn.in_proj_bias is skipped since its requires_grad=False
08/11 14:43:52 - mmengine - WARNING - planner_head.ego_map_decoder.layers.0.attentions.0.attn.out_proj.weight is skipped since its requires_grad=False
08/11 14:43:52 - mmengine - WARNING - planner_head.ego_map_decoder.layers.0.attentions.0.attn.out_proj.bias is skipped since its requires_grad=False
08/11 14:43:52 - mmengine - WARNING - planner_head.ego_map_decoder.layers.0.ffns.0.layers.0.0.weight is skipped since its requires_grad=False
08/11 14:43:52 - mmengine - WARNING - planner_head.ego_map_decoder.layers.0.ffns.0.layers.0.0.bias is skipped since its requires_grad=False
08/11 14:43:52 - mmengine - WARNING - planner_head.ego_map_decoder.layers.0.ffns.0.layers.1.weight is skipped since its requires_grad=False
08/11 14:43:52 - mmengine - WARNING - planner_head.ego_map_decoder.layers.0.ffns.0.layers.1.bias is skipped since its requires_grad=False
08/11 14:43:52 - mmengine - WARNING - planner_head.ego_map_decoder.layers.0.norms.0.weight is skipped since its requires_grad=False
08/11 14:43:52 - mmengine - WARNING - planner_head.ego_map_decoder.layers.0.norms.0.bias is skipped since its requires_grad=False
08/11 14:43:52 - mmengine - WARNING - planner_head.ego_map_decoder.layers.0.norms.1.weight is skipped since its requires_grad=False
08/11 14:43:52 - mmengine - WARNING - planner_head.ego_map_decoder.layers.0.norms.1.bias is skipped since its requires_grad=False
08/11 14:43:52 - mmengine - WARNING - planner_head.ego_gaussian_decoder.layers.0.attentions.0.attn.in_proj_weight is skipped since its requires_grad=False
08/11 14:43:52 - mmengine - WARNING - planner_head.ego_gaussian_decoder.layers.0.attentions.0.attn.in_proj_bias is skipped since its requires_grad=False
08/11 14:43:52 - mmengine - WARNING - planner_head.ego_gaussian_decoder.layers.0.attentions.0.attn.out_proj.weight is skipped since its requires_grad=False
08/11 14:43:52 - mmengine - WARNING - planner_head.ego_gaussian_decoder.layers.0.attentions.0.attn.out_proj.bias is skipped since its requires_grad=False
08/11 14:43:52 - mmengine - WARNING - planner_head.ego_gaussian_decoder.layers.0.ffns.0.layers.0.0.weight is skipped since its requires_grad=False
08/11 14:43:52 - mmengine - WARNING - planner_head.ego_gaussian_decoder.layers.0.ffns.0.layers.0.0.bias is skipped since its requires_grad=False
08/11 14:43:52 - mmengine - WARNING - planner_head.ego_gaussian_decoder.layers.0.ffns.0.layers.1.weight is skipped since its requires_grad=False
08/11 14:43:52 - mmengine - WARNING - planner_head.ego_gaussian_decoder.layers.0.ffns.0.layers.1.bias is skipped since its requires_grad=False
08/11 14:43:52 - mmengine - WARNING - planner_head.ego_gaussian_decoder.layers.0.norms.0.weight is skipped since its requires_grad=False
08/11 14:43:52 - mmengine - WARNING - planner_head.ego_gaussian_decoder.layers.0.norms.0.bias is skipped since its requires_grad=False
08/11 14:43:52 - mmengine - WARNING - planner_head.ego_gaussian_decoder.layers.0.norms.1.weight is skipped since its requires_grad=False
08/11 14:43:52 - mmengine - WARNING - planner_head.ego_gaussian_decoder.layers.0.norms.1.bias is skipped since its requires_grad=False
08/11 14:43:52 - mmengine - WARNING - planner_head.ego_fut_decoder.0.weight is skipped since its requires_grad=False
08/11 14:43:52 - mmengine - WARNING - planner_head.ego_fut_decoder.0.bias is skipped since its requires_grad=False
08/11 14:43:52 - mmengine - WARNING - planner_head.ego_fut_decoder.2.weight is skipped since its requires_grad=False
08/11 14:43:52 - mmengine - WARNING - planner_head.ego_fut_decoder.2.bias is skipped since its requires_grad=False
08/11 14:43:52 - mmengine - WARNING - planner_head.ego_fut_decoder.4.weight is skipped since its requires_grad=False
08/11 14:43:52 - mmengine - WARNING - planner_head.ego_fut_decoder.4.bias is skipped since its requires_grad=False
08/11 14:43:52 - mmengine - WARNING - planner_head.agent_fus_mlp.0.weight is skipped since its requires_grad=False
08/11 14:43:52 - mmengine - WARNING - planner_head.agent_fus_mlp.0.bias is skipped since its requires_grad=False
08/11 14:43:52 - mmengine - WARNING - planner_head.agent_fus_mlp.1.weight is skipped since its requires_grad=False
08/11 14:43:52 - mmengine - WARNING - planner_head.agent_fus_mlp.1.bias is skipped since its requires_grad=False
08/11 14:43:52 - mmengine - WARNING - planner_head.agent_fus_mlp.3.weight is skipped since its requires_grad=False
08/11 14:43:52 - mmengine - WARNING - planner_head.agent_fus_mlp.3.bias is skipped since its requires_grad=False
08/11 14:43:52 - mmengine - WARNING - planner_head.map_fus_mlp.0.weight is skipped since its requires_grad=False
08/11 14:43:52 - mmengine - WARNING - planner_head.map_fus_mlp.0.bias is skipped since its requires_grad=False
08/11 14:43:52 - mmengine - WARNING - planner_head.map_fus_mlp.1.weight is skipped since its requires_grad=False
08/11 14:43:52 - mmengine - WARNING - planner_head.map_fus_mlp.1.bias is skipped since its requires_grad=False
08/11 14:43:52 - mmengine - WARNING - planner_head.map_fus_mlp.3.weight is skipped since its requires_grad=False
08/11 14:43:52 - mmengine - WARNING - planner_head.map_fus_mlp.3.bias is skipped since its requires_grad=False
08/11 14:43:52 - mmengine - WARNING - planner_head.gaussian_fus_mlp.0.weight is skipped since its requires_grad=False
08/11 14:43:52 - mmengine - WARNING - planner_head.gaussian_fus_mlp.0.bias is skipped since its requires_grad=False
08/11 14:43:52 - mmengine - WARNING - planner_head.gaussian_fus_mlp.1.weight is skipped since its requires_grad=False
08/11 14:43:52 - mmengine - WARNING - planner_head.gaussian_fus_mlp.1.bias is skipped since its requires_grad=False
08/11 14:43:52 - mmengine - WARNING - planner_head.gaussian_fus_mlp.3.weight is skipped since its requires_grad=False
08/11 14:43:52 - mmengine - WARNING - planner_head.gaussian_fus_mlp.3.bias is skipped since its requires_grad=False
tensor([1.0155, 1.0690, 1.3001, 1.0725, 0.9464, 1.1009, 1.2696, 1.0626, 1.1890,
        1.0622, 1.0060, 0.8571, 1.0392, 0.9087, 0.8936, 0.8549, 0.8528, 0.5000])
tensor([1.0155, 1.0690, 1.3001, 1.0725, 0.9464, 1.1009, 1.2696, 1.0626, 1.1890,
        1.0622, 1.0060, 0.8571, 1.0392, 0.9087, 0.8936, 0.8549, 0.8528, 0.5000])
08/11 14:43:52 - mmengine - INFO - resume from: /data/chenz/GaussianAD/out/nuscenes_gs25600_v3_se3/latest.pth
08/11 14:43:52 - mmengine - INFO - work dir: /data/chenz/GaussianAD/out/nuscenes_gs25600_v3_se3
tensor([1.0155, 1.0690, 1.3001, 1.0725, 0.9464, 1.1009, 1.2696, 1.0626, 1.1890,
        1.0622, 1.0060, 0.8571, 1.0392, 0.9087, 0.8936, 0.8549, 0.8528, 0.5000])
tensor([1.0155, 1.0690, 1.3001, 1.0725, 0.9464, 1.1009, 1.2696, 1.0626, 1.1890,
        1.0622, 1.0060, 0.8571, 1.0392, 0.9087, 0.8936, 0.8549, 0.8528, 0.5000])
tensor([1.0155, 1.0690, 1.3001, 1.0725, 0.9464, 1.1009, 1.2696, 1.0626, 1.1890,
        1.0622, 1.0060, 0.8571, 1.0392, 0.9087, 0.8936, 0.8549, 0.8528, 0.5000])
tensor([1.0155, 1.0690, 1.3001, 1.0725, 0.9464, 1.1009, 1.2696, 1.0626, 1.1890,
        1.0622, 1.0060, 0.8571, 1.0392, 0.9087, 0.8936, 0.8549, 0.8528, 0.5000])
tensor([1.0155, 1.0690, 1.3001, 1.0725, 0.9464, 1.1009, 1.2696, 1.0626, 1.1890,
        1.0622, 1.0060, 0.8571, 1.0392, 0.9087, 0.8936, 0.8549, 0.8528, 0.5000])
tensor([1.0155, 1.0690, 1.3001, 1.0725, 0.9464, 1.1009, 1.2696, 1.0626, 1.1890,
        1.0622, 1.0060, 0.8571, 1.0392, 0.9087, 0.8936, 0.8549, 0.8528, 0.5000])
08/11 14:45:34 - mmengine - INFO - ModulatedDeformConvPack img_backbone.layer3.0.conv2 is upgraded to version 2.
08/11 14:45:34 - mmengine - INFO - ModulatedDeformConvPack img_backbone.layer3.1.conv2 is upgraded to version 2.
08/11 14:45:34 - mmengine - INFO - ModulatedDeformConvPack img_backbone.layer3.2.conv2 is upgraded to version 2.
08/11 14:45:34 - mmengine - INFO - ModulatedDeformConvPack img_backbone.layer3.3.conv2 is upgraded to version 2.
08/11 14:45:34 - mmengine - INFO - ModulatedDeformConvPack img_backbone.layer3.4.conv2 is upgraded to version 2.
08/11 14:45:34 - mmengine - INFO - ModulatedDeformConvPack img_backbone.layer3.5.conv2 is upgraded to version 2.
08/11 14:45:34 - mmengine - INFO - ModulatedDeformConvPack img_backbone.layer3.6.conv2 is upgraded to version 2.
08/11 14:45:34 - mmengine - INFO - ModulatedDeformConvPack img_backbone.layer3.7.conv2 is upgraded to version 2.
08/11 14:45:34 - mmengine - INFO - ModulatedDeformConvPack img_backbone.layer3.8.conv2 is upgraded to version 2.
08/11 14:45:34 - mmengine - INFO - ModulatedDeformConvPack img_backbone.layer3.9.conv2 is upgraded to version 2.
08/11 14:45:34 - mmengine - INFO - ModulatedDeformConvPack img_backbone.layer3.10.conv2 is upgraded to version 2.
08/11 14:45:34 - mmengine - INFO - ModulatedDeformConvPack img_backbone.layer3.11.conv2 is upgraded to version 2.
08/11 14:45:34 - mmengine - INFO - ModulatedDeformConvPack img_backbone.layer3.12.conv2 is upgraded to version 2.
08/11 14:45:34 - mmengine - INFO - ModulatedDeformConvPack img_backbone.layer3.13.conv2 is upgraded to version 2.
08/11 14:45:34 - mmengine - INFO - ModulatedDeformConvPack img_backbone.layer3.14.conv2 is upgraded to version 2.
08/11 14:45:34 - mmengine - INFO - ModulatedDeformConvPack img_backbone.layer3.15.conv2 is upgraded to version 2.
08/11 14:45:34 - mmengine - INFO - ModulatedDeformConvPack img_backbone.layer3.16.conv2 is upgraded to version 2.
08/11 14:45:34 - mmengine - INFO - ModulatedDeformConvPack img_backbone.layer3.17.conv2 is upgraded to version 2.
08/11 14:45:34 - mmengine - INFO - ModulatedDeformConvPack img_backbone.layer3.18.conv2 is upgraded to version 2.
08/11 14:45:34 - mmengine - INFO - ModulatedDeformConvPack img_backbone.layer3.19.conv2 is upgraded to version 2.
08/11 14:45:34 - mmengine - INFO - ModulatedDeformConvPack img_backbone.layer3.20.conv2 is upgraded to version 2.
08/11 14:45:34 - mmengine - INFO - ModulatedDeformConvPack img_backbone.layer3.21.conv2 is upgraded to version 2.
08/11 14:45:34 - mmengine - INFO - ModulatedDeformConvPack img_backbone.layer3.22.conv2 is upgraded to version 2.
08/11 14:45:34 - mmengine - INFO - ModulatedDeformConvPack img_backbone.layer4.0.conv2 is upgraded to version 2.
08/11 14:45:34 - mmengine - INFO - ModulatedDeformConvPack img_backbone.layer4.1.conv2 is upgraded to version 2.
08/11 14:45:34 - mmengine - INFO - ModulatedDeformConvPack img_backbone.layer4.2.conv2 is upgraded to version 2.
<All keys matched successfully>
<All keys matched successfully>
<All keys matched successfully>
<All keys matched successfully>
successfully resumed from epoch 4
successfully resumed from epoch 4
successfully resumed from epoch 4
successfully resumed from epoch 4
[DynamicLoss Diag] iter=1 | gt_box=True | gaussians=25583 dyn_gt=0 (0.00%) | pred_dyn_ratio=0.02% | loss=0.0135
[PhysicsLoss Diag] iter=1 | gt_box=True static=25583 dyn=0 | offset_rms=0.0000 offset_dyn_rms=0.0000 turn_deg=0.00 | loss_static=0.0000 loss_smooth=0.0000 loss_rigid=0.0000 loss_vel=0.0000 loss_traj=0.0000 total=0.0000
08/11 14:46:04 - mmengine - INFO - [TRAIN] Epoch 4 Iter     0/750: Loss: 16.410 (16.410), grad_norm: 55.562, lr: 0.0000200, time: 18.771 (3.561)
08/11 14:46:04 - mmengine - INFO - OccupancyLoss: 6.76225, OccupancyFlowLoss: 5.63313, DetectionLoss: 4.00092, DynamicLoss: 0.01350, PhysicsLoss: 0.00000
08/11 14:50:51 - mmengine - INFO - [TRAIN] Epoch 4 Iter    50/750: Loss: 21.355 (19.889), grad_norm: 81.920, lr: 0.0000200, time: 5.887 (0.008)
08/11 14:50:51 - mmengine - INFO - OccupancyLoss: 5.99638, OccupancyFlowLoss: 6.89234, DetectionLoss: 5.99449, DynamicLoss: 0.04588, PhysicsLoss: 2.42562
08/11 14:55:38 - mmengine - INFO - [TRAIN] Epoch 4 Iter   100/750: Loss: 14.249 (18.219), grad_norm: 34.158, lr: 0.0000200, time: 5.480 (0.008)
08/11 14:55:38 - mmengine - INFO - OccupancyLoss: 6.61317, OccupancyFlowLoss: 4.23682, DetectionLoss: 3.17421, DynamicLoss: 0.00372, PhysicsLoss: 0.22128
08/11 15:00:23 - mmengine - INFO - [TRAIN] Epoch 4 Iter   150/750: Loss: 15.038 (19.844), grad_norm: 24.739, lr: 0.0000200, time: 5.710 (0.008)
08/11 15:00:23 - mmengine - INFO - OccupancyLoss: 8.53350, OccupancyFlowLoss: 4.33986, DetectionLoss: 2.15556, DynamicLoss: 0.00909, PhysicsLoss: 0.00000
08/11 15:05:08 - mmengine - INFO - [TRAIN] Epoch 4 Iter   200/750: Loss: 15.654 (20.305), grad_norm: 116.785, lr: 0.0000200, time: 5.626 (0.008)
08/11 15:05:08 - mmengine - INFO - OccupancyLoss: 6.23975, OccupancyFlowLoss: 5.67843, DetectionLoss: 3.06928, DynamicLoss: 0.04176, PhysicsLoss: 0.62441
08/11 15:09:55 - mmengine - INFO - [TRAIN] Epoch 4 Iter   250/750: Loss: 19.007 (19.341), grad_norm: 27.290, lr: 0.0000200, time: 5.755 (0.008)
08/11 15:09:55 - mmengine - INFO - OccupancyLoss: 6.09313, OccupancyFlowLoss: 5.84364, DetectionLoss: 6.27975, DynamicLoss: 0.03020, PhysicsLoss: 0.75998
08/11 15:14:40 - mmengine - INFO - [TRAIN] Epoch 4 Iter   300/750: Loss: 21.387 (18.412), grad_norm: 43.678, lr: 0.0000200, time: 5.999 (0.008)
08/11 15:14:40 - mmengine - INFO - OccupancyLoss: 6.97039, OccupancyFlowLoss: 6.49047, DetectionLoss: 3.46503, DynamicLoss: 0.04085, PhysicsLoss: 4.41990
08/11 15:19:26 - mmengine - INFO - [TRAIN] Epoch 4 Iter   350/750: Loss: 25.795 (19.893), grad_norm: 81.152, lr: 0.0000200, time: 6.006 (0.008)
08/11 15:19:26 - mmengine - INFO - OccupancyLoss: 6.80960, OccupancyFlowLoss: 6.78681, DetectionLoss: 9.87432, DynamicLoss: 0.05888, PhysicsLoss: 2.26580
08/11 15:24:11 - mmengine - INFO - [TRAIN] Epoch 4 Iter   400/750: Loss: 24.021 (18.618), grad_norm: 77.679, lr: 0.0000200, time: 5.676 (0.008)
08/11 15:24:11 - mmengine - INFO - OccupancyLoss: 7.47602, OccupancyFlowLoss: 5.43776, DetectionLoss: 8.70726, DynamicLoss: 0.07811, PhysicsLoss: 2.32149
08/11 15:28:56 - mmengine - INFO - [TRAIN] Epoch 4 Iter   450/750: Loss: 20.222 (17.941), grad_norm: 40.791, lr: 0.0000200, time: 5.699 (0.008)
08/11 15:28:56 - mmengine - INFO - OccupancyLoss: 6.78414, OccupancyFlowLoss: 8.16079, DetectionLoss: 3.83013, DynamicLoss: 0.04052, PhysicsLoss: 1.40611
[DynamicLoss Diag] iter=501 | gt_box=True | gaussians=25591 dyn_gt=0 (0.00%) | pred_dyn_ratio=0.32% | loss=0.0083
[PhysicsLoss Diag] iter=501 | gt_box=True static=25591 dyn=0 | offset_rms=0.0000 offset_dyn_rms=0.0000 turn_deg=0.00 | loss_static=0.0000 loss_smooth=0.0000 loss_rigid=0.0000 loss_vel=0.0000 loss_traj=0.0000 total=0.0000
08/11 15:33:42 - mmengine - INFO - [TRAIN] Epoch 4 Iter   500/750: Loss: 20.681 (19.257), grad_norm: 32.335, lr: 0.0000200, time: 5.674 (0.008)
08/11 15:33:42 - mmengine - INFO - OccupancyLoss: 10.20031, OccupancyFlowLoss: 7.60506, DetectionLoss: 2.86697, DynamicLoss: 0.00826, PhysicsLoss: 0.00000
08/11 15:38:27 - mmengine - INFO - [TRAIN] Epoch 4 Iter   550/750: Loss: 22.590 (17.630), grad_norm: 71.209, lr: 0.0000200, time: 5.826 (0.008)
08/11 15:38:27 - mmengine - INFO - OccupancyLoss: 8.28959, OccupancyFlowLoss: 6.18386, DetectionLoss: 8.07842, DynamicLoss: 0.00825, PhysicsLoss: 0.02948
08/11 15:43:15 - mmengine - INFO - [TRAIN] Epoch 4 Iter   600/750: Loss: 18.552 (19.048), grad_norm: 41.140, lr: 0.0000200, time: 5.581 (0.008)
08/11 15:43:15 - mmengine - INFO - OccupancyLoss: 8.17538, OccupancyFlowLoss: 5.28686, DetectionLoss: 4.69892, DynamicLoss: 0.02784, PhysicsLoss: 0.36327
08/11 15:48:00 - mmengine - INFO - [TRAIN] Epoch 4 Iter   650/750: Loss: 11.407 (18.712), grad_norm: 82.705, lr: 0.0000200, time: 5.645 (0.008)
08/11 15:48:00 - mmengine - INFO - OccupancyLoss: 4.17884, OccupancyFlowLoss: 2.96377, DetectionLoss: 4.16334, DynamicLoss: 0.03488, PhysicsLoss: 0.06651
08/11 15:52:45 - mmengine - INFO - [TRAIN] Epoch 4 Iter   700/750: Loss: 31.857 (18.633), grad_norm: 46.463, lr: 0.0000200, time: 5.651 (0.008)
08/11 15:52:45 - mmengine - INFO - OccupancyLoss: 5.64478, OccupancyFlowLoss: 5.62057, DetectionLoss: 8.68102, DynamicLoss: 0.04826, PhysicsLoss: 11.86254
08/11 15:57:42 - mmengine - INFO - [EVAL] Epoch 5 Iter     0: Loss: 19.865 (19.865)
08/11 15:57:42 - mmengine - INFO - OccupancyLoss: 5.36882, OccupancyFlowLoss: 4.98383, DetectionLoss: 4.95787, DynamicLoss: 0.06251, PhysicsLoss: 4.49244
08/11 15:58:43 - mmengine - INFO - [EVAL] Epoch 5 Iter    50: Loss: 16.248 (18.958)
08/11 15:58:43 - mmengine - INFO - OccupancyLoss: 4.97151, OccupancyFlowLoss: 3.71742, DetectionLoss: 4.95522, DynamicLoss: 0.05865, PhysicsLoss: 2.54507
08/11 15:59:43 - mmengine - INFO - [EVAL] Epoch 5 Iter   100: Loss: 19.131 (18.719)
08/11 15:59:43 - mmengine - INFO - OccupancyLoss: 6.19467, OccupancyFlowLoss: 5.60664, DetectionLoss: 4.02733, DynamicLoss: 0.01543, PhysicsLoss: 3.28699
08/11 16:00:42 - mmengine - INFO - [EVAL] Epoch 5 Iter   150: Loss: 7.032 (19.140)
08/11 16:00:42 - mmengine - INFO - OccupancyLoss: 5.69908, OccupancyFlowLoss: 1.12287, DetectionLoss: 0.20978, DynamicLoss: 0.00073, PhysicsLoss: 0.00000
08/11 16:01:43 - mmengine - INFO - [EVAL] Epoch 5 Iter   200: Loss: 14.496 (19.290)
08/11 16:01:43 - mmengine - INFO - OccupancyLoss: 7.49902, OccupancyFlowLoss: 2.73873, DetectionLoss: 3.49995, DynamicLoss: 0.02948, PhysicsLoss: 0.72911
[DynamicLoss Diag] iter=1001 | gt_box=True | gaussians=25594 dyn_gt=71 (0.28%) | pred_dyn_ratio=1.88% | loss=0.1064
[PhysicsLoss Diag] iter=1001 | gt_box=True static=25523 dyn=71 | offset_rms=0.0233 offset_dyn_rms=6.5491 turn_deg=0.34 | loss_static=0.0226 loss_smooth=0.0000 loss_rigid=0.0018 loss_vel=0.0000 loss_traj=1.4065 total=1.4309
08/11 16:02:44 - mmengine - INFO - [EVAL] Epoch 5 Iter   250: Loss: 20.845 (19.259)
08/11 16:02:44 - mmengine - INFO - OccupancyLoss: 7.32018, OccupancyFlowLoss: 5.61330, DetectionLoss: 6.37427, DynamicLoss: 0.10635, PhysicsLoss: 1.43091
08/11 16:03:43 - mmengine - INFO - [EVAL] Epoch 5 Iter   300: Loss: 20.565 (19.093)
08/11 16:03:43 - mmengine - INFO - OccupancyLoss: 7.54487, OccupancyFlowLoss: 6.53593, DetectionLoss: 5.51416, DynamicLoss: 0.02191, PhysicsLoss: 0.94792
08/11 16:04:44 - mmengine - INFO - [EVAL] Epoch 5 Iter   350: Loss: 12.592 (19.163)
08/11 16:04:44 - mmengine - INFO - OccupancyLoss: 5.27959, OccupancyFlowLoss: 1.92958, DetectionLoss: 4.89906, DynamicLoss: 0.03399, PhysicsLoss: 0.44929
08/11 16:05:43 - mmengine - INFO - [EVAL] Epoch 5 Iter   400: Loss: 15.180 (18.997)
08/11 16:05:43 - mmengine - INFO - OccupancyLoss: 6.81635, OccupancyFlowLoss: 0.86946, DetectionLoss: 7.45130, DynamicLoss: 0.03952, PhysicsLoss: 0.00336
08/11 16:06:44 - mmengine - INFO - [EVAL] Epoch 5 Iter   450: Loss: 31.778 (19.100)
08/11 16:06:44 - mmengine - INFO - OccupancyLoss: 7.24829, OccupancyFlowLoss: 7.39404, DetectionLoss: 12.47530, DynamicLoss: 0.15436, PhysicsLoss: 4.50570
08/11 16:07:43 - mmengine - INFO - Validation per class iou none:
08/11 16:07:43 - mmengine - INFO - barrier : 10.60%, 0.34, 0.13
08/11 16:07:43 - mmengine - INFO - bicycle : 0.00%, 0.00, 0.00
08/11 16:07:43 - mmengine - INFO - bus : 15.64%, 0.23, 0.33
08/11 16:07:43 - mmengine - INFO - car : 30.82%, 0.49, 0.46
08/11 16:07:43 - mmengine - INFO - construction_vehicle : 0.02%, 0.06, 0.00
08/11 16:07:43 - mmengine - INFO - motorcycle : 0.00%, 0.00, 0.00
08/11 16:07:43 - mmengine - INFO - pedestrian : 0.94%, 0.17, 0.01
08/11 16:07:43 - mmengine - INFO - traffic_cone : 0.00%, 0.00, 0.00
08/11 16:07:43 - mmengine - INFO - trailer : 1.68%, 0.30, 0.02
08/11 16:07:43 - mmengine - INFO - truck : 13.02%, 0.34, 0.17
08/11 16:07:43 - mmengine - INFO - driveable_surface : 42.18%, 0.62, 0.57
08/11 16:07:43 - mmengine - INFO - other_flat : 11.14%, 0.33, 0.14
08/11 16:07:43 - mmengine - INFO - sidewalk : 19.99%, 0.30, 0.37
08/11 16:07:43 - mmengine - INFO - terrain : 19.18%, 0.39, 0.27
08/11 16:07:43 - mmengine - INFO - manmade : 3.92%, 0.30, 0.04
08/11 16:07:43 - mmengine - INFO - vegetation : 15.87%, 0.39, 0.21
08/11 16:07:43 - mmengine - INFO - tensor([  213109,    14566,   204192,  1435223,   106632,    22025,   206833,
           42653,   134799,   555406,  7051599,   345594,  2482869,  3418334,
         7852446,  8317553, 32659904], device='cuda:0', dtype=torch.int32)
08/11 16:07:43 - mmengine - INFO - tensor([   28367,        0,    67554,   655063,       18,        0,     2031,
               0,     2356,    96147,  4033073,    50018,   928201,   934115,
          338156,  1768453, 11606521], device='cuda:0', dtype=torch.int32)
08/11 16:07:43 - mmengine - INFO - tensor([   82996,        0,   295373,  1345399,      327,        0,    12022,
               3,     7953,   279254,  6542787,   153602,  3087692,  2386537,
         1109651,  4593238, 19896834], device='cuda:0', dtype=torch.int32)
08/11 16:07:43 - mmengine - INFO - mIoU: 11.561412632727297, iou2: 28.34300422668457
08/11 16:07:43 - mmengine - INFO - Current val loss is 19.171
08/11 16:08:02 - mmengine - INFO - [TRAIN] Epoch 5 Iter     0/750: Loss: 13.576 (13.576), grad_norm: 44.544, lr: 0.0000200, time: 8.829 (3.090)
08/11 16:08:02 - mmengine - INFO - OccupancyLoss: 4.46960, OccupancyFlowLoss: 4.34829, DetectionLoss: 2.00109, DynamicLoss: 0.02362, PhysicsLoss: 2.73378
08/11 16:12:48 - mmengine - INFO - [TRAIN] Epoch 5 Iter    50/750: Loss: 13.031 (17.248), grad_norm: 40.854, lr: 0.0000200, time: 6.196 (0.008)
08/11 16:12:48 - mmengine - INFO - OccupancyLoss: 5.88242, OccupancyFlowLoss: 3.64833, DetectionLoss: 3.04991, DynamicLoss: 0.01064, PhysicsLoss: 0.43984
08/11 16:17:31 - mmengine - INFO - [TRAIN] Epoch 5 Iter   100/750: Loss: 22.899 (18.826), grad_norm: 46.225, lr: 0.0000200, time: 5.804 (0.008)
08/11 16:17:31 - mmengine - INFO - OccupancyLoss: 7.21097, OccupancyFlowLoss: 6.81207, DetectionLoss: 8.46315, DynamicLoss: 0.03064, PhysicsLoss: 0.38204
08/11 16:22:17 - mmengine - INFO - [TRAIN] Epoch 5 Iter   150/750: Loss: 11.504 (18.420), grad_norm: 27.289, lr: 0.0000200, time: 5.564 (0.008)
08/11 16:22:17 - mmengine - INFO - OccupancyLoss: 5.16094, OccupancyFlowLoss: 4.67719, DetectionLoss: 1.66228, DynamicLoss: 0.00404, PhysicsLoss: 0.00000
08/11 16:27:02 - mmengine - INFO - [TRAIN] Epoch 5 Iter   200/750: Loss: 14.391 (19.360), grad_norm: 52.884, lr: 0.0000200, time: 5.628 (0.008)
08/11 16:27:02 - mmengine - INFO - OccupancyLoss: 6.59491, OccupancyFlowLoss: 4.64726, DetectionLoss: 3.05798, DynamicLoss: 0.02148, PhysicsLoss: 0.06928
[DynamicLoss Diag] iter=1501 | gt_box=True | gaussians=25593 dyn_gt=25 (0.10%) | pred_dyn_ratio=0.07% | loss=0.0099
[PhysicsLoss Diag] iter=1501 | gt_box=True static=25568 dyn=25 | offset_rms=0.0226 offset_dyn_rms=13.7854 turn_deg=0.55 | loss_static=0.0778 loss_smooth=0.0000 loss_rigid=0.0026 loss_vel=0.0000 loss_traj=1.3005 total=1.3810
08/11 16:31:49 - mmengine - INFO - [TRAIN] Epoch 5 Iter   250/750: Loss: 12.772 (17.348), grad_norm: 70.998, lr: 0.0000200, time: 5.673 (0.008)
08/11 16:31:49 - mmengine - INFO - OccupancyLoss: 5.68254, OccupancyFlowLoss: 4.43725, DetectionLoss: 1.26134, DynamicLoss: 0.00993, PhysicsLoss: 1.38096
08/11 16:36:34 - mmengine - INFO - [TRAIN] Epoch 5 Iter   300/750: Loss: 21.433 (19.023), grad_norm: 46.181, lr: 0.0000200, time: 5.697 (0.008)
08/11 16:36:34 - mmengine - INFO - OccupancyLoss: 5.49204, OccupancyFlowLoss: 7.75322, DetectionLoss: 7.03083, DynamicLoss: 0.02057, PhysicsLoss: 1.13608
08/11 16:41:19 - mmengine - INFO - [TRAIN] Epoch 5 Iter   350/750: Loss: 12.712 (18.705), grad_norm: 72.565, lr: 0.0000200, time: 5.566 (0.008)
08/11 16:41:19 - mmengine - INFO - OccupancyLoss: 3.80308, OccupancyFlowLoss: 3.90564, DetectionLoss: 2.78748, DynamicLoss: 0.01500, PhysicsLoss: 2.20099
08/11 16:46:06 - mmengine - INFO - [TRAIN] Epoch 5 Iter   400/750: Loss: 17.290 (17.839), grad_norm: 78.350, lr: 0.0000200, time: 6.216 (0.008)
08/11 16:46:06 - mmengine - INFO - OccupancyLoss: 5.17563, OccupancyFlowLoss: 4.71310, DetectionLoss: 6.38360, DynamicLoss: 0.07454, PhysicsLoss: 0.94265
08/11 16:51:13 - mmengine - INFO - [TRAIN] Epoch 5 Iter   450/750: Loss: 11.360 (19.340), grad_norm: 39.354, lr: 0.0000200, time: 5.597 (0.008)
08/11 16:51:13 - mmengine - INFO - OccupancyLoss: 4.13245, OccupancyFlowLoss: 1.25398, DetectionLoss: 5.95882, DynamicLoss: 0.01182, PhysicsLoss: 0.00283
08/11 16:55:57 - mmengine - INFO - [TRAIN] Epoch 5 Iter   500/750: Loss: 18.071 (18.348), grad_norm: 49.060, lr: 0.0000200, time: 5.764 (0.008)
08/11 16:55:57 - mmengine - INFO - OccupancyLoss: 5.79434, OccupancyFlowLoss: 5.71167, DetectionLoss: 3.38374, DynamicLoss: 0.02231, PhysicsLoss: 3.15869
08/11 17:00:42 - mmengine - INFO - [TRAIN] Epoch 5 Iter   550/750: Loss: 19.785 (17.199), grad_norm: 93.621, lr: 0.0000200, time: 6.032 (0.008)
08/11 17:00:42 - mmengine - INFO - OccupancyLoss: 6.48869, OccupancyFlowLoss: 4.93032, DetectionLoss: 1.84891, DynamicLoss: 0.01574, PhysicsLoss: 6.50112
08/11 17:05:26 - mmengine - INFO - [TRAIN] Epoch 5 Iter   600/750: Loss: 16.206 (17.494), grad_norm: 43.850, lr: 0.0000200, time: 5.779 (0.008)
08/11 17:05:26 - mmengine - INFO - OccupancyLoss: 5.09587, OccupancyFlowLoss: 0.00000, DetectionLoss: 10.40711, DynamicLoss: 0.06093, PhysicsLoss: 0.64194
08/11 17:10:12 - mmengine - INFO - [TRAIN] Epoch 5 Iter   650/750: Loss: 9.273 (17.926), grad_norm: 54.200, lr: 0.0000200, time: 5.844 (0.008)
08/11 17:10:12 - mmengine - INFO - OccupancyLoss: 3.24719, OccupancyFlowLoss: 2.65367, DetectionLoss: 3.32736, DynamicLoss: 0.01227, PhysicsLoss: 0.03241
08/11 17:14:57 - mmengine - INFO - [TRAIN] Epoch 5 Iter   700/750: Loss: 18.903 (18.900), grad_norm: 26.083, lr: 0.0000200, time: 5.694 (0.008)
08/11 17:14:57 - mmengine - INFO - OccupancyLoss: 5.27038, OccupancyFlowLoss: 5.18786, DetectionLoss: 6.22961, DynamicLoss: 0.08575, PhysicsLoss: 2.12955
[DynamicLoss Diag] iter=2001 | gt_box=True | gaussians=25584 dyn_gt=24 (0.09%) | pred_dyn_ratio=0.05% | loss=0.0404
[PhysicsLoss Diag] iter=2001 | gt_box=True static=25560 dyn=24 | offset_rms=0.0078 offset_dyn_rms=6.2595 turn_deg=0.15 | loss_static=0.0076 loss_smooth=0.0000 loss_rigid=0.0008 loss_vel=0.0000 loss_traj=4.5803 total=4.5886
08/11 17:19:46 - mmengine - INFO - [EVAL] Epoch 6 Iter     0: Loss: 20.820 (20.820)
08/11 17:19:46 - mmengine - INFO - OccupancyLoss: 4.94561, OccupancyFlowLoss: 4.66122, DetectionLoss: 6.58405, DynamicLoss: 0.04041, PhysicsLoss: 4.58860
08/11 17:20:47 - mmengine - INFO - [EVAL] Epoch 6 Iter    50: Loss: 17.057 (18.781)
08/11 17:20:47 - mmengine - INFO - OccupancyLoss: 5.13354, OccupancyFlowLoss: 3.89572, DetectionLoss: 5.24606, DynamicLoss: 0.06888, PhysicsLoss: 2.71230
08/11 17:21:47 - mmengine - INFO - [EVAL] Epoch 6 Iter   100: Loss: 19.009 (18.490)
08/11 17:21:47 - mmengine - INFO - OccupancyLoss: 6.20197, OccupancyFlowLoss: 5.54352, DetectionLoss: 4.03873, DynamicLoss: 0.01429, PhysicsLoss: 3.21090
08/11 17:22:46 - mmengine - INFO - [EVAL] Epoch 6 Iter   150: Loss: 6.802 (18.868)
08/11 17:22:46 - mmengine - INFO - OccupancyLoss: 5.49589, OccupancyFlowLoss: 1.11065, DetectionLoss: 0.19452, DynamicLoss: 0.00083, PhysicsLoss: 0.00000
08/11 17:23:46 - mmengine - INFO - [EVAL] Epoch 6 Iter   200: Loss: 13.873 (19.003)
08/11 17:23:46 - mmengine - INFO - OccupancyLoss: 7.15644, OccupancyFlowLoss: 2.63323, DetectionLoss: 3.31471, DynamicLoss: 0.03079, PhysicsLoss: 0.73822
08/11 17:24:48 - mmengine - INFO - [EVAL] Epoch 6 Iter   250: Loss: 19.746 (18.919)
08/11 17:24:48 - mmengine - INFO - OccupancyLoss: 7.03496, OccupancyFlowLoss: 5.46974, DetectionLoss: 5.91022, DynamicLoss: 0.10439, PhysicsLoss: 1.22676
08/11 17:25:47 - mmengine - INFO - [EVAL] Epoch 6 Iter   300: Loss: 19.957 (18.731)
08/11 17:25:47 - mmengine - INFO - OccupancyLoss: 7.32874, OccupancyFlowLoss: 6.35199, DetectionLoss: 5.42049, DynamicLoss: 0.01318, PhysicsLoss: 0.84211
08/11 17:26:48 - mmengine - INFO - [EVAL] Epoch 6 Iter   350: Loss: 12.982 (18.810)
08/11 17:26:48 - mmengine - INFO - OccupancyLoss: 5.11074, OccupancyFlowLoss: 1.88661, DetectionLoss: 5.59280, DynamicLoss: 0.02650, PhysicsLoss: 0.36512
08/11 17:27:47 - mmengine - INFO - [EVAL] Epoch 6 Iter   400: Loss: 14.935 (18.633)
08/11 17:27:47 - mmengine - INFO - OccupancyLoss: 7.00551, OccupancyFlowLoss: 0.87273, DetectionLoss: 7.01966, DynamicLoss: 0.03449, PhysicsLoss: 0.00305
08/11 17:28:48 - mmengine - INFO - [EVAL] Epoch 6 Iter   450: Loss: 31.889 (18.755)
08/11 17:28:48 - mmengine - INFO - OccupancyLoss: 7.11110, OccupancyFlowLoss: 7.26557, DetectionLoss: 12.85338, DynamicLoss: 0.16531, PhysicsLoss: 4.49375
08/11 17:29:47 - mmengine - INFO - Validation per class iou none:
08/11 17:29:47 - mmengine - INFO - barrier : 13.86%, 0.32, 0.20
08/11 17:29:47 - mmengine - INFO - bicycle : 0.00%, 0.00, 0.00
08/11 17:29:47 - mmengine - INFO - bus : 21.04%, 0.40, 0.31
08/11 17:29:47 - mmengine - INFO - car : 30.78%, 0.50, 0.44
08/11 17:29:47 - mmengine - INFO - construction_vehicle : 0.84%, 0.15, 0.01
08/11 17:29:47 - mmengine - INFO - motorcycle : 0.00%, 1.00, 0.00
08/11 17:29:47 - mmengine - INFO - pedestrian : 0.86%, 0.23, 0.01
08/11 17:29:47 - mmengine - INFO - traffic_cone : 0.01%, 0.02, 0.00
08/11 17:29:47 - mmengine - INFO - trailer : 6.45%, 0.15, 0.10
08/11 17:29:47 - mmengine - INFO - truck : 16.77%, 0.31, 0.27
08/11 17:29:47 - mmengine - INFO - driveable_surface : 43.58%, 0.61, 0.60
08/11 17:29:47 - mmengine - INFO - other_flat : 16.95%, 0.36, 0.24
08/11 17:29:47 - mmengine - INFO - sidewalk : 21.78%, 0.37, 0.34
08/11 17:29:47 - mmengine - INFO - terrain : 17.40%, 0.48, 0.21
08/11 17:29:47 - mmengine - INFO - manmade : 5.09%, 0.31, 0.06
08/11 17:29:47 - mmengine - INFO - vegetation : 19.86%, 0.38, 0.30
08/11 17:29:47 - mmengine - INFO - tensor([  213109,    14566,   204192,  1435223,   106632,    22025,   206833,
           42653,   134799,   555406,  7051599,   345594,  2482869,  3418334,
         7852446,  8317553, 32659904], device='cuda:0', dtype=torch.int32)
08/11 17:29:47 - mmengine - INFO - tensor([   41719,        0,    63390,   636236,      944,        1,     1833,
               5,    13528,   150195,  4235962,    83660,   856511,   731069,
          450393,  2454168, 12152114], device='cuda:0', dtype=torch.int32)
08/11 17:29:47 - mmengine - INFO - tensor([  129506,        0,   160432,  1268053,     6390,        1,     8083,
             258,    88350,   490479,  6903975,   231613,  2305303,  1514614,
         1446993,  6494540, 21048590], device='cuda:0', dtype=torch.int32)
08/11 17:29:47 - mmengine - INFO - mIoU: 13.455877821434115, iou2: 29.24247169494629
08/11 17:29:47 - mmengine - INFO - Current val loss is 18.833
[DynamicLoss Diag] iter=2501 | gt_box=True | gaussians=25595 dyn_gt=47 (0.18%) | pred_dyn_ratio=0.30% | loss=0.0161
[PhysicsLoss Diag] iter=2501 | gt_box=True static=25548 dyn=47 | offset_rms=0.0330 offset_dyn_rms=13.7073 turn_deg=0.31 | loss_static=0.0655 loss_smooth=0.0000 loss_rigid=0.0038 loss_vel=0.0000 loss_traj=1.6438 total=1.7132
08/11 17:30:06 - mmengine - INFO - [TRAIN] Epoch 6 Iter     0/750: Loss: 14.684 (14.684), grad_norm: 48.034, lr: 0.0000200, time: 9.061 (3.349)
08/11 17:30:06 - mmengine - INFO - OccupancyLoss: 6.07374, OccupancyFlowLoss: 5.13272, DetectionLoss: 1.74852, DynamicLoss: 0.01610, PhysicsLoss: 1.71318
08/11 17:34:53 - mmengine - INFO - [TRAIN] Epoch 6 Iter    50/750: Loss: 26.645 (16.990), grad_norm: 126.585, lr: 0.0000200, time: 5.588 (0.008)
08/11 17:34:53 - mmengine - INFO - OccupancyLoss: 8.38544, OccupancyFlowLoss: 5.36103, DetectionLoss: 8.60022, DynamicLoss: 0.12272, PhysicsLoss: 4.17534
08/11 17:39:37 - mmengine - INFO - [TRAIN] Epoch 6 Iter   100/750: Loss: 15.324 (15.862), grad_norm: 60.681, lr: 0.0000200, time: 5.580 (0.008)
08/11 17:39:37 - mmengine - INFO - OccupancyLoss: 8.61050, OccupancyFlowLoss: 4.22783, DetectionLoss: 2.41609, DynamicLoss: 0.02949, PhysicsLoss: 0.03988
08/11 17:44:22 - mmengine - INFO - [TRAIN] Epoch 6 Iter   150/750: Loss: 15.722 (18.147), grad_norm: 103.156, lr: 0.0000200, time: 5.605 (0.008)
08/11 17:44:22 - mmengine - INFO - OccupancyLoss: 4.45008, OccupancyFlowLoss: 2.95592, DetectionLoss: 5.45628, DynamicLoss: 0.03170, PhysicsLoss: 2.82785
08/11 17:49:07 - mmengine - INFO - [TRAIN] Epoch 6 Iter   200/750: Loss: 23.657 (17.043), grad_norm: 73.332, lr: 0.0000200, time: 5.947 (0.008)
08/11 17:49:07 - mmengine - INFO - OccupancyLoss: 6.74656, OccupancyFlowLoss: 7.03028, DetectionLoss: 9.36988, DynamicLoss: 0.03096, PhysicsLoss: 0.47888
08/11 17:53:53 - mmengine - INFO - [TRAIN] Epoch 6 Iter   250/750: Loss: 20.945 (17.122), grad_norm: 98.117, lr: 0.0000200, time: 5.735 (0.008)
08/11 17:53:53 - mmengine - INFO - OccupancyLoss: 4.88838, OccupancyFlowLoss: 4.97545, DetectionLoss: 6.85437, DynamicLoss: 0.03771, PhysicsLoss: 4.18925
08/11 17:58:39 - mmengine - INFO - [TRAIN] Epoch 6 Iter   300/750: Loss: 12.591 (16.902), grad_norm: 29.381, lr: 0.0000200, time: 5.665 (0.008)
08/11 17:58:39 - mmengine - INFO - OccupancyLoss: 5.71082, OccupancyFlowLoss: 4.43938, DetectionLoss: 2.26083, DynamicLoss: 0.03610, PhysicsLoss: 0.14420
08/11 18:03:25 - mmengine - INFO - [TRAIN] Epoch 6 Iter   350/750: Loss: 12.564 (17.748), grad_norm: 57.687, lr: 0.0000200, time: 5.787 (0.008)
08/11 18:03:25 - mmengine - INFO - OccupancyLoss: 6.70164, OccupancyFlowLoss: 4.04322, DetectionLoss: 1.79878, DynamicLoss: 0.02014, PhysicsLoss: 0.00000
08/11 18:08:11 - mmengine - INFO - [TRAIN] Epoch 6 Iter   400/750: Loss: 12.299 (16.828), grad_norm: 20.965, lr: 0.0000200, time: 5.677 (0.008)
08/11 18:08:11 - mmengine - INFO - OccupancyLoss: 4.61076, OccupancyFlowLoss: 4.13529, DetectionLoss: 3.54608, DynamicLoss: 0.00719, PhysicsLoss: 0.00000
08/11 18:12:56 - mmengine - INFO - [TRAIN] Epoch 6 Iter   450/750: Loss: 23.410 (16.798), grad_norm: 124.935, lr: 0.0000200, time: 5.900 (0.008)
08/11 18:12:56 - mmengine - INFO - OccupancyLoss: 7.44937, OccupancyFlowLoss: 5.64085, DetectionLoss: 8.65864, DynamicLoss: 0.03678, PhysicsLoss: 1.62407
[DynamicLoss Diag] iter=3001 | gt_box=True | gaussians=25584 dyn_gt=6 (0.02%) | pred_dyn_ratio=0.37% | loss=0.0187
[PhysicsLoss Diag] iter=3001 | gt_box=True static=25578 dyn=6 | offset_rms=0.0005 offset_dyn_rms=2.0277 turn_deg=0.49 | loss_static=0.0000 loss_smooth=0.0000 loss_rigid=0.0014 loss_vel=0.0000 loss_traj=1.7154 total=1.7168
08/11 18:17:41 - mmengine - INFO - [TRAIN] Epoch 6 Iter   500/750: Loss: 14.049 (16.950), grad_norm: 79.587, lr: 0.0000200, time: 5.817 (0.008)
08/11 18:17:41 - mmengine - INFO - OccupancyLoss: 4.45656, OccupancyFlowLoss: 3.00722, DetectionLoss: 4.84962, DynamicLoss: 0.01866, PhysicsLoss: 1.71680
08/11 18:22:28 - mmengine - INFO - [TRAIN] Epoch 6 Iter   550/750: Loss: 10.246 (15.482), grad_norm: 20.471, lr: 0.0000200, time: 5.813 (0.008)
08/11 18:22:28 - mmengine - INFO - OccupancyLoss: 5.32517, OccupancyFlowLoss: 3.73287, DetectionLoss: 1.18278, DynamicLoss: 0.00555, PhysicsLoss: 0.00000
08/11 18:27:12 - mmengine - INFO - [TRAIN] Epoch 6 Iter   600/750: Loss: 19.679 (16.846), grad_norm: 52.782, lr: 0.0000200, time: 6.347 (0.008)
08/11 18:27:12 - mmengine - INFO - OccupancyLoss: 5.85470, OccupancyFlowLoss: 6.50539, DetectionLoss: 5.64986, DynamicLoss: 0.21697, PhysicsLoss: 1.45238
08/11 18:31:59 - mmengine - INFO - [TRAIN] Epoch 6 Iter   650/750: Loss: 14.574 (17.322), grad_norm: 40.173, lr: 0.0000200, time: 5.748 (0.008)
08/11 18:31:59 - mmengine - INFO - OccupancyLoss: 4.52376, OccupancyFlowLoss: 4.89381, DetectionLoss: 4.31774, DynamicLoss: 0.06619, PhysicsLoss: 0.77216
08/11 18:36:44 - mmengine - INFO - [TRAIN] Epoch 6 Iter   700/750: Loss: 11.719 (16.737), grad_norm: 34.103, lr: 0.0000200, time: 5.507 (0.008)
08/11 18:36:44 - mmengine - INFO - OccupancyLoss: 4.57536, OccupancyFlowLoss: 4.23423, DetectionLoss: 2.88465, DynamicLoss: 0.02521, PhysicsLoss: 0.00000
08/11 18:41:31 - mmengine - INFO - [EVAL] Epoch 7 Iter     0: Loss: 17.783 (17.783)
08/11 18:41:31 - mmengine - INFO - OccupancyLoss: 4.83828, OccupancyFlowLoss: 3.99534, DetectionLoss: 4.53430, DynamicLoss: 0.03830, PhysicsLoss: 4.37710
08/11 18:42:32 - mmengine - INFO - [EVAL] Epoch 7 Iter    50: Loss: 17.062 (18.224)
08/11 18:42:32 - mmengine - INFO - OccupancyLoss: 5.19547, OccupancyFlowLoss: 3.87479, DetectionLoss: 5.32604, DynamicLoss: 0.05254, PhysicsLoss: 2.61305
08/11 18:43:32 - mmengine - INFO - [EVAL] Epoch 7 Iter   100: Loss: 18.649 (18.011)
08/11 18:43:32 - mmengine - INFO - OccupancyLoss: 5.83737, OccupancyFlowLoss: 5.47253, DetectionLoss: 3.93359, DynamicLoss: 0.01049, PhysicsLoss: 3.39533
08/11 18:44:31 - mmengine - INFO - [EVAL] Epoch 7 Iter   150: Loss: 6.807 (18.455)
08/11 18:44:31 - mmengine - INFO - OccupancyLoss: 5.54156, OccupancyFlowLoss: 1.12744, DetectionLoss: 0.13755, DynamicLoss: 0.00040, PhysicsLoss: 0.00000
08/11 18:45:32 - mmengine - INFO - [EVAL] Epoch 7 Iter   200: Loss: 13.724 (18.620)
08/11 18:45:32 - mmengine - INFO - OccupancyLoss: 7.47515, OccupancyFlowLoss: 2.75675, DetectionLoss: 2.74825, DynamicLoss: 0.02259, PhysicsLoss: 0.72136
[DynamicLoss Diag] iter=3501 | gt_box=True | gaussians=25591 dyn_gt=76 (0.30%) | pred_dyn_ratio=1.93% | loss=0.1010
[PhysicsLoss Diag] iter=3501 | gt_box=True static=25515 dyn=76 | offset_rms=0.0229 offset_dyn_rms=6.4903 turn_deg=0.55 | loss_static=0.0145 loss_smooth=0.0000 loss_rigid=0.0069 loss_vel=0.0000 loss_traj=1.4799 total=1.5014
08/11 18:46:33 - mmengine - INFO - [EVAL] Epoch 7 Iter   250: Loss: 19.652 (18.537)
08/11 18:46:33 - mmengine - INFO - OccupancyLoss: 7.12777, OccupancyFlowLoss: 5.46656, DetectionLoss: 5.45498, DynamicLoss: 0.10096, PhysicsLoss: 1.50137
08/11 18:47:33 - mmengine - INFO - [EVAL] Epoch 7 Iter   300: Loss: 20.078 (18.399)
08/11 18:47:33 - mmengine - INFO - OccupancyLoss: 7.43686, OccupancyFlowLoss: 6.47999, DetectionLoss: 5.24764, DynamicLoss: 0.01269, PhysicsLoss: 0.90092
08/11 18:48:34 - mmengine - INFO - [EVAL] Epoch 7 Iter   350: Loss: 11.603 (18.479)
08/11 18:48:34 - mmengine - INFO - OccupancyLoss: 4.85431, OccupancyFlowLoss: 1.77310, DetectionLoss: 4.49396, DynamicLoss: 0.02701, PhysicsLoss: 0.45504
08/11 18:49:33 - mmengine - INFO - [EVAL] Epoch 7 Iter   400: Loss: 14.257 (18.328)
08/11 18:49:33 - mmengine - INFO - OccupancyLoss: 6.88406, OccupancyFlowLoss: 0.86851, DetectionLoss: 6.47167, DynamicLoss: 0.02977, PhysicsLoss: 0.00336
08/11 18:50:34 - mmengine - INFO - [EVAL] Epoch 7 Iter   450: Loss: 31.819 (18.423)
08/11 18:50:34 - mmengine - INFO - OccupancyLoss: 6.91143, OccupancyFlowLoss: 7.06007, DetectionLoss: 13.18226, DynamicLoss: 0.16214, PhysicsLoss: 4.50349
08/11 18:51:43 - mmengine - INFO - Validation per class iou none:
08/11 18:51:43 - mmengine - INFO - barrier : 15.93%, 0.28, 0.27
08/11 18:51:43 - mmengine - INFO - bicycle : 0.00%, 0.00, 0.00
08/11 18:51:43 - mmengine - INFO - bus : 23.76%, 0.33, 0.45
08/11 18:51:43 - mmengine - INFO - car : 32.76%, 0.48, 0.51
08/11 18:51:43 - mmengine - INFO - construction_vehicle : 3.62%, 0.21, 0.04
08/11 18:51:43 - mmengine - INFO - motorcycle : 0.15%, 0.31, 0.00
08/11 18:51:43 - mmengine - INFO - pedestrian : 2.14%, 0.25, 0.02
08/11 18:51:43 - mmengine - INFO - traffic_cone : 0.07%, 0.08, 0.00
08/11 18:51:43 - mmengine - INFO - trailer : 9.87%, 0.17, 0.19
08/11 18:51:43 - mmengine - INFO - truck : 21.61%, 0.36, 0.35
08/11 18:51:43 - mmengine - INFO - driveable_surface : 43.12%, 0.65, 0.56
08/11 18:51:43 - mmengine - INFO - other_flat : 13.42%, 0.43, 0.16
08/11 18:51:43 - mmengine - INFO - sidewalk : 21.78%, 0.37, 0.34
08/11 18:51:43 - mmengine - INFO - terrain : 22.47%, 0.38, 0.36
08/11 18:51:43 - mmengine - INFO - manmade : 6.65%, 0.33, 0.08
08/11 18:51:43 - mmengine - INFO - vegetation : 21.01%, 0.38, 0.32
08/11 18:51:43 - mmengine - INFO - tensor([  213109,    14566,   204192,  1435223,   106632,    22025,   206833,
           42653,   134799,   555406,  7051599,   345594,  2482869,  3418334,
         7852446,  8317553, 32659904], device='cuda:0', dtype=torch.int32)
08/11 18:51:43 - mmengine - INFO - tensor([   57029,        0,    92055,   735464,     4480,       34,     4733,
              30,    25793,   195487,  3952781,    56314,   852692,  1222253,
          605375,  2645352, 13103436], device='cuda:0', dtype=torch.int32)
08/11 18:51:43 - mmengine - INFO - tensor([  201963,        0,   275265,  1545268,    21454,      110,    19265,
             395,   152439,   544617,  6067522,   130440,  2284211,  3243547,
         1855710,  6919250, 23261456], device='cuda:0', dtype=torch.int32)
08/11 18:51:43 - mmengine - INFO - mIoU: 14.897852778085507, iou2: 30.60268783569336
08/11 18:51:43 - mmengine - INFO - Current val loss is 18.476
08/11 18:52:02 - mmengine - INFO - [TRAIN] Epoch 7 Iter     0/750: Loss: 11.783 (11.783), grad_norm: 32.501, lr: 0.0000200, time: 8.955 (3.218)
08/11 18:52:02 - mmengine - INFO - OccupancyLoss: 5.01748, OccupancyFlowLoss: 2.52933, DetectionLoss: 3.73429, DynamicLoss: 0.05263, PhysicsLoss: 0.44914
08/11 18:56:46 - mmengine - INFO - [TRAIN] Epoch 7 Iter    50/750: Loss: 26.145 (15.981), grad_norm: 40.172, lr: 0.0000200, time: 5.899 (0.008)
08/11 18:56:46 - mmengine - INFO - OccupancyLoss: 6.01198, OccupancyFlowLoss: 6.13813, DetectionLoss: 12.50237, DynamicLoss: 0.28985, PhysicsLoss: 1.20241
08/11 19:01:32 - mmengine - INFO - [TRAIN] Epoch 7 Iter   100/750: Loss: 17.181 (16.021), grad_norm: 45.489, lr: 0.0000200, time: 5.424 (0.008)
08/11 19:01:32 - mmengine - INFO - OccupancyLoss: 4.61336, OccupancyFlowLoss: 4.12388, DetectionLoss: 6.38296, DynamicLoss: 0.04407, PhysicsLoss: 2.01655
08/11 19:06:17 - mmengine - INFO - [TRAIN] Epoch 7 Iter   150/750: Loss: 12.213 (15.976), grad_norm: 23.110, lr: 0.0000200, time: 5.703 (0.008)
08/11 19:06:17 - mmengine - INFO - OccupancyLoss: 4.89935, OccupancyFlowLoss: 1.97718, DetectionLoss: 4.33119, DynamicLoss: 0.08325, PhysicsLoss: 0.92210
08/11 19:11:02 - mmengine - INFO - [TRAIN] Epoch 7 Iter   200/750: Loss: 22.613 (17.028), grad_norm: 111.933, lr: 0.0000200, time: 5.406 (0.008)
08/11 19:11:02 - mmengine - INFO - OccupancyLoss: 6.14801, OccupancyFlowLoss: 6.43879, DetectionLoss: 6.87340, DynamicLoss: 0.01383, PhysicsLoss: 3.13915
[DynamicLoss Diag] iter=4001 | gt_box=True | gaussians=25582 dyn_gt=60 (0.23%) | pred_dyn_ratio=0.26% | loss=0.0329
[PhysicsLoss Diag] iter=4001 | gt_box=True static=25522 dyn=60 | offset_rms=0.0469 offset_dyn_rms=15.9445 turn_deg=1.14 | loss_static=0.1390 loss_smooth=0.0000 loss_rigid=0.0048 loss_vel=0.0000 loss_traj=2.4118 total=2.5556
08/11 19:15:46 - mmengine - INFO - [TRAIN] Epoch 7 Iter   250/750: Loss: 29.431 (16.430), grad_norm: 59.266, lr: 0.0000200, time: 5.635 (0.008)
08/11 19:15:46 - mmengine - INFO - OccupancyLoss: 8.17044, OccupancyFlowLoss: 6.03904, DetectionLoss: 12.63287, DynamicLoss: 0.03287, PhysicsLoss: 2.55558
08/11 19:20:31 - mmengine - INFO - [TRAIN] Epoch 7 Iter   300/750: Loss: 11.489 (16.901), grad_norm: 39.822, lr: 0.0000200, time: 5.861 (0.008)
08/11 19:20:31 - mmengine - INFO - OccupancyLoss: 4.27828, OccupancyFlowLoss: 1.12735, DetectionLoss: 5.95067, DynamicLoss: 0.01955, PhysicsLoss: 0.11319
08/11 19:25:14 - mmengine - INFO - [TRAIN] Epoch 7 Iter   350/750: Loss: 21.865 (16.702), grad_norm: 39.617, lr: 0.0000200, time: 5.606 (0.008)
08/11 19:25:14 - mmengine - INFO - OccupancyLoss: 6.69155, OccupancyFlowLoss: 6.06351, DetectionLoss: 5.79675, DynamicLoss: 0.06084, PhysicsLoss: 3.25199
08/11 19:30:02 - mmengine - INFO - [TRAIN] Epoch 7 Iter   400/750: Loss: 21.409 (16.793), grad_norm: 41.296, lr: 0.0000200, time: 5.980 (0.008)
08/11 19:30:02 - mmengine - INFO - OccupancyLoss: 5.71933, OccupancyFlowLoss: 4.69746, DetectionLoss: 8.80831, DynamicLoss: 0.06346, PhysicsLoss: 2.12023
08/11 19:34:49 - mmengine - INFO - [TRAIN] Epoch 7 Iter   450/750: Loss: 23.535 (17.733), grad_norm: 55.288, lr: 0.0000200, time: 5.866 (0.008)
08/11 19:34:49 - mmengine - INFO - OccupancyLoss: 4.49123, OccupancyFlowLoss: 5.00739, DetectionLoss: 11.42778, DynamicLoss: 0.08048, PhysicsLoss: 2.52850
08/11 19:39:36 - mmengine - INFO - [TRAIN] Epoch 7 Iter   500/750: Loss: 19.030 (16.290), grad_norm: 23.950, lr: 0.0000200, time: 5.719 (0.008)
08/11 19:39:36 - mmengine - INFO - OccupancyLoss: 5.78813, OccupancyFlowLoss: 6.37514, DetectionLoss: 6.21562, DynamicLoss: 0.04434, PhysicsLoss: 0.60724
08/11 19:44:22 - mmengine - INFO - [TRAIN] Epoch 7 Iter   550/750: Loss: 21.084 (16.676), grad_norm: 60.848, lr: 0.0000200, time: 5.614 (0.008)
08/11 19:44:22 - mmengine - INFO - OccupancyLoss: 6.58905, OccupancyFlowLoss: 4.86903, DetectionLoss: 7.74587, DynamicLoss: 0.01882, PhysicsLoss: 1.86122
08/11 19:49:09 - mmengine - INFO - [TRAIN] Epoch 7 Iter   600/750: Loss: 24.731 (17.676), grad_norm: 63.353, lr: 0.0000200, time: 5.966 (0.008)
08/11 19:49:09 - mmengine - INFO - OccupancyLoss: 4.84566, OccupancyFlowLoss: 5.42010, DetectionLoss: 11.45171, DynamicLoss: 0.08726, PhysicsLoss: 2.92602
08/11 19:53:54 - mmengine - INFO - [TRAIN] Epoch 7 Iter   650/750: Loss: 19.445 (16.066), grad_norm: 30.198, lr: 0.0000200, time: 5.515 (0.008)
08/11 19:53:54 - mmengine - INFO - OccupancyLoss: 7.73473, OccupancyFlowLoss: 6.92825, DetectionLoss: 3.81607, DynamicLoss: 0.03122, PhysicsLoss: 0.93483
08/11 19:58:38 - mmengine - INFO - [TRAIN] Epoch 7 Iter   700/750: Loss: 15.793 (17.565), grad_norm: 36.588, lr: 0.0000200, time: 5.597 (0.008)
08/11 19:58:38 - mmengine - INFO - OccupancyLoss: 4.83770, OccupancyFlowLoss: 4.45993, DetectionLoss: 5.84489, DynamicLoss: 0.04561, PhysicsLoss: 0.60482
[DynamicLoss Diag] iter=4501 | gt_box=True | gaussians=25584 dyn_gt=23 (0.09%) | pred_dyn_ratio=0.50% | loss=0.0390
[PhysicsLoss Diag] iter=4501 | gt_box=True static=25561 dyn=23 | offset_rms=0.0070 offset_dyn_rms=6.2093 turn_deg=0.19 | loss_static=0.0056 loss_smooth=0.0000 loss_rigid=0.0017 loss_vel=0.0000 loss_traj=4.4773 total=4.4846
08/11 20:03:45 - mmengine - INFO - [EVAL] Epoch 8 Iter     0: Loss: 17.320 (17.320)
08/11 20:03:45 - mmengine - INFO - OccupancyLoss: 4.76173, OccupancyFlowLoss: 4.04414, DetectionLoss: 3.99101, DynamicLoss: 0.03904, PhysicsLoss: 4.48456
08/11 20:04:46 - mmengine - INFO - [EVAL] Epoch 8 Iter    50: Loss: 18.025 (17.931)
08/11 20:04:46 - mmengine - INFO - OccupancyLoss: 4.90799, OccupancyFlowLoss: 3.75184, DetectionLoss: 6.82583, DynamicLoss: 0.04410, PhysicsLoss: 2.49492
08/11 20:05:45 - mmengine - INFO - [EVAL] Epoch 8 Iter   100: Loss: 17.900 (17.547)
08/11 20:05:45 - mmengine - INFO - OccupancyLoss: 5.86941, OccupancyFlowLoss: 5.09301, DetectionLoss: 3.84248, DynamicLoss: 0.00923, PhysicsLoss: 3.08575
08/11 20:06:45 - mmengine - INFO - [EVAL] Epoch 8 Iter   150: Loss: 6.686 (17.900)
08/11 20:06:45 - mmengine - INFO - OccupancyLoss: 5.46063, OccupancyFlowLoss: 1.12088, DetectionLoss: 0.10387, DynamicLoss: 0.00032, PhysicsLoss: 0.00000
08/11 20:07:45 - mmengine - INFO - [EVAL] Epoch 8 Iter   200: Loss: 13.550 (18.050)
08/11 20:07:45 - mmengine - INFO - OccupancyLoss: 7.03362, OccupancyFlowLoss: 2.54198, DetectionLoss: 3.23308, DynamicLoss: 0.02606, PhysicsLoss: 0.71481
08/11 20:08:47 - mmengine - INFO - [EVAL] Epoch 8 Iter   250: Loss: 18.027 (18.002)
08/11 20:08:47 - mmengine - INFO - OccupancyLoss: 6.70611, OccupancyFlowLoss: 5.07741, DetectionLoss: 4.74888, DynamicLoss: 0.10457, PhysicsLoss: 1.39031
08/11 20:09:46 - mmengine - INFO - [EVAL] Epoch 8 Iter   300: Loss: 19.515 (17.842)
08/11 20:09:46 - mmengine - INFO - OccupancyLoss: 7.53698, OccupancyFlowLoss: 6.29630, DetectionLoss: 5.05481, DynamicLoss: 0.01259, PhysicsLoss: 0.61399
08/11 20:10:47 - mmengine - INFO - [EVAL] Epoch 8 Iter   350: Loss: 10.780 (17.898)
08/11 20:10:47 - mmengine - INFO - OccupancyLoss: 4.86927, OccupancyFlowLoss: 1.73792, DetectionLoss: 3.73006, DynamicLoss: 0.02791, PhysicsLoss: 0.41466
08/11 20:11:47 - mmengine - INFO - [EVAL] Epoch 8 Iter   400: Loss: 13.493 (17.763)
08/11 20:11:47 - mmengine - INFO - OccupancyLoss: 6.65161, OccupancyFlowLoss: 0.83033, DetectionLoss: 5.97297, DynamicLoss: 0.03327, PhysicsLoss: 0.00464
08/11 20:12:48 - mmengine - INFO - [EVAL] Epoch 8 Iter   450: Loss: 31.600 (17.877)
08/11 20:12:48 - mmengine - INFO - OccupancyLoss: 6.81977, OccupancyFlowLoss: 6.98273, DetectionLoss: 13.30893, DynamicLoss: 0.13237, PhysicsLoss: 4.35576
08/11 20:14:07 - mmengine - INFO - Validation per class iou none:
08/11 20:14:07 - mmengine - INFO - barrier : 18.14%, 0.32, 0.30
08/11 20:14:07 - mmengine - INFO - bicycle : 0.00%, 0.00, 0.00
08/11 20:14:07 - mmengine - INFO - bus : 26.68%, 0.41, 0.44
08/11 20:14:07 - mmengine - INFO - car : 33.21%, 0.47, 0.53
08/11 20:14:07 - mmengine - INFO - construction_vehicle : 9.35%, 0.17, 0.18
08/11 20:14:07 - mmengine - INFO - motorcycle : 3.27%, 0.22, 0.04
08/11 20:14:07 - mmengine - INFO - pedestrian : 9.29%, 0.29, 0.12
08/11 20:14:07 - mmengine - INFO - traffic_cone : 0.10%, 0.16, 0.00
08/11 20:14:07 - mmengine - INFO - trailer : 11.48%, 0.19, 0.23
08/11 20:14:07 - mmengine - INFO - truck : 20.50%, 0.35, 0.33
08/11 20:14:07 - mmengine - INFO - driveable_surface : 43.69%, 0.61, 0.60
08/11 20:14:07 - mmengine - INFO - other_flat : 17.14%, 0.54, 0.20
08/11 20:14:07 - mmengine - INFO - sidewalk : 23.08%, 0.37, 0.38
08/11 20:14:07 - mmengine - INFO - terrain : 22.47%, 0.39, 0.34
08/11 20:14:07 - mmengine - INFO - manmade : 10.17%, 0.27, 0.14
08/11 20:14:07 - mmengine - INFO - vegetation : 21.65%, 0.37, 0.35
08/11 20:14:07 - mmengine - INFO - tensor([  213109,    14566,   204192,  1435223,   106632,    22025,   206833,
           42653,   134799,   555406,  7051599,   345594,  2482869,  3418334,
         7852446,  8317553, 32659904], device='cuda:0', dtype=torch.int32)
08/11 20:14:07 - mmengine - INFO - tensor([   63422,        0,    89170,   760820,    18785,      818,    24821,
              42,    30563,   182036,  4264243,    69154,   950690,  1174220,
         1091864,  2884781, 14454516], device='cuda:0', dtype=torch.int32)
08/11 20:14:07 - mmengine - INFO - tensor([  199901,        1,   219248,  1616791,   113133,     3774,    85257,
             270,   162025,   514521,  6973227,   127089,  2587631,  2981657,
         3980361,  7893068, 27457954], device='cuda:0', dtype=torch.int32)
08/11 20:14:07 - mmengine - INFO - mIoU: 16.88724705891218, iou2: 31.654531478881836
08/11 20:14:07 - mmengine - INFO - Current val loss is 17.954
[DynamicLoss Diag] iter=5001 | gt_box=True | gaussians=25587 dyn_gt=82 (0.32%) | pred_dyn_ratio=0.39% | loss=0.0304
[PhysicsLoss Diag] iter=5001 | gt_box=True static=25505 dyn=82 | offset_rms=0.1367 offset_dyn_rms=13.6641 turn_deg=1.71 | loss_static=0.7875 loss_smooth=0.0000 loss_rigid=0.0107 loss_vel=0.0000 loss_traj=1.0664 total=1.8646
08/11 20:14:26 - mmengine - INFO - [TRAIN] Epoch 8 Iter     0/750: Loss: 15.160 (15.160), grad_norm: 59.044, lr: 0.0000200, time: 9.188 (3.414)
08/11 20:14:26 - mmengine - INFO - OccupancyLoss: 5.12604, OccupancyFlowLoss: 5.03615, DetectionLoss: 3.10247, DynamicLoss: 0.03036, PhysicsLoss: 1.86463
08/11 20:19:12 - mmengine - INFO - [TRAIN] Epoch 8 Iter    50/750: Loss: 7.667 (16.085), grad_norm: 75.843, lr: 0.0000200, time: 5.667 (0.008)
08/11 20:19:12 - mmengine - INFO - OccupancyLoss: 4.48866, OccupancyFlowLoss: 0.00000, DetectionLoss: 3.08707, DynamicLoss: 0.02090, PhysicsLoss: 0.07003
08/11 20:23:57 - mmengine - INFO - [TRAIN] Epoch 8 Iter   100/750: Loss: 8.045 (15.266), grad_norm: 19.061, lr: 0.0000200, time: 5.636 (0.008)
08/11 20:23:57 - mmengine - INFO - OccupancyLoss: 3.29417, OccupancyFlowLoss: 0.73028, DetectionLoss: 3.97678, DynamicLoss: 0.02744, PhysicsLoss: 0.01660
08/11 20:28:43 - mmengine - INFO - [TRAIN] Epoch 8 Iter   150/750: Loss: 16.976 (15.180), grad_norm: 29.667, lr: 0.0000200, time: 5.687 (0.008)
08/11 20:28:43 - mmengine - INFO - OccupancyLoss: 5.47782, OccupancyFlowLoss: 4.30340, DetectionLoss: 3.99634, DynamicLoss: 0.03499, PhysicsLoss: 3.16299
08/11 20:33:29 - mmengine - INFO - [TRAIN] Epoch 8 Iter   200/750: Loss: 6.542 (16.537), grad_norm: 60.958, lr: 0.0000200, time: 5.553 (0.008)
08/11 20:33:29 - mmengine - INFO - OccupancyLoss: 3.16758, OccupancyFlowLoss: 2.15534, DetectionLoss: 1.19928, DynamicLoss: 0.01951, PhysicsLoss: 0.00000
08/11 20:38:14 - mmengine - INFO - [TRAIN] Epoch 8 Iter   250/750: Loss: 19.711 (15.979), grad_norm: 71.754, lr: 0.0000200, time: 5.485 (0.008)
08/11 20:38:14 - mmengine - INFO - OccupancyLoss: 8.33133, OccupancyFlowLoss: 6.97182, DetectionLoss: 0.99411, DynamicLoss: 0.00836, PhysicsLoss: 3.40544
08/11 20:43:00 - mmengine - INFO - [TRAIN] Epoch 8 Iter   300/750: Loss: 22.320 (17.177), grad_norm: 70.628, lr: 0.0000200, time: 5.723 (0.008)
08/11 20:43:00 - mmengine - INFO - OccupancyLoss: 4.86162, OccupancyFlowLoss: 5.29897, DetectionLoss: 7.41012, DynamicLoss: 0.03345, PhysicsLoss: 4.71556
08/11 20:47:46 - mmengine - INFO - [TRAIN] Epoch 8 Iter   350/750: Loss: 13.089 (15.275), grad_norm: 72.476, lr: 0.0000200, time: 5.713 (0.008)
08/11 20:47:46 - mmengine - INFO - OccupancyLoss: 5.21570, OccupancyFlowLoss: 4.84553, DetectionLoss: 2.14846, DynamicLoss: 0.03141, PhysicsLoss: 0.84837
08/11 20:52:31 - mmengine - INFO - [TRAIN] Epoch 8 Iter   400/750: Loss: 18.188 (15.739), grad_norm: 51.168, lr: 0.0000200, time: 5.908 (0.008)
08/11 20:52:31 - mmengine - INFO - OccupancyLoss: 5.49594, OccupancyFlowLoss: 5.17678, DetectionLoss: 5.60604, DynamicLoss: 0.07651, PhysicsLoss: 1.83289
08/11 20:57:17 - mmengine - INFO - [TRAIN] Epoch 8 Iter   450/750: Loss: 18.810 (15.135), grad_norm: 45.359, lr: 0.0000200, time: 5.619 (0.008)
08/11 20:57:17 - mmengine - INFO - OccupancyLoss: 7.45055, OccupancyFlowLoss: 4.07227, DetectionLoss: 6.25198, DynamicLoss: 0.04022, PhysicsLoss: 0.99509
[DynamicLoss Diag] iter=5501 | gt_box=True | gaussians=25592 dyn_gt=117 (0.46%) | pred_dyn_ratio=1.36% | loss=0.0480
[PhysicsLoss Diag] iter=5501 | gt_box=True static=25475 dyn=117 | offset_rms=0.1043 offset_dyn_rms=12.6797 turn_deg=0.74 | loss_static=0.3989 loss_smooth=0.0000 loss_rigid=0.0025 loss_vel=0.0000 loss_traj=3.0410 total=3.4423
08/11 21:02:02 - mmengine - INFO - [TRAIN] Epoch 8 Iter   500/750: Loss: 23.837 (15.043), grad_norm: 87.094, lr: 0.0000200, time: 5.876 (0.008)
08/11 21:02:02 - mmengine - INFO - OccupancyLoss: 6.65902, OccupancyFlowLoss: 5.04315, DetectionLoss: 8.64466, DynamicLoss: 0.04795, PhysicsLoss: 3.44232
08/11 21:06:48 - mmengine - INFO - [TRAIN] Epoch 8 Iter   550/750: Loss: 13.164 (15.122), grad_norm: 70.847, lr: 0.0000200, time: 5.741 (0.008)
08/11 21:06:48 - mmengine - INFO - OccupancyLoss: 4.46517, OccupancyFlowLoss: 3.73278, DetectionLoss: 3.80914, DynamicLoss: 0.01443, PhysicsLoss: 1.14252
08/11 21:11:34 - mmengine - INFO - [TRAIN] Epoch 8 Iter   600/750: Loss: 18.243 (15.373), grad_norm: 86.317, lr: 0.0000200, time: 5.765 (0.008)
08/11 21:11:34 - mmengine - INFO - OccupancyLoss: 4.29250, OccupancyFlowLoss: 4.05292, DetectionLoss: 6.39223, DynamicLoss: 0.05588, PhysicsLoss: 3.44923
08/11 21:16:20 - mmengine - INFO - [TRAIN] Epoch 8 Iter   650/750: Loss: 15.541 (14.487), grad_norm: 67.388, lr: 0.0000200, time: 5.698 (0.008)
08/11 21:16:20 - mmengine - INFO - OccupancyLoss: 6.24732, OccupancyFlowLoss: 4.27848, DetectionLoss: 4.30995, DynamicLoss: 0.06602, PhysicsLoss: 0.63880
08/11 21:21:06 - mmengine - INFO - [TRAIN] Epoch 8 Iter   700/750: Loss: 17.186 (15.413), grad_norm: 97.229, lr: 0.0000200, time: 5.524 (0.008)
08/11 21:21:06 - mmengine - INFO - OccupancyLoss: 7.71722, OccupancyFlowLoss: 6.32023, DetectionLoss: 2.51963, DynamicLoss: 0.01735, PhysicsLoss: 0.61181
08/11 21:25:53 - mmengine - INFO - [EVAL] Epoch 9 Iter     0: Loss: 16.716 (16.716)
08/11 21:25:53 - mmengine - INFO - OccupancyLoss: 4.71194, OccupancyFlowLoss: 3.91748, DetectionLoss: 4.18280, DynamicLoss: 0.03694, PhysicsLoss: 3.86700
08/11 21:26:54 - mmengine - INFO - [EVAL] Epoch 9 Iter    50: Loss: 16.274 (18.094)
08/11 21:26:54 - mmengine - INFO - OccupancyLoss: 5.01555, OccupancyFlowLoss: 3.76580, DetectionLoss: 4.66996, DynamicLoss: 0.03680, PhysicsLoss: 2.78604
08/11 21:27:54 - mmengine - INFO - [EVAL] Epoch 9 Iter   100: Loss: 17.620 (17.787)
08/11 21:27:54 - mmengine - INFO - OccupancyLoss: 5.76375, OccupancyFlowLoss: 5.19929, DetectionLoss: 3.62069, DynamicLoss: 0.01003, PhysicsLoss: 3.02644
08/11 21:28:53 - mmengine - INFO - [EVAL] Epoch 9 Iter   150: Loss: 6.572 (18.135)
08/11 21:28:53 - mmengine - INFO - OccupancyLoss: 5.33526, OccupancyFlowLoss: 1.12874, DetectionLoss: 0.10805, DynamicLoss: 0.00028, PhysicsLoss: 0.00000
08/11 21:29:54 - mmengine - INFO - [EVAL] Epoch 9 Iter   200: Loss: 14.522 (18.301)
08/11 21:29:54 - mmengine - INFO - OccupancyLoss: 8.01470, OccupancyFlowLoss: 2.92274, DetectionLoss: 2.96219, DynamicLoss: 0.02745, PhysicsLoss: 0.59446
[DynamicLoss Diag] iter=6001 | gt_box=True | gaussians=25591 dyn_gt=78 (0.30%) | pred_dyn_ratio=1.34% | loss=0.0936
[PhysicsLoss Diag] iter=6001 | gt_box=True static=25513 dyn=78 | offset_rms=0.0224 offset_dyn_rms=6.1173 turn_deg=0.91 | loss_static=0.0170 loss_smooth=0.0000 loss_rigid=0.0029 loss_vel=0.0000 loss_traj=1.1760 total=1.1959
08/11 21:30:55 - mmengine - INFO - [EVAL] Epoch 9 Iter   250: Loss: 17.696 (18.240)
08/11 21:30:55 - mmengine - INFO - OccupancyLoss: 6.80760, OccupancyFlowLoss: 5.21543, DetectionLoss: 4.38391, DynamicLoss: 0.09362, PhysicsLoss: 1.19592
08/11 21:31:54 - mmengine - INFO - [EVAL] Epoch 9 Iter   300: Loss: 20.406 (18.089)
08/11 21:31:54 - mmengine - INFO - OccupancyLoss: 7.55720, OccupancyFlowLoss: 6.44696, DetectionLoss: 5.22004, DynamicLoss: 0.01780, PhysicsLoss: 1.16437
08/11 21:32:55 - mmengine - INFO - [EVAL] Epoch 9 Iter   350: Loss: 10.483 (18.155)
08/11 21:32:55 - mmengine - INFO - OccupancyLoss: 4.64106, OccupancyFlowLoss: 1.72431, DetectionLoss: 3.67315, DynamicLoss: 0.03319, PhysicsLoss: 0.41163
08/11 21:33:54 - mmengine - INFO - [EVAL] Epoch 9 Iter   400: Loss: 14.094 (18.036)
08/11 21:33:55 - mmengine - INFO - OccupancyLoss: 6.51714, OccupancyFlowLoss: 0.83008, DetectionLoss: 6.71512, DynamicLoss: 0.02799, PhysicsLoss: 0.00332
08/11 21:34:55 - mmengine - INFO - [EVAL] Epoch 9 Iter   450: Loss: 33.828 (18.141)
08/11 21:34:55 - mmengine - INFO - OccupancyLoss: 7.14351, OccupancyFlowLoss: 7.31303, DetectionLoss: 14.57753, DynamicLoss: 0.14427, PhysicsLoss: 4.64966
08/11 21:35:55 - mmengine - INFO - Validation per class iou none:
08/11 21:35:55 - mmengine - INFO - barrier : 19.43%, 0.29, 0.36
08/11 21:35:55 - mmengine - INFO - bicycle : 1.25%, 0.14, 0.01
08/11 21:35:55 - mmengine - INFO - bus : 28.05%, 0.42, 0.46
08/11 21:35:55 - mmengine - INFO - car : 33.90%, 0.48, 0.54
08/11 21:35:55 - mmengine - INFO - construction_vehicle : 11.52%, 0.28, 0.16
08/11 21:35:55 - mmengine - INFO - motorcycle : 4.92%, 0.28, 0.06
08/11 21:35:55 - mmengine - INFO - pedestrian : 12.50%, 0.26, 0.20
08/11 21:35:55 - mmengine - INFO - traffic_cone : 0.70%, 0.23, 0.01
08/11 21:35:55 - mmengine - INFO - trailer : 12.54%, 0.21, 0.23
08/11 21:35:55 - mmengine - INFO - truck : 22.93%, 0.34, 0.42
08/11 21:35:55 - mmengine - INFO - driveable_surface : 43.17%, 0.66, 0.55
08/11 21:35:55 - mmengine - INFO - other_flat : 19.76%, 0.49, 0.25
08/11 21:35:55 - mmengine - INFO - sidewalk : 24.35%, 0.42, 0.37
08/11 21:35:55 - mmengine - INFO - terrain : 23.74%, 0.36, 0.41
08/11 21:35:55 - mmengine - INFO - manmade : 8.20%, 0.32, 0.10
08/11 21:35:55 - mmengine - INFO - vegetation : 21.82%, 0.37, 0.35
08/11 21:35:55 - mmengine - INFO - tensor([  213109,    14566,   204192,  1435223,   106632,    22025,   206833,
           42653,   134799,   555406,  7051599,   345594,  2482869,  3418334,
         7852446,  8317553, 32659904], device='cuda:0', dtype=torch.int32)
08/11 21:35:55 - mmengine - INFO - tensor([   77486,      197,    93169,   775110,    17479,     1244,    40484,
             307,    31398,   232749,  3905088,    86129,   914128,  1385681,
          777617,  2924936, 14260236], device='cuda:0', dtype=torch.int32)
08/11 21:35:55 - mmengine - INFO - tensor([  263163,     1406,   221124,  1626548,    62587,     4485,   157542,
            1311,   146975,   692503,  5898396,   176447,  2184699,  3804974,
         2405021,  8010282, 25657464], device='cuda:0', dtype=torch.int32)
08/11 21:35:55 - mmengine - INFO - mIoU: 18.0493676365586, iou2: 32.36759948730469
08/11 21:35:55 - mmengine - INFO - Current val loss is 18.221
08/11 21:36:14 - mmengine - INFO - [TRAIN] Epoch 9 Iter     0/750: Loss: 7.137 (7.137), grad_norm: 62.278, lr: 0.0000200, time: 9.130 (3.125)
08/11 21:36:14 - mmengine - INFO - OccupancyLoss: 4.05420, OccupancyFlowLoss: 0.00000, DetectionLoss: 2.90000, DynamicLoss: 0.04512, PhysicsLoss: 0.13775
08/11 21:41:01 - mmengine - INFO - [TRAIN] Epoch 9 Iter    50/750: Loss: 17.282 (15.029), grad_norm: 33.038, lr: 0.0000200, time: 5.900 (0.008)
08/11 21:41:01 - mmengine - INFO - OccupancyLoss: 4.78359, OccupancyFlowLoss: 6.03454, DetectionLoss: 6.36650, DynamicLoss: 0.03340, PhysicsLoss: 0.06413
08/11 21:45:45 - mmengine - INFO - [TRAIN] Epoch 9 Iter   100/750: Loss: 11.227 (14.649), grad_norm: 72.501, lr: 0.0000200, time: 5.734 (0.008)
08/11 21:45:45 - mmengine - INFO - OccupancyLoss: 3.93387, OccupancyFlowLoss: 2.63281, DetectionLoss: 4.25654, DynamicLoss: 0.03012, PhysicsLoss: 0.37350
08/11 21:50:29 - mmengine - INFO - [TRAIN] Epoch 9 Iter   150/750: Loss: 16.181 (14.259), grad_norm: 45.746, lr: 0.0000200, time: 5.650 (0.008)
08/11 21:50:29 - mmengine - INFO - OccupancyLoss: 4.64279, OccupancyFlowLoss: 4.68336, DetectionLoss: 6.76878, DynamicLoss: 0.01009, PhysicsLoss: 0.07643
08/11 21:55:16 - mmengine - INFO - [TRAIN] Epoch 9 Iter   200/750: Loss: 11.800 (15.320), grad_norm: 63.145, lr: 0.0000200, time: 5.708 (0.008)
08/11 21:55:16 - mmengine - INFO - OccupancyLoss: 3.63809, OccupancyFlowLoss: 4.11852, DetectionLoss: 2.56427, DynamicLoss: 0.03519, PhysicsLoss: 1.44390
[DynamicLoss Diag] iter=6501 | gt_box=True | gaussians=25587 dyn_gt=31 (0.12%) | pred_dyn_ratio=0.21% | loss=0.0175
[PhysicsLoss Diag] iter=6501 | gt_box=True static=25556 dyn=31 | offset_rms=0.0094 offset_dyn_rms=5.0727 turn_deg=0.50 | loss_static=0.0108 loss_smooth=0.0000 loss_rigid=0.0008 loss_vel=0.0000 loss_traj=0.0000 total=0.0116
08/11 22:00:00 - mmengine - INFO - [TRAIN] Epoch 9 Iter   250/750: Loss: 8.836 (13.840), grad_norm: 93.395, lr: 0.0000200, time: 5.530 (0.008)
08/11 22:00:00 - mmengine - INFO - OccupancyLoss: 4.83753, OccupancyFlowLoss: 0.00000, DetectionLoss: 3.96888, DynamicLoss: 0.01747, PhysicsLoss: 0.01162
08/11 22:04:58 - mmengine - INFO - [TRAIN] Epoch 9 Iter   300/750: Loss: 11.323 (15.483), grad_norm: 36.466, lr: 0.0000200, time: 5.751 (0.008)
08/11 22:04:58 - mmengine - INFO - OccupancyLoss: 3.81194, OccupancyFlowLoss: 4.47572, DetectionLoss: 2.43714, DynamicLoss: 0.02059, PhysicsLoss: 0.57716
08/11 22:09:43 - mmengine - INFO - [TRAIN] Epoch 9 Iter   350/750: Loss: 10.742 (15.724), grad_norm: 58.105, lr: 0.0000200, time: 5.417 (0.008)
08/11 22:09:43 - mmengine - INFO - OccupancyLoss: 3.93073, OccupancyFlowLoss: 3.60325, DetectionLoss: 2.34597, DynamicLoss: 0.01957, PhysicsLoss: 0.84236
08/11 22:14:29 - mmengine - INFO - [TRAIN] Epoch 9 Iter   400/750: Loss: 15.305 (14.840), grad_norm: 39.679, lr: 0.0000200, time: 5.594 (0.008)
08/11 22:14:29 - mmengine - INFO - OccupancyLoss: 2.88426, OccupancyFlowLoss: 2.30514, DetectionLoss: 1.99757, DynamicLoss: 0.02422, PhysicsLoss: 8.09424
08/11 22:19:15 - mmengine - INFO - [TRAIN] Epoch 9 Iter   450/750: Loss: 18.462 (15.603), grad_norm: 41.183, lr: 0.0000200, time: 5.922 (0.008)
08/11 22:19:15 - mmengine - INFO - OccupancyLoss: 5.29020, OccupancyFlowLoss: 4.53310, DetectionLoss: 6.45040, DynamicLoss: 0.14429, PhysicsLoss: 2.04384
08/11 22:24:01 - mmengine - INFO - [TRAIN] Epoch 9 Iter   500/750: Loss: 20.558 (13.943), grad_norm: 43.282, lr: 0.0000200, time: 5.508 (0.008)
08/11 22:24:01 - mmengine - INFO - OccupancyLoss: 7.64876, OccupancyFlowLoss: 7.67826, DetectionLoss: 3.89042, DynamicLoss: 0.02800, PhysicsLoss: 1.31265
08/11 22:28:47 - mmengine - INFO - [TRAIN] Epoch 9 Iter   550/750: Loss: 13.363 (15.251), grad_norm: 56.431, lr: 0.0000200, time: 5.836 (0.008)
08/11 22:28:47 - mmengine - INFO - OccupancyLoss: 4.74319, OccupancyFlowLoss: 5.24728, DetectionLoss: 3.36660, DynamicLoss: 0.00602, PhysicsLoss: 0.00000
08/11 22:33:32 - mmengine - INFO - [TRAIN] Epoch 9 Iter   600/750: Loss: 18.580 (13.912), grad_norm: 69.933, lr: 0.0000200, time: 5.609 (0.008)
08/11 22:33:32 - mmengine - INFO - OccupancyLoss: 5.00309, OccupancyFlowLoss: 4.75228, DetectionLoss: 8.29631, DynamicLoss: 0.02359, PhysicsLoss: 0.50495
08/11 22:38:19 - mmengine - INFO - [TRAIN] Epoch 9 Iter   650/750: Loss: 12.935 (15.251), grad_norm: 54.193, lr: 0.0000200, time: 5.566 (0.008)
08/11 22:38:19 - mmengine - INFO - OccupancyLoss: 6.08914, OccupancyFlowLoss: 4.74769, DetectionLoss: 2.07004, DynamicLoss: 0.00676, PhysicsLoss: 0.02117
08/11 22:43:05 - mmengine - INFO - [TRAIN] Epoch 9 Iter   700/750: Loss: 10.161 (14.950), grad_norm: 63.396, lr: 0.0000200, time: 6.045 (0.008)
08/11 22:43:05 - mmengine - INFO - OccupancyLoss: 3.14827, OccupancyFlowLoss: 0.00000, DetectionLoss: 6.46695, DynamicLoss: 0.01231, PhysicsLoss: 0.53396
[DynamicLoss Diag] iter=7001 | gt_box=True | gaussians=25584 dyn_gt=22 (0.09%) | pred_dyn_ratio=0.67% | loss=0.0305
[PhysicsLoss Diag] iter=7001 | gt_box=True static=25562 dyn=22 | offset_rms=0.0072 offset_dyn_rms=6.3418 turn_deg=0.18 | loss_static=0.0068 loss_smooth=0.0000 loss_rigid=0.0029 loss_vel=0.0000 loss_traj=4.7374 total=4.7470
08/11 22:47:54 - mmengine - INFO - [EVAL] Epoch 10 Iter     0: Loss: 18.201 (18.201)
08/11 22:47:54 - mmengine - INFO - OccupancyLoss: 4.34600, OccupancyFlowLoss: 4.13061, DetectionLoss: 4.94672, DynamicLoss: 0.03051, PhysicsLoss: 4.74701
08/11 22:48:55 - mmengine - INFO - [EVAL] Epoch 10 Iter    50: Loss: 16.442 (17.674)
08/11 22:48:55 - mmengine - INFO - OccupancyLoss: 5.23306, OccupancyFlowLoss: 3.92143, DetectionLoss: 4.68961, DynamicLoss: 0.03247, PhysicsLoss: 2.56584
08/11 22:49:54 - mmengine - INFO - [EVAL] Epoch 10 Iter   100: Loss: 17.317 (17.294)
08/11 22:49:54 - mmengine - INFO - OccupancyLoss: 5.47897, OccupancyFlowLoss: 5.12136, DetectionLoss: 3.74268, DynamicLoss: 0.00968, PhysicsLoss: 2.96434
08/11 22:50:54 - mmengine - INFO - [EVAL] Epoch 10 Iter   150: Loss: 6.728 (17.722)
08/11 22:50:54 - mmengine - INFO - OccupancyLoss: 5.49337, OccupancyFlowLoss: 1.14282, DetectionLoss: 0.09186, DynamicLoss: 0.00023, PhysicsLoss: 0.00000
08/11 22:51:54 - mmengine - INFO - [EVAL] Epoch 10 Iter   200: Loss: 14.702 (17.882)
08/11 22:51:54 - mmengine - INFO - OccupancyLoss: 7.95499, OccupancyFlowLoss: 2.91942, DetectionLoss: 3.05876, DynamicLoss: 0.01945, PhysicsLoss: 0.74893
08/11 22:52:55 - mmengine - INFO - [EVAL] Epoch 10 Iter   250: Loss: 17.932 (17.826)
08/11 22:52:55 - mmengine - INFO - OccupancyLoss: 6.98435, OccupancyFlowLoss: 5.35056, DetectionLoss: 4.00004, DynamicLoss: 0.09974, PhysicsLoss: 1.49747
08/11 22:53:54 - mmengine - INFO - [EVAL] Epoch 10 Iter   300: Loss: 20.793 (17.675)
08/11 22:53:54 - mmengine - INFO - OccupancyLoss: 7.60066, OccupancyFlowLoss: 6.51738, DetectionLoss: 5.89663, DynamicLoss: 0.01755, PhysicsLoss: 0.76088
08/11 22:54:55 - mmengine - INFO - [EVAL] Epoch 10 Iter   350: Loss: 9.992 (17.747)
08/11 22:54:55 - mmengine - INFO - OccupancyLoss: 4.38308, OccupancyFlowLoss: 1.76819, DetectionLoss: 3.42239, DynamicLoss: 0.02664, PhysicsLoss: 0.39136
08/11 22:55:54 - mmengine - INFO - [EVAL] Epoch 10 Iter   400: Loss: 13.153 (17.613)
08/11 22:55:54 - mmengine - INFO - OccupancyLoss: 6.65856, OccupancyFlowLoss: 0.84127, DetectionLoss: 5.61983, DynamicLoss: 0.02844, PhysicsLoss: 0.00505
08/11 22:56:55 - mmengine - INFO - [EVAL] Epoch 10 Iter   450: Loss: 31.748 (17.717)
08/11 22:56:55 - mmengine - INFO - OccupancyLoss: 6.94504, OccupancyFlowLoss: 7.30971, DetectionLoss: 13.05720, DynamicLoss: 0.12029, PhysicsLoss: 4.31617
08/11 22:57:54 - mmengine - INFO - Validation per class iou none:
08/11 22:57:54 - mmengine - INFO - barrier : 19.49%, 0.34, 0.31
08/11 22:57:54 - mmengine - INFO - bicycle : 5.13%, 0.16, 0.07
08/11 22:57:54 - mmengine - INFO - bus : 28.85%, 0.40, 0.52
08/11 22:57:54 - mmengine - INFO - car : 34.97%, 0.52, 0.52
08/11 22:57:54 - mmengine - INFO - construction_vehicle : 11.20%, 0.32, 0.15
08/11 22:57:54 - mmengine - INFO - motorcycle : 8.91%, 0.23, 0.13
08/11 22:57:54 - mmengine - INFO - pedestrian : 12.69%, 0.29, 0.18
08/11 22:57:54 - mmengine - INFO - traffic_cone : 1.29%, 0.20, 0.01
08/11 22:57:54 - mmengine - INFO - trailer : 8.88%, 0.19, 0.14
08/11 22:57:54 - mmengine - INFO - truck : 22.75%, 0.39, 0.36
08/11 22:57:54 - mmengine - INFO - driveable_surface : 44.59%, 0.64, 0.60
08/11 22:57:54 - mmengine - INFO - other_flat : 20.39%, 0.57, 0.24
08/11 22:57:54 - mmengine - INFO - sidewalk : 24.75%, 0.44, 0.36
08/11 22:57:54 - mmengine - INFO - terrain : 23.17%, 0.40, 0.36
08/11 22:57:54 - mmengine - INFO - manmade : 5.41%, 0.39, 0.06
08/11 22:57:54 - mmengine - INFO - vegetation : 19.28%, 0.46, 0.25
08/11 22:57:54 - mmengine - INFO - tensor([  213109,    14566,   204192,  1435223,   106632,    22025,   206833,
           42653,   134799,   555406,  7051599,   345594,  2482869,  3418334,
         7852446,  8317553, 32659904], device='cuda:0', dtype=torch.int32)
08/11 22:57:54 - mmengine - INFO - tensor([   67085,     1014,   105317,   741411,    15707,     2817,    37911,
             581,    19109,   197749,  4210498,    83323,   894007,  1223021,
          463657,  2066005, 12521942], device='cuda:0', dtype=torch.int32)
08/11 22:57:54 - mmengine - INFO - tensor([  198131,     6229,   266228,  1426459,    49339,    12417,   129931,
            2972,    99482,   511618,  6601150,   146376,  2023685,  3083238,
         1180205,  4466970, 20204430], device='cuda:0', dtype=torch.int32)
08/11 22:57:54 - mmengine - INFO - mIoU: 18.232993164565414, iou2: 31.039165496826172
08/11 22:57:54 - mmengine - INFO - Current val loss is 17.813
[DynamicLoss Diag] iter=7501 | gt_box=True | gaussians=25587 dyn_gt=110 (0.43%) | pred_dyn_ratio=0.48% | loss=0.0511
[PhysicsLoss Diag] iter=7501 | gt_box=True static=25477 dyn=110 | offset_rms=0.0901 offset_dyn_rms=9.3522 turn_deg=0.91 | loss_static=0.2775 loss_smooth=0.0000 loss_rigid=0.0058 loss_vel=0.0000 loss_traj=0.9792 total=1.2625
08/11 22:58:13 - mmengine - INFO - [TRAIN] Epoch 10 Iter     0/750: Loss: 19.938 (19.938), grad_norm: 44.182, lr: 0.0000200, time: 9.181 (3.278)
08/11 22:58:13 - mmengine - INFO - OccupancyLoss: 4.52651, OccupancyFlowLoss: 6.89798, DetectionLoss: 7.19981, DynamicLoss: 0.05109, PhysicsLoss: 1.26250
08/11 23:03:21 - mmengine - INFO - [TRAIN] Epoch 10 Iter    50/750: Loss: 13.048 (12.974), grad_norm: 58.307, lr: 0.0000200, time: 5.810 (0.008)
08/11 23:03:21 - mmengine - INFO - OccupancyLoss: 5.09155, OccupancyFlowLoss: 4.27346, DetectionLoss: 2.94211, DynamicLoss: 0.03333, PhysicsLoss: 0.70714
08/11 23:08:18 - mmengine - INFO - [TRAIN] Epoch 10 Iter   100/750: Loss: 9.937 (14.465), grad_norm: 31.108, lr: 0.0000200, time: 5.769 (0.008)
08/11 23:08:18 - mmengine - INFO - OccupancyLoss: 4.64899, OccupancyFlowLoss: 5.11230, DetectionLoss: 0.17436, DynamicLoss: 0.00126, PhysicsLoss: 0.00000
08/11 23:13:04 - mmengine - INFO - [TRAIN] Epoch 10 Iter   150/750: Loss: 19.709 (13.535), grad_norm: 46.075, lr: 0.0000200, time: 5.824 (0.008)
08/11 23:13:04 - mmengine - INFO - OccupancyLoss: 4.24087, OccupancyFlowLoss: 4.32728, DetectionLoss: 5.76569, DynamicLoss: 0.09254, PhysicsLoss: 5.28248
08/11 23:17:50 - mmengine - INFO - [TRAIN] Epoch 10 Iter   200/750: Loss: 10.532 (14.489), grad_norm: 30.073, lr: 0.0000200, time: 5.750 (0.008)
08/11 23:17:50 - mmengine - INFO - OccupancyLoss: 4.94771, OccupancyFlowLoss: 4.48587, DetectionLoss: 1.09018, DynamicLoss: 0.00850, PhysicsLoss: 0.00000
08/11 23:22:35 - mmengine - INFO - [TRAIN] Epoch 10 Iter   250/750: Loss: 16.573 (14.170), grad_norm: 73.041, lr: 0.0000200, time: 5.940 (0.008)
08/11 23:22:35 - mmengine - INFO - OccupancyLoss: 4.36911, OccupancyFlowLoss: 5.15011, DetectionLoss: 2.63852, DynamicLoss: 0.04375, PhysicsLoss: 4.37116
08/11 23:27:22 - mmengine - INFO - [TRAIN] Epoch 10 Iter   300/750: Loss: 10.534 (14.373), grad_norm: 40.994, lr: 0.0000200, time: 5.765 (0.008)
08/11 23:27:22 - mmengine - INFO - OccupancyLoss: 4.63088, OccupancyFlowLoss: 1.37945, DetectionLoss: 4.17121, DynamicLoss: 0.01540, PhysicsLoss: 0.33707
08/11 23:32:07 - mmengine - INFO - [TRAIN] Epoch 10 Iter   350/750: Loss: 11.710 (13.964), grad_norm: 63.449, lr: 0.0000200, time: 5.666 (0.008)
08/11 23:32:07 - mmengine - INFO - OccupancyLoss: 2.72077, OccupancyFlowLoss: 2.85155, DetectionLoss: 3.59470, DynamicLoss: 0.03011, PhysicsLoss: 2.51241
08/11 23:36:53 - mmengine - INFO - [TRAIN] Epoch 10 Iter   400/750: Loss: 12.962 (14.230), grad_norm: 33.525, lr: 0.0000200, time: 5.583 (0.008)
08/11 23:36:53 - mmengine - INFO - OccupancyLoss: 6.33252, OccupancyFlowLoss: 2.78398, DetectionLoss: 2.77594, DynamicLoss: 0.02512, PhysicsLoss: 1.04443
08/11 23:41:36 - mmengine - INFO - [TRAIN] Epoch 10 Iter   450/750: Loss: 20.785 (13.430), grad_norm: 67.312, lr: 0.0000200, time: 5.650 (0.008)
08/11 23:41:36 - mmengine - INFO - OccupancyLoss: 5.35830, OccupancyFlowLoss: 9.10211, DetectionLoss: 4.09318, DynamicLoss: 0.05658, PhysicsLoss: 2.17514
[DynamicLoss Diag] iter=8001 | gt_box=True | gaussians=25584 dyn_gt=147 (0.57%) | pred_dyn_ratio=1.15% | loss=0.0850
[PhysicsLoss Diag] iter=8001 | gt_box=True static=25437 dyn=147 | offset_rms=0.1150 offset_dyn_rms=14.7340 turn_deg=0.63 | loss_static=0.3221 loss_smooth=0.0000 loss_rigid=0.0045 loss_vel=0.0000 loss_traj=1.6770 total=2.0035
08/11 23:46:24 - mmengine - INFO - [TRAIN] Epoch 10 Iter   500/750: Loss: 19.982 (14.822), grad_norm: 57.474, lr: 0.0000200, time: 5.826 (0.008)
08/11 23:46:24 - mmengine - INFO - OccupancyLoss: 6.15368, OccupancyFlowLoss: 4.64206, DetectionLoss: 7.09770, DynamicLoss: 0.08503, PhysicsLoss: 2.00352
08/11 23:51:10 - mmengine - INFO - [TRAIN] Epoch 10 Iter   550/750: Loss: 21.118 (14.122), grad_norm: 43.261, lr: 0.0000200, time: 5.923 (0.008)
08/11 23:51:10 - mmengine - INFO - OccupancyLoss: 5.73760, OccupancyFlowLoss: 5.73545, DetectionLoss: 7.60452, DynamicLoss: 0.10108, PhysicsLoss: 1.93894
08/11 23:55:55 - mmengine - INFO - [TRAIN] Epoch 10 Iter   600/750: Loss: 14.890 (14.226), grad_norm: 67.238, lr: 0.0000200, time: 5.801 (0.008)
08/11 23:55:55 - mmengine - INFO - OccupancyLoss: 5.23203, OccupancyFlowLoss: 2.80992, DetectionLoss: 6.66840, DynamicLoss: 0.04252, PhysicsLoss: 0.13678
08/12 00:00:40 - mmengine - INFO - [TRAIN] Epoch 10 Iter   650/750: Loss: 16.815 (14.368), grad_norm: 28.807, lr: 0.0000200, time: 5.881 (0.008)
08/12 00:00:40 - mmengine - INFO - OccupancyLoss: 5.99659, OccupancyFlowLoss: 4.76790, DetectionLoss: 4.26862, DynamicLoss: 0.06735, PhysicsLoss: 1.71418
08/12 00:05:26 - mmengine - INFO - [TRAIN] Epoch 10 Iter   700/750: Loss: 12.393 (13.334), grad_norm: 70.402, lr: 0.0000200, time: 5.835 (0.008)
08/12 00:05:26 - mmengine - INFO - OccupancyLoss: 5.27723, OccupancyFlowLoss: 3.50173, DetectionLoss: 3.13136, DynamicLoss: 0.00964, PhysicsLoss: 0.47300
08/12 00:10:15 - mmengine - INFO - [EVAL] Epoch 11 Iter     0: Loss: 18.016 (18.016)
08/12 00:10:15 - mmengine - INFO - OccupancyLoss: 4.66585, OccupancyFlowLoss: 4.23927, DetectionLoss: 4.38322, DynamicLoss: 0.04263, PhysicsLoss: 4.68496
08/12 00:11:16 - mmengine - INFO - [EVAL] Epoch 11 Iter    50: Loss: 15.269 (17.844)
08/12 00:11:16 - mmengine - INFO - OccupancyLoss: 4.80326, OccupancyFlowLoss: 3.55045, DetectionLoss: 4.62444, DynamicLoss: 0.03813, PhysicsLoss: 2.25246
08/12 00:12:16 - mmengine - INFO - [EVAL] Epoch 11 Iter   100: Loss: 18.724 (17.386)
08/12 00:12:16 - mmengine - INFO - OccupancyLoss: 5.90990, OccupancyFlowLoss: 5.13543, DetectionLoss: 4.40747, DynamicLoss: 0.00973, PhysicsLoss: 3.26102
08/12 00:13:16 - mmengine - INFO - [EVAL] Epoch 11 Iter   150: Loss: 6.614 (17.881)
08/12 00:13:16 - mmengine - INFO - OccupancyLoss: 5.41063, OccupancyFlowLoss: 1.12048, DetectionLoss: 0.08247, DynamicLoss: 0.00024, PhysicsLoss: 0.00000
08/12 00:14:16 - mmengine - INFO - [EVAL] Epoch 11 Iter   200: Loss: 13.417 (17.968)
08/12 00:14:16 - mmengine - INFO - OccupancyLoss: 7.36260, OccupancyFlowLoss: 2.61114, DetectionLoss: 2.65690, DynamicLoss: 0.02116, PhysicsLoss: 0.76553
[DynamicLoss Diag] iter=8501 | gt_box=True | gaussians=25590 dyn_gt=83 (0.32%) | pred_dyn_ratio=1.79% | loss=0.0957
[PhysicsLoss Diag] iter=8501 | gt_box=True static=25507 dyn=83 | offset_rms=0.0244 offset_dyn_rms=6.1531 turn_deg=0.71 | loss_static=0.0215 loss_smooth=0.0000 loss_rigid=0.0030 loss_vel=0.0000 loss_traj=1.4980 total=1.5226
08/12 00:15:17 - mmengine - INFO - [EVAL] Epoch 11 Iter   250: Loss: 18.092 (17.887)
08/12 00:15:17 - mmengine - INFO - OccupancyLoss: 7.20151, OccupancyFlowLoss: 5.35382, DetectionLoss: 3.91848, DynamicLoss: 0.09573, PhysicsLoss: 1.52256
08/12 00:16:17 - mmengine - INFO - [EVAL] Epoch 11 Iter   300: Loss: 20.770 (17.731)
08/12 00:16:17 - mmengine - INFO - OccupancyLoss: 7.29158, OccupancyFlowLoss: 6.27707, DetectionLoss: 6.53933, DynamicLoss: 0.01155, PhysicsLoss: 0.65046
08/12 00:17:18 - mmengine - INFO - [EVAL] Epoch 11 Iter   350: Loss: 9.681 (17.744)
08/12 00:17:18 - mmengine - INFO - OccupancyLoss: 4.34767, OccupancyFlowLoss: 1.65661, DetectionLoss: 3.16712, DynamicLoss: 0.02592, PhysicsLoss: 0.48390
08/12 00:18:17 - mmengine - INFO - [EVAL] Epoch 11 Iter   400: Loss: 14.309 (17.603)
08/12 00:18:17 - mmengine - INFO - OccupancyLoss: 6.68325, OccupancyFlowLoss: 0.82572, DetectionLoss: 6.76697, DynamicLoss: 0.02882, PhysicsLoss: 0.00419
08/12 00:19:18 - mmengine - INFO - [EVAL] Epoch 11 Iter   450: Loss: 31.410 (17.710)
08/12 00:19:18 - mmengine - INFO - OccupancyLoss: 6.66267, OccupancyFlowLoss: 6.96270, DetectionLoss: 13.38389, DynamicLoss: 0.13493, PhysicsLoss: 4.26538
08/12 00:20:18 - mmengine - INFO - Validation per class iou none:
08/12 00:20:18 - mmengine - INFO - barrier : 19.88%, 0.27, 0.42
08/12 00:20:18 - mmengine - INFO - bicycle : 7.25%, 0.20, 0.10
08/12 00:20:18 - mmengine - INFO - bus : 30.20%, 0.38, 0.59
08/12 00:20:18 - mmengine - INFO - car : 34.34%, 0.44, 0.60
08/12 00:20:18 - mmengine - INFO - construction_vehicle : 12.10%, 0.32, 0.16
08/12 00:20:18 - mmengine - INFO - motorcycle : 8.83%, 0.13, 0.21
08/12 00:20:18 - mmengine - INFO - pedestrian : 13.33%, 0.24, 0.23
08/12 00:20:18 - mmengine - INFO - traffic_cone : 4.62%, 0.16, 0.06
08/12 00:20:18 - mmengine - INFO - trailer : 11.86%, 0.25, 0.19
08/12 00:20:18 - mmengine - INFO - truck : 24.86%, 0.35, 0.47
08/12 00:20:18 - mmengine - INFO - driveable_surface : 45.09%, 0.61, 0.64
08/12 00:20:18 - mmengine - INFO - other_flat : 23.35%, 0.45, 0.33
08/12 00:20:18 - mmengine - INFO - sidewalk : 25.78%, 0.41, 0.41
08/12 00:20:18 - mmengine - INFO - terrain : 24.21%, 0.37, 0.42
08/12 00:20:18 - mmengine - INFO - manmade : 8.78%, 0.34, 0.11
08/12 00:20:18 - mmengine - INFO - vegetation : 22.86%, 0.39, 0.35
08/12 00:20:18 - mmengine - INFO - tensor([  213109,    14566,   204192,  1435223,   106632,    22025,   206833,
           42653,   134799,   555406,  7051599,   345594,  2482869,  3418334,
         7852446,  8317553, 32659904], device='cuda:0', dtype=torch.int32)
08/12 00:20:18 - mmengine - INFO - tensor([   90033,     1495,   119666,   866000,    17246,     4566,    48198,
            2626,    25072,   258856,  4484844,   113427,  1017076,  1427121,
          829493,  2931505, 15265831], device='cuda:0', dtype=torch.int32)
08/12 00:20:18 - mmengine - INFO - tensor([  329799,     7548,   311710,  1952783,    53143,    34275,   203017,
           16793,   101676,   744519,  7378875,   253698,  2478992,  3904157,
         2425797,  7435018, 27631800], device='cuda:0', dtype=torch.int32)
08/12 00:20:18 - mmengine - INFO - mIoU: 19.833824643865228, iou2: 33.90457534790039
08/12 00:20:18 - mmengine - INFO - Current val loss is 17.814
08/12 00:20:37 - mmengine - INFO - [TRAIN] Epoch 11 Iter     0/750: Loss: 10.476 (10.476), grad_norm: 101.314, lr: 0.0000200, time: 9.142 (3.094)
08/12 00:20:37 - mmengine - INFO - OccupancyLoss: 4.93266, OccupancyFlowLoss: 3.21120, DetectionLoss: 1.57581, DynamicLoss: 0.01628, PhysicsLoss: 0.73994
08/12 00:25:23 - mmengine - INFO - [TRAIN] Epoch 11 Iter    50/750: Loss: 21.431 (14.198), grad_norm: 47.050, lr: 0.0000200, time: 5.753 (0.008)
08/12 00:25:23 - mmengine - INFO - OccupancyLoss: 7.27342, OccupancyFlowLoss: 6.32965, DetectionLoss: 4.99547, DynamicLoss: 0.09286, PhysicsLoss: 2.73979
08/12 00:30:09 - mmengine - INFO - [TRAIN] Epoch 11 Iter   100/750: Loss: 11.151 (13.586), grad_norm: 59.849, lr: 0.0000200, time: 5.746 (0.008)
08/12 00:30:09 - mmengine - INFO - OccupancyLoss: 4.94346, OccupancyFlowLoss: 4.04561, DetectionLoss: 0.87960, DynamicLoss: 0.01396, PhysicsLoss: 1.26815
08/12 00:34:55 - mmengine - INFO - [TRAIN] Epoch 11 Iter   150/750: Loss: 19.774 (14.033), grad_norm: 50.427, lr: 0.0000200, time: 5.668 (0.008)
08/12 00:34:55 - mmengine - INFO - OccupancyLoss: 4.96159, OccupancyFlowLoss: 5.76590, DetectionLoss: 3.94446, DynamicLoss: 0.01364, PhysicsLoss: 5.08876
08/12 00:39:41 - mmengine - INFO - [TRAIN] Epoch 11 Iter   200/750: Loss: 12.997 (13.044), grad_norm: 54.642, lr: 0.0000200, time: 5.596 (0.008)
08/12 00:39:41 - mmengine - INFO - OccupancyLoss: 5.08790, OccupancyFlowLoss: 4.88164, DetectionLoss: 2.51946, DynamicLoss: 0.02948, PhysicsLoss: 0.47812
[DynamicLoss Diag] iter=9001 | gt_box=True | gaussians=25593 dyn_gt=98 (0.38%) | pred_dyn_ratio=0.28% | loss=0.0980
[PhysicsLoss Diag] iter=9001 | gt_box=True static=25495 dyn=98 | offset_rms=0.0375 offset_dyn_rms=3.8820 turn_deg=0.55 | loss_static=0.0807 loss_smooth=0.0000 loss_rigid=0.0062 loss_vel=0.0000 loss_traj=2.9573 total=3.0442
08/12 00:44:26 - mmengine - INFO - [TRAIN] Epoch 11 Iter   250/750: Loss: 22.070 (13.786), grad_norm: 44.663, lr: 0.0000200, time: 5.651 (0.008)
08/12 00:44:26 - mmengine - INFO - OccupancyLoss: 7.75374, OccupancyFlowLoss: 6.19803, DetectionLoss: 4.97612, DynamicLoss: 0.09798, PhysicsLoss: 3.04420
08/12 00:49:10 - mmengine - INFO - [TRAIN] Epoch 11 Iter   300/750: Loss: 19.192 (14.116), grad_norm: 42.540, lr: 0.0000200, time: 5.744 (0.008)
08/12 00:49:10 - mmengine - INFO - OccupancyLoss: 7.31280, OccupancyFlowLoss: 4.88856, DetectionLoss: 5.64723, DynamicLoss: 0.13557, PhysicsLoss: 1.20767
08/12 00:53:56 - mmengine - INFO - [TRAIN] Epoch 11 Iter   350/750: Loss: 14.432 (14.508), grad_norm: 49.435, lr: 0.0000200, time: 5.599 (0.008)
08/12 00:53:56 - mmengine - INFO - OccupancyLoss: 4.84045, OccupancyFlowLoss: 6.02998, DetectionLoss: 1.94950, DynamicLoss: 0.01736, PhysicsLoss: 1.59467
08/12 00:58:43 - mmengine - INFO - [TRAIN] Epoch 11 Iter   400/750: Loss: 16.247 (14.496), grad_norm: 70.502, lr: 0.0000200, time: 5.789 (0.008)
08/12 00:58:43 - mmengine - INFO - OccupancyLoss: 5.44215, OccupancyFlowLoss: 5.09890, DetectionLoss: 2.23110, DynamicLoss: 0.04623, PhysicsLoss: 3.42849
08/12 01:03:30 - mmengine - INFO - [TRAIN] Epoch 11 Iter   450/750: Loss: 21.096 (14.218), grad_norm: 36.119, lr: 0.0000200, time: 6.043 (0.008)
08/12 01:03:30 - mmengine - INFO - OccupancyLoss: 5.27551, OccupancyFlowLoss: 5.22778, DetectionLoss: 8.21127, DynamicLoss: 0.21154, PhysicsLoss: 2.16973
08/12 01:08:15 - mmengine - INFO - [TRAIN] Epoch 11 Iter   500/750: Loss: 13.811 (13.441), grad_norm: 65.245, lr: 0.0000200, time: 5.710 (0.008)
08/12 01:08:15 - mmengine - INFO - OccupancyLoss: 5.59117, OccupancyFlowLoss: 4.44428, DetectionLoss: 2.64843, DynamicLoss: 0.02553, PhysicsLoss: 1.10128
08/12 01:13:00 - mmengine - INFO - [TRAIN] Epoch 11 Iter   550/750: Loss: 16.182 (14.293), grad_norm: 66.814, lr: 0.0000200, time: 5.559 (0.008)
08/12 01:13:00 - mmengine - INFO - OccupancyLoss: 5.80346, OccupancyFlowLoss: 5.81982, DetectionLoss: 4.55418, DynamicLoss: 0.00410, PhysicsLoss: 0.00000
08/12 01:17:55 - mmengine - INFO - [TRAIN] Epoch 11 Iter   600/750: Loss: 19.748 (13.349), grad_norm: 101.486, lr: 0.0000200, time: 5.598 (0.008)
08/12 01:17:55 - mmengine - INFO - OccupancyLoss: 6.76313, OccupancyFlowLoss: 6.28420, DetectionLoss: 3.91457, DynamicLoss: 0.00811, PhysicsLoss: 2.77755
08/12 01:22:40 - mmengine - INFO - [TRAIN] Epoch 11 Iter   650/750: Loss: 20.094 (13.677), grad_norm: 49.105, lr: 0.0000200, time: 5.683 (0.008)
08/12 01:22:40 - mmengine - INFO - OccupancyLoss: 6.06772, OccupancyFlowLoss: 6.91063, DetectionLoss: 3.48093, DynamicLoss: 0.05882, PhysicsLoss: 3.57566
08/12 01:27:26 - mmengine - INFO - [TRAIN] Epoch 11 Iter   700/750: Loss: 10.626 (13.054), grad_norm: 72.812, lr: 0.0000200, time: 5.557 (0.008)
08/12 01:27:26 - mmengine - INFO - OccupancyLoss: 3.29757, OccupancyFlowLoss: 3.08964, DetectionLoss: 2.90206, DynamicLoss: 0.05847, PhysicsLoss: 1.27811
[DynamicLoss Diag] iter=9501 | gt_box=True | gaussians=25584 dyn_gt=19 (0.07%) | pred_dyn_ratio=0.97% | loss=0.0508
[PhysicsLoss Diag] iter=9501 | gt_box=True static=25565 dyn=19 | offset_rms=0.0060 offset_dyn_rms=6.1524 turn_deg=0.30 | loss_static=0.0055 loss_smooth=0.0000 loss_rigid=0.0026 loss_vel=0.0000 loss_traj=4.3668 total=4.3750
08/12 01:32:14 - mmengine - INFO - [EVAL] Epoch 12 Iter     0: Loss: 16.589 (16.589)
08/12 01:32:14 - mmengine - INFO - OccupancyLoss: 4.55813, OccupancyFlowLoss: 3.94498, DetectionLoss: 3.66037, DynamicLoss: 0.05083, PhysicsLoss: 4.37496
08/12 01:33:15 - mmengine - INFO - [EVAL] Epoch 12 Iter    50: Loss: 16.906 (17.582)
08/12 01:33:15 - mmengine - INFO - OccupancyLoss: 5.30965, OccupancyFlowLoss: 3.97610, DetectionLoss: 4.89835, DynamicLoss: 0.04305, PhysicsLoss: 2.67859
08/12 01:34:14 - mmengine - INFO - [EVAL] Epoch 12 Iter   100: Loss: 18.151 (17.371)
08/12 01:34:14 - mmengine - INFO - OccupancyLoss: 5.42313, OccupancyFlowLoss: 5.03224, DetectionLoss: 4.56155, DynamicLoss: 0.00813, PhysicsLoss: 3.12636
08/12 01:35:14 - mmengine - INFO - [EVAL] Epoch 12 Iter   150: Loss: 6.541 (17.784)
08/12 01:35:14 - mmengine - INFO - OccupancyLoss: 5.28843, OccupancyFlowLoss: 1.12066, DetectionLoss: 0.13200, DynamicLoss: 0.00031, PhysicsLoss: 0.00000
08/12 01:36:14 - mmengine - INFO - [EVAL] Epoch 12 Iter   200: Loss: 14.815 (17.917)
08/12 01:36:14 - mmengine - INFO - OccupancyLoss: 8.06935, OccupancyFlowLoss: 2.96971, DetectionLoss: 3.08436, DynamicLoss: 0.02078, PhysicsLoss: 0.67048
08/12 01:37:15 - mmengine - INFO - [EVAL] Epoch 12 Iter   250: Loss: 17.041 (17.801)
08/12 01:37:15 - mmengine - INFO - OccupancyLoss: 6.68070, OccupancyFlowLoss: 5.06366, DetectionLoss: 3.82528, DynamicLoss: 0.08493, PhysicsLoss: 1.38690
08/12 01:38:14 - mmengine - INFO - [EVAL] Epoch 12 Iter   300: Loss: 21.361 (17.654)
08/12 01:38:14 - mmengine - INFO - OccupancyLoss: 7.58236, OccupancyFlowLoss: 6.43810, DetectionLoss: 6.54109, DynamicLoss: 0.02147, PhysicsLoss: 0.77808
08/12 01:39:15 - mmengine - INFO - [EVAL] Epoch 12 Iter   350: Loss: 9.535 (17.708)
08/12 01:39:15 - mmengine - INFO - OccupancyLoss: 4.67209, OccupancyFlowLoss: 1.73214, DetectionLoss: 2.69618, DynamicLoss: 0.02562, PhysicsLoss: 0.40849
08/12 01:40:14 - mmengine - INFO - [EVAL] Epoch 12 Iter   400: Loss: 14.067 (17.569)
08/12 01:40:14 - mmengine - INFO - OccupancyLoss: 6.57091, OccupancyFlowLoss: 0.84527, DetectionLoss: 6.62019, DynamicLoss: 0.02855, PhysicsLoss: 0.00197
08/12 01:41:15 - mmengine - INFO - [EVAL] Epoch 12 Iter   450: Loss: 32.817 (17.681)
08/12 01:41:15 - mmengine - INFO - OccupancyLoss: 6.88657, OccupancyFlowLoss: 7.24193, DetectionLoss: 14.07595, DynamicLoss: 0.13320, PhysicsLoss: 4.47914
08/12 01:42:14 - mmengine - INFO - Validation per class iou none:
08/12 01:42:14 - mmengine - INFO - barrier : 19.94%, 0.32, 0.35
08/12 01:42:14 - mmengine - INFO - bicycle : 8.58%, 0.18, 0.14
08/12 01:42:14 - mmengine - INFO - bus : 29.71%, 0.40, 0.53
08/12 01:42:14 - mmengine - INFO - car : 34.57%, 0.47, 0.56
08/12 01:42:14 - mmengine - INFO - construction_vehicle : 12.43%, 0.31, 0.17
08/12 01:42:14 - mmengine - INFO - motorcycle : 9.48%, 0.20, 0.15
08/12 01:42:14 - mmengine - INFO - pedestrian : 13.93%, 0.25, 0.24
08/12 01:42:14 - mmengine - INFO - traffic_cone : 3.96%, 0.18, 0.05
08/12 01:42:14 - mmengine - INFO - trailer : 14.47%, 0.24, 0.27
08/12 01:42:14 - mmengine - INFO - truck : 24.42%, 0.37, 0.42
08/12 01:42:14 - mmengine - INFO - driveable_surface : 44.52%, 0.66, 0.58
08/12 01:42:14 - mmengine - INFO - other_flat : 22.17%, 0.52, 0.28
08/12 01:42:14 - mmengine - INFO - sidewalk : 25.52%, 0.43, 0.38
08/12 01:42:14 - mmengine - INFO - terrain : 21.87%, 0.44, 0.30
08/12 01:42:14 - mmengine - INFO - manmade : 8.45%, 0.35, 0.10
08/12 01:42:14 - mmengine - INFO - vegetation : 22.30%, 0.40, 0.33
08/12 01:42:14 - mmengine - INFO - tensor([  213109,    14566,   204192,  1435223,   106632,    22025,   206833,
           42653,   134799,   555406,  7051599,   345594,  2482869,  3418334,
         7852446,  8317553, 32659904], device='cuda:0', dtype=torch.int32)
08/12 01:42:14 - mmengine - INFO - tensor([   74815,     2015,   108486,   804593,    18223,     3357,    48702,
            2056,    35847,   232668,  4090006,    96015,   954043,  1041076,
          788913,  2762028, 13481411], device='cuda:0', dtype=torch.int32)
08/12 01:42:14 - mmengine - INFO - tensor([  236877,    10942,   269489,  1696790,    58225,    16751,   191472,
           11346,   148700,   629929,  6225203,   183556,  2208899,  2382333,
         2276333,  6830250, 23377096], device='cuda:0', dtype=torch.int32)
08/12 01:42:14 - mmengine - INFO - mIoU: 19.769972981885076, iou2: 31.67953109741211
08/12 01:42:14 - mmengine - INFO - Current val loss is 17.782
[DynamicLoss Diag] iter=10001 | gt_box=True | gaussians=25585 dyn_gt=114 (0.45%) | pred_dyn_ratio=1.00% | loss=0.1083
[PhysicsLoss Diag] iter=10001 | gt_box=True static=25471 dyn=114 | offset_rms=0.0657 offset_dyn_rms=9.4280 turn_deg=0.78 | loss_static=0.1492 loss_smooth=0.0000 loss_rigid=0.0266 loss_vel=0.0000 loss_traj=0.0000 total=0.1759
08/12 01:42:33 - mmengine - INFO - [TRAIN] Epoch 12 Iter     0/750: Loss: 9.435 (9.435), grad_norm: 29.139, lr: 0.0000200, time: 8.828 (3.006)
08/12 01:42:33 - mmengine - INFO - OccupancyLoss: 4.63951, OccupancyFlowLoss: 0.00000, DetectionLoss: 4.51145, DynamicLoss: 0.10830, PhysicsLoss: 0.17588
08/12 01:47:19 - mmengine - INFO - [TRAIN] Epoch 12 Iter    50/750: Loss: 12.676 (13.927), grad_norm: 37.766, lr: 0.0000200, time: 5.706 (0.008)
08/12 01:47:19 - mmengine - INFO - OccupancyLoss: 5.08610, OccupancyFlowLoss: 5.67868, DetectionLoss: 1.90330, DynamicLoss: 0.00347, PhysicsLoss: 0.00485
08/12 01:52:04 - mmengine - INFO - [TRAIN] Epoch 12 Iter   100/750: Loss: 14.813 (14.104), grad_norm: 20.833, lr: 0.0000200, time: 5.552 (0.008)
08/12 01:52:04 - mmengine - INFO - OccupancyLoss: 6.09280, OccupancyFlowLoss: 5.58059, DetectionLoss: 2.93853, DynamicLoss: 0.01068, PhysicsLoss: 0.18994
08/12 01:56:52 - mmengine - INFO - [TRAIN] Epoch 12 Iter   150/750: Loss: 10.121 (13.210), grad_norm: 55.575, lr: 0.0000200, time: 5.970 (0.008)
08/12 01:56:52 - mmengine - INFO - OccupancyLoss: 3.99353, OccupancyFlowLoss: 0.56610, DetectionLoss: 5.08914, DynamicLoss: 0.07023, PhysicsLoss: 0.40196
08/12 02:01:37 - mmengine - INFO - [TRAIN] Epoch 12 Iter   200/750: Loss: 8.115 (12.330), grad_norm: 32.852, lr: 0.0000200, time: 5.442 (0.008)
08/12 02:01:37 - mmengine - INFO - OccupancyLoss: 3.33857, OccupancyFlowLoss: 3.91751, DetectionLoss: 0.68942, DynamicLoss: 0.01513, PhysicsLoss: 0.15417
08/12 02:06:23 - mmengine - INFO - [TRAIN] Epoch 12 Iter   250/750: Loss: 10.583 (13.546), grad_norm: 52.790, lr: 0.0000200, time: 5.533 (0.008)
08/12 02:06:23 - mmengine - INFO - OccupancyLoss: 3.21420, OccupancyFlowLoss: 3.75145, DetectionLoss: 2.59659, DynamicLoss: 0.02978, PhysicsLoss: 0.99080
08/12 02:11:08 - mmengine - INFO - [TRAIN] Epoch 12 Iter   300/750: Loss: 12.649 (13.949), grad_norm: 36.327, lr: 0.0000200, time: 5.780 (0.008)
08/12 02:11:08 - mmengine - INFO - OccupancyLoss: 3.96574, OccupancyFlowLoss: 3.36551, DetectionLoss: 2.92645, DynamicLoss: 0.03499, PhysicsLoss: 2.35617
08/12 02:16:14 - mmengine - INFO - [TRAIN] Epoch 12 Iter   350/750: Loss: 16.456 (14.086), grad_norm: 81.826, lr: 0.0000200, time: 5.744 (0.008)
08/12 02:16:14 - mmengine - INFO - OccupancyLoss: 5.70790, OccupancyFlowLoss: 6.08877, DetectionLoss: 2.17216, DynamicLoss: 0.01194, PhysicsLoss: 2.47536
08/12 02:21:00 - mmengine - INFO - [TRAIN] Epoch 12 Iter   400/750: Loss: 21.913 (13.935), grad_norm: 81.025, lr: 0.0000200, time: 6.207 (0.008)
08/12 02:21:00 - mmengine - INFO - OccupancyLoss: 4.75730, OccupancyFlowLoss: 6.95469, DetectionLoss: 6.87674, DynamicLoss: 0.10409, PhysicsLoss: 3.22017
08/12 02:25:56 - mmengine - INFO - [TRAIN] Epoch 12 Iter   450/750: Loss: 14.565 (13.514), grad_norm: 45.615, lr: 0.0000200, time: 5.757 (0.008)
08/12 02:25:56 - mmengine - INFO - OccupancyLoss: 3.95423, OccupancyFlowLoss: 3.08285, DetectionLoss: 4.75378, DynamicLoss: 0.05969, PhysicsLoss: 2.71457
[DynamicLoss Diag] iter=10501 | gt_box=True | gaussians=25589 dyn_gt=18 (0.07%) | pred_dyn_ratio=0.17% | loss=0.0049
[PhysicsLoss Diag] iter=10501 | gt_box=True static=25571 dyn=18 | offset_rms=0.0378 offset_dyn_rms=31.2340 turn_deg=0.25 | loss_static=0.3073 loss_smooth=0.0000 loss_rigid=0.0116 loss_vel=0.0000 loss_traj=5.5275 total=5.8463
08/12 02:30:40 - mmengine - INFO - [TRAIN] Epoch 12 Iter   500/750: Loss: 22.509 (13.585), grad_norm: 77.895, lr: 0.0000200, time: 5.441 (0.008)
08/12 02:30:40 - mmengine - INFO - OccupancyLoss: 5.78462, OccupancyFlowLoss: 7.53765, DetectionLoss: 3.33536, DynamicLoss: 0.00494, PhysicsLoss: 5.84635
08/12 02:35:24 - mmengine - INFO - [TRAIN] Epoch 12 Iter   550/750: Loss: 14.689 (13.424), grad_norm: 90.219, lr: 0.0000200, time: 5.552 (0.008)
08/12 02:35:24 - mmengine - INFO - OccupancyLoss: 4.18319, OccupancyFlowLoss: 6.85052, DetectionLoss: 2.16704, DynamicLoss: 0.01415, PhysicsLoss: 1.47428
08/12 02:40:08 - mmengine - INFO - [TRAIN] Epoch 12 Iter   600/750: Loss: 14.875 (12.719), grad_norm: 85.646, lr: 0.0000200, time: 5.699 (0.008)
08/12 02:40:08 - mmengine - INFO - OccupancyLoss: 4.23388, OccupancyFlowLoss: 2.93186, DetectionLoss: 4.45798, DynamicLoss: 0.02547, PhysicsLoss: 3.22537
08/12 02:44:55 - mmengine - INFO - [TRAIN] Epoch 12 Iter   650/750: Loss: 15.848 (13.710), grad_norm: 42.802, lr: 0.0000200, time: 5.898 (0.008)
08/12 02:44:55 - mmengine - INFO - OccupancyLoss: 4.77826, OccupancyFlowLoss: 6.29063, DetectionLoss: 3.95743, DynamicLoss: 0.03330, PhysicsLoss: 0.78867
08/12 02:49:42 - mmengine - INFO - [TRAIN] Epoch 12 Iter   700/750: Loss: 11.394 (13.713), grad_norm: 56.239, lr: 0.0000200, time: 5.572 (0.008)
08/12 02:49:42 - mmengine - INFO - OccupancyLoss: 3.16786, OccupancyFlowLoss: 3.95943, DetectionLoss: 2.96574, DynamicLoss: 0.04350, PhysicsLoss: 1.25764
08/12 02:54:30 - mmengine - INFO - [EVAL] Epoch 13 Iter     0: Loss: 16.867 (16.867)
08/12 02:54:30 - mmengine - INFO - OccupancyLoss: 4.46730, OccupancyFlowLoss: 3.78238, DetectionLoss: 3.89626, DynamicLoss: 0.04771, PhysicsLoss: 4.67368
08/12 02:55:31 - mmengine - INFO - [EVAL] Epoch 13 Iter    50: Loss: 18.056 (17.695)
08/12 02:55:31 - mmengine - INFO - OccupancyLoss: 5.14089, OccupancyFlowLoss: 3.89280, DetectionLoss: 6.53057, DynamicLoss: 0.03722, PhysicsLoss: 2.45432
08/12 02:56:31 - mmengine - INFO - [EVAL] Epoch 13 Iter   100: Loss: 18.720 (17.381)
08/12 02:56:31 - mmengine - INFO - OccupancyLoss: 5.47691, OccupancyFlowLoss: 4.99753, DetectionLoss: 5.13976, DynamicLoss: 0.01109, PhysicsLoss: 3.09495
08/12 02:57:30 - mmengine - INFO - [EVAL] Epoch 13 Iter   150: Loss: 6.491 (17.841)
08/12 02:57:30 - mmengine - INFO - OccupancyLoss: 5.27962, OccupancyFlowLoss: 1.10558, DetectionLoss: 0.10536, DynamicLoss: 0.00021, PhysicsLoss: 0.00000
08/12 02:58:30 - mmengine - INFO - [EVAL] Epoch 13 Iter   200: Loss: 13.539 (17.938)
08/12 02:58:30 - mmengine - INFO - OccupancyLoss: 7.27574, OccupancyFlowLoss: 2.62401, DetectionLoss: 2.89318, DynamicLoss: 0.02201, PhysicsLoss: 0.72387
[DynamicLoss Diag] iter=11001 | gt_box=True | gaussians=25590 dyn_gt=80 (0.31%) | pred_dyn_ratio=1.47% | loss=0.0863
[PhysicsLoss Diag] iter=11001 | gt_box=True static=25510 dyn=80 | offset_rms=0.0241 offset_dyn_rms=6.3499 turn_deg=0.71 | loss_static=0.0200 loss_smooth=0.0000 loss_rigid=0.0044 loss_vel=0.0000 loss_traj=1.3610 total=1.3854
08/12 02:59:32 - mmengine - INFO - [EVAL] Epoch 13 Iter   250: Loss: 17.547 (17.844)
08/12 02:59:32 - mmengine - INFO - OccupancyLoss: 6.77442, OccupancyFlowLoss: 5.04298, DetectionLoss: 4.25797, DynamicLoss: 0.08633, PhysicsLoss: 1.38537
08/12 03:00:31 - mmengine - INFO - [EVAL] Epoch 13 Iter   300: Loss: 20.123 (17.685)
08/12 03:00:31 - mmengine - INFO - OccupancyLoss: 7.16775, OccupancyFlowLoss: 6.20604, DetectionLoss: 6.05874, DynamicLoss: 0.01650, PhysicsLoss: 0.67359
08/12 03:01:31 - mmengine - INFO - [EVAL] Epoch 13 Iter   350: Loss: 9.203 (17.733)
08/12 03:01:31 - mmengine - INFO - OccupancyLoss: 4.51971, OccupancyFlowLoss: 1.68574, DetectionLoss: 2.56275, DynamicLoss: 0.02390, PhysicsLoss: 0.41072
08/12 03:02:31 - mmengine - INFO - [EVAL] Epoch 13 Iter   400: Loss: 14.868 (17.594)
08/12 03:02:31 - mmengine - INFO - OccupancyLoss: 6.46077, OccupancyFlowLoss: 0.82312, DetectionLoss: 7.55969, DynamicLoss: 0.02231, PhysicsLoss: 0.00251
08/12 03:03:32 - mmengine - INFO - [EVAL] Epoch 13 Iter   450: Loss: 32.977 (17.691)
08/12 03:03:32 - mmengine - INFO - OccupancyLoss: 6.58834, OccupancyFlowLoss: 6.98044, DetectionLoss: 14.84564, DynamicLoss: 0.12531, PhysicsLoss: 4.43711
08/12 03:04:31 - mmengine - INFO - Validation per class iou none:
08/12 03:04:31 - mmengine - INFO - barrier : 20.80%, 0.31, 0.39
08/12 03:04:31 - mmengine - INFO - bicycle : 9.95%, 0.18, 0.18
08/12 03:04:31 - mmengine - INFO - bus : 31.82%, 0.42, 0.57
08/12 03:04:31 - mmengine - INFO - car : 35.34%, 0.50, 0.54
08/12 03:04:31 - mmengine - INFO - construction_vehicle : 13.72%, 0.23, 0.25
08/12 03:04:31 - mmengine - INFO - motorcycle : 10.75%, 0.18, 0.21
08/12 03:04:31 - mmengine - INFO - pedestrian : 13.99%, 0.23, 0.26
08/12 03:04:31 - mmengine - INFO - traffic_cone : 4.75%, 0.19, 0.06
08/12 03:04:31 - mmengine - INFO - trailer : 13.45%, 0.21, 0.27
08/12 03:04:31 - mmengine - INFO - truck : 24.92%, 0.37, 0.43
08/12 03:04:31 - mmengine - INFO - driveable_surface : 45.59%, 0.66, 0.60
08/12 03:04:31 - mmengine - INFO - other_flat : 24.16%, 0.51, 0.31
08/12 03:04:31 - mmengine - INFO - sidewalk : 26.53%, 0.40, 0.44
08/12 03:04:31 - mmengine - INFO - terrain : 23.68%, 0.43, 0.34
08/12 03:04:31 - mmengine - INFO - manmade : 10.70%, 0.32, 0.14
08/12 03:04:31 - mmengine - INFO - vegetation : 23.33%, 0.39, 0.37
08/12 03:04:31 - mmengine - INFO - tensor([  213109,    14566,   204192,  1435223,   106632,    22025,   206833,
           42653,   134799,   555406,  7051599,   345594,  2482869,  3418334,
         7852446,  8317553, 32659904], device='cuda:0', dtype=torch.int32)
08/12 03:04:31 - mmengine - INFO - tensor([   82695,     2680,   116011,   780953,    26848,     4543,    54316,
            2561,    35963,   240823,  4227292,   108662,  1095768,  1173397,
         1080150,  3041964, 14783860], device='cuda:0', dtype=torch.int32)
08/12 03:04:31 - mmengine - INFO - tensor([  267197,    15037,   276354,  1555671,   115868,    24789,   235787,
           13784,   168460,   651777,  6448634,   212746,  2742704,  2711138,
         3325170,  7762201, 26527318], device='cuda:0', dtype=torch.int32)
08/12 03:04:31 - mmengine - INFO - mIoU: 20.843190071173012, iou2: 33.29446029663086
08/12 03:04:31 - mmengine - INFO - Current val loss is 17.775
08/12 03:04:50 - mmengine - INFO - [TRAIN] Epoch 13 Iter     0/750: Loss: 12.333 (12.333), grad_norm: 30.606, lr: 0.0000200, time: 8.874 (3.313)
08/12 03:04:50 - mmengine - INFO - OccupancyLoss: 6.86424, OccupancyFlowLoss: 5.34915, DetectionLoss: 0.11763, DynamicLoss: 0.00150, PhysicsLoss: 0.00000
08/12 03:09:37 - mmengine - INFO - [TRAIN] Epoch 13 Iter    50/750: Loss: 12.998 (13.698), grad_norm: 65.478, lr: 0.0000200, time: 5.641 (0.008)
08/12 03:09:37 - mmengine - INFO - OccupancyLoss: 5.76435, OccupancyFlowLoss: 5.29977, DetectionLoss: 1.76858, DynamicLoss: 0.01584, PhysicsLoss: 0.14995
08/12 03:14:23 - mmengine - INFO - [TRAIN] Epoch 13 Iter   100/750: Loss: 8.710 (12.243), grad_norm: 67.745, lr: 0.0000200, time: 5.702 (0.008)
08/12 03:14:23 - mmengine - INFO - OccupancyLoss: 2.59557, OccupancyFlowLoss: 1.25559, DetectionLoss: 1.11263, DynamicLoss: 0.02440, PhysicsLoss: 3.72174
08/12 03:19:10 - mmengine - INFO - [TRAIN] Epoch 13 Iter   150/750: Loss: 12.540 (12.495), grad_norm: 54.797, lr: 0.0000200, time: 5.646 (0.008)
08/12 03:19:10 - mmengine - INFO - OccupancyLoss: 4.88880, OccupancyFlowLoss: 4.56265, DetectionLoss: 2.33047, DynamicLoss: 0.01679, PhysicsLoss: 0.74176
08/12 03:23:56 - mmengine - INFO - [TRAIN] Epoch 13 Iter   200/750: Loss: 9.369 (13.768), grad_norm: 63.535, lr: 0.0000200, time: 5.799 (0.008)
08/12 03:23:56 - mmengine - INFO - OccupancyLoss: 4.49009, OccupancyFlowLoss: 3.53076, DetectionLoss: 1.34551, DynamicLoss: 0.00278, PhysicsLoss: 0.00000
[DynamicLoss Diag] iter=11501 | gt_box=True | gaussians=25590 dyn_gt=138 (0.54%) | pred_dyn_ratio=2.22% | loss=0.0891
[PhysicsLoss Diag] iter=11501 | gt_box=True static=25452 dyn=138 | offset_rms=0.1108 offset_dyn_rms=16.1137 turn_deg=1.24 | loss_static=0.2912 loss_smooth=0.0000 loss_rigid=0.0067 loss_vel=0.0000 loss_traj=2.0614 total=2.3592
08/12 03:28:43 - mmengine - INFO - [TRAIN] Epoch 13 Iter   250/750: Loss: 15.073 (12.560), grad_norm: 50.791, lr: 0.0000200, time: 5.715 (0.008)
08/12 03:28:43 - mmengine - INFO - OccupancyLoss: 4.15902, OccupancyFlowLoss: 4.28605, DetectionLoss: 4.17958, DynamicLoss: 0.08906, PhysicsLoss: 2.35920
08/12 03:33:28 - mmengine - INFO - [TRAIN] Epoch 13 Iter   300/750: Loss: 22.500 (13.395), grad_norm: 32.574, lr: 0.0000200, time: 6.047 (0.008)
08/12 03:33:28 - mmengine - INFO - OccupancyLoss: 4.70454, OccupancyFlowLoss: 5.70241, DetectionLoss: 7.29988, DynamicLoss: 0.09460, PhysicsLoss: 4.69886
08/12 03:38:13 - mmengine - INFO - [TRAIN] Epoch 13 Iter   350/750: Loss: 14.912 (12.872), grad_norm: 61.108, lr: 0.0000200, time: 5.629 (0.008)
08/12 03:38:13 - mmengine - INFO - OccupancyLoss: 4.85961, OccupancyFlowLoss: 4.98901, DetectionLoss: 2.81667, DynamicLoss: 0.08515, PhysicsLoss: 2.16116
08/12 03:42:59 - mmengine - INFO - [TRAIN] Epoch 13 Iter   400/750: Loss: 9.251 (13.054), grad_norm: 41.199, lr: 0.0000200, time: 5.847 (0.008)
08/12 03:42:59 - mmengine - INFO - OccupancyLoss: 4.29467, OccupancyFlowLoss: 1.63513, DetectionLoss: 2.34034, DynamicLoss: 0.07163, PhysicsLoss: 0.90888
08/12 03:47:44 - mmengine - INFO - [TRAIN] Epoch 13 Iter   450/750: Loss: 8.544 (12.373), grad_norm: 59.376, lr: 0.0000200, time: 5.626 (0.008)
08/12 03:47:44 - mmengine - INFO - OccupancyLoss: 3.38205, OccupancyFlowLoss: 2.30644, DetectionLoss: 2.78262, DynamicLoss: 0.01088, PhysicsLoss: 0.06165
08/12 03:52:29 - mmengine - INFO - [TRAIN] Epoch 13 Iter   500/750: Loss: 9.740 (13.456), grad_norm: 53.858, lr: 0.0000200, time: 5.536 (0.008)
08/12 03:52:29 - mmengine - INFO - OccupancyLoss: 4.31892, OccupancyFlowLoss: 3.36852, DetectionLoss: 1.56160, DynamicLoss: 0.00547, PhysicsLoss: 0.48522
08/12 03:57:16 - mmengine - INFO - [TRAIN] Epoch 13 Iter   550/750: Loss: 11.019 (12.684), grad_norm: 29.846, lr: 0.0000200, time: 5.871 (0.008)
08/12 03:57:16 - mmengine - INFO - OccupancyLoss: 4.07565, OccupancyFlowLoss: 4.19106, DetectionLoss: 2.22621, DynamicLoss: 0.03512, PhysicsLoss: 0.49069
08/12 04:02:01 - mmengine - INFO - [TRAIN] Epoch 13 Iter   600/750: Loss: 11.451 (13.234), grad_norm: 79.683, lr: 0.0000200, time: 5.453 (0.008)
08/12 04:02:01 - mmengine - INFO - OccupancyLoss: 3.55106, OccupancyFlowLoss: 3.44743, DetectionLoss: 4.19432, DynamicLoss: 0.02220, PhysicsLoss: 0.23570
08/12 04:06:47 - mmengine - INFO - [TRAIN] Epoch 13 Iter   650/750: Loss: 17.557 (12.023), grad_norm: 21.760, lr: 0.0000200, time: 5.622 (0.008)
08/12 04:06:47 - mmengine - INFO - OccupancyLoss: 6.14741, OccupancyFlowLoss: 9.31519, DetectionLoss: 1.99465, DynamicLoss: 0.01107, PhysicsLoss: 0.08885
08/12 04:11:32 - mmengine - INFO - [TRAIN] Epoch 13 Iter   700/750: Loss: 20.669 (13.344), grad_norm: 64.130, lr: 0.0000200, time: 5.536 (0.008)
08/12 04:11:32 - mmengine - INFO - OccupancyLoss: 5.60253, OccupancyFlowLoss: 5.72872, DetectionLoss: 3.95253, DynamicLoss: 0.03376, PhysicsLoss: 5.35117
[DynamicLoss Diag] iter=12001 | gt_box=True | gaussians=25585 dyn_gt=21 (0.08%) | pred_dyn_ratio=0.68% | loss=0.0570
[PhysicsLoss Diag] iter=12001 | gt_box=True static=25564 dyn=21 | offset_rms=0.0067 offset_dyn_rms=6.0969 turn_deg=0.47 | loss_static=0.0064 loss_smooth=0.0000 loss_rigid=0.0096 loss_vel=0.0000 loss_traj=4.2580 total=4.2741
08/12 04:16:20 - mmengine - INFO - [EVAL] Epoch 14 Iter     0: Loss: 16.755 (16.755)
08/12 04:16:20 - mmengine - INFO - OccupancyLoss: 4.62932, OccupancyFlowLoss: 3.88898, DetectionLoss: 3.90529, DynamicLoss: 0.05698, PhysicsLoss: 4.27408
08/12 04:17:21 - mmengine - INFO - [EVAL] Epoch 14 Iter    50: Loss: 16.705 (17.824)
08/12 04:17:21 - mmengine - INFO - OccupancyLoss: 5.14347, OccupancyFlowLoss: 3.88990, DetectionLoss: 5.41474, DynamicLoss: 0.04016, PhysicsLoss: 2.21653
08/12 04:18:20 - mmengine - INFO - [EVAL] Epoch 14 Iter   100: Loss: 18.526 (17.412)
08/12 04:18:20 - mmengine - INFO - OccupancyLoss: 5.46087, OccupancyFlowLoss: 4.91255, DetectionLoss: 4.98231, DynamicLoss: 0.01150, PhysicsLoss: 3.15888
08/12 04:19:20 - mmengine - INFO - [EVAL] Epoch 14 Iter   150: Loss: 6.821 (17.821)
08/12 04:19:20 - mmengine - INFO - OccupancyLoss: 5.60453, OccupancyFlowLoss: 1.14778, DetectionLoss: 0.06869, DynamicLoss: 0.00037, PhysicsLoss: 0.00000
08/12 04:20:20 - mmengine - INFO - [EVAL] Epoch 14 Iter   200: Loss: 14.365 (17.945)
08/12 04:20:20 - mmengine - INFO - OccupancyLoss: 7.86203, OccupancyFlowLoss: 2.80304, DetectionLoss: 2.93199, DynamicLoss: 0.02005, PhysicsLoss: 0.74775
08/12 04:21:33 - mmengine - INFO - [EVAL] Epoch 14 Iter   250: Loss: 17.466 (17.847)
08/12 04:21:33 - mmengine - INFO - OccupancyLoss: 6.97546, OccupancyFlowLoss: 5.29349, DetectionLoss: 3.76599, DynamicLoss: 0.08871, PhysicsLoss: 1.34250
08/12 04:22:32 - mmengine - INFO - [EVAL] Epoch 14 Iter   300: Loss: 21.538 (17.700)
08/12 04:22:32 - mmengine - INFO - OccupancyLoss: 7.34531, OccupancyFlowLoss: 6.23000, DetectionLoss: 7.12896, DynamicLoss: 0.01485, PhysicsLoss: 0.81937
08/12 04:23:33 - mmengine - INFO - [EVAL] Epoch 14 Iter   350: Loss: 8.847 (17.740)
08/12 04:23:33 - mmengine - INFO - OccupancyLoss: 4.47258, OccupancyFlowLoss: 1.65886, DetectionLoss: 2.19403, DynamicLoss: 0.02304, PhysicsLoss: 0.49879
08/12 04:24:32 - mmengine - INFO - [EVAL] Epoch 14 Iter   400: Loss: 14.841 (17.625)
08/12 04:24:32 - mmengine - INFO - OccupancyLoss: 6.45070, OccupancyFlowLoss: 0.82568, DetectionLoss: 7.53085, DynamicLoss: 0.03131, PhysicsLoss: 0.00199
08/12 04:25:33 - mmengine - INFO - [EVAL] Epoch 14 Iter   450: Loss: 32.733 (17.742)
08/12 04:25:33 - mmengine - INFO - OccupancyLoss: 6.83120, OccupancyFlowLoss: 7.08179, DetectionLoss: 14.28178, DynamicLoss: 0.13292, PhysicsLoss: 4.40574
08/12 04:26:33 - mmengine - INFO - Validation per class iou none:
08/12 04:26:33 - mmengine - INFO - barrier : 21.50%, 0.31, 0.41
08/12 04:26:33 - mmengine - INFO - bicycle : 10.72%, 0.24, 0.16
08/12 04:26:33 - mmengine - INFO - bus : 30.36%, 0.40, 0.55
08/12 04:26:33 - mmengine - INFO - car : 35.83%, 0.49, 0.58
08/12 04:26:33 - mmengine - INFO - construction_vehicle : 14.91%, 0.27, 0.25
08/12 04:26:33 - mmengine - INFO - motorcycle : 11.39%, 0.20, 0.20
08/12 04:26:33 - mmengine - INFO - pedestrian : 14.47%, 0.25, 0.26
08/12 04:26:33 - mmengine - INFO - traffic_cone : 6.80%, 0.14, 0.11
08/12 04:26:33 - mmengine - INFO - trailer : 14.06%, 0.22, 0.28
08/12 04:26:33 - mmengine - INFO - truck : 24.81%, 0.37, 0.42
08/12 04:26:33 - mmengine - INFO - driveable_surface : 45.24%, 0.61, 0.63
08/12 04:26:33 - mmengine - INFO - other_flat : 24.09%, 0.42, 0.36
08/12 04:26:33 - mmengine - INFO - sidewalk : 26.64%, 0.41, 0.43
08/12 04:26:33 - mmengine - INFO - terrain : 24.86%, 0.39, 0.40
08/12 04:26:33 - mmengine - INFO - manmade : 11.17%, 0.32, 0.15
08/12 04:26:33 - mmengine - INFO - vegetation : 21.83%, 0.43, 0.31
08/12 04:26:33 - mmengine - INFO - tensor([  213109,    14566,   204192,  1435223,   106632,    22025,   206833,
           42653,   134799,   555406,  7051599,   345594,  2482869,  3418334,
         7852446,  8317553, 32659904], device='cuda:0', dtype=torch.int32)
08/12 04:26:33 - mmengine - INFO - tensor([   87842,     2346,   112582,   826843,    26671,     4508,    53145,
            4897,    37463,   236031,  4476427,   124321,  1065290,  1375436,
         1156983,  2552435, 15055986], device='cuda:0', dtype=torch.int32)
08/12 04:26:33 - mmengine - INFO - tensor([  283237,     9655,   279237,  1699133,    98965,    22072,   213549,
           34310,   169114,   632092,  7319154,   294833,  2581210,  3488813,
         3666728,  5927122, 26719224], device='cuda:0', dtype=torch.int32)
08/12 04:26:33 - mmengine - INFO - mIoU: 21.16729700937867, iou2: 33.96867752075195
08/12 04:26:33 - mmengine - INFO - Current val loss is 17.842
[DynamicLoss Diag] iter=12501 | gt_box=True | gaussians=25590 dyn_gt=149 (0.58%) | pred_dyn_ratio=1.18% | loss=0.0757
[PhysicsLoss Diag] iter=12501 | gt_box=True static=25441 dyn=149 | offset_rms=0.0384 offset_dyn_rms=4.4284 turn_deg=0.75 | loss_static=0.0502 loss_smooth=0.0000 loss_rigid=0.0027 loss_vel=0.0000 loss_traj=1.9024 total=1.9554
08/12 04:26:52 - mmengine - INFO - [TRAIN] Epoch 14 Iter     0/750: Loss: 12.942 (12.942), grad_norm: 56.586, lr: 0.0000200, time: 9.127 (3.384)
08/12 04:26:52 - mmengine - INFO - OccupancyLoss: 4.54935, OccupancyFlowLoss: 4.36315, DetectionLoss: 1.99878, DynamicLoss: 0.07572, PhysicsLoss: 1.95537
08/12 04:31:37 - mmengine - INFO - [TRAIN] Epoch 14 Iter    50/750: Loss: 14.400 (12.461), grad_norm: 80.832, lr: 0.0000200, time: 5.615 (0.008)
08/12 04:31:37 - mmengine - INFO - OccupancyLoss: 4.61992, OccupancyFlowLoss: 4.18969, DetectionLoss: 3.85842, DynamicLoss: 0.05164, PhysicsLoss: 1.67984
08/12 04:36:21 - mmengine - INFO - [TRAIN] Epoch 14 Iter   100/750: Loss: 18.899 (12.752), grad_norm: 45.062, lr: 0.0000200, time: 5.633 (0.008)
08/12 04:36:21 - mmengine - INFO - OccupancyLoss: 4.07194, OccupancyFlowLoss: 4.36021, DetectionLoss: 7.25138, DynamicLoss: 0.07963, PhysicsLoss: 3.13585
08/12 04:41:06 - mmengine - INFO - [TRAIN] Epoch 14 Iter   150/750: Loss: 8.285 (12.263), grad_norm: 35.437, lr: 0.0000200, time: 5.652 (0.008)
08/12 04:41:06 - mmengine - INFO - OccupancyLoss: 3.46037, OccupancyFlowLoss: 2.79658, DetectionLoss: 1.89246, DynamicLoss: 0.01781, PhysicsLoss: 0.11822
08/12 04:45:52 - mmengine - INFO - [TRAIN] Epoch 14 Iter   200/750: Loss: 13.782 (12.519), grad_norm: 115.265, lr: 0.0000200, time: 5.592 (0.008)
08/12 04:45:52 - mmengine - INFO - OccupancyLoss: 4.41208, OccupancyFlowLoss: 4.24432, DetectionLoss: 3.27744, DynamicLoss: 0.02598, PhysicsLoss: 1.82264
08/12 04:50:37 - mmengine - INFO - [TRAIN] Epoch 14 Iter   250/750: Loss: 7.218 (12.504), grad_norm: 65.986, lr: 0.0000200, time: 5.468 (0.008)
08/12 04:50:37 - mmengine - INFO - OccupancyLoss: 3.95684, OccupancyFlowLoss: 2.58585, DetectionLoss: 0.64186, DynamicLoss: 0.03319, PhysicsLoss: 0.00000
08/12 04:55:23 - mmengine - INFO - [TRAIN] Epoch 14 Iter   300/750: Loss: 17.963 (12.766), grad_norm: 32.426, lr: 0.0000200, time: 5.700 (0.008)
08/12 04:55:23 - mmengine - INFO - OccupancyLoss: 5.97234, OccupancyFlowLoss: 5.71611, DetectionLoss: 3.47542, DynamicLoss: 0.01789, PhysicsLoss: 2.78103
08/12 05:00:09 - mmengine - INFO - [TRAIN] Epoch 14 Iter   350/750: Loss: 10.943 (13.171), grad_norm: 28.430, lr: 0.0000200, time: 5.789 (0.008)
08/12 05:00:09 - mmengine - INFO - OccupancyLoss: 3.81109, OccupancyFlowLoss: 1.27006, DetectionLoss: 5.20430, DynamicLoss: 0.04675, PhysicsLoss: 0.61096
08/12 05:04:54 - mmengine - INFO - [TRAIN] Epoch 14 Iter   400/750: Loss: 8.696 (12.087), grad_norm: 62.957, lr: 0.0000200, time: 5.637 (0.008)
08/12 05:04:54 - mmengine - INFO - OccupancyLoss: 4.44230, OccupancyFlowLoss: 3.35420, DetectionLoss: 0.89822, DynamicLoss: 0.00166, PhysicsLoss: 0.00000
08/12 05:09:41 - mmengine - INFO - [TRAIN] Epoch 14 Iter   450/750: Loss: 12.033 (12.505), grad_norm: 76.196, lr: 0.0000200, time: 5.617 (0.008)
08/12 05:09:41 - mmengine - INFO - OccupancyLoss: 4.54533, OccupancyFlowLoss: 4.87073, DetectionLoss: 2.30959, DynamicLoss: 0.02140, PhysicsLoss: 0.28582
[DynamicLoss Diag] iter=13001 | gt_box=True | gaussians=25593 dyn_gt=300 (1.17%) | pred_dyn_ratio=2.34% | loss=0.0969
[PhysicsLoss Diag] iter=13001 | gt_box=True static=25293 dyn=300 | offset_rms=0.1186 offset_dyn_rms=8.3952 turn_deg=0.43 | loss_static=0.1227 loss_smooth=0.0000 loss_rigid=0.0035 loss_vel=0.0000 loss_traj=0.8603 total=0.9865
08/12 05:14:26 - mmengine - INFO - [TRAIN] Epoch 14 Iter   500/750: Loss: 13.924 (12.131), grad_norm: 41.836, lr: 0.0000200, time: 6.045 (0.008)
08/12 05:14:26 - mmengine - INFO - OccupancyLoss: 5.41636, OccupancyFlowLoss: 4.27359, DetectionLoss: 3.15031, DynamicLoss: 0.09687, PhysicsLoss: 0.98652
08/12 05:19:11 - mmengine - INFO - [TRAIN] Epoch 14 Iter   550/750: Loss: 16.335 (12.080), grad_norm: 40.901, lr: 0.0000200, time: 5.708 (0.008)
08/12 05:19:11 - mmengine - INFO - OccupancyLoss: 4.29071, OccupancyFlowLoss: 3.98293, DetectionLoss: 6.05719, DynamicLoss: 0.05295, PhysicsLoss: 1.95109
08/12 05:23:59 - mmengine - INFO - [TRAIN] Epoch 14 Iter   600/750: Loss: 16.151 (13.078), grad_norm: 111.710, lr: 0.0000200, time: 6.364 (0.008)
08/12 05:23:59 - mmengine - INFO - OccupancyLoss: 4.98061, OccupancyFlowLoss: 4.05226, DetectionLoss: 3.93257, DynamicLoss: 0.03147, PhysicsLoss: 3.15452
08/12 05:29:06 - mmengine - INFO - [TRAIN] Epoch 14 Iter   650/750: Loss: 16.931 (13.172), grad_norm: 38.814, lr: 0.0000200, time: 5.829 (0.008)
08/12 05:29:06 - mmengine - INFO - OccupancyLoss: 4.29651, OccupancyFlowLoss: 5.14918, DetectionLoss: 5.65022, DynamicLoss: 0.10718, PhysicsLoss: 1.72781
08/12 05:33:52 - mmengine - INFO - [TRAIN] Epoch 14 Iter   700/750: Loss: 17.600 (13.851), grad_norm: 60.459, lr: 0.0000200, time: 5.629 (0.008)
08/12 05:33:52 - mmengine - INFO - OccupancyLoss: 4.69338, OccupancyFlowLoss: 3.97721, DetectionLoss: 4.45070, DynamicLoss: 0.01574, PhysicsLoss: 4.46323
08/12 05:38:51 - mmengine - INFO - [EVAL] Epoch 15 Iter     0: Loss: 16.981 (16.981)
08/12 05:38:51 - mmengine - INFO - OccupancyLoss: 4.54744, OccupancyFlowLoss: 3.95151, DetectionLoss: 4.01791, DynamicLoss: 0.05570, PhysicsLoss: 4.40889
08/12 05:39:52 - mmengine - INFO - [EVAL] Epoch 15 Iter    50: Loss: 16.686 (17.945)
08/12 05:39:52 - mmengine - INFO - OccupancyLoss: 4.91509, OccupancyFlowLoss: 3.79157, DetectionLoss: 5.45579, DynamicLoss: 0.02943, PhysicsLoss: 2.49372
08/12 05:40:52 - mmengine - INFO - [EVAL] Epoch 15 Iter   100: Loss: 17.821 (17.538)
08/12 05:40:52 - mmengine - INFO - OccupancyLoss: 5.38956, OccupancyFlowLoss: 4.92391, DetectionLoss: 4.34766, DynamicLoss: 0.01037, PhysicsLoss: 3.14976
08/12 05:41:51 - mmengine - INFO - [EVAL] Epoch 15 Iter   150: Loss: 6.686 (18.013)
08/12 05:41:51 - mmengine - INFO - OccupancyLoss: 5.43029, OccupancyFlowLoss: 1.13209, DetectionLoss: 0.12332, DynamicLoss: 0.00021, PhysicsLoss: 0.00000
08/12 05:42:52 - mmengine - INFO - [EVAL] Epoch 15 Iter   200: Loss: 13.638 (18.156)
08/12 05:42:52 - mmengine - INFO - OccupancyLoss: 7.40782, OccupancyFlowLoss: 2.70871, DetectionLoss: 2.78227, DynamicLoss: 0.01831, PhysicsLoss: 0.72098
[DynamicLoss Diag] iter=13501 | gt_box=True | gaussians=25591 dyn_gt=75 (0.29%) | pred_dyn_ratio=1.52% | loss=0.0813
[PhysicsLoss Diag] iter=13501 | gt_box=True static=25516 dyn=75 | offset_rms=0.0246 offset_dyn_rms=6.8200 turn_deg=0.76 | loss_static=0.0193 loss_smooth=0.0000 loss_rigid=0.0036 loss_vel=0.0000 loss_traj=1.3885 total=1.4115
08/12 05:43:53 - mmengine - INFO - [EVAL] Epoch 15 Iter   250: Loss: 17.366 (18.074)
08/12 05:43:53 - mmengine - INFO - OccupancyLoss: 6.91422, OccupancyFlowLoss: 5.25780, DetectionLoss: 3.70160, DynamicLoss: 0.08133, PhysicsLoss: 1.41147
08/12 05:44:53 - mmengine - INFO - [EVAL] Epoch 15 Iter   300: Loss: 21.611 (17.895)
08/12 05:44:53 - mmengine - INFO - OccupancyLoss: 7.33006, OccupancyFlowLoss: 6.29659, DetectionLoss: 7.19859, DynamicLoss: 0.01723, PhysicsLoss: 0.76824
08/12 05:45:53 - mmengine - INFO - [EVAL] Epoch 15 Iter   350: Loss: 9.714 (17.926)
08/12 05:45:53 - mmengine - INFO - OccupancyLoss: 4.36198, OccupancyFlowLoss: 1.67145, DetectionLoss: 3.18563, DynamicLoss: 0.02531, PhysicsLoss: 0.46949
08/12 05:46:53 - mmengine - INFO - [EVAL] Epoch 15 Iter   400: Loss: 14.944 (17.783)
08/12 05:46:53 - mmengine - INFO - OccupancyLoss: 6.72937, OccupancyFlowLoss: 0.85003, DetectionLoss: 7.33499, DynamicLoss: 0.02572, PhysicsLoss: 0.00343
08/12 05:47:54 - mmengine - INFO - [EVAL] Epoch 15 Iter   450: Loss: 34.267 (17.902)
08/12 05:47:54 - mmengine - INFO - OccupancyLoss: 6.86946, OccupancyFlowLoss: 7.15665, DetectionLoss: 15.63556, DynamicLoss: 0.12757, PhysicsLoss: 4.47753
08/12 05:48:53 - mmengine - INFO - Validation per class iou none:
08/12 05:48:53 - mmengine - INFO - barrier : 21.31%, 0.34, 0.37
08/12 05:48:53 - mmengine - INFO - bicycle : 12.16%, 0.24, 0.20
08/12 05:48:53 - mmengine - INFO - bus : 31.06%, 0.41, 0.57
08/12 05:48:53 - mmengine - INFO - car : 35.90%, 0.49, 0.57
08/12 05:48:53 - mmengine - INFO - construction_vehicle : 15.02%, 0.30, 0.23
08/12 05:48:53 - mmengine - INFO - motorcycle : 12.11%, 0.23, 0.21
08/12 05:48:53 - mmengine - INFO - pedestrian : 14.55%, 0.26, 0.25
08/12 05:48:53 - mmengine - INFO - traffic_cone : 5.40%, 0.18, 0.07
08/12 05:48:53 - mmengine - INFO - trailer : 14.07%, 0.22, 0.27
08/12 05:48:53 - mmengine - INFO - truck : 25.32%, 0.36, 0.46
08/12 05:48:53 - mmengine - INFO - driveable_surface : 45.31%, 0.62, 0.62
08/12 05:48:53 - mmengine - INFO - other_flat : 24.00%, 0.55, 0.30
08/12 05:48:53 - mmengine - INFO - sidewalk : 26.70%, 0.43, 0.41
08/12 05:48:53 - mmengine - INFO - terrain : 24.65%, 0.43, 0.37
08/12 05:48:53 - mmengine - INFO - manmade : 10.39%, 0.33, 0.13
08/12 05:48:53 - mmengine - INFO - vegetation : 23.77%, 0.41, 0.36
08/12 05:48:53 - mmengine - INFO - tensor([  213109,    14566,   204192,  1435223,   106632,    22025,   206833,
           42653,   134799,   555406,  7051599,   345594,  2482869,  3418334,
         7852446,  8317553, 32659904], device='cuda:0', dtype=torch.int32)
08/12 05:48:53 - mmengine - INFO - tensor([   78529,     2902,   116222,   819295,    24434,     4567,    51061,
            3050,    36907,   258239,  4397995,   103720,  1015595,  1261670,
         1029314,  3000581, 14898806], device='cuda:0', dtype=torch.int32)
08/12 05:48:53 - mmengine - INFO - tensor([  233876,    12207,   286231,  1666056,    80455,    20240,   195199,
           16891,   164462,   722697,  7053654,   190296,  2336845,  2962154,
         3082104,  7308121, 26331488], device='cuda:0', dtype=torch.int32)
08/12 05:48:53 - mmengine - INFO - mIoU: 21.35709992144257, iou2: 33.78982162475586
08/12 05:48:53 - mmengine - INFO - Current val loss is 18.011
