Name of parameter - Initialization information

img_backbone.conv1.weight - torch.Size([64, 3, 7, 7]): 
KaimingInit: a=0, mode=fan_out, nonlinearity=relu, distribution =normal, bias=0 

img_backbone.bn1.weight - torch.Size([64]): 
The value is the same before and after calling `init_weights` of BEVSegmentor  

img_backbone.bn1.bias - torch.Size([64]): 
The value is the same before and after calling `init_weights` of BEVSegmentor  

img_backbone.layer1.0.conv1.weight - torch.Size([64, 64, 1, 1]): 
KaimingInit: a=0, mode=fan_out, nonlinearity=relu, distribution =normal, bias=0 

img_backbone.layer1.0.bn1.weight - torch.Size([64]): 
The value is the same before and after calling `init_weights` of BEVSegmentor  

img_backbone.layer1.0.bn1.bias - torch.Size([64]): 
The value is the same before and after calling `init_weights` of BEVSegmentor  

img_backbone.layer1.0.conv2.weight - torch.Size([64, 64, 3, 3]): 
KaimingInit: a=0, mode=fan_out, nonlinearity=relu, distribution =normal, bias=0 

img_backbone.layer1.0.bn2.weight - torch.Size([64]): 
The value is the same before and after calling `init_weights` of BEVSegmentor  

img_backbone.layer1.0.bn2.bias - torch.Size([64]): 
The value is the same before and after calling `init_weights` of BEVSegmentor  

img_backbone.layer1.0.conv3.weight - torch.Size([256, 64, 1, 1]): 
KaimingInit: a=0, mode=fan_out, nonlinearity=relu, distribution =normal, bias=0 

img_backbone.layer1.0.bn3.weight - torch.Size([256]): 
ConstantInit: val=0, bias=0 

img_backbone.layer1.0.bn3.bias - torch.Size([256]): 
The value is the same before and after calling `init_weights` of BEVSegmentor  

img_backbone.layer1.0.downsample.0.weight - torch.Size([256, 64, 1, 1]): 
KaimingInit: a=0, mode=fan_out, nonlinearity=relu, distribution =normal, bias=0 

img_backbone.layer1.0.downsample.1.weight - torch.Size([256]): 
The value is the same before and after calling `init_weights` of BEVSegmentor  

img_backbone.layer1.0.downsample.1.bias - torch.Size([256]): 
The value is the same before and after calling `init_weights` of BEVSegmentor  

img_backbone.layer1.1.conv1.weight - torch.Size([64, 256, 1, 1]): 
KaimingInit: a=0, mode=fan_out, nonlinearity=relu, distribution =normal, bias=0 

img_backbone.layer1.1.bn1.weight - torch.Size([64]): 
The value is the same before and after calling `init_weights` of BEVSegmentor  

img_backbone.layer1.1.bn1.bias - torch.Size([64]): 
The value is the same before and after calling `init_weights` of BEVSegmentor  

img_backbone.layer1.1.conv2.weight - torch.Size([64, 64, 3, 3]): 
KaimingInit: a=0, mode=fan_out, nonlinearity=relu, distribution =normal, bias=0 

img_backbone.layer1.1.bn2.weight - torch.Size([64]): 
The value is the same before and after calling `init_weights` of BEVSegmentor  

img_backbone.layer1.1.bn2.bias - torch.Size([64]): 
The value is the same before and after calling `init_weights` of BEVSegmentor  

img_backbone.layer1.1.conv3.weight - torch.Size([256, 64, 1, 1]): 
KaimingInit: a=0, mode=fan_out, nonlinearity=relu, distribution =normal, bias=0 

img_backbone.layer1.1.bn3.weight - torch.Size([256]): 
ConstantInit: val=0, bias=0 

img_backbone.layer1.1.bn3.bias - torch.Size([256]): 
The value is the same before and after calling `init_weights` of BEVSegmentor  

img_backbone.layer1.2.conv1.weight - torch.Size([64, 256, 1, 1]): 
KaimingInit: a=0, mode=fan_out, nonlinearity=relu, distribution =normal, bias=0 

img_backbone.layer1.2.bn1.weight - torch.Size([64]): 
The value is the same before and after calling `init_weights` of BEVSegmentor  

img_backbone.layer1.2.bn1.bias - torch.Size([64]): 
The value is the same before and after calling `init_weights` of BEVSegmentor  

img_backbone.layer1.2.conv2.weight - torch.Size([64, 64, 3, 3]): 
KaimingInit: a=0, mode=fan_out, nonlinearity=relu, distribution =normal, bias=0 

img_backbone.layer1.2.bn2.weight - torch.Size([64]): 
The value is the same before and after calling `init_weights` of BEVSegmentor  

img_backbone.layer1.2.bn2.bias - torch.Size([64]): 
The value is the same before and after calling `init_weights` of BEVSegmentor  

img_backbone.layer1.2.conv3.weight - torch.Size([256, 64, 1, 1]): 
KaimingInit: a=0, mode=fan_out, nonlinearity=relu, distribution =normal, bias=0 

img_backbone.layer1.2.bn3.weight - torch.Size([256]): 
ConstantInit: val=0, bias=0 

img_backbone.layer1.2.bn3.bias - torch.Size([256]): 
The value is the same before and after calling `init_weights` of BEVSegmentor  

img_backbone.layer2.0.conv1.weight - torch.Size([128, 256, 1, 1]): 
KaimingInit: a=0, mode=fan_out, nonlinearity=relu, distribution =normal, bias=0 

img_backbone.layer2.0.bn1.weight - torch.Size([128]): 
The value is the same before and after calling `init_weights` of BEVSegmentor  

img_backbone.layer2.0.bn1.bias - torch.Size([128]): 
The value is the same before and after calling `init_weights` of BEVSegmentor  

img_backbone.layer2.0.conv2.weight - torch.Size([128, 128, 3, 3]): 
KaimingInit: a=0, mode=fan_out, nonlinearity=relu, distribution =normal, bias=0 

img_backbone.layer2.0.bn2.weight - torch.Size([128]): 
The value is the same before and after calling `init_weights` of BEVSegmentor  

img_backbone.layer2.0.bn2.bias - torch.Size([128]): 
The value is the same before and after calling `init_weights` of BEVSegmentor  

img_backbone.layer2.0.conv3.weight - torch.Size([512, 128, 1, 1]): 
KaimingInit: a=0, mode=fan_out, nonlinearity=relu, distribution =normal, bias=0 

img_backbone.layer2.0.bn3.weight - torch.Size([512]): 
ConstantInit: val=0, bias=0 

img_backbone.layer2.0.bn3.bias - torch.Size([512]): 
The value is the same before and after calling `init_weights` of BEVSegmentor  

img_backbone.layer2.0.downsample.0.weight - torch.Size([512, 256, 1, 1]): 
KaimingInit: a=0, mode=fan_out, nonlinearity=relu, distribution =normal, bias=0 

img_backbone.layer2.0.downsample.1.weight - torch.Size([512]): 
The value is the same before and after calling `init_weights` of BEVSegmentor  

img_backbone.layer2.0.downsample.1.bias - torch.Size([512]): 
The value is the same before and after calling `init_weights` of BEVSegmentor  

img_backbone.layer2.1.conv1.weight - torch.Size([128, 512, 1, 1]): 
KaimingInit: a=0, mode=fan_out, nonlinearity=relu, distribution =normal, bias=0 

img_backbone.layer2.1.bn1.weight - torch.Size([128]): 
The value is the same before and after calling `init_weights` of BEVSegmentor  

img_backbone.layer2.1.bn1.bias - torch.Size([128]): 
The value is the same before and after calling `init_weights` of BEVSegmentor  

img_backbone.layer2.1.conv2.weight - torch.Size([128, 128, 3, 3]): 
KaimingInit: a=0, mode=fan_out, nonlinearity=relu, distribution =normal, bias=0 

img_backbone.layer2.1.bn2.weight - torch.Size([128]): 
The value is the same before and after calling `init_weights` of BEVSegmentor  

img_backbone.layer2.1.bn2.bias - torch.Size([128]): 
The value is the same before and after calling `init_weights` of BEVSegmentor  

img_backbone.layer2.1.conv3.weight - torch.Size([512, 128, 1, 1]): 
KaimingInit: a=0, mode=fan_out, nonlinearity=relu, distribution =normal, bias=0 

img_backbone.layer2.1.bn3.weight - torch.Size([512]): 
ConstantInit: val=0, bias=0 

img_backbone.layer2.1.bn3.bias - torch.Size([512]): 
The value is the same before and after calling `init_weights` of BEVSegmentor  

img_backbone.layer2.2.conv1.weight - torch.Size([128, 512, 1, 1]): 
KaimingInit: a=0, mode=fan_out, nonlinearity=relu, distribution =normal, bias=0 

img_backbone.layer2.2.bn1.weight - torch.Size([128]): 
The value is the same before and after calling `init_weights` of BEVSegmentor  

img_backbone.layer2.2.bn1.bias - torch.Size([128]): 
The value is the same before and after calling `init_weights` of BEVSegmentor  

img_backbone.layer2.2.conv2.weight - torch.Size([128, 128, 3, 3]): 
KaimingInit: a=0, mode=fan_out, nonlinearity=relu, distribution =normal, bias=0 

img_backbone.layer2.2.bn2.weight - torch.Size([128]): 
The value is the same before and after calling `init_weights` of BEVSegmentor  

img_backbone.layer2.2.bn2.bias - torch.Size([128]): 
The value is the same before and after calling `init_weights` of BEVSegmentor  

img_backbone.layer2.2.conv3.weight - torch.Size([512, 128, 1, 1]): 
KaimingInit: a=0, mode=fan_out, nonlinearity=relu, distribution =normal, bias=0 

img_backbone.layer2.2.bn3.weight - torch.Size([512]): 
ConstantInit: val=0, bias=0 

img_backbone.layer2.2.bn3.bias - torch.Size([512]): 
The value is the same before and after calling `init_weights` of BEVSegmentor  

img_backbone.layer2.3.conv1.weight - torch.Size([128, 512, 1, 1]): 
KaimingInit: a=0, mode=fan_out, nonlinearity=relu, distribution =normal, bias=0 

img_backbone.layer2.3.bn1.weight - torch.Size([128]): 
The value is the same before and after calling `init_weights` of BEVSegmentor  

img_backbone.layer2.3.bn1.bias - torch.Size([128]): 
The value is the same before and after calling `init_weights` of BEVSegmentor  

img_backbone.layer2.3.conv2.weight - torch.Size([128, 128, 3, 3]): 
KaimingInit: a=0, mode=fan_out, nonlinearity=relu, distribution =normal, bias=0 

img_backbone.layer2.3.bn2.weight - torch.Size([128]): 
The value is the same before and after calling `init_weights` of BEVSegmentor  

img_backbone.layer2.3.bn2.bias - torch.Size([128]): 
The value is the same before and after calling `init_weights` of BEVSegmentor  

img_backbone.layer2.3.conv3.weight - torch.Size([512, 128, 1, 1]): 
KaimingInit: a=0, mode=fan_out, nonlinearity=relu, distribution =normal, bias=0 

img_backbone.layer2.3.bn3.weight - torch.Size([512]): 
ConstantInit: val=0, bias=0 

img_backbone.layer2.3.bn3.bias - torch.Size([512]): 
The value is the same before and after calling `init_weights` of BEVSegmentor  

img_backbone.layer3.0.conv1.weight - torch.Size([256, 512, 1, 1]): 
KaimingInit: a=0, mode=fan_out, nonlinearity=relu, distribution =normal, bias=0 

img_backbone.layer3.0.bn1.weight - torch.Size([256]): 
The value is the same before and after calling `init_weights` of BEVSegmentor  

img_backbone.layer3.0.bn1.bias - torch.Size([256]): 
The value is the same before and after calling `init_weights` of BEVSegmentor  

img_backbone.layer3.0.conv2.weight - torch.Size([256, 256, 3, 3]): 
Initialized by user-defined `init_weights` in ModulatedDeformConv2dPack  

img_backbone.layer3.0.conv2.conv_offset.weight - torch.Size([27, 256, 3, 3]): 
Initialized by user-defined `init_weights` in ModulatedDeformConv2dPack  

img_backbone.layer3.0.conv2.conv_offset.bias - torch.Size([27]): 
The value is the same before and after calling `init_weights` of BEVSegmentor  

img_backbone.layer3.0.bn2.weight - torch.Size([256]): 
The value is the same before and after calling `init_weights` of BEVSegmentor  

img_backbone.layer3.0.bn2.bias - torch.Size([256]): 
The value is the same before and after calling `init_weights` of BEVSegmentor  

img_backbone.layer3.0.conv3.weight - torch.Size([1024, 256, 1, 1]): 
KaimingInit: a=0, mode=fan_out, nonlinearity=relu, distribution =normal, bias=0 

img_backbone.layer3.0.bn3.weight - torch.Size([1024]): 
ConstantInit: val=0, bias=0 

img_backbone.layer3.0.bn3.bias - torch.Size([1024]): 
The value is the same before and after calling `init_weights` of BEVSegmentor  

img_backbone.layer3.0.downsample.0.weight - torch.Size([1024, 512, 1, 1]): 
KaimingInit: a=0, mode=fan_out, nonlinearity=relu, distribution =normal, bias=0 

img_backbone.layer3.0.downsample.1.weight - torch.Size([1024]): 
The value is the same before and after calling `init_weights` of BEVSegmentor  

img_backbone.layer3.0.downsample.1.bias - torch.Size([1024]): 
The value is the same before and after calling `init_weights` of BEVSegmentor  

img_backbone.layer3.1.conv1.weight - torch.Size([256, 1024, 1, 1]): 
KaimingInit: a=0, mode=fan_out, nonlinearity=relu, distribution =normal, bias=0 

img_backbone.layer3.1.bn1.weight - torch.Size([256]): 
The value is the same before and after calling `init_weights` of BEVSegmentor  

img_backbone.layer3.1.bn1.bias - torch.Size([256]): 
The value is the same before and after calling `init_weights` of BEVSegmentor  

img_backbone.layer3.1.conv2.weight - torch.Size([256, 256, 3, 3]): 
Initialized by user-defined `init_weights` in ModulatedDeformConv2dPack  

img_backbone.layer3.1.conv2.conv_offset.weight - torch.Size([27, 256, 3, 3]): 
Initialized by user-defined `init_weights` in ModulatedDeformConv2dPack  

img_backbone.layer3.1.conv2.conv_offset.bias - torch.Size([27]): 
The value is the same before and after calling `init_weights` of BEVSegmentor  

img_backbone.layer3.1.bn2.weight - torch.Size([256]): 
The value is the same before and after calling `init_weights` of BEVSegmentor  

img_backbone.layer3.1.bn2.bias - torch.Size([256]): 
The value is the same before and after calling `init_weights` of BEVSegmentor  

img_backbone.layer3.1.conv3.weight - torch.Size([1024, 256, 1, 1]): 
KaimingInit: a=0, mode=fan_out, nonlinearity=relu, distribution =normal, bias=0 

img_backbone.layer3.1.bn3.weight - torch.Size([1024]): 
ConstantInit: val=0, bias=0 

img_backbone.layer3.1.bn3.bias - torch.Size([1024]): 
The value is the same before and after calling `init_weights` of BEVSegmentor  

img_backbone.layer3.2.conv1.weight - torch.Size([256, 1024, 1, 1]): 
KaimingInit: a=0, mode=fan_out, nonlinearity=relu, distribution =normal, bias=0 

img_backbone.layer3.2.bn1.weight - torch.Size([256]): 
The value is the same before and after calling `init_weights` of BEVSegmentor  

img_backbone.layer3.2.bn1.bias - torch.Size([256]): 
The value is the same before and after calling `init_weights` of BEVSegmentor  

img_backbone.layer3.2.conv2.weight - torch.Size([256, 256, 3, 3]): 
Initialized by user-defined `init_weights` in ModulatedDeformConv2dPack  

img_backbone.layer3.2.conv2.conv_offset.weight - torch.Size([27, 256, 3, 3]): 
Initialized by user-defined `init_weights` in ModulatedDeformConv2dPack  

img_backbone.layer3.2.conv2.conv_offset.bias - torch.Size([27]): 
The value is the same before and after calling `init_weights` of BEVSegmentor  

img_backbone.layer3.2.bn2.weight - torch.Size([256]): 
The value is the same before and after calling `init_weights` of BEVSegmentor  

img_backbone.layer3.2.bn2.bias - torch.Size([256]): 
The value is the same before and after calling `init_weights` of BEVSegmentor  

img_backbone.layer3.2.conv3.weight - torch.Size([1024, 256, 1, 1]): 
KaimingInit: a=0, mode=fan_out, nonlinearity=relu, distribution =normal, bias=0 

img_backbone.layer3.2.bn3.weight - torch.Size([1024]): 
ConstantInit: val=0, bias=0 

img_backbone.layer3.2.bn3.bias - torch.Size([1024]): 
The value is the same before and after calling `init_weights` of BEVSegmentor  

img_backbone.layer3.3.conv1.weight - torch.Size([256, 1024, 1, 1]): 
KaimingInit: a=0, mode=fan_out, nonlinearity=relu, distribution =normal, bias=0 

img_backbone.layer3.3.bn1.weight - torch.Size([256]): 
The value is the same before and after calling `init_weights` of BEVSegmentor  

img_backbone.layer3.3.bn1.bias - torch.Size([256]): 
The value is the same before and after calling `init_weights` of BEVSegmentor  

img_backbone.layer3.3.conv2.weight - torch.Size([256, 256, 3, 3]): 
Initialized by user-defined `init_weights` in ModulatedDeformConv2dPack  

img_backbone.layer3.3.conv2.conv_offset.weight - torch.Size([27, 256, 3, 3]): 
Initialized by user-defined `init_weights` in ModulatedDeformConv2dPack  

img_backbone.layer3.3.conv2.conv_offset.bias - torch.Size([27]): 
The value is the same before and after calling `init_weights` of BEVSegmentor  

img_backbone.layer3.3.bn2.weight - torch.Size([256]): 
The value is the same before and after calling `init_weights` of BEVSegmentor  

img_backbone.layer3.3.bn2.bias - torch.Size([256]): 
The value is the same before and after calling `init_weights` of BEVSegmentor  

img_backbone.layer3.3.conv3.weight - torch.Size([1024, 256, 1, 1]): 
KaimingInit: a=0, mode=fan_out, nonlinearity=relu, distribution =normal, bias=0 

img_backbone.layer3.3.bn3.weight - torch.Size([1024]): 
ConstantInit: val=0, bias=0 

img_backbone.layer3.3.bn3.bias - torch.Size([1024]): 
The value is the same before and after calling `init_weights` of BEVSegmentor  

img_backbone.layer3.4.conv1.weight - torch.Size([256, 1024, 1, 1]): 
KaimingInit: a=0, mode=fan_out, nonlinearity=relu, distribution =normal, bias=0 

img_backbone.layer3.4.bn1.weight - torch.Size([256]): 
The value is the same before and after calling `init_weights` of BEVSegmentor  

img_backbone.layer3.4.bn1.bias - torch.Size([256]): 
The value is the same before and after calling `init_weights` of BEVSegmentor  

img_backbone.layer3.4.conv2.weight - torch.Size([256, 256, 3, 3]): 
Initialized by user-defined `init_weights` in ModulatedDeformConv2dPack  

img_backbone.layer3.4.conv2.conv_offset.weight - torch.Size([27, 256, 3, 3]): 
Initialized by user-defined `init_weights` in ModulatedDeformConv2dPack  

img_backbone.layer3.4.conv2.conv_offset.bias - torch.Size([27]): 
The value is the same before and after calling `init_weights` of BEVSegmentor  

img_backbone.layer3.4.bn2.weight - torch.Size([256]): 
The value is the same before and after calling `init_weights` of BEVSegmentor  

img_backbone.layer3.4.bn2.bias - torch.Size([256]): 
The value is the same before and after calling `init_weights` of BEVSegmentor  

img_backbone.layer3.4.conv3.weight - torch.Size([1024, 256, 1, 1]): 
KaimingInit: a=0, mode=fan_out, nonlinearity=relu, distribution =normal, bias=0 

img_backbone.layer3.4.bn3.weight - torch.Size([1024]): 
ConstantInit: val=0, bias=0 

img_backbone.layer3.4.bn3.bias - torch.Size([1024]): 
The value is the same before and after calling `init_weights` of BEVSegmentor  

img_backbone.layer3.5.conv1.weight - torch.Size([256, 1024, 1, 1]): 
KaimingInit: a=0, mode=fan_out, nonlinearity=relu, distribution =normal, bias=0 

img_backbone.layer3.5.bn1.weight - torch.Size([256]): 
The value is the same before and after calling `init_weights` of BEVSegmentor  

img_backbone.layer3.5.bn1.bias - torch.Size([256]): 
The value is the same before and after calling `init_weights` of BEVSegmentor  

img_backbone.layer3.5.conv2.weight - torch.Size([256, 256, 3, 3]): 
Initialized by user-defined `init_weights` in ModulatedDeformConv2dPack  

img_backbone.layer3.5.conv2.conv_offset.weight - torch.Size([27, 256, 3, 3]): 
Initialized by user-defined `init_weights` in ModulatedDeformConv2dPack  

img_backbone.layer3.5.conv2.conv_offset.bias - torch.Size([27]): 
The value is the same before and after calling `init_weights` of BEVSegmentor  

img_backbone.layer3.5.bn2.weight - torch.Size([256]): 
The value is the same before and after calling `init_weights` of BEVSegmentor  

img_backbone.layer3.5.bn2.bias - torch.Size([256]): 
The value is the same before and after calling `init_weights` of BEVSegmentor  

img_backbone.layer3.5.conv3.weight - torch.Size([1024, 256, 1, 1]): 
KaimingInit: a=0, mode=fan_out, nonlinearity=relu, distribution =normal, bias=0 

img_backbone.layer3.5.bn3.weight - torch.Size([1024]): 
ConstantInit: val=0, bias=0 

img_backbone.layer3.5.bn3.bias - torch.Size([1024]): 
The value is the same before and after calling `init_weights` of BEVSegmentor  

img_backbone.layer3.6.conv1.weight - torch.Size([256, 1024, 1, 1]): 
KaimingInit: a=0, mode=fan_out, nonlinearity=relu, distribution =normal, bias=0 

img_backbone.layer3.6.bn1.weight - torch.Size([256]): 
The value is the same before and after calling `init_weights` of BEVSegmentor  

img_backbone.layer3.6.bn1.bias - torch.Size([256]): 
The value is the same before and after calling `init_weights` of BEVSegmentor  

img_backbone.layer3.6.conv2.weight - torch.Size([256, 256, 3, 3]): 
Initialized by user-defined `init_weights` in ModulatedDeformConv2dPack  

img_backbone.layer3.6.conv2.conv_offset.weight - torch.Size([27, 256, 3, 3]): 
Initialized by user-defined `init_weights` in ModulatedDeformConv2dPack  

img_backbone.layer3.6.conv2.conv_offset.bias - torch.Size([27]): 
The value is the same before and after calling `init_weights` of BEVSegmentor  

img_backbone.layer3.6.bn2.weight - torch.Size([256]): 
The value is the same before and after calling `init_weights` of BEVSegmentor  

img_backbone.layer3.6.bn2.bias - torch.Size([256]): 
The value is the same before and after calling `init_weights` of BEVSegmentor  

img_backbone.layer3.6.conv3.weight - torch.Size([1024, 256, 1, 1]): 
KaimingInit: a=0, mode=fan_out, nonlinearity=relu, distribution =normal, bias=0 

img_backbone.layer3.6.bn3.weight - torch.Size([1024]): 
ConstantInit: val=0, bias=0 

img_backbone.layer3.6.bn3.bias - torch.Size([1024]): 
The value is the same before and after calling `init_weights` of BEVSegmentor  

img_backbone.layer3.7.conv1.weight - torch.Size([256, 1024, 1, 1]): 
KaimingInit: a=0, mode=fan_out, nonlinearity=relu, distribution =normal, bias=0 

img_backbone.layer3.7.bn1.weight - torch.Size([256]): 
The value is the same before and after calling `init_weights` of BEVSegmentor  

img_backbone.layer3.7.bn1.bias - torch.Size([256]): 
The value is the same before and after calling `init_weights` of BEVSegmentor  

img_backbone.layer3.7.conv2.weight - torch.Size([256, 256, 3, 3]): 
Initialized by user-defined `init_weights` in ModulatedDeformConv2dPack  

img_backbone.layer3.7.conv2.conv_offset.weight - torch.Size([27, 256, 3, 3]): 
Initialized by user-defined `init_weights` in ModulatedDeformConv2dPack  

img_backbone.layer3.7.conv2.conv_offset.bias - torch.Size([27]): 
The value is the same before and after calling `init_weights` of BEVSegmentor  

img_backbone.layer3.7.bn2.weight - torch.Size([256]): 
The value is the same before and after calling `init_weights` of BEVSegmentor  

img_backbone.layer3.7.bn2.bias - torch.Size([256]): 
The value is the same before and after calling `init_weights` of BEVSegmentor  

img_backbone.layer3.7.conv3.weight - torch.Size([1024, 256, 1, 1]): 
KaimingInit: a=0, mode=fan_out, nonlinearity=relu, distribution =normal, bias=0 

img_backbone.layer3.7.bn3.weight - torch.Size([1024]): 
ConstantInit: val=0, bias=0 

img_backbone.layer3.7.bn3.bias - torch.Size([1024]): 
The value is the same before and after calling `init_weights` of BEVSegmentor  

img_backbone.layer3.8.conv1.weight - torch.Size([256, 1024, 1, 1]): 
KaimingInit: a=0, mode=fan_out, nonlinearity=relu, distribution =normal, bias=0 

img_backbone.layer3.8.bn1.weight - torch.Size([256]): 
The value is the same before and after calling `init_weights` of BEVSegmentor  

img_backbone.layer3.8.bn1.bias - torch.Size([256]): 
The value is the same before and after calling `init_weights` of BEVSegmentor  

img_backbone.layer3.8.conv2.weight - torch.Size([256, 256, 3, 3]): 
Initialized by user-defined `init_weights` in ModulatedDeformConv2dPack  

img_backbone.layer3.8.conv2.conv_offset.weight - torch.Size([27, 256, 3, 3]): 
Initialized by user-defined `init_weights` in ModulatedDeformConv2dPack  

img_backbone.layer3.8.conv2.conv_offset.bias - torch.Size([27]): 
The value is the same before and after calling `init_weights` of BEVSegmentor  

img_backbone.layer3.8.bn2.weight - torch.Size([256]): 
The value is the same before and after calling `init_weights` of BEVSegmentor  

img_backbone.layer3.8.bn2.bias - torch.Size([256]): 
The value is the same before and after calling `init_weights` of BEVSegmentor  

img_backbone.layer3.8.conv3.weight - torch.Size([1024, 256, 1, 1]): 
KaimingInit: a=0, mode=fan_out, nonlinearity=relu, distribution =normal, bias=0 

img_backbone.layer3.8.bn3.weight - torch.Size([1024]): 
ConstantInit: val=0, bias=0 

img_backbone.layer3.8.bn3.bias - torch.Size([1024]): 
The value is the same before and after calling `init_weights` of BEVSegmentor  

img_backbone.layer3.9.conv1.weight - torch.Size([256, 1024, 1, 1]): 
KaimingInit: a=0, mode=fan_out, nonlinearity=relu, distribution =normal, bias=0 

img_backbone.layer3.9.bn1.weight - torch.Size([256]): 
The value is the same before and after calling `init_weights` of BEVSegmentor  

img_backbone.layer3.9.bn1.bias - torch.Size([256]): 
The value is the same before and after calling `init_weights` of BEVSegmentor  

img_backbone.layer3.9.conv2.weight - torch.Size([256, 256, 3, 3]): 
Initialized by user-defined `init_weights` in ModulatedDeformConv2dPack  

img_backbone.layer3.9.conv2.conv_offset.weight - torch.Size([27, 256, 3, 3]): 
Initialized by user-defined `init_weights` in ModulatedDeformConv2dPack  

img_backbone.layer3.9.conv2.conv_offset.bias - torch.Size([27]): 
The value is the same before and after calling `init_weights` of BEVSegmentor  

img_backbone.layer3.9.bn2.weight - torch.Size([256]): 
The value is the same before and after calling `init_weights` of BEVSegmentor  

img_backbone.layer3.9.bn2.bias - torch.Size([256]): 
The value is the same before and after calling `init_weights` of BEVSegmentor  

img_backbone.layer3.9.conv3.weight - torch.Size([1024, 256, 1, 1]): 
KaimingInit: a=0, mode=fan_out, nonlinearity=relu, distribution =normal, bias=0 

img_backbone.layer3.9.bn3.weight - torch.Size([1024]): 
ConstantInit: val=0, bias=0 

img_backbone.layer3.9.bn3.bias - torch.Size([1024]): 
The value is the same before and after calling `init_weights` of BEVSegmentor  

img_backbone.layer3.10.conv1.weight - torch.Size([256, 1024, 1, 1]): 
KaimingInit: a=0, mode=fan_out, nonlinearity=relu, distribution =normal, bias=0 

img_backbone.layer3.10.bn1.weight - torch.Size([256]): 
The value is the same before and after calling `init_weights` of BEVSegmentor  

img_backbone.layer3.10.bn1.bias - torch.Size([256]): 
The value is the same before and after calling `init_weights` of BEVSegmentor  

img_backbone.layer3.10.conv2.weight - torch.Size([256, 256, 3, 3]): 
Initialized by user-defined `init_weights` in ModulatedDeformConv2dPack  

img_backbone.layer3.10.conv2.conv_offset.weight - torch.Size([27, 256, 3, 3]): 
Initialized by user-defined `init_weights` in ModulatedDeformConv2dPack  

img_backbone.layer3.10.conv2.conv_offset.bias - torch.Size([27]): 
The value is the same before and after calling `init_weights` of BEVSegmentor  

img_backbone.layer3.10.bn2.weight - torch.Size([256]): 
The value is the same before and after calling `init_weights` of BEVSegmentor  

img_backbone.layer3.10.bn2.bias - torch.Size([256]): 
The value is the same before and after calling `init_weights` of BEVSegmentor  

img_backbone.layer3.10.conv3.weight - torch.Size([1024, 256, 1, 1]): 
KaimingInit: a=0, mode=fan_out, nonlinearity=relu, distribution =normal, bias=0 

img_backbone.layer3.10.bn3.weight - torch.Size([1024]): 
ConstantInit: val=0, bias=0 

img_backbone.layer3.10.bn3.bias - torch.Size([1024]): 
The value is the same before and after calling `init_weights` of BEVSegmentor  

img_backbone.layer3.11.conv1.weight - torch.Size([256, 1024, 1, 1]): 
KaimingInit: a=0, mode=fan_out, nonlinearity=relu, distribution =normal, bias=0 

img_backbone.layer3.11.bn1.weight - torch.Size([256]): 
The value is the same before and after calling `init_weights` of BEVSegmentor  

img_backbone.layer3.11.bn1.bias - torch.Size([256]): 
The value is the same before and after calling `init_weights` of BEVSegmentor  

img_backbone.layer3.11.conv2.weight - torch.Size([256, 256, 3, 3]): 
Initialized by user-defined `init_weights` in ModulatedDeformConv2dPack  

img_backbone.layer3.11.conv2.conv_offset.weight - torch.Size([27, 256, 3, 3]): 
Initialized by user-defined `init_weights` in ModulatedDeformConv2dPack  

img_backbone.layer3.11.conv2.conv_offset.bias - torch.Size([27]): 
The value is the same before and after calling `init_weights` of BEVSegmentor  

img_backbone.layer3.11.bn2.weight - torch.Size([256]): 
The value is the same before and after calling `init_weights` of BEVSegmentor  

img_backbone.layer3.11.bn2.bias - torch.Size([256]): 
The value is the same before and after calling `init_weights` of BEVSegmentor  

img_backbone.layer3.11.conv3.weight - torch.Size([1024, 256, 1, 1]): 
KaimingInit: a=0, mode=fan_out, nonlinearity=relu, distribution =normal, bias=0 

img_backbone.layer3.11.bn3.weight - torch.Size([1024]): 
ConstantInit: val=0, bias=0 

img_backbone.layer3.11.bn3.bias - torch.Size([1024]): 
The value is the same before and after calling `init_weights` of BEVSegmentor  

img_backbone.layer3.12.conv1.weight - torch.Size([256, 1024, 1, 1]): 
KaimingInit: a=0, mode=fan_out, nonlinearity=relu, distribution =normal, bias=0 

img_backbone.layer3.12.bn1.weight - torch.Size([256]): 
The value is the same before and after calling `init_weights` of BEVSegmentor  

img_backbone.layer3.12.bn1.bias - torch.Size([256]): 
The value is the same before and after calling `init_weights` of BEVSegmentor  

img_backbone.layer3.12.conv2.weight - torch.Size([256, 256, 3, 3]): 
Initialized by user-defined `init_weights` in ModulatedDeformConv2dPack  

img_backbone.layer3.12.conv2.conv_offset.weight - torch.Size([27, 256, 3, 3]): 
Initialized by user-defined `init_weights` in ModulatedDeformConv2dPack  

img_backbone.layer3.12.conv2.conv_offset.bias - torch.Size([27]): 
The value is the same before and after calling `init_weights` of BEVSegmentor  

img_backbone.layer3.12.bn2.weight - torch.Size([256]): 
The value is the same before and after calling `init_weights` of BEVSegmentor  

img_backbone.layer3.12.bn2.bias - torch.Size([256]): 
The value is the same before and after calling `init_weights` of BEVSegmentor  

img_backbone.layer3.12.conv3.weight - torch.Size([1024, 256, 1, 1]): 
KaimingInit: a=0, mode=fan_out, nonlinearity=relu, distribution =normal, bias=0 

img_backbone.layer3.12.bn3.weight - torch.Size([1024]): 
ConstantInit: val=0, bias=0 

img_backbone.layer3.12.bn3.bias - torch.Size([1024]): 
The value is the same before and after calling `init_weights` of BEVSegmentor  

img_backbone.layer3.13.conv1.weight - torch.Size([256, 1024, 1, 1]): 
KaimingInit: a=0, mode=fan_out, nonlinearity=relu, distribution =normal, bias=0 

img_backbone.layer3.13.bn1.weight - torch.Size([256]): 
The value is the same before and after calling `init_weights` of BEVSegmentor  

img_backbone.layer3.13.bn1.bias - torch.Size([256]): 
The value is the same before and after calling `init_weights` of BEVSegmentor  

img_backbone.layer3.13.conv2.weight - torch.Size([256, 256, 3, 3]): 
Initialized by user-defined `init_weights` in ModulatedDeformConv2dPack  

img_backbone.layer3.13.conv2.conv_offset.weight - torch.Size([27, 256, 3, 3]): 
Initialized by user-defined `init_weights` in ModulatedDeformConv2dPack  

img_backbone.layer3.13.conv2.conv_offset.bias - torch.Size([27]): 
The value is the same before and after calling `init_weights` of BEVSegmentor  

img_backbone.layer3.13.bn2.weight - torch.Size([256]): 
The value is the same before and after calling `init_weights` of BEVSegmentor  

img_backbone.layer3.13.bn2.bias - torch.Size([256]): 
The value is the same before and after calling `init_weights` of BEVSegmentor  

img_backbone.layer3.13.conv3.weight - torch.Size([1024, 256, 1, 1]): 
KaimingInit: a=0, mode=fan_out, nonlinearity=relu, distribution =normal, bias=0 

img_backbone.layer3.13.bn3.weight - torch.Size([1024]): 
ConstantInit: val=0, bias=0 

img_backbone.layer3.13.bn3.bias - torch.Size([1024]): 
The value is the same before and after calling `init_weights` of BEVSegmentor  

img_backbone.layer3.14.conv1.weight - torch.Size([256, 1024, 1, 1]): 
KaimingInit: a=0, mode=fan_out, nonlinearity=relu, distribution =normal, bias=0 

img_backbone.layer3.14.bn1.weight - torch.Size([256]): 
The value is the same before and after calling `init_weights` of BEVSegmentor  

img_backbone.layer3.14.bn1.bias - torch.Size([256]): 
The value is the same before and after calling `init_weights` of BEVSegmentor  

img_backbone.layer3.14.conv2.weight - torch.Size([256, 256, 3, 3]): 
Initialized by user-defined `init_weights` in ModulatedDeformConv2dPack  

img_backbone.layer3.14.conv2.conv_offset.weight - torch.Size([27, 256, 3, 3]): 
Initialized by user-defined `init_weights` in ModulatedDeformConv2dPack  

img_backbone.layer3.14.conv2.conv_offset.bias - torch.Size([27]): 
The value is the same before and after calling `init_weights` of BEVSegmentor  

img_backbone.layer3.14.bn2.weight - torch.Size([256]): 
The value is the same before and after calling `init_weights` of BEVSegmentor  

img_backbone.layer3.14.bn2.bias - torch.Size([256]): 
The value is the same before and after calling `init_weights` of BEVSegmentor  

img_backbone.layer3.14.conv3.weight - torch.Size([1024, 256, 1, 1]): 
KaimingInit: a=0, mode=fan_out, nonlinearity=relu, distribution =normal, bias=0 

img_backbone.layer3.14.bn3.weight - torch.Size([1024]): 
ConstantInit: val=0, bias=0 

img_backbone.layer3.14.bn3.bias - torch.Size([1024]): 
The value is the same before and after calling `init_weights` of BEVSegmentor  

img_backbone.layer3.15.conv1.weight - torch.Size([256, 1024, 1, 1]): 
KaimingInit: a=0, mode=fan_out, nonlinearity=relu, distribution =normal, bias=0 

img_backbone.layer3.15.bn1.weight - torch.Size([256]): 
The value is the same before and after calling `init_weights` of BEVSegmentor  

img_backbone.layer3.15.bn1.bias - torch.Size([256]): 
The value is the same before and after calling `init_weights` of BEVSegmentor  

img_backbone.layer3.15.conv2.weight - torch.Size([256, 256, 3, 3]): 
Initialized by user-defined `init_weights` in ModulatedDeformConv2dPack  

img_backbone.layer3.15.conv2.conv_offset.weight - torch.Size([27, 256, 3, 3]): 
Initialized by user-defined `init_weights` in ModulatedDeformConv2dPack  

img_backbone.layer3.15.conv2.conv_offset.bias - torch.Size([27]): 
The value is the same before and after calling `init_weights` of BEVSegmentor  

img_backbone.layer3.15.bn2.weight - torch.Size([256]): 
The value is the same before and after calling `init_weights` of BEVSegmentor  

img_backbone.layer3.15.bn2.bias - torch.Size([256]): 
The value is the same before and after calling `init_weights` of BEVSegmentor  

img_backbone.layer3.15.conv3.weight - torch.Size([1024, 256, 1, 1]): 
KaimingInit: a=0, mode=fan_out, nonlinearity=relu, distribution =normal, bias=0 

img_backbone.layer3.15.bn3.weight - torch.Size([1024]): 
ConstantInit: val=0, bias=0 

img_backbone.layer3.15.bn3.bias - torch.Size([1024]): 
The value is the same before and after calling `init_weights` of BEVSegmentor  

img_backbone.layer3.16.conv1.weight - torch.Size([256, 1024, 1, 1]): 
KaimingInit: a=0, mode=fan_out, nonlinearity=relu, distribution =normal, bias=0 

img_backbone.layer3.16.bn1.weight - torch.Size([256]): 
The value is the same before and after calling `init_weights` of BEVSegmentor  

img_backbone.layer3.16.bn1.bias - torch.Size([256]): 
The value is the same before and after calling `init_weights` of BEVSegmentor  

img_backbone.layer3.16.conv2.weight - torch.Size([256, 256, 3, 3]): 
Initialized by user-defined `init_weights` in ModulatedDeformConv2dPack  

img_backbone.layer3.16.conv2.conv_offset.weight - torch.Size([27, 256, 3, 3]): 
Initialized by user-defined `init_weights` in ModulatedDeformConv2dPack  

img_backbone.layer3.16.conv2.conv_offset.bias - torch.Size([27]): 
The value is the same before and after calling `init_weights` of BEVSegmentor  

img_backbone.layer3.16.bn2.weight - torch.Size([256]): 
The value is the same before and after calling `init_weights` of BEVSegmentor  

img_backbone.layer3.16.bn2.bias - torch.Size([256]): 
The value is the same before and after calling `init_weights` of BEVSegmentor  

img_backbone.layer3.16.conv3.weight - torch.Size([1024, 256, 1, 1]): 
KaimingInit: a=0, mode=fan_out, nonlinearity=relu, distribution =normal, bias=0 

img_backbone.layer3.16.bn3.weight - torch.Size([1024]): 
ConstantInit: val=0, bias=0 

img_backbone.layer3.16.bn3.bias - torch.Size([1024]): 
The value is the same before and after calling `init_weights` of BEVSegmentor  

img_backbone.layer3.17.conv1.weight - torch.Size([256, 1024, 1, 1]): 
KaimingInit: a=0, mode=fan_out, nonlinearity=relu, distribution =normal, bias=0 

img_backbone.layer3.17.bn1.weight - torch.Size([256]): 
The value is the same before and after calling `init_weights` of BEVSegmentor  

img_backbone.layer3.17.bn1.bias - torch.Size([256]): 
The value is the same before and after calling `init_weights` of BEVSegmentor  

img_backbone.layer3.17.conv2.weight - torch.Size([256, 256, 3, 3]): 
Initialized by user-defined `init_weights` in ModulatedDeformConv2dPack  

img_backbone.layer3.17.conv2.conv_offset.weight - torch.Size([27, 256, 3, 3]): 
Initialized by user-defined `init_weights` in ModulatedDeformConv2dPack  

img_backbone.layer3.17.conv2.conv_offset.bias - torch.Size([27]): 
The value is the same before and after calling `init_weights` of BEVSegmentor  

img_backbone.layer3.17.bn2.weight - torch.Size([256]): 
The value is the same before and after calling `init_weights` of BEVSegmentor  

img_backbone.layer3.17.bn2.bias - torch.Size([256]): 
The value is the same before and after calling `init_weights` of BEVSegmentor  

img_backbone.layer3.17.conv3.weight - torch.Size([1024, 256, 1, 1]): 
KaimingInit: a=0, mode=fan_out, nonlinearity=relu, distribution =normal, bias=0 

img_backbone.layer3.17.bn3.weight - torch.Size([1024]): 
ConstantInit: val=0, bias=0 

img_backbone.layer3.17.bn3.bias - torch.Size([1024]): 
The value is the same before and after calling `init_weights` of BEVSegmentor  

img_backbone.layer3.18.conv1.weight - torch.Size([256, 1024, 1, 1]): 
KaimingInit: a=0, mode=fan_out, nonlinearity=relu, distribution =normal, bias=0 

img_backbone.layer3.18.bn1.weight - torch.Size([256]): 
The value is the same before and after calling `init_weights` of BEVSegmentor  

img_backbone.layer3.18.bn1.bias - torch.Size([256]): 
The value is the same before and after calling `init_weights` of BEVSegmentor  

img_backbone.layer3.18.conv2.weight - torch.Size([256, 256, 3, 3]): 
Initialized by user-defined `init_weights` in ModulatedDeformConv2dPack  

img_backbone.layer3.18.conv2.conv_offset.weight - torch.Size([27, 256, 3, 3]): 
Initialized by user-defined `init_weights` in ModulatedDeformConv2dPack  

img_backbone.layer3.18.conv2.conv_offset.bias - torch.Size([27]): 
The value is the same before and after calling `init_weights` of BEVSegmentor  

img_backbone.layer3.18.bn2.weight - torch.Size([256]): 
The value is the same before and after calling `init_weights` of BEVSegmentor  

img_backbone.layer3.18.bn2.bias - torch.Size([256]): 
The value is the same before and after calling `init_weights` of BEVSegmentor  

img_backbone.layer3.18.conv3.weight - torch.Size([1024, 256, 1, 1]): 
KaimingInit: a=0, mode=fan_out, nonlinearity=relu, distribution =normal, bias=0 

img_backbone.layer3.18.bn3.weight - torch.Size([1024]): 
ConstantInit: val=0, bias=0 

img_backbone.layer3.18.bn3.bias - torch.Size([1024]): 
The value is the same before and after calling `init_weights` of BEVSegmentor  

img_backbone.layer3.19.conv1.weight - torch.Size([256, 1024, 1, 1]): 
KaimingInit: a=0, mode=fan_out, nonlinearity=relu, distribution =normal, bias=0 

img_backbone.layer3.19.bn1.weight - torch.Size([256]): 
The value is the same before and after calling `init_weights` of BEVSegmentor  

img_backbone.layer3.19.bn1.bias - torch.Size([256]): 
The value is the same before and after calling `init_weights` of BEVSegmentor  

img_backbone.layer3.19.conv2.weight - torch.Size([256, 256, 3, 3]): 
Initialized by user-defined `init_weights` in ModulatedDeformConv2dPack  

img_backbone.layer3.19.conv2.conv_offset.weight - torch.Size([27, 256, 3, 3]): 
Initialized by user-defined `init_weights` in ModulatedDeformConv2dPack  

img_backbone.layer3.19.conv2.conv_offset.bias - torch.Size([27]): 
The value is the same before and after calling `init_weights` of BEVSegmentor  

img_backbone.layer3.19.bn2.weight - torch.Size([256]): 
The value is the same before and after calling `init_weights` of BEVSegmentor  

img_backbone.layer3.19.bn2.bias - torch.Size([256]): 
The value is the same before and after calling `init_weights` of BEVSegmentor  

img_backbone.layer3.19.conv3.weight - torch.Size([1024, 256, 1, 1]): 
KaimingInit: a=0, mode=fan_out, nonlinearity=relu, distribution =normal, bias=0 

img_backbone.layer3.19.bn3.weight - torch.Size([1024]): 
ConstantInit: val=0, bias=0 

img_backbone.layer3.19.bn3.bias - torch.Size([1024]): 
The value is the same before and after calling `init_weights` of BEVSegmentor  

img_backbone.layer3.20.conv1.weight - torch.Size([256, 1024, 1, 1]): 
KaimingInit: a=0, mode=fan_out, nonlinearity=relu, distribution =normal, bias=0 

img_backbone.layer3.20.bn1.weight - torch.Size([256]): 
The value is the same before and after calling `init_weights` of BEVSegmentor  

img_backbone.layer3.20.bn1.bias - torch.Size([256]): 
The value is the same before and after calling `init_weights` of BEVSegmentor  

img_backbone.layer3.20.conv2.weight - torch.Size([256, 256, 3, 3]): 
Initialized by user-defined `init_weights` in ModulatedDeformConv2dPack  

img_backbone.layer3.20.conv2.conv_offset.weight - torch.Size([27, 256, 3, 3]): 
Initialized by user-defined `init_weights` in ModulatedDeformConv2dPack  

img_backbone.layer3.20.conv2.conv_offset.bias - torch.Size([27]): 
The value is the same before and after calling `init_weights` of BEVSegmentor  

img_backbone.layer3.20.bn2.weight - torch.Size([256]): 
The value is the same before and after calling `init_weights` of BEVSegmentor  

img_backbone.layer3.20.bn2.bias - torch.Size([256]): 
The value is the same before and after calling `init_weights` of BEVSegmentor  

img_backbone.layer3.20.conv3.weight - torch.Size([1024, 256, 1, 1]): 
KaimingInit: a=0, mode=fan_out, nonlinearity=relu, distribution =normal, bias=0 

img_backbone.layer3.20.bn3.weight - torch.Size([1024]): 
ConstantInit: val=0, bias=0 

img_backbone.layer3.20.bn3.bias - torch.Size([1024]): 
The value is the same before and after calling `init_weights` of BEVSegmentor  

img_backbone.layer3.21.conv1.weight - torch.Size([256, 1024, 1, 1]): 
KaimingInit: a=0, mode=fan_out, nonlinearity=relu, distribution =normal, bias=0 

img_backbone.layer3.21.bn1.weight - torch.Size([256]): 
The value is the same before and after calling `init_weights` of BEVSegmentor  

img_backbone.layer3.21.bn1.bias - torch.Size([256]): 
The value is the same before and after calling `init_weights` of BEVSegmentor  

img_backbone.layer3.21.conv2.weight - torch.Size([256, 256, 3, 3]): 
Initialized by user-defined `init_weights` in ModulatedDeformConv2dPack  

img_backbone.layer3.21.conv2.conv_offset.weight - torch.Size([27, 256, 3, 3]): 
Initialized by user-defined `init_weights` in ModulatedDeformConv2dPack  

img_backbone.layer3.21.conv2.conv_offset.bias - torch.Size([27]): 
The value is the same before and after calling `init_weights` of BEVSegmentor  

img_backbone.layer3.21.bn2.weight - torch.Size([256]): 
The value is the same before and after calling `init_weights` of BEVSegmentor  

img_backbone.layer3.21.bn2.bias - torch.Size([256]): 
The value is the same before and after calling `init_weights` of BEVSegmentor  

img_backbone.layer3.21.conv3.weight - torch.Size([1024, 256, 1, 1]): 
KaimingInit: a=0, mode=fan_out, nonlinearity=relu, distribution =normal, bias=0 

img_backbone.layer3.21.bn3.weight - torch.Size([1024]): 
ConstantInit: val=0, bias=0 

img_backbone.layer3.21.bn3.bias - torch.Size([1024]): 
The value is the same before and after calling `init_weights` of BEVSegmentor  

img_backbone.layer3.22.conv1.weight - torch.Size([256, 1024, 1, 1]): 
KaimingInit: a=0, mode=fan_out, nonlinearity=relu, distribution =normal, bias=0 

img_backbone.layer3.22.bn1.weight - torch.Size([256]): 
The value is the same before and after calling `init_weights` of BEVSegmentor  

img_backbone.layer3.22.bn1.bias - torch.Size([256]): 
The value is the same before and after calling `init_weights` of BEVSegmentor  

img_backbone.layer3.22.conv2.weight - torch.Size([256, 256, 3, 3]): 
Initialized by user-defined `init_weights` in ModulatedDeformConv2dPack  

img_backbone.layer3.22.conv2.conv_offset.weight - torch.Size([27, 256, 3, 3]): 
Initialized by user-defined `init_weights` in ModulatedDeformConv2dPack  

img_backbone.layer3.22.conv2.conv_offset.bias - torch.Size([27]): 
The value is the same before and after calling `init_weights` of BEVSegmentor  

img_backbone.layer3.22.bn2.weight - torch.Size([256]): 
The value is the same before and after calling `init_weights` of BEVSegmentor  

img_backbone.layer3.22.bn2.bias - torch.Size([256]): 
The value is the same before and after calling `init_weights` of BEVSegmentor  

img_backbone.layer3.22.conv3.weight - torch.Size([1024, 256, 1, 1]): 
KaimingInit: a=0, mode=fan_out, nonlinearity=relu, distribution =normal, bias=0 

img_backbone.layer3.22.bn3.weight - torch.Size([1024]): 
ConstantInit: val=0, bias=0 

img_backbone.layer3.22.bn3.bias - torch.Size([1024]): 
The value is the same before and after calling `init_weights` of BEVSegmentor  

img_backbone.layer4.0.conv1.weight - torch.Size([512, 1024, 1, 1]): 
KaimingInit: a=0, mode=fan_out, nonlinearity=relu, distribution =normal, bias=0 

img_backbone.layer4.0.bn1.weight - torch.Size([512]): 
The value is the same before and after calling `init_weights` of BEVSegmentor  

img_backbone.layer4.0.bn1.bias - torch.Size([512]): 
The value is the same before and after calling `init_weights` of BEVSegmentor  

img_backbone.layer4.0.conv2.weight - torch.Size([512, 512, 3, 3]): 
Initialized by user-defined `init_weights` in ModulatedDeformConv2dPack  

img_backbone.layer4.0.conv2.conv_offset.weight - torch.Size([27, 512, 3, 3]): 
Initialized by user-defined `init_weights` in ModulatedDeformConv2dPack  

img_backbone.layer4.0.conv2.conv_offset.bias - torch.Size([27]): 
The value is the same before and after calling `init_weights` of BEVSegmentor  

img_backbone.layer4.0.bn2.weight - torch.Size([512]): 
The value is the same before and after calling `init_weights` of BEVSegmentor  

img_backbone.layer4.0.bn2.bias - torch.Size([512]): 
The value is the same before and after calling `init_weights` of BEVSegmentor  

img_backbone.layer4.0.conv3.weight - torch.Size([2048, 512, 1, 1]): 
KaimingInit: a=0, mode=fan_out, nonlinearity=relu, distribution =normal, bias=0 

img_backbone.layer4.0.bn3.weight - torch.Size([2048]): 
ConstantInit: val=0, bias=0 

img_backbone.layer4.0.bn3.bias - torch.Size([2048]): 
The value is the same before and after calling `init_weights` of BEVSegmentor  

img_backbone.layer4.0.downsample.0.weight - torch.Size([2048, 1024, 1, 1]): 
KaimingInit: a=0, mode=fan_out, nonlinearity=relu, distribution =normal, bias=0 

img_backbone.layer4.0.downsample.1.weight - torch.Size([2048]): 
The value is the same before and after calling `init_weights` of BEVSegmentor  

img_backbone.layer4.0.downsample.1.bias - torch.Size([2048]): 
The value is the same before and after calling `init_weights` of BEVSegmentor  

img_backbone.layer4.1.conv1.weight - torch.Size([512, 2048, 1, 1]): 
KaimingInit: a=0, mode=fan_out, nonlinearity=relu, distribution =normal, bias=0 

img_backbone.layer4.1.bn1.weight - torch.Size([512]): 
The value is the same before and after calling `init_weights` of BEVSegmentor  

img_backbone.layer4.1.bn1.bias - torch.Size([512]): 
The value is the same before and after calling `init_weights` of BEVSegmentor  

img_backbone.layer4.1.conv2.weight - torch.Size([512, 512, 3, 3]): 
Initialized by user-defined `init_weights` in ModulatedDeformConv2dPack  

img_backbone.layer4.1.conv2.conv_offset.weight - torch.Size([27, 512, 3, 3]): 
Initialized by user-defined `init_weights` in ModulatedDeformConv2dPack  

img_backbone.layer4.1.conv2.conv_offset.bias - torch.Size([27]): 
The value is the same before and after calling `init_weights` of BEVSegmentor  

img_backbone.layer4.1.bn2.weight - torch.Size([512]): 
The value is the same before and after calling `init_weights` of BEVSegmentor  

img_backbone.layer4.1.bn2.bias - torch.Size([512]): 
The value is the same before and after calling `init_weights` of BEVSegmentor  

img_backbone.layer4.1.conv3.weight - torch.Size([2048, 512, 1, 1]): 
KaimingInit: a=0, mode=fan_out, nonlinearity=relu, distribution =normal, bias=0 

img_backbone.layer4.1.bn3.weight - torch.Size([2048]): 
ConstantInit: val=0, bias=0 

img_backbone.layer4.1.bn3.bias - torch.Size([2048]): 
The value is the same before and after calling `init_weights` of BEVSegmentor  

img_backbone.layer4.2.conv1.weight - torch.Size([512, 2048, 1, 1]): 
KaimingInit: a=0, mode=fan_out, nonlinearity=relu, distribution =normal, bias=0 

img_backbone.layer4.2.bn1.weight - torch.Size([512]): 
The value is the same before and after calling `init_weights` of BEVSegmentor  

img_backbone.layer4.2.bn1.bias - torch.Size([512]): 
The value is the same before and after calling `init_weights` of BEVSegmentor  

img_backbone.layer4.2.conv2.weight - torch.Size([512, 512, 3, 3]): 
Initialized by user-defined `init_weights` in ModulatedDeformConv2dPack  

img_backbone.layer4.2.conv2.conv_offset.weight - torch.Size([27, 512, 3, 3]): 
Initialized by user-defined `init_weights` in ModulatedDeformConv2dPack  

img_backbone.layer4.2.conv2.conv_offset.bias - torch.Size([27]): 
The value is the same before and after calling `init_weights` of BEVSegmentor  

img_backbone.layer4.2.bn2.weight - torch.Size([512]): 
The value is the same before and after calling `init_weights` of BEVSegmentor  

img_backbone.layer4.2.bn2.bias - torch.Size([512]): 
The value is the same before and after calling `init_weights` of BEVSegmentor  

img_backbone.layer4.2.conv3.weight - torch.Size([2048, 512, 1, 1]): 
KaimingInit: a=0, mode=fan_out, nonlinearity=relu, distribution =normal, bias=0 

img_backbone.layer4.2.bn3.weight - torch.Size([2048]): 
ConstantInit: val=0, bias=0 

img_backbone.layer4.2.bn3.bias - torch.Size([2048]): 
The value is the same before and after calling `init_weights` of BEVSegmentor  

img_neck.lateral_convs.0.conv.weight - torch.Size([128, 512, 1, 1]): 
XavierInit: gain=1, distribution=uniform, bias=0 

img_neck.lateral_convs.0.conv.bias - torch.Size([128]): 
The value is the same before and after calling `init_weights` of BEVSegmentor  

img_neck.lateral_convs.1.conv.weight - torch.Size([128, 1024, 1, 1]): 
XavierInit: gain=1, distribution=uniform, bias=0 

img_neck.lateral_convs.1.conv.bias - torch.Size([128]): 
The value is the same before and after calling `init_weights` of BEVSegmentor  

img_neck.lateral_convs.2.conv.weight - torch.Size([128, 2048, 1, 1]): 
XavierInit: gain=1, distribution=uniform, bias=0 

img_neck.lateral_convs.2.conv.bias - torch.Size([128]): 
The value is the same before and after calling `init_weights` of BEVSegmentor  

img_neck.fpn_convs.0.conv.weight - torch.Size([128, 128, 3, 3]): 
XavierInit: gain=1, distribution=uniform, bias=0 

img_neck.fpn_convs.0.conv.bias - torch.Size([128]): 
The value is the same before and after calling `init_weights` of BEVSegmentor  

img_neck.fpn_convs.1.conv.weight - torch.Size([128, 128, 3, 3]): 
XavierInit: gain=1, distribution=uniform, bias=0 

img_neck.fpn_convs.1.conv.bias - torch.Size([128]): 
The value is the same before and after calling `init_weights` of BEVSegmentor  

img_neck.fpn_convs.2.conv.weight - torch.Size([128, 128, 3, 3]): 
XavierInit: gain=1, distribution=uniform, bias=0 

img_neck.fpn_convs.2.conv.bias - torch.Size([128]): 
The value is the same before and after calling `init_weights` of BEVSegmentor  

img_neck.fpn_convs.3.conv.weight - torch.Size([128, 128, 3, 3]): 
XavierInit: gain=1, distribution=uniform, bias=0 

img_neck.fpn_convs.3.conv.bias - torch.Size([128]): 
The value is the same before and after calling `init_weights` of BEVSegmentor  

lifter.anchor - torch.Size([25600, 40]): 
The value is the same before and after calling `init_weights` of BEVSegmentor  

encoder.anchor_encoder.xyz_fc.0.weight - torch.Size([128, 3]): 
The value is the same before and after calling `init_weights` of BEVSegmentor  

encoder.anchor_encoder.xyz_fc.0.bias - torch.Size([128]): 
The value is the same before and after calling `init_weights` of BEVSegmentor  

encoder.anchor_encoder.xyz_fc.2.weight - torch.Size([128]): 
The value is the same before and after calling `init_weights` of BEVSegmentor  

encoder.anchor_encoder.xyz_fc.2.bias - torch.Size([128]): 
The value is the same before and after calling `init_weights` of BEVSegmentor  

encoder.anchor_encoder.xyz_fc.3.weight - torch.Size([128, 128]): 
The value is the same before and after calling `init_weights` of BEVSegmentor  

encoder.anchor_encoder.xyz_fc.3.bias - torch.Size([128]): 
The value is the same before and after calling `init_weights` of BEVSegmentor  

encoder.anchor_encoder.xyz_fc.5.weight - torch.Size([128]): 
The value is the same before and after calling `init_weights` of BEVSegmentor  

encoder.anchor_encoder.xyz_fc.5.bias - torch.Size([128]): 
The value is the same before and after calling `init_weights` of BEVSegmentor  

encoder.anchor_encoder.scale_fc.0.weight - torch.Size([128, 3]): 
The value is the same before and after calling `init_weights` of BEVSegmentor  

encoder.anchor_encoder.scale_fc.0.bias - torch.Size([128]): 
The value is the same before and after calling `init_weights` of BEVSegmentor  

encoder.anchor_encoder.scale_fc.2.weight - torch.Size([128]): 
The value is the same before and after calling `init_weights` of BEVSegmentor  

encoder.anchor_encoder.scale_fc.2.bias - torch.Size([128]): 
The value is the same before and after calling `init_weights` of BEVSegmentor  

encoder.anchor_encoder.scale_fc.3.weight - torch.Size([128, 128]): 
The value is the same before and after calling `init_weights` of BEVSegmentor  

encoder.anchor_encoder.scale_fc.3.bias - torch.Size([128]): 
The value is the same before and after calling `init_weights` of BEVSegmentor  

encoder.anchor_encoder.scale_fc.5.weight - torch.Size([128]): 
The value is the same before and after calling `init_weights` of BEVSegmentor  

encoder.anchor_encoder.scale_fc.5.bias - torch.Size([128]): 
The value is the same before and after calling `init_weights` of BEVSegmentor  

encoder.anchor_encoder.rot_fc.0.weight - torch.Size([128, 4]): 
The value is the same before and after calling `init_weights` of BEVSegmentor  

encoder.anchor_encoder.rot_fc.0.bias - torch.Size([128]): 
The value is the same before and after calling `init_weights` of BEVSegmentor  

encoder.anchor_encoder.rot_fc.2.weight - torch.Size([128]): 
The value is the same before and after calling `init_weights` of BEVSegmentor  

encoder.anchor_encoder.rot_fc.2.bias - torch.Size([128]): 
The value is the same before and after calling `init_weights` of BEVSegmentor  

encoder.anchor_encoder.rot_fc.3.weight - torch.Size([128, 128]): 
The value is the same before and after calling `init_weights` of BEVSegmentor  

encoder.anchor_encoder.rot_fc.3.bias - torch.Size([128]): 
The value is the same before and after calling `init_weights` of BEVSegmentor  

encoder.anchor_encoder.rot_fc.5.weight - torch.Size([128]): 
The value is the same before and after calling `init_weights` of BEVSegmentor  

encoder.anchor_encoder.rot_fc.5.bias - torch.Size([128]): 
The value is the same before and after calling `init_weights` of BEVSegmentor  

encoder.anchor_encoder.opacity_fc.0.weight - torch.Size([128, 1]): 
The value is the same before and after calling `init_weights` of BEVSegmentor  

encoder.anchor_encoder.opacity_fc.0.bias - torch.Size([128]): 
The value is the same before and after calling `init_weights` of BEVSegmentor  

encoder.anchor_encoder.opacity_fc.2.weight - torch.Size([128]): 
The value is the same before and after calling `init_weights` of BEVSegmentor  

encoder.anchor_encoder.opacity_fc.2.bias - torch.Size([128]): 
The value is the same before and after calling `init_weights` of BEVSegmentor  

encoder.anchor_encoder.opacity_fc.3.weight - torch.Size([128, 128]): 
The value is the same before and after calling `init_weights` of BEVSegmentor  

encoder.anchor_encoder.opacity_fc.3.bias - torch.Size([128]): 
The value is the same before and after calling `init_weights` of BEVSegmentor  

encoder.anchor_encoder.opacity_fc.5.weight - torch.Size([128]): 
The value is the same before and after calling `init_weights` of BEVSegmentor  

encoder.anchor_encoder.opacity_fc.5.bias - torch.Size([128]): 
The value is the same before and after calling `init_weights` of BEVSegmentor  

encoder.anchor_encoder.semantics_fc.0.weight - torch.Size([128, 17]): 
The value is the same before and after calling `init_weights` of BEVSegmentor  

encoder.anchor_encoder.semantics_fc.0.bias - torch.Size([128]): 
The value is the same before and after calling `init_weights` of BEVSegmentor  

encoder.anchor_encoder.semantics_fc.2.weight - torch.Size([128]): 
The value is the same before and after calling `init_weights` of BEVSegmentor  

encoder.anchor_encoder.semantics_fc.2.bias - torch.Size([128]): 
The value is the same before and after calling `init_weights` of BEVSegmentor  

encoder.anchor_encoder.semantics_fc.3.weight - torch.Size([128, 128]): 
The value is the same before and after calling `init_weights` of BEVSegmentor  

encoder.anchor_encoder.semantics_fc.3.bias - torch.Size([128]): 
The value is the same before and after calling `init_weights` of BEVSegmentor  

encoder.anchor_encoder.semantics_fc.5.weight - torch.Size([128]): 
The value is the same before and after calling `init_weights` of BEVSegmentor  

encoder.anchor_encoder.semantics_fc.5.bias - torch.Size([128]): 
The value is the same before and after calling `init_weights` of BEVSegmentor  

encoder.anchor_encoder.offset_fc.0.weight - torch.Size([128, 12]): 
The value is the same before and after calling `init_weights` of BEVSegmentor  

encoder.anchor_encoder.offset_fc.0.bias - torch.Size([128]): 
The value is the same before and after calling `init_weights` of BEVSegmentor  

encoder.anchor_encoder.offset_fc.2.weight - torch.Size([128]): 
The value is the same before and after calling `init_weights` of BEVSegmentor  

encoder.anchor_encoder.offset_fc.2.bias - torch.Size([128]): 
The value is the same before and after calling `init_weights` of BEVSegmentor  

encoder.anchor_encoder.offset_fc.3.weight - torch.Size([128, 128]): 
The value is the same before and after calling `init_weights` of BEVSegmentor  

encoder.anchor_encoder.offset_fc.3.bias - torch.Size([128]): 
The value is the same before and after calling `init_weights` of BEVSegmentor  

encoder.anchor_encoder.offset_fc.5.weight - torch.Size([128]): 
The value is the same before and after calling `init_weights` of BEVSegmentor  

encoder.anchor_encoder.offset_fc.5.bias - torch.Size([128]): 
The value is the same before and after calling `init_weights` of BEVSegmentor  

encoder.anchor_encoder.output_fc.0.weight - torch.Size([128, 128]): 
The value is the same before and after calling `init_weights` of BEVSegmentor  

encoder.anchor_encoder.output_fc.0.bias - torch.Size([128]): 
The value is the same before and after calling `init_weights` of BEVSegmentor  

encoder.anchor_encoder.output_fc.2.weight - torch.Size([128]): 
The value is the same before and after calling `init_weights` of BEVSegmentor  

encoder.anchor_encoder.output_fc.2.bias - torch.Size([128]): 
The value is the same before and after calling `init_weights` of BEVSegmentor  

encoder.anchor_encoder.output_fc.3.weight - torch.Size([128, 128]): 
The value is the same before and after calling `init_weights` of BEVSegmentor  

encoder.anchor_encoder.output_fc.3.bias - torch.Size([128]): 
The value is the same before and after calling `init_weights` of BEVSegmentor  

encoder.anchor_encoder.output_fc.5.weight - torch.Size([128]): 
The value is the same before and after calling `init_weights` of BEVSegmentor  

encoder.anchor_encoder.output_fc.5.bias - torch.Size([128]): 
The value is the same before and after calling `init_weights` of BEVSegmentor  

encoder.layers.0.kps_generator.learnable_fc.weight - torch.Size([18, 128]): 
Initialized by user-defined `init_weights` in GaussianOccEncoder  

encoder.layers.0.kps_generator.learnable_fc.bias - torch.Size([18]): 
Initialized by user-defined `init_weights` in GaussianOccEncoder  

encoder.layers.0.output_proj.weight - torch.Size([128, 128]): 
Initialized by user-defined `init_weights` in GaussianOccEncoder  

encoder.layers.0.output_proj.bias - torch.Size([128]): 
Initialized by user-defined `init_weights` in GaussianOccEncoder  

encoder.layers.0.camera_encoder.0.weight - torch.Size([128, 12]): 
Initialized by user-defined `init_weights` in GaussianOccEncoder  

encoder.layers.0.camera_encoder.0.bias - torch.Size([128]): 
The value is the same before and after calling `init_weights` of BEVSegmentor  

encoder.layers.0.camera_encoder.2.weight - torch.Size([128]): 
The value is the same before and after calling `init_weights` of BEVSegmentor  

encoder.layers.0.camera_encoder.2.bias - torch.Size([128]): 
The value is the same before and after calling `init_weights` of BEVSegmentor  

encoder.layers.0.camera_encoder.3.weight - torch.Size([128, 128]): 
Initialized by user-defined `init_weights` in GaussianOccEncoder  

encoder.layers.0.camera_encoder.3.bias - torch.Size([128]): 
The value is the same before and after calling `init_weights` of BEVSegmentor  

encoder.layers.0.camera_encoder.5.weight - torch.Size([128]): 
The value is the same before and after calling `init_weights` of BEVSegmentor  

encoder.layers.0.camera_encoder.5.bias - torch.Size([128]): 
The value is the same before and after calling `init_weights` of BEVSegmentor  

encoder.layers.0.weights_fc.weight - torch.Size([208, 128]): 
Initialized by user-defined `init_weights` in GaussianOccEncoder  

encoder.layers.0.weights_fc.bias - torch.Size([208]): 
Initialized by user-defined `init_weights` in GaussianOccEncoder  

encoder.layers.1.pre_norm.weight - torch.Size([256]): 
The value is the same before and after calling `init_weights` of BEVSegmentor  

encoder.layers.1.pre_norm.bias - torch.Size([256]): 
The value is the same before and after calling `init_weights` of BEVSegmentor  

encoder.layers.1.layers.0.0.weight - torch.Size([512, 256]): 
Initialized by user-defined `init_weights` in GaussianOccEncoder  

encoder.layers.1.layers.0.0.bias - torch.Size([512]): 
The value is the same before and after calling `init_weights` of BEVSegmentor  

encoder.layers.1.layers.1.weight - torch.Size([128, 512]): 
Initialized by user-defined `init_weights` in GaussianOccEncoder  

encoder.layers.1.layers.1.bias - torch.Size([128]): 
The value is the same before and after calling `init_weights` of BEVSegmentor  

encoder.layers.1.identity_fc.weight - torch.Size([128, 256]): 
Initialized by user-defined `init_weights` in GaussianOccEncoder  

encoder.layers.1.identity_fc.bias - torch.Size([128]): 
The value is the same before and after calling `init_weights` of BEVSegmentor  

encoder.layers.2.weight - torch.Size([128]): 
The value is the same before and after calling `init_weights` of BEVSegmentor  

encoder.layers.2.bias - torch.Size([128]): 
The value is the same before and after calling `init_weights` of BEVSegmentor  

encoder.layers.3.layers.0.weight - torch.Size([128, 128]): 
The value is the same before and after calling `init_weights` of BEVSegmentor  

encoder.layers.3.layers.0.bias - torch.Size([128]): 
The value is the same before and after calling `init_weights` of BEVSegmentor  

encoder.layers.3.layers.2.weight - torch.Size([128, 128]): 
The value is the same before and after calling `init_weights` of BEVSegmentor  

encoder.layers.3.layers.2.bias - torch.Size([128]): 
The value is the same before and after calling `init_weights` of BEVSegmentor  

encoder.layers.3.layers.4.weight - torch.Size([128]): 
The value is the same before and after calling `init_weights` of BEVSegmentor  

encoder.layers.3.layers.4.bias - torch.Size([128]): 
The value is the same before and after calling `init_weights` of BEVSegmentor  

encoder.layers.3.layers.5.weight - torch.Size([128, 128]): 
The value is the same before and after calling `init_weights` of BEVSegmentor  

encoder.layers.3.layers.5.bias - torch.Size([128]): 
The value is the same before and after calling `init_weights` of BEVSegmentor  

encoder.layers.3.layers.7.weight - torch.Size([128, 128]): 
The value is the same before and after calling `init_weights` of BEVSegmentor  

encoder.layers.3.layers.7.bias - torch.Size([128]): 
The value is the same before and after calling `init_weights` of BEVSegmentor  

encoder.layers.3.layers.9.weight - torch.Size([128]): 
The value is the same before and after calling `init_weights` of BEVSegmentor  

encoder.layers.3.layers.9.bias - torch.Size([128]): 
The value is the same before and after calling `init_weights` of BEVSegmentor  

encoder.layers.3.layers.10.weight - torch.Size([40, 128]): 
The value is the same before and after calling `init_weights` of BEVSegmentor  

encoder.layers.3.layers.10.bias - torch.Size([40]): 
The value is the same before and after calling `init_weights` of BEVSegmentor  

encoder.layers.3.layers.11.scale - torch.Size([40]): 
The value is the same before and after calling `init_weights` of BEVSegmentor  

encoder.layers.4.layers.0.weight - torch.Size([128, 5, 5, 5, 128]): 
Initialized by user-defined `init_weights` in GaussianOccEncoder  

encoder.layers.4.layers.0.bias - torch.Size([128]): 
The value is the same before and after calling `init_weights` of BEVSegmentor  

encoder.layers.4.layers.1.weight - torch.Size([128]): 
The value is the same before and after calling `init_weights` of BEVSegmentor  

encoder.layers.4.layers.1.bias - torch.Size([128]): 
The value is the same before and after calling `init_weights` of BEVSegmentor  

encoder.layers.4.layers.3.weight - torch.Size([128, 5, 5, 5, 128]): 
Initialized by user-defined `init_weights` in GaussianOccEncoder  

encoder.layers.4.layers.3.bias - torch.Size([128]): 
The value is the same before and after calling `init_weights` of BEVSegmentor  

encoder.layers.4.layers.4.weight - torch.Size([128]): 
The value is the same before and after calling `init_weights` of BEVSegmentor  

encoder.layers.4.layers.4.bias - torch.Size([128]): 
The value is the same before and after calling `init_weights` of BEVSegmentor  

encoder.layers.4.layers.6.weight - torch.Size([128, 5, 5, 5, 128]): 
Initialized by user-defined `init_weights` in GaussianOccEncoder  

encoder.layers.4.layers.6.bias - torch.Size([128]): 
The value is the same before and after calling `init_weights` of BEVSegmentor  

encoder.layers.4.layers.7.weight - torch.Size([128]): 
The value is the same before and after calling `init_weights` of BEVSegmentor  

encoder.layers.4.layers.7.bias - torch.Size([128]): 
The value is the same before and after calling `init_weights` of BEVSegmentor  

encoder.layers.4.output_proj.weight - torch.Size([128, 128]): 
Initialized by user-defined `init_weights` in GaussianOccEncoder  

encoder.layers.4.output_proj.bias - torch.Size([128]): 
The value is the same before and after calling `init_weights` of BEVSegmentor  

encoder.layers.5.weight - torch.Size([128]): 
The value is the same before and after calling `init_weights` of BEVSegmentor  

encoder.layers.5.bias - torch.Size([128]): 
The value is the same before and after calling `init_weights` of BEVSegmentor  

encoder.layers.6.kps_generator.learnable_fc.weight - torch.Size([18, 128]): 
Initialized by user-defined `init_weights` in GaussianOccEncoder  

encoder.layers.6.kps_generator.learnable_fc.bias - torch.Size([18]): 
Initialized by user-defined `init_weights` in GaussianOccEncoder  

encoder.layers.6.output_proj.weight - torch.Size([128, 128]): 
Initialized by user-defined `init_weights` in GaussianOccEncoder  

encoder.layers.6.output_proj.bias - torch.Size([128]): 
Initialized by user-defined `init_weights` in GaussianOccEncoder  

encoder.layers.6.camera_encoder.0.weight - torch.Size([128, 12]): 
Initialized by user-defined `init_weights` in GaussianOccEncoder  

encoder.layers.6.camera_encoder.0.bias - torch.Size([128]): 
The value is the same before and after calling `init_weights` of BEVSegmentor  

encoder.layers.6.camera_encoder.2.weight - torch.Size([128]): 
The value is the same before and after calling `init_weights` of BEVSegmentor  

encoder.layers.6.camera_encoder.2.bias - torch.Size([128]): 
The value is the same before and after calling `init_weights` of BEVSegmentor  

encoder.layers.6.camera_encoder.3.weight - torch.Size([128, 128]): 
Initialized by user-defined `init_weights` in GaussianOccEncoder  

encoder.layers.6.camera_encoder.3.bias - torch.Size([128]): 
The value is the same before and after calling `init_weights` of BEVSegmentor  

encoder.layers.6.camera_encoder.5.weight - torch.Size([128]): 
The value is the same before and after calling `init_weights` of BEVSegmentor  

encoder.layers.6.camera_encoder.5.bias - torch.Size([128]): 
The value is the same before and after calling `init_weights` of BEVSegmentor  

encoder.layers.6.weights_fc.weight - torch.Size([208, 128]): 
Initialized by user-defined `init_weights` in GaussianOccEncoder  

encoder.layers.6.weights_fc.bias - torch.Size([208]): 
Initialized by user-defined `init_weights` in GaussianOccEncoder  

encoder.layers.7.pre_norm.weight - torch.Size([256]): 
The value is the same before and after calling `init_weights` of BEVSegmentor  

encoder.layers.7.pre_norm.bias - torch.Size([256]): 
The value is the same before and after calling `init_weights` of BEVSegmentor  

encoder.layers.7.layers.0.0.weight - torch.Size([512, 256]): 
Initialized by user-defined `init_weights` in GaussianOccEncoder  

encoder.layers.7.layers.0.0.bias - torch.Size([512]): 
The value is the same before and after calling `init_weights` of BEVSegmentor  

encoder.layers.7.layers.1.weight - torch.Size([128, 512]): 
Initialized by user-defined `init_weights` in GaussianOccEncoder  

encoder.layers.7.layers.1.bias - torch.Size([128]): 
The value is the same before and after calling `init_weights` of BEVSegmentor  

encoder.layers.7.identity_fc.weight - torch.Size([128, 256]): 
Initialized by user-defined `init_weights` in GaussianOccEncoder  

encoder.layers.7.identity_fc.bias - torch.Size([128]): 
The value is the same before and after calling `init_weights` of BEVSegmentor  

encoder.layers.8.weight - torch.Size([128]): 
The value is the same before and after calling `init_weights` of BEVSegmentor  

encoder.layers.8.bias - torch.Size([128]): 
The value is the same before and after calling `init_weights` of BEVSegmentor  

encoder.layers.9.layers.0.weight - torch.Size([128, 128]): 
The value is the same before and after calling `init_weights` of BEVSegmentor  

encoder.layers.9.layers.0.bias - torch.Size([128]): 
The value is the same before and after calling `init_weights` of BEVSegmentor  

encoder.layers.9.layers.2.weight - torch.Size([128, 128]): 
The value is the same before and after calling `init_weights` of BEVSegmentor  

encoder.layers.9.layers.2.bias - torch.Size([128]): 
The value is the same before and after calling `init_weights` of BEVSegmentor  

encoder.layers.9.layers.4.weight - torch.Size([128]): 
The value is the same before and after calling `init_weights` of BEVSegmentor  

encoder.layers.9.layers.4.bias - torch.Size([128]): 
The value is the same before and after calling `init_weights` of BEVSegmentor  

encoder.layers.9.layers.5.weight - torch.Size([128, 128]): 
The value is the same before and after calling `init_weights` of BEVSegmentor  

encoder.layers.9.layers.5.bias - torch.Size([128]): 
The value is the same before and after calling `init_weights` of BEVSegmentor  

encoder.layers.9.layers.7.weight - torch.Size([128, 128]): 
The value is the same before and after calling `init_weights` of BEVSegmentor  

encoder.layers.9.layers.7.bias - torch.Size([128]): 
The value is the same before and after calling `init_weights` of BEVSegmentor  

encoder.layers.9.layers.9.weight - torch.Size([128]): 
The value is the same before and after calling `init_weights` of BEVSegmentor  

encoder.layers.9.layers.9.bias - torch.Size([128]): 
The value is the same before and after calling `init_weights` of BEVSegmentor  

encoder.layers.9.layers.10.weight - torch.Size([40, 128]): 
The value is the same before and after calling `init_weights` of BEVSegmentor  

encoder.layers.9.layers.10.bias - torch.Size([40]): 
The value is the same before and after calling `init_weights` of BEVSegmentor  

encoder.layers.9.layers.11.scale - torch.Size([40]): 
The value is the same before and after calling `init_weights` of BEVSegmentor  

encoder.layers.10.layers.0.weight - torch.Size([128, 5, 5, 5, 128]): 
Initialized by user-defined `init_weights` in GaussianOccEncoder  

encoder.layers.10.layers.0.bias - torch.Size([128]): 
The value is the same before and after calling `init_weights` of BEVSegmentor  

encoder.layers.10.layers.1.weight - torch.Size([128]): 
The value is the same before and after calling `init_weights` of BEVSegmentor  

encoder.layers.10.layers.1.bias - torch.Size([128]): 
The value is the same before and after calling `init_weights` of BEVSegmentor  

encoder.layers.10.layers.3.weight - torch.Size([128, 5, 5, 5, 128]): 
Initialized by user-defined `init_weights` in GaussianOccEncoder  

encoder.layers.10.layers.3.bias - torch.Size([128]): 
The value is the same before and after calling `init_weights` of BEVSegmentor  

encoder.layers.10.layers.4.weight - torch.Size([128]): 
The value is the same before and after calling `init_weights` of BEVSegmentor  

encoder.layers.10.layers.4.bias - torch.Size([128]): 
The value is the same before and after calling `init_weights` of BEVSegmentor  

encoder.layers.10.layers.6.weight - torch.Size([128, 5, 5, 5, 128]): 
Initialized by user-defined `init_weights` in GaussianOccEncoder  

encoder.layers.10.layers.6.bias - torch.Size([128]): 
The value is the same before and after calling `init_weights` of BEVSegmentor  

encoder.layers.10.layers.7.weight - torch.Size([128]): 
The value is the same before and after calling `init_weights` of BEVSegmentor  

encoder.layers.10.layers.7.bias - torch.Size([128]): 
The value is the same before and after calling `init_weights` of BEVSegmentor  

encoder.layers.10.output_proj.weight - torch.Size([128, 128]): 
Initialized by user-defined `init_weights` in GaussianOccEncoder  

encoder.layers.10.output_proj.bias - torch.Size([128]): 
The value is the same before and after calling `init_weights` of BEVSegmentor  

encoder.layers.11.weight - torch.Size([128]): 
The value is the same before and after calling `init_weights` of BEVSegmentor  

encoder.layers.11.bias - torch.Size([128]): 
The value is the same before and after calling `init_weights` of BEVSegmentor  

encoder.layers.12.kps_generator.learnable_fc.weight - torch.Size([18, 128]): 
Initialized by user-defined `init_weights` in GaussianOccEncoder  

encoder.layers.12.kps_generator.learnable_fc.bias - torch.Size([18]): 
Initialized by user-defined `init_weights` in GaussianOccEncoder  

encoder.layers.12.output_proj.weight - torch.Size([128, 128]): 
Initialized by user-defined `init_weights` in GaussianOccEncoder  

encoder.layers.12.output_proj.bias - torch.Size([128]): 
Initialized by user-defined `init_weights` in GaussianOccEncoder  

encoder.layers.12.camera_encoder.0.weight - torch.Size([128, 12]): 
Initialized by user-defined `init_weights` in GaussianOccEncoder  

encoder.layers.12.camera_encoder.0.bias - torch.Size([128]): 
The value is the same before and after calling `init_weights` of BEVSegmentor  

encoder.layers.12.camera_encoder.2.weight - torch.Size([128]): 
The value is the same before and after calling `init_weights` of BEVSegmentor  

encoder.layers.12.camera_encoder.2.bias - torch.Size([128]): 
The value is the same before and after calling `init_weights` of BEVSegmentor  

encoder.layers.12.camera_encoder.3.weight - torch.Size([128, 128]): 
Initialized by user-defined `init_weights` in GaussianOccEncoder  

encoder.layers.12.camera_encoder.3.bias - torch.Size([128]): 
The value is the same before and after calling `init_weights` of BEVSegmentor  

encoder.layers.12.camera_encoder.5.weight - torch.Size([128]): 
The value is the same before and after calling `init_weights` of BEVSegmentor  

encoder.layers.12.camera_encoder.5.bias - torch.Size([128]): 
The value is the same before and after calling `init_weights` of BEVSegmentor  

encoder.layers.12.weights_fc.weight - torch.Size([208, 128]): 
Initialized by user-defined `init_weights` in GaussianOccEncoder  

encoder.layers.12.weights_fc.bias - torch.Size([208]): 
Initialized by user-defined `init_weights` in GaussianOccEncoder  

encoder.layers.13.pre_norm.weight - torch.Size([256]): 
The value is the same before and after calling `init_weights` of BEVSegmentor  

encoder.layers.13.pre_norm.bias - torch.Size([256]): 
The value is the same before and after calling `init_weights` of BEVSegmentor  

encoder.layers.13.layers.0.0.weight - torch.Size([512, 256]): 
Initialized by user-defined `init_weights` in GaussianOccEncoder  

encoder.layers.13.layers.0.0.bias - torch.Size([512]): 
The value is the same before and after calling `init_weights` of BEVSegmentor  

encoder.layers.13.layers.1.weight - torch.Size([128, 512]): 
Initialized by user-defined `init_weights` in GaussianOccEncoder  

encoder.layers.13.layers.1.bias - torch.Size([128]): 
The value is the same before and after calling `init_weights` of BEVSegmentor  

encoder.layers.13.identity_fc.weight - torch.Size([128, 256]): 
Initialized by user-defined `init_weights` in GaussianOccEncoder  

encoder.layers.13.identity_fc.bias - torch.Size([128]): 
The value is the same before and after calling `init_weights` of BEVSegmentor  

encoder.layers.14.weight - torch.Size([128]): 
The value is the same before and after calling `init_weights` of BEVSegmentor  

encoder.layers.14.bias - torch.Size([128]): 
The value is the same before and after calling `init_weights` of BEVSegmentor  

encoder.layers.15.layers.0.weight - torch.Size([128, 128]): 
The value is the same before and after calling `init_weights` of BEVSegmentor  

encoder.layers.15.layers.0.bias - torch.Size([128]): 
The value is the same before and after calling `init_weights` of BEVSegmentor  

encoder.layers.15.layers.2.weight - torch.Size([128, 128]): 
The value is the same before and after calling `init_weights` of BEVSegmentor  

encoder.layers.15.layers.2.bias - torch.Size([128]): 
The value is the same before and after calling `init_weights` of BEVSegmentor  

encoder.layers.15.layers.4.weight - torch.Size([128]): 
The value is the same before and after calling `init_weights` of BEVSegmentor  

encoder.layers.15.layers.4.bias - torch.Size([128]): 
The value is the same before and after calling `init_weights` of BEVSegmentor  

encoder.layers.15.layers.5.weight - torch.Size([128, 128]): 
The value is the same before and after calling `init_weights` of BEVSegmentor  

encoder.layers.15.layers.5.bias - torch.Size([128]): 
The value is the same before and after calling `init_weights` of BEVSegmentor  

encoder.layers.15.layers.7.weight - torch.Size([128, 128]): 
The value is the same before and after calling `init_weights` of BEVSegmentor  

encoder.layers.15.layers.7.bias - torch.Size([128]): 
The value is the same before and after calling `init_weights` of BEVSegmentor  

encoder.layers.15.layers.9.weight - torch.Size([128]): 
The value is the same before and after calling `init_weights` of BEVSegmentor  

encoder.layers.15.layers.9.bias - torch.Size([128]): 
The value is the same before and after calling `init_weights` of BEVSegmentor  

encoder.layers.15.layers.10.weight - torch.Size([40, 128]): 
The value is the same before and after calling `init_weights` of BEVSegmentor  

encoder.layers.15.layers.10.bias - torch.Size([40]): 
The value is the same before and after calling `init_weights` of BEVSegmentor  

encoder.layers.15.layers.11.scale - torch.Size([40]): 
The value is the same before and after calling `init_weights` of BEVSegmentor  

encoder.layers.16.layers.0.weight - torch.Size([128, 5, 5, 5, 128]): 
Initialized by user-defined `init_weights` in GaussianOccEncoder  

encoder.layers.16.layers.0.bias - torch.Size([128]): 
The value is the same before and after calling `init_weights` of BEVSegmentor  

encoder.layers.16.layers.1.weight - torch.Size([128]): 
The value is the same before and after calling `init_weights` of BEVSegmentor  

encoder.layers.16.layers.1.bias - torch.Size([128]): 
The value is the same before and after calling `init_weights` of BEVSegmentor  

encoder.layers.16.layers.3.weight - torch.Size([128, 5, 5, 5, 128]): 
Initialized by user-defined `init_weights` in GaussianOccEncoder  

encoder.layers.16.layers.3.bias - torch.Size([128]): 
The value is the same before and after calling `init_weights` of BEVSegmentor  

encoder.layers.16.layers.4.weight - torch.Size([128]): 
The value is the same before and after calling `init_weights` of BEVSegmentor  

encoder.layers.16.layers.4.bias - torch.Size([128]): 
The value is the same before and after calling `init_weights` of BEVSegmentor  

encoder.layers.16.layers.6.weight - torch.Size([128, 5, 5, 5, 128]): 
Initialized by user-defined `init_weights` in GaussianOccEncoder  

encoder.layers.16.layers.6.bias - torch.Size([128]): 
The value is the same before and after calling `init_weights` of BEVSegmentor  

encoder.layers.16.layers.7.weight - torch.Size([128]): 
The value is the same before and after calling `init_weights` of BEVSegmentor  

encoder.layers.16.layers.7.bias - torch.Size([128]): 
The value is the same before and after calling `init_weights` of BEVSegmentor  

encoder.layers.16.output_proj.weight - torch.Size([128, 128]): 
Initialized by user-defined `init_weights` in GaussianOccEncoder  

encoder.layers.16.output_proj.bias - torch.Size([128]): 
The value is the same before and after calling `init_weights` of BEVSegmentor  

encoder.layers.17.weight - torch.Size([128]): 
The value is the same before and after calling `init_weights` of BEVSegmentor  

encoder.layers.17.bias - torch.Size([128]): 
The value is the same before and after calling `init_weights` of BEVSegmentor  

encoder.layers.18.kps_generator.learnable_fc.weight - torch.Size([18, 128]): 
Initialized by user-defined `init_weights` in GaussianOccEncoder  

encoder.layers.18.kps_generator.learnable_fc.bias - torch.Size([18]): 
Initialized by user-defined `init_weights` in GaussianOccEncoder  

encoder.layers.18.output_proj.weight - torch.Size([128, 128]): 
Initialized by user-defined `init_weights` in GaussianOccEncoder  

encoder.layers.18.output_proj.bias - torch.Size([128]): 
Initialized by user-defined `init_weights` in GaussianOccEncoder  

encoder.layers.18.camera_encoder.0.weight - torch.Size([128, 12]): 
Initialized by user-defined `init_weights` in GaussianOccEncoder  

encoder.layers.18.camera_encoder.0.bias - torch.Size([128]): 
The value is the same before and after calling `init_weights` of BEVSegmentor  

encoder.layers.18.camera_encoder.2.weight - torch.Size([128]): 
The value is the same before and after calling `init_weights` of BEVSegmentor  

encoder.layers.18.camera_encoder.2.bias - torch.Size([128]): 
The value is the same before and after calling `init_weights` of BEVSegmentor  

encoder.layers.18.camera_encoder.3.weight - torch.Size([128, 128]): 
Initialized by user-defined `init_weights` in GaussianOccEncoder  

encoder.layers.18.camera_encoder.3.bias - torch.Size([128]): 
The value is the same before and after calling `init_weights` of BEVSegmentor  

encoder.layers.18.camera_encoder.5.weight - torch.Size([128]): 
The value is the same before and after calling `init_weights` of BEVSegmentor  

encoder.layers.18.camera_encoder.5.bias - torch.Size([128]): 
The value is the same before and after calling `init_weights` of BEVSegmentor  

encoder.layers.18.weights_fc.weight - torch.Size([208, 128]): 
Initialized by user-defined `init_weights` in GaussianOccEncoder  

encoder.layers.18.weights_fc.bias - torch.Size([208]): 
Initialized by user-defined `init_weights` in GaussianOccEncoder  

encoder.layers.19.pre_norm.weight - torch.Size([256]): 
The value is the same before and after calling `init_weights` of BEVSegmentor  

encoder.layers.19.pre_norm.bias - torch.Size([256]): 
The value is the same before and after calling `init_weights` of BEVSegmentor  

encoder.layers.19.layers.0.0.weight - torch.Size([512, 256]): 
Initialized by user-defined `init_weights` in GaussianOccEncoder  

encoder.layers.19.layers.0.0.bias - torch.Size([512]): 
The value is the same before and after calling `init_weights` of BEVSegmentor  

encoder.layers.19.layers.1.weight - torch.Size([128, 512]): 
Initialized by user-defined `init_weights` in GaussianOccEncoder  

encoder.layers.19.layers.1.bias - torch.Size([128]): 
The value is the same before and after calling `init_weights` of BEVSegmentor  

encoder.layers.19.identity_fc.weight - torch.Size([128, 256]): 
Initialized by user-defined `init_weights` in GaussianOccEncoder  

encoder.layers.19.identity_fc.bias - torch.Size([128]): 
The value is the same before and after calling `init_weights` of BEVSegmentor  

encoder.layers.20.weight - torch.Size([128]): 
The value is the same before and after calling `init_weights` of BEVSegmentor  

encoder.layers.20.bias - torch.Size([128]): 
The value is the same before and after calling `init_weights` of BEVSegmentor  

encoder.layers.21.layers.0.weight - torch.Size([128, 128]): 
The value is the same before and after calling `init_weights` of BEVSegmentor  

encoder.layers.21.layers.0.bias - torch.Size([128]): 
The value is the same before and after calling `init_weights` of BEVSegmentor  

encoder.layers.21.layers.2.weight - torch.Size([128, 128]): 
The value is the same before and after calling `init_weights` of BEVSegmentor  

encoder.layers.21.layers.2.bias - torch.Size([128]): 
The value is the same before and after calling `init_weights` of BEVSegmentor  

encoder.layers.21.layers.4.weight - torch.Size([128]): 
The value is the same before and after calling `init_weights` of BEVSegmentor  

encoder.layers.21.layers.4.bias - torch.Size([128]): 
The value is the same before and after calling `init_weights` of BEVSegmentor  

encoder.layers.21.layers.5.weight - torch.Size([128, 128]): 
The value is the same before and after calling `init_weights` of BEVSegmentor  

encoder.layers.21.layers.5.bias - torch.Size([128]): 
The value is the same before and after calling `init_weights` of BEVSegmentor  

encoder.layers.21.layers.7.weight - torch.Size([128, 128]): 
The value is the same before and after calling `init_weights` of BEVSegmentor  

encoder.layers.21.layers.7.bias - torch.Size([128]): 
The value is the same before and after calling `init_weights` of BEVSegmentor  

encoder.layers.21.layers.9.weight - torch.Size([128]): 
The value is the same before and after calling `init_weights` of BEVSegmentor  

encoder.layers.21.layers.9.bias - torch.Size([128]): 
The value is the same before and after calling `init_weights` of BEVSegmentor  

encoder.layers.21.layers.10.weight - torch.Size([40, 128]): 
The value is the same before and after calling `init_weights` of BEVSegmentor  

encoder.layers.21.layers.10.bias - torch.Size([40]): 
The value is the same before and after calling `init_weights` of BEVSegmentor  

encoder.layers.21.layers.11.scale - torch.Size([40]): 
The value is the same before and after calling `init_weights` of BEVSegmentor  

temporal_encoder.anchor_encoder.xyz_fc.0.weight - torch.Size([128, 3]): 
The value is the same before and after calling `init_weights` of BEVSegmentor  

temporal_encoder.anchor_encoder.xyz_fc.0.bias - torch.Size([128]): 
The value is the same before and after calling `init_weights` of BEVSegmentor  

temporal_encoder.anchor_encoder.xyz_fc.2.weight - torch.Size([128]): 
The value is the same before and after calling `init_weights` of BEVSegmentor  

temporal_encoder.anchor_encoder.xyz_fc.2.bias - torch.Size([128]): 
The value is the same before and after calling `init_weights` of BEVSegmentor  

temporal_encoder.anchor_encoder.xyz_fc.3.weight - torch.Size([128, 128]): 
The value is the same before and after calling `init_weights` of BEVSegmentor  

temporal_encoder.anchor_encoder.xyz_fc.3.bias - torch.Size([128]): 
The value is the same before and after calling `init_weights` of BEVSegmentor  

temporal_encoder.anchor_encoder.xyz_fc.5.weight - torch.Size([128]): 
The value is the same before and after calling `init_weights` of BEVSegmentor  

temporal_encoder.anchor_encoder.xyz_fc.5.bias - torch.Size([128]): 
The value is the same before and after calling `init_weights` of BEVSegmentor  

temporal_encoder.anchor_encoder.scale_fc.0.weight - torch.Size([128, 3]): 
The value is the same before and after calling `init_weights` of BEVSegmentor  

temporal_encoder.anchor_encoder.scale_fc.0.bias - torch.Size([128]): 
The value is the same before and after calling `init_weights` of BEVSegmentor  

temporal_encoder.anchor_encoder.scale_fc.2.weight - torch.Size([128]): 
The value is the same before and after calling `init_weights` of BEVSegmentor  

temporal_encoder.anchor_encoder.scale_fc.2.bias - torch.Size([128]): 
The value is the same before and after calling `init_weights` of BEVSegmentor  

temporal_encoder.anchor_encoder.scale_fc.3.weight - torch.Size([128, 128]): 
The value is the same before and after calling `init_weights` of BEVSegmentor  

temporal_encoder.anchor_encoder.scale_fc.3.bias - torch.Size([128]): 
The value is the same before and after calling `init_weights` of BEVSegmentor  

temporal_encoder.anchor_encoder.scale_fc.5.weight - torch.Size([128]): 
The value is the same before and after calling `init_weights` of BEVSegmentor  

temporal_encoder.anchor_encoder.scale_fc.5.bias - torch.Size([128]): 
The value is the same before and after calling `init_weights` of BEVSegmentor  

temporal_encoder.anchor_encoder.rot_fc.0.weight - torch.Size([128, 4]): 
The value is the same before and after calling `init_weights` of BEVSegmentor  

temporal_encoder.anchor_encoder.rot_fc.0.bias - torch.Size([128]): 
The value is the same before and after calling `init_weights` of BEVSegmentor  

temporal_encoder.anchor_encoder.rot_fc.2.weight - torch.Size([128]): 
The value is the same before and after calling `init_weights` of BEVSegmentor  

temporal_encoder.anchor_encoder.rot_fc.2.bias - torch.Size([128]): 
The value is the same before and after calling `init_weights` of BEVSegmentor  

temporal_encoder.anchor_encoder.rot_fc.3.weight - torch.Size([128, 128]): 
The value is the same before and after calling `init_weights` of BEVSegmentor  

temporal_encoder.anchor_encoder.rot_fc.3.bias - torch.Size([128]): 
The value is the same before and after calling `init_weights` of BEVSegmentor  

temporal_encoder.anchor_encoder.rot_fc.5.weight - torch.Size([128]): 
The value is the same before and after calling `init_weights` of BEVSegmentor  

temporal_encoder.anchor_encoder.rot_fc.5.bias - torch.Size([128]): 
The value is the same before and after calling `init_weights` of BEVSegmentor  

temporal_encoder.anchor_encoder.opacity_fc.0.weight - torch.Size([128, 1]): 
The value is the same before and after calling `init_weights` of BEVSegmentor  

temporal_encoder.anchor_encoder.opacity_fc.0.bias - torch.Size([128]): 
The value is the same before and after calling `init_weights` of BEVSegmentor  

temporal_encoder.anchor_encoder.opacity_fc.2.weight - torch.Size([128]): 
The value is the same before and after calling `init_weights` of BEVSegmentor  

temporal_encoder.anchor_encoder.opacity_fc.2.bias - torch.Size([128]): 
The value is the same before and after calling `init_weights` of BEVSegmentor  

temporal_encoder.anchor_encoder.opacity_fc.3.weight - torch.Size([128, 128]): 
The value is the same before and after calling `init_weights` of BEVSegmentor  

temporal_encoder.anchor_encoder.opacity_fc.3.bias - torch.Size([128]): 
The value is the same before and after calling `init_weights` of BEVSegmentor  

temporal_encoder.anchor_encoder.opacity_fc.5.weight - torch.Size([128]): 
The value is the same before and after calling `init_weights` of BEVSegmentor  

temporal_encoder.anchor_encoder.opacity_fc.5.bias - torch.Size([128]): 
The value is the same before and after calling `init_weights` of BEVSegmentor  

temporal_encoder.anchor_encoder.semantics_fc.0.weight - torch.Size([128, 17]): 
The value is the same before and after calling `init_weights` of BEVSegmentor  

temporal_encoder.anchor_encoder.semantics_fc.0.bias - torch.Size([128]): 
The value is the same before and after calling `init_weights` of BEVSegmentor  

temporal_encoder.anchor_encoder.semantics_fc.2.weight - torch.Size([128]): 
The value is the same before and after calling `init_weights` of BEVSegmentor  

temporal_encoder.anchor_encoder.semantics_fc.2.bias - torch.Size([128]): 
The value is the same before and after calling `init_weights` of BEVSegmentor  

temporal_encoder.anchor_encoder.semantics_fc.3.weight - torch.Size([128, 128]): 
The value is the same before and after calling `init_weights` of BEVSegmentor  

temporal_encoder.anchor_encoder.semantics_fc.3.bias - torch.Size([128]): 
The value is the same before and after calling `init_weights` of BEVSegmentor  

temporal_encoder.anchor_encoder.semantics_fc.5.weight - torch.Size([128]): 
The value is the same before and after calling `init_weights` of BEVSegmentor  

temporal_encoder.anchor_encoder.semantics_fc.5.bias - torch.Size([128]): 
The value is the same before and after calling `init_weights` of BEVSegmentor  

temporal_encoder.anchor_encoder.offset_fc.0.weight - torch.Size([128, 12]): 
The value is the same before and after calling `init_weights` of BEVSegmentor  

temporal_encoder.anchor_encoder.offset_fc.0.bias - torch.Size([128]): 
The value is the same before and after calling `init_weights` of BEVSegmentor  

temporal_encoder.anchor_encoder.offset_fc.2.weight - torch.Size([128]): 
The value is the same before and after calling `init_weights` of BEVSegmentor  

temporal_encoder.anchor_encoder.offset_fc.2.bias - torch.Size([128]): 
The value is the same before and after calling `init_weights` of BEVSegmentor  

temporal_encoder.anchor_encoder.offset_fc.3.weight - torch.Size([128, 128]): 
The value is the same before and after calling `init_weights` of BEVSegmentor  

temporal_encoder.anchor_encoder.offset_fc.3.bias - torch.Size([128]): 
The value is the same before and after calling `init_weights` of BEVSegmentor  

temporal_encoder.anchor_encoder.offset_fc.5.weight - torch.Size([128]): 
The value is the same before and after calling `init_weights` of BEVSegmentor  

temporal_encoder.anchor_encoder.offset_fc.5.bias - torch.Size([128]): 
The value is the same before and after calling `init_weights` of BEVSegmentor  

temporal_encoder.anchor_encoder.output_fc.0.weight - torch.Size([128, 128]): 
The value is the same before and after calling `init_weights` of BEVSegmentor  

temporal_encoder.anchor_encoder.output_fc.0.bias - torch.Size([128]): 
The value is the same before and after calling `init_weights` of BEVSegmentor  

temporal_encoder.anchor_encoder.output_fc.2.weight - torch.Size([128]): 
The value is the same before and after calling `init_weights` of BEVSegmentor  

temporal_encoder.anchor_encoder.output_fc.2.bias - torch.Size([128]): 
The value is the same before and after calling `init_weights` of BEVSegmentor  

temporal_encoder.anchor_encoder.output_fc.3.weight - torch.Size([128, 128]): 
The value is the same before and after calling `init_weights` of BEVSegmentor  

temporal_encoder.anchor_encoder.output_fc.3.bias - torch.Size([128]): 
The value is the same before and after calling `init_weights` of BEVSegmentor  

temporal_encoder.anchor_encoder.output_fc.5.weight - torch.Size([128]): 
The value is the same before and after calling `init_weights` of BEVSegmentor  

temporal_encoder.anchor_encoder.output_fc.5.bias - torch.Size([128]): 
The value is the same before and after calling `init_weights` of BEVSegmentor  

temporal_encoder.layers.0.layers.0.weight - torch.Size([128, 5, 5, 5, 5, 128]): 
Initialized by user-defined `init_weights` in GaussianTemporalEncoder  

temporal_encoder.layers.0.layers.1.weight - torch.Size([128]): 
The value is the same before and after calling `init_weights` of BEVSegmentor  

temporal_encoder.layers.0.layers.1.bias - torch.Size([128]): 
The value is the same before and after calling `init_weights` of BEVSegmentor  

temporal_encoder.layers.0.layers.3.weight - torch.Size([128, 5, 5, 5, 5, 128]): 
Initialized by user-defined `init_weights` in GaussianTemporalEncoder  

temporal_encoder.layers.0.layers.4.weight - torch.Size([128]): 
The value is the same before and after calling `init_weights` of BEVSegmentor  

temporal_encoder.layers.0.layers.4.bias - torch.Size([128]): 
The value is the same before and after calling `init_weights` of BEVSegmentor  

temporal_encoder.layers.0.layers.6.weight - torch.Size([128, 5, 5, 5, 5, 128]): 
Initialized by user-defined `init_weights` in GaussianTemporalEncoder  

temporal_encoder.layers.0.layers.7.weight - torch.Size([128]): 
The value is the same before and after calling `init_weights` of BEVSegmentor  

temporal_encoder.layers.0.layers.7.bias - torch.Size([128]): 
The value is the same before and after calling `init_weights` of BEVSegmentor  

temporal_encoder.layers.0.output_proj.weight - torch.Size([128, 128]): 
Initialized by user-defined `init_weights` in GaussianTemporalEncoder  

temporal_encoder.layers.0.output_proj.bias - torch.Size([128]): 
The value is the same before and after calling `init_weights` of BEVSegmentor  

temporal_encoder.layers.1.layers.0.weight - torch.Size([128, 128]): 
The value is the same before and after calling `init_weights` of BEVSegmentor  

temporal_encoder.layers.1.layers.0.bias - torch.Size([128]): 
The value is the same before and after calling `init_weights` of BEVSegmentor  

temporal_encoder.layers.1.layers.2.weight - torch.Size([128, 128]): 
The value is the same before and after calling `init_weights` of BEVSegmentor  

temporal_encoder.layers.1.layers.2.bias - torch.Size([128]): 
The value is the same before and after calling `init_weights` of BEVSegmentor  

temporal_encoder.layers.1.layers.4.weight - torch.Size([128]): 
The value is the same before and after calling `init_weights` of BEVSegmentor  

temporal_encoder.layers.1.layers.4.bias - torch.Size([128]): 
The value is the same before and after calling `init_weights` of BEVSegmentor  

temporal_encoder.layers.1.layers.5.weight - torch.Size([128, 128]): 
The value is the same before and after calling `init_weights` of BEVSegmentor  

temporal_encoder.layers.1.layers.5.bias - torch.Size([128]): 
The value is the same before and after calling `init_weights` of BEVSegmentor  

temporal_encoder.layers.1.layers.7.weight - torch.Size([128, 128]): 
The value is the same before and after calling `init_weights` of BEVSegmentor  

temporal_encoder.layers.1.layers.7.bias - torch.Size([128]): 
The value is the same before and after calling `init_weights` of BEVSegmentor  

temporal_encoder.layers.1.layers.9.weight - torch.Size([128]): 
The value is the same before and after calling `init_weights` of BEVSegmentor  

temporal_encoder.layers.1.layers.9.bias - torch.Size([128]): 
The value is the same before and after calling `init_weights` of BEVSegmentor  

temporal_encoder.layers.1.layers.10.weight - torch.Size([40, 128]): 
The value is the same before and after calling `init_weights` of BEVSegmentor  

temporal_encoder.layers.1.layers.10.bias - torch.Size([40]): 
The value is the same before and after calling `init_weights` of BEVSegmentor  

temporal_encoder.layers.1.layers.11.scale - torch.Size([40]): 
The value is the same before and after calling `init_weights` of BEVSegmentor  

temporal_encoder.layers.2.layers.0.weight - torch.Size([128, 5, 5, 5, 5, 128]): 
Initialized by user-defined `init_weights` in GaussianTemporalEncoder  

temporal_encoder.layers.2.layers.1.weight - torch.Size([128]): 
The value is the same before and after calling `init_weights` of BEVSegmentor  

temporal_encoder.layers.2.layers.1.bias - torch.Size([128]): 
The value is the same before and after calling `init_weights` of BEVSegmentor  

temporal_encoder.layers.2.layers.3.weight - torch.Size([128, 5, 5, 5, 5, 128]): 
Initialized by user-defined `init_weights` in GaussianTemporalEncoder  

temporal_encoder.layers.2.layers.4.weight - torch.Size([128]): 
The value is the same before and after calling `init_weights` of BEVSegmentor  

temporal_encoder.layers.2.layers.4.bias - torch.Size([128]): 
The value is the same before and after calling `init_weights` of BEVSegmentor  

temporal_encoder.layers.2.layers.6.weight - torch.Size([128, 5, 5, 5, 5, 128]): 
Initialized by user-defined `init_weights` in GaussianTemporalEncoder  

temporal_encoder.layers.2.layers.7.weight - torch.Size([128]): 
The value is the same before and after calling `init_weights` of BEVSegmentor  

temporal_encoder.layers.2.layers.7.bias - torch.Size([128]): 
The value is the same before and after calling `init_weights` of BEVSegmentor  

temporal_encoder.layers.2.output_proj.weight - torch.Size([128, 128]): 
Initialized by user-defined `init_weights` in GaussianTemporalEncoder  

temporal_encoder.layers.2.output_proj.bias - torch.Size([128]): 
The value is the same before and after calling `init_weights` of BEVSegmentor  

temporal_encoder.layers.3.layers.0.weight - torch.Size([128, 128]): 
The value is the same before and after calling `init_weights` of BEVSegmentor  

temporal_encoder.layers.3.layers.0.bias - torch.Size([128]): 
The value is the same before and after calling `init_weights` of BEVSegmentor  

temporal_encoder.layers.3.layers.2.weight - torch.Size([128, 128]): 
The value is the same before and after calling `init_weights` of BEVSegmentor  

temporal_encoder.layers.3.layers.2.bias - torch.Size([128]): 
The value is the same before and after calling `init_weights` of BEVSegmentor  

temporal_encoder.layers.3.layers.4.weight - torch.Size([128]): 
The value is the same before and after calling `init_weights` of BEVSegmentor  

temporal_encoder.layers.3.layers.4.bias - torch.Size([128]): 
The value is the same before and after calling `init_weights` of BEVSegmentor  

temporal_encoder.layers.3.layers.5.weight - torch.Size([128, 128]): 
The value is the same before and after calling `init_weights` of BEVSegmentor  

temporal_encoder.layers.3.layers.5.bias - torch.Size([128]): 
The value is the same before and after calling `init_weights` of BEVSegmentor  

temporal_encoder.layers.3.layers.7.weight - torch.Size([128, 128]): 
The value is the same before and after calling `init_weights` of BEVSegmentor  

temporal_encoder.layers.3.layers.7.bias - torch.Size([128]): 
The value is the same before and after calling `init_weights` of BEVSegmentor  

temporal_encoder.layers.3.layers.9.weight - torch.Size([128]): 
The value is the same before and after calling `init_weights` of BEVSegmentor  

temporal_encoder.layers.3.layers.9.bias - torch.Size([128]): 
The value is the same before and after calling `init_weights` of BEVSegmentor  

temporal_encoder.layers.3.layers.10.weight - torch.Size([40, 128]): 
The value is the same before and after calling `init_weights` of BEVSegmentor  

temporal_encoder.layers.3.layers.10.bias - torch.Size([40]): 
The value is the same before and after calling `init_weights` of BEVSegmentor  

temporal_encoder.layers.3.layers.11.scale - torch.Size([40]): 
The value is the same before and after calling `init_weights` of BEVSegmentor  

temporal_encoder.layers.4.layers.0.weight - torch.Size([128, 5, 5, 5, 5, 128]): 
Initialized by user-defined `init_weights` in GaussianTemporalEncoder  

temporal_encoder.layers.4.layers.1.weight - torch.Size([128]): 
The value is the same before and after calling `init_weights` of BEVSegmentor  

temporal_encoder.layers.4.layers.1.bias - torch.Size([128]): 
The value is the same before and after calling `init_weights` of BEVSegmentor  

temporal_encoder.layers.4.layers.3.weight - torch.Size([128, 5, 5, 5, 5, 128]): 
Initialized by user-defined `init_weights` in GaussianTemporalEncoder  

temporal_encoder.layers.4.layers.4.weight - torch.Size([128]): 
The value is the same before and after calling `init_weights` of BEVSegmentor  

temporal_encoder.layers.4.layers.4.bias - torch.Size([128]): 
The value is the same before and after calling `init_weights` of BEVSegmentor  

temporal_encoder.layers.4.layers.6.weight - torch.Size([128, 5, 5, 5, 5, 128]): 
Initialized by user-defined `init_weights` in GaussianTemporalEncoder  

temporal_encoder.layers.4.layers.7.weight - torch.Size([128]): 
The value is the same before and after calling `init_weights` of BEVSegmentor  

temporal_encoder.layers.4.layers.7.bias - torch.Size([128]): 
The value is the same before and after calling `init_weights` of BEVSegmentor  

temporal_encoder.layers.4.output_proj.weight - torch.Size([128, 128]): 
Initialized by user-defined `init_weights` in GaussianTemporalEncoder  

temporal_encoder.layers.4.output_proj.bias - torch.Size([128]): 
The value is the same before and after calling `init_weights` of BEVSegmentor  

temporal_encoder.layers.5.layers.0.weight - torch.Size([128, 128]): 
The value is the same before and after calling `init_weights` of BEVSegmentor  

temporal_encoder.layers.5.layers.0.bias - torch.Size([128]): 
The value is the same before and after calling `init_weights` of BEVSegmentor  

temporal_encoder.layers.5.layers.2.weight - torch.Size([128, 128]): 
The value is the same before and after calling `init_weights` of BEVSegmentor  

temporal_encoder.layers.5.layers.2.bias - torch.Size([128]): 
The value is the same before and after calling `init_weights` of BEVSegmentor  

temporal_encoder.layers.5.layers.4.weight - torch.Size([128]): 
The value is the same before and after calling `init_weights` of BEVSegmentor  

temporal_encoder.layers.5.layers.4.bias - torch.Size([128]): 
The value is the same before and after calling `init_weights` of BEVSegmentor  

temporal_encoder.layers.5.layers.5.weight - torch.Size([128, 128]): 
The value is the same before and after calling `init_weights` of BEVSegmentor  

temporal_encoder.layers.5.layers.5.bias - torch.Size([128]): 
The value is the same before and after calling `init_weights` of BEVSegmentor  

temporal_encoder.layers.5.layers.7.weight - torch.Size([128, 128]): 
The value is the same before and after calling `init_weights` of BEVSegmentor  

temporal_encoder.layers.5.layers.7.bias - torch.Size([128]): 
The value is the same before and after calling `init_weights` of BEVSegmentor  

temporal_encoder.layers.5.layers.9.weight - torch.Size([128]): 
The value is the same before and after calling `init_weights` of BEVSegmentor  

temporal_encoder.layers.5.layers.9.bias - torch.Size([128]): 
The value is the same before and after calling `init_weights` of BEVSegmentor  

temporal_encoder.layers.5.layers.10.weight - torch.Size([40, 128]): 
The value is the same before and after calling `init_weights` of BEVSegmentor  

temporal_encoder.layers.5.layers.10.bias - torch.Size([40]): 
The value is the same before and after calling `init_weights` of BEVSegmentor  

temporal_encoder.layers.5.layers.11.scale - torch.Size([40]): 
The value is the same before and after calling `init_weights` of BEVSegmentor  

head.empty_scalar - torch.Size([1]): 
The value is the same before and after calling `init_weights` of BEVSegmentor  

decoder.backbone_3d.conv_input.0.weight - torch.Size([16, 3, 3, 3, 28]): 
The value is the same before and after calling `init_weights` of BEVSegmentor  

decoder.backbone_3d.conv_input.1.weight - torch.Size([16]): 
The value is the same before and after calling `init_weights` of BEVSegmentor  

decoder.backbone_3d.conv_input.1.bias - torch.Size([16]): 
The value is the same before and after calling `init_weights` of BEVSegmentor  

decoder.backbone_3d.conv1.0.conv1.weight - torch.Size([16, 3, 3, 3, 16]): 
The value is the same before and after calling `init_weights` of BEVSegmentor  

decoder.backbone_3d.conv1.0.conv1.bias - torch.Size([16]): 
The value is the same before and after calling `init_weights` of BEVSegmentor  

decoder.backbone_3d.conv1.0.bn1.weight - torch.Size([16]): 
The value is the same before and after calling `init_weights` of BEVSegmentor  

decoder.backbone_3d.conv1.0.bn1.bias - torch.Size([16]): 
The value is the same before and after calling `init_weights` of BEVSegmentor  

decoder.backbone_3d.conv1.0.conv2.weight - torch.Size([16, 3, 3, 3, 16]): 
The value is the same before and after calling `init_weights` of BEVSegmentor  

decoder.backbone_3d.conv1.0.conv2.bias - torch.Size([16]): 
The value is the same before and after calling `init_weights` of BEVSegmentor  

decoder.backbone_3d.conv1.0.bn2.weight - torch.Size([16]): 
The value is the same before and after calling `init_weights` of BEVSegmentor  

decoder.backbone_3d.conv1.0.bn2.bias - torch.Size([16]): 
The value is the same before and after calling `init_weights` of BEVSegmentor  

decoder.backbone_3d.conv1.1.conv1.weight - torch.Size([16, 3, 3, 3, 16]): 
The value is the same before and after calling `init_weights` of BEVSegmentor  

decoder.backbone_3d.conv1.1.conv1.bias - torch.Size([16]): 
The value is the same before and after calling `init_weights` of BEVSegmentor  

decoder.backbone_3d.conv1.1.bn1.weight - torch.Size([16]): 
The value is the same before and after calling `init_weights` of BEVSegmentor  

decoder.backbone_3d.conv1.1.bn1.bias - torch.Size([16]): 
The value is the same before and after calling `init_weights` of BEVSegmentor  

decoder.backbone_3d.conv1.1.conv2.weight - torch.Size([16, 3, 3, 3, 16]): 
The value is the same before and after calling `init_weights` of BEVSegmentor  

decoder.backbone_3d.conv1.1.conv2.bias - torch.Size([16]): 
The value is the same before and after calling `init_weights` of BEVSegmentor  

decoder.backbone_3d.conv1.1.bn2.weight - torch.Size([16]): 
The value is the same before and after calling `init_weights` of BEVSegmentor  

decoder.backbone_3d.conv1.1.bn2.bias - torch.Size([16]): 
The value is the same before and after calling `init_weights` of BEVSegmentor  

decoder.backbone_3d.conv2.0.0.weight - torch.Size([32, 3, 3, 3, 16]): 
The value is the same before and after calling `init_weights` of BEVSegmentor  

decoder.backbone_3d.conv2.0.1.weight - torch.Size([32]): 
The value is the same before and after calling `init_weights` of BEVSegmentor  

decoder.backbone_3d.conv2.0.1.bias - torch.Size([32]): 
The value is the same before and after calling `init_weights` of BEVSegmentor  

decoder.backbone_3d.conv2.1.conv1.weight - torch.Size([32, 3, 3, 3, 32]): 
The value is the same before and after calling `init_weights` of BEVSegmentor  

decoder.backbone_3d.conv2.1.conv1.bias - torch.Size([32]): 
The value is the same before and after calling `init_weights` of BEVSegmentor  

decoder.backbone_3d.conv2.1.bn1.weight - torch.Size([32]): 
The value is the same before and after calling `init_weights` of BEVSegmentor  

decoder.backbone_3d.conv2.1.bn1.bias - torch.Size([32]): 
The value is the same before and after calling `init_weights` of BEVSegmentor  

decoder.backbone_3d.conv2.1.conv2.weight - torch.Size([32, 3, 3, 3, 32]): 
The value is the same before and after calling `init_weights` of BEVSegmentor  

decoder.backbone_3d.conv2.1.conv2.bias - torch.Size([32]): 
The value is the same before and after calling `init_weights` of BEVSegmentor  

decoder.backbone_3d.conv2.1.bn2.weight - torch.Size([32]): 
The value is the same before and after calling `init_weights` of BEVSegmentor  

decoder.backbone_3d.conv2.1.bn2.bias - torch.Size([32]): 
The value is the same before and after calling `init_weights` of BEVSegmentor  

decoder.backbone_3d.conv2.2.conv1.weight - torch.Size([32, 3, 3, 3, 32]): 
The value is the same before and after calling `init_weights` of BEVSegmentor  

decoder.backbone_3d.conv2.2.conv1.bias - torch.Size([32]): 
The value is the same before and after calling `init_weights` of BEVSegmentor  

decoder.backbone_3d.conv2.2.bn1.weight - torch.Size([32]): 
The value is the same before and after calling `init_weights` of BEVSegmentor  

decoder.backbone_3d.conv2.2.bn1.bias - torch.Size([32]): 
The value is the same before and after calling `init_weights` of BEVSegmentor  

decoder.backbone_3d.conv2.2.conv2.weight - torch.Size([32, 3, 3, 3, 32]): 
The value is the same before and after calling `init_weights` of BEVSegmentor  

decoder.backbone_3d.conv2.2.conv2.bias - torch.Size([32]): 
The value is the same before and after calling `init_weights` of BEVSegmentor  

decoder.backbone_3d.conv2.2.bn2.weight - torch.Size([32]): 
The value is the same before and after calling `init_weights` of BEVSegmentor  

decoder.backbone_3d.conv2.2.bn2.bias - torch.Size([32]): 
The value is the same before and after calling `init_weights` of BEVSegmentor  

decoder.backbone_3d.conv3.0.0.weight - torch.Size([64, 3, 3, 3, 32]): 
The value is the same before and after calling `init_weights` of BEVSegmentor  

decoder.backbone_3d.conv3.0.1.weight - torch.Size([64]): 
The value is the same before and after calling `init_weights` of BEVSegmentor  

decoder.backbone_3d.conv3.0.1.bias - torch.Size([64]): 
The value is the same before and after calling `init_weights` of BEVSegmentor  

decoder.backbone_3d.conv3.1.conv1.weight - torch.Size([64, 3, 3, 3, 64]): 
The value is the same before and after calling `init_weights` of BEVSegmentor  

decoder.backbone_3d.conv3.1.conv1.bias - torch.Size([64]): 
The value is the same before and after calling `init_weights` of BEVSegmentor  

decoder.backbone_3d.conv3.1.bn1.weight - torch.Size([64]): 
The value is the same before and after calling `init_weights` of BEVSegmentor  

decoder.backbone_3d.conv3.1.bn1.bias - torch.Size([64]): 
The value is the same before and after calling `init_weights` of BEVSegmentor  

decoder.backbone_3d.conv3.1.conv2.weight - torch.Size([64, 3, 3, 3, 64]): 
The value is the same before and after calling `init_weights` of BEVSegmentor  

decoder.backbone_3d.conv3.1.conv2.bias - torch.Size([64]): 
The value is the same before and after calling `init_weights` of BEVSegmentor  

decoder.backbone_3d.conv3.1.bn2.weight - torch.Size([64]): 
The value is the same before and after calling `init_weights` of BEVSegmentor  

decoder.backbone_3d.conv3.1.bn2.bias - torch.Size([64]): 
The value is the same before and after calling `init_weights` of BEVSegmentor  

decoder.backbone_3d.conv3.2.conv1.weight - torch.Size([64, 3, 3, 3, 64]): 
The value is the same before and after calling `init_weights` of BEVSegmentor  

decoder.backbone_3d.conv3.2.conv1.bias - torch.Size([64]): 
The value is the same before and after calling `init_weights` of BEVSegmentor  

decoder.backbone_3d.conv3.2.bn1.weight - torch.Size([64]): 
The value is the same before and after calling `init_weights` of BEVSegmentor  

decoder.backbone_3d.conv3.2.bn1.bias - torch.Size([64]): 
The value is the same before and after calling `init_weights` of BEVSegmentor  

decoder.backbone_3d.conv3.2.conv2.weight - torch.Size([64, 3, 3, 3, 64]): 
The value is the same before and after calling `init_weights` of BEVSegmentor  

decoder.backbone_3d.conv3.2.conv2.bias - torch.Size([64]): 
The value is the same before and after calling `init_weights` of BEVSegmentor  

decoder.backbone_3d.conv3.2.bn2.weight - torch.Size([64]): 
The value is the same before and after calling `init_weights` of BEVSegmentor  

decoder.backbone_3d.conv3.2.bn2.bias - torch.Size([64]): 
The value is the same before and after calling `init_weights` of BEVSegmentor  

decoder.backbone_3d.conv4.0.0.weight - torch.Size([128, 3, 3, 3, 64]): 
The value is the same before and after calling `init_weights` of BEVSegmentor  

decoder.backbone_3d.conv4.0.1.weight - torch.Size([128]): 
The value is the same before and after calling `init_weights` of BEVSegmentor  

decoder.backbone_3d.conv4.0.1.bias - torch.Size([128]): 
The value is the same before and after calling `init_weights` of BEVSegmentor  

decoder.backbone_3d.conv4.1.conv1.weight - torch.Size([128, 3, 3, 3, 128]): 
The value is the same before and after calling `init_weights` of BEVSegmentor  

decoder.backbone_3d.conv4.1.conv1.bias - torch.Size([128]): 
The value is the same before and after calling `init_weights` of BEVSegmentor  

decoder.backbone_3d.conv4.1.bn1.weight - torch.Size([128]): 
The value is the same before and after calling `init_weights` of BEVSegmentor  

decoder.backbone_3d.conv4.1.bn1.bias - torch.Size([128]): 
The value is the same before and after calling `init_weights` of BEVSegmentor  

decoder.backbone_3d.conv4.1.conv2.weight - torch.Size([128, 3, 3, 3, 128]): 
The value is the same before and after calling `init_weights` of BEVSegmentor  

decoder.backbone_3d.conv4.1.conv2.bias - torch.Size([128]): 
The value is the same before and after calling `init_weights` of BEVSegmentor  

decoder.backbone_3d.conv4.1.bn2.weight - torch.Size([128]): 
The value is the same before and after calling `init_weights` of BEVSegmentor  

decoder.backbone_3d.conv4.1.bn2.bias - torch.Size([128]): 
The value is the same before and after calling `init_weights` of BEVSegmentor  

decoder.backbone_3d.conv4.2.conv1.weight - torch.Size([128, 3, 3, 3, 128]): 
The value is the same before and after calling `init_weights` of BEVSegmentor  

decoder.backbone_3d.conv4.2.conv1.bias - torch.Size([128]): 
The value is the same before and after calling `init_weights` of BEVSegmentor  

decoder.backbone_3d.conv4.2.bn1.weight - torch.Size([128]): 
The value is the same before and after calling `init_weights` of BEVSegmentor  

decoder.backbone_3d.conv4.2.bn1.bias - torch.Size([128]): 
The value is the same before and after calling `init_weights` of BEVSegmentor  

decoder.backbone_3d.conv4.2.conv2.weight - torch.Size([128, 3, 3, 3, 128]): 
The value is the same before and after calling `init_weights` of BEVSegmentor  

decoder.backbone_3d.conv4.2.conv2.bias - torch.Size([128]): 
The value is the same before and after calling `init_weights` of BEVSegmentor  

decoder.backbone_3d.conv4.2.bn2.weight - torch.Size([128]): 
The value is the same before and after calling `init_weights` of BEVSegmentor  

decoder.backbone_3d.conv4.2.bn2.bias - torch.Size([128]): 
The value is the same before and after calling `init_weights` of BEVSegmentor  

decoder.backbone_3d.conv5.0.0.weight - torch.Size([128, 3, 3, 3, 128]): 
The value is the same before and after calling `init_weights` of BEVSegmentor  

decoder.backbone_3d.conv5.0.1.weight - torch.Size([128]): 
The value is the same before and after calling `init_weights` of BEVSegmentor  

decoder.backbone_3d.conv5.0.1.bias - torch.Size([128]): 
The value is the same before and after calling `init_weights` of BEVSegmentor  

decoder.backbone_3d.conv5.1.conv1.weight - torch.Size([128, 3, 3, 3, 128]): 
The value is the same before and after calling `init_weights` of BEVSegmentor  

decoder.backbone_3d.conv5.1.conv1.bias - torch.Size([128]): 
The value is the same before and after calling `init_weights` of BEVSegmentor  

decoder.backbone_3d.conv5.1.bn1.weight - torch.Size([128]): 
The value is the same before and after calling `init_weights` of BEVSegmentor  

decoder.backbone_3d.conv5.1.bn1.bias - torch.Size([128]): 
The value is the same before and after calling `init_weights` of BEVSegmentor  

decoder.backbone_3d.conv5.1.conv2.weight - torch.Size([128, 3, 3, 3, 128]): 
The value is the same before and after calling `init_weights` of BEVSegmentor  

decoder.backbone_3d.conv5.1.conv2.bias - torch.Size([128]): 
The value is the same before and after calling `init_weights` of BEVSegmentor  

decoder.backbone_3d.conv5.1.bn2.weight - torch.Size([128]): 
The value is the same before and after calling `init_weights` of BEVSegmentor  

decoder.backbone_3d.conv5.1.bn2.bias - torch.Size([128]): 
The value is the same before and after calling `init_weights` of BEVSegmentor  

decoder.backbone_3d.conv5.2.conv1.weight - torch.Size([128, 3, 3, 3, 128]): 
The value is the same before and after calling `init_weights` of BEVSegmentor  

decoder.backbone_3d.conv5.2.conv1.bias - torch.Size([128]): 
The value is the same before and after calling `init_weights` of BEVSegmentor  

decoder.backbone_3d.conv5.2.bn1.weight - torch.Size([128]): 
The value is the same before and after calling `init_weights` of BEVSegmentor  

decoder.backbone_3d.conv5.2.bn1.bias - torch.Size([128]): 
The value is the same before and after calling `init_weights` of BEVSegmentor  

decoder.backbone_3d.conv5.2.conv2.weight - torch.Size([128, 3, 3, 3, 128]): 
The value is the same before and after calling `init_weights` of BEVSegmentor  

decoder.backbone_3d.conv5.2.conv2.bias - torch.Size([128]): 
The value is the same before and after calling `init_weights` of BEVSegmentor  

decoder.backbone_3d.conv5.2.bn2.weight - torch.Size([128]): 
The value is the same before and after calling `init_weights` of BEVSegmentor  

decoder.backbone_3d.conv5.2.bn2.bias - torch.Size([128]): 
The value is the same before and after calling `init_weights` of BEVSegmentor  

decoder.backbone_3d.conv6.0.0.weight - torch.Size([128, 3, 3, 3, 128]): 
The value is the same before and after calling `init_weights` of BEVSegmentor  

decoder.backbone_3d.conv6.0.1.weight - torch.Size([128]): 
The value is the same before and after calling `init_weights` of BEVSegmentor  

decoder.backbone_3d.conv6.0.1.bias - torch.Size([128]): 
The value is the same before and after calling `init_weights` of BEVSegmentor  

decoder.backbone_3d.conv6.1.conv1.weight - torch.Size([128, 3, 3, 3, 128]): 
The value is the same before and after calling `init_weights` of BEVSegmentor  

decoder.backbone_3d.conv6.1.conv1.bias - torch.Size([128]): 
The value is the same before and after calling `init_weights` of BEVSegmentor  

decoder.backbone_3d.conv6.1.bn1.weight - torch.Size([128]): 
The value is the same before and after calling `init_weights` of BEVSegmentor  

decoder.backbone_3d.conv6.1.bn1.bias - torch.Size([128]): 
The value is the same before and after calling `init_weights` of BEVSegmentor  

decoder.backbone_3d.conv6.1.conv2.weight - torch.Size([128, 3, 3, 3, 128]): 
The value is the same before and after calling `init_weights` of BEVSegmentor  

decoder.backbone_3d.conv6.1.conv2.bias - torch.Size([128]): 
The value is the same before and after calling `init_weights` of BEVSegmentor  

decoder.backbone_3d.conv6.1.bn2.weight - torch.Size([128]): 
The value is the same before and after calling `init_weights` of BEVSegmentor  

decoder.backbone_3d.conv6.1.bn2.bias - torch.Size([128]): 
The value is the same before and after calling `init_weights` of BEVSegmentor  

decoder.backbone_3d.conv6.2.conv1.weight - torch.Size([128, 3, 3, 3, 128]): 
The value is the same before and after calling `init_weights` of BEVSegmentor  

decoder.backbone_3d.conv6.2.conv1.bias - torch.Size([128]): 
The value is the same before and after calling `init_weights` of BEVSegmentor  

decoder.backbone_3d.conv6.2.bn1.weight - torch.Size([128]): 
The value is the same before and after calling `init_weights` of BEVSegmentor  

decoder.backbone_3d.conv6.2.bn1.bias - torch.Size([128]): 
The value is the same before and after calling `init_weights` of BEVSegmentor  

decoder.backbone_3d.conv6.2.conv2.weight - torch.Size([128, 3, 3, 3, 128]): 
The value is the same before and after calling `init_weights` of BEVSegmentor  

decoder.backbone_3d.conv6.2.conv2.bias - torch.Size([128]): 
The value is the same before and after calling `init_weights` of BEVSegmentor  

decoder.backbone_3d.conv6.2.bn2.weight - torch.Size([128]): 
The value is the same before and after calling `init_weights` of BEVSegmentor  

decoder.backbone_3d.conv6.2.bn2.bias - torch.Size([128]): 
The value is the same before and after calling `init_weights` of BEVSegmentor  

decoder.backbone_3d.conv_out.0.weight - torch.Size([128, 3, 3, 128]): 
The value is the same before and after calling `init_weights` of BEVSegmentor  

decoder.backbone_3d.conv_out.1.weight - torch.Size([128]): 
The value is the same before and after calling `init_weights` of BEVSegmentor  

decoder.backbone_3d.conv_out.1.bias - torch.Size([128]): 
The value is the same before and after calling `init_weights` of BEVSegmentor  

decoder.backbone_3d.shared_conv.0.weight - torch.Size([128, 3, 3, 128]): 
The value is the same before and after calling `init_weights` of BEVSegmentor  

decoder.backbone_3d.shared_conv.0.bias - torch.Size([128]): 
The value is the same before and after calling `init_weights` of BEVSegmentor  

decoder.backbone_3d.shared_conv.1.weight - torch.Size([128]): 
The value is the same before and after calling `init_weights` of BEVSegmentor  

decoder.backbone_3d.shared_conv.1.bias - torch.Size([128]): 
The value is the same before and after calling `init_weights` of BEVSegmentor  

decoder.dense_head.heads_list.0.center.0.0.weight - torch.Size([128, 1, 1, 128]): 
The value is the same before and after calling `init_weights` of BEVSegmentor  

decoder.dense_head.heads_list.0.center.0.0.bias - torch.Size([128]): 
The value is the same before and after calling `init_weights` of BEVSegmentor  

decoder.dense_head.heads_list.0.center.0.1.weight - torch.Size([128]): 
The value is the same before and after calling `init_weights` of BEVSegmentor  

decoder.dense_head.heads_list.0.center.0.1.bias - torch.Size([128]): 
The value is the same before and after calling `init_weights` of BEVSegmentor  

decoder.dense_head.heads_list.0.center.1.weight - torch.Size([2, 1, 1, 128]): 
The value is the same before and after calling `init_weights` of BEVSegmentor  

decoder.dense_head.heads_list.0.center.1.bias - torch.Size([2]): 
The value is the same before and after calling `init_weights` of BEVSegmentor  

decoder.dense_head.heads_list.0.center_z.0.0.weight - torch.Size([128, 1, 1, 128]): 
The value is the same before and after calling `init_weights` of BEVSegmentor  

decoder.dense_head.heads_list.0.center_z.0.0.bias - torch.Size([128]): 
The value is the same before and after calling `init_weights` of BEVSegmentor  

decoder.dense_head.heads_list.0.center_z.0.1.weight - torch.Size([128]): 
The value is the same before and after calling `init_weights` of BEVSegmentor  

decoder.dense_head.heads_list.0.center_z.0.1.bias - torch.Size([128]): 
The value is the same before and after calling `init_weights` of BEVSegmentor  

decoder.dense_head.heads_list.0.center_z.1.weight - torch.Size([1, 1, 1, 128]): 
The value is the same before and after calling `init_weights` of BEVSegmentor  

decoder.dense_head.heads_list.0.center_z.1.bias - torch.Size([1]): 
The value is the same before and after calling `init_weights` of BEVSegmentor  

decoder.dense_head.heads_list.0.dim.0.0.weight - torch.Size([128, 1, 1, 128]): 
The value is the same before and after calling `init_weights` of BEVSegmentor  

decoder.dense_head.heads_list.0.dim.0.0.bias - torch.Size([128]): 
The value is the same before and after calling `init_weights` of BEVSegmentor  

decoder.dense_head.heads_list.0.dim.0.1.weight - torch.Size([128]): 
The value is the same before and after calling `init_weights` of BEVSegmentor  

decoder.dense_head.heads_list.0.dim.0.1.bias - torch.Size([128]): 
The value is the same before and after calling `init_weights` of BEVSegmentor  

decoder.dense_head.heads_list.0.dim.1.weight - torch.Size([3, 1, 1, 128]): 
The value is the same before and after calling `init_weights` of BEVSegmentor  

decoder.dense_head.heads_list.0.dim.1.bias - torch.Size([3]): 
The value is the same before and after calling `init_weights` of BEVSegmentor  

decoder.dense_head.heads_list.0.rot.0.0.weight - torch.Size([128, 1, 1, 128]): 
The value is the same before and after calling `init_weights` of BEVSegmentor  

decoder.dense_head.heads_list.0.rot.0.0.bias - torch.Size([128]): 
The value is the same before and after calling `init_weights` of BEVSegmentor  

decoder.dense_head.heads_list.0.rot.0.1.weight - torch.Size([128]): 
The value is the same before and after calling `init_weights` of BEVSegmentor  

decoder.dense_head.heads_list.0.rot.0.1.bias - torch.Size([128]): 
The value is the same before and after calling `init_weights` of BEVSegmentor  

decoder.dense_head.heads_list.0.rot.1.weight - torch.Size([2, 1, 1, 128]): 
The value is the same before and after calling `init_weights` of BEVSegmentor  

decoder.dense_head.heads_list.0.rot.1.bias - torch.Size([2]): 
The value is the same before and after calling `init_weights` of BEVSegmentor  

decoder.dense_head.heads_list.0.vel.0.0.weight - torch.Size([128, 1, 1, 128]): 
The value is the same before and after calling `init_weights` of BEVSegmentor  

decoder.dense_head.heads_list.0.vel.0.0.bias - torch.Size([128]): 
The value is the same before and after calling `init_weights` of BEVSegmentor  

decoder.dense_head.heads_list.0.vel.0.1.weight - torch.Size([128]): 
The value is the same before and after calling `init_weights` of BEVSegmentor  

decoder.dense_head.heads_list.0.vel.0.1.bias - torch.Size([128]): 
The value is the same before and after calling `init_weights` of BEVSegmentor  

decoder.dense_head.heads_list.0.vel.1.weight - torch.Size([2, 1, 1, 128]): 
The value is the same before and after calling `init_weights` of BEVSegmentor  

decoder.dense_head.heads_list.0.vel.1.bias - torch.Size([2]): 
The value is the same before and after calling `init_weights` of BEVSegmentor  

decoder.dense_head.heads_list.0.hm.0.0.weight - torch.Size([128, 1, 1, 128]): 
The value is the same before and after calling `init_weights` of BEVSegmentor  

decoder.dense_head.heads_list.0.hm.0.0.bias - torch.Size([128]): 
The value is the same before and after calling `init_weights` of BEVSegmentor  

decoder.dense_head.heads_list.0.hm.0.1.weight - torch.Size([128]): 
The value is the same before and after calling `init_weights` of BEVSegmentor  

decoder.dense_head.heads_list.0.hm.0.1.bias - torch.Size([128]): 
The value is the same before and after calling `init_weights` of BEVSegmentor  

decoder.dense_head.heads_list.0.hm.1.weight - torch.Size([1, 1, 1, 128]): 
The value is the same before and after calling `init_weights` of BEVSegmentor  

decoder.dense_head.heads_list.0.hm.1.bias - torch.Size([1]): 
The value is the same before and after calling `init_weights` of BEVSegmentor  

decoder.dense_head.heads_list.1.center.0.0.weight - torch.Size([128, 1, 1, 128]): 
The value is the same before and after calling `init_weights` of BEVSegmentor  

decoder.dense_head.heads_list.1.center.0.0.bias - torch.Size([128]): 
The value is the same before and after calling `init_weights` of BEVSegmentor  

decoder.dense_head.heads_list.1.center.0.1.weight - torch.Size([128]): 
The value is the same before and after calling `init_weights` of BEVSegmentor  

decoder.dense_head.heads_list.1.center.0.1.bias - torch.Size([128]): 
The value is the same before and after calling `init_weights` of BEVSegmentor  

decoder.dense_head.heads_list.1.center.1.weight - torch.Size([2, 1, 1, 128]): 
The value is the same before and after calling `init_weights` of BEVSegmentor  

decoder.dense_head.heads_list.1.center.1.bias - torch.Size([2]): 
The value is the same before and after calling `init_weights` of BEVSegmentor  

decoder.dense_head.heads_list.1.center_z.0.0.weight - torch.Size([128, 1, 1, 128]): 
The value is the same before and after calling `init_weights` of BEVSegmentor  

decoder.dense_head.heads_list.1.center_z.0.0.bias - torch.Size([128]): 
The value is the same before and after calling `init_weights` of BEVSegmentor  

decoder.dense_head.heads_list.1.center_z.0.1.weight - torch.Size([128]): 
The value is the same before and after calling `init_weights` of BEVSegmentor  

decoder.dense_head.heads_list.1.center_z.0.1.bias - torch.Size([128]): 
The value is the same before and after calling `init_weights` of BEVSegmentor  

decoder.dense_head.heads_list.1.center_z.1.weight - torch.Size([1, 1, 1, 128]): 
The value is the same before and after calling `init_weights` of BEVSegmentor  

decoder.dense_head.heads_list.1.center_z.1.bias - torch.Size([1]): 
The value is the same before and after calling `init_weights` of BEVSegmentor  

decoder.dense_head.heads_list.1.dim.0.0.weight - torch.Size([128, 1, 1, 128]): 
The value is the same before and after calling `init_weights` of BEVSegmentor  

decoder.dense_head.heads_list.1.dim.0.0.bias - torch.Size([128]): 
The value is the same before and after calling `init_weights` of BEVSegmentor  

decoder.dense_head.heads_list.1.dim.0.1.weight - torch.Size([128]): 
The value is the same before and after calling `init_weights` of BEVSegmentor  

decoder.dense_head.heads_list.1.dim.0.1.bias - torch.Size([128]): 
The value is the same before and after calling `init_weights` of BEVSegmentor  

decoder.dense_head.heads_list.1.dim.1.weight - torch.Size([3, 1, 1, 128]): 
The value is the same before and after calling `init_weights` of BEVSegmentor  

decoder.dense_head.heads_list.1.dim.1.bias - torch.Size([3]): 
The value is the same before and after calling `init_weights` of BEVSegmentor  

decoder.dense_head.heads_list.1.rot.0.0.weight - torch.Size([128, 1, 1, 128]): 
The value is the same before and after calling `init_weights` of BEVSegmentor  

decoder.dense_head.heads_list.1.rot.0.0.bias - torch.Size([128]): 
The value is the same before and after calling `init_weights` of BEVSegmentor  

decoder.dense_head.heads_list.1.rot.0.1.weight - torch.Size([128]): 
The value is the same before and after calling `init_weights` of BEVSegmentor  

decoder.dense_head.heads_list.1.rot.0.1.bias - torch.Size([128]): 
The value is the same before and after calling `init_weights` of BEVSegmentor  

decoder.dense_head.heads_list.1.rot.1.weight - torch.Size([2, 1, 1, 128]): 
The value is the same before and after calling `init_weights` of BEVSegmentor  

decoder.dense_head.heads_list.1.rot.1.bias - torch.Size([2]): 
The value is the same before and after calling `init_weights` of BEVSegmentor  

decoder.dense_head.heads_list.1.vel.0.0.weight - torch.Size([128, 1, 1, 128]): 
The value is the same before and after calling `init_weights` of BEVSegmentor  

decoder.dense_head.heads_list.1.vel.0.0.bias - torch.Size([128]): 
The value is the same before and after calling `init_weights` of BEVSegmentor  

decoder.dense_head.heads_list.1.vel.0.1.weight - torch.Size([128]): 
The value is the same before and after calling `init_weights` of BEVSegmentor  

decoder.dense_head.heads_list.1.vel.0.1.bias - torch.Size([128]): 
The value is the same before and after calling `init_weights` of BEVSegmentor  

decoder.dense_head.heads_list.1.vel.1.weight - torch.Size([2, 1, 1, 128]): 
The value is the same before and after calling `init_weights` of BEVSegmentor  

decoder.dense_head.heads_list.1.vel.1.bias - torch.Size([2]): 
The value is the same before and after calling `init_weights` of BEVSegmentor  

decoder.dense_head.heads_list.1.hm.0.0.weight - torch.Size([128, 1, 1, 128]): 
The value is the same before and after calling `init_weights` of BEVSegmentor  

decoder.dense_head.heads_list.1.hm.0.0.bias - torch.Size([128]): 
The value is the same before and after calling `init_weights` of BEVSegmentor  

decoder.dense_head.heads_list.1.hm.0.1.weight - torch.Size([128]): 
The value is the same before and after calling `init_weights` of BEVSegmentor  

decoder.dense_head.heads_list.1.hm.0.1.bias - torch.Size([128]): 
The value is the same before and after calling `init_weights` of BEVSegmentor  

decoder.dense_head.heads_list.1.hm.1.weight - torch.Size([2, 1, 1, 128]): 
The value is the same before and after calling `init_weights` of BEVSegmentor  

decoder.dense_head.heads_list.1.hm.1.bias - torch.Size([2]): 
The value is the same before and after calling `init_weights` of BEVSegmentor  

decoder.dense_head.heads_list.2.center.0.0.weight - torch.Size([128, 1, 1, 128]): 
The value is the same before and after calling `init_weights` of BEVSegmentor  

decoder.dense_head.heads_list.2.center.0.0.bias - torch.Size([128]): 
The value is the same before and after calling `init_weights` of BEVSegmentor  

decoder.dense_head.heads_list.2.center.0.1.weight - torch.Size([128]): 
The value is the same before and after calling `init_weights` of BEVSegmentor  

decoder.dense_head.heads_list.2.center.0.1.bias - torch.Size([128]): 
The value is the same before and after calling `init_weights` of BEVSegmentor  

decoder.dense_head.heads_list.2.center.1.weight - torch.Size([2, 1, 1, 128]): 
The value is the same before and after calling `init_weights` of BEVSegmentor  

decoder.dense_head.heads_list.2.center.1.bias - torch.Size([2]): 
The value is the same before and after calling `init_weights` of BEVSegmentor  

decoder.dense_head.heads_list.2.center_z.0.0.weight - torch.Size([128, 1, 1, 128]): 
The value is the same before and after calling `init_weights` of BEVSegmentor  

decoder.dense_head.heads_list.2.center_z.0.0.bias - torch.Size([128]): 
The value is the same before and after calling `init_weights` of BEVSegmentor  

decoder.dense_head.heads_list.2.center_z.0.1.weight - torch.Size([128]): 
The value is the same before and after calling `init_weights` of BEVSegmentor  

decoder.dense_head.heads_list.2.center_z.0.1.bias - torch.Size([128]): 
The value is the same before and after calling `init_weights` of BEVSegmentor  

decoder.dense_head.heads_list.2.center_z.1.weight - torch.Size([1, 1, 1, 128]): 
The value is the same before and after calling `init_weights` of BEVSegmentor  

decoder.dense_head.heads_list.2.center_z.1.bias - torch.Size([1]): 
The value is the same before and after calling `init_weights` of BEVSegmentor  

decoder.dense_head.heads_list.2.dim.0.0.weight - torch.Size([128, 1, 1, 128]): 
The value is the same before and after calling `init_weights` of BEVSegmentor  

decoder.dense_head.heads_list.2.dim.0.0.bias - torch.Size([128]): 
The value is the same before and after calling `init_weights` of BEVSegmentor  

decoder.dense_head.heads_list.2.dim.0.1.weight - torch.Size([128]): 
The value is the same before and after calling `init_weights` of BEVSegmentor  

decoder.dense_head.heads_list.2.dim.0.1.bias - torch.Size([128]): 
The value is the same before and after calling `init_weights` of BEVSegmentor  

decoder.dense_head.heads_list.2.dim.1.weight - torch.Size([3, 1, 1, 128]): 
The value is the same before and after calling `init_weights` of BEVSegmentor  

decoder.dense_head.heads_list.2.dim.1.bias - torch.Size([3]): 
The value is the same before and after calling `init_weights` of BEVSegmentor  

decoder.dense_head.heads_list.2.rot.0.0.weight - torch.Size([128, 1, 1, 128]): 
The value is the same before and after calling `init_weights` of BEVSegmentor  

decoder.dense_head.heads_list.2.rot.0.0.bias - torch.Size([128]): 
The value is the same before and after calling `init_weights` of BEVSegmentor  

decoder.dense_head.heads_list.2.rot.0.1.weight - torch.Size([128]): 
The value is the same before and after calling `init_weights` of BEVSegmentor  

decoder.dense_head.heads_list.2.rot.0.1.bias - torch.Size([128]): 
The value is the same before and after calling `init_weights` of BEVSegmentor  

decoder.dense_head.heads_list.2.rot.1.weight - torch.Size([2, 1, 1, 128]): 
The value is the same before and after calling `init_weights` of BEVSegmentor  

decoder.dense_head.heads_list.2.rot.1.bias - torch.Size([2]): 
The value is the same before and after calling `init_weights` of BEVSegmentor  

decoder.dense_head.heads_list.2.vel.0.0.weight - torch.Size([128, 1, 1, 128]): 
The value is the same before and after calling `init_weights` of BEVSegmentor  

decoder.dense_head.heads_list.2.vel.0.0.bias - torch.Size([128]): 
The value is the same before and after calling `init_weights` of BEVSegmentor  

decoder.dense_head.heads_list.2.vel.0.1.weight - torch.Size([128]): 
The value is the same before and after calling `init_weights` of BEVSegmentor  

decoder.dense_head.heads_list.2.vel.0.1.bias - torch.Size([128]): 
The value is the same before and after calling `init_weights` of BEVSegmentor  

decoder.dense_head.heads_list.2.vel.1.weight - torch.Size([2, 1, 1, 128]): 
The value is the same before and after calling `init_weights` of BEVSegmentor  

decoder.dense_head.heads_list.2.vel.1.bias - torch.Size([2]): 
The value is the same before and after calling `init_weights` of BEVSegmentor  

decoder.dense_head.heads_list.2.hm.0.0.weight - torch.Size([128, 1, 1, 128]): 
The value is the same before and after calling `init_weights` of BEVSegmentor  

decoder.dense_head.heads_list.2.hm.0.0.bias - torch.Size([128]): 
The value is the same before and after calling `init_weights` of BEVSegmentor  

decoder.dense_head.heads_list.2.hm.0.1.weight - torch.Size([128]): 
The value is the same before and after calling `init_weights` of BEVSegmentor  

decoder.dense_head.heads_list.2.hm.0.1.bias - torch.Size([128]): 
The value is the same before and after calling `init_weights` of BEVSegmentor  

decoder.dense_head.heads_list.2.hm.1.weight - torch.Size([2, 1, 1, 128]): 
The value is the same before and after calling `init_weights` of BEVSegmentor  

decoder.dense_head.heads_list.2.hm.1.bias - torch.Size([2]): 
The value is the same before and after calling `init_weights` of BEVSegmentor  

decoder.dense_head.heads_list.3.center.0.0.weight - torch.Size([128, 1, 1, 128]): 
The value is the same before and after calling `init_weights` of BEVSegmentor  

decoder.dense_head.heads_list.3.center.0.0.bias - torch.Size([128]): 
The value is the same before and after calling `init_weights` of BEVSegmentor  

decoder.dense_head.heads_list.3.center.0.1.weight - torch.Size([128]): 
The value is the same before and after calling `init_weights` of BEVSegmentor  

decoder.dense_head.heads_list.3.center.0.1.bias - torch.Size([128]): 
The value is the same before and after calling `init_weights` of BEVSegmentor  

decoder.dense_head.heads_list.3.center.1.weight - torch.Size([2, 1, 1, 128]): 
The value is the same before and after calling `init_weights` of BEVSegmentor  

decoder.dense_head.heads_list.3.center.1.bias - torch.Size([2]): 
The value is the same before and after calling `init_weights` of BEVSegmentor  

decoder.dense_head.heads_list.3.center_z.0.0.weight - torch.Size([128, 1, 1, 128]): 
The value is the same before and after calling `init_weights` of BEVSegmentor  

decoder.dense_head.heads_list.3.center_z.0.0.bias - torch.Size([128]): 
The value is the same before and after calling `init_weights` of BEVSegmentor  

decoder.dense_head.heads_list.3.center_z.0.1.weight - torch.Size([128]): 
The value is the same before and after calling `init_weights` of BEVSegmentor  

decoder.dense_head.heads_list.3.center_z.0.1.bias - torch.Size([128]): 
The value is the same before and after calling `init_weights` of BEVSegmentor  

decoder.dense_head.heads_list.3.center_z.1.weight - torch.Size([1, 1, 1, 128]): 
The value is the same before and after calling `init_weights` of BEVSegmentor  

decoder.dense_head.heads_list.3.center_z.1.bias - torch.Size([1]): 
The value is the same before and after calling `init_weights` of BEVSegmentor  

decoder.dense_head.heads_list.3.dim.0.0.weight - torch.Size([128, 1, 1, 128]): 
The value is the same before and after calling `init_weights` of BEVSegmentor  

decoder.dense_head.heads_list.3.dim.0.0.bias - torch.Size([128]): 
The value is the same before and after calling `init_weights` of BEVSegmentor  

decoder.dense_head.heads_list.3.dim.0.1.weight - torch.Size([128]): 
The value is the same before and after calling `init_weights` of BEVSegmentor  

decoder.dense_head.heads_list.3.dim.0.1.bias - torch.Size([128]): 
The value is the same before and after calling `init_weights` of BEVSegmentor  

decoder.dense_head.heads_list.3.dim.1.weight - torch.Size([3, 1, 1, 128]): 
The value is the same before and after calling `init_weights` of BEVSegmentor  

decoder.dense_head.heads_list.3.dim.1.bias - torch.Size([3]): 
The value is the same before and after calling `init_weights` of BEVSegmentor  

decoder.dense_head.heads_list.3.rot.0.0.weight - torch.Size([128, 1, 1, 128]): 
The value is the same before and after calling `init_weights` of BEVSegmentor  

decoder.dense_head.heads_list.3.rot.0.0.bias - torch.Size([128]): 
The value is the same before and after calling `init_weights` of BEVSegmentor  

decoder.dense_head.heads_list.3.rot.0.1.weight - torch.Size([128]): 
The value is the same before and after calling `init_weights` of BEVSegmentor  

decoder.dense_head.heads_list.3.rot.0.1.bias - torch.Size([128]): 
The value is the same before and after calling `init_weights` of BEVSegmentor  

decoder.dense_head.heads_list.3.rot.1.weight - torch.Size([2, 1, 1, 128]): 
The value is the same before and after calling `init_weights` of BEVSegmentor  

decoder.dense_head.heads_list.3.rot.1.bias - torch.Size([2]): 
The value is the same before and after calling `init_weights` of BEVSegmentor  

decoder.dense_head.heads_list.3.vel.0.0.weight - torch.Size([128, 1, 1, 128]): 
The value is the same before and after calling `init_weights` of BEVSegmentor  

decoder.dense_head.heads_list.3.vel.0.0.bias - torch.Size([128]): 
The value is the same before and after calling `init_weights` of BEVSegmentor  

decoder.dense_head.heads_list.3.vel.0.1.weight - torch.Size([128]): 
The value is the same before and after calling `init_weights` of BEVSegmentor  

decoder.dense_head.heads_list.3.vel.0.1.bias - torch.Size([128]): 
The value is the same before and after calling `init_weights` of BEVSegmentor  

decoder.dense_head.heads_list.3.vel.1.weight - torch.Size([2, 1, 1, 128]): 
The value is the same before and after calling `init_weights` of BEVSegmentor  

decoder.dense_head.heads_list.3.vel.1.bias - torch.Size([2]): 
The value is the same before and after calling `init_weights` of BEVSegmentor  

decoder.dense_head.heads_list.3.hm.0.0.weight - torch.Size([128, 1, 1, 128]): 
The value is the same before and after calling `init_weights` of BEVSegmentor  

decoder.dense_head.heads_list.3.hm.0.0.bias - torch.Size([128]): 
The value is the same before and after calling `init_weights` of BEVSegmentor  

decoder.dense_head.heads_list.3.hm.0.1.weight - torch.Size([128]): 
The value is the same before and after calling `init_weights` of BEVSegmentor  

decoder.dense_head.heads_list.3.hm.0.1.bias - torch.Size([128]): 
The value is the same before and after calling `init_weights` of BEVSegmentor  

decoder.dense_head.heads_list.3.hm.1.weight - torch.Size([1, 1, 1, 128]): 
The value is the same before and after calling `init_weights` of BEVSegmentor  

decoder.dense_head.heads_list.3.hm.1.bias - torch.Size([1]): 
The value is the same before and after calling `init_weights` of BEVSegmentor  

decoder.dense_head.heads_list.4.center.0.0.weight - torch.Size([128, 1, 1, 128]): 
The value is the same before and after calling `init_weights` of BEVSegmentor  

decoder.dense_head.heads_list.4.center.0.0.bias - torch.Size([128]): 
The value is the same before and after calling `init_weights` of BEVSegmentor  

decoder.dense_head.heads_list.4.center.0.1.weight - torch.Size([128]): 
The value is the same before and after calling `init_weights` of BEVSegmentor  

decoder.dense_head.heads_list.4.center.0.1.bias - torch.Size([128]): 
The value is the same before and after calling `init_weights` of BEVSegmentor  

decoder.dense_head.heads_list.4.center.1.weight - torch.Size([2, 1, 1, 128]): 
The value is the same before and after calling `init_weights` of BEVSegmentor  

decoder.dense_head.heads_list.4.center.1.bias - torch.Size([2]): 
The value is the same before and after calling `init_weights` of BEVSegmentor  

decoder.dense_head.heads_list.4.center_z.0.0.weight - torch.Size([128, 1, 1, 128]): 
The value is the same before and after calling `init_weights` of BEVSegmentor  

decoder.dense_head.heads_list.4.center_z.0.0.bias - torch.Size([128]): 
The value is the same before and after calling `init_weights` of BEVSegmentor  

decoder.dense_head.heads_list.4.center_z.0.1.weight - torch.Size([128]): 
The value is the same before and after calling `init_weights` of BEVSegmentor  

decoder.dense_head.heads_list.4.center_z.0.1.bias - torch.Size([128]): 
The value is the same before and after calling `init_weights` of BEVSegmentor  

decoder.dense_head.heads_list.4.center_z.1.weight - torch.Size([1, 1, 1, 128]): 
The value is the same before and after calling `init_weights` of BEVSegmentor  

decoder.dense_head.heads_list.4.center_z.1.bias - torch.Size([1]): 
The value is the same before and after calling `init_weights` of BEVSegmentor  

decoder.dense_head.heads_list.4.dim.0.0.weight - torch.Size([128, 1, 1, 128]): 
The value is the same before and after calling `init_weights` of BEVSegmentor  

decoder.dense_head.heads_list.4.dim.0.0.bias - torch.Size([128]): 
The value is the same before and after calling `init_weights` of BEVSegmentor  

decoder.dense_head.heads_list.4.dim.0.1.weight - torch.Size([128]): 
The value is the same before and after calling `init_weights` of BEVSegmentor  

decoder.dense_head.heads_list.4.dim.0.1.bias - torch.Size([128]): 
The value is the same before and after calling `init_weights` of BEVSegmentor  

decoder.dense_head.heads_list.4.dim.1.weight - torch.Size([3, 1, 1, 128]): 
The value is the same before and after calling `init_weights` of BEVSegmentor  

decoder.dense_head.heads_list.4.dim.1.bias - torch.Size([3]): 
The value is the same before and after calling `init_weights` of BEVSegmentor  

decoder.dense_head.heads_list.4.rot.0.0.weight - torch.Size([128, 1, 1, 128]): 
The value is the same before and after calling `init_weights` of BEVSegmentor  

decoder.dense_head.heads_list.4.rot.0.0.bias - torch.Size([128]): 
The value is the same before and after calling `init_weights` of BEVSegmentor  

decoder.dense_head.heads_list.4.rot.0.1.weight - torch.Size([128]): 
The value is the same before and after calling `init_weights` of BEVSegmentor  

decoder.dense_head.heads_list.4.rot.0.1.bias - torch.Size([128]): 
The value is the same before and after calling `init_weights` of BEVSegmentor  

decoder.dense_head.heads_list.4.rot.1.weight - torch.Size([2, 1, 1, 128]): 
The value is the same before and after calling `init_weights` of BEVSegmentor  

decoder.dense_head.heads_list.4.rot.1.bias - torch.Size([2]): 
The value is the same before and after calling `init_weights` of BEVSegmentor  

decoder.dense_head.heads_list.4.vel.0.0.weight - torch.Size([128, 1, 1, 128]): 
The value is the same before and after calling `init_weights` of BEVSegmentor  

decoder.dense_head.heads_list.4.vel.0.0.bias - torch.Size([128]): 
The value is the same before and after calling `init_weights` of BEVSegmentor  

decoder.dense_head.heads_list.4.vel.0.1.weight - torch.Size([128]): 
The value is the same before and after calling `init_weights` of BEVSegmentor  

decoder.dense_head.heads_list.4.vel.0.1.bias - torch.Size([128]): 
The value is the same before and after calling `init_weights` of BEVSegmentor  

decoder.dense_head.heads_list.4.vel.1.weight - torch.Size([2, 1, 1, 128]): 
The value is the same before and after calling `init_weights` of BEVSegmentor  

decoder.dense_head.heads_list.4.vel.1.bias - torch.Size([2]): 
The value is the same before and after calling `init_weights` of BEVSegmentor  

decoder.dense_head.heads_list.4.hm.0.0.weight - torch.Size([128, 1, 1, 128]): 
The value is the same before and after calling `init_weights` of BEVSegmentor  

decoder.dense_head.heads_list.4.hm.0.0.bias - torch.Size([128]): 
The value is the same before and after calling `init_weights` of BEVSegmentor  

decoder.dense_head.heads_list.4.hm.0.1.weight - torch.Size([128]): 
The value is the same before and after calling `init_weights` of BEVSegmentor  

decoder.dense_head.heads_list.4.hm.0.1.bias - torch.Size([128]): 
The value is the same before and after calling `init_weights` of BEVSegmentor  

decoder.dense_head.heads_list.4.hm.1.weight - torch.Size([2, 1, 1, 128]): 
The value is the same before and after calling `init_weights` of BEVSegmentor  

decoder.dense_head.heads_list.4.hm.1.bias - torch.Size([2]): 
The value is the same before and after calling `init_weights` of BEVSegmentor  

decoder.dense_head.heads_list.5.center.0.0.weight - torch.Size([128, 1, 1, 128]): 
The value is the same before and after calling `init_weights` of BEVSegmentor  

decoder.dense_head.heads_list.5.center.0.0.bias - torch.Size([128]): 
The value is the same before and after calling `init_weights` of BEVSegmentor  

decoder.dense_head.heads_list.5.center.0.1.weight - torch.Size([128]): 
The value is the same before and after calling `init_weights` of BEVSegmentor  

decoder.dense_head.heads_list.5.center.0.1.bias - torch.Size([128]): 
The value is the same before and after calling `init_weights` of BEVSegmentor  

decoder.dense_head.heads_list.5.center.1.weight - torch.Size([2, 1, 1, 128]): 
The value is the same before and after calling `init_weights` of BEVSegmentor  

decoder.dense_head.heads_list.5.center.1.bias - torch.Size([2]): 
The value is the same before and after calling `init_weights` of BEVSegmentor  

decoder.dense_head.heads_list.5.center_z.0.0.weight - torch.Size([128, 1, 1, 128]): 
The value is the same before and after calling `init_weights` of BEVSegmentor  

decoder.dense_head.heads_list.5.center_z.0.0.bias - torch.Size([128]): 
The value is the same before and after calling `init_weights` of BEVSegmentor  

decoder.dense_head.heads_list.5.center_z.0.1.weight - torch.Size([128]): 
The value is the same before and after calling `init_weights` of BEVSegmentor  

decoder.dense_head.heads_list.5.center_z.0.1.bias - torch.Size([128]): 
The value is the same before and after calling `init_weights` of BEVSegmentor  

decoder.dense_head.heads_list.5.center_z.1.weight - torch.Size([1, 1, 1, 128]): 
The value is the same before and after calling `init_weights` of BEVSegmentor  

decoder.dense_head.heads_list.5.center_z.1.bias - torch.Size([1]): 
The value is the same before and after calling `init_weights` of BEVSegmentor  

decoder.dense_head.heads_list.5.dim.0.0.weight - torch.Size([128, 1, 1, 128]): 
The value is the same before and after calling `init_weights` of BEVSegmentor  

decoder.dense_head.heads_list.5.dim.0.0.bias - torch.Size([128]): 
The value is the same before and after calling `init_weights` of BEVSegmentor  

decoder.dense_head.heads_list.5.dim.0.1.weight - torch.Size([128]): 
The value is the same before and after calling `init_weights` of BEVSegmentor  

decoder.dense_head.heads_list.5.dim.0.1.bias - torch.Size([128]): 
The value is the same before and after calling `init_weights` of BEVSegmentor  

decoder.dense_head.heads_list.5.dim.1.weight - torch.Size([3, 1, 1, 128]): 
The value is the same before and after calling `init_weights` of BEVSegmentor  

decoder.dense_head.heads_list.5.dim.1.bias - torch.Size([3]): 
The value is the same before and after calling `init_weights` of BEVSegmentor  

decoder.dense_head.heads_list.5.rot.0.0.weight - torch.Size([128, 1, 1, 128]): 
The value is the same before and after calling `init_weights` of BEVSegmentor  

decoder.dense_head.heads_list.5.rot.0.0.bias - torch.Size([128]): 
The value is the same before and after calling `init_weights` of BEVSegmentor  

decoder.dense_head.heads_list.5.rot.0.1.weight - torch.Size([128]): 
The value is the same before and after calling `init_weights` of BEVSegmentor  

decoder.dense_head.heads_list.5.rot.0.1.bias - torch.Size([128]): 
The value is the same before and after calling `init_weights` of BEVSegmentor  

decoder.dense_head.heads_list.5.rot.1.weight - torch.Size([2, 1, 1, 128]): 
The value is the same before and after calling `init_weights` of BEVSegmentor  

decoder.dense_head.heads_list.5.rot.1.bias - torch.Size([2]): 
The value is the same before and after calling `init_weights` of BEVSegmentor  

decoder.dense_head.heads_list.5.vel.0.0.weight - torch.Size([128, 1, 1, 128]): 
The value is the same before and after calling `init_weights` of BEVSegmentor  

decoder.dense_head.heads_list.5.vel.0.0.bias - torch.Size([128]): 
The value is the same before and after calling `init_weights` of BEVSegmentor  

decoder.dense_head.heads_list.5.vel.0.1.weight - torch.Size([128]): 
The value is the same before and after calling `init_weights` of BEVSegmentor  

decoder.dense_head.heads_list.5.vel.0.1.bias - torch.Size([128]): 
The value is the same before and after calling `init_weights` of BEVSegmentor  

decoder.dense_head.heads_list.5.vel.1.weight - torch.Size([2, 1, 1, 128]): 
The value is the same before and after calling `init_weights` of BEVSegmentor  

decoder.dense_head.heads_list.5.vel.1.bias - torch.Size([2]): 
The value is the same before and after calling `init_weights` of BEVSegmentor  

decoder.dense_head.heads_list.5.hm.0.0.weight - torch.Size([128, 1, 1, 128]): 
The value is the same before and after calling `init_weights` of BEVSegmentor  

decoder.dense_head.heads_list.5.hm.0.0.bias - torch.Size([128]): 
The value is the same before and after calling `init_weights` of BEVSegmentor  

decoder.dense_head.heads_list.5.hm.0.1.weight - torch.Size([128]): 
The value is the same before and after calling `init_weights` of BEVSegmentor  

decoder.dense_head.heads_list.5.hm.0.1.bias - torch.Size([128]): 
The value is the same before and after calling `init_weights` of BEVSegmentor  

decoder.dense_head.heads_list.5.hm.1.weight - torch.Size([2, 1, 1, 128]): 
The value is the same before and after calling `init_weights` of BEVSegmentor  

decoder.dense_head.heads_list.5.hm.1.bias - torch.Size([2]): 
The value is the same before and after calling `init_weights` of BEVSegmentor  

map_decoder.pts_bbox_head.code_weights - torch.Size([4]): 
The value is the same before and after calling `init_weights` of BEVSegmentor  

map_decoder.pts_bbox_head.map_adapter_layers.0.0.weight - torch.Size([128, 1, 1, 128]): 
The value is the same before and after calling `init_weights` of BEVSegmentor  

map_decoder.pts_bbox_head.map_adapter_layers.0.0.bias - torch.Size([128]): 
The value is the same before and after calling `init_weights` of BEVSegmentor  

map_decoder.pts_bbox_head.map_adapter_layers.0.1.weight - torch.Size([128]): 
The value is the same before and after calling `init_weights` of BEVSegmentor  

map_decoder.pts_bbox_head.map_adapter_layers.0.1.bias - torch.Size([128]): 
The value is the same before and after calling `init_weights` of BEVSegmentor  

map_decoder.pts_bbox_head.map_adapter_layers.1.weight - torch.Size([256, 1, 1, 128]): 
The value is the same before and after calling `init_weights` of BEVSegmentor  

map_decoder.pts_bbox_head.map_adapter_layers.1.bias - torch.Size([256]): 
The value is the same before and after calling `init_weights` of BEVSegmentor  

map_decoder.pts_bbox_head.cls_branches.0.weight - torch.Size([256, 256]): 
The value is the same before and after calling `init_weights` of BEVSegmentor  

map_decoder.pts_bbox_head.cls_branches.0.bias - torch.Size([256]): 
The value is the same before and after calling `init_weights` of BEVSegmentor  

map_decoder.pts_bbox_head.cls_branches.1.weight - torch.Size([256]): 
The value is the same before and after calling `init_weights` of BEVSegmentor  

map_decoder.pts_bbox_head.cls_branches.1.bias - torch.Size([256]): 
The value is the same before and after calling `init_weights` of BEVSegmentor  

map_decoder.pts_bbox_head.cls_branches.3.weight - torch.Size([256, 256]): 
The value is the same before and after calling `init_weights` of BEVSegmentor  

map_decoder.pts_bbox_head.cls_branches.3.bias - torch.Size([256]): 
The value is the same before and after calling `init_weights` of BEVSegmentor  

map_decoder.pts_bbox_head.cls_branches.4.weight - torch.Size([256]): 
The value is the same before and after calling `init_weights` of BEVSegmentor  

map_decoder.pts_bbox_head.cls_branches.4.bias - torch.Size([256]): 
The value is the same before and after calling `init_weights` of BEVSegmentor  

map_decoder.pts_bbox_head.cls_branches.6.weight - torch.Size([3, 256]): 
The value is the same before and after calling `init_weights` of BEVSegmentor  

map_decoder.pts_bbox_head.cls_branches.6.bias - torch.Size([3]): 
Initialized by user-defined `init_weights` in MapTRv2Head  

map_decoder.pts_bbox_head.reg_branches.0.weight - torch.Size([512, 256]): 
The value is the same before and after calling `init_weights` of BEVSegmentor  

map_decoder.pts_bbox_head.reg_branches.0.bias - torch.Size([512]): 
The value is the same before and after calling `init_weights` of BEVSegmentor  

map_decoder.pts_bbox_head.reg_branches.2.weight - torch.Size([512, 512]): 
The value is the same before and after calling `init_weights` of BEVSegmentor  

map_decoder.pts_bbox_head.reg_branches.2.bias - torch.Size([512]): 
The value is the same before and after calling `init_weights` of BEVSegmentor  

map_decoder.pts_bbox_head.reg_branches.4.weight - torch.Size([512, 512]): 
The value is the same before and after calling `init_weights` of BEVSegmentor  

map_decoder.pts_bbox_head.reg_branches.4.bias - torch.Size([512]): 
The value is the same before and after calling `init_weights` of BEVSegmentor  

map_decoder.pts_bbox_head.reg_branches.6.weight - torch.Size([40, 512]): 
The value is the same before and after calling `init_weights` of BEVSegmentor  

map_decoder.pts_bbox_head.reg_branches.6.bias - torch.Size([40]): 
The value is the same before and after calling `init_weights` of BEVSegmentor  

planner_head.ego_query.weight - torch.Size([1, 128]): 
The value is the same before and after calling `init_weights` of BEVSegmentor  

planner_head.ego_agent_decoder.layers.0.attentions.0.attn.in_proj_weight - torch.Size([384, 128]): 
Initialized by user-defined `init_weights` in VADHead  

planner_head.ego_agent_decoder.layers.0.attentions.0.attn.in_proj_bias - torch.Size([384]): 
The value is the same before and after calling `init_weights` of BEVSegmentor  

planner_head.ego_agent_decoder.layers.0.attentions.0.attn.out_proj.weight - torch.Size([128, 128]): 
Initialized by user-defined `init_weights` in VADHead  

planner_head.ego_agent_decoder.layers.0.attentions.0.attn.out_proj.bias - torch.Size([128]): 
The value is the same before and after calling `init_weights` of BEVSegmentor  

planner_head.ego_agent_decoder.layers.0.ffns.0.layers.0.0.weight - torch.Size([256, 128]): 
Initialized by user-defined `init_weights` in VADHead  

planner_head.ego_agent_decoder.layers.0.ffns.0.layers.0.0.bias - torch.Size([256]): 
The value is the same before and after calling `init_weights` of BEVSegmentor  

planner_head.ego_agent_decoder.layers.0.ffns.0.layers.1.weight - torch.Size([128, 256]): 
Initialized by user-defined `init_weights` in VADHead  

planner_head.ego_agent_decoder.layers.0.ffns.0.layers.1.bias - torch.Size([128]): 
The value is the same before and after calling `init_weights` of BEVSegmentor  

planner_head.ego_agent_decoder.layers.0.norms.0.weight - torch.Size([128]): 
The value is the same before and after calling `init_weights` of BEVSegmentor  

planner_head.ego_agent_decoder.layers.0.norms.0.bias - torch.Size([128]): 
The value is the same before and after calling `init_weights` of BEVSegmentor  

planner_head.ego_agent_decoder.layers.0.norms.1.weight - torch.Size([128]): 
The value is the same before and after calling `init_weights` of BEVSegmentor  

planner_head.ego_agent_decoder.layers.0.norms.1.bias - torch.Size([128]): 
The value is the same before and after calling `init_weights` of BEVSegmentor  

planner_head.ego_map_decoder.layers.0.attentions.0.attn.in_proj_weight - torch.Size([384, 128]): 
Initialized by user-defined `init_weights` in VADHead  

planner_head.ego_map_decoder.layers.0.attentions.0.attn.in_proj_bias - torch.Size([384]): 
The value is the same before and after calling `init_weights` of BEVSegmentor  

planner_head.ego_map_decoder.layers.0.attentions.0.attn.out_proj.weight - torch.Size([128, 128]): 
Initialized by user-defined `init_weights` in VADHead  

planner_head.ego_map_decoder.layers.0.attentions.0.attn.out_proj.bias - torch.Size([128]): 
The value is the same before and after calling `init_weights` of BEVSegmentor  

planner_head.ego_map_decoder.layers.0.ffns.0.layers.0.0.weight - torch.Size([256, 128]): 
Initialized by user-defined `init_weights` in VADHead  

planner_head.ego_map_decoder.layers.0.ffns.0.layers.0.0.bias - torch.Size([256]): 
The value is the same before and after calling `init_weights` of BEVSegmentor  

planner_head.ego_map_decoder.layers.0.ffns.0.layers.1.weight - torch.Size([128, 256]): 
Initialized by user-defined `init_weights` in VADHead  

planner_head.ego_map_decoder.layers.0.ffns.0.layers.1.bias - torch.Size([128]): 
The value is the same before and after calling `init_weights` of BEVSegmentor  

planner_head.ego_map_decoder.layers.0.norms.0.weight - torch.Size([128]): 
The value is the same before and after calling `init_weights` of BEVSegmentor  

planner_head.ego_map_decoder.layers.0.norms.0.bias - torch.Size([128]): 
The value is the same before and after calling `init_weights` of BEVSegmentor  

planner_head.ego_map_decoder.layers.0.norms.1.weight - torch.Size([128]): 
The value is the same before and after calling `init_weights` of BEVSegmentor  

planner_head.ego_map_decoder.layers.0.norms.1.bias - torch.Size([128]): 
The value is the same before and after calling `init_weights` of BEVSegmentor  

planner_head.ego_gaussian_decoder.layers.0.attentions.0.attn.in_proj_weight - torch.Size([384, 128]): 
Initialized by user-defined `init_weights` in VADHead  

planner_head.ego_gaussian_decoder.layers.0.attentions.0.attn.in_proj_bias - torch.Size([384]): 
The value is the same before and after calling `init_weights` of BEVSegmentor  

planner_head.ego_gaussian_decoder.layers.0.attentions.0.attn.out_proj.weight - torch.Size([128, 128]): 
Initialized by user-defined `init_weights` in VADHead  

planner_head.ego_gaussian_decoder.layers.0.attentions.0.attn.out_proj.bias - torch.Size([128]): 
The value is the same before and after calling `init_weights` of BEVSegmentor  

planner_head.ego_gaussian_decoder.layers.0.ffns.0.layers.0.0.weight - torch.Size([256, 128]): 
Initialized by user-defined `init_weights` in VADHead  

planner_head.ego_gaussian_decoder.layers.0.ffns.0.layers.0.0.bias - torch.Size([256]): 
The value is the same before and after calling `init_weights` of BEVSegmentor  

planner_head.ego_gaussian_decoder.layers.0.ffns.0.layers.1.weight - torch.Size([128, 256]): 
Initialized by user-defined `init_weights` in VADHead  

planner_head.ego_gaussian_decoder.layers.0.ffns.0.layers.1.bias - torch.Size([128]): 
The value is the same before and after calling `init_weights` of BEVSegmentor  

planner_head.ego_gaussian_decoder.layers.0.norms.0.weight - torch.Size([128]): 
The value is the same before and after calling `init_weights` of BEVSegmentor  

planner_head.ego_gaussian_decoder.layers.0.norms.0.bias - torch.Size([128]): 
The value is the same before and after calling `init_weights` of BEVSegmentor  

planner_head.ego_gaussian_decoder.layers.0.norms.1.weight - torch.Size([128]): 
The value is the same before and after calling `init_weights` of BEVSegmentor  

planner_head.ego_gaussian_decoder.layers.0.norms.1.bias - torch.Size([128]): 
The value is the same before and after calling `init_weights` of BEVSegmentor  

planner_head.ego_fut_decoder.0.weight - torch.Size([384, 384]): 
The value is the same before and after calling `init_weights` of BEVSegmentor  

planner_head.ego_fut_decoder.0.bias - torch.Size([384]): 
The value is the same before and after calling `init_weights` of BEVSegmentor  

planner_head.ego_fut_decoder.2.weight - torch.Size([384, 384]): 
The value is the same before and after calling `init_weights` of BEVSegmentor  

planner_head.ego_fut_decoder.2.bias - torch.Size([384]): 
The value is the same before and after calling `init_weights` of BEVSegmentor  

planner_head.ego_fut_decoder.4.weight - torch.Size([36, 384]): 
The value is the same before and after calling `init_weights` of BEVSegmentor  

planner_head.ego_fut_decoder.4.bias - torch.Size([36]): 
The value is the same before and after calling `init_weights` of BEVSegmentor  

planner_head.agent_fus_mlp.0.weight - torch.Size([128, 10]): 
The value is the same before and after calling `init_weights` of BEVSegmentor  

planner_head.agent_fus_mlp.0.bias - torch.Size([128]): 
The value is the same before and after calling `init_weights` of BEVSegmentor  

planner_head.agent_fus_mlp.1.weight - torch.Size([128]): 
The value is the same before and after calling `init_weights` of BEVSegmentor  

planner_head.agent_fus_mlp.1.bias - torch.Size([128]): 
The value is the same before and after calling `init_weights` of BEVSegmentor  

planner_head.agent_fus_mlp.3.weight - torch.Size([128, 128]): 
The value is the same before and after calling `init_weights` of BEVSegmentor  

planner_head.agent_fus_mlp.3.bias - torch.Size([128]): 
The value is the same before and after calling `init_weights` of BEVSegmentor  

planner_head.map_fus_mlp.0.weight - torch.Size([128, 43]): 
The value is the same before and after calling `init_weights` of BEVSegmentor  

planner_head.map_fus_mlp.0.bias - torch.Size([128]): 
The value is the same before and after calling `init_weights` of BEVSegmentor  

planner_head.map_fus_mlp.1.weight - torch.Size([128]): 
The value is the same before and after calling `init_weights` of BEVSegmentor  

planner_head.map_fus_mlp.1.bias - torch.Size([128]): 
The value is the same before and after calling `init_weights` of BEVSegmentor  

planner_head.map_fus_mlp.3.weight - torch.Size([128, 128]): 
The value is the same before and after calling `init_weights` of BEVSegmentor  

planner_head.map_fus_mlp.3.bias - torch.Size([128]): 
The value is the same before and after calling `init_weights` of BEVSegmentor  

planner_head.gaussian_fus_mlp.0.weight - torch.Size([128, 28]): 
The value is the same before and after calling `init_weights` of BEVSegmentor  

planner_head.gaussian_fus_mlp.0.bias - torch.Size([128]): 
The value is the same before and after calling `init_weights` of BEVSegmentor  

planner_head.gaussian_fus_mlp.1.weight - torch.Size([128]): 
The value is the same before and after calling `init_weights` of BEVSegmentor  

planner_head.gaussian_fus_mlp.1.bias - torch.Size([128]): 
The value is the same before and after calling `init_weights` of BEVSegmentor  

planner_head.gaussian_fus_mlp.3.weight - torch.Size([128, 128]): 
The value is the same before and after calling `init_weights` of BEVSegmentor  

planner_head.gaussian_fus_mlp.3.bias - torch.Size([128]): 
The value is the same before and after calling `init_weights` of BEVSegmentor  
2026/06/22 06:04:24 - mmengine - INFO - Frozen module: map_decoder
2026/06/22 06:04:24 - mmengine - INFO - Frozen module: planner_head
2026/06/22 06:04:24 - mmengine - INFO - Number of params: 166706077
2026/06/22 06:04:24 - mmengine - INFO - converted sync bn.
2026/06/22 06:04:29 - mmengine - INFO - done ddp model
2026/06/22 06:07:48 - mmengine - WARNING - img_backbone.conv1.weight is skipped since its requires_grad=False
2026/06/22 06:07:48 - mmengine - WARNING - img_backbone.bn1.weight is skipped since its requires_grad=False
2026/06/22 06:07:48 - mmengine - WARNING - img_backbone.bn1.bias is skipped since its requires_grad=False
2026/06/22 06:07:48 - mmengine - WARNING - img_backbone.layer1.0.conv1.weight is skipped since its requires_grad=False
2026/06/22 06:07:48 - mmengine - WARNING - img_backbone.layer1.0.bn1.weight is skipped since its requires_grad=False
2026/06/22 06:07:48 - mmengine - WARNING - img_backbone.layer1.0.bn1.bias is skipped since its requires_grad=False
2026/06/22 06:07:48 - mmengine - WARNING - img_backbone.layer1.0.conv2.weight is skipped since its requires_grad=False
2026/06/22 06:07:48 - mmengine - WARNING - img_backbone.layer1.0.bn2.weight is skipped since its requires_grad=False
2026/06/22 06:07:48 - mmengine - WARNING - img_backbone.layer1.0.bn2.bias is skipped since its requires_grad=False
2026/06/22 06:07:48 - mmengine - WARNING - img_backbone.layer1.0.conv3.weight is skipped since its requires_grad=False
2026/06/22 06:07:48 - mmengine - WARNING - img_backbone.layer1.0.bn3.weight is skipped since its requires_grad=False
2026/06/22 06:07:48 - mmengine - WARNING - img_backbone.layer1.0.bn3.bias is skipped since its requires_grad=False
2026/06/22 06:07:48 - mmengine - WARNING - img_backbone.layer1.0.downsample.0.weight is skipped since its requires_grad=False
2026/06/22 06:07:48 - mmengine - WARNING - img_backbone.layer1.0.downsample.1.weight is skipped since its requires_grad=False
2026/06/22 06:07:48 - mmengine - WARNING - img_backbone.layer1.0.downsample.1.bias is skipped since its requires_grad=False
2026/06/22 06:07:48 - mmengine - WARNING - img_backbone.layer1.1.conv1.weight is skipped since its requires_grad=False
2026/06/22 06:07:48 - mmengine - WARNING - img_backbone.layer1.1.bn1.weight is skipped since its requires_grad=False
2026/06/22 06:07:48 - mmengine - WARNING - img_backbone.layer1.1.bn1.bias is skipped since its requires_grad=False
2026/06/22 06:07:48 - mmengine - WARNING - img_backbone.layer1.1.conv2.weight is skipped since its requires_grad=False
2026/06/22 06:07:48 - mmengine - WARNING - img_backbone.layer1.1.bn2.weight is skipped since its requires_grad=False
2026/06/22 06:07:48 - mmengine - WARNING - img_backbone.layer1.1.bn2.bias is skipped since its requires_grad=False
2026/06/22 06:07:48 - mmengine - WARNING - img_backbone.layer1.1.conv3.weight is skipped since its requires_grad=False
2026/06/22 06:07:48 - mmengine - WARNING - img_backbone.layer1.1.bn3.weight is skipped since its requires_grad=False
2026/06/22 06:07:48 - mmengine - WARNING - img_backbone.layer1.1.bn3.bias is skipped since its requires_grad=False
2026/06/22 06:07:48 - mmengine - WARNING - img_backbone.layer1.2.conv1.weight is skipped since its requires_grad=False
2026/06/22 06:07:48 - mmengine - WARNING - img_backbone.layer1.2.bn1.weight is skipped since its requires_grad=False
2026/06/22 06:07:48 - mmengine - WARNING - img_backbone.layer1.2.bn1.bias is skipped since its requires_grad=False
2026/06/22 06:07:48 - mmengine - WARNING - img_backbone.layer1.2.conv2.weight is skipped since its requires_grad=False
2026/06/22 06:07:48 - mmengine - WARNING - img_backbone.layer1.2.bn2.weight is skipped since its requires_grad=False
2026/06/22 06:07:48 - mmengine - WARNING - img_backbone.layer1.2.bn2.bias is skipped since its requires_grad=False
2026/06/22 06:07:48 - mmengine - WARNING - img_backbone.layer1.2.conv3.weight is skipped since its requires_grad=False
2026/06/22 06:07:48 - mmengine - WARNING - img_backbone.layer1.2.bn3.weight is skipped since its requires_grad=False
2026/06/22 06:07:48 - mmengine - WARNING - img_backbone.layer1.2.bn3.bias is skipped since its requires_grad=False
2026/06/22 06:07:48 - mmengine - INFO - paramwise_options -- img_backbone.layer2.0.conv1.weight:lr=2e-05
2026/06/22 06:07:48 - mmengine - INFO - paramwise_options -- img_backbone.layer2.0.conv1.weight:weight_decay=0.01
2026/06/22 06:07:48 - mmengine - INFO - paramwise_options -- img_backbone.layer2.0.conv1.weight:lr_mult=0.1
2026/06/22 06:07:48 - mmengine - WARNING - img_backbone.layer2.0.bn1.weight is skipped since its requires_grad=False
2026/06/22 06:07:48 - mmengine - WARNING - img_backbone.layer2.0.bn1.bias is skipped since its requires_grad=False
2026/06/22 06:07:48 - mmengine - INFO - paramwise_options -- img_backbone.layer2.0.conv2.weight:lr=2e-05
2026/06/22 06:07:48 - mmengine - INFO - paramwise_options -- img_backbone.layer2.0.conv2.weight:weight_decay=0.01
2026/06/22 06:07:48 - mmengine - INFO - paramwise_options -- img_backbone.layer2.0.conv2.weight:lr_mult=0.1
2026/06/22 06:07:48 - mmengine - WARNING - img_backbone.layer2.0.bn2.weight is skipped since its requires_grad=False
2026/06/22 06:07:48 - mmengine - WARNING - img_backbone.layer2.0.bn2.bias is skipped since its requires_grad=False
2026/06/22 06:07:48 - mmengine - INFO - paramwise_options -- img_backbone.layer2.0.conv3.weight:lr=2e-05
2026/06/22 06:07:48 - mmengine - INFO - paramwise_options -- img_backbone.layer2.0.conv3.weight:weight_decay=0.01
2026/06/22 06:07:48 - mmengine - INFO - paramwise_options -- img_backbone.layer2.0.conv3.weight:lr_mult=0.1
2026/06/22 06:07:48 - mmengine - WARNING - img_backbone.layer2.0.bn3.weight is skipped since its requires_grad=False
2026/06/22 06:07:48 - mmengine - WARNING - img_backbone.layer2.0.bn3.bias is skipped since its requires_grad=False
2026/06/22 06:07:48 - mmengine - INFO - paramwise_options -- img_backbone.layer2.0.downsample.0.weight:lr=2e-05
2026/06/22 06:07:48 - mmengine - INFO - paramwise_options -- img_backbone.layer2.0.downsample.0.weight:weight_decay=0.01
2026/06/22 06:07:48 - mmengine - INFO - paramwise_options -- img_backbone.layer2.0.downsample.0.weight:lr_mult=0.1
2026/06/22 06:07:48 - mmengine - WARNING - img_backbone.layer2.0.downsample.1.weight is skipped since its requires_grad=False
2026/06/22 06:07:48 - mmengine - WARNING - img_backbone.layer2.0.downsample.1.bias is skipped since its requires_grad=False
2026/06/22 06:07:48 - mmengine - INFO - paramwise_options -- img_backbone.layer2.1.conv1.weight:lr=2e-05
2026/06/22 06:07:48 - mmengine - INFO - paramwise_options -- img_backbone.layer2.1.conv1.weight:weight_decay=0.01
2026/06/22 06:07:48 - mmengine - INFO - paramwise_options -- img_backbone.layer2.1.conv1.weight:lr_mult=0.1
2026/06/22 06:07:48 - mmengine - WARNING - img_backbone.layer2.1.bn1.weight is skipped since its requires_grad=False
2026/06/22 06:07:48 - mmengine - WARNING - img_backbone.layer2.1.bn1.bias is skipped since its requires_grad=False
2026/06/22 06:07:48 - mmengine - INFO - paramwise_options -- img_backbone.layer2.1.conv2.weight:lr=2e-05
2026/06/22 06:07:48 - mmengine - INFO - paramwise_options -- img_backbone.layer2.1.conv2.weight:weight_decay=0.01
2026/06/22 06:07:48 - mmengine - INFO - paramwise_options -- img_backbone.layer2.1.conv2.weight:lr_mult=0.1
2026/06/22 06:07:48 - mmengine - WARNING - img_backbone.layer2.1.bn2.weight is skipped since its requires_grad=False
2026/06/22 06:07:48 - mmengine - WARNING - img_backbone.layer2.1.bn2.bias is skipped since its requires_grad=False
2026/06/22 06:07:48 - mmengine - INFO - paramwise_options -- img_backbone.layer2.1.conv3.weight:lr=2e-05
2026/06/22 06:07:48 - mmengine - INFO - paramwise_options -- img_backbone.layer2.1.conv3.weight:weight_decay=0.01
2026/06/22 06:07:48 - mmengine - INFO - paramwise_options -- img_backbone.layer2.1.conv3.weight:lr_mult=0.1
2026/06/22 06:07:48 - mmengine - WARNING - img_backbone.layer2.1.bn3.weight is skipped since its requires_grad=False
2026/06/22 06:07:48 - mmengine - WARNING - img_backbone.layer2.1.bn3.bias is skipped since its requires_grad=False
2026/06/22 06:07:48 - mmengine - INFO - paramwise_options -- img_backbone.layer2.2.conv1.weight:lr=2e-05
2026/06/22 06:07:48 - mmengine - INFO - paramwise_options -- img_backbone.layer2.2.conv1.weight:weight_decay=0.01
2026/06/22 06:07:48 - mmengine - INFO - paramwise_options -- img_backbone.layer2.2.conv1.weight:lr_mult=0.1
2026/06/22 06:07:48 - mmengine - WARNING - img_backbone.layer2.2.bn1.weight is skipped since its requires_grad=False
2026/06/22 06:07:48 - mmengine - WARNING - img_backbone.layer2.2.bn1.bias is skipped since its requires_grad=False
2026/06/22 06:07:48 - mmengine - INFO - paramwise_options -- img_backbone.layer2.2.conv2.weight:lr=2e-05
2026/06/22 06:07:48 - mmengine - INFO - paramwise_options -- img_backbone.layer2.2.conv2.weight:weight_decay=0.01
2026/06/22 06:07:48 - mmengine - INFO - paramwise_options -- img_backbone.layer2.2.conv2.weight:lr_mult=0.1
2026/06/22 06:07:48 - mmengine - WARNING - img_backbone.layer2.2.bn2.weight is skipped since its requires_grad=False
2026/06/22 06:07:48 - mmengine - WARNING - img_backbone.layer2.2.bn2.bias is skipped since its requires_grad=False
2026/06/22 06:07:48 - mmengine - INFO - paramwise_options -- img_backbone.layer2.2.conv3.weight:lr=2e-05
2026/06/22 06:07:48 - mmengine - INFO - paramwise_options -- img_backbone.layer2.2.conv3.weight:weight_decay=0.01
2026/06/22 06:07:48 - mmengine - INFO - paramwise_options -- img_backbone.layer2.2.conv3.weight:lr_mult=0.1
2026/06/22 06:07:48 - mmengine - WARNING - img_backbone.layer2.2.bn3.weight is skipped since its requires_grad=False
2026/06/22 06:07:48 - mmengine - WARNING - img_backbone.layer2.2.bn3.bias is skipped since its requires_grad=False
2026/06/22 06:07:48 - mmengine - INFO - paramwise_options -- img_backbone.layer2.3.conv1.weight:lr=2e-05
2026/06/22 06:07:48 - mmengine - INFO - paramwise_options -- img_backbone.layer2.3.conv1.weight:weight_decay=0.01
2026/06/22 06:07:48 - mmengine - INFO - paramwise_options -- img_backbone.layer2.3.conv1.weight:lr_mult=0.1
2026/06/22 06:07:48 - mmengine - WARNING - img_backbone.layer2.3.bn1.weight is skipped since its requires_grad=False
2026/06/22 06:07:48 - mmengine - WARNING - img_backbone.layer2.3.bn1.bias is skipped since its requires_grad=False
2026/06/22 06:07:48 - mmengine - INFO - paramwise_options -- img_backbone.layer2.3.conv2.weight:lr=2e-05
2026/06/22 06:07:48 - mmengine - INFO - paramwise_options -- img_backbone.layer2.3.conv2.weight:weight_decay=0.01
2026/06/22 06:07:48 - mmengine - INFO - paramwise_options -- img_backbone.layer2.3.conv2.weight:lr_mult=0.1
2026/06/22 06:07:48 - mmengine - WARNING - img_backbone.layer2.3.bn2.weight is skipped since its requires_grad=False
2026/06/22 06:07:48 - mmengine - WARNING - img_backbone.layer2.3.bn2.bias is skipped since its requires_grad=False
2026/06/22 06:07:48 - mmengine - INFO - paramwise_options -- img_backbone.layer2.3.conv3.weight:lr=2e-05
2026/06/22 06:07:48 - mmengine - INFO - paramwise_options -- img_backbone.layer2.3.conv3.weight:weight_decay=0.01
2026/06/22 06:07:48 - mmengine - INFO - paramwise_options -- img_backbone.layer2.3.conv3.weight:lr_mult=0.1
2026/06/22 06:07:48 - mmengine - WARNING - img_backbone.layer2.3.bn3.weight is skipped since its requires_grad=False
2026/06/22 06:07:48 - mmengine - WARNING - img_backbone.layer2.3.bn3.bias is skipped since its requires_grad=False
2026/06/22 06:07:48 - mmengine - INFO - paramwise_options -- img_backbone.layer3.0.conv1.weight:lr=2e-05
2026/06/22 06:07:48 - mmengine - INFO - paramwise_options -- img_backbone.layer3.0.conv1.weight:weight_decay=0.01
2026/06/22 06:07:48 - mmengine - INFO - paramwise_options -- img_backbone.layer3.0.conv1.weight:lr_mult=0.1
2026/06/22 06:07:48 - mmengine - WARNING - img_backbone.layer3.0.bn1.weight is skipped since its requires_grad=False
2026/06/22 06:07:48 - mmengine - WARNING - img_backbone.layer3.0.bn1.bias is skipped since its requires_grad=False
2026/06/22 06:07:48 - mmengine - INFO - paramwise_options -- img_backbone.layer3.0.conv2.weight:lr=2e-05
2026/06/22 06:07:48 - mmengine - INFO - paramwise_options -- img_backbone.layer3.0.conv2.weight:weight_decay=0.01
2026/06/22 06:07:48 - mmengine - INFO - paramwise_options -- img_backbone.layer3.0.conv2.weight:lr_mult=0.1
2026/06/22 06:07:48 - mmengine - INFO - paramwise_options -- img_backbone.layer3.0.conv2.conv_offset.weight:lr=2e-05
2026/06/22 06:07:48 - mmengine - INFO - paramwise_options -- img_backbone.layer3.0.conv2.conv_offset.weight:weight_decay=0.01
2026/06/22 06:07:48 - mmengine - INFO - paramwise_options -- img_backbone.layer3.0.conv2.conv_offset.weight:lr_mult=0.1
2026/06/22 06:07:48 - mmengine - INFO - paramwise_options -- img_backbone.layer3.0.conv2.conv_offset.bias:lr=2e-05
2026/06/22 06:07:48 - mmengine - INFO - paramwise_options -- img_backbone.layer3.0.conv2.conv_offset.bias:weight_decay=0.01
2026/06/22 06:07:48 - mmengine - INFO - paramwise_options -- img_backbone.layer3.0.conv2.conv_offset.bias:lr_mult=0.1
2026/06/22 06:07:48 - mmengine - WARNING - img_backbone.layer3.0.bn2.weight is skipped since its requires_grad=False
2026/06/22 06:07:48 - mmengine - WARNING - img_backbone.layer3.0.bn2.bias is skipped since its requires_grad=False
2026/06/22 06:07:48 - mmengine - INFO - paramwise_options -- img_backbone.layer3.0.conv3.weight:lr=2e-05
2026/06/22 06:07:48 - mmengine - INFO - paramwise_options -- img_backbone.layer3.0.conv3.weight:weight_decay=0.01
2026/06/22 06:07:48 - mmengine - INFO - paramwise_options -- img_backbone.layer3.0.conv3.weight:lr_mult=0.1
2026/06/22 06:07:48 - mmengine - WARNING - img_backbone.layer3.0.bn3.weight is skipped since its requires_grad=False
2026/06/22 06:07:48 - mmengine - WARNING - img_backbone.layer3.0.bn3.bias is skipped since its requires_grad=False
2026/06/22 06:07:48 - mmengine - INFO - paramwise_options -- img_backbone.layer3.0.downsample.0.weight:lr=2e-05
2026/06/22 06:07:48 - mmengine - INFO - paramwise_options -- img_backbone.layer3.0.downsample.0.weight:weight_decay=0.01
2026/06/22 06:07:48 - mmengine - INFO - paramwise_options -- img_backbone.layer3.0.downsample.0.weight:lr_mult=0.1
2026/06/22 06:07:48 - mmengine - WARNING - img_backbone.layer3.0.downsample.1.weight is skipped since its requires_grad=False
2026/06/22 06:07:48 - mmengine - WARNING - img_backbone.layer3.0.downsample.1.bias is skipped since its requires_grad=False
2026/06/22 06:07:48 - mmengine - INFO - paramwise_options -- img_backbone.layer3.1.conv1.weight:lr=2e-05
2026/06/22 06:07:48 - mmengine - INFO - paramwise_options -- img_backbone.layer3.1.conv1.weight:weight_decay=0.01
2026/06/22 06:07:48 - mmengine - INFO - paramwise_options -- img_backbone.layer3.1.conv1.weight:lr_mult=0.1
2026/06/22 06:07:48 - mmengine - WARNING - img_backbone.layer3.1.bn1.weight is skipped since its requires_grad=False
2026/06/22 06:07:48 - mmengine - WARNING - img_backbone.layer3.1.bn1.bias is skipped since its requires_grad=False
2026/06/22 06:07:48 - mmengine - INFO - paramwise_options -- img_backbone.layer3.1.conv2.weight:lr=2e-05
2026/06/22 06:07:48 - mmengine - INFO - paramwise_options -- img_backbone.layer3.1.conv2.weight:weight_decay=0.01
2026/06/22 06:07:48 - mmengine - INFO - paramwise_options -- img_backbone.layer3.1.conv2.weight:lr_mult=0.1
2026/06/22 06:07:48 - mmengine - INFO - paramwise_options -- img_backbone.layer3.1.conv2.conv_offset.weight:lr=2e-05
2026/06/22 06:07:48 - mmengine - INFO - paramwise_options -- img_backbone.layer3.1.conv2.conv_offset.weight:weight_decay=0.01
2026/06/22 06:07:48 - mmengine - INFO - paramwise_options -- img_backbone.layer3.1.conv2.conv_offset.weight:lr_mult=0.1
2026/06/22 06:07:48 - mmengine - INFO - paramwise_options -- img_backbone.layer3.1.conv2.conv_offset.bias:lr=2e-05
2026/06/22 06:07:48 - mmengine - INFO - paramwise_options -- img_backbone.layer3.1.conv2.conv_offset.bias:weight_decay=0.01
2026/06/22 06:07:48 - mmengine - INFO - paramwise_options -- img_backbone.layer3.1.conv2.conv_offset.bias:lr_mult=0.1
2026/06/22 06:07:48 - mmengine - WARNING - img_backbone.layer3.1.bn2.weight is skipped since its requires_grad=False
2026/06/22 06:07:48 - mmengine - WARNING - img_backbone.layer3.1.bn2.bias is skipped since its requires_grad=False
2026/06/22 06:07:48 - mmengine - INFO - paramwise_options -- img_backbone.layer3.1.conv3.weight:lr=2e-05
2026/06/22 06:07:48 - mmengine - INFO - paramwise_options -- img_backbone.layer3.1.conv3.weight:weight_decay=0.01
2026/06/22 06:07:48 - mmengine - INFO - paramwise_options -- img_backbone.layer3.1.conv3.weight:lr_mult=0.1
2026/06/22 06:07:48 - mmengine - WARNING - img_backbone.layer3.1.bn3.weight is skipped since its requires_grad=False
2026/06/22 06:07:48 - mmengine - WARNING - img_backbone.layer3.1.bn3.bias is skipped since its requires_grad=False
2026/06/22 06:07:48 - mmengine - INFO - paramwise_options -- img_backbone.layer3.2.conv1.weight:lr=2e-05
2026/06/22 06:07:48 - mmengine - INFO - paramwise_options -- img_backbone.layer3.2.conv1.weight:weight_decay=0.01
2026/06/22 06:07:48 - mmengine - INFO - paramwise_options -- img_backbone.layer3.2.conv1.weight:lr_mult=0.1
2026/06/22 06:07:48 - mmengine - WARNING - img_backbone.layer3.2.bn1.weight is skipped since its requires_grad=False
2026/06/22 06:07:48 - mmengine - WARNING - img_backbone.layer3.2.bn1.bias is skipped since its requires_grad=False
2026/06/22 06:07:48 - mmengine - INFO - paramwise_options -- img_backbone.layer3.2.conv2.weight:lr=2e-05
2026/06/22 06:07:48 - mmengine - INFO - paramwise_options -- img_backbone.layer3.2.conv2.weight:weight_decay=0.01
2026/06/22 06:07:48 - mmengine - INFO - paramwise_options -- img_backbone.layer3.2.conv2.weight:lr_mult=0.1
2026/06/22 06:07:48 - mmengine - INFO - paramwise_options -- img_backbone.layer3.2.conv2.conv_offset.weight:lr=2e-05
2026/06/22 06:07:48 - mmengine - INFO - paramwise_options -- img_backbone.layer3.2.conv2.conv_offset.weight:weight_decay=0.01
2026/06/22 06:07:48 - mmengine - INFO - paramwise_options -- img_backbone.layer3.2.conv2.conv_offset.weight:lr_mult=0.1
2026/06/22 06:07:48 - mmengine - INFO - paramwise_options -- img_backbone.layer3.2.conv2.conv_offset.bias:lr=2e-05
2026/06/22 06:07:48 - mmengine - INFO - paramwise_options -- img_backbone.layer3.2.conv2.conv_offset.bias:weight_decay=0.01
2026/06/22 06:07:48 - mmengine - INFO - paramwise_options -- img_backbone.layer3.2.conv2.conv_offset.bias:lr_mult=0.1
2026/06/22 06:07:48 - mmengine - WARNING - img_backbone.layer3.2.bn2.weight is skipped since its requires_grad=False
2026/06/22 06:07:48 - mmengine - WARNING - img_backbone.layer3.2.bn2.bias is skipped since its requires_grad=False
2026/06/22 06:07:48 - mmengine - INFO - paramwise_options -- img_backbone.layer3.2.conv3.weight:lr=2e-05
2026/06/22 06:07:48 - mmengine - INFO - paramwise_options -- img_backbone.layer3.2.conv3.weight:weight_decay=0.01
2026/06/22 06:07:48 - mmengine - INFO - paramwise_options -- img_backbone.layer3.2.conv3.weight:lr_mult=0.1
2026/06/22 06:07:48 - mmengine - WARNING - img_backbone.layer3.2.bn3.weight is skipped since its requires_grad=False
2026/06/22 06:07:48 - mmengine - WARNING - img_backbone.layer3.2.bn3.bias is skipped since its requires_grad=False
2026/06/22 06:07:48 - mmengine - INFO - paramwise_options -- img_backbone.layer3.3.conv1.weight:lr=2e-05
2026/06/22 06:07:48 - mmengine - INFO - paramwise_options -- img_backbone.layer3.3.conv1.weight:weight_decay=0.01
2026/06/22 06:07:48 - mmengine - INFO - paramwise_options -- img_backbone.layer3.3.conv1.weight:lr_mult=0.1
2026/06/22 06:07:48 - mmengine - WARNING - img_backbone.layer3.3.bn1.weight is skipped since its requires_grad=False
2026/06/22 06:07:48 - mmengine - WARNING - img_backbone.layer3.3.bn1.bias is skipped since its requires_grad=False
2026/06/22 06:07:48 - mmengine - INFO - paramwise_options -- img_backbone.layer3.3.conv2.weight:lr=2e-05
2026/06/22 06:07:48 - mmengine - INFO - paramwise_options -- img_backbone.layer3.3.conv2.weight:weight_decay=0.01
2026/06/22 06:07:48 - mmengine - INFO - paramwise_options -- img_backbone.layer3.3.conv2.weight:lr_mult=0.1
2026/06/22 06:07:48 - mmengine - INFO - paramwise_options -- img_backbone.layer3.3.conv2.conv_offset.weight:lr=2e-05
2026/06/22 06:07:48 - mmengine - INFO - paramwise_options -- img_backbone.layer3.3.conv2.conv_offset.weight:weight_decay=0.01
2026/06/22 06:07:48 - mmengine - INFO - paramwise_options -- img_backbone.layer3.3.conv2.conv_offset.weight:lr_mult=0.1
2026/06/22 06:07:48 - mmengine - INFO - paramwise_options -- img_backbone.layer3.3.conv2.conv_offset.bias:lr=2e-05
2026/06/22 06:07:48 - mmengine - INFO - paramwise_options -- img_backbone.layer3.3.conv2.conv_offset.bias:weight_decay=0.01
2026/06/22 06:07:48 - mmengine - INFO - paramwise_options -- img_backbone.layer3.3.conv2.conv_offset.bias:lr_mult=0.1
2026/06/22 06:07:48 - mmengine - WARNING - img_backbone.layer3.3.bn2.weight is skipped since its requires_grad=False
2026/06/22 06:07:48 - mmengine - WARNING - img_backbone.layer3.3.bn2.bias is skipped since its requires_grad=False
2026/06/22 06:07:48 - mmengine - INFO - paramwise_options -- img_backbone.layer3.3.conv3.weight:lr=2e-05
2026/06/22 06:07:48 - mmengine - INFO - paramwise_options -- img_backbone.layer3.3.conv3.weight:weight_decay=0.01
2026/06/22 06:07:48 - mmengine - INFO - paramwise_options -- img_backbone.layer3.3.conv3.weight:lr_mult=0.1
2026/06/22 06:07:48 - mmengine - WARNING - img_backbone.layer3.3.bn3.weight is skipped since its requires_grad=False
2026/06/22 06:07:48 - mmengine - WARNING - img_backbone.layer3.3.bn3.bias is skipped since its requires_grad=False
2026/06/22 06:07:48 - mmengine - INFO - paramwise_options -- img_backbone.layer3.4.conv1.weight:lr=2e-05
2026/06/22 06:07:48 - mmengine - INFO - paramwise_options -- img_backbone.layer3.4.conv1.weight:weight_decay=0.01
2026/06/22 06:07:48 - mmengine - INFO - paramwise_options -- img_backbone.layer3.4.conv1.weight:lr_mult=0.1
2026/06/22 06:07:48 - mmengine - WARNING - img_backbone.layer3.4.bn1.weight is skipped since its requires_grad=False
2026/06/22 06:07:48 - mmengine - WARNING - img_backbone.layer3.4.bn1.bias is skipped since its requires_grad=False
2026/06/22 06:07:48 - mmengine - INFO - paramwise_options -- img_backbone.layer3.4.conv2.weight:lr=2e-05
2026/06/22 06:07:48 - mmengine - INFO - paramwise_options -- img_backbone.layer3.4.conv2.weight:weight_decay=0.01
2026/06/22 06:07:48 - mmengine - INFO - paramwise_options -- img_backbone.layer3.4.conv2.weight:lr_mult=0.1
2026/06/22 06:07:48 - mmengine - INFO - paramwise_options -- img_backbone.layer3.4.conv2.conv_offset.weight:lr=2e-05
2026/06/22 06:07:48 - mmengine - INFO - paramwise_options -- img_backbone.layer3.4.conv2.conv_offset.weight:weight_decay=0.01
2026/06/22 06:07:48 - mmengine - INFO - paramwise_options -- img_backbone.layer3.4.conv2.conv_offset.weight:lr_mult=0.1
2026/06/22 06:07:48 - mmengine - INFO - paramwise_options -- img_backbone.layer3.4.conv2.conv_offset.bias:lr=2e-05
2026/06/22 06:07:48 - mmengine - INFO - paramwise_options -- img_backbone.layer3.4.conv2.conv_offset.bias:weight_decay=0.01
2026/06/22 06:07:48 - mmengine - INFO - paramwise_options -- img_backbone.layer3.4.conv2.conv_offset.bias:lr_mult=0.1
2026/06/22 06:07:48 - mmengine - WARNING - img_backbone.layer3.4.bn2.weight is skipped since its requires_grad=False
2026/06/22 06:07:48 - mmengine - WARNING - img_backbone.layer3.4.bn2.bias is skipped since its requires_grad=False
2026/06/22 06:07:48 - mmengine - INFO - paramwise_options -- img_backbone.layer3.4.conv3.weight:lr=2e-05
2026/06/22 06:07:48 - mmengine - INFO - paramwise_options -- img_backbone.layer3.4.conv3.weight:weight_decay=0.01
2026/06/22 06:07:48 - mmengine - INFO - paramwise_options -- img_backbone.layer3.4.conv3.weight:lr_mult=0.1
2026/06/22 06:07:48 - mmengine - WARNING - img_backbone.layer3.4.bn3.weight is skipped since its requires_grad=False
2026/06/22 06:07:48 - mmengine - WARNING - img_backbone.layer3.4.bn3.bias is skipped since its requires_grad=False
2026/06/22 06:07:48 - mmengine - INFO - paramwise_options -- img_backbone.layer3.5.conv1.weight:lr=2e-05
2026/06/22 06:07:48 - mmengine - INFO - paramwise_options -- img_backbone.layer3.5.conv1.weight:weight_decay=0.01
2026/06/22 06:07:48 - mmengine - INFO - paramwise_options -- img_backbone.layer3.5.conv1.weight:lr_mult=0.1
2026/06/22 06:07:48 - mmengine - WARNING - img_backbone.layer3.5.bn1.weight is skipped since its requires_grad=False
2026/06/22 06:07:48 - mmengine - WARNING - img_backbone.layer3.5.bn1.bias is skipped since its requires_grad=False
2026/06/22 06:07:48 - mmengine - INFO - paramwise_options -- img_backbone.layer3.5.conv2.weight:lr=2e-05
2026/06/22 06:07:48 - mmengine - INFO - paramwise_options -- img_backbone.layer3.5.conv2.weight:weight_decay=0.01
2026/06/22 06:07:48 - mmengine - INFO - paramwise_options -- img_backbone.layer3.5.conv2.weight:lr_mult=0.1
2026/06/22 06:07:48 - mmengine - INFO - paramwise_options -- img_backbone.layer3.5.conv2.conv_offset.weight:lr=2e-05
2026/06/22 06:07:48 - mmengine - INFO - paramwise_options -- img_backbone.layer3.5.conv2.conv_offset.weight:weight_decay=0.01
2026/06/22 06:07:48 - mmengine - INFO - paramwise_options -- img_backbone.layer3.5.conv2.conv_offset.weight:lr_mult=0.1
2026/06/22 06:07:48 - mmengine - INFO - paramwise_options -- img_backbone.layer3.5.conv2.conv_offset.bias:lr=2e-05
2026/06/22 06:07:48 - mmengine - INFO - paramwise_options -- img_backbone.layer3.5.conv2.conv_offset.bias:weight_decay=0.01
2026/06/22 06:07:48 - mmengine - INFO - paramwise_options -- img_backbone.layer3.5.conv2.conv_offset.bias:lr_mult=0.1
2026/06/22 06:07:48 - mmengine - WARNING - img_backbone.layer3.5.bn2.weight is skipped since its requires_grad=False
2026/06/22 06:07:48 - mmengine - WARNING - img_backbone.layer3.5.bn2.bias is skipped since its requires_grad=False
2026/06/22 06:07:48 - mmengine - INFO - paramwise_options -- img_backbone.layer3.5.conv3.weight:lr=2e-05
2026/06/22 06:07:48 - mmengine - INFO - paramwise_options -- img_backbone.layer3.5.conv3.weight:weight_decay=0.01
2026/06/22 06:07:48 - mmengine - INFO - paramwise_options -- img_backbone.layer3.5.conv3.weight:lr_mult=0.1
2026/06/22 06:07:48 - mmengine - WARNING - img_backbone.layer3.5.bn3.weight is skipped since its requires_grad=False
2026/06/22 06:07:48 - mmengine - WARNING - img_backbone.layer3.5.bn3.bias is skipped since its requires_grad=False
2026/06/22 06:07:48 - mmengine - INFO - paramwise_options -- img_backbone.layer3.6.conv1.weight:lr=2e-05
2026/06/22 06:07:48 - mmengine - INFO - paramwise_options -- img_backbone.layer3.6.conv1.weight:weight_decay=0.01
2026/06/22 06:07:48 - mmengine - INFO - paramwise_options -- img_backbone.layer3.6.conv1.weight:lr_mult=0.1
2026/06/22 06:07:48 - mmengine - WARNING - img_backbone.layer3.6.bn1.weight is skipped since its requires_grad=False
2026/06/22 06:07:48 - mmengine - WARNING - img_backbone.layer3.6.bn1.bias is skipped since its requires_grad=False
2026/06/22 06:07:48 - mmengine - INFO - paramwise_options -- img_backbone.layer3.6.conv2.weight:lr=2e-05
2026/06/22 06:07:48 - mmengine - INFO - paramwise_options -- img_backbone.layer3.6.conv2.weight:weight_decay=0.01
2026/06/22 06:07:48 - mmengine - INFO - paramwise_options -- img_backbone.layer3.6.conv2.weight:lr_mult=0.1
2026/06/22 06:07:48 - mmengine - INFO - paramwise_options -- img_backbone.layer3.6.conv2.conv_offset.weight:lr=2e-05
2026/06/22 06:07:48 - mmengine - INFO - paramwise_options -- img_backbone.layer3.6.conv2.conv_offset.weight:weight_decay=0.01
2026/06/22 06:07:48 - mmengine - INFO - paramwise_options -- img_backbone.layer3.6.conv2.conv_offset.weight:lr_mult=0.1
2026/06/22 06:07:48 - mmengine - INFO - paramwise_options -- img_backbone.layer3.6.conv2.conv_offset.bias:lr=2e-05
2026/06/22 06:07:48 - mmengine - INFO - paramwise_options -- img_backbone.layer3.6.conv2.conv_offset.bias:weight_decay=0.01
2026/06/22 06:07:48 - mmengine - INFO - paramwise_options -- img_backbone.layer3.6.conv2.conv_offset.bias:lr_mult=0.1
2026/06/22 06:07:48 - mmengine - WARNING - img_backbone.layer3.6.bn2.weight is skipped since its requires_grad=False
2026/06/22 06:07:48 - mmengine - WARNING - img_backbone.layer3.6.bn2.bias is skipped since its requires_grad=False
2026/06/22 06:07:48 - mmengine - INFO - paramwise_options -- img_backbone.layer3.6.conv3.weight:lr=2e-05
2026/06/22 06:07:48 - mmengine - INFO - paramwise_options -- img_backbone.layer3.6.conv3.weight:weight_decay=0.01
2026/06/22 06:07:48 - mmengine - INFO - paramwise_options -- img_backbone.layer3.6.conv3.weight:lr_mult=0.1
2026/06/22 06:07:48 - mmengine - WARNING - img_backbone.layer3.6.bn3.weight is skipped since its requires_grad=False
2026/06/22 06:07:48 - mmengine - WARNING - img_backbone.layer3.6.bn3.bias is skipped since its requires_grad=False
2026/06/22 06:07:48 - mmengine - INFO - paramwise_options -- img_backbone.layer3.7.conv1.weight:lr=2e-05
2026/06/22 06:07:48 - mmengine - INFO - paramwise_options -- img_backbone.layer3.7.conv1.weight:weight_decay=0.01
2026/06/22 06:07:48 - mmengine - INFO - paramwise_options -- img_backbone.layer3.7.conv1.weight:lr_mult=0.1
2026/06/22 06:07:48 - mmengine - WARNING - img_backbone.layer3.7.bn1.weight is skipped since its requires_grad=False
2026/06/22 06:07:48 - mmengine - WARNING - img_backbone.layer3.7.bn1.bias is skipped since its requires_grad=False
2026/06/22 06:07:48 - mmengine - INFO - paramwise_options -- img_backbone.layer3.7.conv2.weight:lr=2e-05
2026/06/22 06:07:48 - mmengine - INFO - paramwise_options -- img_backbone.layer3.7.conv2.weight:weight_decay=0.01
2026/06/22 06:07:48 - mmengine - INFO - paramwise_options -- img_backbone.layer3.7.conv2.weight:lr_mult=0.1
2026/06/22 06:07:48 - mmengine - INFO - paramwise_options -- img_backbone.layer3.7.conv2.conv_offset.weight:lr=2e-05
2026/06/22 06:07:48 - mmengine - INFO - paramwise_options -- img_backbone.layer3.7.conv2.conv_offset.weight:weight_decay=0.01
2026/06/22 06:07:48 - mmengine - INFO - paramwise_options -- img_backbone.layer3.7.conv2.conv_offset.weight:lr_mult=0.1
2026/06/22 06:07:48 - mmengine - INFO - paramwise_options -- img_backbone.layer3.7.conv2.conv_offset.bias:lr=2e-05
2026/06/22 06:07:48 - mmengine - INFO - paramwise_options -- img_backbone.layer3.7.conv2.conv_offset.bias:weight_decay=0.01
2026/06/22 06:07:48 - mmengine - INFO - paramwise_options -- img_backbone.layer3.7.conv2.conv_offset.bias:lr_mult=0.1
2026/06/22 06:07:48 - mmengine - WARNING - img_backbone.layer3.7.bn2.weight is skipped since its requires_grad=False
2026/06/22 06:07:48 - mmengine - WARNING - img_backbone.layer3.7.bn2.bias is skipped since its requires_grad=False
2026/06/22 06:07:48 - mmengine - INFO - paramwise_options -- img_backbone.layer3.7.conv3.weight:lr=2e-05
2026/06/22 06:07:48 - mmengine - INFO - paramwise_options -- img_backbone.layer3.7.conv3.weight:weight_decay=0.01
2026/06/22 06:07:48 - mmengine - INFO - paramwise_options -- img_backbone.layer3.7.conv3.weight:lr_mult=0.1
2026/06/22 06:07:48 - mmengine - WARNING - img_backbone.layer3.7.bn3.weight is skipped since its requires_grad=False
2026/06/22 06:07:48 - mmengine - WARNING - img_backbone.layer3.7.bn3.bias is skipped since its requires_grad=False
2026/06/22 06:07:48 - mmengine - INFO - paramwise_options -- img_backbone.layer3.8.conv1.weight:lr=2e-05
2026/06/22 06:07:48 - mmengine - INFO - paramwise_options -- img_backbone.layer3.8.conv1.weight:weight_decay=0.01
2026/06/22 06:07:48 - mmengine - INFO - paramwise_options -- img_backbone.layer3.8.conv1.weight:lr_mult=0.1
2026/06/22 06:07:48 - mmengine - WARNING - img_backbone.layer3.8.bn1.weight is skipped since its requires_grad=False
2026/06/22 06:07:48 - mmengine - WARNING - img_backbone.layer3.8.bn1.bias is skipped since its requires_grad=False
2026/06/22 06:07:48 - mmengine - INFO - paramwise_options -- img_backbone.layer3.8.conv2.weight:lr=2e-05
2026/06/22 06:07:48 - mmengine - INFO - paramwise_options -- img_backbone.layer3.8.conv2.weight:weight_decay=0.01
2026/06/22 06:07:48 - mmengine - INFO - paramwise_options -- img_backbone.layer3.8.conv2.weight:lr_mult=0.1
2026/06/22 06:07:48 - mmengine - INFO - paramwise_options -- img_backbone.layer3.8.conv2.conv_offset.weight:lr=2e-05
2026/06/22 06:07:48 - mmengine - INFO - paramwise_options -- img_backbone.layer3.8.conv2.conv_offset.weight:weight_decay=0.01
2026/06/22 06:07:48 - mmengine - INFO - paramwise_options -- img_backbone.layer3.8.conv2.conv_offset.weight:lr_mult=0.1
2026/06/22 06:07:48 - mmengine - INFO - paramwise_options -- img_backbone.layer3.8.conv2.conv_offset.bias:lr=2e-05
2026/06/22 06:07:48 - mmengine - INFO - paramwise_options -- img_backbone.layer3.8.conv2.conv_offset.bias:weight_decay=0.01
2026/06/22 06:07:48 - mmengine - INFO - paramwise_options -- img_backbone.layer3.8.conv2.conv_offset.bias:lr_mult=0.1
2026/06/22 06:07:48 - mmengine - WARNING - img_backbone.layer3.8.bn2.weight is skipped since its requires_grad=False
2026/06/22 06:07:48 - mmengine - WARNING - img_backbone.layer3.8.bn2.bias is skipped since its requires_grad=False
2026/06/22 06:07:48 - mmengine - INFO - paramwise_options -- img_backbone.layer3.8.conv3.weight:lr=2e-05
2026/06/22 06:07:48 - mmengine - INFO - paramwise_options -- img_backbone.layer3.8.conv3.weight:weight_decay=0.01
2026/06/22 06:07:48 - mmengine - INFO - paramwise_options -- img_backbone.layer3.8.conv3.weight:lr_mult=0.1
2026/06/22 06:07:48 - mmengine - WARNING - img_backbone.layer3.8.bn3.weight is skipped since its requires_grad=False
2026/06/22 06:07:48 - mmengine - WARNING - img_backbone.layer3.8.bn3.bias is skipped since its requires_grad=False
2026/06/22 06:07:48 - mmengine - INFO - paramwise_options -- img_backbone.layer3.9.conv1.weight:lr=2e-05
2026/06/22 06:07:48 - mmengine - INFO - paramwise_options -- img_backbone.layer3.9.conv1.weight:weight_decay=0.01
2026/06/22 06:07:48 - mmengine - INFO - paramwise_options -- img_backbone.layer3.9.conv1.weight:lr_mult=0.1
2026/06/22 06:07:48 - mmengine - WARNING - img_backbone.layer3.9.bn1.weight is skipped since its requires_grad=False
2026/06/22 06:07:48 - mmengine - WARNING - img_backbone.layer3.9.bn1.bias is skipped since its requires_grad=False
2026/06/22 06:07:48 - mmengine - INFO - paramwise_options -- img_backbone.layer3.9.conv2.weight:lr=2e-05
2026/06/22 06:07:48 - mmengine - INFO - paramwise_options -- img_backbone.layer3.9.conv2.weight:weight_decay=0.01
2026/06/22 06:07:48 - mmengine - INFO - paramwise_options -- img_backbone.layer3.9.conv2.weight:lr_mult=0.1
2026/06/22 06:07:48 - mmengine - INFO - paramwise_options -- img_backbone.layer3.9.conv2.conv_offset.weight:lr=2e-05
2026/06/22 06:07:48 - mmengine - INFO - paramwise_options -- img_backbone.layer3.9.conv2.conv_offset.weight:weight_decay=0.01
2026/06/22 06:07:48 - mmengine - INFO - paramwise_options -- img_backbone.layer3.9.conv2.conv_offset.weight:lr_mult=0.1
2026/06/22 06:07:48 - mmengine - INFO - paramwise_options -- img_backbone.layer3.9.conv2.conv_offset.bias:lr=2e-05
2026/06/22 06:07:48 - mmengine - INFO - paramwise_options -- img_backbone.layer3.9.conv2.conv_offset.bias:weight_decay=0.01
2026/06/22 06:07:48 - mmengine - INFO - paramwise_options -- img_backbone.layer3.9.conv2.conv_offset.bias:lr_mult=0.1
2026/06/22 06:07:48 - mmengine - WARNING - img_backbone.layer3.9.bn2.weight is skipped since its requires_grad=False
2026/06/22 06:07:48 - mmengine - WARNING - img_backbone.layer3.9.bn2.bias is skipped since its requires_grad=False
2026/06/22 06:07:48 - mmengine - INFO - paramwise_options -- img_backbone.layer3.9.conv3.weight:lr=2e-05
2026/06/22 06:07:48 - mmengine - INFO - paramwise_options -- img_backbone.layer3.9.conv3.weight:weight_decay=0.01
2026/06/22 06:07:48 - mmengine - INFO - paramwise_options -- img_backbone.layer3.9.conv3.weight:lr_mult=0.1
2026/06/22 06:07:48 - mmengine - WARNING - img_backbone.layer3.9.bn3.weight is skipped since its requires_grad=False
2026/06/22 06:07:48 - mmengine - WARNING - img_backbone.layer3.9.bn3.bias is skipped since its requires_grad=False
2026/06/22 06:07:48 - mmengine - INFO - paramwise_options -- img_backbone.layer3.10.conv1.weight:lr=2e-05
2026/06/22 06:07:48 - mmengine - INFO - paramwise_options -- img_backbone.layer3.10.conv1.weight:weight_decay=0.01
2026/06/22 06:07:48 - mmengine - INFO - paramwise_options -- img_backbone.layer3.10.conv1.weight:lr_mult=0.1
2026/06/22 06:07:48 - mmengine - WARNING - img_backbone.layer3.10.bn1.weight is skipped since its requires_grad=False
2026/06/22 06:07:48 - mmengine - WARNING - img_backbone.layer3.10.bn1.bias is skipped since its requires_grad=False
2026/06/22 06:07:48 - mmengine - INFO - paramwise_options -- img_backbone.layer3.10.conv2.weight:lr=2e-05
2026/06/22 06:07:48 - mmengine - INFO - paramwise_options -- img_backbone.layer3.10.conv2.weight:weight_decay=0.01
2026/06/22 06:07:48 - mmengine - INFO - paramwise_options -- img_backbone.layer3.10.conv2.weight:lr_mult=0.1
2026/06/22 06:07:48 - mmengine - INFO - paramwise_options -- img_backbone.layer3.10.conv2.conv_offset.weight:lr=2e-05
2026/06/22 06:07:48 - mmengine - INFO - paramwise_options -- img_backbone.layer3.10.conv2.conv_offset.weight:weight_decay=0.01
2026/06/22 06:07:48 - mmengine - INFO - paramwise_options -- img_backbone.layer3.10.conv2.conv_offset.weight:lr_mult=0.1
2026/06/22 06:07:48 - mmengine - INFO - paramwise_options -- img_backbone.layer3.10.conv2.conv_offset.bias:lr=2e-05
2026/06/22 06:07:48 - mmengine - INFO - paramwise_options -- img_backbone.layer3.10.conv2.conv_offset.bias:weight_decay=0.01
2026/06/22 06:07:48 - mmengine - INFO - paramwise_options -- img_backbone.layer3.10.conv2.conv_offset.bias:lr_mult=0.1
2026/06/22 06:07:48 - mmengine - WARNING - img_backbone.layer3.10.bn2.weight is skipped since its requires_grad=False
2026/06/22 06:07:48 - mmengine - WARNING - img_backbone.layer3.10.bn2.bias is skipped since its requires_grad=False
2026/06/22 06:07:48 - mmengine - INFO - paramwise_options -- img_backbone.layer3.10.conv3.weight:lr=2e-05
2026/06/22 06:07:48 - mmengine - INFO - paramwise_options -- img_backbone.layer3.10.conv3.weight:weight_decay=0.01
2026/06/22 06:07:48 - mmengine - INFO - paramwise_options -- img_backbone.layer3.10.conv3.weight:lr_mult=0.1
2026/06/22 06:07:48 - mmengine - WARNING - img_backbone.layer3.10.bn3.weight is skipped since its requires_grad=False
2026/06/22 06:07:48 - mmengine - WARNING - img_backbone.layer3.10.bn3.bias is skipped since its requires_grad=False
2026/06/22 06:07:48 - mmengine - INFO - paramwise_options -- img_backbone.layer3.11.conv1.weight:lr=2e-05
2026/06/22 06:07:48 - mmengine - INFO - paramwise_options -- img_backbone.layer3.11.conv1.weight:weight_decay=0.01
2026/06/22 06:07:48 - mmengine - INFO - paramwise_options -- img_backbone.layer3.11.conv1.weight:lr_mult=0.1
2026/06/22 06:07:48 - mmengine - WARNING - img_backbone.layer3.11.bn1.weight is skipped since its requires_grad=False
2026/06/22 06:07:48 - mmengine - WARNING - img_backbone.layer3.11.bn1.bias is skipped since its requires_grad=False
2026/06/22 06:07:48 - mmengine - INFO - paramwise_options -- img_backbone.layer3.11.conv2.weight:lr=2e-05
2026/06/22 06:07:48 - mmengine - INFO - paramwise_options -- img_backbone.layer3.11.conv2.weight:weight_decay=0.01
2026/06/22 06:07:48 - mmengine - INFO - paramwise_options -- img_backbone.layer3.11.conv2.weight:lr_mult=0.1
2026/06/22 06:07:48 - mmengine - INFO - paramwise_options -- img_backbone.layer3.11.conv2.conv_offset.weight:lr=2e-05
2026/06/22 06:07:48 - mmengine - INFO - paramwise_options -- img_backbone.layer3.11.conv2.conv_offset.weight:weight_decay=0.01
2026/06/22 06:07:48 - mmengine - INFO - paramwise_options -- img_backbone.layer3.11.conv2.conv_offset.weight:lr_mult=0.1
2026/06/22 06:07:48 - mmengine - INFO - paramwise_options -- img_backbone.layer3.11.conv2.conv_offset.bias:lr=2e-05
2026/06/22 06:07:48 - mmengine - INFO - paramwise_options -- img_backbone.layer3.11.conv2.conv_offset.bias:weight_decay=0.01
2026/06/22 06:07:48 - mmengine - INFO - paramwise_options -- img_backbone.layer3.11.conv2.conv_offset.bias:lr_mult=0.1
2026/06/22 06:07:48 - mmengine - WARNING - img_backbone.layer3.11.bn2.weight is skipped since its requires_grad=False
2026/06/22 06:07:48 - mmengine - WARNING - img_backbone.layer3.11.bn2.bias is skipped since its requires_grad=False
2026/06/22 06:07:48 - mmengine - INFO - paramwise_options -- img_backbone.layer3.11.conv3.weight:lr=2e-05
2026/06/22 06:07:48 - mmengine - INFO - paramwise_options -- img_backbone.layer3.11.conv3.weight:weight_decay=0.01
2026/06/22 06:07:48 - mmengine - INFO - paramwise_options -- img_backbone.layer3.11.conv3.weight:lr_mult=0.1
2026/06/22 06:07:48 - mmengine - WARNING - img_backbone.layer3.11.bn3.weight is skipped since its requires_grad=False
2026/06/22 06:07:48 - mmengine - WARNING - img_backbone.layer3.11.bn3.bias is skipped since its requires_grad=False
2026/06/22 06:07:48 - mmengine - INFO - paramwise_options -- img_backbone.layer3.12.conv1.weight:lr=2e-05
2026/06/22 06:07:48 - mmengine - INFO - paramwise_options -- img_backbone.layer3.12.conv1.weight:weight_decay=0.01
2026/06/22 06:07:48 - mmengine - INFO - paramwise_options -- img_backbone.layer3.12.conv1.weight:lr_mult=0.1
2026/06/22 06:07:48 - mmengine - WARNING - img_backbone.layer3.12.bn1.weight is skipped since its requires_grad=False
2026/06/22 06:07:48 - mmengine - WARNING - img_backbone.layer3.12.bn1.bias is skipped since its requires_grad=False
2026/06/22 06:07:48 - mmengine - INFO - paramwise_options -- img_backbone.layer3.12.conv2.weight:lr=2e-05
2026/06/22 06:07:48 - mmengine - INFO - paramwise_options -- img_backbone.layer3.12.conv2.weight:weight_decay=0.01
2026/06/22 06:07:48 - mmengine - INFO - paramwise_options -- img_backbone.layer3.12.conv2.weight:lr_mult=0.1
2026/06/22 06:07:48 - mmengine - INFO - paramwise_options -- img_backbone.layer3.12.conv2.conv_offset.weight:lr=2e-05
2026/06/22 06:07:48 - mmengine - INFO - paramwise_options -- img_backbone.layer3.12.conv2.conv_offset.weight:weight_decay=0.01
2026/06/22 06:07:48 - mmengine - INFO - paramwise_options -- img_backbone.layer3.12.conv2.conv_offset.weight:lr_mult=0.1
2026/06/22 06:07:48 - mmengine - INFO - paramwise_options -- img_backbone.layer3.12.conv2.conv_offset.bias:lr=2e-05
2026/06/22 06:07:48 - mmengine - INFO - paramwise_options -- img_backbone.layer3.12.conv2.conv_offset.bias:weight_decay=0.01
2026/06/22 06:07:48 - mmengine - INFO - paramwise_options -- img_backbone.layer3.12.conv2.conv_offset.bias:lr_mult=0.1
2026/06/22 06:07:48 - mmengine - WARNING - img_backbone.layer3.12.bn2.weight is skipped since its requires_grad=False
2026/06/22 06:07:48 - mmengine - WARNING - img_backbone.layer3.12.bn2.bias is skipped since its requires_grad=False
2026/06/22 06:07:48 - mmengine - INFO - paramwise_options -- img_backbone.layer3.12.conv3.weight:lr=2e-05
2026/06/22 06:07:48 - mmengine - INFO - paramwise_options -- img_backbone.layer3.12.conv3.weight:weight_decay=0.01
2026/06/22 06:07:48 - mmengine - INFO - paramwise_options -- img_backbone.layer3.12.conv3.weight:lr_mult=0.1
2026/06/22 06:07:48 - mmengine - WARNING - img_backbone.layer3.12.bn3.weight is skipped since its requires_grad=False
2026/06/22 06:07:48 - mmengine - WARNING - img_backbone.layer3.12.bn3.bias is skipped since its requires_grad=False
2026/06/22 06:07:48 - mmengine - INFO - paramwise_options -- img_backbone.layer3.13.conv1.weight:lr=2e-05
2026/06/22 06:07:48 - mmengine - INFO - paramwise_options -- img_backbone.layer3.13.conv1.weight:weight_decay=0.01
2026/06/22 06:07:48 - mmengine - INFO - paramwise_options -- img_backbone.layer3.13.conv1.weight:lr_mult=0.1
2026/06/22 06:07:48 - mmengine - WARNING - img_backbone.layer3.13.bn1.weight is skipped since its requires_grad=False
2026/06/22 06:07:48 - mmengine - WARNING - img_backbone.layer3.13.bn1.bias is skipped since its requires_grad=False
2026/06/22 06:07:48 - mmengine - INFO - paramwise_options -- img_backbone.layer3.13.conv2.weight:lr=2e-05
2026/06/22 06:07:48 - mmengine - INFO - paramwise_options -- img_backbone.layer3.13.conv2.weight:weight_decay=0.01
2026/06/22 06:07:48 - mmengine - INFO - paramwise_options -- img_backbone.layer3.13.conv2.weight:lr_mult=0.1
2026/06/22 06:07:48 - mmengine - INFO - paramwise_options -- img_backbone.layer3.13.conv2.conv_offset.weight:lr=2e-05
2026/06/22 06:07:48 - mmengine - INFO - paramwise_options -- img_backbone.layer3.13.conv2.conv_offset.weight:weight_decay=0.01
2026/06/22 06:07:48 - mmengine - INFO - paramwise_options -- img_backbone.layer3.13.conv2.conv_offset.weight:lr_mult=0.1
2026/06/22 06:07:48 - mmengine - INFO - paramwise_options -- img_backbone.layer3.13.conv2.conv_offset.bias:lr=2e-05
2026/06/22 06:07:48 - mmengine - INFO - paramwise_options -- img_backbone.layer3.13.conv2.conv_offset.bias:weight_decay=0.01
2026/06/22 06:07:48 - mmengine - INFO - paramwise_options -- img_backbone.layer3.13.conv2.conv_offset.bias:lr_mult=0.1
2026/06/22 06:07:48 - mmengine - WARNING - img_backbone.layer3.13.bn2.weight is skipped since its requires_grad=False
2026/06/22 06:07:48 - mmengine - WARNING - img_backbone.layer3.13.bn2.bias is skipped since its requires_grad=False
2026/06/22 06:07:48 - mmengine - INFO - paramwise_options -- img_backbone.layer3.13.conv3.weight:lr=2e-05
2026/06/22 06:07:48 - mmengine - INFO - paramwise_options -- img_backbone.layer3.13.conv3.weight:weight_decay=0.01
2026/06/22 06:07:48 - mmengine - INFO - paramwise_options -- img_backbone.layer3.13.conv3.weight:lr_mult=0.1
2026/06/22 06:07:48 - mmengine - WARNING - img_backbone.layer3.13.bn3.weight is skipped since its requires_grad=False
2026/06/22 06:07:48 - mmengine - WARNING - img_backbone.layer3.13.bn3.bias is skipped since its requires_grad=False
2026/06/22 06:07:48 - mmengine - INFO - paramwise_options -- img_backbone.layer3.14.conv1.weight:lr=2e-05
2026/06/22 06:07:48 - mmengine - INFO - paramwise_options -- img_backbone.layer3.14.conv1.weight:weight_decay=0.01
2026/06/22 06:07:48 - mmengine - INFO - paramwise_options -- img_backbone.layer3.14.conv1.weight:lr_mult=0.1
2026/06/22 06:07:48 - mmengine - WARNING - img_backbone.layer3.14.bn1.weight is skipped since its requires_grad=False
2026/06/22 06:07:48 - mmengine - WARNING - img_backbone.layer3.14.bn1.bias is skipped since its requires_grad=False
2026/06/22 06:07:48 - mmengine - INFO - paramwise_options -- img_backbone.layer3.14.conv2.weight:lr=2e-05
2026/06/22 06:07:48 - mmengine - INFO - paramwise_options -- img_backbone.layer3.14.conv2.weight:weight_decay=0.01
2026/06/22 06:07:48 - mmengine - INFO - paramwise_options -- img_backbone.layer3.14.conv2.weight:lr_mult=0.1
2026/06/22 06:07:48 - mmengine - INFO - paramwise_options -- img_backbone.layer3.14.conv2.conv_offset.weight:lr=2e-05
2026/06/22 06:07:48 - mmengine - INFO - paramwise_options -- img_backbone.layer3.14.conv2.conv_offset.weight:weight_decay=0.01
2026/06/22 06:07:48 - mmengine - INFO - paramwise_options -- img_backbone.layer3.14.conv2.conv_offset.weight:lr_mult=0.1
2026/06/22 06:07:48 - mmengine - INFO - paramwise_options -- img_backbone.layer3.14.conv2.conv_offset.bias:lr=2e-05
2026/06/22 06:07:48 - mmengine - INFO - paramwise_options -- img_backbone.layer3.14.conv2.conv_offset.bias:weight_decay=0.01
2026/06/22 06:07:48 - mmengine - INFO - paramwise_options -- img_backbone.layer3.14.conv2.conv_offset.bias:lr_mult=0.1
2026/06/22 06:07:48 - mmengine - WARNING - img_backbone.layer3.14.bn2.weight is skipped since its requires_grad=False
2026/06/22 06:07:48 - mmengine - WARNING - img_backbone.layer3.14.bn2.bias is skipped since its requires_grad=False
2026/06/22 06:07:48 - mmengine - INFO - paramwise_options -- img_backbone.layer3.14.conv3.weight:lr=2e-05
2026/06/22 06:07:48 - mmengine - INFO - paramwise_options -- img_backbone.layer3.14.conv3.weight:weight_decay=0.01
2026/06/22 06:07:48 - mmengine - INFO - paramwise_options -- img_backbone.layer3.14.conv3.weight:lr_mult=0.1
2026/06/22 06:07:48 - mmengine - WARNING - img_backbone.layer3.14.bn3.weight is skipped since its requires_grad=False
2026/06/22 06:07:48 - mmengine - WARNING - img_backbone.layer3.14.bn3.bias is skipped since its requires_grad=False
2026/06/22 06:07:48 - mmengine - INFO - paramwise_options -- img_backbone.layer3.15.conv1.weight:lr=2e-05
2026/06/22 06:07:48 - mmengine - INFO - paramwise_options -- img_backbone.layer3.15.conv1.weight:weight_decay=0.01
2026/06/22 06:07:48 - mmengine - INFO - paramwise_options -- img_backbone.layer3.15.conv1.weight:lr_mult=0.1
2026/06/22 06:07:48 - mmengine - WARNING - img_backbone.layer3.15.bn1.weight is skipped since its requires_grad=False
2026/06/22 06:07:48 - mmengine - WARNING - img_backbone.layer3.15.bn1.bias is skipped since its requires_grad=False
2026/06/22 06:07:48 - mmengine - INFO - paramwise_options -- img_backbone.layer3.15.conv2.weight:lr=2e-05
2026/06/22 06:07:48 - mmengine - INFO - paramwise_options -- img_backbone.layer3.15.conv2.weight:weight_decay=0.01
2026/06/22 06:07:48 - mmengine - INFO - paramwise_options -- img_backbone.layer3.15.conv2.weight:lr_mult=0.1
2026/06/22 06:07:48 - mmengine - INFO - paramwise_options -- img_backbone.layer3.15.conv2.conv_offset.weight:lr=2e-05
2026/06/22 06:07:48 - mmengine - INFO - paramwise_options -- img_backbone.layer3.15.conv2.conv_offset.weight:weight_decay=0.01
2026/06/22 06:07:48 - mmengine - INFO - paramwise_options -- img_backbone.layer3.15.conv2.conv_offset.weight:lr_mult=0.1
2026/06/22 06:07:48 - mmengine - INFO - paramwise_options -- img_backbone.layer3.15.conv2.conv_offset.bias:lr=2e-05
2026/06/22 06:07:48 - mmengine - INFO - paramwise_options -- img_backbone.layer3.15.conv2.conv_offset.bias:weight_decay=0.01
2026/06/22 06:07:48 - mmengine - INFO - paramwise_options -- img_backbone.layer3.15.conv2.conv_offset.bias:lr_mult=0.1
2026/06/22 06:07:48 - mmengine - WARNING - img_backbone.layer3.15.bn2.weight is skipped since its requires_grad=False
2026/06/22 06:07:48 - mmengine - WARNING - img_backbone.layer3.15.bn2.bias is skipped since its requires_grad=False
2026/06/22 06:07:48 - mmengine - INFO - paramwise_options -- img_backbone.layer3.15.conv3.weight:lr=2e-05
2026/06/22 06:07:48 - mmengine - INFO - paramwise_options -- img_backbone.layer3.15.conv3.weight:weight_decay=0.01
2026/06/22 06:07:48 - mmengine - INFO - paramwise_options -- img_backbone.layer3.15.conv3.weight:lr_mult=0.1
2026/06/22 06:07:48 - mmengine - WARNING - img_backbone.layer3.15.bn3.weight is skipped since its requires_grad=False
2026/06/22 06:07:48 - mmengine - WARNING - img_backbone.layer3.15.bn3.bias is skipped since its requires_grad=False
2026/06/22 06:07:48 - mmengine - INFO - paramwise_options -- img_backbone.layer3.16.conv1.weight:lr=2e-05
2026/06/22 06:07:48 - mmengine - INFO - paramwise_options -- img_backbone.layer3.16.conv1.weight:weight_decay=0.01
2026/06/22 06:07:48 - mmengine - INFO - paramwise_options -- img_backbone.layer3.16.conv1.weight:lr_mult=0.1
2026/06/22 06:07:48 - mmengine - WARNING - img_backbone.layer3.16.bn1.weight is skipped since its requires_grad=False
2026/06/22 06:07:48 - mmengine - WARNING - img_backbone.layer3.16.bn1.bias is skipped since its requires_grad=False
2026/06/22 06:07:48 - mmengine - INFO - paramwise_options -- img_backbone.layer3.16.conv2.weight:lr=2e-05
2026/06/22 06:07:48 - mmengine - INFO - paramwise_options -- img_backbone.layer3.16.conv2.weight:weight_decay=0.01
2026/06/22 06:07:48 - mmengine - INFO - paramwise_options -- img_backbone.layer3.16.conv2.weight:lr_mult=0.1
2026/06/22 06:07:48 - mmengine - INFO - paramwise_options -- img_backbone.layer3.16.conv2.conv_offset.weight:lr=2e-05
2026/06/22 06:07:48 - mmengine - INFO - paramwise_options -- img_backbone.layer3.16.conv2.conv_offset.weight:weight_decay=0.01
2026/06/22 06:07:48 - mmengine - INFO - paramwise_options -- img_backbone.layer3.16.conv2.conv_offset.weight:lr_mult=0.1
2026/06/22 06:07:48 - mmengine - INFO - paramwise_options -- img_backbone.layer3.16.conv2.conv_offset.bias:lr=2e-05
2026/06/22 06:07:48 - mmengine - INFO - paramwise_options -- img_backbone.layer3.16.conv2.conv_offset.bias:weight_decay=0.01
2026/06/22 06:07:48 - mmengine - INFO - paramwise_options -- img_backbone.layer3.16.conv2.conv_offset.bias:lr_mult=0.1
2026/06/22 06:07:48 - mmengine - WARNING - img_backbone.layer3.16.bn2.weight is skipped since its requires_grad=False
2026/06/22 06:07:48 - mmengine - WARNING - img_backbone.layer3.16.bn2.bias is skipped since its requires_grad=False
2026/06/22 06:07:48 - mmengine - INFO - paramwise_options -- img_backbone.layer3.16.conv3.weight:lr=2e-05
2026/06/22 06:07:48 - mmengine - INFO - paramwise_options -- img_backbone.layer3.16.conv3.weight:weight_decay=0.01
2026/06/22 06:07:48 - mmengine - INFO - paramwise_options -- img_backbone.layer3.16.conv3.weight:lr_mult=0.1
2026/06/22 06:07:48 - mmengine - WARNING - img_backbone.layer3.16.bn3.weight is skipped since its requires_grad=False
2026/06/22 06:07:48 - mmengine - WARNING - img_backbone.layer3.16.bn3.bias is skipped since its requires_grad=False
2026/06/22 06:07:48 - mmengine - INFO - paramwise_options -- img_backbone.layer3.17.conv1.weight:lr=2e-05
2026/06/22 06:07:48 - mmengine - INFO - paramwise_options -- img_backbone.layer3.17.conv1.weight:weight_decay=0.01
2026/06/22 06:07:48 - mmengine - INFO - paramwise_options -- img_backbone.layer3.17.conv1.weight:lr_mult=0.1
2026/06/22 06:07:48 - mmengine - WARNING - img_backbone.layer3.17.bn1.weight is skipped since its requires_grad=False
2026/06/22 06:07:48 - mmengine - WARNING - img_backbone.layer3.17.bn1.bias is skipped since its requires_grad=False
2026/06/22 06:07:48 - mmengine - INFO - paramwise_options -- img_backbone.layer3.17.conv2.weight:lr=2e-05
2026/06/22 06:07:48 - mmengine - INFO - paramwise_options -- img_backbone.layer3.17.conv2.weight:weight_decay=0.01
2026/06/22 06:07:48 - mmengine - INFO - paramwise_options -- img_backbone.layer3.17.conv2.weight:lr_mult=0.1
2026/06/22 06:07:48 - mmengine - INFO - paramwise_options -- img_backbone.layer3.17.conv2.conv_offset.weight:lr=2e-05
2026/06/22 06:07:48 - mmengine - INFO - paramwise_options -- img_backbone.layer3.17.conv2.conv_offset.weight:weight_decay=0.01
2026/06/22 06:07:48 - mmengine - INFO - paramwise_options -- img_backbone.layer3.17.conv2.conv_offset.weight:lr_mult=0.1
2026/06/22 06:07:48 - mmengine - INFO - paramwise_options -- img_backbone.layer3.17.conv2.conv_offset.bias:lr=2e-05
2026/06/22 06:07:48 - mmengine - INFO - paramwise_options -- img_backbone.layer3.17.conv2.conv_offset.bias:weight_decay=0.01
2026/06/22 06:07:48 - mmengine - INFO - paramwise_options -- img_backbone.layer3.17.conv2.conv_offset.bias:lr_mult=0.1
2026/06/22 06:07:48 - mmengine - WARNING - img_backbone.layer3.17.bn2.weight is skipped since its requires_grad=False
2026/06/22 06:07:48 - mmengine - WARNING - img_backbone.layer3.17.bn2.bias is skipped since its requires_grad=False
2026/06/22 06:07:48 - mmengine - INFO - paramwise_options -- img_backbone.layer3.17.conv3.weight:lr=2e-05
2026/06/22 06:07:48 - mmengine - INFO - paramwise_options -- img_backbone.layer3.17.conv3.weight:weight_decay=0.01
2026/06/22 06:07:48 - mmengine - INFO - paramwise_options -- img_backbone.layer3.17.conv3.weight:lr_mult=0.1
2026/06/22 06:07:48 - mmengine - WARNING - img_backbone.layer3.17.bn3.weight is skipped since its requires_grad=False
2026/06/22 06:07:48 - mmengine - WARNING - img_backbone.layer3.17.bn3.bias is skipped since its requires_grad=False
2026/06/22 06:07:48 - mmengine - INFO - paramwise_options -- img_backbone.layer3.18.conv1.weight:lr=2e-05
2026/06/22 06:07:48 - mmengine - INFO - paramwise_options -- img_backbone.layer3.18.conv1.weight:weight_decay=0.01
2026/06/22 06:07:48 - mmengine - INFO - paramwise_options -- img_backbone.layer3.18.conv1.weight:lr_mult=0.1
2026/06/22 06:07:48 - mmengine - WARNING - img_backbone.layer3.18.bn1.weight is skipped since its requires_grad=False
2026/06/22 06:07:48 - mmengine - WARNING - img_backbone.layer3.18.bn1.bias is skipped since its requires_grad=False
2026/06/22 06:07:48 - mmengine - INFO - paramwise_options -- img_backbone.layer3.18.conv2.weight:lr=2e-05
2026/06/22 06:07:48 - mmengine - INFO - paramwise_options -- img_backbone.layer3.18.conv2.weight:weight_decay=0.01
2026/06/22 06:07:48 - mmengine - INFO - paramwise_options -- img_backbone.layer3.18.conv2.weight:lr_mult=0.1
2026/06/22 06:07:48 - mmengine - INFO - paramwise_options -- img_backbone.layer3.18.conv2.conv_offset.weight:lr=2e-05
2026/06/22 06:07:48 - mmengine - INFO - paramwise_options -- img_backbone.layer3.18.conv2.conv_offset.weight:weight_decay=0.01
2026/06/22 06:07:48 - mmengine - INFO - paramwise_options -- img_backbone.layer3.18.conv2.conv_offset.weight:lr_mult=0.1
2026/06/22 06:07:48 - mmengine - INFO - paramwise_options -- img_backbone.layer3.18.conv2.conv_offset.bias:lr=2e-05
2026/06/22 06:07:48 - mmengine - INFO - paramwise_options -- img_backbone.layer3.18.conv2.conv_offset.bias:weight_decay=0.01
2026/06/22 06:07:48 - mmengine - INFO - paramwise_options -- img_backbone.layer3.18.conv2.conv_offset.bias:lr_mult=0.1
2026/06/22 06:07:48 - mmengine - WARNING - img_backbone.layer3.18.bn2.weight is skipped since its requires_grad=False
2026/06/22 06:07:48 - mmengine - WARNING - img_backbone.layer3.18.bn2.bias is skipped since its requires_grad=False
2026/06/22 06:07:48 - mmengine - INFO - paramwise_options -- img_backbone.layer3.18.conv3.weight:lr=2e-05
2026/06/22 06:07:48 - mmengine - INFO - paramwise_options -- img_backbone.layer3.18.conv3.weight:weight_decay=0.01
2026/06/22 06:07:48 - mmengine - INFO - paramwise_options -- img_backbone.layer3.18.conv3.weight:lr_mult=0.1
2026/06/22 06:07:48 - mmengine - WARNING - img_backbone.layer3.18.bn3.weight is skipped since its requires_grad=False
2026/06/22 06:07:48 - mmengine - WARNING - img_backbone.layer3.18.bn3.bias is skipped since its requires_grad=False
2026/06/22 06:07:48 - mmengine - INFO - paramwise_options -- img_backbone.layer3.19.conv1.weight:lr=2e-05
2026/06/22 06:07:48 - mmengine - INFO - paramwise_options -- img_backbone.layer3.19.conv1.weight:weight_decay=0.01
2026/06/22 06:07:48 - mmengine - INFO - paramwise_options -- img_backbone.layer3.19.conv1.weight:lr_mult=0.1
2026/06/22 06:07:48 - mmengine - WARNING - img_backbone.layer3.19.bn1.weight is skipped since its requires_grad=False
2026/06/22 06:07:48 - mmengine - WARNING - img_backbone.layer3.19.bn1.bias is skipped since its requires_grad=False
2026/06/22 06:07:48 - mmengine - INFO - paramwise_options -- img_backbone.layer3.19.conv2.weight:lr=2e-05
2026/06/22 06:07:48 - mmengine - INFO - paramwise_options -- img_backbone.layer3.19.conv2.weight:weight_decay=0.01
2026/06/22 06:07:48 - mmengine - INFO - paramwise_options -- img_backbone.layer3.19.conv2.weight:lr_mult=0.1
2026/06/22 06:07:48 - mmengine - INFO - paramwise_options -- img_backbone.layer3.19.conv2.conv_offset.weight:lr=2e-05
2026/06/22 06:07:48 - mmengine - INFO - paramwise_options -- img_backbone.layer3.19.conv2.conv_offset.weight:weight_decay=0.01
2026/06/22 06:07:48 - mmengine - INFO - paramwise_options -- img_backbone.layer3.19.conv2.conv_offset.weight:lr_mult=0.1
2026/06/22 06:07:48 - mmengine - INFO - paramwise_options -- img_backbone.layer3.19.conv2.conv_offset.bias:lr=2e-05
2026/06/22 06:07:48 - mmengine - INFO - paramwise_options -- img_backbone.layer3.19.conv2.conv_offset.bias:weight_decay=0.01
2026/06/22 06:07:48 - mmengine - INFO - paramwise_options -- img_backbone.layer3.19.conv2.conv_offset.bias:lr_mult=0.1
2026/06/22 06:07:48 - mmengine - WARNING - img_backbone.layer3.19.bn2.weight is skipped since its requires_grad=False
2026/06/22 06:07:48 - mmengine - WARNING - img_backbone.layer3.19.bn2.bias is skipped since its requires_grad=False
2026/06/22 06:07:48 - mmengine - INFO - paramwise_options -- img_backbone.layer3.19.conv3.weight:lr=2e-05
2026/06/22 06:07:48 - mmengine - INFO - paramwise_options -- img_backbone.layer3.19.conv3.weight:weight_decay=0.01
2026/06/22 06:07:48 - mmengine - INFO - paramwise_options -- img_backbone.layer3.19.conv3.weight:lr_mult=0.1
2026/06/22 06:07:48 - mmengine - WARNING - img_backbone.layer3.19.bn3.weight is skipped since its requires_grad=False
2026/06/22 06:07:48 - mmengine - WARNING - img_backbone.layer3.19.bn3.bias is skipped since its requires_grad=False
2026/06/22 06:07:48 - mmengine - INFO - paramwise_options -- img_backbone.layer3.20.conv1.weight:lr=2e-05
2026/06/22 06:07:48 - mmengine - INFO - paramwise_options -- img_backbone.layer3.20.conv1.weight:weight_decay=0.01
2026/06/22 06:07:48 - mmengine - INFO - paramwise_options -- img_backbone.layer3.20.conv1.weight:lr_mult=0.1
2026/06/22 06:07:48 - mmengine - WARNING - img_backbone.layer3.20.bn1.weight is skipped since its requires_grad=False
2026/06/22 06:07:48 - mmengine - WARNING - img_backbone.layer3.20.bn1.bias is skipped since its requires_grad=False
2026/06/22 06:07:48 - mmengine - INFO - paramwise_options -- img_backbone.layer3.20.conv2.weight:lr=2e-05
2026/06/22 06:07:48 - mmengine - INFO - paramwise_options -- img_backbone.layer3.20.conv2.weight:weight_decay=0.01
2026/06/22 06:07:48 - mmengine - INFO - paramwise_options -- img_backbone.layer3.20.conv2.weight:lr_mult=0.1
2026/06/22 06:07:48 - mmengine - INFO - paramwise_options -- img_backbone.layer3.20.conv2.conv_offset.weight:lr=2e-05
2026/06/22 06:07:48 - mmengine - INFO - paramwise_options -- img_backbone.layer3.20.conv2.conv_offset.weight:weight_decay=0.01
2026/06/22 06:07:48 - mmengine - INFO - paramwise_options -- img_backbone.layer3.20.conv2.conv_offset.weight:lr_mult=0.1
2026/06/22 06:07:48 - mmengine - INFO - paramwise_options -- img_backbone.layer3.20.conv2.conv_offset.bias:lr=2e-05
2026/06/22 06:07:48 - mmengine - INFO - paramwise_options -- img_backbone.layer3.20.conv2.conv_offset.bias:weight_decay=0.01
2026/06/22 06:07:48 - mmengine - INFO - paramwise_options -- img_backbone.layer3.20.conv2.conv_offset.bias:lr_mult=0.1
2026/06/22 06:07:48 - mmengine - WARNING - img_backbone.layer3.20.bn2.weight is skipped since its requires_grad=False
2026/06/22 06:07:48 - mmengine - WARNING - img_backbone.layer3.20.bn2.bias is skipped since its requires_grad=False
2026/06/22 06:07:48 - mmengine - INFO - paramwise_options -- img_backbone.layer3.20.conv3.weight:lr=2e-05
2026/06/22 06:07:48 - mmengine - INFO - paramwise_options -- img_backbone.layer3.20.conv3.weight:weight_decay=0.01
2026/06/22 06:07:48 - mmengine - INFO - paramwise_options -- img_backbone.layer3.20.conv3.weight:lr_mult=0.1
2026/06/22 06:07:48 - mmengine - WARNING - img_backbone.layer3.20.bn3.weight is skipped since its requires_grad=False
2026/06/22 06:07:48 - mmengine - WARNING - img_backbone.layer3.20.bn3.bias is skipped since its requires_grad=False
2026/06/22 06:07:48 - mmengine - INFO - paramwise_options -- img_backbone.layer3.21.conv1.weight:lr=2e-05
2026/06/22 06:07:48 - mmengine - INFO - paramwise_options -- img_backbone.layer3.21.conv1.weight:weight_decay=0.01
2026/06/22 06:07:48 - mmengine - INFO - paramwise_options -- img_backbone.layer3.21.conv1.weight:lr_mult=0.1
2026/06/22 06:07:48 - mmengine - WARNING - img_backbone.layer3.21.bn1.weight is skipped since its requires_grad=False
2026/06/22 06:07:48 - mmengine - WARNING - img_backbone.layer3.21.bn1.bias is skipped since its requires_grad=False
2026/06/22 06:07:48 - mmengine - INFO - paramwise_options -- img_backbone.layer3.21.conv2.weight:lr=2e-05
2026/06/22 06:07:48 - mmengine - INFO - paramwise_options -- img_backbone.layer3.21.conv2.weight:weight_decay=0.01
2026/06/22 06:07:48 - mmengine - INFO - paramwise_options -- img_backbone.layer3.21.conv2.weight:lr_mult=0.1
2026/06/22 06:07:48 - mmengine - INFO - paramwise_options -- img_backbone.layer3.21.conv2.conv_offset.weight:lr=2e-05
2026/06/22 06:07:48 - mmengine - INFO - paramwise_options -- img_backbone.layer3.21.conv2.conv_offset.weight:weight_decay=0.01
2026/06/22 06:07:48 - mmengine - INFO - paramwise_options -- img_backbone.layer3.21.conv2.conv_offset.weight:lr_mult=0.1
2026/06/22 06:07:48 - mmengine - INFO - paramwise_options -- img_backbone.layer3.21.conv2.conv_offset.bias:lr=2e-05
2026/06/22 06:07:48 - mmengine - INFO - paramwise_options -- img_backbone.layer3.21.conv2.conv_offset.bias:weight_decay=0.01
2026/06/22 06:07:48 - mmengine - INFO - paramwise_options -- img_backbone.layer3.21.conv2.conv_offset.bias:lr_mult=0.1
2026/06/22 06:07:48 - mmengine - WARNING - img_backbone.layer3.21.bn2.weight is skipped since its requires_grad=False
2026/06/22 06:07:48 - mmengine - WARNING - img_backbone.layer3.21.bn2.bias is skipped since its requires_grad=False
2026/06/22 06:07:48 - mmengine - INFO - paramwise_options -- img_backbone.layer3.21.conv3.weight:lr=2e-05
2026/06/22 06:07:48 - mmengine - INFO - paramwise_options -- img_backbone.layer3.21.conv3.weight:weight_decay=0.01
2026/06/22 06:07:48 - mmengine - INFO - paramwise_options -- img_backbone.layer3.21.conv3.weight:lr_mult=0.1
2026/06/22 06:07:48 - mmengine - WARNING - img_backbone.layer3.21.bn3.weight is skipped since its requires_grad=False
2026/06/22 06:07:48 - mmengine - WARNING - img_backbone.layer3.21.bn3.bias is skipped since its requires_grad=False
2026/06/22 06:07:48 - mmengine - INFO - paramwise_options -- img_backbone.layer3.22.conv1.weight:lr=2e-05
2026/06/22 06:07:48 - mmengine - INFO - paramwise_options -- img_backbone.layer3.22.conv1.weight:weight_decay=0.01
2026/06/22 06:07:48 - mmengine - INFO - paramwise_options -- img_backbone.layer3.22.conv1.weight:lr_mult=0.1
2026/06/22 06:07:48 - mmengine - WARNING - img_backbone.layer3.22.bn1.weight is skipped since its requires_grad=False
2026/06/22 06:07:48 - mmengine - WARNING - img_backbone.layer3.22.bn1.bias is skipped since its requires_grad=False
2026/06/22 06:07:48 - mmengine - INFO - paramwise_options -- img_backbone.layer3.22.conv2.weight:lr=2e-05
2026/06/22 06:07:48 - mmengine - INFO - paramwise_options -- img_backbone.layer3.22.conv2.weight:weight_decay=0.01
2026/06/22 06:07:48 - mmengine - INFO - paramwise_options -- img_backbone.layer3.22.conv2.weight:lr_mult=0.1
2026/06/22 06:07:48 - mmengine - INFO - paramwise_options -- img_backbone.layer3.22.conv2.conv_offset.weight:lr=2e-05
2026/06/22 06:07:48 - mmengine - INFO - paramwise_options -- img_backbone.layer3.22.conv2.conv_offset.weight:weight_decay=0.01
2026/06/22 06:07:48 - mmengine - INFO - paramwise_options -- img_backbone.layer3.22.conv2.conv_offset.weight:lr_mult=0.1
2026/06/22 06:07:48 - mmengine - INFO - paramwise_options -- img_backbone.layer3.22.conv2.conv_offset.bias:lr=2e-05
2026/06/22 06:07:48 - mmengine - INFO - paramwise_options -- img_backbone.layer3.22.conv2.conv_offset.bias:weight_decay=0.01
2026/06/22 06:07:48 - mmengine - INFO - paramwise_options -- img_backbone.layer3.22.conv2.conv_offset.bias:lr_mult=0.1
2026/06/22 06:07:48 - mmengine - WARNING - img_backbone.layer3.22.bn2.weight is skipped since its requires_grad=False
2026/06/22 06:07:48 - mmengine - WARNING - img_backbone.layer3.22.bn2.bias is skipped since its requires_grad=False
2026/06/22 06:07:48 - mmengine - INFO - paramwise_options -- img_backbone.layer3.22.conv3.weight:lr=2e-05
2026/06/22 06:07:48 - mmengine - INFO - paramwise_options -- img_backbone.layer3.22.conv3.weight:weight_decay=0.01
2026/06/22 06:07:48 - mmengine - INFO - paramwise_options -- img_backbone.layer3.22.conv3.weight:lr_mult=0.1
2026/06/22 06:07:48 - mmengine - WARNING - img_backbone.layer3.22.bn3.weight is skipped since its requires_grad=False
2026/06/22 06:07:48 - mmengine - WARNING - img_backbone.layer3.22.bn3.bias is skipped since its requires_grad=False
2026/06/22 06:07:48 - mmengine - INFO - paramwise_options -- img_backbone.layer4.0.conv1.weight:lr=2e-05
2026/06/22 06:07:48 - mmengine - INFO - paramwise_options -- img_backbone.layer4.0.conv1.weight:weight_decay=0.01
2026/06/22 06:07:48 - mmengine - INFO - paramwise_options -- img_backbone.layer4.0.conv1.weight:lr_mult=0.1
2026/06/22 06:07:48 - mmengine - WARNING - img_backbone.layer4.0.bn1.weight is skipped since its requires_grad=False
2026/06/22 06:07:48 - mmengine - WARNING - img_backbone.layer4.0.bn1.bias is skipped since its requires_grad=False
2026/06/22 06:07:48 - mmengine - INFO - paramwise_options -- img_backbone.layer4.0.conv2.weight:lr=2e-05
2026/06/22 06:07:48 - mmengine - INFO - paramwise_options -- img_backbone.layer4.0.conv2.weight:weight_decay=0.01
2026/06/22 06:07:48 - mmengine - INFO - paramwise_options -- img_backbone.layer4.0.conv2.weight:lr_mult=0.1
2026/06/22 06:07:48 - mmengine - INFO - paramwise_options -- img_backbone.layer4.0.conv2.conv_offset.weight:lr=2e-05
2026/06/22 06:07:48 - mmengine - INFO - paramwise_options -- img_backbone.layer4.0.conv2.conv_offset.weight:weight_decay=0.01
2026/06/22 06:07:48 - mmengine - INFO - paramwise_options -- img_backbone.layer4.0.conv2.conv_offset.weight:lr_mult=0.1
2026/06/22 06:07:48 - mmengine - INFO - paramwise_options -- img_backbone.layer4.0.conv2.conv_offset.bias:lr=2e-05
2026/06/22 06:07:48 - mmengine - INFO - paramwise_options -- img_backbone.layer4.0.conv2.conv_offset.bias:weight_decay=0.01
2026/06/22 06:07:48 - mmengine - INFO - paramwise_options -- img_backbone.layer4.0.conv2.conv_offset.bias:lr_mult=0.1
2026/06/22 06:07:48 - mmengine - WARNING - img_backbone.layer4.0.bn2.weight is skipped since its requires_grad=False
2026/06/22 06:07:48 - mmengine - WARNING - img_backbone.layer4.0.bn2.bias is skipped since its requires_grad=False
2026/06/22 06:07:48 - mmengine - INFO - paramwise_options -- img_backbone.layer4.0.conv3.weight:lr=2e-05
2026/06/22 06:07:48 - mmengine - INFO - paramwise_options -- img_backbone.layer4.0.conv3.weight:weight_decay=0.01
2026/06/22 06:07:48 - mmengine - INFO - paramwise_options -- img_backbone.layer4.0.conv3.weight:lr_mult=0.1
2026/06/22 06:07:48 - mmengine - WARNING - img_backbone.layer4.0.bn3.weight is skipped since its requires_grad=False
2026/06/22 06:07:48 - mmengine - WARNING - img_backbone.layer4.0.bn3.bias is skipped since its requires_grad=False
2026/06/22 06:07:48 - mmengine - INFO - paramwise_options -- img_backbone.layer4.0.downsample.0.weight:lr=2e-05
2026/06/22 06:07:48 - mmengine - INFO - paramwise_options -- img_backbone.layer4.0.downsample.0.weight:weight_decay=0.01
2026/06/22 06:07:48 - mmengine - INFO - paramwise_options -- img_backbone.layer4.0.downsample.0.weight:lr_mult=0.1
2026/06/22 06:07:48 - mmengine - WARNING - img_backbone.layer4.0.downsample.1.weight is skipped since its requires_grad=False
2026/06/22 06:07:48 - mmengine - WARNING - img_backbone.layer4.0.downsample.1.bias is skipped since its requires_grad=False
2026/06/22 06:07:48 - mmengine - INFO - paramwise_options -- img_backbone.layer4.1.conv1.weight:lr=2e-05
2026/06/22 06:07:48 - mmengine - INFO - paramwise_options -- img_backbone.layer4.1.conv1.weight:weight_decay=0.01
2026/06/22 06:07:48 - mmengine - INFO - paramwise_options -- img_backbone.layer4.1.conv1.weight:lr_mult=0.1
2026/06/22 06:07:48 - mmengine - WARNING - img_backbone.layer4.1.bn1.weight is skipped since its requires_grad=False
2026/06/22 06:07:48 - mmengine - WARNING - img_backbone.layer4.1.bn1.bias is skipped since its requires_grad=False
2026/06/22 06:07:48 - mmengine - INFO - paramwise_options -- img_backbone.layer4.1.conv2.weight:lr=2e-05
2026/06/22 06:07:48 - mmengine - INFO - paramwise_options -- img_backbone.layer4.1.conv2.weight:weight_decay=0.01
2026/06/22 06:07:48 - mmengine - INFO - paramwise_options -- img_backbone.layer4.1.conv2.weight:lr_mult=0.1
2026/06/22 06:07:48 - mmengine - INFO - paramwise_options -- img_backbone.layer4.1.conv2.conv_offset.weight:lr=2e-05
2026/06/22 06:07:48 - mmengine - INFO - paramwise_options -- img_backbone.layer4.1.conv2.conv_offset.weight:weight_decay=0.01
2026/06/22 06:07:48 - mmengine - INFO - paramwise_options -- img_backbone.layer4.1.conv2.conv_offset.weight:lr_mult=0.1
2026/06/22 06:07:48 - mmengine - INFO - paramwise_options -- img_backbone.layer4.1.conv2.conv_offset.bias:lr=2e-05
2026/06/22 06:07:48 - mmengine - INFO - paramwise_options -- img_backbone.layer4.1.conv2.conv_offset.bias:weight_decay=0.01
2026/06/22 06:07:48 - mmengine - INFO - paramwise_options -- img_backbone.layer4.1.conv2.conv_offset.bias:lr_mult=0.1
2026/06/22 06:07:48 - mmengine - WARNING - img_backbone.layer4.1.bn2.weight is skipped since its requires_grad=False
2026/06/22 06:07:48 - mmengine - WARNING - img_backbone.layer4.1.bn2.bias is skipped since its requires_grad=False
2026/06/22 06:07:48 - mmengine - INFO - paramwise_options -- img_backbone.layer4.1.conv3.weight:lr=2e-05
2026/06/22 06:07:48 - mmengine - INFO - paramwise_options -- img_backbone.layer4.1.conv3.weight:weight_decay=0.01
2026/06/22 06:07:48 - mmengine - INFO - paramwise_options -- img_backbone.layer4.1.conv3.weight:lr_mult=0.1
2026/06/22 06:07:48 - mmengine - WARNING - img_backbone.layer4.1.bn3.weight is skipped since its requires_grad=False
2026/06/22 06:07:48 - mmengine - WARNING - img_backbone.layer4.1.bn3.bias is skipped since its requires_grad=False
2026/06/22 06:07:48 - mmengine - INFO - paramwise_options -- img_backbone.layer4.2.conv1.weight:lr=2e-05
2026/06/22 06:07:48 - mmengine - INFO - paramwise_options -- img_backbone.layer4.2.conv1.weight:weight_decay=0.01
2026/06/22 06:07:48 - mmengine - INFO - paramwise_options -- img_backbone.layer4.2.conv1.weight:lr_mult=0.1
2026/06/22 06:07:48 - mmengine - WARNING - img_backbone.layer4.2.bn1.weight is skipped since its requires_grad=False
2026/06/22 06:07:48 - mmengine - WARNING - img_backbone.layer4.2.bn1.bias is skipped since its requires_grad=False
2026/06/22 06:07:48 - mmengine - INFO - paramwise_options -- img_backbone.layer4.2.conv2.weight:lr=2e-05
2026/06/22 06:07:48 - mmengine - INFO - paramwise_options -- img_backbone.layer4.2.conv2.weight:weight_decay=0.01
2026/06/22 06:07:48 - mmengine - INFO - paramwise_options -- img_backbone.layer4.2.conv2.weight:lr_mult=0.1
2026/06/22 06:07:48 - mmengine - INFO - paramwise_options -- img_backbone.layer4.2.conv2.conv_offset.weight:lr=2e-05
2026/06/22 06:07:48 - mmengine - INFO - paramwise_options -- img_backbone.layer4.2.conv2.conv_offset.weight:weight_decay=0.01
2026/06/22 06:07:48 - mmengine - INFO - paramwise_options -- img_backbone.layer4.2.conv2.conv_offset.weight:lr_mult=0.1
2026/06/22 06:07:48 - mmengine - INFO - paramwise_options -- img_backbone.layer4.2.conv2.conv_offset.bias:lr=2e-05
2026/06/22 06:07:48 - mmengine - INFO - paramwise_options -- img_backbone.layer4.2.conv2.conv_offset.bias:weight_decay=0.01
2026/06/22 06:07:48 - mmengine - INFO - paramwise_options -- img_backbone.layer4.2.conv2.conv_offset.bias:lr_mult=0.1
2026/06/22 06:07:48 - mmengine - WARNING - img_backbone.layer4.2.bn2.weight is skipped since its requires_grad=False
2026/06/22 06:07:48 - mmengine - WARNING - img_backbone.layer4.2.bn2.bias is skipped since its requires_grad=False
2026/06/22 06:07:48 - mmengine - INFO - paramwise_options -- img_backbone.layer4.2.conv3.weight:lr=2e-05
2026/06/22 06:07:48 - mmengine - INFO - paramwise_options -- img_backbone.layer4.2.conv3.weight:weight_decay=0.01
2026/06/22 06:07:48 - mmengine - INFO - paramwise_options -- img_backbone.layer4.2.conv3.weight:lr_mult=0.1
2026/06/22 06:07:48 - mmengine - WARNING - img_backbone.layer4.2.bn3.weight is skipped since its requires_grad=False
2026/06/22 06:07:48 - mmengine - WARNING - img_backbone.layer4.2.bn3.bias is skipped since its requires_grad=False
2026/06/22 06:07:48 - mmengine - WARNING - map_decoder.pts_bbox_head.code_weights is skipped since its requires_grad=False
2026/06/22 06:07:48 - mmengine - WARNING - map_decoder.pts_bbox_head.map_adapter_layers.0.0.weight is skipped since its requires_grad=False
2026/06/22 06:07:48 - mmengine - WARNING - map_decoder.pts_bbox_head.map_adapter_layers.0.0.bias is skipped since its requires_grad=False
2026/06/22 06:07:48 - mmengine - WARNING - map_decoder.pts_bbox_head.map_adapter_layers.0.1.weight is skipped since its requires_grad=False
2026/06/22 06:07:48 - mmengine - WARNING - map_decoder.pts_bbox_head.map_adapter_layers.0.1.bias is skipped since its requires_grad=False
2026/06/22 06:07:48 - mmengine - WARNING - map_decoder.pts_bbox_head.map_adapter_layers.1.weight is skipped since its requires_grad=False
2026/06/22 06:07:48 - mmengine - WARNING - map_decoder.pts_bbox_head.map_adapter_layers.1.bias is skipped since its requires_grad=False
2026/06/22 06:07:48 - mmengine - WARNING - map_decoder.pts_bbox_head.cls_branches.0.weight is skipped since its requires_grad=False
2026/06/22 06:07:48 - mmengine - WARNING - map_decoder.pts_bbox_head.cls_branches.0.bias is skipped since its requires_grad=False
2026/06/22 06:07:48 - mmengine - WARNING - map_decoder.pts_bbox_head.cls_branches.1.weight is skipped since its requires_grad=False
2026/06/22 06:07:48 - mmengine - WARNING - map_decoder.pts_bbox_head.cls_branches.1.bias is skipped since its requires_grad=False
2026/06/22 06:07:48 - mmengine - WARNING - map_decoder.pts_bbox_head.cls_branches.3.weight is skipped since its requires_grad=False
2026/06/22 06:07:48 - mmengine - WARNING - map_decoder.pts_bbox_head.cls_branches.3.bias is skipped since its requires_grad=False
2026/06/22 06:07:48 - mmengine - WARNING - map_decoder.pts_bbox_head.cls_branches.4.weight is skipped since its requires_grad=False
2026/06/22 06:07:48 - mmengine - WARNING - map_decoder.pts_bbox_head.cls_branches.4.bias is skipped since its requires_grad=False
2026/06/22 06:07:48 - mmengine - WARNING - map_decoder.pts_bbox_head.cls_branches.6.weight is skipped since its requires_grad=False
2026/06/22 06:07:48 - mmengine - WARNING - map_decoder.pts_bbox_head.cls_branches.6.bias is skipped since its requires_grad=False
2026/06/22 06:07:48 - mmengine - WARNING - map_decoder.pts_bbox_head.reg_branches.0.weight is skipped since its requires_grad=False
2026/06/22 06:07:48 - mmengine - WARNING - map_decoder.pts_bbox_head.reg_branches.0.bias is skipped since its requires_grad=False
2026/06/22 06:07:48 - mmengine - WARNING - map_decoder.pts_bbox_head.reg_branches.2.weight is skipped since its requires_grad=False
2026/06/22 06:07:48 - mmengine - WARNING - map_decoder.pts_bbox_head.reg_branches.2.bias is skipped since its requires_grad=False
2026/06/22 06:07:48 - mmengine - WARNING - map_decoder.pts_bbox_head.reg_branches.4.weight is skipped since its requires_grad=False
2026/06/22 06:07:48 - mmengine - WARNING - map_decoder.pts_bbox_head.reg_branches.4.bias is skipped since its requires_grad=False
2026/06/22 06:07:48 - mmengine - WARNING - map_decoder.pts_bbox_head.reg_branches.6.weight is skipped since its requires_grad=False
2026/06/22 06:07:48 - mmengine - WARNING - map_decoder.pts_bbox_head.reg_branches.6.bias is skipped since its requires_grad=False
2026/06/22 06:07:48 - mmengine - WARNING - planner_head.ego_query.weight is skipped since its requires_grad=False
2026/06/22 06:07:48 - mmengine - WARNING - planner_head.ego_agent_decoder.layers.0.attentions.0.attn.in_proj_weight is skipped since its requires_grad=False
2026/06/22 06:07:48 - mmengine - WARNING - planner_head.ego_agent_decoder.layers.0.attentions.0.attn.in_proj_bias is skipped since its requires_grad=False
2026/06/22 06:07:48 - mmengine - WARNING - planner_head.ego_agent_decoder.layers.0.attentions.0.attn.out_proj.weight is skipped since its requires_grad=False
2026/06/22 06:07:48 - mmengine - WARNING - planner_head.ego_agent_decoder.layers.0.attentions.0.attn.out_proj.bias is skipped since its requires_grad=False
2026/06/22 06:07:48 - mmengine - WARNING - planner_head.ego_agent_decoder.layers.0.ffns.0.layers.0.0.weight is skipped since its requires_grad=False
2026/06/22 06:07:48 - mmengine - WARNING - planner_head.ego_agent_decoder.layers.0.ffns.0.layers.0.0.bias is skipped since its requires_grad=False
2026/06/22 06:07:48 - mmengine - WARNING - planner_head.ego_agent_decoder.layers.0.ffns.0.layers.1.weight is skipped since its requires_grad=False
2026/06/22 06:07:48 - mmengine - WARNING - planner_head.ego_agent_decoder.layers.0.ffns.0.layers.1.bias is skipped since its requires_grad=False
2026/06/22 06:07:48 - mmengine - WARNING - planner_head.ego_agent_decoder.layers.0.norms.0.weight is skipped since its requires_grad=False
2026/06/22 06:07:48 - mmengine - WARNING - planner_head.ego_agent_decoder.layers.0.norms.0.bias is skipped since its requires_grad=False
2026/06/22 06:07:48 - mmengine - WARNING - planner_head.ego_agent_decoder.layers.0.norms.1.weight is skipped since its requires_grad=False
2026/06/22 06:07:48 - mmengine - WARNING - planner_head.ego_agent_decoder.layers.0.norms.1.bias is skipped since its requires_grad=False
2026/06/22 06:07:48 - mmengine - WARNING - planner_head.ego_map_decoder.layers.0.attentions.0.attn.in_proj_weight is skipped since its requires_grad=False
2026/06/22 06:07:48 - mmengine - WARNING - planner_head.ego_map_decoder.layers.0.attentions.0.attn.in_proj_bias is skipped since its requires_grad=False
2026/06/22 06:07:48 - mmengine - WARNING - planner_head.ego_map_decoder.layers.0.attentions.0.attn.out_proj.weight is skipped since its requires_grad=False
2026/06/22 06:07:48 - mmengine - WARNING - planner_head.ego_map_decoder.layers.0.attentions.0.attn.out_proj.bias is skipped since its requires_grad=False
2026/06/22 06:07:48 - mmengine - WARNING - planner_head.ego_map_decoder.layers.0.ffns.0.layers.0.0.weight is skipped since its requires_grad=False
2026/06/22 06:07:48 - mmengine - WARNING - planner_head.ego_map_decoder.layers.0.ffns.0.layers.0.0.bias is skipped since its requires_grad=False
2026/06/22 06:07:48 - mmengine - WARNING - planner_head.ego_map_decoder.layers.0.ffns.0.layers.1.weight is skipped since its requires_grad=False
2026/06/22 06:07:48 - mmengine - WARNING - planner_head.ego_map_decoder.layers.0.ffns.0.layers.1.bias is skipped since its requires_grad=False
2026/06/22 06:07:48 - mmengine - WARNING - planner_head.ego_map_decoder.layers.0.norms.0.weight is skipped since its requires_grad=False
2026/06/22 06:07:48 - mmengine - WARNING - planner_head.ego_map_decoder.layers.0.norms.0.bias is skipped since its requires_grad=False
2026/06/22 06:07:48 - mmengine - WARNING - planner_head.ego_map_decoder.layers.0.norms.1.weight is skipped since its requires_grad=False
2026/06/22 06:07:48 - mmengine - WARNING - planner_head.ego_map_decoder.layers.0.norms.1.bias is skipped since its requires_grad=False
2026/06/22 06:07:48 - mmengine - WARNING - planner_head.ego_gaussian_decoder.layers.0.attentions.0.attn.in_proj_weight is skipped since its requires_grad=False
2026/06/22 06:07:48 - mmengine - WARNING - planner_head.ego_gaussian_decoder.layers.0.attentions.0.attn.in_proj_bias is skipped since its requires_grad=False
2026/06/22 06:07:48 - mmengine - WARNING - planner_head.ego_gaussian_decoder.layers.0.attentions.0.attn.out_proj.weight is skipped since its requires_grad=False
2026/06/22 06:07:48 - mmengine - WARNING - planner_head.ego_gaussian_decoder.layers.0.attentions.0.attn.out_proj.bias is skipped since its requires_grad=False
2026/06/22 06:07:48 - mmengine - WARNING - planner_head.ego_gaussian_decoder.layers.0.ffns.0.layers.0.0.weight is skipped since its requires_grad=False
2026/06/22 06:07:48 - mmengine - WARNING - planner_head.ego_gaussian_decoder.layers.0.ffns.0.layers.0.0.bias is skipped since its requires_grad=False
2026/06/22 06:07:48 - mmengine - WARNING - planner_head.ego_gaussian_decoder.layers.0.ffns.0.layers.1.weight is skipped since its requires_grad=False
2026/06/22 06:07:48 - mmengine - WARNING - planner_head.ego_gaussian_decoder.layers.0.ffns.0.layers.1.bias is skipped since its requires_grad=False
2026/06/22 06:07:48 - mmengine - WARNING - planner_head.ego_gaussian_decoder.layers.0.norms.0.weight is skipped since its requires_grad=False
2026/06/22 06:07:48 - mmengine - WARNING - planner_head.ego_gaussian_decoder.layers.0.norms.0.bias is skipped since its requires_grad=False
2026/06/22 06:07:48 - mmengine - WARNING - planner_head.ego_gaussian_decoder.layers.0.norms.1.weight is skipped since its requires_grad=False
2026/06/22 06:07:48 - mmengine - WARNING - planner_head.ego_gaussian_decoder.layers.0.norms.1.bias is skipped since its requires_grad=False
2026/06/22 06:07:48 - mmengine - WARNING - planner_head.ego_fut_decoder.0.weight is skipped since its requires_grad=False
2026/06/22 06:07:48 - mmengine - WARNING - planner_head.ego_fut_decoder.0.bias is skipped since its requires_grad=False
2026/06/22 06:07:48 - mmengine - WARNING - planner_head.ego_fut_decoder.2.weight is skipped since its requires_grad=False
2026/06/22 06:07:48 - mmengine - WARNING - planner_head.ego_fut_decoder.2.bias is skipped since its requires_grad=False
2026/06/22 06:07:48 - mmengine - WARNING - planner_head.ego_fut_decoder.4.weight is skipped since its requires_grad=False
2026/06/22 06:07:48 - mmengine - WARNING - planner_head.ego_fut_decoder.4.bias is skipped since its requires_grad=False
2026/06/22 06:07:48 - mmengine - WARNING - planner_head.agent_fus_mlp.0.weight is skipped since its requires_grad=False
2026/06/22 06:07:48 - mmengine - WARNING - planner_head.agent_fus_mlp.0.bias is skipped since its requires_grad=False
2026/06/22 06:07:48 - mmengine - WARNING - planner_head.agent_fus_mlp.1.weight is skipped since its requires_grad=False
2026/06/22 06:07:48 - mmengine - WARNING - planner_head.agent_fus_mlp.1.bias is skipped since its requires_grad=False
2026/06/22 06:07:48 - mmengine - WARNING - planner_head.agent_fus_mlp.3.weight is skipped since its requires_grad=False
2026/06/22 06:07:48 - mmengine - WARNING - planner_head.agent_fus_mlp.3.bias is skipped since its requires_grad=False
2026/06/22 06:07:48 - mmengine - WARNING - planner_head.map_fus_mlp.0.weight is skipped since its requires_grad=False
2026/06/22 06:07:48 - mmengine - WARNING - planner_head.map_fus_mlp.0.bias is skipped since its requires_grad=False
2026/06/22 06:07:48 - mmengine - WARNING - planner_head.map_fus_mlp.1.weight is skipped since its requires_grad=False
2026/06/22 06:07:48 - mmengine - WARNING - planner_head.map_fus_mlp.1.bias is skipped since its requires_grad=False
2026/06/22 06:07:48 - mmengine - WARNING - planner_head.map_fus_mlp.3.weight is skipped since its requires_grad=False
2026/06/22 06:07:48 - mmengine - WARNING - planner_head.map_fus_mlp.3.bias is skipped since its requires_grad=False
2026/06/22 06:07:48 - mmengine - WARNING - planner_head.gaussian_fus_mlp.0.weight is skipped since its requires_grad=False
2026/06/22 06:07:48 - mmengine - WARNING - planner_head.gaussian_fus_mlp.0.bias is skipped since its requires_grad=False
2026/06/22 06:07:48 - mmengine - WARNING - planner_head.gaussian_fus_mlp.1.weight is skipped since its requires_grad=False
2026/06/22 06:07:48 - mmengine - WARNING - planner_head.gaussian_fus_mlp.1.bias is skipped since its requires_grad=False
2026/06/22 06:07:48 - mmengine - WARNING - planner_head.gaussian_fus_mlp.3.weight is skipped since its requires_grad=False
2026/06/22 06:07:48 - mmengine - WARNING - planner_head.gaussian_fus_mlp.3.bias is skipped since its requires_grad=False
2026/06/22 06:07:50 - mmengine - INFO - resume from: 
2026/06/22 06:07:50 - mmengine - INFO - work dir: out/nuscenes_gs25600_acc
2026/06/22 06:09:44 - mmengine - INFO - ModulatedDeformConvPack img_backbone.layer3.0.conv2 is upgraded to version 2.
2026/06/22 06:09:44 - mmengine - INFO - ModulatedDeformConvPack img_backbone.layer3.1.conv2 is upgraded to version 2.
2026/06/22 06:09:44 - mmengine - INFO - ModulatedDeformConvPack img_backbone.layer3.2.conv2 is upgraded to version 2.
2026/06/22 06:09:44 - mmengine - INFO - ModulatedDeformConvPack img_backbone.layer3.3.conv2 is upgraded to version 2.
2026/06/22 06:09:44 - mmengine - INFO - ModulatedDeformConvPack img_backbone.layer3.4.conv2 is upgraded to version 2.
2026/06/22 06:09:44 - mmengine - INFO - ModulatedDeformConvPack img_backbone.layer3.5.conv2 is upgraded to version 2.
2026/06/22 06:09:44 - mmengine - INFO - ModulatedDeformConvPack img_backbone.layer3.6.conv2 is upgraded to version 2.
2026/06/22 06:09:44 - mmengine - INFO - ModulatedDeformConvPack img_backbone.layer3.7.conv2 is upgraded to version 2.
2026/06/22 06:09:44 - mmengine - INFO - ModulatedDeformConvPack img_backbone.layer3.8.conv2 is upgraded to version 2.
2026/06/22 06:09:44 - mmengine - INFO - ModulatedDeformConvPack img_backbone.layer3.9.conv2 is upgraded to version 2.
2026/06/22 06:09:44 - mmengine - INFO - ModulatedDeformConvPack img_backbone.layer3.10.conv2 is upgraded to version 2.
2026/06/22 06:09:44 - mmengine - INFO - ModulatedDeformConvPack img_backbone.layer3.11.conv2 is upgraded to version 2.
2026/06/22 06:09:44 - mmengine - INFO - ModulatedDeformConvPack img_backbone.layer3.12.conv2 is upgraded to version 2.
2026/06/22 06:09:44 - mmengine - INFO - ModulatedDeformConvPack img_backbone.layer3.13.conv2 is upgraded to version 2.
2026/06/22 06:09:44 - mmengine - INFO - ModulatedDeformConvPack img_backbone.layer3.14.conv2 is upgraded to version 2.
2026/06/22 06:09:44 - mmengine - INFO - ModulatedDeformConvPack img_backbone.layer3.15.conv2 is upgraded to version 2.
2026/06/22 06:09:44 - mmengine - INFO - ModulatedDeformConvPack img_backbone.layer3.16.conv2 is upgraded to version 2.
2026/06/22 06:09:44 - mmengine - INFO - ModulatedDeformConvPack img_backbone.layer3.17.conv2 is upgraded to version 2.
2026/06/22 06:09:44 - mmengine - INFO - ModulatedDeformConvPack img_backbone.layer3.18.conv2 is upgraded to version 2.
2026/06/22 06:09:44 - mmengine - INFO - ModulatedDeformConvPack img_backbone.layer3.19.conv2 is upgraded to version 2.
2026/06/22 06:09:44 - mmengine - INFO - ModulatedDeformConvPack img_backbone.layer3.20.conv2 is upgraded to version 2.
2026/06/22 06:09:44 - mmengine - INFO - ModulatedDeformConvPack img_backbone.layer3.21.conv2 is upgraded to version 2.
2026/06/22 06:09:44 - mmengine - INFO - ModulatedDeformConvPack img_backbone.layer3.22.conv2 is upgraded to version 2.
2026/06/22 06:09:44 - mmengine - INFO - ModulatedDeformConvPack img_backbone.layer4.0.conv2 is upgraded to version 2.
2026/06/22 06:09:44 - mmengine - INFO - ModulatedDeformConvPack img_backbone.layer4.1.conv2 is upgraded to version 2.
2026/06/22 06:09:45 - mmengine - INFO - ModulatedDeformConvPack img_backbone.layer4.2.conv2 is upgraded to version 2.
2026/06/22 06:11:11 - mmengine - INFO - [TRAIN] Epoch 0 Iter     0/750: Loss: 43.345 (43.345), grad_norm: 44.568, lr: 0.0000010, time: 76.652 (34.897)
2026/06/22 06:11:11 - mmengine - INFO - OccupancyLoss: 9.53493, OccupancyFlowLoss: 17.75754, DetectionLoss: 7.43816, RenderSemLoss: 0.00000, RenderDepthLoss: 6.81352, RenderExtraDepthLoss: 1.40121, RenderAccLoss: 0.39993
2026/06/22 06:16:53 - mmengine - INFO - [TRAIN] Epoch 0 Iter    50/750: Loss: 53.705 (38.744), grad_norm: 42.137, lr: 0.0000029, time: 4.994 (0.008)
2026/06/22 06:16:53 - mmengine - INFO - OccupancyLoss: 20.31447, OccupancyFlowLoss: 17.28747, DetectionLoss: 6.09424, RenderSemLoss: 0.00000, RenderDepthLoss: 8.36633, RenderExtraDepthLoss: 1.36291, RenderAccLoss: 0.27974
2026/06/22 06:21:14 - mmengine - INFO - [TRAIN] Epoch 0 Iter   100/750: Loss: 41.576 (35.140), grad_norm: 22.612, lr: 0.0000048, time: 5.163 (0.008)
2026/06/22 06:21:14 - mmengine - INFO - OccupancyLoss: 13.46331, OccupancyFlowLoss: 17.45617, DetectionLoss: 6.77107, RenderSemLoss: 0.00000, RenderDepthLoss: 3.05842, RenderExtraDepthLoss: 0.58393, RenderAccLoss: 0.24265
2026/06/22 06:25:30 - mmengine - INFO - [TRAIN] Epoch 0 Iter   150/750: Loss: 37.006 (34.916), grad_norm: 29.685, lr: 0.0000067, time: 4.948 (0.008)
2026/06/22 06:25:30 - mmengine - INFO - OccupancyLoss: 8.20009, OccupancyFlowLoss: 17.51898, DetectionLoss: 7.80405, RenderSemLoss: 0.00000, RenderDepthLoss: 2.62329, RenderExtraDepthLoss: 0.57518, RenderAccLoss: 0.28474
2026/06/22 06:29:53 - mmengine - INFO - [TRAIN] Epoch 0 Iter   200/750: Loss: 39.294 (32.713), grad_norm: 22.674, lr: 0.0000086, time: 4.998 (0.009)
2026/06/22 06:29:53 - mmengine - INFO - OccupancyLoss: 10.47424, OccupancyFlowLoss: 17.25570, DetectionLoss: 7.15802, RenderSemLoss: 0.00000, RenderDepthLoss: 3.43724, RenderExtraDepthLoss: 0.64881, RenderAccLoss: 0.31978
2026/06/22 06:34:09 - mmengine - INFO - [TRAIN] Epoch 0 Iter   250/750: Loss: 31.601 (34.307), grad_norm: 21.595, lr: 0.0000105, time: 4.999 (0.008)
2026/06/22 06:34:09 - mmengine - INFO - OccupancyLoss: 4.76121, OccupancyFlowLoss: 17.70319, DetectionLoss: 6.53008, RenderSemLoss: 0.00000, RenderDepthLoss: 1.89571, RenderExtraDepthLoss: 0.47702, RenderAccLoss: 0.23377
2026/06/22 06:38:27 - mmengine - INFO - [TRAIN] Epoch 0 Iter   300/750: Loss: 31.135 (33.263), grad_norm: 29.275, lr: 0.0000124, time: 5.021 (0.009)
2026/06/22 06:38:27 - mmengine - INFO - OccupancyLoss: 6.46632, OccupancyFlowLoss: 17.39361, DetectionLoss: 5.48503, RenderSemLoss: 0.00000, RenderDepthLoss: 1.27999, RenderExtraDepthLoss: 0.29805, RenderAccLoss: 0.21191
2026/06/22 06:42:53 - mmengine - INFO - [TRAIN] Epoch 0 Iter   350/750: Loss: 35.234 (34.530), grad_norm: 27.559, lr: 0.0000143, time: 5.463 (0.008)
2026/06/22 06:42:53 - mmengine - INFO - OccupancyLoss: 7.91280, OccupancyFlowLoss: 11.80662, DetectionLoss: 12.11794, RenderSemLoss: 0.00000, RenderDepthLoss: 2.50773, RenderExtraDepthLoss: 0.61020, RenderAccLoss: 0.27904
2026/06/22 06:47:17 - mmengine - INFO - [TRAIN] Epoch 0 Iter   400/750: Loss: 26.468 (31.909), grad_norm: 46.205, lr: 0.0000162, time: 4.966 (0.009)
2026/06/22 06:47:17 - mmengine - INFO - OccupancyLoss: 6.46352, OccupancyFlowLoss: 17.45073, DetectionLoss: 0.65640, RenderSemLoss: 0.00000, RenderDepthLoss: 1.27250, RenderExtraDepthLoss: 0.31712, RenderAccLoss: 0.30803
2026/06/22 06:51:39 - mmengine - INFO - [TRAIN] Epoch 0 Iter   450/750: Loss: 47.231 (35.059), grad_norm: 27.582, lr: 0.0000181, time: 5.157 (0.009)
2026/06/22 06:51:39 - mmengine - INFO - OccupancyLoss: 12.04632, OccupancyFlowLoss: 17.49726, DetectionLoss: 13.37660, RenderSemLoss: 0.00000, RenderDepthLoss: 3.38476, RenderExtraDepthLoss: 0.52714, RenderAccLoss: 0.39846
2026/06/22 06:55:58 - mmengine - INFO - [TRAIN] Epoch 0 Iter   500/750: Loss: 33.491 (32.268), grad_norm: 27.132, lr: 0.0000200, time: 6.304 (0.008)
2026/06/22 06:55:58 - mmengine - INFO - OccupancyLoss: 7.56647, OccupancyFlowLoss: 17.71388, DetectionLoss: 5.58981, RenderSemLoss: 0.00000, RenderDepthLoss: 1.97047, RenderExtraDepthLoss: 0.49865, RenderAccLoss: 0.15189
2026/06/22 07:00:11 - mmengine - INFO - [TRAIN] Epoch 0 Iter   550/750: Loss: 30.519 (34.114), grad_norm: 28.955, lr: 0.0000200, time: 4.965 (0.009)
2026/06/22 07:00:11 - mmengine - INFO - OccupancyLoss: 6.15759, OccupancyFlowLoss: 14.79227, DetectionLoss: 7.47687, RenderSemLoss: 0.00000, RenderDepthLoss: 1.40017, RenderExtraDepthLoss: 0.51366, RenderAccLoss: 0.17888
2026/06/22 07:04:39 - mmengine - INFO - [TRAIN] Epoch 0 Iter   600/750: Loss: 33.296 (34.410), grad_norm: 32.543, lr: 0.0000200, time: 5.034 (0.009)
2026/06/22 07:04:39 - mmengine - INFO - OccupancyLoss: 5.69021, OccupancyFlowLoss: 17.76428, DetectionLoss: 8.32633, RenderSemLoss: 0.00000, RenderDepthLoss: 1.02453, RenderExtraDepthLoss: 0.33877, RenderAccLoss: 0.15189
2026/06/22 07:09:12 - mmengine - INFO - [TRAIN] Epoch 0 Iter   650/750: Loss: 33.656 (33.432), grad_norm: 25.282, lr: 0.0000200, time: 4.896 (0.008)
2026/06/22 07:09:12 - mmengine - INFO - OccupancyLoss: 9.95765, OccupancyFlowLoss: 17.36071, DetectionLoss: 3.16143, RenderSemLoss: 0.00000, RenderDepthLoss: 2.48773, RenderExtraDepthLoss: 0.47694, RenderAccLoss: 0.21107
2026/06/22 07:13:41 - mmengine - INFO - [TRAIN] Epoch 0 Iter   700/750: Loss: 41.913 (32.633), grad_norm: 31.773, lr: 0.0000200, time: 5.423 (0.008)
2026/06/22 07:13:41 - mmengine - INFO - OccupancyLoss: 12.40590, OccupancyFlowLoss: 16.60322, DetectionLoss: 8.66901, RenderSemLoss: 0.00000, RenderDepthLoss: 3.43344, RenderExtraDepthLoss: 0.67978, RenderAccLoss: 0.12208
2026/06/22 07:18:01 - mmengine - INFO - [EVAL] Epoch 1 Iter     0: Loss: 28.157 (28.157)
2026/06/22 07:18:01 - mmengine - INFO - OccupancyLoss: 5.90995, OccupancyFlowLoss: 17.77517, DetectionLoss: 4.47159, RenderSemLoss: 0.00000, RenderDepthLoss: 0.00000, RenderExtraDepthLoss: 0.00000, RenderAccLoss: 0.00000
2026/06/22 07:20:26 - mmengine - INFO - [EVAL] Epoch 1 Iter    50: Loss: 29.066 (30.279)
2026/06/22 07:20:26 - mmengine - INFO - OccupancyLoss: 6.37710, OccupancyFlowLoss: 17.67269, DetectionLoss: 5.01640, RenderSemLoss: 0.00000, RenderDepthLoss: 0.00000, RenderExtraDepthLoss: 0.00000, RenderAccLoss: 0.00000
2026/06/22 07:22:35 - mmengine - INFO - [EVAL] Epoch 1 Iter   100: Loss: 31.414 (30.053)
2026/06/22 07:22:35 - mmengine - INFO - OccupancyLoss: 9.21800, OccupancyFlowLoss: 17.54291, DetectionLoss: 4.65282, RenderSemLoss: 0.00000, RenderDepthLoss: 0.00000, RenderExtraDepthLoss: 0.00000, RenderAccLoss: 0.00000
2026/06/22 07:24:43 - mmengine - INFO - [EVAL] Epoch 1 Iter   150: Loss: 12.819 (30.552)
2026/06/22 07:24:43 - mmengine - INFO - OccupancyLoss: 6.51062, OccupancyFlowLoss: 5.89728, DetectionLoss: 0.41142, RenderSemLoss: 0.00000, RenderDepthLoss: 0.00000, RenderExtraDepthLoss: 0.00000, RenderAccLoss: 0.00000
2026/06/22 07:26:49 - mmengine - INFO - [EVAL] Epoch 1 Iter   200: Loss: 23.249 (30.728)
2026/06/22 07:26:49 - mmengine - INFO - OccupancyLoss: 10.45478, OccupancyFlowLoss: 8.76540, DetectionLoss: 4.02930, RenderSemLoss: 0.00000, RenderDepthLoss: 0.00000, RenderExtraDepthLoss: 0.00000, RenderAccLoss: 0.00000
2026/06/22 07:28:48 - mmengine - INFO - [EVAL] Epoch 1 Iter   250: Loss: 33.271 (30.970)
2026/06/22 07:28:48 - mmengine - INFO - OccupancyLoss: 8.48538, OccupancyFlowLoss: 17.64281, DetectionLoss: 7.14327, RenderSemLoss: 0.00000, RenderDepthLoss: 0.00000, RenderExtraDepthLoss: 0.00000, RenderAccLoss: 0.00000
2026/06/22 07:30:40 - mmengine - INFO - [EVAL] Epoch 1 Iter   300: Loss: 31.320 (30.778)
2026/06/22 07:30:40 - mmengine - INFO - OccupancyLoss: 8.83030, OccupancyFlowLoss: 17.57950, DetectionLoss: 4.91033, RenderSemLoss: 0.00000, RenderDepthLoss: 0.00000, RenderExtraDepthLoss: 0.00000, RenderAccLoss: 0.00000
2026/06/22 07:32:36 - mmengine - INFO - [EVAL] Epoch 1 Iter   350: Loss: 22.424 (30.966)
2026/06/22 07:32:36 - mmengine - INFO - OccupancyLoss: 7.49440, OccupancyFlowLoss: 8.88545, DetectionLoss: 6.04451, RenderSemLoss: 0.00000, RenderDepthLoss: 0.00000, RenderExtraDepthLoss: 0.00000, RenderAccLoss: 0.00000
2026/06/22 07:34:24 - mmengine - INFO - [EVAL] Epoch 1 Iter   400: Loss: 18.385 (30.836)
2026/06/22 07:34:24 - mmengine - INFO - OccupancyLoss: 7.44410, OccupancyFlowLoss: 2.96085, DetectionLoss: 7.98018, RenderSemLoss: 0.00000, RenderDepthLoss: 0.00000, RenderExtraDepthLoss: 0.00000, RenderAccLoss: 0.00000
2026/06/22 07:36:09 - mmengine - INFO - [EVAL] Epoch 1 Iter   450: Loss: 39.564 (30.880)
2026/06/22 07:36:09 - mmengine - INFO - OccupancyLoss: 8.75080, OccupancyFlowLoss: 17.62383, DetectionLoss: 13.18923, RenderSemLoss: 0.00000, RenderDepthLoss: 0.00000, RenderExtraDepthLoss: 0.00000, RenderAccLoss: 0.00000
2026/06/22 07:37:40 - mmengine - INFO - Validation per class iou none:
2026/06/22 07:37:40 - mmengine - INFO - barrier : 3.54%, 0.22, 0.04
2026/06/22 07:37:40 - mmengine - INFO - bicycle : 0.00%, 0.00, 0.00
2026/06/22 07:37:40 - mmengine - INFO - bus : 0.01%, 0.29, 0.00
2026/06/22 07:37:40 - mmengine - INFO - car : 22.86%, 0.37, 0.38
2026/06/22 07:37:40 - mmengine - INFO - construction_vehicle : 0.04%, 0.14, 0.00
2026/06/22 07:37:40 - mmengine - INFO - motorcycle : 0.00%, 0.00, 0.00
2026/06/22 07:37:40 - mmengine - INFO - pedestrian : 0.00%, 0.00, 0.00
2026/06/22 07:37:40 - mmengine - INFO - traffic_cone : 0.00%, 0.00, 0.00
2026/06/22 07:37:40 - mmengine - INFO - trailer : 0.05%, 0.05, 0.00
2026/06/22 07:37:40 - mmengine - INFO - truck : 8.85%, 0.23, 0.13
2026/06/22 07:37:40 - mmengine - INFO - driveable_surface : 35.14%, 0.57, 0.48
2026/06/22 07:37:40 - mmengine - INFO - other_flat : 1.91%, 0.44, 0.02
2026/06/22 07:37:40 - mmengine - INFO - sidewalk : 14.16%, 0.32, 0.20
2026/06/22 07:37:40 - mmengine - INFO - terrain : 16.36%, 0.34, 0.24
2026/06/22 07:37:40 - mmengine - INFO - manmade : 3.20%, 0.19, 0.04
2026/06/22 07:37:40 - mmengine - INFO - vegetation : 15.63%, 0.33, 0.23
2026/06/22 07:37:40 - mmengine - INFO - tensor([  213109,    14566,   204192,  1435223,   106632,    22025,   206833,
           42653,   134799,   555406,  7051599,   345594,  2482869,  3418334,
         7852446,  8317553, 32659904], device='cuda:0', dtype=torch.int32)
2026/06/22 07:37:40 - mmengine - INFO - tensor([    8605,        0,       30,   539415,       45,        0,        3,
               0,       63,    69549,  3374777,     6752,   500759,   819111,
          289762,  1909695, 10146418], device='cuda:0', dtype=torch.int32)
2026/06/22 07:37:40 - mmengine - INFO - tensor([   38834,        0,      105,  1463458,      328,        0,      741,
               0,     1364,   300386,  5927707,    15209,  1554593,  2406654,
         1491803,  5813957, 19015140], device='cuda:0', dtype=torch.int32)
2026/06/22 07:37:40 - mmengine - INFO - mIoU: 7.608874420543543, iou2: 24.432348251342773
2026/06/22 07:37:40 - mmengine - INFO - Current val loss is 30.976
2026/06/22 07:38:06 - mmengine - INFO - [TRAIN] Epoch 1 Iter     0/750: Loss: 37.665 (37.665), grad_norm: 34.177, lr: 0.0000200, time: 16.352 (6.943)
2026/06/22 07:38:06 - mmengine - INFO - OccupancyLoss: 7.64190, OccupancyFlowLoss: 17.57960, DetectionLoss: 8.08706, RenderSemLoss: 0.00000, RenderDepthLoss: 3.49409, RenderExtraDepthLoss: 0.72951, RenderAccLoss: 0.13246
2026/06/22 07:42:19 - mmengine - INFO - [TRAIN] Epoch 1 Iter    50/750: Loss: 24.375 (32.781), grad_norm: 28.379, lr: 0.0000200, time: 4.937 (0.009)
2026/06/22 07:42:19 - mmengine - INFO - OccupancyLoss: 7.78317, OccupancyFlowLoss: 8.81928, DetectionLoss: 5.00899, RenderSemLoss: 0.00000, RenderDepthLoss: 2.14824, RenderExtraDepthLoss: 0.37978, RenderAccLoss: 0.23553
2026/06/22 07:46:32 - mmengine - INFO - [TRAIN] Epoch 1 Iter   100/750: Loss: 33.169 (31.882), grad_norm: 42.490, lr: 0.0000200, time: 5.175 (0.009)
2026/06/22 07:46:32 - mmengine - INFO - OccupancyLoss: 7.32242, OccupancyFlowLoss: 17.63448, DetectionLoss: 4.60753, RenderSemLoss: 0.00000, RenderDepthLoss: 2.83025, RenderExtraDepthLoss: 0.54951, RenderAccLoss: 0.22497
2026/06/22 07:50:45 - mmengine - INFO - [TRAIN] Epoch 1 Iter   150/750: Loss: 30.797 (33.703), grad_norm: 26.829, lr: 0.0000200, time: 4.977 (0.009)
2026/06/22 07:50:45 - mmengine - INFO - OccupancyLoss: 6.91737, OccupancyFlowLoss: 17.64368, DetectionLoss: 3.67368, RenderSemLoss: 0.00000, RenderDepthLoss: 1.90016, RenderExtraDepthLoss: 0.43776, RenderAccLoss: 0.22397
2026/06/22 07:54:59 - mmengine - INFO - [TRAIN] Epoch 1 Iter   200/750: Loss: 25.929 (31.661), grad_norm: 30.858, lr: 0.0000200, time: 4.966 (0.009)
2026/06/22 07:54:59 - mmengine - INFO - OccupancyLoss: 5.32486, OccupancyFlowLoss: 17.44926, DetectionLoss: 2.31096, RenderSemLoss: 0.00000, RenderDepthLoss: 0.60885, RenderExtraDepthLoss: 0.20021, RenderAccLoss: 0.03453
2026/06/22 07:59:13 - mmengine - INFO - [TRAIN] Epoch 1 Iter   250/750: Loss: 30.065 (34.009), grad_norm: 36.310, lr: 0.0000200, time: 5.650 (0.009)
2026/06/22 07:59:13 - mmengine - INFO - OccupancyLoss: 4.59829, OccupancyFlowLoss: 17.44061, DetectionLoss: 6.19495, RenderSemLoss: 0.00000, RenderDepthLoss: 1.35010, RenderExtraDepthLoss: 0.30669, RenderAccLoss: 0.17450
2026/06/22 08:03:26 - mmengine - INFO - [TRAIN] Epoch 1 Iter   300/750: Loss: 35.028 (32.590), grad_norm: 19.425, lr: 0.0000200, time: 4.976 (0.008)
2026/06/22 08:03:26 - mmengine - INFO - OccupancyLoss: 8.12339, OccupancyFlowLoss: 17.88594, DetectionLoss: 6.85112, RenderSemLoss: 0.00000, RenderDepthLoss: 1.63288, RenderExtraDepthLoss: 0.39710, RenderAccLoss: 0.13767
2026/06/22 08:07:37 - mmengine - INFO - [TRAIN] Epoch 1 Iter   350/750: Loss: 37.854 (33.115), grad_norm: 24.113, lr: 0.0000200, time: 4.986 (0.009)
2026/06/22 08:07:37 - mmengine - INFO - OccupancyLoss: 13.87599, OccupancyFlowLoss: 16.99281, DetectionLoss: 4.30032, RenderSemLoss: 0.00000, RenderDepthLoss: 1.89958, RenderExtraDepthLoss: 0.55814, RenderAccLoss: 0.22689
2026/06/22 08:11:54 - mmengine - INFO - [TRAIN] Epoch 1 Iter   400/750: Loss: 30.617 (32.811), grad_norm: 23.183, lr: 0.0000200, time: 4.992 (0.009)
2026/06/22 08:11:54 - mmengine - INFO - OccupancyLoss: 6.94220, OccupancyFlowLoss: 17.52736, DetectionLoss: 3.83282, RenderSemLoss: 0.00000, RenderDepthLoss: 1.84321, RenderExtraDepthLoss: 0.32152, RenderAccLoss: 0.15015
2026/06/22 08:16:06 - mmengine - INFO - [TRAIN] Epoch 1 Iter   450/750: Loss: 30.214 (32.572), grad_norm: 26.901, lr: 0.0000200, time: 5.086 (0.009)
2026/06/22 08:16:06 - mmengine - INFO - OccupancyLoss: 6.53603, OccupancyFlowLoss: 17.39920, DetectionLoss: 4.69414, RenderSemLoss: 0.00000, RenderDepthLoss: 1.05122, RenderExtraDepthLoss: 0.33189, RenderAccLoss: 0.20129
2026/06/22 08:20:19 - mmengine - INFO - [TRAIN] Epoch 1 Iter   500/750: Loss: 36.783 (33.615), grad_norm: 31.984, lr: 0.0000200, time: 5.074 (0.009)
2026/06/22 08:20:19 - mmengine - INFO - OccupancyLoss: 8.19110, OccupancyFlowLoss: 17.42634, DetectionLoss: 8.39027, RenderSemLoss: 0.00000, RenderDepthLoss: 2.12162, RenderExtraDepthLoss: 0.47120, RenderAccLoss: 0.18288
2026/06/22 08:24:32 - mmengine - INFO - [TRAIN] Epoch 1 Iter   550/750: Loss: 33.404 (33.190), grad_norm: 45.926, lr: 0.0000200, time: 5.096 (0.008)
2026/06/22 08:24:32 - mmengine - INFO - OccupancyLoss: 8.98313, OccupancyFlowLoss: 17.47849, DetectionLoss: 5.56333, RenderSemLoss: 0.00000, RenderDepthLoss: 0.98668, RenderExtraDepthLoss: 0.31966, RenderAccLoss: 0.07243
2026/06/22 08:28:44 - mmengine - INFO - [TRAIN] Epoch 1 Iter   600/750: Loss: 36.318 (33.128), grad_norm: 56.473, lr: 0.0000200, time: 5.022 (0.009)
2026/06/22 08:28:44 - mmengine - INFO - OccupancyLoss: 7.08163, OccupancyFlowLoss: 17.12998, DetectionLoss: 9.59680, RenderSemLoss: 0.00000, RenderDepthLoss: 1.79187, RenderExtraDepthLoss: 0.45924, RenderAccLoss: 0.25849
2026/06/22 08:32:57 - mmengine - INFO - [TRAIN] Epoch 1 Iter   650/750: Loss: 34.126 (33.863), grad_norm: 31.770, lr: 0.0000200, time: 5.096 (0.009)
2026/06/22 08:32:57 - mmengine - INFO - OccupancyLoss: 7.36220, OccupancyFlowLoss: 17.44558, DetectionLoss: 6.34553, RenderSemLoss: 0.00000, RenderDepthLoss: 2.30845, RenderExtraDepthLoss: 0.49637, RenderAccLoss: 0.16815
2026/06/22 08:37:14 - mmengine - INFO - [TRAIN] Epoch 1 Iter   700/750: Loss: 38.793 (31.916), grad_norm: 43.161, lr: 0.0000200, time: 5.178 (0.009)
2026/06/22 08:37:14 - mmengine - INFO - OccupancyLoss: 13.39116, OccupancyFlowLoss: 17.35727, DetectionLoss: 5.60440, RenderSemLoss: 0.00000, RenderDepthLoss: 1.90391, RenderExtraDepthLoss: 0.40034, RenderAccLoss: 0.13569
2026/06/22 08:41:36 - mmengine - INFO - [EVAL] Epoch 2 Iter     0: Loss: 29.280 (29.280)
2026/06/22 08:41:36 - mmengine - INFO - OccupancyLoss: 7.01502, OccupancyFlowLoss: 17.78402, DetectionLoss: 4.48054, RenderSemLoss: 0.00000, RenderDepthLoss: 0.00000, RenderExtraDepthLoss: 0.00000, RenderAccLoss: 0.00000
2026/06/22 08:43:47 - mmengine - INFO - [EVAL] Epoch 2 Iter    50: Loss: 29.833 (31.169)
2026/06/22 08:43:47 - mmengine - INFO - OccupancyLoss: 7.52596, OccupancyFlowLoss: 17.63226, DetectionLoss: 4.67456, RenderSemLoss: 0.00000, RenderDepthLoss: 0.00000, RenderExtraDepthLoss: 0.00000, RenderAccLoss: 0.00000
2026/06/22 08:45:49 - mmengine - INFO - [EVAL] Epoch 2 Iter   100: Loss: 30.767 (30.899)
2026/06/22 08:45:49 - mmengine - INFO - OccupancyLoss: 9.12877, OccupancyFlowLoss: 17.44111, DetectionLoss: 4.19734, RenderSemLoss: 0.00000, RenderDepthLoss: 0.00000, RenderExtraDepthLoss: 0.00000, RenderAccLoss: 0.00000
2026/06/22 08:47:58 - mmengine - INFO - [EVAL] Epoch 2 Iter   150: Loss: 12.826 (31.421)
2026/06/22 08:47:58 - mmengine - INFO - OccupancyLoss: 6.59149, OccupancyFlowLoss: 5.89178, DetectionLoss: 0.34306, RenderSemLoss: 0.00000, RenderDepthLoss: 0.00000, RenderExtraDepthLoss: 0.00000, RenderAccLoss: 0.00000
2026/06/22 08:49:54 - mmengine - INFO - [EVAL] Epoch 2 Iter   200: Loss: 23.471 (31.591)
2026/06/22 08:49:54 - mmengine - INFO - OccupancyLoss: 10.74366, OccupancyFlowLoss: 8.87716, DetectionLoss: 3.85057, RenderSemLoss: 0.00000, RenderDepthLoss: 0.00000, RenderExtraDepthLoss: 0.00000, RenderAccLoss: 0.00000
2026/06/22 08:51:54 - mmengine - INFO - [EVAL] Epoch 2 Iter   250: Loss: 32.714 (31.788)
2026/06/22 08:51:54 - mmengine - INFO - OccupancyLoss: 8.79990, OccupancyFlowLoss: 17.41778, DetectionLoss: 6.49649, RenderSemLoss: 0.00000, RenderDepthLoss: 0.00000, RenderExtraDepthLoss: 0.00000, RenderAccLoss: 0.00000
2026/06/22 08:53:49 - mmengine - INFO - [EVAL] Epoch 2 Iter   300: Loss: 31.499 (31.561)
2026/06/22 08:53:49 - mmengine - INFO - OccupancyLoss: 9.18638, OccupancyFlowLoss: 17.68233, DetectionLoss: 4.63023, RenderSemLoss: 0.00000, RenderDepthLoss: 0.00000, RenderExtraDepthLoss: 0.00000, RenderAccLoss: 0.00000
2026/06/22 08:55:47 - mmengine - INFO - [EVAL] Epoch 2 Iter   350: Loss: 22.598 (31.742)
2026/06/22 08:55:47 - mmengine - INFO - OccupancyLoss: 7.81229, OccupancyFlowLoss: 8.88081, DetectionLoss: 5.90460, RenderSemLoss: 0.00000, RenderDepthLoss: 0.00000, RenderExtraDepthLoss: 0.00000, RenderAccLoss: 0.00000
2026/06/22 08:57:40 - mmengine - INFO - [EVAL] Epoch 2 Iter   400: Loss: 18.766 (31.587)
2026/06/22 08:57:40 - mmengine - INFO - OccupancyLoss: 8.20757, OccupancyFlowLoss: 2.97503, DetectionLoss: 7.58376, RenderSemLoss: 0.00000, RenderDepthLoss: 0.00000, RenderExtraDepthLoss: 0.00000, RenderAccLoss: 0.00000
2026/06/22 08:59:30 - mmengine - INFO - [EVAL] Epoch 2 Iter   450: Loss: 40.108 (31.629)
2026/06/22 08:59:30 - mmengine - INFO - OccupancyLoss: 9.11718, OccupancyFlowLoss: 17.65626, DetectionLoss: 13.33456, RenderSemLoss: 0.00000, RenderDepthLoss: 0.00000, RenderExtraDepthLoss: 0.00000, RenderAccLoss: 0.00000
2026/06/22 09:01:14 - mmengine - INFO - Validation per class iou none:
2026/06/22 09:01:14 - mmengine - INFO - barrier : 1.41%, 0.15, 0.02
2026/06/22 09:01:14 - mmengine - INFO - bicycle : 0.00%, 0.00, 0.00
2026/06/22 09:01:14 - mmengine - INFO - bus : 4.58%, 0.25, 0.05
2026/06/22 09:01:14 - mmengine - INFO - car : 20.23%, 0.42, 0.28
2026/06/22 09:01:14 - mmengine - INFO - construction_vehicle : 0.06%, 0.05, 0.00
2026/06/22 09:01:14 - mmengine - INFO - motorcycle : 0.00%, 0.00, 0.00
2026/06/22 09:01:14 - mmengine - INFO - pedestrian : 0.00%, 0.00, 0.00
2026/06/22 09:01:14 - mmengine - INFO - traffic_cone : 0.00%, 0.00, 0.00
2026/06/22 09:01:14 - mmengine - INFO - trailer : 3.46%, 0.09, 0.05
2026/06/22 09:01:14 - mmengine - INFO - truck : 10.16%, 0.24, 0.15
2026/06/22 09:01:14 - mmengine - INFO - driveable_surface : 32.37%, 0.56, 0.43
2026/06/22 09:01:14 - mmengine - INFO - other_flat : 4.23%, 0.26, 0.05
2026/06/22 09:01:14 - mmengine - INFO - sidewalk : 11.51%, 0.32, 0.15
2026/06/22 09:01:14 - mmengine - INFO - terrain : 14.27%, 0.30, 0.21
2026/06/22 09:01:14 - mmengine - INFO - manmade : 6.86%, 0.21, 0.09
2026/06/22 09:01:14 - mmengine - INFO - vegetation : 17.50%, 0.30, 0.29
2026/06/22 09:01:14 - mmengine - INFO - tensor([  213109,    14566,   204192,  1435223,   106632,    22025,   206833,
           42653,   134799,   555406,  7051599,   345594,  2482869,  3418334,
         7852446,  8317553, 32659904], device='cuda:0', dtype=torch.int32)
2026/06/22 09:01:14 - mmengine - INFO - tensor([    3260,        0,    10881,   403439,       70,        0,        0,
               0,     7008,    82840,  3044491,    16643,   380484,   725767,
          726504,  2446883, 10580947], device='cuda:0', dtype=torch.int32)
2026/06/22 09:01:14 - mmengine - INFO - tensor([   22077,        0,    44310,   962470,     1324,        0,      416,
               0,    74736,   342570,  5397770,    64237,  1203284,  2391903,
         3466135,  8113170, 22084402], device='cuda:0', dtype=torch.int32)
2026/06/22 09:01:14 - mmengine - INFO - mIoU: 7.915504050833988, iou2: 23.95865821838379
2026/06/22 09:01:14 - mmengine - INFO - Current val loss is 31.698
2026/06/22 09:01:41 - mmengine - INFO - [TRAIN] Epoch 2 Iter     0/750: Loss: 50.378 (50.378), grad_norm: 36.276, lr: 0.0000200, time: 16.526 (9.275)
2026/06/22 09:01:41 - mmengine - INFO - OccupancyLoss: 20.48211, OccupancyFlowLoss: 16.43120, DetectionLoss: 9.08245, RenderSemLoss: 0.00000, RenderDepthLoss: 3.29611, RenderExtraDepthLoss: 0.81461, RenderAccLoss: 0.27126
2026/06/22 09:05:55 - mmengine - INFO - [TRAIN] Epoch 2 Iter    50/750: Loss: 35.637 (33.586), grad_norm: 32.778, lr: 0.0000200, time: 4.976 (0.009)
2026/06/22 09:05:55 - mmengine - INFO - OccupancyLoss: 7.10573, OccupancyFlowLoss: 17.72583, DetectionLoss: 9.45098, RenderSemLoss: 0.00000, RenderDepthLoss: 0.94101, RenderExtraDepthLoss: 0.27337, RenderAccLoss: 0.14011
2026/06/22 09:10:15 - mmengine - INFO - [TRAIN] Epoch 2 Iter   100/750: Loss: 28.947 (32.629), grad_norm: 27.834, lr: 0.0000200, time: 4.985 (0.009)
2026/06/22 09:10:15 - mmengine - INFO - OccupancyLoss: 7.84630, OccupancyFlowLoss: 17.39936, DetectionLoss: 1.65723, RenderSemLoss: 0.00000, RenderDepthLoss: 1.54889, RenderExtraDepthLoss: 0.30939, RenderAccLoss: 0.18598
2026/06/22 09:14:28 - mmengine - INFO - [TRAIN] Epoch 2 Iter   150/750: Loss: 16.704 (32.376), grad_norm: 27.237, lr: 0.0000200, time: 4.824 (0.009)
2026/06/22 09:14:28 - mmengine - INFO - OccupancyLoss: 9.02203, OccupancyFlowLoss: 0.00000, DetectionLoss: 3.87145, RenderSemLoss: 0.00000, RenderDepthLoss: 2.82680, RenderExtraDepthLoss: 0.78309, RenderAccLoss: 0.20087
2026/06/22 09:18:42 - mmengine - INFO - [TRAIN] Epoch 2 Iter   200/750: Loss: 27.838 (32.356), grad_norm: 32.923, lr: 0.0000200, time: 5.179 (0.008)
2026/06/22 09:18:42 - mmengine - INFO - OccupancyLoss: 7.10348, OccupancyFlowLoss: 17.18522, DetectionLoss: 1.92736, RenderSemLoss: 0.00000, RenderDepthLoss: 1.24480, RenderExtraDepthLoss: 0.28897, RenderAccLoss: 0.08811
2026/06/22 09:23:06 - mmengine - INFO - [TRAIN] Epoch 2 Iter   250/750: Loss: 33.277 (32.403), grad_norm: 38.581, lr: 0.0000200, time: 5.179 (0.009)
2026/06/22 09:23:06 - mmengine - INFO - OccupancyLoss: 7.95554, OccupancyFlowLoss: 17.46932, DetectionLoss: 5.20591, RenderSemLoss: 0.00000, RenderDepthLoss: 2.02835, RenderExtraDepthLoss: 0.45384, RenderAccLoss: 0.16438
2026/06/22 09:27:19 - mmengine - INFO - [TRAIN] Epoch 2 Iter   300/750: Loss: 30.496 (31.804), grad_norm: 35.225, lr: 0.0000200, time: 5.185 (0.009)
2026/06/22 09:27:19 - mmengine - INFO - OccupancyLoss: 8.71734, OccupancyFlowLoss: 17.26490, DetectionLoss: 1.70108, RenderSemLoss: 0.00000, RenderDepthLoss: 2.19268, RenderExtraDepthLoss: 0.40534, RenderAccLoss: 0.21451
2026/06/22 09:31:31 - mmengine - INFO - [TRAIN] Epoch 2 Iter   350/750: Loss: 26.517 (31.828), grad_norm: 40.730, lr: 0.0000200, time: 5.102 (0.009)
2026/06/22 09:31:31 - mmengine - INFO - OccupancyLoss: 8.10110, OccupancyFlowLoss: 11.73641, DetectionLoss: 3.51709, RenderSemLoss: 0.00000, RenderDepthLoss: 2.51444, RenderExtraDepthLoss: 0.45586, RenderAccLoss: 0.19167
2026/06/22 09:35:45 - mmengine - INFO - [TRAIN] Epoch 2 Iter   400/750: Loss: 24.866 (30.711), grad_norm: 34.831, lr: 0.0000200, time: 4.972 (0.009)
2026/06/22 09:35:45 - mmengine - INFO - OccupancyLoss: 7.02151, OccupancyFlowLoss: 8.87208, DetectionLoss: 6.87177, RenderSemLoss: 0.00000, RenderDepthLoss: 1.49332, RenderExtraDepthLoss: 0.39171, RenderAccLoss: 0.21589
2026/06/22 09:39:59 - mmengine - INFO - [TRAIN] Epoch 2 Iter   450/750: Loss: 32.526 (31.344), grad_norm: 34.005, lr: 0.0000200, time: 5.053 (0.009)
2026/06/22 09:39:59 - mmengine - INFO - OccupancyLoss: 6.31558, OccupancyFlowLoss: 17.76600, DetectionLoss: 6.92185, RenderSemLoss: 0.00000, RenderDepthLoss: 1.12562, RenderExtraDepthLoss: 0.29618, RenderAccLoss: 0.10065
2026/06/22 09:44:12 - mmengine - INFO - [TRAIN] Epoch 2 Iter   500/750: Loss: 26.892 (31.485), grad_norm: 36.805, lr: 0.0000200, time: 5.606 (0.009)
2026/06/22 09:44:12 - mmengine - INFO - OccupancyLoss: 5.18185, OccupancyFlowLoss: 17.15299, DetectionLoss: 2.87121, RenderSemLoss: 0.00000, RenderDepthLoss: 1.30631, RenderExtraDepthLoss: 0.28905, RenderAccLoss: 0.09027
2026/06/22 09:48:24 - mmengine - INFO - [TRAIN] Epoch 2 Iter   550/750: Loss: 24.951 (33.285), grad_norm: 45.956, lr: 0.0000200, time: 4.976 (0.008)
2026/06/22 09:48:24 - mmengine - INFO - OccupancyLoss: 6.19220, OccupancyFlowLoss: 11.55605, DetectionLoss: 4.64702, RenderSemLoss: 0.00000, RenderDepthLoss: 1.71970, RenderExtraDepthLoss: 0.51911, RenderAccLoss: 0.31698
2026/06/22 09:52:36 - mmengine - INFO - [TRAIN] Epoch 2 Iter   600/750: Loss: 34.369 (32.183), grad_norm: 32.561, lr: 0.0000200, time: 5.173 (0.009)
2026/06/22 09:52:36 - mmengine - INFO - OccupancyLoss: 8.63493, OccupancyFlowLoss: 17.55154, DetectionLoss: 6.64444, RenderSemLoss: 0.00000, RenderDepthLoss: 1.11362, RenderExtraDepthLoss: 0.27231, RenderAccLoss: 0.15247
2026/06/22 09:56:49 - mmengine - INFO - [TRAIN] Epoch 2 Iter   650/750: Loss: 32.443 (30.586), grad_norm: 28.970, lr: 0.0000200, time: 4.969 (0.009)
2026/06/22 09:56:49 - mmengine - INFO - OccupancyLoss: 6.37517, OccupancyFlowLoss: 17.70963, DetectionLoss: 7.04664, RenderSemLoss: 0.00000, RenderDepthLoss: 0.86151, RenderExtraDepthLoss: 0.31589, RenderAccLoss: 0.13430
2026/06/22 10:01:03 - mmengine - INFO - [TRAIN] Epoch 2 Iter   700/750: Loss: 26.863 (30.977), grad_norm: 40.524, lr: 0.0000200, time: 5.127 (0.009)
2026/06/22 10:01:03 - mmengine - INFO - OccupancyLoss: 8.40730, OccupancyFlowLoss: 14.59966, DetectionLoss: 1.21382, RenderSemLoss: 0.00000, RenderDepthLoss: 2.07887, RenderExtraDepthLoss: 0.42356, RenderAccLoss: 0.13988
2026/06/22 10:05:21 - mmengine - INFO - [EVAL] Epoch 3 Iter     0: Loss: 29.519 (29.519)
2026/06/22 10:05:21 - mmengine - INFO - OccupancyLoss: 6.16574, OccupancyFlowLoss: 17.68831, DetectionLoss: 5.66489, RenderSemLoss: 0.00000, RenderDepthLoss: 0.00000, RenderExtraDepthLoss: 0.00000, RenderAccLoss: 0.00000
2026/06/22 10:06:54 - mmengine - INFO - [EVAL] Epoch 3 Iter    50: Loss: 29.107 (30.570)
2026/06/22 10:06:54 - mmengine - INFO - OccupancyLoss: 6.74467, OccupancyFlowLoss: 17.54589, DetectionLoss: 4.81633, RenderSemLoss: 0.00000, RenderDepthLoss: 0.00000, RenderExtraDepthLoss: 0.00000, RenderAccLoss: 0.00000
2026/06/22 10:08:27 - mmengine - INFO - [EVAL] Epoch 3 Iter   100: Loss: 31.269 (30.278)
2026/06/22 10:08:27 - mmengine - INFO - OccupancyLoss: 8.92312, OccupancyFlowLoss: 17.41506, DetectionLoss: 4.93131, RenderSemLoss: 0.00000, RenderDepthLoss: 0.00000, RenderExtraDepthLoss: 0.00000, RenderAccLoss: 0.00000
2026/06/22 10:10:07 - mmengine - INFO - [EVAL] Epoch 3 Iter   150: Loss: 13.031 (30.820)
2026/06/22 10:10:07 - mmengine - INFO - OccupancyLoss: 6.73823, OccupancyFlowLoss: 5.88668, DetectionLoss: 0.40637, RenderSemLoss: 0.00000, RenderDepthLoss: 0.00000, RenderExtraDepthLoss: 0.00000, RenderAccLoss: 0.00000
2026/06/22 10:11:36 - mmengine - INFO - [EVAL] Epoch 3 Iter   200: Loss: 23.031 (30.932)
2026/06/22 10:11:36 - mmengine - INFO - OccupancyLoss: 10.28318, OccupancyFlowLoss: 8.72148, DetectionLoss: 4.02605, RenderSemLoss: 0.00000, RenderDepthLoss: 0.00000, RenderExtraDepthLoss: 0.00000, RenderAccLoss: 0.00000
2026/06/22 10:13:16 - mmengine - INFO - [EVAL] Epoch 3 Iter   250: Loss: 32.248 (31.114)
2026/06/22 10:13:16 - mmengine - INFO - OccupancyLoss: 8.15627, OccupancyFlowLoss: 17.30815, DetectionLoss: 6.78383, RenderSemLoss: 0.00000, RenderDepthLoss: 0.00000, RenderExtraDepthLoss: 0.00000, RenderAccLoss: 0.00000
2026/06/22 10:14:48 - mmengine - INFO - [EVAL] Epoch 3 Iter   300: Loss: 31.247 (30.960)
2026/06/22 10:14:48 - mmengine - INFO - OccupancyLoss: 8.98348, OccupancyFlowLoss: 17.59455, DetectionLoss: 4.66898, RenderSemLoss: 0.00000, RenderDepthLoss: 0.00000, RenderExtraDepthLoss: 0.00000, RenderAccLoss: 0.00000
2026/06/22 10:16:20 - mmengine - INFO - [EVAL] Epoch 3 Iter   350: Loss: 23.672 (31.128)
2026/06/22 10:16:20 - mmengine - INFO - OccupancyLoss: 7.65817, OccupancyFlowLoss: 8.82594, DetectionLoss: 7.18819, RenderSemLoss: 0.00000, RenderDepthLoss: 0.00000, RenderExtraDepthLoss: 0.00000, RenderAccLoss: 0.00000
2026/06/22 10:17:49 - mmengine - INFO - [EVAL] Epoch 3 Iter   400: Loss: 17.753 (30.988)
2026/06/22 10:17:49 - mmengine - INFO - OccupancyLoss: 7.54087, OccupancyFlowLoss: 2.93755, DetectionLoss: 7.27475, RenderSemLoss: 0.00000, RenderDepthLoss: 0.00000, RenderExtraDepthLoss: 0.00000, RenderAccLoss: 0.00000
2026/06/22 10:19:23 - mmengine - INFO - [EVAL] Epoch 3 Iter   450: Loss: 38.247 (31.033)
2026/06/22 10:19:23 - mmengine - INFO - OccupancyLoss: 8.64091, OccupancyFlowLoss: 17.58209, DetectionLoss: 12.02367, RenderSemLoss: 0.00000, RenderDepthLoss: 0.00000, RenderExtraDepthLoss: 0.00000, RenderAccLoss: 0.00000
2026/06/22 10:22:35 - mmengine - INFO - Validation per class iou none:
2026/06/22 10:22:35 - mmengine - INFO - barrier : 5.79%, 0.16, 0.08
2026/06/22 10:22:35 - mmengine - INFO - bicycle : 0.00%, 0.00, 0.00
2026/06/22 10:22:35 - mmengine - INFO - bus : 2.18%, 0.22, 0.02
2026/06/22 10:22:35 - mmengine - INFO - car : 18.30%, 0.39, 0.26
2026/06/22 10:22:35 - mmengine - INFO - construction_vehicle : 0.02%, 0.02, 0.00
2026/06/22 10:22:35 - mmengine - INFO - motorcycle : 0.00%, 0.00, 0.00
2026/06/22 10:22:35 - mmengine - INFO - pedestrian : 0.09%, 0.03, 0.00
2026/06/22 10:22:35 - mmengine - INFO - traffic_cone : 0.00%, 0.00, 0.00
2026/06/22 10:22:35 - mmengine - INFO - trailer : 0.77%, 0.14, 0.01
2026/06/22 10:22:35 - mmengine - INFO - truck : 7.66%, 0.26, 0.10
2026/06/22 10:22:35 - mmengine - INFO - driveable_surface : 31.38%, 0.59, 0.40
2026/06/22 10:22:35 - mmengine - INFO - other_flat : 8.91%, 0.26, 0.12
2026/06/22 10:22:35 - mmengine - INFO - sidewalk : 12.92%, 0.28, 0.20
2026/06/22 10:22:35 - mmengine - INFO - terrain : 14.28%, 0.31, 0.21
2026/06/22 10:22:35 - mmengine - INFO - manmade : 2.26%, 0.23, 0.02
2026/06/22 10:22:35 - mmengine - INFO - vegetation : 14.21%, 0.34, 0.20
2026/06/22 10:22:35 - mmengine - INFO - tensor([  213109,    14566,   204192,  1435223,   106632,    22025,   206833,
           42653,   134799,   555406,  7051599,   345594,  2482869,  3418334,
         7852446,  8317553, 32659904], device='cuda:0', dtype=torch.int32)
2026/06/22 10:22:35 - mmengine - INFO - tensor([  17794,       0,    4822,  370350,      24,       0,     186,       0,
           1095,   54816, 2824548,   41425,  485240,  708844,  191857, 1622837,
        8733612], device='cuda:0', dtype=torch.int32)
2026/06/22 10:22:35 - mmengine - INFO - tensor([  112170,        0,    21486,   958660,     1027,        0,     7356,
               0,     8027,   214910,  4774937,   160587,  1759235,  2253310,
          838890,  4725441, 15836036], device='cuda:0', dtype=torch.int32)
2026/06/22 10:22:35 - mmengine - INFO - mIoU: 7.4232785795175005, iou2: 21.964540481567383
2026/06/22 10:22:35 - mmengine - INFO - Current val loss is 31.124
2026/06/22 10:23:02 - mmengine - INFO - [TRAIN] Epoch 3 Iter     0/750: Loss: 32.474 (32.474), grad_norm: 88.292, lr: 0.0000200, time: 16.896 (6.269)
2026/06/22 10:23:02 - mmengine - INFO - OccupancyLoss: 6.08805, OccupancyFlowLoss: 17.51266, DetectionLoss: 7.44890, RenderSemLoss: 0.00000, RenderDepthLoss: 1.06675, RenderExtraDepthLoss: 0.24980, RenderAccLoss: 0.10783
2026/06/22 10:27:15 - mmengine - INFO - [TRAIN] Epoch 3 Iter    50/750: Loss: 29.468 (32.780), grad_norm: 34.047, lr: 0.0000200, time: 4.878 (0.008)
2026/06/22 10:27:15 - mmengine - INFO - OccupancyLoss: 6.44912, OccupancyFlowLoss: 17.59053, DetectionLoss: 3.17608, RenderSemLoss: 0.00000, RenderDepthLoss: 1.70355, RenderExtraDepthLoss: 0.37744, RenderAccLoss: 0.17120
2026/06/22 10:31:29 - mmengine - INFO - [TRAIN] Epoch 3 Iter   100/750: Loss: 31.350 (31.944), grad_norm: 43.662, lr: 0.0000200, time: 4.973 (0.008)
2026/06/22 10:31:29 - mmengine - INFO - OccupancyLoss: 6.61460, OccupancyFlowLoss: 14.19934, DetectionLoss: 7.90647, RenderSemLoss: 0.00000, RenderDepthLoss: 1.79014, RenderExtraDepthLoss: 0.60746, RenderAccLoss: 0.23213
2026/06/22 10:35:43 - mmengine - INFO - [TRAIN] Epoch 3 Iter   150/750: Loss: 30.468 (31.658), grad_norm: 46.771, lr: 0.0000200, time: 5.196 (0.008)
2026/06/22 10:35:43 - mmengine - INFO - OccupancyLoss: 5.57645, OccupancyFlowLoss: 17.52530, DetectionLoss: 5.85851, RenderSemLoss: 0.00000, RenderDepthLoss: 1.13437, RenderExtraDepthLoss: 0.23713, RenderAccLoss: 0.13610
2026/06/22 10:39:57 - mmengine - INFO - [TRAIN] Epoch 3 Iter   200/750: Loss: 29.694 (32.652), grad_norm: 41.166, lr: 0.0000200, time: 5.079 (0.009)
2026/06/22 10:39:57 - mmengine - INFO - OccupancyLoss: 5.64614, OccupancyFlowLoss: 17.74971, DetectionLoss: 4.07095, RenderSemLoss: 0.00000, RenderDepthLoss: 1.57823, RenderExtraDepthLoss: 0.35154, RenderAccLoss: 0.29772
2026/06/22 10:44:13 - mmengine - INFO - [TRAIN] Epoch 3 Iter   250/750: Loss: 24.896 (31.998), grad_norm: 60.550, lr: 0.0000200, time: 5.669 (0.009)
2026/06/22 10:44:13 - mmengine - INFO - OccupancyLoss: 7.59332, OccupancyFlowLoss: 5.96941, DetectionLoss: 7.08743, RenderSemLoss: 0.00000, RenderDepthLoss: 3.51112, RenderExtraDepthLoss: 0.59660, RenderAccLoss: 0.13783
2026/06/22 10:48:26 - mmengine - INFO - [TRAIN] Epoch 3 Iter   300/750: Loss: 41.638 (30.943), grad_norm: 33.203, lr: 0.0000200, time: 5.045 (0.009)
2026/06/22 10:48:26 - mmengine - INFO - OccupancyLoss: 13.99114, OccupancyFlowLoss: 16.72597, DetectionLoss: 8.25900, RenderSemLoss: 0.00000, RenderDepthLoss: 2.06833, RenderExtraDepthLoss: 0.46385, RenderAccLoss: 0.12984
2026/06/22 10:52:40 - mmengine - INFO - [TRAIN] Epoch 3 Iter   350/750: Loss: 37.562 (31.179), grad_norm: 35.831, lr: 0.0000200, time: 5.050 (0.009)
2026/06/22 10:52:40 - mmengine - INFO - OccupancyLoss: 11.65577, OccupancyFlowLoss: 17.60089, DetectionLoss: 5.33909, RenderSemLoss: 0.00000, RenderDepthLoss: 2.21904, RenderExtraDepthLoss: 0.51349, RenderAccLoss: 0.23355
2026/06/22 10:56:52 - mmengine - INFO - [TRAIN] Epoch 3 Iter   400/750: Loss: 37.198 (31.837), grad_norm: 57.599, lr: 0.0000200, time: 5.177 (0.009)
2026/06/22 10:56:52 - mmengine - INFO - OccupancyLoss: 12.24201, OccupancyFlowLoss: 16.92384, DetectionLoss: 5.81991, RenderSemLoss: 0.00000, RenderDepthLoss: 1.72873, RenderExtraDepthLoss: 0.37650, RenderAccLoss: 0.10677
2026/06/22 11:01:05 - mmengine - INFO - [TRAIN] Epoch 3 Iter   450/750: Loss: 33.156 (32.516), grad_norm: 38.773, lr: 0.0000200, time: 5.121 (0.008)
2026/06/22 11:01:05 - mmengine - INFO - OccupancyLoss: 9.74870, OccupancyFlowLoss: 17.20519, DetectionLoss: 2.98889, RenderSemLoss: 0.00000, RenderDepthLoss: 2.58092, RenderExtraDepthLoss: 0.52706, RenderAccLoss: 0.10530
2026/06/22 11:05:20 - mmengine - INFO - [TRAIN] Epoch 3 Iter   500/750: Loss: 35.555 (31.716), grad_norm: 35.663, lr: 0.0000200, time: 5.036 (0.009)
2026/06/22 11:05:20 - mmengine - INFO - OccupancyLoss: 10.34564, OccupancyFlowLoss: 17.53343, DetectionLoss: 5.26618, RenderSemLoss: 0.00000, RenderDepthLoss: 1.92987, RenderExtraDepthLoss: 0.42288, RenderAccLoss: 0.05671
2026/06/22 11:09:46 - mmengine - INFO - [TRAIN] Epoch 3 Iter   550/750: Loss: 37.459 (31.515), grad_norm: 52.560, lr: 0.0000200, time: 4.906 (0.009)
2026/06/22 11:09:46 - mmengine - INFO - OccupancyLoss: 10.00952, OccupancyFlowLoss: 17.31026, DetectionLoss: 7.27713, RenderSemLoss: 0.00000, RenderDepthLoss: 2.32343, RenderExtraDepthLoss: 0.41354, RenderAccLoss: 0.12490
2026/06/22 11:14:13 - mmengine - INFO - [TRAIN] Epoch 3 Iter   600/750: Loss: 31.945 (31.527), grad_norm: 26.159, lr: 0.0000200, time: 5.082 (0.009)
2026/06/22 11:14:13 - mmengine - INFO - OccupancyLoss: 5.97254, OccupancyFlowLoss: 17.70573, DetectionLoss: 6.36479, RenderSemLoss: 0.00000, RenderDepthLoss: 1.35797, RenderExtraDepthLoss: 0.38216, RenderAccLoss: 0.16187
2026/06/22 11:18:28 - mmengine - INFO - [TRAIN] Epoch 3 Iter   650/750: Loss: 43.591 (31.883), grad_norm: 53.697, lr: 0.0000200, time: 4.930 (0.009)
2026/06/22 11:18:28 - mmengine - INFO - OccupancyLoss: 19.25298, OccupancyFlowLoss: 16.11546, DetectionLoss: 4.13415, RenderSemLoss: 0.00000, RenderDepthLoss: 2.99540, RenderExtraDepthLoss: 0.84598, RenderAccLoss: 0.24702
2026/06/22 11:22:43 - mmengine - INFO - [TRAIN] Epoch 3 Iter   700/750: Loss: 22.340 (29.800), grad_norm: 224.055, lr: 0.0000200, time: 5.065 (0.009)
2026/06/22 11:22:43 - mmengine - INFO - OccupancyLoss: 4.89444, OccupancyFlowLoss: 11.62247, DetectionLoss: 3.48267, RenderSemLoss: 0.00000, RenderDepthLoss: 1.76744, RenderExtraDepthLoss: 0.43395, RenderAccLoss: 0.13896
2026/06/22 11:27:03 - mmengine - INFO - [EVAL] Epoch 4 Iter     0: Loss: 28.864 (28.864)
2026/06/22 11:27:03 - mmengine - INFO - OccupancyLoss: 6.17774, OccupancyFlowLoss: 17.78589, DetectionLoss: 4.90001, RenderSemLoss: 0.00000, RenderDepthLoss: 0.00000, RenderExtraDepthLoss: 0.00000, RenderAccLoss: 0.00000
2026/06/22 11:28:52 - mmengine - INFO - [EVAL] Epoch 4 Iter    50: Loss: 29.937 (30.571)
2026/06/22 11:28:52 - mmengine - INFO - OccupancyLoss: 7.00909, OccupancyFlowLoss: 17.53060, DetectionLoss: 5.39768, RenderSemLoss: 0.00000, RenderDepthLoss: 0.00000, RenderExtraDepthLoss: 0.00000, RenderAccLoss: 0.00000
2026/06/22 11:30:40 - mmengine - INFO - [EVAL] Epoch 4 Iter   100: Loss: 30.197 (30.305)
2026/06/22 11:30:40 - mmengine - INFO - OccupancyLoss: 8.73734, OccupancyFlowLoss: 17.40652, DetectionLoss: 4.05361, RenderSemLoss: 0.00000, RenderDepthLoss: 0.00000, RenderExtraDepthLoss: 0.00000, RenderAccLoss: 0.00000
2026/06/22 11:32:26 - mmengine - INFO - [EVAL] Epoch 4 Iter   150: Loss: 13.402 (30.899)
2026/06/22 11:32:26 - mmengine - INFO - OccupancyLoss: 7.06115, OccupancyFlowLoss: 5.88270, DetectionLoss: 0.45863, RenderSemLoss: 0.00000, RenderDepthLoss: 0.00000, RenderExtraDepthLoss: 0.00000, RenderAccLoss: 0.00000
2026/06/22 11:34:07 - mmengine - INFO - [EVAL] Epoch 4 Iter   200: Loss: 23.806 (31.018)
2026/06/22 11:34:07 - mmengine - INFO - OccupancyLoss: 11.31624, OccupancyFlowLoss: 8.69046, DetectionLoss: 3.79972, RenderSemLoss: 0.00000, RenderDepthLoss: 0.00000, RenderExtraDepthLoss: 0.00000, RenderAccLoss: 0.00000
2026/06/22 11:36:01 - mmengine - INFO - [EVAL] Epoch 4 Iter   250: Loss: 31.950 (31.228)
2026/06/22 11:36:01 - mmengine - INFO - OccupancyLoss: 8.03724, OccupancyFlowLoss: 17.28526, DetectionLoss: 6.62730, RenderSemLoss: 0.00000, RenderDepthLoss: 0.00000, RenderExtraDepthLoss: 0.00000, RenderAccLoss: 0.00000
2026/06/22 11:37:45 - mmengine - INFO - [EVAL] Epoch 4 Iter   300: Loss: 31.473 (31.023)
2026/06/22 11:37:45 - mmengine - INFO - OccupancyLoss: 9.29193, OccupancyFlowLoss: 17.57806, DetectionLoss: 4.60331, RenderSemLoss: 0.00000, RenderDepthLoss: 0.00000, RenderExtraDepthLoss: 0.00000, RenderAccLoss: 0.00000
2026/06/22 11:39:29 - mmengine - INFO - [EVAL] Epoch 4 Iter   350: Loss: 23.044 (31.155)
2026/06/22 11:39:29 - mmengine - INFO - OccupancyLoss: 7.90444, OccupancyFlowLoss: 8.81815, DetectionLoss: 6.32112, RenderSemLoss: 0.00000, RenderDepthLoss: 0.00000, RenderExtraDepthLoss: 0.00000, RenderAccLoss: 0.00000
2026/06/22 11:41:14 - mmengine - INFO - [EVAL] Epoch 4 Iter   400: Loss: 16.934 (31.004)
2026/06/22 11:41:14 - mmengine - INFO - OccupancyLoss: 7.39551, OccupancyFlowLoss: 2.92209, DetectionLoss: 6.61602, RenderSemLoss: 0.00000, RenderDepthLoss: 0.00000, RenderExtraDepthLoss: 0.00000, RenderAccLoss: 0.00000
2026/06/22 11:42:51 - mmengine - INFO - [EVAL] Epoch 4 Iter   450: Loss: 39.613 (31.045)
2026/06/22 11:42:51 - mmengine - INFO - OccupancyLoss: 8.96394, OccupancyFlowLoss: 17.55495, DetectionLoss: 13.09417, RenderSemLoss: 0.00000, RenderDepthLoss: 0.00000, RenderExtraDepthLoss: 0.00000, RenderAccLoss: 0.00000
2026/06/22 11:44:15 - mmengine - INFO - Validation per class iou none:
2026/06/22 11:44:15 - mmengine - INFO - barrier : 5.86%, 0.20, 0.08
2026/06/22 11:44:15 - mmengine - INFO - bicycle : 0.00%, 0.00, 0.00
2026/06/22 11:44:15 - mmengine - INFO - bus : 8.74%, 0.21, 0.13
2026/06/22 11:44:15 - mmengine - INFO - car : 23.11%, 0.41, 0.35
2026/06/22 11:44:15 - mmengine - INFO - construction_vehicle : 0.00%, 0.00, 0.00
2026/06/22 11:44:15 - mmengine - INFO - motorcycle : 0.00%, 0.00, 0.00
2026/06/22 11:44:15 - mmengine - INFO - pedestrian : 0.00%, 0.04, 0.00
2026/06/22 11:44:15 - mmengine - INFO - traffic_cone : 0.00%, 0.00, 0.00
2026/06/22 11:44:15 - mmengine - INFO - trailer : 3.97%, 0.12, 0.06
2026/06/22 11:44:15 - mmengine - INFO - truck : 10.60%, 0.26, 0.15
2026/06/22 11:44:15 - mmengine - INFO - driveable_surface : 30.71%, 0.66, 0.36
2026/06/22 11:44:15 - mmengine - INFO - other_flat : 6.11%, 0.31, 0.07
2026/06/22 11:44:15 - mmengine - INFO - sidewalk : 13.39%, 0.32, 0.19
2026/06/22 11:44:15 - mmengine - INFO - terrain : 15.87%, 0.30, 0.25
2026/06/22 11:44:15 - mmengine - INFO - manmade : 6.47%, 0.23, 0.08
2026/06/22 11:44:15 - mmengine - INFO - vegetation : 16.76%, 0.37, 0.23
2026/06/22 11:44:15 - mmengine - INFO - tensor([  213109,    14566,   204192,  1435223,   106632,    22025,   206833,
           42653,   134799,   555406,  7051599,   345594,  2482869,  3418334,
         7852446,  8317553, 32659904], device='cuda:0', dtype=torch.int32)
2026/06/22 11:44:15 - mmengine - INFO - tensor([  16246,       0,   26249,  500896,       0,       0,       1,       0,
           7619,   83850, 2564301,   24444,  461466,  851244,  646937, 1950127,
        9465365], device='cuda:0', dtype=torch.int32)
2026/06/22 11:44:15 - mmengine - INFO - tensor([   80249,        0,   122498,  1232725,        0,        0,       25,
               0,    64579,   319818,  3863627,    79124,  1423852,  2797867,
         2795446,  5268453, 18048264], device='cuda:0', dtype=torch.int32)
2026/06/22 11:44:15 - mmengine - INFO - mIoU: 8.849109375992725, iou2: 22.95034408569336
2026/06/22 11:44:15 - mmengine - INFO - Current val loss is 31.131
2026/06/22 11:44:42 - mmengine - INFO - [TRAIN] Epoch 4 Iter     0/750: Loss: 31.754 (31.754), grad_norm: 41.788, lr: 0.0000200, time: 17.878 (6.551)
2026/06/22 11:44:42 - mmengine - INFO - OccupancyLoss: 7.83687, OccupancyFlowLoss: 17.51969, DetectionLoss: 3.91590, RenderSemLoss: 0.00000, RenderDepthLoss: 1.74794, RenderExtraDepthLoss: 0.48384, RenderAccLoss: 0.25007
2026/06/22 11:48:57 - mmengine - INFO - [TRAIN] Epoch 4 Iter    50/750: Loss: 31.643 (31.253), grad_norm: 31.151, lr: 0.0000200, time: 5.157 (0.009)
2026/06/22 11:48:57 - mmengine - INFO - OccupancyLoss: 7.17208, OccupancyFlowLoss: 17.77970, DetectionLoss: 5.34914, RenderSemLoss: 0.00000, RenderDepthLoss: 0.90519, RenderExtraDepthLoss: 0.30214, RenderAccLoss: 0.13456
2026/06/22 11:53:11 - mmengine - INFO - [TRAIN] Epoch 4 Iter   100/750: Loss: 29.667 (31.855), grad_norm: 143.333, lr: 0.0000200, time: 4.985 (0.009)
2026/06/22 11:53:11 - mmengine - INFO - OccupancyLoss: 7.12022, OccupancyFlowLoss: 17.52304, DetectionLoss: 2.74882, RenderSemLoss: 0.00000, RenderDepthLoss: 1.59026, RenderExtraDepthLoss: 0.36319, RenderAccLoss: 0.32118
2026/06/22 11:57:25 - mmengine - INFO - [TRAIN] Epoch 4 Iter   150/750: Loss: 26.977 (31.894), grad_norm: 46.965, lr: 0.0000200, time: 5.155 (0.009)
2026/06/22 11:57:25 - mmengine - INFO - OccupancyLoss: 9.23351, OccupancyFlowLoss: 14.32427, DetectionLoss: 2.04827, RenderSemLoss: 0.00000, RenderDepthLoss: 1.00568, RenderExtraDepthLoss: 0.28888, RenderAccLoss: 0.07606
2026/06/22 12:01:38 - mmengine - INFO - [TRAIN] Epoch 4 Iter   200/750: Loss: 29.726 (31.756), grad_norm: 28.756, lr: 0.0000200, time: 5.160 (0.009)
2026/06/22 12:01:38 - mmengine - INFO - OccupancyLoss: 8.21324, OccupancyFlowLoss: 17.19113, DetectionLoss: 2.26032, RenderSemLoss: 0.00000, RenderDepthLoss: 1.59807, RenderExtraDepthLoss: 0.33914, RenderAccLoss: 0.12431
2026/06/22 12:05:52 - mmengine - INFO - [TRAIN] Epoch 4 Iter   250/750: Loss: 33.869 (30.715), grad_norm: 67.627, lr: 0.0000200, time: 5.024 (0.009)
2026/06/22 12:05:52 - mmengine - INFO - OccupancyLoss: 7.44801, OccupancyFlowLoss: 17.69216, DetectionLoss: 6.74548, RenderSemLoss: 0.00000, RenderDepthLoss: 1.51796, RenderExtraDepthLoss: 0.33438, RenderAccLoss: 0.13146
2026/06/22 12:10:05 - mmengine - INFO - [TRAIN] Epoch 4 Iter   300/750: Loss: 32.505 (30.914), grad_norm: 35.425, lr: 0.0000200, time: 4.986 (0.009)
2026/06/22 12:10:05 - mmengine - INFO - OccupancyLoss: 9.89245, OccupancyFlowLoss: 17.25961, DetectionLoss: 3.04924, RenderSemLoss: 0.00000, RenderDepthLoss: 1.59521, RenderExtraDepthLoss: 0.53415, RenderAccLoss: 0.17462
2026/06/22 12:14:19 - mmengine - INFO - [TRAIN] Epoch 4 Iter   350/750: Loss: 36.139 (31.256), grad_norm: 28.029, lr: 0.0000200, time: 5.201 (0.009)
2026/06/22 12:14:19 - mmengine - INFO - OccupancyLoss: 8.59530, OccupancyFlowLoss: 17.62942, DetectionLoss: 7.41374, RenderSemLoss: 0.00000, RenderDepthLoss: 1.89071, RenderExtraDepthLoss: 0.47042, RenderAccLoss: 0.13912
2026/06/22 12:18:34 - mmengine - INFO - [TRAIN] Epoch 4 Iter   400/750: Loss: 36.186 (30.505), grad_norm: 36.747, lr: 0.0000200, time: 5.062 (0.009)
2026/06/22 12:18:34 - mmengine - INFO - OccupancyLoss: 8.06697, OccupancyFlowLoss: 17.07493, DetectionLoss: 7.80198, RenderSemLoss: 0.00000, RenderDepthLoss: 2.56146, RenderExtraDepthLoss: 0.58379, RenderAccLoss: 0.09649
2026/06/22 12:23:01 - mmengine - INFO - [TRAIN] Epoch 4 Iter   450/750: Loss: 34.187 (29.803), grad_norm: 40.537, lr: 0.0000200, time: 5.084 (0.008)
2026/06/22 12:23:01 - mmengine - INFO - OccupancyLoss: 11.14192, OccupancyFlowLoss: 17.19891, DetectionLoss: 3.51694, RenderSemLoss: 0.00000, RenderDepthLoss: 1.60511, RenderExtraDepthLoss: 0.61786, RenderAccLoss: 0.10636
2026/06/22 12:27:40 - mmengine - INFO - [TRAIN] Epoch 4 Iter   500/750: Loss: 37.918 (31.331), grad_norm: 41.864, lr: 0.0000200, time: 5.463 (0.009)
2026/06/22 12:27:40 - mmengine - INFO - OccupancyLoss: 13.98366, OccupancyFlowLoss: 17.25911, DetectionLoss: 2.97261, RenderSemLoss: 0.00000, RenderDepthLoss: 2.95966, RenderExtraDepthLoss: 0.57143, RenderAccLoss: 0.17146
2026/06/22 12:31:55 - mmengine - INFO - [TRAIN] Epoch 4 Iter   550/750: Loss: 34.306 (30.011), grad_norm: 43.258, lr: 0.0000200, time: 4.966 (0.009)
2026/06/22 12:31:55 - mmengine - INFO - OccupancyLoss: 8.66559, OccupancyFlowLoss: 16.98718, DetectionLoss: 5.41447, RenderSemLoss: 0.00000, RenderDepthLoss: 2.51703, RenderExtraDepthLoss: 0.48952, RenderAccLoss: 0.23267
2026/06/22 12:36:08 - mmengine - INFO - [TRAIN] Epoch 4 Iter   600/750: Loss: 30.315 (31.927), grad_norm: 67.331, lr: 0.0000200, time: 5.102 (0.008)
2026/06/22 12:36:08 - mmengine - INFO - OccupancyLoss: 8.62170, OccupancyFlowLoss: 16.62759, DetectionLoss: 3.33622, RenderSemLoss: 0.00000, RenderDepthLoss: 1.14737, RenderExtraDepthLoss: 0.26867, RenderAccLoss: 0.31340
2026/06/22 12:40:25 - mmengine - INFO - [TRAIN] Epoch 4 Iter   650/750: Loss: 26.655 (31.775), grad_norm: 37.890, lr: 0.0000200, time: 4.998 (0.009)
2026/06/22 12:40:25 - mmengine - INFO - OccupancyLoss: 5.02679, OccupancyFlowLoss: 17.48952, DetectionLoss: 2.65001, RenderSemLoss: 0.00000, RenderDepthLoss: 1.18180, RenderExtraDepthLoss: 0.23575, RenderAccLoss: 0.07140
2026/06/22 12:44:49 - mmengine - INFO - [TRAIN] Epoch 4 Iter   700/750: Loss: 32.079 (30.548), grad_norm: 39.895, lr: 0.0000200, time: 5.027 (0.009)
2026/06/22 12:44:49 - mmengine - INFO - OccupancyLoss: 7.05826, OccupancyFlowLoss: 17.17039, DetectionLoss: 5.54875, RenderSemLoss: 0.00000, RenderDepthLoss: 1.67518, RenderExtraDepthLoss: 0.40429, RenderAccLoss: 0.22228
2026/06/22 12:49:10 - mmengine - INFO - [EVAL] Epoch 5 Iter     0: Loss: 29.058 (29.058)
2026/06/22 12:49:10 - mmengine - INFO - OccupancyLoss: 5.78500, OccupancyFlowLoss: 17.62388, DetectionLoss: 5.64889, RenderSemLoss: 0.00000, RenderDepthLoss: 0.00000, RenderExtraDepthLoss: 0.00000, RenderAccLoss: 0.00000
2026/06/22 12:50:54 - mmengine - INFO - [EVAL] Epoch 5 Iter    50: Loss: 28.166 (30.047)
2026/06/22 12:50:54 - mmengine - INFO - OccupancyLoss: 6.65475, OccupancyFlowLoss: 17.38590, DetectionLoss: 4.12497, RenderSemLoss: 0.00000, RenderDepthLoss: 0.00000, RenderExtraDepthLoss: 0.00000, RenderAccLoss: 0.00000
2026/06/22 12:52:41 - mmengine - INFO - [EVAL] Epoch 5 Iter   100: Loss: 30.221 (29.649)
2026/06/22 12:52:41 - mmengine - INFO - OccupancyLoss: 8.54641, OccupancyFlowLoss: 17.37677, DetectionLoss: 4.29773, RenderSemLoss: 0.00000, RenderDepthLoss: 0.00000, RenderExtraDepthLoss: 0.00000, RenderAccLoss: 0.00000
2026/06/22 12:54:31 - mmengine - INFO - [EVAL] Epoch 5 Iter   150: Loss: 13.021 (30.153)
2026/06/22 12:54:31 - mmengine - INFO - OccupancyLoss: 6.76553, OccupancyFlowLoss: 5.86646, DetectionLoss: 0.38924, RenderSemLoss: 0.00000, RenderDepthLoss: 0.00000, RenderExtraDepthLoss: 0.00000, RenderAccLoss: 0.00000
2026/06/22 12:56:11 - mmengine - INFO - [EVAL] Epoch 5 Iter   200: Loss: 22.034 (30.306)
2026/06/22 12:56:11 - mmengine - INFO - OccupancyLoss: 9.92371, OccupancyFlowLoss: 8.67242, DetectionLoss: 3.43802, RenderSemLoss: 0.00000, RenderDepthLoss: 0.00000, RenderExtraDepthLoss: 0.00000, RenderAccLoss: 0.00000
2026/06/22 12:58:04 - mmengine - INFO - [EVAL] Epoch 5 Iter   250: Loss: 31.241 (30.581)
2026/06/22 12:58:04 - mmengine - INFO - OccupancyLoss: 7.67153, OccupancyFlowLoss: 17.23780, DetectionLoss: 6.33180, RenderSemLoss: 0.00000, RenderDepthLoss: 0.00000, RenderExtraDepthLoss: 0.00000, RenderAccLoss: 0.00000
2026/06/22 12:59:49 - mmengine - INFO - [EVAL] Epoch 5 Iter   300: Loss: 31.760 (30.371)
2026/06/22 12:59:49 - mmengine - INFO - OccupancyLoss: 9.07139, OccupancyFlowLoss: 17.56385, DetectionLoss: 5.12431, RenderSemLoss: 0.00000, RenderDepthLoss: 0.00000, RenderExtraDepthLoss: 0.00000, RenderAccLoss: 0.00000
2026/06/22 13:01:30 - mmengine - INFO - [EVAL] Epoch 5 Iter   350: Loss: 22.270 (30.546)
2026/06/22 13:01:30 - mmengine - INFO - OccupancyLoss: 7.12470, OccupancyFlowLoss: 8.77749, DetectionLoss: 6.36789, RenderSemLoss: 0.00000, RenderDepthLoss: 0.00000, RenderExtraDepthLoss: 0.00000, RenderAccLoss: 0.00000
2026/06/22 13:03:12 - mmengine - INFO - [EVAL] Epoch 5 Iter   400: Loss: 16.670 (30.432)
2026/06/22 13:03:12 - mmengine - INFO - OccupancyLoss: 7.31503, OccupancyFlowLoss: 2.93185, DetectionLoss: 6.42302, RenderSemLoss: 0.00000, RenderDepthLoss: 0.00000, RenderExtraDepthLoss: 0.00000, RenderAccLoss: 0.00000
2026/06/22 13:04:52 - mmengine - INFO - [EVAL] Epoch 5 Iter   450: Loss: 39.542 (30.493)
2026/06/22 13:04:52 - mmengine - INFO - OccupancyLoss: 8.54436, OccupancyFlowLoss: 17.64770, DetectionLoss: 13.35019, RenderSemLoss: 0.00000, RenderDepthLoss: 0.00000, RenderExtraDepthLoss: 0.00000, RenderAccLoss: 0.00000
2026/06/22 13:06:30 - mmengine - INFO - Validation per class iou none:
2026/06/22 13:06:30 - mmengine - INFO - barrier : 4.75%, 0.29, 0.05
2026/06/22 13:06:30 - mmengine - INFO - bicycle : 0.00%, 0.00, 0.00
2026/06/22 13:06:30 - mmengine - INFO - bus : 7.88%, 0.22, 0.11
2026/06/22 13:06:30 - mmengine - INFO - car : 22.38%, 0.45, 0.31
2026/06/22 13:06:30 - mmengine - INFO - construction_vehicle : 0.02%, 0.04, 0.00
2026/06/22 13:06:30 - mmengine - INFO - motorcycle : 0.00%, 0.00, 0.00
2026/06/22 13:06:30 - mmengine - INFO - pedestrian : 0.00%, 0.00, 0.00
2026/06/22 13:06:30 - mmengine - INFO - traffic_cone : 0.00%, 0.00, 0.00
2026/06/22 13:06:30 - mmengine - INFO - trailer : 1.84%, 0.19, 0.02
2026/06/22 13:06:30 - mmengine - INFO - truck : 8.48%, 0.29, 0.11
2026/06/22 13:06:30 - mmengine - INFO - driveable_surface : 35.80%, 0.60, 0.47
2026/06/22 13:06:30 - mmengine - INFO - other_flat : 6.53%, 0.38, 0.07
2026/06/22 13:06:30 - mmengine - INFO - sidewalk : 14.95%, 0.35, 0.21
2026/06/22 13:06:30 - mmengine - INFO - terrain : 14.80%, 0.36, 0.20
2026/06/22 13:06:30 - mmengine - INFO - manmade : 6.59%, 0.24, 0.08
2026/06/22 13:06:30 - mmengine - INFO - vegetation : 16.21%, 0.38, 0.22
2026/06/22 13:06:30 - mmengine - INFO - tensor([  213109,    14566,   204192,  1435223,   106632,    22025,   206833,
           42653,   134799,   555406,  7051599,   345594,  2482869,  3418334,
         7852446,  8317553, 32659904], device='cuda:0', dtype=torch.int32)
2026/06/22 13:06:30 - mmengine - INFO - tensor([  11429,       0,   22355,  442609,      20,       0,       0,       0,
           2684,   59800, 3323099,   25271,  517353,  687818,  656157, 1822593,
        9784013], device='cuda:0', dtype=torch.int32)
2026/06/22 13:06:30 - mmengine - INFO - tensor([   38913,        0,   101724,   985159,      552,        0,      274,
               0,    14142,   209193,  5554903,    66731,  1494836,  1917913,
         2766754,  4751492, 17902586], device='cuda:0', dtype=torch.int32)
2026/06/22 13:06:30 - mmengine - INFO - mIoU: 8.763521992750611, iou2: 23.993080139160156
2026/06/22 13:06:30 - mmengine - INFO - Current val loss is 30.590
2026/06/22 13:06:52 - mmengine - INFO - [TRAIN] Epoch 5 Iter     0/750: Loss: 25.747 (25.747), grad_norm: 31.276, lr: 0.0000200, time: 11.826 (6.285)
2026/06/22 13:06:52 - mmengine - INFO - OccupancyLoss: 4.95303, OccupancyFlowLoss: 17.33629, DetectionLoss: 1.91531, RenderSemLoss: 0.00000, RenderDepthLoss: 1.19993, RenderExtraDepthLoss: 0.28266, RenderAccLoss: 0.05994
2026/06/22 13:11:07 - mmengine - INFO - [TRAIN] Epoch 5 Iter    50/750: Loss: 29.265 (29.158), grad_norm: 31.099, lr: 0.0000200, time: 5.154 (0.008)
2026/06/22 13:11:07 - mmengine - INFO - OccupancyLoss: 6.62532, OccupancyFlowLoss: 16.95958, DetectionLoss: 2.75073, RenderSemLoss: 0.00000, RenderDepthLoss: 2.33580, RenderExtraDepthLoss: 0.42396, RenderAccLoss: 0.16944
2026/06/22 13:15:21 - mmengine - INFO - [TRAIN] Epoch 5 Iter   100/750: Loss: 33.824 (31.749), grad_norm: 36.759, lr: 0.0000200, time: 5.165 (0.008)
2026/06/22 13:15:21 - mmengine - INFO - OccupancyLoss: 8.08533, OccupancyFlowLoss: 17.29938, DetectionLoss: 6.27415, RenderSemLoss: 0.00000, RenderDepthLoss: 1.58731, RenderExtraDepthLoss: 0.44104, RenderAccLoss: 0.13713
2026/06/22 13:19:34 - mmengine - INFO - [TRAIN] Epoch 5 Iter   150/750: Loss: 27.693 (31.566), grad_norm: 50.793, lr: 0.0000200, time: 5.191 (0.009)
2026/06/22 13:19:34 - mmengine - INFO - OccupancyLoss: 7.18348, OccupancyFlowLoss: 17.37074, DetectionLoss: 1.34750, RenderSemLoss: 0.00000, RenderDepthLoss: 1.38785, RenderExtraDepthLoss: 0.29130, RenderAccLoss: 0.11259
2026/06/22 13:23:48 - mmengine - INFO - [TRAIN] Epoch 5 Iter   200/750: Loss: 28.752 (32.014), grad_norm: 38.591, lr: 0.0000200, time: 4.928 (0.008)
2026/06/22 13:23:48 - mmengine - INFO - OccupancyLoss: 6.85588, OccupancyFlowLoss: 17.47364, DetectionLoss: 2.04065, RenderSemLoss: 0.00000, RenderDepthLoss: 1.81463, RenderExtraDepthLoss: 0.37441, RenderAccLoss: 0.19236
2026/06/22 13:28:03 - mmengine - INFO - [TRAIN] Epoch 5 Iter   250/750: Loss: 28.263 (29.301), grad_norm: 55.050, lr: 0.0000200, time: 5.478 (0.008)
2026/06/22 13:28:03 - mmengine - INFO - OccupancyLoss: 7.62678, OccupancyFlowLoss: 17.34785, DetectionLoss: 1.73343, RenderSemLoss: 0.00000, RenderDepthLoss: 1.12688, RenderExtraDepthLoss: 0.27139, RenderAccLoss: 0.15709
2026/06/22 13:32:16 - mmengine - INFO - [TRAIN] Epoch 5 Iter   300/750: Loss: 31.815 (30.587), grad_norm: 36.334, lr: 0.0000200, time: 5.086 (0.009)
2026/06/22 13:32:16 - mmengine - INFO - OccupancyLoss: 7.94385, OccupancyFlowLoss: 16.90867, DetectionLoss: 4.76797, RenderSemLoss: 0.00000, RenderDepthLoss: 1.66762, RenderExtraDepthLoss: 0.39733, RenderAccLoss: 0.12958
2026/06/22 13:36:30 - mmengine - INFO - [TRAIN] Epoch 5 Iter   350/750: Loss: 29.840 (31.692), grad_norm: 35.545, lr: 0.0000200, time: 4.980 (0.008)
2026/06/22 13:36:30 - mmengine - INFO - OccupancyLoss: 5.92544, OccupancyFlowLoss: 17.68248, DetectionLoss: 4.15935, RenderSemLoss: 0.00000, RenderDepthLoss: 1.53652, RenderExtraDepthLoss: 0.43237, RenderAccLoss: 0.10384
2026/06/22 13:40:46 - mmengine - INFO - [TRAIN] Epoch 5 Iter   400/750: Loss: 30.623 (30.521), grad_norm: 28.931, lr: 0.0000200, time: 5.126 (0.008)
2026/06/22 13:40:46 - mmengine - INFO - OccupancyLoss: 5.75741, OccupancyFlowLoss: 17.55615, DetectionLoss: 4.41958, RenderSemLoss: 0.00000, RenderDepthLoss: 2.25566, RenderExtraDepthLoss: 0.43204, RenderAccLoss: 0.20200
2026/06/22 13:45:01 - mmengine - INFO - [TRAIN] Epoch 5 Iter   450/750: Loss: 18.779 (31.342), grad_norm: 40.761, lr: 0.0000200, time: 4.959 (0.008)
2026/06/22 13:45:01 - mmengine - INFO - OccupancyLoss: 4.99027, OccupancyFlowLoss: 5.86240, DetectionLoss: 5.57660, RenderSemLoss: 0.00000, RenderDepthLoss: 1.86587, RenderExtraDepthLoss: 0.36468, RenderAccLoss: 0.11882
2026/06/22 13:49:15 - mmengine - INFO - [TRAIN] Epoch 5 Iter   500/750: Loss: 28.706 (30.951), grad_norm: 22.876, lr: 0.0000200, time: 4.933 (0.008)
2026/06/22 13:49:15 - mmengine - INFO - OccupancyLoss: 7.34534, OccupancyFlowLoss: 16.90669, DetectionLoss: 3.12803, RenderSemLoss: 0.00000, RenderDepthLoss: 0.97842, RenderExtraDepthLoss: 0.23254, RenderAccLoss: 0.11498
2026/06/22 13:53:28 - mmengine - INFO - [TRAIN] Epoch 5 Iter   550/750: Loss: 28.033 (29.040), grad_norm: 33.715, lr: 0.0000200, time: 5.220 (0.008)
2026/06/22 13:53:28 - mmengine - INFO - OccupancyLoss: 7.62546, OccupancyFlowLoss: 17.27337, DetectionLoss: 2.08969, RenderSemLoss: 0.00000, RenderDepthLoss: 0.71997, RenderExtraDepthLoss: 0.21023, RenderAccLoss: 0.11393
2026/06/22 13:57:42 - mmengine - INFO - [TRAIN] Epoch 5 Iter   600/750: Loss: 17.126 (29.991), grad_norm: 38.872, lr: 0.0000200, time: 5.100 (0.008)
2026/06/22 13:57:42 - mmengine - INFO - OccupancyLoss: 6.23693, OccupancyFlowLoss: 0.00000, DetectionLoss: 9.17706, RenderSemLoss: 0.00000, RenderDepthLoss: 1.21202, RenderExtraDepthLoss: 0.37835, RenderAccLoss: 0.12161
2026/06/22 14:01:58 - mmengine - INFO - [TRAIN] Epoch 5 Iter   650/750: Loss: 24.745 (30.761), grad_norm: 33.021, lr: 0.0000200, time: 5.085 (0.008)
2026/06/22 14:01:58 - mmengine - INFO - OccupancyLoss: 3.35264, OccupancyFlowLoss: 17.60964, DetectionLoss: 2.44047, RenderSemLoss: 0.00000, RenderDepthLoss: 0.98280, RenderExtraDepthLoss: 0.22578, RenderAccLoss: 0.13347
2026/06/22 14:06:12 - mmengine - INFO - [TRAIN] Epoch 5 Iter   700/750: Loss: 32.354 (30.564), grad_norm: 29.586, lr: 0.0000200, time: 5.198 (0.008)
2026/06/22 14:06:12 - mmengine - INFO - OccupancyLoss: 7.51527, OccupancyFlowLoss: 17.50268, DetectionLoss: 5.66263, RenderSemLoss: 0.00000, RenderDepthLoss: 1.21121, RenderExtraDepthLoss: 0.28971, RenderAccLoss: 0.17285
2026/06/22 14:10:31 - mmengine - INFO - [EVAL] Epoch 6 Iter     0: Loss: 28.592 (28.592)
2026/06/22 14:10:31 - mmengine - INFO - OccupancyLoss: 5.92050, OccupancyFlowLoss: 17.73718, DetectionLoss: 4.93413, RenderSemLoss: 0.00000, RenderDepthLoss: 0.00000, RenderExtraDepthLoss: 0.00000, RenderAccLoss: 0.00000
2026/06/22 14:11:44 - mmengine - INFO - [EVAL] Epoch 6 Iter    50: Loss: 28.772 (29.940)
2026/06/22 14:11:44 - mmengine - INFO - OccupancyLoss: 6.21668, OccupancyFlowLoss: 17.42787, DetectionLoss: 5.12774, RenderSemLoss: 0.00000, RenderDepthLoss: 0.00000, RenderExtraDepthLoss: 0.00000, RenderAccLoss: 0.00000
2026/06/22 14:13:00 - mmengine - INFO - [EVAL] Epoch 6 Iter   100: Loss: 29.634 (29.548)
2026/06/22 14:13:00 - mmengine - INFO - OccupancyLoss: 8.29565, OccupancyFlowLoss: 17.35862, DetectionLoss: 3.97980, RenderSemLoss: 0.00000, RenderDepthLoss: 0.00000, RenderExtraDepthLoss: 0.00000, RenderAccLoss: 0.00000
2026/06/22 14:14:16 - mmengine - INFO - [EVAL] Epoch 6 Iter   150: Loss: 12.610 (30.148)
2026/06/22 14:14:16 - mmengine - INFO - OccupancyLoss: 6.42079, OccupancyFlowLoss: 5.88062, DetectionLoss: 0.30866, RenderSemLoss: 0.00000, RenderDepthLoss: 0.00000, RenderExtraDepthLoss: 0.00000, RenderAccLoss: 0.00000
2026/06/22 14:15:34 - mmengine - INFO - [EVAL] Epoch 6 Iter   200: Loss: 22.723 (30.292)
2026/06/22 14:15:34 - mmengine - INFO - OccupancyLoss: 10.13212, OccupancyFlowLoss: 8.67493, DetectionLoss: 3.91585, RenderSemLoss: 0.00000, RenderDepthLoss: 0.00000, RenderExtraDepthLoss: 0.00000, RenderAccLoss: 0.00000
2026/06/22 14:16:51 - mmengine - INFO - [EVAL] Epoch 6 Iter   250: Loss: 32.447 (30.537)
2026/06/22 14:16:51 - mmengine - INFO - OccupancyLoss: 7.80455, OccupancyFlowLoss: 17.26059, DetectionLoss: 7.38234, RenderSemLoss: 0.00000, RenderDepthLoss: 0.00000, RenderExtraDepthLoss: 0.00000, RenderAccLoss: 0.00000
2026/06/22 14:18:07 - mmengine - INFO - [EVAL] Epoch 6 Iter   300: Loss: 30.926 (30.320)
2026/06/22 14:18:07 - mmengine - INFO - OccupancyLoss: 8.65812, OccupancyFlowLoss: 17.45592, DetectionLoss: 4.81158, RenderSemLoss: 0.00000, RenderDepthLoss: 0.00000, RenderExtraDepthLoss: 0.00000, RenderAccLoss: 0.00000
2026/06/22 14:19:24 - mmengine - INFO - [EVAL] Epoch 6 Iter   350: Loss: 23.366 (30.502)
2026/06/22 14:19:24 - mmengine - INFO - OccupancyLoss: 7.21060, OccupancyFlowLoss: 8.81935, DetectionLoss: 7.33638, RenderSemLoss: 0.00000, RenderDepthLoss: 0.00000, RenderExtraDepthLoss: 0.00000, RenderAccLoss: 0.00000
2026/06/22 14:20:41 - mmengine - INFO - [EVAL] Epoch 6 Iter   400: Loss: 17.117 (30.390)
2026/06/22 14:20:41 - mmengine - INFO - OccupancyLoss: 7.36913, OccupancyFlowLoss: 2.91570, DetectionLoss: 6.83203, RenderSemLoss: 0.00000, RenderDepthLoss: 0.00000, RenderExtraDepthLoss: 0.00000, RenderAccLoss: 0.00000
2026/06/22 14:21:58 - mmengine - INFO - [EVAL] Epoch 6 Iter   450: Loss: 38.603 (30.434)
2026/06/22 14:21:58 - mmengine - INFO - OccupancyLoss: 8.34385, OccupancyFlowLoss: 17.62965, DetectionLoss: 12.62934, RenderSemLoss: 0.00000, RenderDepthLoss: 0.00000, RenderExtraDepthLoss: 0.00000, RenderAccLoss: 0.00000
2026/06/22 14:25:21 - mmengine - INFO - Validation per class iou none:
2026/06/22 14:25:21 - mmengine - INFO - barrier : 7.55%, 0.23, 0.10
2026/06/22 14:25:21 - mmengine - INFO - bicycle : 0.00%, 0.00, 0.00
2026/06/22 14:25:21 - mmengine - INFO - bus : 11.75%, 0.29, 0.16
2026/06/22 14:25:21 - mmengine - INFO - car : 25.30%, 0.40, 0.41
2026/06/22 14:25:21 - mmengine - INFO - construction_vehicle : 0.07%, 0.15, 0.00
2026/06/22 14:25:21 - mmengine - INFO - motorcycle : 0.00%, 0.00, 0.00
2026/06/22 14:25:21 - mmengine - INFO - pedestrian : 0.00%, 0.00, 0.00
2026/06/22 14:25:21 - mmengine - INFO - traffic_cone : 0.00%, 0.00, 0.00
2026/06/22 14:25:21 - mmengine - INFO - trailer : 4.58%, 0.09, 0.08
2026/06/22 14:25:21 - mmengine - INFO - truck : 11.45%, 0.24, 0.18
2026/06/22 14:25:21 - mmengine - INFO - driveable_surface : 35.61%, 0.62, 0.46
2026/06/22 14:25:21 - mmengine - INFO - other_flat : 11.62%, 0.29, 0.16
2026/06/22 14:25:21 - mmengine - INFO - sidewalk : 17.11%, 0.30, 0.29
2026/06/22 14:25:21 - mmengine - INFO - terrain : 16.03%, 0.36, 0.23
2026/06/22 14:25:21 - mmengine - INFO - manmade : 5.48%, 0.23, 0.07
2026/06/22 14:25:21 - mmengine - INFO - vegetation : 16.29%, 0.37, 0.23
2026/06/22 14:25:21 - mmengine - INFO - tensor([  213109,    14566,   204192,  1435223,   106632,    22025,   206833,
           42653,   134799,   555406,  7051599,   345594,  2482869,  3418334,
         7852446,  8317553, 32659904], device='cuda:0', dtype=torch.int32)
2026/06/22 14:25:21 - mmengine - INFO - tensor([   21710,        0,    33499,   584948,       74,        0,        0,
               0,    11387,    99193,  3230137,    56411,   713259,   769946,
          525700,  1882392, 10709253], device='cuda:0', dtype=torch.int32)
2026/06/22 14:25:21 - mmengine - INFO - tensor([   96120,        0,   114376,  1461875,      484,        0,      150,
               0,   125420,   410254,  5250278,   196076,  2398412,  2153729,
         2261593,  5118316, 19587084], device='cuda:0', dtype=torch.int32)
2026/06/22 14:25:21 - mmengine - INFO - mIoU: 10.17796029591409, iou2: 25.781986236572266
2026/06/22 14:25:21 - mmengine - INFO - Current val loss is 30.522
2026/06/22 14:25:43 - mmengine - INFO - [TRAIN] Epoch 6 Iter     0/750: Loss: 30.387 (30.387), grad_norm: 29.386, lr: 0.0000200, time: 12.004 (6.141)
2026/06/22 14:25:43 - mmengine - INFO - OccupancyLoss: 9.54527, OccupancyFlowLoss: 16.48357, DetectionLoss: 1.68767, RenderSemLoss: 0.00000, RenderDepthLoss: 2.02200, RenderExtraDepthLoss: 0.44473, RenderAccLoss: 0.20329
2026/06/22 14:29:59 - mmengine - INFO - [TRAIN] Epoch 6 Iter    50/750: Loss: 33.842 (28.815), grad_norm: 64.359, lr: 0.0000200, time: 5.004 (0.008)
2026/06/22 14:29:59 - mmengine - INFO - OccupancyLoss: 8.85705, OccupancyFlowLoss: 14.22686, DetectionLoss: 7.25956, RenderSemLoss: 0.00000, RenderDepthLoss: 2.63443, RenderExtraDepthLoss: 0.68295, RenderAccLoss: 0.18089
2026/06/22 14:34:13 - mmengine - INFO - [TRAIN] Epoch 6 Iter   100/750: Loss: 28.436 (29.076), grad_norm: 29.974, lr: 0.0000200, time: 5.035 (0.008)
2026/06/22 14:34:13 - mmengine - INFO - OccupancyLoss: 11.45138, OccupancyFlowLoss: 11.16235, DetectionLoss: 3.03709, RenderSemLoss: 0.00000, RenderDepthLoss: 2.07036, RenderExtraDepthLoss: 0.52882, RenderAccLoss: 0.18646
2026/06/22 14:38:28 - mmengine - INFO - [TRAIN] Epoch 6 Iter   150/750: Loss: 28.551 (30.806), grad_norm: 33.358, lr: 0.0000200, time: 5.084 (0.008)
2026/06/22 14:38:28 - mmengine - INFO - OccupancyLoss: 5.31614, OccupancyFlowLoss: 17.26440, DetectionLoss: 4.15679, RenderSemLoss: 0.00000, RenderDepthLoss: 1.31934, RenderExtraDepthLoss: 0.30775, RenderAccLoss: 0.18621
2026/06/22 14:42:43 - mmengine - INFO - [TRAIN] Epoch 6 Iter   200/750: Loss: 37.941 (29.852), grad_norm: 33.689, lr: 0.0000200, time: 5.112 (0.008)
2026/06/22 14:42:43 - mmengine - INFO - OccupancyLoss: 10.35484, OccupancyFlowLoss: 17.43600, DetectionLoss: 8.34035, RenderSemLoss: 0.00000, RenderDepthLoss: 1.19367, RenderExtraDepthLoss: 0.36353, RenderAccLoss: 0.25214
2026/06/22 14:46:58 - mmengine - INFO - [TRAIN] Epoch 6 Iter   250/750: Loss: 29.498 (30.025), grad_norm: 42.244, lr: 0.0000200, time: 5.070 (0.008)
2026/06/22 14:46:58 - mmengine - INFO - OccupancyLoss: 5.83744, OccupancyFlowLoss: 17.64810, DetectionLoss: 4.79174, RenderSemLoss: 0.00000, RenderDepthLoss: 0.85766, RenderExtraDepthLoss: 0.26303, RenderAccLoss: 0.09970
2026/06/22 14:51:14 - mmengine - INFO - [TRAIN] Epoch 6 Iter   300/750: Loss: 29.592 (30.102), grad_norm: 45.556, lr: 0.0000200, time: 5.208 (0.009)
2026/06/22 14:51:14 - mmengine - INFO - OccupancyLoss: 6.82788, OccupancyFlowLoss: 17.53048, DetectionLoss: 2.30784, RenderSemLoss: 0.00000, RenderDepthLoss: 2.30619, RenderExtraDepthLoss: 0.44717, RenderAccLoss: 0.17223
2026/06/22 14:55:29 - mmengine - INFO - [TRAIN] Epoch 6 Iter   350/750: Loss: 27.885 (30.224), grad_norm: 38.060, lr: 0.0000200, time: 5.085 (0.009)
2026/06/22 14:55:29 - mmengine - INFO - OccupancyLoss: 7.41545, OccupancyFlowLoss: 17.07087, DetectionLoss: 1.83995, RenderSemLoss: 0.00000, RenderDepthLoss: 1.14560, RenderExtraDepthLoss: 0.30837, RenderAccLoss: 0.10516
2026/06/22 14:59:45 - mmengine - INFO - [TRAIN] Epoch 6 Iter   400/750: Loss: 29.499 (29.491), grad_norm: 32.780, lr: 0.0000200, time: 5.117 (0.008)
2026/06/22 14:59:45 - mmengine - INFO - OccupancyLoss: 6.73537, OccupancyFlowLoss: 17.31757, DetectionLoss: 3.96348, RenderSemLoss: 0.00000, RenderDepthLoss: 1.19888, RenderExtraDepthLoss: 0.24039, RenderAccLoss: 0.04353
2026/06/22 15:04:01 - mmengine - INFO - [TRAIN] Epoch 6 Iter   450/750: Loss: 33.548 (30.283), grad_norm: 30.223, lr: 0.0000200, time: 4.976 (0.009)
2026/06/22 15:04:01 - mmengine - INFO - OccupancyLoss: 9.40301, OccupancyFlowLoss: 16.20082, DetectionLoss: 6.18110, RenderSemLoss: 0.00000, RenderDepthLoss: 1.34743, RenderExtraDepthLoss: 0.28906, RenderAccLoss: 0.12684
2026/06/22 15:08:18 - mmengine - INFO - [TRAIN] Epoch 6 Iter   500/750: Loss: 26.895 (29.774), grad_norm: 38.190, lr: 0.0000200, time: 5.814 (0.009)
2026/06/22 15:08:18 - mmengine - INFO - OccupancyLoss: 5.05104, OccupancyFlowLoss: 17.33010, DetectionLoss: 2.48162, RenderSemLoss: 0.00000, RenderDepthLoss: 1.50460, RenderExtraDepthLoss: 0.32048, RenderAccLoss: 0.20763
2026/06/22 15:12:34 - mmengine - INFO - [TRAIN] Epoch 6 Iter   550/750: Loss: 26.275 (28.509), grad_norm: 31.032, lr: 0.0000200, time: 5.273 (0.009)
2026/06/22 15:12:34 - mmengine - INFO - OccupancyLoss: 6.16996, OccupancyFlowLoss: 17.51907, DetectionLoss: 0.89855, RenderSemLoss: 0.00000, RenderDepthLoss: 1.25279, RenderExtraDepthLoss: 0.26017, RenderAccLoss: 0.17399
2026/06/22 15:16:49 - mmengine - INFO - [TRAIN] Epoch 6 Iter   600/750: Loss: 33.869 (30.095), grad_norm: 126.909, lr: 0.0000200, time: 5.013 (0.009)
2026/06/22 15:16:49 - mmengine - INFO - OccupancyLoss: 7.64381, OccupancyFlowLoss: 17.62380, DetectionLoss: 6.46629, RenderSemLoss: 0.00000, RenderDepthLoss: 1.60279, RenderExtraDepthLoss: 0.42719, RenderAccLoss: 0.10519
2026/06/22 15:21:04 - mmengine - INFO - [TRAIN] Epoch 6 Iter   650/750: Loss: 30.796 (30.049), grad_norm: 43.364, lr: 0.0000200, time: 4.969 (0.009)
2026/06/22 15:21:04 - mmengine - INFO - OccupancyLoss: 6.94221, OccupancyFlowLoss: 17.04181, DetectionLoss: 4.00490, RenderSemLoss: 0.00000, RenderDepthLoss: 2.22238, RenderExtraDepthLoss: 0.38847, RenderAccLoss: 0.19664
2026/06/22 15:25:19 - mmengine - INFO - [TRAIN] Epoch 6 Iter   700/750: Loss: 26.725 (29.791), grad_norm: 45.689, lr: 0.0000200, time: 5.043 (0.009)
2026/06/22 15:25:19 - mmengine - INFO - OccupancyLoss: 5.27624, OccupancyFlowLoss: 17.49220, DetectionLoss: 2.19657, RenderSemLoss: 0.00000, RenderDepthLoss: 1.32114, RenderExtraDepthLoss: 0.29881, RenderAccLoss: 0.13986
2026/06/22 15:29:39 - mmengine - INFO - [EVAL] Epoch 7 Iter     0: Loss: 27.173 (27.173)
2026/06/22 15:29:39 - mmengine - INFO - OccupancyLoss: 5.50808, OccupancyFlowLoss: 17.61675, DetectionLoss: 4.04832, RenderSemLoss: 0.00000, RenderDepthLoss: 0.00000, RenderExtraDepthLoss: 0.00000, RenderAccLoss: 0.00000
2026/06/22 15:31:08 - mmengine - INFO - [EVAL] Epoch 7 Iter    50: Loss: 28.818 (30.375)
2026/06/22 15:31:08 - mmengine - INFO - OccupancyLoss: 6.50972, OccupancyFlowLoss: 17.48252, DetectionLoss: 4.82528, RenderSemLoss: 0.00000, RenderDepthLoss: 0.00000, RenderExtraDepthLoss: 0.00000, RenderAccLoss: 0.00000
2026/06/22 15:32:36 - mmengine - INFO - [EVAL] Epoch 7 Iter   100: Loss: 29.937 (29.752)
2026/06/22 15:32:36 - mmengine - INFO - OccupancyLoss: 8.41243, OccupancyFlowLoss: 17.37004, DetectionLoss: 4.15470, RenderSemLoss: 0.00000, RenderDepthLoss: 0.00000, RenderExtraDepthLoss: 0.00000, RenderAccLoss: 0.00000
2026/06/22 15:34:05 - mmengine - INFO - [EVAL] Epoch 7 Iter   150: Loss: 12.684 (30.286)
2026/06/22 15:34:05 - mmengine - INFO - OccupancyLoss: 6.38415, OccupancyFlowLoss: 5.87268, DetectionLoss: 0.42677, RenderSemLoss: 0.00000, RenderDepthLoss: 0.00000, RenderExtraDepthLoss: 0.00000, RenderAccLoss: 0.00000
2026/06/22 15:35:35 - mmengine - INFO - [EVAL] Epoch 7 Iter   200: Loss: 21.967 (30.411)
2026/06/22 15:35:35 - mmengine - INFO - OccupancyLoss: 9.85759, OccupancyFlowLoss: 8.70025, DetectionLoss: 3.40939, RenderSemLoss: 0.00000, RenderDepthLoss: 0.00000, RenderExtraDepthLoss: 0.00000, RenderAccLoss: 0.00000
2026/06/22 15:37:04 - mmengine - INFO - [EVAL] Epoch 7 Iter   250: Loss: 31.940 (30.669)
2026/06/22 15:37:04 - mmengine - INFO - OccupancyLoss: 7.97672, OccupancyFlowLoss: 17.22470, DetectionLoss: 6.73821, RenderSemLoss: 0.00000, RenderDepthLoss: 0.00000, RenderExtraDepthLoss: 0.00000, RenderAccLoss: 0.00000
2026/06/22 15:38:35 - mmengine - INFO - [EVAL] Epoch 7 Iter   300: Loss: 32.951 (30.463)
2026/06/22 15:38:35 - mmengine - INFO - OccupancyLoss: 9.33965, OccupancyFlowLoss: 17.55754, DetectionLoss: 6.05378, RenderSemLoss: 0.00000, RenderDepthLoss: 0.00000, RenderExtraDepthLoss: 0.00000, RenderAccLoss: 0.00000
2026/06/22 15:40:05 - mmengine - INFO - [EVAL] Epoch 7 Iter   350: Loss: 22.065 (30.634)
2026/06/22 15:40:05 - mmengine - INFO - OccupancyLoss: 7.03361, OccupancyFlowLoss: 8.78138, DetectionLoss: 6.25003, RenderSemLoss: 0.00000, RenderDepthLoss: 0.00000, RenderExtraDepthLoss: 0.00000, RenderAccLoss: 0.00000
2026/06/22 15:41:34 - mmengine - INFO - [EVAL] Epoch 7 Iter   400: Loss: 16.504 (30.477)
2026/06/22 15:41:34 - mmengine - INFO - OccupancyLoss: 7.47744, OccupancyFlowLoss: 2.91338, DetectionLoss: 6.11320, RenderSemLoss: 0.00000, RenderDepthLoss: 0.00000, RenderExtraDepthLoss: 0.00000, RenderAccLoss: 0.00000
2026/06/22 15:42:59 - mmengine - INFO - [EVAL] Epoch 7 Iter   450: Loss: 40.879 (30.520)
2026/06/22 15:42:59 - mmengine - INFO - OccupancyLoss: 8.54866, OccupancyFlowLoss: 17.59280, DetectionLoss: 14.73717, RenderSemLoss: 0.00000, RenderDepthLoss: 0.00000, RenderExtraDepthLoss: 0.00000, RenderAccLoss: 0.00000
2026/06/22 15:44:20 - mmengine - INFO - Validation per class iou none:
2026/06/22 15:44:20 - mmengine - INFO - barrier : 6.55%, 0.28, 0.08
2026/06/22 15:44:20 - mmengine - INFO - bicycle : 0.00%, 0.00, 0.00
2026/06/22 15:44:20 - mmengine - INFO - bus : 6.08%, 0.35, 0.07
2026/06/22 15:44:20 - mmengine - INFO - car : 25.27%, 0.48, 0.35
2026/06/22 15:44:20 - mmengine - INFO - construction_vehicle : 0.06%, 0.03, 0.00
2026/06/22 15:44:20 - mmengine - INFO - motorcycle : 0.00%, 0.00, 0.00
2026/06/22 15:44:20 - mmengine - INFO - pedestrian : 0.00%, 0.00, 0.00
2026/06/22 15:44:20 - mmengine - INFO - traffic_cone : 0.00%, 0.00, 0.00
2026/06/22 15:44:20 - mmengine - INFO - trailer : 2.68%, 0.21, 0.03
2026/06/22 15:44:20 - mmengine - INFO - truck : 12.93%, 0.31, 0.18
2026/06/22 15:44:20 - mmengine - INFO - driveable_surface : 35.16%, 0.65, 0.43
2026/06/22 15:44:20 - mmengine - INFO - other_flat : 9.44%, 0.42, 0.11
2026/06/22 15:44:20 - mmengine - INFO - sidewalk : 18.03%, 0.34, 0.28
2026/06/22 15:44:20 - mmengine - INFO - terrain : 15.15%, 0.40, 0.20
2026/06/22 15:44:20 - mmengine - INFO - manmade : 4.91%, 0.27, 0.06
2026/06/22 15:44:20 - mmengine - INFO - vegetation : 15.08%, 0.40, 0.19
2026/06/22 15:44:20 - mmengine - INFO - tensor([  213109,    14566,   204192,  1435223,   106632,    22025,   206833,
           42653,   134799,   555406,  7051599,   345594,  2482869,  3418334,
         7852446,  8317553, 32659904], device='cuda:0', dtype=torch.int32)
2026/06/22 15:44:20 - mmengine - INFO - tensor([  16852,       0,   13972,  498595,      62,       0,       0,       0,
           4009,  101253, 3043471,   37535,  696590,  673701,  443872, 1613231,
        9180357], device='cuda:0', dtype=torch.int32)
2026/06/22 15:44:20 - mmengine - INFO - tensor([   61160,        0,    39771,  1036452,     2107,        0,        0,
               0,    19020,   329071,  4647627,    89721,  2077304,  1702826,
         1634466,  3995065, 15634590], device='cuda:0', dtype=torch.int32)
2026/06/22 15:44:20 - mmengine - INFO - mIoU: 9.457095732432208, iou2: 23.470685958862305
2026/06/22 15:44:20 - mmengine - INFO - Current val loss is 30.622
2026/06/22 15:44:42 - mmengine - INFO - [TRAIN] Epoch 7 Iter     0/750: Loss: 21.001 (21.001), grad_norm: 23.261, lr: 0.0000200, time: 11.906 (6.585)
2026/06/22 15:44:42 - mmengine - INFO - OccupancyLoss: 5.53986, OccupancyFlowLoss: 11.46675, DetectionLoss: 2.96027, RenderSemLoss: 0.00000, RenderDepthLoss: 0.75910, RenderExtraDepthLoss: 0.19913, RenderAccLoss: 0.07617
2026/06/22 15:49:07 - mmengine - INFO - [TRAIN] Epoch 7 Iter    50/750: Loss: 35.653 (29.138), grad_norm: 34.307, lr: 0.0000200, time: 5.064 (0.008)
2026/06/22 15:49:07 - mmengine - INFO - OccupancyLoss: 7.71284, OccupancyFlowLoss: 17.46554, DetectionLoss: 9.22609, RenderSemLoss: 0.00000, RenderDepthLoss: 0.92758, RenderExtraDepthLoss: 0.23164, RenderAccLoss: 0.08900
2026/06/22 15:53:33 - mmengine - INFO - [TRAIN] Epoch 7 Iter   100/750: Loss: 31.289 (29.181), grad_norm: 166.440, lr: 0.0000200, time: 4.895 (0.009)
2026/06/22 15:53:33 - mmengine - INFO - OccupancyLoss: 7.29375, OccupancyFlowLoss: 17.58642, DetectionLoss: 4.64859, RenderSemLoss: 0.00000, RenderDepthLoss: 1.30499, RenderExtraDepthLoss: 0.30240, RenderAccLoss: 0.15325
2026/06/22 15:57:47 - mmengine - INFO - [TRAIN] Epoch 7 Iter   150/750: Loss: 19.993 (29.037), grad_norm: 40.418, lr: 0.0000200, time: 5.178 (0.008)
2026/06/22 15:57:47 - mmengine - INFO - OccupancyLoss: 6.10354, OccupancyFlowLoss: 8.68518, DetectionLoss: 3.71144, RenderSemLoss: 0.00000, RenderDepthLoss: 1.10284, RenderExtraDepthLoss: 0.29546, RenderAccLoss: 0.09490
2026/06/22 16:02:01 - mmengine - INFO - [TRAIN] Epoch 7 Iter   200/750: Loss: 33.211 (29.485), grad_norm: 80.316, lr: 0.0000200, time: 5.001 (0.008)
2026/06/22 16:02:01 - mmengine - INFO - OccupancyLoss: 8.97950, OccupancyFlowLoss: 16.41455, DetectionLoss: 5.52548, RenderSemLoss: 0.00000, RenderDepthLoss: 1.75490, RenderExtraDepthLoss: 0.39361, RenderAccLoss: 0.14258
2026/06/22 16:06:28 - mmengine - INFO - [TRAIN] Epoch 7 Iter   250/750: Loss: 43.369 (29.401), grad_norm: 60.310, lr: 0.0000200, time: 5.638 (0.008)
2026/06/22 16:06:28 - mmengine - INFO - OccupancyLoss: 10.88215, OccupancyFlowLoss: 16.05578, DetectionLoss: 13.22523, RenderSemLoss: 0.00000, RenderDepthLoss: 2.52838, RenderExtraDepthLoss: 0.51718, RenderAccLoss: 0.16064
2026/06/22 16:10:44 - mmengine - INFO - [TRAIN] Epoch 7 Iter   300/750: Loss: 19.060 (29.850), grad_norm: 28.884, lr: 0.0000200, time: 4.962 (0.008)
2026/06/22 16:10:44 - mmengine - INFO - OccupancyLoss: 5.95886, OccupancyFlowLoss: 5.75227, DetectionLoss: 5.70907, RenderSemLoss: 0.00000, RenderDepthLoss: 1.10962, RenderExtraDepthLoss: 0.40948, RenderAccLoss: 0.12090
2026/06/22 16:14:58 - mmengine - INFO - [TRAIN] Epoch 7 Iter   350/750: Loss: 37.704 (29.642), grad_norm: 30.966, lr: 0.0000200, time: 5.019 (0.009)
2026/06/22 16:14:58 - mmengine - INFO - OccupancyLoss: 13.01056, OccupancyFlowLoss: 16.73095, DetectionLoss: 4.81646, RenderSemLoss: 0.00000, RenderDepthLoss: 2.45805, RenderExtraDepthLoss: 0.61751, RenderAccLoss: 0.07067
2026/06/22 16:19:13 - mmengine - INFO - [TRAIN] Epoch 7 Iter   400/750: Loss: 32.798 (29.834), grad_norm: 56.476, lr: 0.0000200, time: 5.055 (0.009)
2026/06/22 16:19:13 - mmengine - INFO - OccupancyLoss: 6.13770, OccupancyFlowLoss: 16.73455, DetectionLoss: 7.71050, RenderSemLoss: 0.00000, RenderDepthLoss: 1.74901, RenderExtraDepthLoss: 0.38153, RenderAccLoss: 0.08476
2026/06/22 16:23:28 - mmengine - INFO - [TRAIN] Epoch 7 Iter   450/750: Loss: 36.234 (31.245), grad_norm: 40.469, lr: 0.0000200, time: 5.151 (0.008)
2026/06/22 16:23:28 - mmengine - INFO - OccupancyLoss: 6.62878, OccupancyFlowLoss: 17.59746, DetectionLoss: 10.13033, RenderSemLoss: 0.00000, RenderDepthLoss: 1.35977, RenderExtraDepthLoss: 0.35906, RenderAccLoss: 0.15861
2026/06/22 16:27:43 - mmengine - INFO - [TRAIN] Epoch 7 Iter   500/750: Loss: 33.378 (28.889), grad_norm: 44.425, lr: 0.0000200, time: 5.095 (0.009)
2026/06/22 16:27:43 - mmengine - INFO - OccupancyLoss: 8.73433, OccupancyFlowLoss: 17.25409, DetectionLoss: 5.46794, RenderSemLoss: 0.00000, RenderDepthLoss: 1.32805, RenderExtraDepthLoss: 0.42276, RenderAccLoss: 0.17071
2026/06/22 16:31:59 - mmengine - INFO - [TRAIN] Epoch 7 Iter   550/750: Loss: 29.933 (30.016), grad_norm: 55.048, lr: 0.0000200, time: 5.248 (0.008)
2026/06/22 16:31:59 - mmengine - INFO - OccupancyLoss: 7.70698, OccupancyFlowLoss: 16.52446, DetectionLoss: 3.65068, RenderSemLoss: 0.00000, RenderDepthLoss: 1.59004, RenderExtraDepthLoss: 0.31542, RenderAccLoss: 0.14551
2026/06/22 16:36:13 - mmengine - INFO - [TRAIN] Epoch 7 Iter   600/750: Loss: 33.592 (31.026), grad_norm: 176.293, lr: 0.0000200, time: 5.118 (0.008)
2026/06/22 16:36:13 - mmengine - INFO - OccupancyLoss: 6.61215, OccupancyFlowLoss: 17.60277, DetectionLoss: 7.29934, RenderSemLoss: 0.00000, RenderDepthLoss: 1.49244, RenderExtraDepthLoss: 0.43756, RenderAccLoss: 0.14741
2026/06/22 16:40:30 - mmengine - INFO - [TRAIN] Epoch 7 Iter   650/750: Loss: 34.204 (29.492), grad_norm: 91.619, lr: 0.0000200, time: 5.304 (0.009)
2026/06/22 16:40:30 - mmengine - INFO - OccupancyLoss: 10.31317, OccupancyFlowLoss: 16.72575, DetectionLoss: 3.59942, RenderSemLoss: 0.00000, RenderDepthLoss: 2.71189, RenderExtraDepthLoss: 0.54251, RenderAccLoss: 0.31149
2026/06/22 16:44:45 - mmengine - INFO - [TRAIN] Epoch 7 Iter   700/750: Loss: 33.056 (31.189), grad_norm: 30.914, lr: 0.0000200, time: 5.242 (0.009)
2026/06/22 16:44:45 - mmengine - INFO - OccupancyLoss: 7.91600, OccupancyFlowLoss: 17.58590, DetectionLoss: 5.38953, RenderSemLoss: 0.00000, RenderDepthLoss: 1.67157, RenderExtraDepthLoss: 0.40160, RenderAccLoss: 0.09136
2026/06/22 16:49:06 - mmengine - INFO - [EVAL] Epoch 8 Iter     0: Loss: 27.594 (27.594)
2026/06/22 16:49:06 - mmengine - INFO - OccupancyLoss: 5.46652, OccupancyFlowLoss: 17.61937, DetectionLoss: 4.50790, RenderSemLoss: 0.00000, RenderDepthLoss: 0.00000, RenderExtraDepthLoss: 0.00000, RenderAccLoss: 0.00000
2026/06/22 16:50:36 - mmengine - INFO - [EVAL] Epoch 8 Iter    50: Loss: 28.340 (30.116)
2026/06/22 16:50:36 - mmengine - INFO - OccupancyLoss: 6.14473, OccupancyFlowLoss: 17.36442, DetectionLoss: 4.83047, RenderSemLoss: 0.00000, RenderDepthLoss: 0.00000, RenderExtraDepthLoss: 0.00000, RenderAccLoss: 0.00000
2026/06/22 16:52:04 - mmengine - INFO - [EVAL] Epoch 8 Iter   100: Loss: 29.948 (29.586)
2026/06/22 16:52:04 - mmengine - INFO - OccupancyLoss: 8.40056, OccupancyFlowLoss: 17.39484, DetectionLoss: 4.15271, RenderSemLoss: 0.00000, RenderDepthLoss: 0.00000, RenderExtraDepthLoss: 0.00000, RenderAccLoss: 0.00000
2026/06/22 16:53:32 - mmengine - INFO - [EVAL] Epoch 8 Iter   150: Loss: 12.896 (30.127)
2026/06/22 16:53:32 - mmengine - INFO - OccupancyLoss: 6.71428, OccupancyFlowLoss: 5.89461, DetectionLoss: 0.28760, RenderSemLoss: 0.00000, RenderDepthLoss: 0.00000, RenderExtraDepthLoss: 0.00000, RenderAccLoss: 0.00000
2026/06/22 16:55:01 - mmengine - INFO - [EVAL] Epoch 8 Iter   200: Loss: 22.263 (30.297)
2026/06/22 16:55:01 - mmengine - INFO - OccupancyLoss: 10.20181, OccupancyFlowLoss: 8.71523, DetectionLoss: 3.34584, RenderSemLoss: 0.00000, RenderDepthLoss: 0.00000, RenderExtraDepthLoss: 0.00000, RenderAccLoss: 0.00000
2026/06/22 16:56:30 - mmengine - INFO - [EVAL] Epoch 8 Iter   250: Loss: 31.835 (30.567)
2026/06/22 16:56:30 - mmengine - INFO - OccupancyLoss: 7.70288, OccupancyFlowLoss: 17.18340, DetectionLoss: 6.94877, RenderSemLoss: 0.00000, RenderDepthLoss: 0.00000, RenderExtraDepthLoss: 0.00000, RenderAccLoss: 0.00000
2026/06/22 16:57:58 - mmengine - INFO - [EVAL] Epoch 8 Iter   300: Loss: 32.772 (30.377)
2026/06/22 16:57:58 - mmengine - INFO - OccupancyLoss: 9.26526, OccupancyFlowLoss: 17.57022, DetectionLoss: 5.93697, RenderSemLoss: 0.00000, RenderDepthLoss: 0.00000, RenderExtraDepthLoss: 0.00000, RenderAccLoss: 0.00000
2026/06/22 16:59:27 - mmengine - INFO - [EVAL] Epoch 8 Iter   350: Loss: 22.576 (30.537)
2026/06/22 16:59:27 - mmengine - INFO - OccupancyLoss: 6.81398, OccupancyFlowLoss: 8.80603, DetectionLoss: 6.95622, RenderSemLoss: 0.00000, RenderDepthLoss: 0.00000, RenderExtraDepthLoss: 0.00000, RenderAccLoss: 0.00000
2026/06/22 17:00:55 - mmengine - INFO - [EVAL] Epoch 8 Iter   400: Loss: 16.089 (30.439)
2026/06/22 17:00:55 - mmengine - INFO - OccupancyLoss: 7.08542, OccupancyFlowLoss: 2.90320, DetectionLoss: 6.09998, RenderSemLoss: 0.00000, RenderDepthLoss: 0.00000, RenderExtraDepthLoss: 0.00000, RenderAccLoss: 0.00000
2026/06/22 17:02:19 - mmengine - INFO - [EVAL] Epoch 8 Iter   450: Loss: 39.662 (30.453)
2026/06/22 17:02:19 - mmengine - INFO - OccupancyLoss: 8.35152, OccupancyFlowLoss: 17.58035, DetectionLoss: 13.73019, RenderSemLoss: 0.00000, RenderDepthLoss: 0.00000, RenderExtraDepthLoss: 0.00000, RenderAccLoss: 0.00000
2026/06/22 17:03:38 - mmengine - INFO - Validation per class iou none:
2026/06/22 17:03:38 - mmengine - INFO - barrier : 7.43%, 0.25, 0.10
2026/06/22 17:03:38 - mmengine - INFO - bicycle : 0.00%, 0.00, 0.00
2026/06/22 17:03:38 - mmengine - INFO - bus : 13.72%, 0.30, 0.20
2026/06/22 17:03:38 - mmengine - INFO - car : 25.75%, 0.47, 0.37
2026/06/22 17:03:38 - mmengine - INFO - construction_vehicle : 0.24%, 0.11, 0.00
2026/06/22 17:03:38 - mmengine - INFO - motorcycle : 0.00%, 0.00, 0.00
2026/06/22 17:03:38 - mmengine - INFO - pedestrian : 0.00%, 0.11, 0.00
2026/06/22 17:03:38 - mmengine - INFO - traffic_cone : 0.00%, 0.00, 0.00
2026/06/22 17:03:38 - mmengine - INFO - trailer : 3.61%, 0.15, 0.05
2026/06/22 17:03:38 - mmengine - INFO - truck : 12.22%, 0.30, 0.17
2026/06/22 17:03:38 - mmengine - INFO - driveable_surface : 36.63%, 0.62, 0.47
2026/06/22 17:03:38 - mmengine - INFO - other_flat : 9.66%, 0.42, 0.11
2026/06/22 17:03:38 - mmengine - INFO - sidewalk : 17.79%, 0.35, 0.27
2026/06/22 17:03:38 - mmengine - INFO - terrain : 16.62%, 0.36, 0.24
2026/06/22 17:03:38 - mmengine - INFO - manmade : 5.52%, 0.28, 0.06
2026/06/22 17:03:38 - mmengine - INFO - vegetation : 16.23%, 0.39, 0.22
2026/06/22 17:03:38 - mmengine - INFO - tensor([  213109,    14566,   204192,  1435223,   106632,    22025,   206833,
           42653,   134799,   555406,  7051599,   345594,  2482869,  3418334,
         7852446,  8317553, 32659904], device='cuda:0', dtype=torch.int32)
2026/06/22 17:03:38 - mmengine - INFO - tensor([   20251,        0,    41089,   524776,      261,        0,        6,
               0,     6103,    95203,  3347257,    38555,   665695,   806011,
          506309,  1796747, 10123815], device='cuda:0', dtype=torch.int32)
2026/06/22 17:03:38 - mmengine - INFO - tensor([   79614,        0,   136283,  1127342,     2313,        0,       55,
               0,    40526,   319002,  5433534,    92069,  1924378,  2237202,
         1829838,  4549172, 17771328], device='cuda:0', dtype=torch.int32)
2026/06/22 17:03:38 - mmengine - INFO - mIoU: 10.339268494590215, iou2: 25.116506576538086
2026/06/22 17:03:38 - mmengine - INFO - Current val loss is 30.557
2026/06/22 17:04:01 - mmengine - INFO - [TRAIN] Epoch 8 Iter     0/750: Loss: 29.108 (29.108), grad_norm: 46.022, lr: 0.0000200, time: 12.660 (6.442)
2026/06/22 17:04:01 - mmengine - INFO - OccupancyLoss: 6.94007, OccupancyFlowLoss: 17.78088, DetectionLoss: 2.91507, RenderSemLoss: 0.00000, RenderDepthLoss: 1.06069, RenderExtraDepthLoss: 0.30894, RenderAccLoss: 0.10248
2026/06/22 17:08:17 - mmengine - INFO - [TRAIN] Epoch 8 Iter    50/750: Loss: 10.489 (29.409), grad_norm: 48.439, lr: 0.0000200, time: 5.169 (0.008)
2026/06/22 17:08:17 - mmengine - INFO - OccupancyLoss: 5.18461, OccupancyFlowLoss: 0.00000, DetectionLoss: 3.22961, RenderSemLoss: 0.00000, RenderDepthLoss: 1.68758, RenderExtraDepthLoss: 0.32936, RenderAccLoss: 0.05827
2026/06/22 17:12:33 - mmengine - INFO - [TRAIN] Epoch 8 Iter   100/750: Loss: 14.340 (28.504), grad_norm: 38.990, lr: 0.0000200, time: 5.027 (0.008)
2026/06/22 17:12:33 - mmengine - INFO - OccupancyLoss: 4.13022, OccupancyFlowLoss: 5.80148, DetectionLoss: 2.83887, RenderSemLoss: 0.00000, RenderDepthLoss: 1.07048, RenderExtraDepthLoss: 0.31357, RenderAccLoss: 0.18545
2026/06/22 17:16:49 - mmengine - INFO - [TRAIN] Epoch 8 Iter   150/750: Loss: 29.259 (28.467), grad_norm: 60.348, lr: 0.0000200, time: 5.272 (0.008)
2026/06/22 17:16:49 - mmengine - INFO - OccupancyLoss: 7.13387, OccupancyFlowLoss: 16.51771, DetectionLoss: 4.21373, RenderSemLoss: 0.00000, RenderDepthLoss: 0.99771, RenderExtraDepthLoss: 0.28337, RenderAccLoss: 0.11244
2026/06/22 17:21:04 - mmengine - INFO - [TRAIN] Epoch 8 Iter   200/750: Loss: 24.074 (30.072), grad_norm: 32.216, lr: 0.0000200, time: 5.187 (0.008)
2026/06/22 17:21:04 - mmengine - INFO - OccupancyLoss: 4.29427, OccupancyFlowLoss: 17.62837, DetectionLoss: 0.94057, RenderSemLoss: 0.00000, RenderDepthLoss: 0.85193, RenderExtraDepthLoss: 0.23787, RenderAccLoss: 0.12075
2026/06/22 17:25:19 - mmengine - INFO - [TRAIN] Epoch 8 Iter   250/750: Loss: 36.106 (28.579), grad_norm: 41.600, lr: 0.0000200, time: 5.105 (0.008)
2026/06/22 17:25:19 - mmengine - INFO - OccupancyLoss: 14.00684, OccupancyFlowLoss: 17.06724, DetectionLoss: 1.38788, RenderSemLoss: 0.00000, RenderDepthLoss: 3.03697, RenderExtraDepthLoss: 0.54197, RenderAccLoss: 0.06501
2026/06/22 17:29:32 - mmengine - INFO - [TRAIN] Epoch 8 Iter   300/750: Loss: 33.185 (30.309), grad_norm: 62.881, lr: 0.0000200, time: 5.246 (0.009)
2026/06/22 17:29:32 - mmengine - INFO - OccupancyLoss: 8.09590, OccupancyFlowLoss: 17.40949, DetectionLoss: 5.22980, RenderSemLoss: 0.00000, RenderDepthLoss: 1.83900, RenderExtraDepthLoss: 0.46054, RenderAccLoss: 0.15072
2026/06/22 17:33:47 - mmengine - INFO - [TRAIN] Epoch 8 Iter   350/750: Loss: 28.282 (28.704), grad_norm: 32.510, lr: 0.0000200, time: 5.097 (0.009)
2026/06/22 17:33:47 - mmengine - INFO - OccupancyLoss: 7.70399, OccupancyFlowLoss: 16.99690, DetectionLoss: 1.85710, RenderSemLoss: 0.00000, RenderDepthLoss: 1.32505, RenderExtraDepthLoss: 0.29546, RenderAccLoss: 0.10309
2026/06/22 17:38:03 - mmengine - INFO - [TRAIN] Epoch 8 Iter   400/750: Loss: 32.115 (29.082), grad_norm: 159.469, lr: 0.0000200, time: 5.112 (0.009)
2026/06/22 17:38:03 - mmengine - INFO - OccupancyLoss: 7.87987, OccupancyFlowLoss: 17.13424, DetectionLoss: 5.05070, RenderSemLoss: 0.00000, RenderDepthLoss: 1.48665, RenderExtraDepthLoss: 0.34539, RenderAccLoss: 0.21823
2026/06/22 17:42:19 - mmengine - INFO - [TRAIN] Epoch 8 Iter   450/750: Loss: 31.084 (28.751), grad_norm: 27.806, lr: 0.0000200, time: 5.239 (0.009)
2026/06/22 17:42:19 - mmengine - INFO - OccupancyLoss: 12.18902, OccupancyFlowLoss: 11.70375, DetectionLoss: 3.93151, RenderSemLoss: 0.00000, RenderDepthLoss: 2.26799, RenderExtraDepthLoss: 0.81962, RenderAccLoss: 0.17256
2026/06/22 17:46:35 - mmengine - INFO - [TRAIN] Epoch 8 Iter   500/750: Loss: 34.203 (28.097), grad_norm: 42.889, lr: 0.0000200, time: 5.771 (0.009)
2026/06/22 17:46:35 - mmengine - INFO - OccupancyLoss: 7.97233, OccupancyFlowLoss: 17.31958, DetectionLoss: 6.53045, RenderSemLoss: 0.00000, RenderDepthLoss: 1.80404, RenderExtraDepthLoss: 0.43885, RenderAccLoss: 0.13763
2026/06/22 17:50:52 - mmengine - INFO - [TRAIN] Epoch 8 Iter   550/750: Loss: 29.132 (28.509), grad_norm: 88.005, lr: 0.0000200, time: 4.918 (0.008)
2026/06/22 17:50:52 - mmengine - INFO - OccupancyLoss: 7.00219, OccupancyFlowLoss: 17.29199, DetectionLoss: 3.15367, RenderSemLoss: 0.00000, RenderDepthLoss: 1.29070, RenderExtraDepthLoss: 0.24778, RenderAccLoss: 0.14599
2026/06/22 17:55:06 - mmengine - INFO - [TRAIN] Epoch 8 Iter   600/750: Loss: 28.873 (28.602), grad_norm: 31.931, lr: 0.0000200, time: 5.078 (0.009)
2026/06/22 17:55:06 - mmengine - INFO - OccupancyLoss: 5.30650, OccupancyFlowLoss: 17.03097, DetectionLoss: 5.24954, RenderSemLoss: 0.00000, RenderDepthLoss: 0.94788, RenderExtraDepthLoss: 0.24844, RenderAccLoss: 0.08989
2026/06/22 17:59:22 - mmengine - INFO - [TRAIN] Epoch 8 Iter   650/750: Loss: 28.873 (27.953), grad_norm: 64.620, lr: 0.0000200, time: 5.143 (0.008)
2026/06/22 17:59:22 - mmengine - INFO - OccupancyLoss: 8.05017, OccupancyFlowLoss: 14.40095, DetectionLoss: 4.07712, RenderSemLoss: 0.00000, RenderDepthLoss: 1.70545, RenderExtraDepthLoss: 0.43782, RenderAccLoss: 0.20108
2026/06/22 18:03:39 - mmengine - INFO - [TRAIN] Epoch 8 Iter   700/750: Loss: 32.932 (28.384), grad_norm: 31.155, lr: 0.0000200, time: 5.205 (0.008)
2026/06/22 18:03:39 - mmengine - INFO - OccupancyLoss: 9.20841, OccupancyFlowLoss: 16.69140, DetectionLoss: 2.91253, RenderSemLoss: 0.00000, RenderDepthLoss: 3.14795, RenderExtraDepthLoss: 0.71149, RenderAccLoss: 0.26035
2026/06/22 18:08:01 - mmengine - INFO - [EVAL] Epoch 9 Iter     0: Loss: 28.133 (28.133)
2026/06/22 18:08:01 - mmengine - INFO - OccupancyLoss: 5.69055, OccupancyFlowLoss: 17.58951, DetectionLoss: 4.85328, RenderSemLoss: 0.00000, RenderDepthLoss: 0.00000, RenderExtraDepthLoss: 0.00000, RenderAccLoss: 0.00000
2026/06/22 18:09:21 - mmengine - INFO - [EVAL] Epoch 9 Iter    50: Loss: 28.957 (30.191)
2026/06/22 18:09:21 - mmengine - INFO - OccupancyLoss: 6.55792, OccupancyFlowLoss: 17.39042, DetectionLoss: 5.00896, RenderSemLoss: 0.00000, RenderDepthLoss: 0.00000, RenderExtraDepthLoss: 0.00000, RenderAccLoss: 0.00000
2026/06/22 18:10:40 - mmengine - INFO - [EVAL] Epoch 9 Iter   100: Loss: 29.863 (29.749)
2026/06/22 18:10:40 - mmengine - INFO - OccupancyLoss: 8.27509, OccupancyFlowLoss: 17.29719, DetectionLoss: 4.29031, RenderSemLoss: 0.00000, RenderDepthLoss: 0.00000, RenderExtraDepthLoss: 0.00000, RenderAccLoss: 0.00000
2026/06/22 18:12:00 - mmengine - INFO - [EVAL] Epoch 9 Iter   150: Loss: 12.509 (30.326)
2026/06/22 18:12:00 - mmengine - INFO - OccupancyLoss: 6.43826, OccupancyFlowLoss: 5.86803, DetectionLoss: 0.20318, RenderSemLoss: 0.00000, RenderDepthLoss: 0.00000, RenderExtraDepthLoss: 0.00000, RenderAccLoss: 0.00000
2026/06/22 18:13:19 - mmengine - INFO - [EVAL] Epoch 9 Iter   200: Loss: 21.998 (30.444)
2026/06/22 18:13:19 - mmengine - INFO - OccupancyLoss: 10.10273, OccupancyFlowLoss: 8.71928, DetectionLoss: 3.17630, RenderSemLoss: 0.00000, RenderDepthLoss: 0.00000, RenderExtraDepthLoss: 0.00000, RenderAccLoss: 0.00000
2026/06/22 18:14:40 - mmengine - INFO - [EVAL] Epoch 9 Iter   250: Loss: 31.649 (30.694)
2026/06/22 18:14:40 - mmengine - INFO - OccupancyLoss: 7.77871, OccupancyFlowLoss: 17.09305, DetectionLoss: 6.77755, RenderSemLoss: 0.00000, RenderDepthLoss: 0.00000, RenderExtraDepthLoss: 0.00000, RenderAccLoss: 0.00000
2026/06/22 18:16:00 - mmengine - INFO - [EVAL] Epoch 9 Iter   300: Loss: 32.158 (30.500)
2026/06/22 18:16:00 - mmengine - INFO - OccupancyLoss: 9.06752, OccupancyFlowLoss: 17.50602, DetectionLoss: 5.58453, RenderSemLoss: 0.00000, RenderDepthLoss: 0.00000, RenderExtraDepthLoss: 0.00000, RenderAccLoss: 0.00000
2026/06/22 18:17:20 - mmengine - INFO - [EVAL] Epoch 9 Iter   350: Loss: 22.435 (30.696)
2026/06/22 18:17:20 - mmengine - INFO - OccupancyLoss: 7.43990, OccupancyFlowLoss: 8.79145, DetectionLoss: 6.20401, RenderSemLoss: 0.00000, RenderDepthLoss: 0.00000, RenderExtraDepthLoss: 0.00000, RenderAccLoss: 0.00000
2026/06/22 18:18:41 - mmengine - INFO - [EVAL] Epoch 9 Iter   400: Loss: 17.138 (30.582)
2026/06/22 18:18:41 - mmengine - INFO - OccupancyLoss: 7.62639, OccupancyFlowLoss: 2.91647, DetectionLoss: 6.59475, RenderSemLoss: 0.00000, RenderDepthLoss: 0.00000, RenderExtraDepthLoss: 0.00000, RenderAccLoss: 0.00000
2026/06/22 18:19:57 - mmengine - INFO - [EVAL] Epoch 9 Iter   450: Loss: 39.769 (30.626)
2026/06/22 18:19:57 - mmengine - INFO - OccupancyLoss: 8.33013, OccupancyFlowLoss: 17.53200, DetectionLoss: 13.90693, RenderSemLoss: 0.00000, RenderDepthLoss: 0.00000, RenderExtraDepthLoss: 0.00000, RenderAccLoss: 0.00000
2026/06/22 18:21:01 - mmengine - INFO - Validation per class iou none:
2026/06/22 18:21:01 - mmengine - INFO - barrier : 8.23%, 0.27, 0.11
2026/06/22 18:21:01 - mmengine - INFO - bicycle : 0.00%, 0.00, 0.00
2026/06/22 18:21:01 - mmengine - INFO - bus : 15.01%, 0.31, 0.23
2026/06/22 18:21:01 - mmengine - INFO - car : 26.63%, 0.43, 0.41
2026/06/22 18:21:01 - mmengine - INFO - construction_vehicle : 1.21%, 0.12, 0.01
2026/06/22 18:21:01 - mmengine - INFO - motorcycle : 0.00%, 0.00, 0.00
2026/06/22 18:21:01 - mmengine - INFO - pedestrian : 0.00%, 0.01, 0.00
2026/06/22 18:21:01 - mmengine - INFO - traffic_cone : 0.00%, 0.00, 0.00
2026/06/22 18:21:01 - mmengine - INFO - trailer : 5.13%, 0.19, 0.07
2026/06/22 18:21:01 - mmengine - INFO - truck : 14.01%, 0.32, 0.20
2026/06/22 18:21:01 - mmengine - INFO - driveable_surface : 37.36%, 0.60, 0.50
2026/06/22 18:21:01 - mmengine - INFO - other_flat : 9.13%, 0.44, 0.10
2026/06/22 18:21:01 - mmengine - INFO - sidewalk : 17.82%, 0.34, 0.27
2026/06/22 18:21:01 - mmengine - INFO - terrain : 18.43%, 0.33, 0.29
2026/06/22 18:21:01 - mmengine - INFO - manmade : 5.51%, 0.29, 0.06
2026/06/22 18:21:01 - mmengine - INFO - vegetation : 15.39%, 0.41, 0.20
2026/06/22 18:21:01 - mmengine - INFO - tensor([  213109,    14566,   204192,  1435223,   106632,    22025,   206833,
           42653,   134799,   555406,  7051599,   345594,  2482869,  3418334,
         7852446,  8317553, 32659904], device='cuda:0', dtype=torch.int32)
2026/06/22 18:21:01 - mmengine - INFO - tensor([   22404,        0,    46190,   584716,     1411,        0,        3,
               0,     8905,   111539,  3507115,    35789,   680460,  1002034,
          501486,  1650411, 10694706], device='cuda:0', dtype=torch.int32)
2026/06/22 18:21:01 - mmengine - INFO - tensor([   81557,        0,   149733,  1344933,    11308,        0,      227,
               0,    47552,   352123,  5841854,    81998,  2017177,  3022090,
         1748392,  4059688, 18758632], device='cuda:0', dtype=torch.int32)
2026/06/22 18:21:01 - mmengine - INFO - mIoU: 10.866658338295565, iou2: 26.26154136657715
2026/06/22 18:21:01 - mmengine - INFO - Current val loss is 30.735
2026/06/22 18:21:23 - mmengine - INFO - [TRAIN] Epoch 9 Iter     0/750: Loss: 9.358 (9.358), grad_norm: 24.539, lr: 0.0000200, time: 11.489 (5.815)
2026/06/22 18:21:23 - mmengine - INFO - OccupancyLoss: 5.15535, OccupancyFlowLoss: 0.00000, DetectionLoss: 2.69302, RenderSemLoss: 0.00000, RenderDepthLoss: 1.13320, RenderExtraDepthLoss: 0.28576, RenderAccLoss: 0.09114
2026/06/22 18:25:39 - mmengine - INFO - [TRAIN] Epoch 9 Iter    50/750: Loss: 31.967 (28.855), grad_norm: 30.980, lr: 0.0000200, time: 5.212 (0.008)
2026/06/22 18:25:39 - mmengine - INFO - OccupancyLoss: 8.00196, OccupancyFlowLoss: 17.19011, DetectionLoss: 5.34629, RenderSemLoss: 0.00000, RenderDepthLoss: 1.06520, RenderExtraDepthLoss: 0.24780, RenderAccLoss: 0.11530
2026/06/22 18:29:55 - mmengine - INFO - [TRAIN] Epoch 9 Iter   100/750: Loss: 27.154 (28.253), grad_norm: 33.537, lr: 0.0000200, time: 5.078 (0.008)
2026/06/22 18:29:55 - mmengine - INFO - OccupancyLoss: 4.96482, OccupancyFlowLoss: 17.19843, DetectionLoss: 3.24901, RenderSemLoss: 0.00000, RenderDepthLoss: 1.23555, RenderExtraDepthLoss: 0.28886, RenderAccLoss: 0.21759
2026/06/22 18:34:12 - mmengine - INFO - [TRAIN] Epoch 9 Iter   150/750: Loss: 32.396 (27.643), grad_norm: 34.818, lr: 0.0000200, time: 5.243 (0.008)
2026/06/22 18:34:12 - mmengine - INFO - OccupancyLoss: 6.60302, OccupancyFlowLoss: 17.67912, DetectionLoss: 6.87049, RenderSemLoss: 0.00000, RenderDepthLoss: 0.92270, RenderExtraDepthLoss: 0.22561, RenderAccLoss: 0.09507
2026/06/22 18:38:28 - mmengine - INFO - [TRAIN] Epoch 9 Iter   200/750: Loss: 28.566 (28.325), grad_norm: 30.792, lr: 0.0000200, time: 5.049 (0.008)
2026/06/22 18:38:28 - mmengine - INFO - OccupancyLoss: 6.00604, OccupancyFlowLoss: 17.43894, DetectionLoss: 3.61746, RenderSemLoss: 0.00000, RenderDepthLoss: 1.15090, RenderExtraDepthLoss: 0.28118, RenderAccLoss: 0.07137
2026/06/22 18:42:44 - mmengine - INFO - [TRAIN] Epoch 9 Iter   250/750: Loss: 10.220 (27.742), grad_norm: 42.225, lr: 0.0000200, time: 5.483 (0.008)
2026/06/22 18:42:44 - mmengine - INFO - OccupancyLoss: 5.50755, OccupancyFlowLoss: 0.00000, DetectionLoss: 3.28131, RenderSemLoss: 0.00000, RenderDepthLoss: 1.05286, RenderExtraDepthLoss: 0.24980, RenderAccLoss: 0.12885
2026/06/22 18:47:01 - mmengine - INFO - [TRAIN] Epoch 9 Iter   300/750: Loss: 26.164 (28.520), grad_norm: 83.469, lr: 0.0000200, time: 5.289 (0.008)
2026/06/22 18:47:01 - mmengine - INFO - OccupancyLoss: 5.35022, OccupancyFlowLoss: 17.22391, DetectionLoss: 2.32017, RenderSemLoss: 0.00000, RenderDepthLoss: 0.92487, RenderExtraDepthLoss: 0.24749, RenderAccLoss: 0.09754
2026/06/22 18:51:17 - mmengine - INFO - [TRAIN] Epoch 9 Iter   350/750: Loss: 26.257 (28.902), grad_norm: 34.201, lr: 0.0000200, time: 5.071 (0.008)
2026/06/22 18:51:17 - mmengine - INFO - OccupancyLoss: 4.87219, OccupancyFlowLoss: 17.45645, DetectionLoss: 2.79119, RenderSemLoss: 0.00000, RenderDepthLoss: 0.87650, RenderExtraDepthLoss: 0.18866, RenderAccLoss: 0.07243
2026/06/22 18:55:33 - mmengine - INFO - [TRAIN] Epoch 9 Iter   400/750: Loss: 23.162 (28.571), grad_norm: 60.899, lr: 0.0000200, time: 5.299 (0.009)
2026/06/22 18:55:33 - mmengine - INFO - OccupancyLoss: 3.54968, OccupancyFlowLoss: 17.29807, DetectionLoss: 1.49378, RenderSemLoss: 0.00000, RenderDepthLoss: 0.57034, RenderExtraDepthLoss: 0.15116, RenderAccLoss: 0.09925
2026/06/22 18:59:49 - mmengine - INFO - [TRAIN] Epoch 9 Iter   450/750: Loss: 31.886 (29.770), grad_norm: 326.243, lr: 0.0000200, time: 5.293 (0.008)
2026/06/22 18:59:49 - mmengine - INFO - OccupancyLoss: 6.27651, OccupancyFlowLoss: 17.10153, DetectionLoss: 6.64293, RenderSemLoss: 0.00000, RenderDepthLoss: 1.34886, RenderExtraDepthLoss: 0.42426, RenderAccLoss: 0.09222
2026/06/22 19:04:16 - mmengine - INFO - [TRAIN] Epoch 9 Iter   500/750: Loss: 34.417 (27.517), grad_norm: 41.059, lr: 0.0000200, time: 4.969 (0.009)
2026/06/22 19:04:16 - mmengine - INFO - OccupancyLoss: 10.11561, OccupancyFlowLoss: 16.67514, DetectionLoss: 3.99338, RenderSemLoss: 0.00000, RenderDepthLoss: 2.83773, RenderExtraDepthLoss: 0.57553, RenderAccLoss: 0.21987
2026/06/22 19:08:56 - mmengine - INFO - [TRAIN] Epoch 9 Iter   550/750: Loss: 29.984 (29.382), grad_norm: 37.520, lr: 0.0000200, time: 5.134 (0.008)
2026/06/22 19:08:56 - mmengine - INFO - OccupancyLoss: 8.50899, OccupancyFlowLoss: 17.43428, DetectionLoss: 3.07405, RenderSemLoss: 0.00000, RenderDepthLoss: 0.61446, RenderExtraDepthLoss: 0.19726, RenderAccLoss: 0.15480
2026/06/22 19:13:12 - mmengine - INFO - [TRAIN] Epoch 9 Iter   600/750: Loss: 34.802 (28.214), grad_norm: 37.840, lr: 0.0000200, time: 5.135 (0.009)
2026/06/22 19:13:12 - mmengine - INFO - OccupancyLoss: 7.71771, OccupancyFlowLoss: 17.42042, DetectionLoss: 7.50454, RenderSemLoss: 0.00000, RenderDepthLoss: 1.65161, RenderExtraDepthLoss: 0.36275, RenderAccLoss: 0.14497
2026/06/22 19:17:28 - mmengine - INFO - [TRAIN] Epoch 9 Iter   650/750: Loss: 30.029 (29.275), grad_norm: 49.163, lr: 0.0000200, time: 4.878 (0.009)
2026/06/22 19:17:28 - mmengine - INFO - OccupancyLoss: 8.06211, OccupancyFlowLoss: 17.56656, DetectionLoss: 1.98741, RenderSemLoss: 0.00000, RenderDepthLoss: 2.02951, RenderExtraDepthLoss: 0.34603, RenderAccLoss: 0.03719
2026/06/22 19:22:01 - mmengine - INFO - [TRAIN] Epoch 9 Iter   700/750: Loss: 10.674 (29.090), grad_norm: 51.036, lr: 0.0000200, time: 5.082 (0.009)
2026/06/22 19:22:01 - mmengine - INFO - OccupancyLoss: 3.48932, OccupancyFlowLoss: 0.00000, DetectionLoss: 6.18088, RenderSemLoss: 0.00000, RenderDepthLoss: 0.69505, RenderExtraDepthLoss: 0.23337, RenderAccLoss: 0.07534
2026/06/22 19:26:23 - mmengine - INFO - [EVAL] Epoch 10 Iter     0: Loss: 27.767 (27.767)
2026/06/22 19:26:23 - mmengine - INFO - OccupancyLoss: 5.35070, OccupancyFlowLoss: 17.59688, DetectionLoss: 4.81921, RenderSemLoss: 0.00000, RenderDepthLoss: 0.00000, RenderExtraDepthLoss: 0.00000, RenderAccLoss: 0.00000
2026/06/22 19:27:53 - mmengine - INFO - [EVAL] Epoch 10 Iter    50: Loss: 28.815 (30.288)
2026/06/22 19:27:53 - mmengine - INFO - OccupancyLoss: 6.35394, OccupancyFlowLoss: 17.31208, DetectionLoss: 5.14872, RenderSemLoss: 0.00000, RenderDepthLoss: 0.00000, RenderExtraDepthLoss: 0.00000, RenderAccLoss: 0.00000
2026/06/22 19:29:23 - mmengine - INFO - [EVAL] Epoch 10 Iter   100: Loss: 30.261 (29.695)
2026/06/22 19:29:23 - mmengine - INFO - OccupancyLoss: 8.29048, OccupancyFlowLoss: 17.32052, DetectionLoss: 4.65046, RenderSemLoss: 0.00000, RenderDepthLoss: 0.00000, RenderExtraDepthLoss: 0.00000, RenderAccLoss: 0.00000
2026/06/22 19:30:53 - mmengine - INFO - [EVAL] Epoch 10 Iter   150: Loss: 12.386 (30.249)
2026/06/22 19:30:53 - mmengine - INFO - OccupancyLoss: 6.27482, OccupancyFlowLoss: 5.87072, DetectionLoss: 0.24051, RenderSemLoss: 0.00000, RenderDepthLoss: 0.00000, RenderExtraDepthLoss: 0.00000, RenderAccLoss: 0.00000
2026/06/22 19:32:22 - mmengine - INFO - [EVAL] Epoch 10 Iter   200: Loss: 21.969 (30.345)
2026/06/22 19:32:22 - mmengine - INFO - OccupancyLoss: 9.73620, OccupancyFlowLoss: 8.66689, DetectionLoss: 3.56587, RenderSemLoss: 0.00000, RenderDepthLoss: 0.00000, RenderExtraDepthLoss: 0.00000, RenderAccLoss: 0.00000
2026/06/22 19:33:55 - mmengine - INFO - [EVAL] Epoch 10 Iter   250: Loss: 33.639 (30.607)
2026/06/22 19:33:55 - mmengine - INFO - OccupancyLoss: 7.73332, OccupancyFlowLoss: 17.11534, DetectionLoss: 8.79009, RenderSemLoss: 0.00000, RenderDepthLoss: 0.00000, RenderExtraDepthLoss: 0.00000, RenderAccLoss: 0.00000
2026/06/22 19:35:26 - mmengine - INFO - [EVAL] Epoch 10 Iter   300: Loss: 31.905 (30.417)
2026/06/22 19:35:26 - mmengine - INFO - OccupancyLoss: 9.05132, OccupancyFlowLoss: 17.57121, DetectionLoss: 5.28222, RenderSemLoss: 0.00000, RenderDepthLoss: 0.00000, RenderExtraDepthLoss: 0.00000, RenderAccLoss: 0.00000
2026/06/22 19:36:55 - mmengine - INFO - [EVAL] Epoch 10 Iter   350: Loss: 22.439 (30.630)
2026/06/22 19:36:55 - mmengine - INFO - OccupancyLoss: 6.56871, OccupancyFlowLoss: 8.76955, DetectionLoss: 7.10047, RenderSemLoss: 0.00000, RenderDepthLoss: 0.00000, RenderExtraDepthLoss: 0.00000, RenderAccLoss: 0.00000
2026/06/22 19:38:27 - mmengine - INFO - [EVAL] Epoch 10 Iter   400: Loss: 17.119 (30.495)
2026/06/22 19:38:27 - mmengine - INFO - OccupancyLoss: 7.50288, OccupancyFlowLoss: 2.92011, DetectionLoss: 6.69627, RenderSemLoss: 0.00000, RenderDepthLoss: 0.00000, RenderExtraDepthLoss: 0.00000, RenderAccLoss: 0.00000
2026/06/22 19:39:55 - mmengine - INFO - [EVAL] Epoch 10 Iter   450: Loss: 39.808 (30.529)
2026/06/22 19:39:55 - mmengine - INFO - OccupancyLoss: 8.27513, OccupancyFlowLoss: 17.56134, DetectionLoss: 13.97148, RenderSemLoss: 0.00000, RenderDepthLoss: 0.00000, RenderExtraDepthLoss: 0.00000, RenderAccLoss: 0.00000
2026/06/22 19:41:24 - mmengine - INFO - Validation per class iou none:
2026/06/22 19:41:24 - mmengine - INFO - barrier : 9.09%, 0.26, 0.12
2026/06/22 19:41:24 - mmengine - INFO - bicycle : 0.00%, 0.00, 0.00
2026/06/22 19:41:24 - mmengine - INFO - bus : 13.48%, 0.36, 0.18
2026/06/22 19:41:24 - mmengine - INFO - car : 26.77%, 0.45, 0.40
2026/06/22 19:41:24 - mmengine - INFO - construction_vehicle : 0.48%, 0.07, 0.01
2026/06/22 19:41:24 - mmengine - INFO - motorcycle : 0.00%, 0.00, 0.00
2026/06/22 19:41:24 - mmengine - INFO - pedestrian : 0.00%, 0.05, 0.00
2026/06/22 19:41:24 - mmengine - INFO - traffic_cone : 0.00%, 0.00, 0.00
2026/06/22 19:41:24 - mmengine - INFO - trailer : 5.23%, 0.15, 0.07
2026/06/22 19:41:24 - mmengine - INFO - truck : 13.28%, 0.29, 0.20
2026/06/22 19:41:24 - mmengine - INFO - driveable_surface : 36.84%, 0.65, 0.46
2026/06/22 19:41:24 - mmengine - INFO - other_flat : 12.26%, 0.42, 0.15
2026/06/22 19:41:24 - mmengine - INFO - sidewalk : 18.17%, 0.40, 0.25
2026/06/22 19:41:24 - mmengine - INFO - terrain : 18.12%, 0.39, 0.25
2026/06/22 19:41:24 - mmengine - INFO - manmade : 6.13%, 0.26, 0.07
2026/06/22 19:41:24 - mmengine - INFO - vegetation : 19.39%, 0.37, 0.29
2026/06/22 19:41:24 - mmengine - INFO - tensor([  213109,    14566,   204192,  1435223,   106632,    22025,   206833,
           42653,   134799,   555406,  7051599,   345594,  2482869,  3418334,
         7852446,  8317553, 32659904], device='cuda:0', dtype=torch.int32)
2026/06/22 19:41:24 - mmengine - INFO - tensor([   25971,        0,    36108,   572357,      547,        0,        3,
               0,    10040,   108871,  3227334,    50982,   621978,   865326,
          581623,  2430231, 10881065], device='cuda:0', dtype=torch.int32)
2026/06/22 19:41:24 - mmengine - INFO - tensor([   98519,        0,    99781,  1275110,     8319,        0,       60,
               0,    67334,   373281,  4935216,   121232,  1561580,  2222081,
         2211768,  6644689, 19618970], device='cuda:0', dtype=torch.int32)
2026/06/22 19:41:24 - mmengine - INFO - mIoU: 11.2033316443501, iou2: 26.28415870666504
2026/06/22 19:41:24 - mmengine - INFO - Current val loss is 30.636
