Name of parameter - Initialization information

img_backbone.conv1.weight - torch.Size([64, 3, 7, 7]): 
KaimingInit: a=0, mode=fan_out, nonlinearity=relu, distribution =normal, bias=0 

img_backbone.bn1.weight - torch.Size([64]): 
The value is the same before and after calling `init_weights` of BEVSegmentor  

img_backbone.bn1.bias - torch.Size([64]): 
The value is the same before and after calling `init_weights` of BEVSegmentor  

img_backbone.layer1.0.conv1.weight - torch.Size([64, 64, 1, 1]): 
KaimingInit: a=0, mode=fan_out, nonlinearity=relu, distribution =normal, bias=0 

img_backbone.layer1.0.bn1.weight - torch.Size([64]): 
The value is the same before and after calling `init_weights` of BEVSegmentor  

img_backbone.layer1.0.bn1.bias - torch.Size([64]): 
The value is the same before and after calling `init_weights` of BEVSegmentor  

img_backbone.layer1.0.conv2.weight - torch.Size([64, 64, 3, 3]): 
KaimingInit: a=0, mode=fan_out, nonlinearity=relu, distribution =normal, bias=0 

img_backbone.layer1.0.bn2.weight - torch.Size([64]): 
The value is the same before and after calling `init_weights` of BEVSegmentor  

img_backbone.layer1.0.bn2.bias - torch.Size([64]): 
The value is the same before and after calling `init_weights` of BEVSegmentor  

img_backbone.layer1.0.conv3.weight - torch.Size([256, 64, 1, 1]): 
KaimingInit: a=0, mode=fan_out, nonlinearity=relu, distribution =normal, bias=0 

img_backbone.layer1.0.bn3.weight - torch.Size([256]): 
ConstantInit: val=0, bias=0 

img_backbone.layer1.0.bn3.bias - torch.Size([256]): 
The value is the same before and after calling `init_weights` of BEVSegmentor  

img_backbone.layer1.0.downsample.0.weight - torch.Size([256, 64, 1, 1]): 
KaimingInit: a=0, mode=fan_out, nonlinearity=relu, distribution =normal, bias=0 

img_backbone.layer1.0.downsample.1.weight - torch.Size([256]): 
The value is the same before and after calling `init_weights` of BEVSegmentor  

img_backbone.layer1.0.downsample.1.bias - torch.Size([256]): 
The value is the same before and after calling `init_weights` of BEVSegmentor  

img_backbone.layer1.1.conv1.weight - torch.Size([64, 256, 1, 1]): 
KaimingInit: a=0, mode=fan_out, nonlinearity=relu, distribution =normal, bias=0 

img_backbone.layer1.1.bn1.weight - torch.Size([64]): 
The value is the same before and after calling `init_weights` of BEVSegmentor  

img_backbone.layer1.1.bn1.bias - torch.Size([64]): 
The value is the same before and after calling `init_weights` of BEVSegmentor  

img_backbone.layer1.1.conv2.weight - torch.Size([64, 64, 3, 3]): 
KaimingInit: a=0, mode=fan_out, nonlinearity=relu, distribution =normal, bias=0 

img_backbone.layer1.1.bn2.weight - torch.Size([64]): 
The value is the same before and after calling `init_weights` of BEVSegmentor  

img_backbone.layer1.1.bn2.bias - torch.Size([64]): 
The value is the same before and after calling `init_weights` of BEVSegmentor  

img_backbone.layer1.1.conv3.weight - torch.Size([256, 64, 1, 1]): 
KaimingInit: a=0, mode=fan_out, nonlinearity=relu, distribution =normal, bias=0 

img_backbone.layer1.1.bn3.weight - torch.Size([256]): 
ConstantInit: val=0, bias=0 

img_backbone.layer1.1.bn3.bias - torch.Size([256]): 
The value is the same before and after calling `init_weights` of BEVSegmentor  

img_backbone.layer1.2.conv1.weight - torch.Size([64, 256, 1, 1]): 
KaimingInit: a=0, mode=fan_out, nonlinearity=relu, distribution =normal, bias=0 

img_backbone.layer1.2.bn1.weight - torch.Size([64]): 
The value is the same before and after calling `init_weights` of BEVSegmentor  

img_backbone.layer1.2.bn1.bias - torch.Size([64]): 
The value is the same before and after calling `init_weights` of BEVSegmentor  

img_backbone.layer1.2.conv2.weight - torch.Size([64, 64, 3, 3]): 
KaimingInit: a=0, mode=fan_out, nonlinearity=relu, distribution =normal, bias=0 

img_backbone.layer1.2.bn2.weight - torch.Size([64]): 
The value is the same before and after calling `init_weights` of BEVSegmentor  

img_backbone.layer1.2.bn2.bias - torch.Size([64]): 
The value is the same before and after calling `init_weights` of BEVSegmentor  

img_backbone.layer1.2.conv3.weight - torch.Size([256, 64, 1, 1]): 
KaimingInit: a=0, mode=fan_out, nonlinearity=relu, distribution =normal, bias=0 

img_backbone.layer1.2.bn3.weight - torch.Size([256]): 
ConstantInit: val=0, bias=0 

img_backbone.layer1.2.bn3.bias - torch.Size([256]): 
The value is the same before and after calling `init_weights` of BEVSegmentor  

img_backbone.layer2.0.conv1.weight - torch.Size([128, 256, 1, 1]): 
KaimingInit: a=0, mode=fan_out, nonlinearity=relu, distribution =normal, bias=0 

img_backbone.layer2.0.bn1.weight - torch.Size([128]): 
The value is the same before and after calling `init_weights` of BEVSegmentor  

img_backbone.layer2.0.bn1.bias - torch.Size([128]): 
The value is the same before and after calling `init_weights` of BEVSegmentor  

img_backbone.layer2.0.conv2.weight - torch.Size([128, 128, 3, 3]): 
KaimingInit: a=0, mode=fan_out, nonlinearity=relu, distribution =normal, bias=0 

img_backbone.layer2.0.bn2.weight - torch.Size([128]): 
The value is the same before and after calling `init_weights` of BEVSegmentor  

img_backbone.layer2.0.bn2.bias - torch.Size([128]): 
The value is the same before and after calling `init_weights` of BEVSegmentor  

img_backbone.layer2.0.conv3.weight - torch.Size([512, 128, 1, 1]): 
KaimingInit: a=0, mode=fan_out, nonlinearity=relu, distribution =normal, bias=0 

img_backbone.layer2.0.bn3.weight - torch.Size([512]): 
ConstantInit: val=0, bias=0 

img_backbone.layer2.0.bn3.bias - torch.Size([512]): 
The value is the same before and after calling `init_weights` of BEVSegmentor  

img_backbone.layer2.0.downsample.0.weight - torch.Size([512, 256, 1, 1]): 
KaimingInit: a=0, mode=fan_out, nonlinearity=relu, distribution =normal, bias=0 

img_backbone.layer2.0.downsample.1.weight - torch.Size([512]): 
The value is the same before and after calling `init_weights` of BEVSegmentor  

img_backbone.layer2.0.downsample.1.bias - torch.Size([512]): 
The value is the same before and after calling `init_weights` of BEVSegmentor  

img_backbone.layer2.1.conv1.weight - torch.Size([128, 512, 1, 1]): 
KaimingInit: a=0, mode=fan_out, nonlinearity=relu, distribution =normal, bias=0 

img_backbone.layer2.1.bn1.weight - torch.Size([128]): 
The value is the same before and after calling `init_weights` of BEVSegmentor  

img_backbone.layer2.1.bn1.bias - torch.Size([128]): 
The value is the same before and after calling `init_weights` of BEVSegmentor  

img_backbone.layer2.1.conv2.weight - torch.Size([128, 128, 3, 3]): 
KaimingInit: a=0, mode=fan_out, nonlinearity=relu, distribution =normal, bias=0 

img_backbone.layer2.1.bn2.weight - torch.Size([128]): 
The value is the same before and after calling `init_weights` of BEVSegmentor  

img_backbone.layer2.1.bn2.bias - torch.Size([128]): 
The value is the same before and after calling `init_weights` of BEVSegmentor  

img_backbone.layer2.1.conv3.weight - torch.Size([512, 128, 1, 1]): 
KaimingInit: a=0, mode=fan_out, nonlinearity=relu, distribution =normal, bias=0 

img_backbone.layer2.1.bn3.weight - torch.Size([512]): 
ConstantInit: val=0, bias=0 

img_backbone.layer2.1.bn3.bias - torch.Size([512]): 
The value is the same before and after calling `init_weights` of BEVSegmentor  

img_backbone.layer2.2.conv1.weight - torch.Size([128, 512, 1, 1]): 
KaimingInit: a=0, mode=fan_out, nonlinearity=relu, distribution =normal, bias=0 

img_backbone.layer2.2.bn1.weight - torch.Size([128]): 
The value is the same before and after calling `init_weights` of BEVSegmentor  

img_backbone.layer2.2.bn1.bias - torch.Size([128]): 
The value is the same before and after calling `init_weights` of BEVSegmentor  

img_backbone.layer2.2.conv2.weight - torch.Size([128, 128, 3, 3]): 
KaimingInit: a=0, mode=fan_out, nonlinearity=relu, distribution =normal, bias=0 

img_backbone.layer2.2.bn2.weight - torch.Size([128]): 
The value is the same before and after calling `init_weights` of BEVSegmentor  

img_backbone.layer2.2.bn2.bias - torch.Size([128]): 
The value is the same before and after calling `init_weights` of BEVSegmentor  

img_backbone.layer2.2.conv3.weight - torch.Size([512, 128, 1, 1]): 
KaimingInit: a=0, mode=fan_out, nonlinearity=relu, distribution =normal, bias=0 

img_backbone.layer2.2.bn3.weight - torch.Size([512]): 
ConstantInit: val=0, bias=0 

img_backbone.layer2.2.bn3.bias - torch.Size([512]): 
The value is the same before and after calling `init_weights` of BEVSegmentor  

img_backbone.layer2.3.conv1.weight - torch.Size([128, 512, 1, 1]): 
KaimingInit: a=0, mode=fan_out, nonlinearity=relu, distribution =normal, bias=0 

img_backbone.layer2.3.bn1.weight - torch.Size([128]): 
The value is the same before and after calling `init_weights` of BEVSegmentor  

img_backbone.layer2.3.bn1.bias - torch.Size([128]): 
The value is the same before and after calling `init_weights` of BEVSegmentor  

img_backbone.layer2.3.conv2.weight - torch.Size([128, 128, 3, 3]): 
KaimingInit: a=0, mode=fan_out, nonlinearity=relu, distribution =normal, bias=0 

img_backbone.layer2.3.bn2.weight - torch.Size([128]): 
The value is the same before and after calling `init_weights` of BEVSegmentor  

img_backbone.layer2.3.bn2.bias - torch.Size([128]): 
The value is the same before and after calling `init_weights` of BEVSegmentor  

img_backbone.layer2.3.conv3.weight - torch.Size([512, 128, 1, 1]): 
KaimingInit: a=0, mode=fan_out, nonlinearity=relu, distribution =normal, bias=0 

img_backbone.layer2.3.bn3.weight - torch.Size([512]): 
ConstantInit: val=0, bias=0 

img_backbone.layer2.3.bn3.bias - torch.Size([512]): 
The value is the same before and after calling `init_weights` of BEVSegmentor  

img_backbone.layer3.0.conv1.weight - torch.Size([256, 512, 1, 1]): 
KaimingInit: a=0, mode=fan_out, nonlinearity=relu, distribution =normal, bias=0 

img_backbone.layer3.0.bn1.weight - torch.Size([256]): 
The value is the same before and after calling `init_weights` of BEVSegmentor  

img_backbone.layer3.0.bn1.bias - torch.Size([256]): 
The value is the same before and after calling `init_weights` of BEVSegmentor  

img_backbone.layer3.0.conv2.weight - torch.Size([256, 256, 3, 3]): 
Initialized by user-defined `init_weights` in ModulatedDeformConv2dPack  

img_backbone.layer3.0.conv2.conv_offset.weight - torch.Size([27, 256, 3, 3]): 
Initialized by user-defined `init_weights` in ModulatedDeformConv2dPack  

img_backbone.layer3.0.conv2.conv_offset.bias - torch.Size([27]): 
The value is the same before and after calling `init_weights` of BEVSegmentor  

img_backbone.layer3.0.bn2.weight - torch.Size([256]): 
The value is the same before and after calling `init_weights` of BEVSegmentor  

img_backbone.layer3.0.bn2.bias - torch.Size([256]): 
The value is the same before and after calling `init_weights` of BEVSegmentor  

img_backbone.layer3.0.conv3.weight - torch.Size([1024, 256, 1, 1]): 
KaimingInit: a=0, mode=fan_out, nonlinearity=relu, distribution =normal, bias=0 

img_backbone.layer3.0.bn3.weight - torch.Size([1024]): 
ConstantInit: val=0, bias=0 

img_backbone.layer3.0.bn3.bias - torch.Size([1024]): 
The value is the same before and after calling `init_weights` of BEVSegmentor  

img_backbone.layer3.0.downsample.0.weight - torch.Size([1024, 512, 1, 1]): 
KaimingInit: a=0, mode=fan_out, nonlinearity=relu, distribution =normal, bias=0 

img_backbone.layer3.0.downsample.1.weight - torch.Size([1024]): 
The value is the same before and after calling `init_weights` of BEVSegmentor  

img_backbone.layer3.0.downsample.1.bias - torch.Size([1024]): 
The value is the same before and after calling `init_weights` of BEVSegmentor  

img_backbone.layer3.1.conv1.weight - torch.Size([256, 1024, 1, 1]): 
KaimingInit: a=0, mode=fan_out, nonlinearity=relu, distribution =normal, bias=0 

img_backbone.layer3.1.bn1.weight - torch.Size([256]): 
The value is the same before and after calling `init_weights` of BEVSegmentor  

img_backbone.layer3.1.bn1.bias - torch.Size([256]): 
The value is the same before and after calling `init_weights` of BEVSegmentor  

img_backbone.layer3.1.conv2.weight - torch.Size([256, 256, 3, 3]): 
Initialized by user-defined `init_weights` in ModulatedDeformConv2dPack  

img_backbone.layer3.1.conv2.conv_offset.weight - torch.Size([27, 256, 3, 3]): 
Initialized by user-defined `init_weights` in ModulatedDeformConv2dPack  

img_backbone.layer3.1.conv2.conv_offset.bias - torch.Size([27]): 
The value is the same before and after calling `init_weights` of BEVSegmentor  

img_backbone.layer3.1.bn2.weight - torch.Size([256]): 
The value is the same before and after calling `init_weights` of BEVSegmentor  

img_backbone.layer3.1.bn2.bias - torch.Size([256]): 
The value is the same before and after calling `init_weights` of BEVSegmentor  

img_backbone.layer3.1.conv3.weight - torch.Size([1024, 256, 1, 1]): 
KaimingInit: a=0, mode=fan_out, nonlinearity=relu, distribution =normal, bias=0 

img_backbone.layer3.1.bn3.weight - torch.Size([1024]): 
ConstantInit: val=0, bias=0 

img_backbone.layer3.1.bn3.bias - torch.Size([1024]): 
The value is the same before and after calling `init_weights` of BEVSegmentor  

img_backbone.layer3.2.conv1.weight - torch.Size([256, 1024, 1, 1]): 
KaimingInit: a=0, mode=fan_out, nonlinearity=relu, distribution =normal, bias=0 

img_backbone.layer3.2.bn1.weight - torch.Size([256]): 
The value is the same before and after calling `init_weights` of BEVSegmentor  

img_backbone.layer3.2.bn1.bias - torch.Size([256]): 
The value is the same before and after calling `init_weights` of BEVSegmentor  

img_backbone.layer3.2.conv2.weight - torch.Size([256, 256, 3, 3]): 
Initialized by user-defined `init_weights` in ModulatedDeformConv2dPack  

img_backbone.layer3.2.conv2.conv_offset.weight - torch.Size([27, 256, 3, 3]): 
Initialized by user-defined `init_weights` in ModulatedDeformConv2dPack  

img_backbone.layer3.2.conv2.conv_offset.bias - torch.Size([27]): 
The value is the same before and after calling `init_weights` of BEVSegmentor  

img_backbone.layer3.2.bn2.weight - torch.Size([256]): 
The value is the same before and after calling `init_weights` of BEVSegmentor  

img_backbone.layer3.2.bn2.bias - torch.Size([256]): 
The value is the same before and after calling `init_weights` of BEVSegmentor  

img_backbone.layer3.2.conv3.weight - torch.Size([1024, 256, 1, 1]): 
KaimingInit: a=0, mode=fan_out, nonlinearity=relu, distribution =normal, bias=0 

img_backbone.layer3.2.bn3.weight - torch.Size([1024]): 
ConstantInit: val=0, bias=0 

img_backbone.layer3.2.bn3.bias - torch.Size([1024]): 
The value is the same before and after calling `init_weights` of BEVSegmentor  

img_backbone.layer3.3.conv1.weight - torch.Size([256, 1024, 1, 1]): 
KaimingInit: a=0, mode=fan_out, nonlinearity=relu, distribution =normal, bias=0 

img_backbone.layer3.3.bn1.weight - torch.Size([256]): 
The value is the same before and after calling `init_weights` of BEVSegmentor  

img_backbone.layer3.3.bn1.bias - torch.Size([256]): 
The value is the same before and after calling `init_weights` of BEVSegmentor  

img_backbone.layer3.3.conv2.weight - torch.Size([256, 256, 3, 3]): 
Initialized by user-defined `init_weights` in ModulatedDeformConv2dPack  

img_backbone.layer3.3.conv2.conv_offset.weight - torch.Size([27, 256, 3, 3]): 
Initialized by user-defined `init_weights` in ModulatedDeformConv2dPack  

img_backbone.layer3.3.conv2.conv_offset.bias - torch.Size([27]): 
The value is the same before and after calling `init_weights` of BEVSegmentor  

img_backbone.layer3.3.bn2.weight - torch.Size([256]): 
The value is the same before and after calling `init_weights` of BEVSegmentor  

img_backbone.layer3.3.bn2.bias - torch.Size([256]): 
The value is the same before and after calling `init_weights` of BEVSegmentor  

img_backbone.layer3.3.conv3.weight - torch.Size([1024, 256, 1, 1]): 
KaimingInit: a=0, mode=fan_out, nonlinearity=relu, distribution =normal, bias=0 

img_backbone.layer3.3.bn3.weight - torch.Size([1024]): 
ConstantInit: val=0, bias=0 

img_backbone.layer3.3.bn3.bias - torch.Size([1024]): 
The value is the same before and after calling `init_weights` of BEVSegmentor  

img_backbone.layer3.4.conv1.weight - torch.Size([256, 1024, 1, 1]): 
KaimingInit: a=0, mode=fan_out, nonlinearity=relu, distribution =normal, bias=0 

img_backbone.layer3.4.bn1.weight - torch.Size([256]): 
The value is the same before and after calling `init_weights` of BEVSegmentor  

img_backbone.layer3.4.bn1.bias - torch.Size([256]): 
The value is the same before and after calling `init_weights` of BEVSegmentor  

img_backbone.layer3.4.conv2.weight - torch.Size([256, 256, 3, 3]): 
Initialized by user-defined `init_weights` in ModulatedDeformConv2dPack  

img_backbone.layer3.4.conv2.conv_offset.weight - torch.Size([27, 256, 3, 3]): 
Initialized by user-defined `init_weights` in ModulatedDeformConv2dPack  

img_backbone.layer3.4.conv2.conv_offset.bias - torch.Size([27]): 
The value is the same before and after calling `init_weights` of BEVSegmentor  

img_backbone.layer3.4.bn2.weight - torch.Size([256]): 
The value is the same before and after calling `init_weights` of BEVSegmentor  

img_backbone.layer3.4.bn2.bias - torch.Size([256]): 
The value is the same before and after calling `init_weights` of BEVSegmentor  

img_backbone.layer3.4.conv3.weight - torch.Size([1024, 256, 1, 1]): 
KaimingInit: a=0, mode=fan_out, nonlinearity=relu, distribution =normal, bias=0 

img_backbone.layer3.4.bn3.weight - torch.Size([1024]): 
ConstantInit: val=0, bias=0 

img_backbone.layer3.4.bn3.bias - torch.Size([1024]): 
The value is the same before and after calling `init_weights` of BEVSegmentor  

img_backbone.layer3.5.conv1.weight - torch.Size([256, 1024, 1, 1]): 
KaimingInit: a=0, mode=fan_out, nonlinearity=relu, distribution =normal, bias=0 

img_backbone.layer3.5.bn1.weight - torch.Size([256]): 
The value is the same before and after calling `init_weights` of BEVSegmentor  

img_backbone.layer3.5.bn1.bias - torch.Size([256]): 
The value is the same before and after calling `init_weights` of BEVSegmentor  

img_backbone.layer3.5.conv2.weight - torch.Size([256, 256, 3, 3]): 
Initialized by user-defined `init_weights` in ModulatedDeformConv2dPack  

img_backbone.layer3.5.conv2.conv_offset.weight - torch.Size([27, 256, 3, 3]): 
Initialized by user-defined `init_weights` in ModulatedDeformConv2dPack  

img_backbone.layer3.5.conv2.conv_offset.bias - torch.Size([27]): 
The value is the same before and after calling `init_weights` of BEVSegmentor  

img_backbone.layer3.5.bn2.weight - torch.Size([256]): 
The value is the same before and after calling `init_weights` of BEVSegmentor  

img_backbone.layer3.5.bn2.bias - torch.Size([256]): 
The value is the same before and after calling `init_weights` of BEVSegmentor  

img_backbone.layer3.5.conv3.weight - torch.Size([1024, 256, 1, 1]): 
KaimingInit: a=0, mode=fan_out, nonlinearity=relu, distribution =normal, bias=0 

img_backbone.layer3.5.bn3.weight - torch.Size([1024]): 
ConstantInit: val=0, bias=0 

img_backbone.layer3.5.bn3.bias - torch.Size([1024]): 
The value is the same before and after calling `init_weights` of BEVSegmentor  

img_backbone.layer3.6.conv1.weight - torch.Size([256, 1024, 1, 1]): 
KaimingInit: a=0, mode=fan_out, nonlinearity=relu, distribution =normal, bias=0 

img_backbone.layer3.6.bn1.weight - torch.Size([256]): 
The value is the same before and after calling `init_weights` of BEVSegmentor  

img_backbone.layer3.6.bn1.bias - torch.Size([256]): 
The value is the same before and after calling `init_weights` of BEVSegmentor  

img_backbone.layer3.6.conv2.weight - torch.Size([256, 256, 3, 3]): 
Initialized by user-defined `init_weights` in ModulatedDeformConv2dPack  

img_backbone.layer3.6.conv2.conv_offset.weight - torch.Size([27, 256, 3, 3]): 
Initialized by user-defined `init_weights` in ModulatedDeformConv2dPack  

img_backbone.layer3.6.conv2.conv_offset.bias - torch.Size([27]): 
The value is the same before and after calling `init_weights` of BEVSegmentor  

img_backbone.layer3.6.bn2.weight - torch.Size([256]): 
The value is the same before and after calling `init_weights` of BEVSegmentor  

img_backbone.layer3.6.bn2.bias - torch.Size([256]): 
The value is the same before and after calling `init_weights` of BEVSegmentor  

img_backbone.layer3.6.conv3.weight - torch.Size([1024, 256, 1, 1]): 
KaimingInit: a=0, mode=fan_out, nonlinearity=relu, distribution =normal, bias=0 

img_backbone.layer3.6.bn3.weight - torch.Size([1024]): 
ConstantInit: val=0, bias=0 

img_backbone.layer3.6.bn3.bias - torch.Size([1024]): 
The value is the same before and after calling `init_weights` of BEVSegmentor  

img_backbone.layer3.7.conv1.weight - torch.Size([256, 1024, 1, 1]): 
KaimingInit: a=0, mode=fan_out, nonlinearity=relu, distribution =normal, bias=0 

img_backbone.layer3.7.bn1.weight - torch.Size([256]): 
The value is the same before and after calling `init_weights` of BEVSegmentor  

img_backbone.layer3.7.bn1.bias - torch.Size([256]): 
The value is the same before and after calling `init_weights` of BEVSegmentor  

img_backbone.layer3.7.conv2.weight - torch.Size([256, 256, 3, 3]): 
Initialized by user-defined `init_weights` in ModulatedDeformConv2dPack  

img_backbone.layer3.7.conv2.conv_offset.weight - torch.Size([27, 256, 3, 3]): 
Initialized by user-defined `init_weights` in ModulatedDeformConv2dPack  

img_backbone.layer3.7.conv2.conv_offset.bias - torch.Size([27]): 
The value is the same before and after calling `init_weights` of BEVSegmentor  

img_backbone.layer3.7.bn2.weight - torch.Size([256]): 
The value is the same before and after calling `init_weights` of BEVSegmentor  

img_backbone.layer3.7.bn2.bias - torch.Size([256]): 
The value is the same before and after calling `init_weights` of BEVSegmentor  

img_backbone.layer3.7.conv3.weight - torch.Size([1024, 256, 1, 1]): 
KaimingInit: a=0, mode=fan_out, nonlinearity=relu, distribution =normal, bias=0 

img_backbone.layer3.7.bn3.weight - torch.Size([1024]): 
ConstantInit: val=0, bias=0 

img_backbone.layer3.7.bn3.bias - torch.Size([1024]): 
The value is the same before and after calling `init_weights` of BEVSegmentor  

img_backbone.layer3.8.conv1.weight - torch.Size([256, 1024, 1, 1]): 
KaimingInit: a=0, mode=fan_out, nonlinearity=relu, distribution =normal, bias=0 

img_backbone.layer3.8.bn1.weight - torch.Size([256]): 
The value is the same before and after calling `init_weights` of BEVSegmentor  

img_backbone.layer3.8.bn1.bias - torch.Size([256]): 
The value is the same before and after calling `init_weights` of BEVSegmentor  

img_backbone.layer3.8.conv2.weight - torch.Size([256, 256, 3, 3]): 
Initialized by user-defined `init_weights` in ModulatedDeformConv2dPack  

img_backbone.layer3.8.conv2.conv_offset.weight - torch.Size([27, 256, 3, 3]): 
Initialized by user-defined `init_weights` in ModulatedDeformConv2dPack  

img_backbone.layer3.8.conv2.conv_offset.bias - torch.Size([27]): 
The value is the same before and after calling `init_weights` of BEVSegmentor  

img_backbone.layer3.8.bn2.weight - torch.Size([256]): 
The value is the same before and after calling `init_weights` of BEVSegmentor  

img_backbone.layer3.8.bn2.bias - torch.Size([256]): 
The value is the same before and after calling `init_weights` of BEVSegmentor  

img_backbone.layer3.8.conv3.weight - torch.Size([1024, 256, 1, 1]): 
KaimingInit: a=0, mode=fan_out, nonlinearity=relu, distribution =normal, bias=0 

img_backbone.layer3.8.bn3.weight - torch.Size([1024]): 
ConstantInit: val=0, bias=0 

img_backbone.layer3.8.bn3.bias - torch.Size([1024]): 
The value is the same before and after calling `init_weights` of BEVSegmentor  

img_backbone.layer3.9.conv1.weight - torch.Size([256, 1024, 1, 1]): 
KaimingInit: a=0, mode=fan_out, nonlinearity=relu, distribution =normal, bias=0 

img_backbone.layer3.9.bn1.weight - torch.Size([256]): 
The value is the same before and after calling `init_weights` of BEVSegmentor  

img_backbone.layer3.9.bn1.bias - torch.Size([256]): 
The value is the same before and after calling `init_weights` of BEVSegmentor  

img_backbone.layer3.9.conv2.weight - torch.Size([256, 256, 3, 3]): 
Initialized by user-defined `init_weights` in ModulatedDeformConv2dPack  

img_backbone.layer3.9.conv2.conv_offset.weight - torch.Size([27, 256, 3, 3]): 
Initialized by user-defined `init_weights` in ModulatedDeformConv2dPack  

img_backbone.layer3.9.conv2.conv_offset.bias - torch.Size([27]): 
The value is the same before and after calling `init_weights` of BEVSegmentor  

img_backbone.layer3.9.bn2.weight - torch.Size([256]): 
The value is the same before and after calling `init_weights` of BEVSegmentor  

img_backbone.layer3.9.bn2.bias - torch.Size([256]): 
The value is the same before and after calling `init_weights` of BEVSegmentor  

img_backbone.layer3.9.conv3.weight - torch.Size([1024, 256, 1, 1]): 
KaimingInit: a=0, mode=fan_out, nonlinearity=relu, distribution =normal, bias=0 

img_backbone.layer3.9.bn3.weight - torch.Size([1024]): 
ConstantInit: val=0, bias=0 

img_backbone.layer3.9.bn3.bias - torch.Size([1024]): 
The value is the same before and after calling `init_weights` of BEVSegmentor  

img_backbone.layer3.10.conv1.weight - torch.Size([256, 1024, 1, 1]): 
KaimingInit: a=0, mode=fan_out, nonlinearity=relu, distribution =normal, bias=0 

img_backbone.layer3.10.bn1.weight - torch.Size([256]): 
The value is the same before and after calling `init_weights` of BEVSegmentor  

img_backbone.layer3.10.bn1.bias - torch.Size([256]): 
The value is the same before and after calling `init_weights` of BEVSegmentor  

img_backbone.layer3.10.conv2.weight - torch.Size([256, 256, 3, 3]): 
Initialized by user-defined `init_weights` in ModulatedDeformConv2dPack  

img_backbone.layer3.10.conv2.conv_offset.weight - torch.Size([27, 256, 3, 3]): 
Initialized by user-defined `init_weights` in ModulatedDeformConv2dPack  

img_backbone.layer3.10.conv2.conv_offset.bias - torch.Size([27]): 
The value is the same before and after calling `init_weights` of BEVSegmentor  

img_backbone.layer3.10.bn2.weight - torch.Size([256]): 
The value is the same before and after calling `init_weights` of BEVSegmentor  

img_backbone.layer3.10.bn2.bias - torch.Size([256]): 
The value is the same before and after calling `init_weights` of BEVSegmentor  

img_backbone.layer3.10.conv3.weight - torch.Size([1024, 256, 1, 1]): 
KaimingInit: a=0, mode=fan_out, nonlinearity=relu, distribution =normal, bias=0 

img_backbone.layer3.10.bn3.weight - torch.Size([1024]): 
ConstantInit: val=0, bias=0 

img_backbone.layer3.10.bn3.bias - torch.Size([1024]): 
The value is the same before and after calling `init_weights` of BEVSegmentor  

img_backbone.layer3.11.conv1.weight - torch.Size([256, 1024, 1, 1]): 
KaimingInit: a=0, mode=fan_out, nonlinearity=relu, distribution =normal, bias=0 

img_backbone.layer3.11.bn1.weight - torch.Size([256]): 
The value is the same before and after calling `init_weights` of BEVSegmentor  

img_backbone.layer3.11.bn1.bias - torch.Size([256]): 
The value is the same before and after calling `init_weights` of BEVSegmentor  

img_backbone.layer3.11.conv2.weight - torch.Size([256, 256, 3, 3]): 
Initialized by user-defined `init_weights` in ModulatedDeformConv2dPack  

img_backbone.layer3.11.conv2.conv_offset.weight - torch.Size([27, 256, 3, 3]): 
Initialized by user-defined `init_weights` in ModulatedDeformConv2dPack  

img_backbone.layer3.11.conv2.conv_offset.bias - torch.Size([27]): 
The value is the same before and after calling `init_weights` of BEVSegmentor  

img_backbone.layer3.11.bn2.weight - torch.Size([256]): 
The value is the same before and after calling `init_weights` of BEVSegmentor  

img_backbone.layer3.11.bn2.bias - torch.Size([256]): 
The value is the same before and after calling `init_weights` of BEVSegmentor  

img_backbone.layer3.11.conv3.weight - torch.Size([1024, 256, 1, 1]): 
KaimingInit: a=0, mode=fan_out, nonlinearity=relu, distribution =normal, bias=0 

img_backbone.layer3.11.bn3.weight - torch.Size([1024]): 
ConstantInit: val=0, bias=0 

img_backbone.layer3.11.bn3.bias - torch.Size([1024]): 
The value is the same before and after calling `init_weights` of BEVSegmentor  

img_backbone.layer3.12.conv1.weight - torch.Size([256, 1024, 1, 1]): 
KaimingInit: a=0, mode=fan_out, nonlinearity=relu, distribution =normal, bias=0 

img_backbone.layer3.12.bn1.weight - torch.Size([256]): 
The value is the same before and after calling `init_weights` of BEVSegmentor  

img_backbone.layer3.12.bn1.bias - torch.Size([256]): 
The value is the same before and after calling `init_weights` of BEVSegmentor  

img_backbone.layer3.12.conv2.weight - torch.Size([256, 256, 3, 3]): 
Initialized by user-defined `init_weights` in ModulatedDeformConv2dPack  

img_backbone.layer3.12.conv2.conv_offset.weight - torch.Size([27, 256, 3, 3]): 
Initialized by user-defined `init_weights` in ModulatedDeformConv2dPack  

img_backbone.layer3.12.conv2.conv_offset.bias - torch.Size([27]): 
The value is the same before and after calling `init_weights` of BEVSegmentor  

img_backbone.layer3.12.bn2.weight - torch.Size([256]): 
The value is the same before and after calling `init_weights` of BEVSegmentor  

img_backbone.layer3.12.bn2.bias - torch.Size([256]): 
The value is the same before and after calling `init_weights` of BEVSegmentor  

img_backbone.layer3.12.conv3.weight - torch.Size([1024, 256, 1, 1]): 
KaimingInit: a=0, mode=fan_out, nonlinearity=relu, distribution =normal, bias=0 

img_backbone.layer3.12.bn3.weight - torch.Size([1024]): 
ConstantInit: val=0, bias=0 

img_backbone.layer3.12.bn3.bias - torch.Size([1024]): 
The value is the same before and after calling `init_weights` of BEVSegmentor  

img_backbone.layer3.13.conv1.weight - torch.Size([256, 1024, 1, 1]): 
KaimingInit: a=0, mode=fan_out, nonlinearity=relu, distribution =normal, bias=0 

img_backbone.layer3.13.bn1.weight - torch.Size([256]): 
The value is the same before and after calling `init_weights` of BEVSegmentor  

img_backbone.layer3.13.bn1.bias - torch.Size([256]): 
The value is the same before and after calling `init_weights` of BEVSegmentor  

img_backbone.layer3.13.conv2.weight - torch.Size([256, 256, 3, 3]): 
Initialized by user-defined `init_weights` in ModulatedDeformConv2dPack  

img_backbone.layer3.13.conv2.conv_offset.weight - torch.Size([27, 256, 3, 3]): 
Initialized by user-defined `init_weights` in ModulatedDeformConv2dPack  

img_backbone.layer3.13.conv2.conv_offset.bias - torch.Size([27]): 
The value is the same before and after calling `init_weights` of BEVSegmentor  

img_backbone.layer3.13.bn2.weight - torch.Size([256]): 
The value is the same before and after calling `init_weights` of BEVSegmentor  

img_backbone.layer3.13.bn2.bias - torch.Size([256]): 
The value is the same before and after calling `init_weights` of BEVSegmentor  

img_backbone.layer3.13.conv3.weight - torch.Size([1024, 256, 1, 1]): 
KaimingInit: a=0, mode=fan_out, nonlinearity=relu, distribution =normal, bias=0 

img_backbone.layer3.13.bn3.weight - torch.Size([1024]): 
ConstantInit: val=0, bias=0 

img_backbone.layer3.13.bn3.bias - torch.Size([1024]): 
The value is the same before and after calling `init_weights` of BEVSegmentor  

img_backbone.layer3.14.conv1.weight - torch.Size([256, 1024, 1, 1]): 
KaimingInit: a=0, mode=fan_out, nonlinearity=relu, distribution =normal, bias=0 

img_backbone.layer3.14.bn1.weight - torch.Size([256]): 
The value is the same before and after calling `init_weights` of BEVSegmentor  

img_backbone.layer3.14.bn1.bias - torch.Size([256]): 
The value is the same before and after calling `init_weights` of BEVSegmentor  

img_backbone.layer3.14.conv2.weight - torch.Size([256, 256, 3, 3]): 
Initialized by user-defined `init_weights` in ModulatedDeformConv2dPack  

img_backbone.layer3.14.conv2.conv_offset.weight - torch.Size([27, 256, 3, 3]): 
Initialized by user-defined `init_weights` in ModulatedDeformConv2dPack  

img_backbone.layer3.14.conv2.conv_offset.bias - torch.Size([27]): 
The value is the same before and after calling `init_weights` of BEVSegmentor  

img_backbone.layer3.14.bn2.weight - torch.Size([256]): 
The value is the same before and after calling `init_weights` of BEVSegmentor  

img_backbone.layer3.14.bn2.bias - torch.Size([256]): 
The value is the same before and after calling `init_weights` of BEVSegmentor  

img_backbone.layer3.14.conv3.weight - torch.Size([1024, 256, 1, 1]): 
KaimingInit: a=0, mode=fan_out, nonlinearity=relu, distribution =normal, bias=0 

img_backbone.layer3.14.bn3.weight - torch.Size([1024]): 
ConstantInit: val=0, bias=0 

img_backbone.layer3.14.bn3.bias - torch.Size([1024]): 
The value is the same before and after calling `init_weights` of BEVSegmentor  

img_backbone.layer3.15.conv1.weight - torch.Size([256, 1024, 1, 1]): 
KaimingInit: a=0, mode=fan_out, nonlinearity=relu, distribution =normal, bias=0 

img_backbone.layer3.15.bn1.weight - torch.Size([256]): 
The value is the same before and after calling `init_weights` of BEVSegmentor  

img_backbone.layer3.15.bn1.bias - torch.Size([256]): 
The value is the same before and after calling `init_weights` of BEVSegmentor  

img_backbone.layer3.15.conv2.weight - torch.Size([256, 256, 3, 3]): 
Initialized by user-defined `init_weights` in ModulatedDeformConv2dPack  

img_backbone.layer3.15.conv2.conv_offset.weight - torch.Size([27, 256, 3, 3]): 
Initialized by user-defined `init_weights` in ModulatedDeformConv2dPack  

img_backbone.layer3.15.conv2.conv_offset.bias - torch.Size([27]): 
The value is the same before and after calling `init_weights` of BEVSegmentor  

img_backbone.layer3.15.bn2.weight - torch.Size([256]): 
The value is the same before and after calling `init_weights` of BEVSegmentor  

img_backbone.layer3.15.bn2.bias - torch.Size([256]): 
The value is the same before and after calling `init_weights` of BEVSegmentor  

img_backbone.layer3.15.conv3.weight - torch.Size([1024, 256, 1, 1]): 
KaimingInit: a=0, mode=fan_out, nonlinearity=relu, distribution =normal, bias=0 

img_backbone.layer3.15.bn3.weight - torch.Size([1024]): 
ConstantInit: val=0, bias=0 

img_backbone.layer3.15.bn3.bias - torch.Size([1024]): 
The value is the same before and after calling `init_weights` of BEVSegmentor  

img_backbone.layer3.16.conv1.weight - torch.Size([256, 1024, 1, 1]): 
KaimingInit: a=0, mode=fan_out, nonlinearity=relu, distribution =normal, bias=0 

img_backbone.layer3.16.bn1.weight - torch.Size([256]): 
The value is the same before and after calling `init_weights` of BEVSegmentor  

img_backbone.layer3.16.bn1.bias - torch.Size([256]): 
The value is the same before and after calling `init_weights` of BEVSegmentor  

img_backbone.layer3.16.conv2.weight - torch.Size([256, 256, 3, 3]): 
Initialized by user-defined `init_weights` in ModulatedDeformConv2dPack  

img_backbone.layer3.16.conv2.conv_offset.weight - torch.Size([27, 256, 3, 3]): 
Initialized by user-defined `init_weights` in ModulatedDeformConv2dPack  

img_backbone.layer3.16.conv2.conv_offset.bias - torch.Size([27]): 
The value is the same before and after calling `init_weights` of BEVSegmentor  

img_backbone.layer3.16.bn2.weight - torch.Size([256]): 
The value is the same before and after calling `init_weights` of BEVSegmentor  

img_backbone.layer3.16.bn2.bias - torch.Size([256]): 
The value is the same before and after calling `init_weights` of BEVSegmentor  

img_backbone.layer3.16.conv3.weight - torch.Size([1024, 256, 1, 1]): 
KaimingInit: a=0, mode=fan_out, nonlinearity=relu, distribution =normal, bias=0 

img_backbone.layer3.16.bn3.weight - torch.Size([1024]): 
ConstantInit: val=0, bias=0 

img_backbone.layer3.16.bn3.bias - torch.Size([1024]): 
The value is the same before and after calling `init_weights` of BEVSegmentor  

img_backbone.layer3.17.conv1.weight - torch.Size([256, 1024, 1, 1]): 
KaimingInit: a=0, mode=fan_out, nonlinearity=relu, distribution =normal, bias=0 

img_backbone.layer3.17.bn1.weight - torch.Size([256]): 
The value is the same before and after calling `init_weights` of BEVSegmentor  

img_backbone.layer3.17.bn1.bias - torch.Size([256]): 
The value is the same before and after calling `init_weights` of BEVSegmentor  

img_backbone.layer3.17.conv2.weight - torch.Size([256, 256, 3, 3]): 
Initialized by user-defined `init_weights` in ModulatedDeformConv2dPack  

img_backbone.layer3.17.conv2.conv_offset.weight - torch.Size([27, 256, 3, 3]): 
Initialized by user-defined `init_weights` in ModulatedDeformConv2dPack  

img_backbone.layer3.17.conv2.conv_offset.bias - torch.Size([27]): 
The value is the same before and after calling `init_weights` of BEVSegmentor  

img_backbone.layer3.17.bn2.weight - torch.Size([256]): 
The value is the same before and after calling `init_weights` of BEVSegmentor  

img_backbone.layer3.17.bn2.bias - torch.Size([256]): 
The value is the same before and after calling `init_weights` of BEVSegmentor  

img_backbone.layer3.17.conv3.weight - torch.Size([1024, 256, 1, 1]): 
KaimingInit: a=0, mode=fan_out, nonlinearity=relu, distribution =normal, bias=0 

img_backbone.layer3.17.bn3.weight - torch.Size([1024]): 
ConstantInit: val=0, bias=0 

img_backbone.layer3.17.bn3.bias - torch.Size([1024]): 
The value is the same before and after calling `init_weights` of BEVSegmentor  

img_backbone.layer3.18.conv1.weight - torch.Size([256, 1024, 1, 1]): 
KaimingInit: a=0, mode=fan_out, nonlinearity=relu, distribution =normal, bias=0 

img_backbone.layer3.18.bn1.weight - torch.Size([256]): 
The value is the same before and after calling `init_weights` of BEVSegmentor  

img_backbone.layer3.18.bn1.bias - torch.Size([256]): 
The value is the same before and after calling `init_weights` of BEVSegmentor  

img_backbone.layer3.18.conv2.weight - torch.Size([256, 256, 3, 3]): 
Initialized by user-defined `init_weights` in ModulatedDeformConv2dPack  

img_backbone.layer3.18.conv2.conv_offset.weight - torch.Size([27, 256, 3, 3]): 
Initialized by user-defined `init_weights` in ModulatedDeformConv2dPack  

img_backbone.layer3.18.conv2.conv_offset.bias - torch.Size([27]): 
The value is the same before and after calling `init_weights` of BEVSegmentor  

img_backbone.layer3.18.bn2.weight - torch.Size([256]): 
The value is the same before and after calling `init_weights` of BEVSegmentor  

img_backbone.layer3.18.bn2.bias - torch.Size([256]): 
The value is the same before and after calling `init_weights` of BEVSegmentor  

img_backbone.layer3.18.conv3.weight - torch.Size([1024, 256, 1, 1]): 
KaimingInit: a=0, mode=fan_out, nonlinearity=relu, distribution =normal, bias=0 

img_backbone.layer3.18.bn3.weight - torch.Size([1024]): 
ConstantInit: val=0, bias=0 

img_backbone.layer3.18.bn3.bias - torch.Size([1024]): 
The value is the same before and after calling `init_weights` of BEVSegmentor  

img_backbone.layer3.19.conv1.weight - torch.Size([256, 1024, 1, 1]): 
KaimingInit: a=0, mode=fan_out, nonlinearity=relu, distribution =normal, bias=0 

img_backbone.layer3.19.bn1.weight - torch.Size([256]): 
The value is the same before and after calling `init_weights` of BEVSegmentor  

img_backbone.layer3.19.bn1.bias - torch.Size([256]): 
The value is the same before and after calling `init_weights` of BEVSegmentor  

img_backbone.layer3.19.conv2.weight - torch.Size([256, 256, 3, 3]): 
Initialized by user-defined `init_weights` in ModulatedDeformConv2dPack  

img_backbone.layer3.19.conv2.conv_offset.weight - torch.Size([27, 256, 3, 3]): 
Initialized by user-defined `init_weights` in ModulatedDeformConv2dPack  

img_backbone.layer3.19.conv2.conv_offset.bias - torch.Size([27]): 
The value is the same before and after calling `init_weights` of BEVSegmentor  

img_backbone.layer3.19.bn2.weight - torch.Size([256]): 
The value is the same before and after calling `init_weights` of BEVSegmentor  

img_backbone.layer3.19.bn2.bias - torch.Size([256]): 
The value is the same before and after calling `init_weights` of BEVSegmentor  

img_backbone.layer3.19.conv3.weight - torch.Size([1024, 256, 1, 1]): 
KaimingInit: a=0, mode=fan_out, nonlinearity=relu, distribution =normal, bias=0 

img_backbone.layer3.19.bn3.weight - torch.Size([1024]): 
ConstantInit: val=0, bias=0 

img_backbone.layer3.19.bn3.bias - torch.Size([1024]): 
The value is the same before and after calling `init_weights` of BEVSegmentor  

img_backbone.layer3.20.conv1.weight - torch.Size([256, 1024, 1, 1]): 
KaimingInit: a=0, mode=fan_out, nonlinearity=relu, distribution =normal, bias=0 

img_backbone.layer3.20.bn1.weight - torch.Size([256]): 
The value is the same before and after calling `init_weights` of BEVSegmentor  

img_backbone.layer3.20.bn1.bias - torch.Size([256]): 
The value is the same before and after calling `init_weights` of BEVSegmentor  

img_backbone.layer3.20.conv2.weight - torch.Size([256, 256, 3, 3]): 
Initialized by user-defined `init_weights` in ModulatedDeformConv2dPack  

img_backbone.layer3.20.conv2.conv_offset.weight - torch.Size([27, 256, 3, 3]): 
Initialized by user-defined `init_weights` in ModulatedDeformConv2dPack  

img_backbone.layer3.20.conv2.conv_offset.bias - torch.Size([27]): 
The value is the same before and after calling `init_weights` of BEVSegmentor  

img_backbone.layer3.20.bn2.weight - torch.Size([256]): 
The value is the same before and after calling `init_weights` of BEVSegmentor  

img_backbone.layer3.20.bn2.bias - torch.Size([256]): 
The value is the same before and after calling `init_weights` of BEVSegmentor  

img_backbone.layer3.20.conv3.weight - torch.Size([1024, 256, 1, 1]): 
KaimingInit: a=0, mode=fan_out, nonlinearity=relu, distribution =normal, bias=0 

img_backbone.layer3.20.bn3.weight - torch.Size([1024]): 
ConstantInit: val=0, bias=0 

img_backbone.layer3.20.bn3.bias - torch.Size([1024]): 
The value is the same before and after calling `init_weights` of BEVSegmentor  

img_backbone.layer3.21.conv1.weight - torch.Size([256, 1024, 1, 1]): 
KaimingInit: a=0, mode=fan_out, nonlinearity=relu, distribution =normal, bias=0 

img_backbone.layer3.21.bn1.weight - torch.Size([256]): 
The value is the same before and after calling `init_weights` of BEVSegmentor  

img_backbone.layer3.21.bn1.bias - torch.Size([256]): 
The value is the same before and after calling `init_weights` of BEVSegmentor  

img_backbone.layer3.21.conv2.weight - torch.Size([256, 256, 3, 3]): 
Initialized by user-defined `init_weights` in ModulatedDeformConv2dPack  

img_backbone.layer3.21.conv2.conv_offset.weight - torch.Size([27, 256, 3, 3]): 
Initialized by user-defined `init_weights` in ModulatedDeformConv2dPack  

img_backbone.layer3.21.conv2.conv_offset.bias - torch.Size([27]): 
The value is the same before and after calling `init_weights` of BEVSegmentor  

img_backbone.layer3.21.bn2.weight - torch.Size([256]): 
The value is the same before and after calling `init_weights` of BEVSegmentor  

img_backbone.layer3.21.bn2.bias - torch.Size([256]): 
The value is the same before and after calling `init_weights` of BEVSegmentor  

img_backbone.layer3.21.conv3.weight - torch.Size([1024, 256, 1, 1]): 
KaimingInit: a=0, mode=fan_out, nonlinearity=relu, distribution =normal, bias=0 

img_backbone.layer3.21.bn3.weight - torch.Size([1024]): 
ConstantInit: val=0, bias=0 

img_backbone.layer3.21.bn3.bias - torch.Size([1024]): 
The value is the same before and after calling `init_weights` of BEVSegmentor  

img_backbone.layer3.22.conv1.weight - torch.Size([256, 1024, 1, 1]): 
KaimingInit: a=0, mode=fan_out, nonlinearity=relu, distribution =normal, bias=0 

img_backbone.layer3.22.bn1.weight - torch.Size([256]): 
The value is the same before and after calling `init_weights` of BEVSegmentor  

img_backbone.layer3.22.bn1.bias - torch.Size([256]): 
The value is the same before and after calling `init_weights` of BEVSegmentor  

img_backbone.layer3.22.conv2.weight - torch.Size([256, 256, 3, 3]): 
Initialized by user-defined `init_weights` in ModulatedDeformConv2dPack  

img_backbone.layer3.22.conv2.conv_offset.weight - torch.Size([27, 256, 3, 3]): 
Initialized by user-defined `init_weights` in ModulatedDeformConv2dPack  

img_backbone.layer3.22.conv2.conv_offset.bias - torch.Size([27]): 
The value is the same before and after calling `init_weights` of BEVSegmentor  

img_backbone.layer3.22.bn2.weight - torch.Size([256]): 
The value is the same before and after calling `init_weights` of BEVSegmentor  

img_backbone.layer3.22.bn2.bias - torch.Size([256]): 
The value is the same before and after calling `init_weights` of BEVSegmentor  

img_backbone.layer3.22.conv3.weight - torch.Size([1024, 256, 1, 1]): 
KaimingInit: a=0, mode=fan_out, nonlinearity=relu, distribution =normal, bias=0 

img_backbone.layer3.22.bn3.weight - torch.Size([1024]): 
ConstantInit: val=0, bias=0 

img_backbone.layer3.22.bn3.bias - torch.Size([1024]): 
The value is the same before and after calling `init_weights` of BEVSegmentor  

img_backbone.layer4.0.conv1.weight - torch.Size([512, 1024, 1, 1]): 
KaimingInit: a=0, mode=fan_out, nonlinearity=relu, distribution =normal, bias=0 

img_backbone.layer4.0.bn1.weight - torch.Size([512]): 
The value is the same before and after calling `init_weights` of BEVSegmentor  

img_backbone.layer4.0.bn1.bias - torch.Size([512]): 
The value is the same before and after calling `init_weights` of BEVSegmentor  

img_backbone.layer4.0.conv2.weight - torch.Size([512, 512, 3, 3]): 
Initialized by user-defined `init_weights` in ModulatedDeformConv2dPack  

img_backbone.layer4.0.conv2.conv_offset.weight - torch.Size([27, 512, 3, 3]): 
Initialized by user-defined `init_weights` in ModulatedDeformConv2dPack  

img_backbone.layer4.0.conv2.conv_offset.bias - torch.Size([27]): 
The value is the same before and after calling `init_weights` of BEVSegmentor  

img_backbone.layer4.0.bn2.weight - torch.Size([512]): 
The value is the same before and after calling `init_weights` of BEVSegmentor  

img_backbone.layer4.0.bn2.bias - torch.Size([512]): 
The value is the same before and after calling `init_weights` of BEVSegmentor  

img_backbone.layer4.0.conv3.weight - torch.Size([2048, 512, 1, 1]): 
KaimingInit: a=0, mode=fan_out, nonlinearity=relu, distribution =normal, bias=0 

img_backbone.layer4.0.bn3.weight - torch.Size([2048]): 
ConstantInit: val=0, bias=0 

img_backbone.layer4.0.bn3.bias - torch.Size([2048]): 
The value is the same before and after calling `init_weights` of BEVSegmentor  

img_backbone.layer4.0.downsample.0.weight - torch.Size([2048, 1024, 1, 1]): 
KaimingInit: a=0, mode=fan_out, nonlinearity=relu, distribution =normal, bias=0 

img_backbone.layer4.0.downsample.1.weight - torch.Size([2048]): 
The value is the same before and after calling `init_weights` of BEVSegmentor  

img_backbone.layer4.0.downsample.1.bias - torch.Size([2048]): 
The value is the same before and after calling `init_weights` of BEVSegmentor  

img_backbone.layer4.1.conv1.weight - torch.Size([512, 2048, 1, 1]): 
KaimingInit: a=0, mode=fan_out, nonlinearity=relu, distribution =normal, bias=0 

img_backbone.layer4.1.bn1.weight - torch.Size([512]): 
The value is the same before and after calling `init_weights` of BEVSegmentor  

img_backbone.layer4.1.bn1.bias - torch.Size([512]): 
The value is the same before and after calling `init_weights` of BEVSegmentor  

img_backbone.layer4.1.conv2.weight - torch.Size([512, 512, 3, 3]): 
Initialized by user-defined `init_weights` in ModulatedDeformConv2dPack  

img_backbone.layer4.1.conv2.conv_offset.weight - torch.Size([27, 512, 3, 3]): 
Initialized by user-defined `init_weights` in ModulatedDeformConv2dPack  

img_backbone.layer4.1.conv2.conv_offset.bias - torch.Size([27]): 
The value is the same before and after calling `init_weights` of BEVSegmentor  

img_backbone.layer4.1.bn2.weight - torch.Size([512]): 
The value is the same before and after calling `init_weights` of BEVSegmentor  

img_backbone.layer4.1.bn2.bias - torch.Size([512]): 
The value is the same before and after calling `init_weights` of BEVSegmentor  

img_backbone.layer4.1.conv3.weight - torch.Size([2048, 512, 1, 1]): 
KaimingInit: a=0, mode=fan_out, nonlinearity=relu, distribution =normal, bias=0 

img_backbone.layer4.1.bn3.weight - torch.Size([2048]): 
ConstantInit: val=0, bias=0 

img_backbone.layer4.1.bn3.bias - torch.Size([2048]): 
The value is the same before and after calling `init_weights` of BEVSegmentor  

img_backbone.layer4.2.conv1.weight - torch.Size([512, 2048, 1, 1]): 
KaimingInit: a=0, mode=fan_out, nonlinearity=relu, distribution =normal, bias=0 

img_backbone.layer4.2.bn1.weight - torch.Size([512]): 
The value is the same before and after calling `init_weights` of BEVSegmentor  

img_backbone.layer4.2.bn1.bias - torch.Size([512]): 
The value is the same before and after calling `init_weights` of BEVSegmentor  

img_backbone.layer4.2.conv2.weight - torch.Size([512, 512, 3, 3]): 
Initialized by user-defined `init_weights` in ModulatedDeformConv2dPack  

img_backbone.layer4.2.conv2.conv_offset.weight - torch.Size([27, 512, 3, 3]): 
Initialized by user-defined `init_weights` in ModulatedDeformConv2dPack  

img_backbone.layer4.2.conv2.conv_offset.bias - torch.Size([27]): 
The value is the same before and after calling `init_weights` of BEVSegmentor  

img_backbone.layer4.2.bn2.weight - torch.Size([512]): 
The value is the same before and after calling `init_weights` of BEVSegmentor  

img_backbone.layer4.2.bn2.bias - torch.Size([512]): 
The value is the same before and after calling `init_weights` of BEVSegmentor  

img_backbone.layer4.2.conv3.weight - torch.Size([2048, 512, 1, 1]): 
KaimingInit: a=0, mode=fan_out, nonlinearity=relu, distribution =normal, bias=0 

img_backbone.layer4.2.bn3.weight - torch.Size([2048]): 
ConstantInit: val=0, bias=0 

img_backbone.layer4.2.bn3.bias - torch.Size([2048]): 
The value is the same before and after calling `init_weights` of BEVSegmentor  

img_neck.lateral_convs.0.conv.weight - torch.Size([128, 512, 1, 1]): 
XavierInit: gain=1, distribution=uniform, bias=0 

img_neck.lateral_convs.0.conv.bias - torch.Size([128]): 
The value is the same before and after calling `init_weights` of BEVSegmentor  

img_neck.lateral_convs.1.conv.weight - torch.Size([128, 1024, 1, 1]): 
XavierInit: gain=1, distribution=uniform, bias=0 

img_neck.lateral_convs.1.conv.bias - torch.Size([128]): 
The value is the same before and after calling `init_weights` of BEVSegmentor  

img_neck.lateral_convs.2.conv.weight - torch.Size([128, 2048, 1, 1]): 
XavierInit: gain=1, distribution=uniform, bias=0 

img_neck.lateral_convs.2.conv.bias - torch.Size([128]): 
The value is the same before and after calling `init_weights` of BEVSegmentor  

img_neck.fpn_convs.0.conv.weight - torch.Size([128, 128, 3, 3]): 
XavierInit: gain=1, distribution=uniform, bias=0 

img_neck.fpn_convs.0.conv.bias - torch.Size([128]): 
The value is the same before and after calling `init_weights` of BEVSegmentor  

img_neck.fpn_convs.1.conv.weight - torch.Size([128, 128, 3, 3]): 
XavierInit: gain=1, distribution=uniform, bias=0 

img_neck.fpn_convs.1.conv.bias - torch.Size([128]): 
The value is the same before and after calling `init_weights` of BEVSegmentor  

img_neck.fpn_convs.2.conv.weight - torch.Size([128, 128, 3, 3]): 
XavierInit: gain=1, distribution=uniform, bias=0 

img_neck.fpn_convs.2.conv.bias - torch.Size([128]): 
The value is the same before and after calling `init_weights` of BEVSegmentor  

img_neck.fpn_convs.3.conv.weight - torch.Size([128, 128, 3, 3]): 
XavierInit: gain=1, distribution=uniform, bias=0 

img_neck.fpn_convs.3.conv.bias - torch.Size([128]): 
The value is the same before and after calling `init_weights` of BEVSegmentor  

lifter.anchor - torch.Size([25600, 40]): 
The value is the same before and after calling `init_weights` of BEVSegmentor  

encoder.anchor_encoder.xyz_fc.0.weight - torch.Size([128, 3]): 
The value is the same before and after calling `init_weights` of BEVSegmentor  

encoder.anchor_encoder.xyz_fc.0.bias - torch.Size([128]): 
The value is the same before and after calling `init_weights` of BEVSegmentor  

encoder.anchor_encoder.xyz_fc.2.weight - torch.Size([128]): 
The value is the same before and after calling `init_weights` of BEVSegmentor  

encoder.anchor_encoder.xyz_fc.2.bias - torch.Size([128]): 
The value is the same before and after calling `init_weights` of BEVSegmentor  

encoder.anchor_encoder.xyz_fc.3.weight - torch.Size([128, 128]): 
The value is the same before and after calling `init_weights` of BEVSegmentor  

encoder.anchor_encoder.xyz_fc.3.bias - torch.Size([128]): 
The value is the same before and after calling `init_weights` of BEVSegmentor  

encoder.anchor_encoder.xyz_fc.5.weight - torch.Size([128]): 
The value is the same before and after calling `init_weights` of BEVSegmentor  

encoder.anchor_encoder.xyz_fc.5.bias - torch.Size([128]): 
The value is the same before and after calling `init_weights` of BEVSegmentor  

encoder.anchor_encoder.scale_fc.0.weight - torch.Size([128, 3]): 
The value is the same before and after calling `init_weights` of BEVSegmentor  

encoder.anchor_encoder.scale_fc.0.bias - torch.Size([128]): 
The value is the same before and after calling `init_weights` of BEVSegmentor  

encoder.anchor_encoder.scale_fc.2.weight - torch.Size([128]): 
The value is the same before and after calling `init_weights` of BEVSegmentor  

encoder.anchor_encoder.scale_fc.2.bias - torch.Size([128]): 
The value is the same before and after calling `init_weights` of BEVSegmentor  

encoder.anchor_encoder.scale_fc.3.weight - torch.Size([128, 128]): 
The value is the same before and after calling `init_weights` of BEVSegmentor  

encoder.anchor_encoder.scale_fc.3.bias - torch.Size([128]): 
The value is the same before and after calling `init_weights` of BEVSegmentor  

encoder.anchor_encoder.scale_fc.5.weight - torch.Size([128]): 
The value is the same before and after calling `init_weights` of BEVSegmentor  

encoder.anchor_encoder.scale_fc.5.bias - torch.Size([128]): 
The value is the same before and after calling `init_weights` of BEVSegmentor  

encoder.anchor_encoder.rot_fc.0.weight - torch.Size([128, 4]): 
The value is the same before and after calling `init_weights` of BEVSegmentor  

encoder.anchor_encoder.rot_fc.0.bias - torch.Size([128]): 
The value is the same before and after calling `init_weights` of BEVSegmentor  

encoder.anchor_encoder.rot_fc.2.weight - torch.Size([128]): 
The value is the same before and after calling `init_weights` of BEVSegmentor  

encoder.anchor_encoder.rot_fc.2.bias - torch.Size([128]): 
The value is the same before and after calling `init_weights` of BEVSegmentor  

encoder.anchor_encoder.rot_fc.3.weight - torch.Size([128, 128]): 
The value is the same before and after calling `init_weights` of BEVSegmentor  

encoder.anchor_encoder.rot_fc.3.bias - torch.Size([128]): 
The value is the same before and after calling `init_weights` of BEVSegmentor  

encoder.anchor_encoder.rot_fc.5.weight - torch.Size([128]): 
The value is the same before and after calling `init_weights` of BEVSegmentor  

encoder.anchor_encoder.rot_fc.5.bias - torch.Size([128]): 
The value is the same before and after calling `init_weights` of BEVSegmentor  

encoder.anchor_encoder.opacity_fc.0.weight - torch.Size([128, 1]): 
The value is the same before and after calling `init_weights` of BEVSegmentor  

encoder.anchor_encoder.opacity_fc.0.bias - torch.Size([128]): 
The value is the same before and after calling `init_weights` of BEVSegmentor  

encoder.anchor_encoder.opacity_fc.2.weight - torch.Size([128]): 
The value is the same before and after calling `init_weights` of BEVSegmentor  

encoder.anchor_encoder.opacity_fc.2.bias - torch.Size([128]): 
The value is the same before and after calling `init_weights` of BEVSegmentor  

encoder.anchor_encoder.opacity_fc.3.weight - torch.Size([128, 128]): 
The value is the same before and after calling `init_weights` of BEVSegmentor  

encoder.anchor_encoder.opacity_fc.3.bias - torch.Size([128]): 
The value is the same before and after calling `init_weights` of BEVSegmentor  

encoder.anchor_encoder.opacity_fc.5.weight - torch.Size([128]): 
The value is the same before and after calling `init_weights` of BEVSegmentor  

encoder.anchor_encoder.opacity_fc.5.bias - torch.Size([128]): 
The value is the same before and after calling `init_weights` of BEVSegmentor  

encoder.anchor_encoder.semantics_fc.0.weight - torch.Size([128, 17]): 
The value is the same before and after calling `init_weights` of BEVSegmentor  

encoder.anchor_encoder.semantics_fc.0.bias - torch.Size([128]): 
The value is the same before and after calling `init_weights` of BEVSegmentor  

encoder.anchor_encoder.semantics_fc.2.weight - torch.Size([128]): 
The value is the same before and after calling `init_weights` of BEVSegmentor  

encoder.anchor_encoder.semantics_fc.2.bias - torch.Size([128]): 
The value is the same before and after calling `init_weights` of BEVSegmentor  

encoder.anchor_encoder.semantics_fc.3.weight - torch.Size([128, 128]): 
The value is the same before and after calling `init_weights` of BEVSegmentor  

encoder.anchor_encoder.semantics_fc.3.bias - torch.Size([128]): 
The value is the same before and after calling `init_weights` of BEVSegmentor  

encoder.anchor_encoder.semantics_fc.5.weight - torch.Size([128]): 
The value is the same before and after calling `init_weights` of BEVSegmentor  

encoder.anchor_encoder.semantics_fc.5.bias - torch.Size([128]): 
The value is the same before and after calling `init_weights` of BEVSegmentor  

encoder.anchor_encoder.offset_fc.0.weight - torch.Size([128, 12]): 
The value is the same before and after calling `init_weights` of BEVSegmentor  

encoder.anchor_encoder.offset_fc.0.bias - torch.Size([128]): 
The value is the same before and after calling `init_weights` of BEVSegmentor  

encoder.anchor_encoder.offset_fc.2.weight - torch.Size([128]): 
The value is the same before and after calling `init_weights` of BEVSegmentor  

encoder.anchor_encoder.offset_fc.2.bias - torch.Size([128]): 
The value is the same before and after calling `init_weights` of BEVSegmentor  

encoder.anchor_encoder.offset_fc.3.weight - torch.Size([128, 128]): 
The value is the same before and after calling `init_weights` of BEVSegmentor  

encoder.anchor_encoder.offset_fc.3.bias - torch.Size([128]): 
The value is the same before and after calling `init_weights` of BEVSegmentor  

encoder.anchor_encoder.offset_fc.5.weight - torch.Size([128]): 
The value is the same before and after calling `init_weights` of BEVSegmentor  

encoder.anchor_encoder.offset_fc.5.bias - torch.Size([128]): 
The value is the same before and after calling `init_weights` of BEVSegmentor  

encoder.anchor_encoder.output_fc.0.weight - torch.Size([128, 128]): 
The value is the same before and after calling `init_weights` of BEVSegmentor  

encoder.anchor_encoder.output_fc.0.bias - torch.Size([128]): 
The value is the same before and after calling `init_weights` of BEVSegmentor  

encoder.anchor_encoder.output_fc.2.weight - torch.Size([128]): 
The value is the same before and after calling `init_weights` of BEVSegmentor  

encoder.anchor_encoder.output_fc.2.bias - torch.Size([128]): 
The value is the same before and after calling `init_weights` of BEVSegmentor  

encoder.anchor_encoder.output_fc.3.weight - torch.Size([128, 128]): 
The value is the same before and after calling `init_weights` of BEVSegmentor  

encoder.anchor_encoder.output_fc.3.bias - torch.Size([128]): 
The value is the same before and after calling `init_weights` of BEVSegmentor  

encoder.anchor_encoder.output_fc.5.weight - torch.Size([128]): 
The value is the same before and after calling `init_weights` of BEVSegmentor  

encoder.anchor_encoder.output_fc.5.bias - torch.Size([128]): 
The value is the same before and after calling `init_weights` of BEVSegmentor  

encoder.layers.0.kps_generator.learnable_fc.weight - torch.Size([18, 128]): 
Initialized by user-defined `init_weights` in GaussianOccEncoder  

encoder.layers.0.kps_generator.learnable_fc.bias - torch.Size([18]): 
Initialized by user-defined `init_weights` in GaussianOccEncoder  

encoder.layers.0.output_proj.weight - torch.Size([128, 128]): 
Initialized by user-defined `init_weights` in GaussianOccEncoder  

encoder.layers.0.output_proj.bias - torch.Size([128]): 
Initialized by user-defined `init_weights` in GaussianOccEncoder  

encoder.layers.0.camera_encoder.0.weight - torch.Size([128, 12]): 
Initialized by user-defined `init_weights` in GaussianOccEncoder  

encoder.layers.0.camera_encoder.0.bias - torch.Size([128]): 
The value is the same before and after calling `init_weights` of BEVSegmentor  

encoder.layers.0.camera_encoder.2.weight - torch.Size([128]): 
The value is the same before and after calling `init_weights` of BEVSegmentor  

encoder.layers.0.camera_encoder.2.bias - torch.Size([128]): 
The value is the same before and after calling `init_weights` of BEVSegmentor  

encoder.layers.0.camera_encoder.3.weight - torch.Size([128, 128]): 
Initialized by user-defined `init_weights` in GaussianOccEncoder  

encoder.layers.0.camera_encoder.3.bias - torch.Size([128]): 
The value is the same before and after calling `init_weights` of BEVSegmentor  

encoder.layers.0.camera_encoder.5.weight - torch.Size([128]): 
The value is the same before and after calling `init_weights` of BEVSegmentor  

encoder.layers.0.camera_encoder.5.bias - torch.Size([128]): 
The value is the same before and after calling `init_weights` of BEVSegmentor  

encoder.layers.0.weights_fc.weight - torch.Size([208, 128]): 
Initialized by user-defined `init_weights` in GaussianOccEncoder  

encoder.layers.0.weights_fc.bias - torch.Size([208]): 
Initialized by user-defined `init_weights` in GaussianOccEncoder  

encoder.layers.1.pre_norm.weight - torch.Size([256]): 
The value is the same before and after calling `init_weights` of BEVSegmentor  

encoder.layers.1.pre_norm.bias - torch.Size([256]): 
The value is the same before and after calling `init_weights` of BEVSegmentor  

encoder.layers.1.layers.0.0.weight - torch.Size([512, 256]): 
Initialized by user-defined `init_weights` in GaussianOccEncoder  

encoder.layers.1.layers.0.0.bias - torch.Size([512]): 
The value is the same before and after calling `init_weights` of BEVSegmentor  

encoder.layers.1.layers.1.weight - torch.Size([128, 512]): 
Initialized by user-defined `init_weights` in GaussianOccEncoder  

encoder.layers.1.layers.1.bias - torch.Size([128]): 
The value is the same before and after calling `init_weights` of BEVSegmentor  

encoder.layers.1.identity_fc.weight - torch.Size([128, 256]): 
Initialized by user-defined `init_weights` in GaussianOccEncoder  

encoder.layers.1.identity_fc.bias - torch.Size([128]): 
The value is the same before and after calling `init_weights` of BEVSegmentor  

encoder.layers.2.weight - torch.Size([128]): 
The value is the same before and after calling `init_weights` of BEVSegmentor  

encoder.layers.2.bias - torch.Size([128]): 
The value is the same before and after calling `init_weights` of BEVSegmentor  

encoder.layers.3.layers.0.weight - torch.Size([128, 128]): 
The value is the same before and after calling `init_weights` of BEVSegmentor  

encoder.layers.3.layers.0.bias - torch.Size([128]): 
The value is the same before and after calling `init_weights` of BEVSegmentor  

encoder.layers.3.layers.2.weight - torch.Size([128, 128]): 
The value is the same before and after calling `init_weights` of BEVSegmentor  

encoder.layers.3.layers.2.bias - torch.Size([128]): 
The value is the same before and after calling `init_weights` of BEVSegmentor  

encoder.layers.3.layers.4.weight - torch.Size([128]): 
The value is the same before and after calling `init_weights` of BEVSegmentor  

encoder.layers.3.layers.4.bias - torch.Size([128]): 
The value is the same before and after calling `init_weights` of BEVSegmentor  

encoder.layers.3.layers.5.weight - torch.Size([128, 128]): 
The value is the same before and after calling `init_weights` of BEVSegmentor  

encoder.layers.3.layers.5.bias - torch.Size([128]): 
The value is the same before and after calling `init_weights` of BEVSegmentor  

encoder.layers.3.layers.7.weight - torch.Size([128, 128]): 
The value is the same before and after calling `init_weights` of BEVSegmentor  

encoder.layers.3.layers.7.bias - torch.Size([128]): 
The value is the same before and after calling `init_weights` of BEVSegmentor  

encoder.layers.3.layers.9.weight - torch.Size([128]): 
The value is the same before and after calling `init_weights` of BEVSegmentor  

encoder.layers.3.layers.9.bias - torch.Size([128]): 
The value is the same before and after calling `init_weights` of BEVSegmentor  

encoder.layers.3.layers.10.weight - torch.Size([40, 128]): 
The value is the same before and after calling `init_weights` of BEVSegmentor  

encoder.layers.3.layers.10.bias - torch.Size([40]): 
The value is the same before and after calling `init_weights` of BEVSegmentor  

encoder.layers.3.layers.11.scale - torch.Size([40]): 
The value is the same before and after calling `init_weights` of BEVSegmentor  

encoder.layers.4.layers.0.weight - torch.Size([128, 5, 5, 5, 128]): 
Initialized by user-defined `init_weights` in GaussianOccEncoder  

encoder.layers.4.layers.0.bias - torch.Size([128]): 
The value is the same before and after calling `init_weights` of BEVSegmentor  

encoder.layers.4.layers.1.weight - torch.Size([128]): 
The value is the same before and after calling `init_weights` of BEVSegmentor  

encoder.layers.4.layers.1.bias - torch.Size([128]): 
The value is the same before and after calling `init_weights` of BEVSegmentor  

encoder.layers.4.layers.3.weight - torch.Size([128, 5, 5, 5, 128]): 
Initialized by user-defined `init_weights` in GaussianOccEncoder  

encoder.layers.4.layers.3.bias - torch.Size([128]): 
The value is the same before and after calling `init_weights` of BEVSegmentor  

encoder.layers.4.layers.4.weight - torch.Size([128]): 
The value is the same before and after calling `init_weights` of BEVSegmentor  

encoder.layers.4.layers.4.bias - torch.Size([128]): 
The value is the same before and after calling `init_weights` of BEVSegmentor  

encoder.layers.4.layers.6.weight - torch.Size([128, 5, 5, 5, 128]): 
Initialized by user-defined `init_weights` in GaussianOccEncoder  

encoder.layers.4.layers.6.bias - torch.Size([128]): 
The value is the same before and after calling `init_weights` of BEVSegmentor  

encoder.layers.4.layers.7.weight - torch.Size([128]): 
The value is the same before and after calling `init_weights` of BEVSegmentor  

encoder.layers.4.layers.7.bias - torch.Size([128]): 
The value is the same before and after calling `init_weights` of BEVSegmentor  

encoder.layers.4.output_proj.weight - torch.Size([128, 128]): 
Initialized by user-defined `init_weights` in GaussianOccEncoder  

encoder.layers.4.output_proj.bias - torch.Size([128]): 
The value is the same before and after calling `init_weights` of BEVSegmentor  

encoder.layers.5.weight - torch.Size([128]): 
The value is the same before and after calling `init_weights` of BEVSegmentor  

encoder.layers.5.bias - torch.Size([128]): 
The value is the same before and after calling `init_weights` of BEVSegmentor  

encoder.layers.6.kps_generator.learnable_fc.weight - torch.Size([18, 128]): 
Initialized by user-defined `init_weights` in GaussianOccEncoder  

encoder.layers.6.kps_generator.learnable_fc.bias - torch.Size([18]): 
Initialized by user-defined `init_weights` in GaussianOccEncoder  

encoder.layers.6.output_proj.weight - torch.Size([128, 128]): 
Initialized by user-defined `init_weights` in GaussianOccEncoder  

encoder.layers.6.output_proj.bias - torch.Size([128]): 
Initialized by user-defined `init_weights` in GaussianOccEncoder  

encoder.layers.6.camera_encoder.0.weight - torch.Size([128, 12]): 
Initialized by user-defined `init_weights` in GaussianOccEncoder  

encoder.layers.6.camera_encoder.0.bias - torch.Size([128]): 
The value is the same before and after calling `init_weights` of BEVSegmentor  

encoder.layers.6.camera_encoder.2.weight - torch.Size([128]): 
The value is the same before and after calling `init_weights` of BEVSegmentor  

encoder.layers.6.camera_encoder.2.bias - torch.Size([128]): 
The value is the same before and after calling `init_weights` of BEVSegmentor  

encoder.layers.6.camera_encoder.3.weight - torch.Size([128, 128]): 
Initialized by user-defined `init_weights` in GaussianOccEncoder  

encoder.layers.6.camera_encoder.3.bias - torch.Size([128]): 
The value is the same before and after calling `init_weights` of BEVSegmentor  

encoder.layers.6.camera_encoder.5.weight - torch.Size([128]): 
The value is the same before and after calling `init_weights` of BEVSegmentor  

encoder.layers.6.camera_encoder.5.bias - torch.Size([128]): 
The value is the same before and after calling `init_weights` of BEVSegmentor  

encoder.layers.6.weights_fc.weight - torch.Size([208, 128]): 
Initialized by user-defined `init_weights` in GaussianOccEncoder  

encoder.layers.6.weights_fc.bias - torch.Size([208]): 
Initialized by user-defined `init_weights` in GaussianOccEncoder  

encoder.layers.7.pre_norm.weight - torch.Size([256]): 
The value is the same before and after calling `init_weights` of BEVSegmentor  

encoder.layers.7.pre_norm.bias - torch.Size([256]): 
The value is the same before and after calling `init_weights` of BEVSegmentor  

encoder.layers.7.layers.0.0.weight - torch.Size([512, 256]): 
Initialized by user-defined `init_weights` in GaussianOccEncoder  

encoder.layers.7.layers.0.0.bias - torch.Size([512]): 
The value is the same before and after calling `init_weights` of BEVSegmentor  

encoder.layers.7.layers.1.weight - torch.Size([128, 512]): 
Initialized by user-defined `init_weights` in GaussianOccEncoder  

encoder.layers.7.layers.1.bias - torch.Size([128]): 
The value is the same before and after calling `init_weights` of BEVSegmentor  

encoder.layers.7.identity_fc.weight - torch.Size([128, 256]): 
Initialized by user-defined `init_weights` in GaussianOccEncoder  

encoder.layers.7.identity_fc.bias - torch.Size([128]): 
The value is the same before and after calling `init_weights` of BEVSegmentor  

encoder.layers.8.weight - torch.Size([128]): 
The value is the same before and after calling `init_weights` of BEVSegmentor  

encoder.layers.8.bias - torch.Size([128]): 
The value is the same before and after calling `init_weights` of BEVSegmentor  

encoder.layers.9.layers.0.weight - torch.Size([128, 128]): 
The value is the same before and after calling `init_weights` of BEVSegmentor  

encoder.layers.9.layers.0.bias - torch.Size([128]): 
The value is the same before and after calling `init_weights` of BEVSegmentor  

encoder.layers.9.layers.2.weight - torch.Size([128, 128]): 
The value is the same before and after calling `init_weights` of BEVSegmentor  

encoder.layers.9.layers.2.bias - torch.Size([128]): 
The value is the same before and after calling `init_weights` of BEVSegmentor  

encoder.layers.9.layers.4.weight - torch.Size([128]): 
The value is the same before and after calling `init_weights` of BEVSegmentor  

encoder.layers.9.layers.4.bias - torch.Size([128]): 
The value is the same before and after calling `init_weights` of BEVSegmentor  

encoder.layers.9.layers.5.weight - torch.Size([128, 128]): 
The value is the same before and after calling `init_weights` of BEVSegmentor  

encoder.layers.9.layers.5.bias - torch.Size([128]): 
The value is the same before and after calling `init_weights` of BEVSegmentor  

encoder.layers.9.layers.7.weight - torch.Size([128, 128]): 
The value is the same before and after calling `init_weights` of BEVSegmentor  

encoder.layers.9.layers.7.bias - torch.Size([128]): 
The value is the same before and after calling `init_weights` of BEVSegmentor  

encoder.layers.9.layers.9.weight - torch.Size([128]): 
The value is the same before and after calling `init_weights` of BEVSegmentor  

encoder.layers.9.layers.9.bias - torch.Size([128]): 
The value is the same before and after calling `init_weights` of BEVSegmentor  

encoder.layers.9.layers.10.weight - torch.Size([40, 128]): 
The value is the same before and after calling `init_weights` of BEVSegmentor  

encoder.layers.9.layers.10.bias - torch.Size([40]): 
The value is the same before and after calling `init_weights` of BEVSegmentor  

encoder.layers.9.layers.11.scale - torch.Size([40]): 
The value is the same before and after calling `init_weights` of BEVSegmentor  

encoder.layers.10.layers.0.weight - torch.Size([128, 5, 5, 5, 128]): 
Initialized by user-defined `init_weights` in GaussianOccEncoder  

encoder.layers.10.layers.0.bias - torch.Size([128]): 
The value is the same before and after calling `init_weights` of BEVSegmentor  

encoder.layers.10.layers.1.weight - torch.Size([128]): 
The value is the same before and after calling `init_weights` of BEVSegmentor  

encoder.layers.10.layers.1.bias - torch.Size([128]): 
The value is the same before and after calling `init_weights` of BEVSegmentor  

encoder.layers.10.layers.3.weight - torch.Size([128, 5, 5, 5, 128]): 
Initialized by user-defined `init_weights` in GaussianOccEncoder  

encoder.layers.10.layers.3.bias - torch.Size([128]): 
The value is the same before and after calling `init_weights` of BEVSegmentor  

encoder.layers.10.layers.4.weight - torch.Size([128]): 
The value is the same before and after calling `init_weights` of BEVSegmentor  

encoder.layers.10.layers.4.bias - torch.Size([128]): 
The value is the same before and after calling `init_weights` of BEVSegmentor  

encoder.layers.10.layers.6.weight - torch.Size([128, 5, 5, 5, 128]): 
Initialized by user-defined `init_weights` in GaussianOccEncoder  

encoder.layers.10.layers.6.bias - torch.Size([128]): 
The value is the same before and after calling `init_weights` of BEVSegmentor  

encoder.layers.10.layers.7.weight - torch.Size([128]): 
The value is the same before and after calling `init_weights` of BEVSegmentor  

encoder.layers.10.layers.7.bias - torch.Size([128]): 
The value is the same before and after calling `init_weights` of BEVSegmentor  

encoder.layers.10.output_proj.weight - torch.Size([128, 128]): 
Initialized by user-defined `init_weights` in GaussianOccEncoder  

encoder.layers.10.output_proj.bias - torch.Size([128]): 
The value is the same before and after calling `init_weights` of BEVSegmentor  

encoder.layers.11.weight - torch.Size([128]): 
The value is the same before and after calling `init_weights` of BEVSegmentor  

encoder.layers.11.bias - torch.Size([128]): 
The value is the same before and after calling `init_weights` of BEVSegmentor  

encoder.layers.12.kps_generator.learnable_fc.weight - torch.Size([18, 128]): 
Initialized by user-defined `init_weights` in GaussianOccEncoder  

encoder.layers.12.kps_generator.learnable_fc.bias - torch.Size([18]): 
Initialized by user-defined `init_weights` in GaussianOccEncoder  

encoder.layers.12.output_proj.weight - torch.Size([128, 128]): 
Initialized by user-defined `init_weights` in GaussianOccEncoder  

encoder.layers.12.output_proj.bias - torch.Size([128]): 
Initialized by user-defined `init_weights` in GaussianOccEncoder  

encoder.layers.12.camera_encoder.0.weight - torch.Size([128, 12]): 
Initialized by user-defined `init_weights` in GaussianOccEncoder  

encoder.layers.12.camera_encoder.0.bias - torch.Size([128]): 
The value is the same before and after calling `init_weights` of BEVSegmentor  

encoder.layers.12.camera_encoder.2.weight - torch.Size([128]): 
The value is the same before and after calling `init_weights` of BEVSegmentor  

encoder.layers.12.camera_encoder.2.bias - torch.Size([128]): 
The value is the same before and after calling `init_weights` of BEVSegmentor  

encoder.layers.12.camera_encoder.3.weight - torch.Size([128, 128]): 
Initialized by user-defined `init_weights` in GaussianOccEncoder  

encoder.layers.12.camera_encoder.3.bias - torch.Size([128]): 
The value is the same before and after calling `init_weights` of BEVSegmentor  

encoder.layers.12.camera_encoder.5.weight - torch.Size([128]): 
The value is the same before and after calling `init_weights` of BEVSegmentor  

encoder.layers.12.camera_encoder.5.bias - torch.Size([128]): 
The value is the same before and after calling `init_weights` of BEVSegmentor  

encoder.layers.12.weights_fc.weight - torch.Size([208, 128]): 
Initialized by user-defined `init_weights` in GaussianOccEncoder  

encoder.layers.12.weights_fc.bias - torch.Size([208]): 
Initialized by user-defined `init_weights` in GaussianOccEncoder  

encoder.layers.13.pre_norm.weight - torch.Size([256]): 
The value is the same before and after calling `init_weights` of BEVSegmentor  

encoder.layers.13.pre_norm.bias - torch.Size([256]): 
The value is the same before and after calling `init_weights` of BEVSegmentor  

encoder.layers.13.layers.0.0.weight - torch.Size([512, 256]): 
Initialized by user-defined `init_weights` in GaussianOccEncoder  

encoder.layers.13.layers.0.0.bias - torch.Size([512]): 
The value is the same before and after calling `init_weights` of BEVSegmentor  

encoder.layers.13.layers.1.weight - torch.Size([128, 512]): 
Initialized by user-defined `init_weights` in GaussianOccEncoder  

encoder.layers.13.layers.1.bias - torch.Size([128]): 
The value is the same before and after calling `init_weights` of BEVSegmentor  

encoder.layers.13.identity_fc.weight - torch.Size([128, 256]): 
Initialized by user-defined `init_weights` in GaussianOccEncoder  

encoder.layers.13.identity_fc.bias - torch.Size([128]): 
The value is the same before and after calling `init_weights` of BEVSegmentor  

encoder.layers.14.weight - torch.Size([128]): 
The value is the same before and after calling `init_weights` of BEVSegmentor  

encoder.layers.14.bias - torch.Size([128]): 
The value is the same before and after calling `init_weights` of BEVSegmentor  

encoder.layers.15.layers.0.weight - torch.Size([128, 128]): 
The value is the same before and after calling `init_weights` of BEVSegmentor  

encoder.layers.15.layers.0.bias - torch.Size([128]): 
The value is the same before and after calling `init_weights` of BEVSegmentor  

encoder.layers.15.layers.2.weight - torch.Size([128, 128]): 
The value is the same before and after calling `init_weights` of BEVSegmentor  

encoder.layers.15.layers.2.bias - torch.Size([128]): 
The value is the same before and after calling `init_weights` of BEVSegmentor  

encoder.layers.15.layers.4.weight - torch.Size([128]): 
The value is the same before and after calling `init_weights` of BEVSegmentor  

encoder.layers.15.layers.4.bias - torch.Size([128]): 
The value is the same before and after calling `init_weights` of BEVSegmentor  

encoder.layers.15.layers.5.weight - torch.Size([128, 128]): 
The value is the same before and after calling `init_weights` of BEVSegmentor  

encoder.layers.15.layers.5.bias - torch.Size([128]): 
The value is the same before and after calling `init_weights` of BEVSegmentor  

encoder.layers.15.layers.7.weight - torch.Size([128, 128]): 
The value is the same before and after calling `init_weights` of BEVSegmentor  

encoder.layers.15.layers.7.bias - torch.Size([128]): 
The value is the same before and after calling `init_weights` of BEVSegmentor  

encoder.layers.15.layers.9.weight - torch.Size([128]): 
The value is the same before and after calling `init_weights` of BEVSegmentor  

encoder.layers.15.layers.9.bias - torch.Size([128]): 
The value is the same before and after calling `init_weights` of BEVSegmentor  

encoder.layers.15.layers.10.weight - torch.Size([40, 128]): 
The value is the same before and after calling `init_weights` of BEVSegmentor  

encoder.layers.15.layers.10.bias - torch.Size([40]): 
The value is the same before and after calling `init_weights` of BEVSegmentor  

encoder.layers.15.layers.11.scale - torch.Size([40]): 
The value is the same before and after calling `init_weights` of BEVSegmentor  

encoder.layers.16.layers.0.weight - torch.Size([128, 5, 5, 5, 128]): 
Initialized by user-defined `init_weights` in GaussianOccEncoder  

encoder.layers.16.layers.0.bias - torch.Size([128]): 
The value is the same before and after calling `init_weights` of BEVSegmentor  

encoder.layers.16.layers.1.weight - torch.Size([128]): 
The value is the same before and after calling `init_weights` of BEVSegmentor  

encoder.layers.16.layers.1.bias - torch.Size([128]): 
The value is the same before and after calling `init_weights` of BEVSegmentor  

encoder.layers.16.layers.3.weight - torch.Size([128, 5, 5, 5, 128]): 
Initialized by user-defined `init_weights` in GaussianOccEncoder  

encoder.layers.16.layers.3.bias - torch.Size([128]): 
The value is the same before and after calling `init_weights` of BEVSegmentor  

encoder.layers.16.layers.4.weight - torch.Size([128]): 
The value is the same before and after calling `init_weights` of BEVSegmentor  

encoder.layers.16.layers.4.bias - torch.Size([128]): 
The value is the same before and after calling `init_weights` of BEVSegmentor  

encoder.layers.16.layers.6.weight - torch.Size([128, 5, 5, 5, 128]): 
Initialized by user-defined `init_weights` in GaussianOccEncoder  

encoder.layers.16.layers.6.bias - torch.Size([128]): 
The value is the same before and after calling `init_weights` of BEVSegmentor  

encoder.layers.16.layers.7.weight - torch.Size([128]): 
The value is the same before and after calling `init_weights` of BEVSegmentor  

encoder.layers.16.layers.7.bias - torch.Size([128]): 
The value is the same before and after calling `init_weights` of BEVSegmentor  

encoder.layers.16.output_proj.weight - torch.Size([128, 128]): 
Initialized by user-defined `init_weights` in GaussianOccEncoder  

encoder.layers.16.output_proj.bias - torch.Size([128]): 
The value is the same before and after calling `init_weights` of BEVSegmentor  

encoder.layers.17.weight - torch.Size([128]): 
The value is the same before and after calling `init_weights` of BEVSegmentor  

encoder.layers.17.bias - torch.Size([128]): 
The value is the same before and after calling `init_weights` of BEVSegmentor  

encoder.layers.18.kps_generator.learnable_fc.weight - torch.Size([18, 128]): 
Initialized by user-defined `init_weights` in GaussianOccEncoder  

encoder.layers.18.kps_generator.learnable_fc.bias - torch.Size([18]): 
Initialized by user-defined `init_weights` in GaussianOccEncoder  

encoder.layers.18.output_proj.weight - torch.Size([128, 128]): 
Initialized by user-defined `init_weights` in GaussianOccEncoder  

encoder.layers.18.output_proj.bias - torch.Size([128]): 
Initialized by user-defined `init_weights` in GaussianOccEncoder  

encoder.layers.18.camera_encoder.0.weight - torch.Size([128, 12]): 
Initialized by user-defined `init_weights` in GaussianOccEncoder  

encoder.layers.18.camera_encoder.0.bias - torch.Size([128]): 
The value is the same before and after calling `init_weights` of BEVSegmentor  

encoder.layers.18.camera_encoder.2.weight - torch.Size([128]): 
The value is the same before and after calling `init_weights` of BEVSegmentor  

encoder.layers.18.camera_encoder.2.bias - torch.Size([128]): 
The value is the same before and after calling `init_weights` of BEVSegmentor  

encoder.layers.18.camera_encoder.3.weight - torch.Size([128, 128]): 
Initialized by user-defined `init_weights` in GaussianOccEncoder  

encoder.layers.18.camera_encoder.3.bias - torch.Size([128]): 
The value is the same before and after calling `init_weights` of BEVSegmentor  

encoder.layers.18.camera_encoder.5.weight - torch.Size([128]): 
The value is the same before and after calling `init_weights` of BEVSegmentor  

encoder.layers.18.camera_encoder.5.bias - torch.Size([128]): 
The value is the same before and after calling `init_weights` of BEVSegmentor  

encoder.layers.18.weights_fc.weight - torch.Size([208, 128]): 
Initialized by user-defined `init_weights` in GaussianOccEncoder  

encoder.layers.18.weights_fc.bias - torch.Size([208]): 
Initialized by user-defined `init_weights` in GaussianOccEncoder  

encoder.layers.19.pre_norm.weight - torch.Size([256]): 
The value is the same before and after calling `init_weights` of BEVSegmentor  

encoder.layers.19.pre_norm.bias - torch.Size([256]): 
The value is the same before and after calling `init_weights` of BEVSegmentor  

encoder.layers.19.layers.0.0.weight - torch.Size([512, 256]): 
Initialized by user-defined `init_weights` in GaussianOccEncoder  

encoder.layers.19.layers.0.0.bias - torch.Size([512]): 
The value is the same before and after calling `init_weights` of BEVSegmentor  

encoder.layers.19.layers.1.weight - torch.Size([128, 512]): 
Initialized by user-defined `init_weights` in GaussianOccEncoder  

encoder.layers.19.layers.1.bias - torch.Size([128]): 
The value is the same before and after calling `init_weights` of BEVSegmentor  

encoder.layers.19.identity_fc.weight - torch.Size([128, 256]): 
Initialized by user-defined `init_weights` in GaussianOccEncoder  

encoder.layers.19.identity_fc.bias - torch.Size([128]): 
The value is the same before and after calling `init_weights` of BEVSegmentor  

encoder.layers.20.weight - torch.Size([128]): 
The value is the same before and after calling `init_weights` of BEVSegmentor  

encoder.layers.20.bias - torch.Size([128]): 
The value is the same before and after calling `init_weights` of BEVSegmentor  

encoder.layers.21.layers.0.weight - torch.Size([128, 128]): 
The value is the same before and after calling `init_weights` of BEVSegmentor  

encoder.layers.21.layers.0.bias - torch.Size([128]): 
The value is the same before and after calling `init_weights` of BEVSegmentor  

encoder.layers.21.layers.2.weight - torch.Size([128, 128]): 
The value is the same before and after calling `init_weights` of BEVSegmentor  

encoder.layers.21.layers.2.bias - torch.Size([128]): 
The value is the same before and after calling `init_weights` of BEVSegmentor  

encoder.layers.21.layers.4.weight - torch.Size([128]): 
The value is the same before and after calling `init_weights` of BEVSegmentor  

encoder.layers.21.layers.4.bias - torch.Size([128]): 
The value is the same before and after calling `init_weights` of BEVSegmentor  

encoder.layers.21.layers.5.weight - torch.Size([128, 128]): 
The value is the same before and after calling `init_weights` of BEVSegmentor  

encoder.layers.21.layers.5.bias - torch.Size([128]): 
The value is the same before and after calling `init_weights` of BEVSegmentor  

encoder.layers.21.layers.7.weight - torch.Size([128, 128]): 
The value is the same before and after calling `init_weights` of BEVSegmentor  

encoder.layers.21.layers.7.bias - torch.Size([128]): 
The value is the same before and after calling `init_weights` of BEVSegmentor  

encoder.layers.21.layers.9.weight - torch.Size([128]): 
The value is the same before and after calling `init_weights` of BEVSegmentor  

encoder.layers.21.layers.9.bias - torch.Size([128]): 
The value is the same before and after calling `init_weights` of BEVSegmentor  

encoder.layers.21.layers.10.weight - torch.Size([40, 128]): 
The value is the same before and after calling `init_weights` of BEVSegmentor  

encoder.layers.21.layers.10.bias - torch.Size([40]): 
The value is the same before and after calling `init_weights` of BEVSegmentor  

encoder.layers.21.layers.11.scale - torch.Size([40]): 
The value is the same before and after calling `init_weights` of BEVSegmentor  

temporal_encoder.anchor_encoder.xyz_fc.0.weight - torch.Size([128, 3]): 
The value is the same before and after calling `init_weights` of BEVSegmentor  

temporal_encoder.anchor_encoder.xyz_fc.0.bias - torch.Size([128]): 
The value is the same before and after calling `init_weights` of BEVSegmentor  

temporal_encoder.anchor_encoder.xyz_fc.2.weight - torch.Size([128]): 
The value is the same before and after calling `init_weights` of BEVSegmentor  

temporal_encoder.anchor_encoder.xyz_fc.2.bias - torch.Size([128]): 
The value is the same before and after calling `init_weights` of BEVSegmentor  

temporal_encoder.anchor_encoder.xyz_fc.3.weight - torch.Size([128, 128]): 
The value is the same before and after calling `init_weights` of BEVSegmentor  

temporal_encoder.anchor_encoder.xyz_fc.3.bias - torch.Size([128]): 
The value is the same before and after calling `init_weights` of BEVSegmentor  

temporal_encoder.anchor_encoder.xyz_fc.5.weight - torch.Size([128]): 
The value is the same before and after calling `init_weights` of BEVSegmentor  

temporal_encoder.anchor_encoder.xyz_fc.5.bias - torch.Size([128]): 
The value is the same before and after calling `init_weights` of BEVSegmentor  

temporal_encoder.anchor_encoder.scale_fc.0.weight - torch.Size([128, 3]): 
The value is the same before and after calling `init_weights` of BEVSegmentor  

temporal_encoder.anchor_encoder.scale_fc.0.bias - torch.Size([128]): 
The value is the same before and after calling `init_weights` of BEVSegmentor  

temporal_encoder.anchor_encoder.scale_fc.2.weight - torch.Size([128]): 
The value is the same before and after calling `init_weights` of BEVSegmentor  

temporal_encoder.anchor_encoder.scale_fc.2.bias - torch.Size([128]): 
The value is the same before and after calling `init_weights` of BEVSegmentor  

temporal_encoder.anchor_encoder.scale_fc.3.weight - torch.Size([128, 128]): 
The value is the same before and after calling `init_weights` of BEVSegmentor  

temporal_encoder.anchor_encoder.scale_fc.3.bias - torch.Size([128]): 
The value is the same before and after calling `init_weights` of BEVSegmentor  

temporal_encoder.anchor_encoder.scale_fc.5.weight - torch.Size([128]): 
The value is the same before and after calling `init_weights` of BEVSegmentor  

temporal_encoder.anchor_encoder.scale_fc.5.bias - torch.Size([128]): 
The value is the same before and after calling `init_weights` of BEVSegmentor  

temporal_encoder.anchor_encoder.rot_fc.0.weight - torch.Size([128, 4]): 
The value is the same before and after calling `init_weights` of BEVSegmentor  

temporal_encoder.anchor_encoder.rot_fc.0.bias - torch.Size([128]): 
The value is the same before and after calling `init_weights` of BEVSegmentor  

temporal_encoder.anchor_encoder.rot_fc.2.weight - torch.Size([128]): 
The value is the same before and after calling `init_weights` of BEVSegmentor  

temporal_encoder.anchor_encoder.rot_fc.2.bias - torch.Size([128]): 
The value is the same before and after calling `init_weights` of BEVSegmentor  

temporal_encoder.anchor_encoder.rot_fc.3.weight - torch.Size([128, 128]): 
The value is the same before and after calling `init_weights` of BEVSegmentor  

temporal_encoder.anchor_encoder.rot_fc.3.bias - torch.Size([128]): 
The value is the same before and after calling `init_weights` of BEVSegmentor  

temporal_encoder.anchor_encoder.rot_fc.5.weight - torch.Size([128]): 
The value is the same before and after calling `init_weights` of BEVSegmentor  

temporal_encoder.anchor_encoder.rot_fc.5.bias - torch.Size([128]): 
The value is the same before and after calling `init_weights` of BEVSegmentor  

temporal_encoder.anchor_encoder.opacity_fc.0.weight - torch.Size([128, 1]): 
The value is the same before and after calling `init_weights` of BEVSegmentor  

temporal_encoder.anchor_encoder.opacity_fc.0.bias - torch.Size([128]): 
The value is the same before and after calling `init_weights` of BEVSegmentor  

temporal_encoder.anchor_encoder.opacity_fc.2.weight - torch.Size([128]): 
The value is the same before and after calling `init_weights` of BEVSegmentor  

temporal_encoder.anchor_encoder.opacity_fc.2.bias - torch.Size([128]): 
The value is the same before and after calling `init_weights` of BEVSegmentor  

temporal_encoder.anchor_encoder.opacity_fc.3.weight - torch.Size([128, 128]): 
The value is the same before and after calling `init_weights` of BEVSegmentor  

temporal_encoder.anchor_encoder.opacity_fc.3.bias - torch.Size([128]): 
The value is the same before and after calling `init_weights` of BEVSegmentor  

temporal_encoder.anchor_encoder.opacity_fc.5.weight - torch.Size([128]): 
The value is the same before and after calling `init_weights` of BEVSegmentor  

temporal_encoder.anchor_encoder.opacity_fc.5.bias - torch.Size([128]): 
The value is the same before and after calling `init_weights` of BEVSegmentor  

temporal_encoder.anchor_encoder.semantics_fc.0.weight - torch.Size([128, 17]): 
The value is the same before and after calling `init_weights` of BEVSegmentor  

temporal_encoder.anchor_encoder.semantics_fc.0.bias - torch.Size([128]): 
The value is the same before and after calling `init_weights` of BEVSegmentor  

temporal_encoder.anchor_encoder.semantics_fc.2.weight - torch.Size([128]): 
The value is the same before and after calling `init_weights` of BEVSegmentor  

temporal_encoder.anchor_encoder.semantics_fc.2.bias - torch.Size([128]): 
The value is the same before and after calling `init_weights` of BEVSegmentor  

temporal_encoder.anchor_encoder.semantics_fc.3.weight - torch.Size([128, 128]): 
The value is the same before and after calling `init_weights` of BEVSegmentor  

temporal_encoder.anchor_encoder.semantics_fc.3.bias - torch.Size([128]): 
The value is the same before and after calling `init_weights` of BEVSegmentor  

temporal_encoder.anchor_encoder.semantics_fc.5.weight - torch.Size([128]): 
The value is the same before and after calling `init_weights` of BEVSegmentor  

temporal_encoder.anchor_encoder.semantics_fc.5.bias - torch.Size([128]): 
The value is the same before and after calling `init_weights` of BEVSegmentor  

temporal_encoder.anchor_encoder.offset_fc.0.weight - torch.Size([128, 12]): 
The value is the same before and after calling `init_weights` of BEVSegmentor  

temporal_encoder.anchor_encoder.offset_fc.0.bias - torch.Size([128]): 
The value is the same before and after calling `init_weights` of BEVSegmentor  

temporal_encoder.anchor_encoder.offset_fc.2.weight - torch.Size([128]): 
The value is the same before and after calling `init_weights` of BEVSegmentor  

temporal_encoder.anchor_encoder.offset_fc.2.bias - torch.Size([128]): 
The value is the same before and after calling `init_weights` of BEVSegmentor  

temporal_encoder.anchor_encoder.offset_fc.3.weight - torch.Size([128, 128]): 
The value is the same before and after calling `init_weights` of BEVSegmentor  

temporal_encoder.anchor_encoder.offset_fc.3.bias - torch.Size([128]): 
The value is the same before and after calling `init_weights` of BEVSegmentor  

temporal_encoder.anchor_encoder.offset_fc.5.weight - torch.Size([128]): 
The value is the same before and after calling `init_weights` of BEVSegmentor  

temporal_encoder.anchor_encoder.offset_fc.5.bias - torch.Size([128]): 
The value is the same before and after calling `init_weights` of BEVSegmentor  

temporal_encoder.anchor_encoder.output_fc.0.weight - torch.Size([128, 128]): 
The value is the same before and after calling `init_weights` of BEVSegmentor  

temporal_encoder.anchor_encoder.output_fc.0.bias - torch.Size([128]): 
The value is the same before and after calling `init_weights` of BEVSegmentor  

temporal_encoder.anchor_encoder.output_fc.2.weight - torch.Size([128]): 
The value is the same before and after calling `init_weights` of BEVSegmentor  

temporal_encoder.anchor_encoder.output_fc.2.bias - torch.Size([128]): 
The value is the same before and after calling `init_weights` of BEVSegmentor  

temporal_encoder.anchor_encoder.output_fc.3.weight - torch.Size([128, 128]): 
The value is the same before and after calling `init_weights` of BEVSegmentor  

temporal_encoder.anchor_encoder.output_fc.3.bias - torch.Size([128]): 
The value is the same before and after calling `init_weights` of BEVSegmentor  

temporal_encoder.anchor_encoder.output_fc.5.weight - torch.Size([128]): 
The value is the same before and after calling `init_weights` of BEVSegmentor  

temporal_encoder.anchor_encoder.output_fc.5.bias - torch.Size([128]): 
The value is the same before and after calling `init_weights` of BEVSegmentor  

temporal_encoder.layers.0.layers.0.weight - torch.Size([128, 5, 5, 5, 5, 128]): 
Initialized by user-defined `init_weights` in GaussianTemporalEncoder  

temporal_encoder.layers.0.layers.1.weight - torch.Size([128]): 
The value is the same before and after calling `init_weights` of BEVSegmentor  

temporal_encoder.layers.0.layers.1.bias - torch.Size([128]): 
The value is the same before and after calling `init_weights` of BEVSegmentor  

temporal_encoder.layers.0.layers.3.weight - torch.Size([128, 5, 5, 5, 5, 128]): 
Initialized by user-defined `init_weights` in GaussianTemporalEncoder  

temporal_encoder.layers.0.layers.4.weight - torch.Size([128]): 
The value is the same before and after calling `init_weights` of BEVSegmentor  

temporal_encoder.layers.0.layers.4.bias - torch.Size([128]): 
The value is the same before and after calling `init_weights` of BEVSegmentor  

temporal_encoder.layers.0.layers.6.weight - torch.Size([128, 5, 5, 5, 5, 128]): 
Initialized by user-defined `init_weights` in GaussianTemporalEncoder  

temporal_encoder.layers.0.layers.7.weight - torch.Size([128]): 
The value is the same before and after calling `init_weights` of BEVSegmentor  

temporal_encoder.layers.0.layers.7.bias - torch.Size([128]): 
The value is the same before and after calling `init_weights` of BEVSegmentor  

temporal_encoder.layers.0.output_proj.weight - torch.Size([128, 128]): 
Initialized by user-defined `init_weights` in GaussianTemporalEncoder  

temporal_encoder.layers.0.output_proj.bias - torch.Size([128]): 
The value is the same before and after calling `init_weights` of BEVSegmentor  

temporal_encoder.layers.1.layers.0.weight - torch.Size([128, 128]): 
The value is the same before and after calling `init_weights` of BEVSegmentor  

temporal_encoder.layers.1.layers.0.bias - torch.Size([128]): 
The value is the same before and after calling `init_weights` of BEVSegmentor  

temporal_encoder.layers.1.layers.2.weight - torch.Size([128, 128]): 
The value is the same before and after calling `init_weights` of BEVSegmentor  

temporal_encoder.layers.1.layers.2.bias - torch.Size([128]): 
The value is the same before and after calling `init_weights` of BEVSegmentor  

temporal_encoder.layers.1.layers.4.weight - torch.Size([128]): 
The value is the same before and after calling `init_weights` of BEVSegmentor  

temporal_encoder.layers.1.layers.4.bias - torch.Size([128]): 
The value is the same before and after calling `init_weights` of BEVSegmentor  

temporal_encoder.layers.1.layers.5.weight - torch.Size([128, 128]): 
The value is the same before and after calling `init_weights` of BEVSegmentor  

temporal_encoder.layers.1.layers.5.bias - torch.Size([128]): 
The value is the same before and after calling `init_weights` of BEVSegmentor  

temporal_encoder.layers.1.layers.7.weight - torch.Size([128, 128]): 
The value is the same before and after calling `init_weights` of BEVSegmentor  

temporal_encoder.layers.1.layers.7.bias - torch.Size([128]): 
The value is the same before and after calling `init_weights` of BEVSegmentor  

temporal_encoder.layers.1.layers.9.weight - torch.Size([128]): 
The value is the same before and after calling `init_weights` of BEVSegmentor  

temporal_encoder.layers.1.layers.9.bias - torch.Size([128]): 
The value is the same before and after calling `init_weights` of BEVSegmentor  

temporal_encoder.layers.1.layers.10.weight - torch.Size([40, 128]): 
The value is the same before and after calling `init_weights` of BEVSegmentor  

temporal_encoder.layers.1.layers.10.bias - torch.Size([40]): 
The value is the same before and after calling `init_weights` of BEVSegmentor  

temporal_encoder.layers.1.layers.11.scale - torch.Size([40]): 
The value is the same before and after calling `init_weights` of BEVSegmentor  

temporal_encoder.layers.1.dynamic_layers.0.weight - torch.Size([128, 128]): 
The value is the same before and after calling `init_weights` of BEVSegmentor  

temporal_encoder.layers.1.dynamic_layers.0.bias - torch.Size([128]): 
The value is the same before and after calling `init_weights` of BEVSegmentor  

temporal_encoder.layers.1.dynamic_layers.2.weight - torch.Size([128]): 
The value is the same before and after calling `init_weights` of BEVSegmentor  

temporal_encoder.layers.1.dynamic_layers.2.bias - torch.Size([128]): 
The value is the same before and after calling `init_weights` of BEVSegmentor  

temporal_encoder.layers.1.dynamic_layers.3.weight - torch.Size([1, 128]): 
The value is the same before and after calling `init_weights` of BEVSegmentor  

temporal_encoder.layers.1.dynamic_layers.3.bias - torch.Size([1]): 
The value is the same before and after calling `init_weights` of BEVSegmentor  

temporal_encoder.layers.1.offset_layers.0.weight - torch.Size([128, 131]): 
The value is the same before and after calling `init_weights` of BEVSegmentor  

temporal_encoder.layers.1.offset_layers.0.bias - torch.Size([128]): 
The value is the same before and after calling `init_weights` of BEVSegmentor  

temporal_encoder.layers.1.offset_layers.2.weight - torch.Size([128]): 
The value is the same before and after calling `init_weights` of BEVSegmentor  

temporal_encoder.layers.1.offset_layers.2.bias - torch.Size([128]): 
The value is the same before and after calling `init_weights` of BEVSegmentor  

temporal_encoder.layers.1.offset_layers.3.weight - torch.Size([2, 128]): 
The value is the same before and after calling `init_weights` of BEVSegmentor  

temporal_encoder.layers.1.offset_layers.3.bias - torch.Size([2]): 
The value is the same before and after calling `init_weights` of BEVSegmentor  

temporal_encoder.layers.2.layers.0.weight - torch.Size([128, 5, 5, 5, 5, 128]): 
Initialized by user-defined `init_weights` in GaussianTemporalEncoder  

temporal_encoder.layers.2.layers.1.weight - torch.Size([128]): 
The value is the same before and after calling `init_weights` of BEVSegmentor  

temporal_encoder.layers.2.layers.1.bias - torch.Size([128]): 
The value is the same before and after calling `init_weights` of BEVSegmentor  

temporal_encoder.layers.2.layers.3.weight - torch.Size([128, 5, 5, 5, 5, 128]): 
Initialized by user-defined `init_weights` in GaussianTemporalEncoder  

temporal_encoder.layers.2.layers.4.weight - torch.Size([128]): 
The value is the same before and after calling `init_weights` of BEVSegmentor  

temporal_encoder.layers.2.layers.4.bias - torch.Size([128]): 
The value is the same before and after calling `init_weights` of BEVSegmentor  

temporal_encoder.layers.2.layers.6.weight - torch.Size([128, 5, 5, 5, 5, 128]): 
Initialized by user-defined `init_weights` in GaussianTemporalEncoder  

temporal_encoder.layers.2.layers.7.weight - torch.Size([128]): 
The value is the same before and after calling `init_weights` of BEVSegmentor  

temporal_encoder.layers.2.layers.7.bias - torch.Size([128]): 
The value is the same before and after calling `init_weights` of BEVSegmentor  

temporal_encoder.layers.2.output_proj.weight - torch.Size([128, 128]): 
Initialized by user-defined `init_weights` in GaussianTemporalEncoder  

temporal_encoder.layers.2.output_proj.bias - torch.Size([128]): 
The value is the same before and after calling `init_weights` of BEVSegmentor  

temporal_encoder.layers.3.layers.0.weight - torch.Size([128, 128]): 
The value is the same before and after calling `init_weights` of BEVSegmentor  

temporal_encoder.layers.3.layers.0.bias - torch.Size([128]): 
The value is the same before and after calling `init_weights` of BEVSegmentor  

temporal_encoder.layers.3.layers.2.weight - torch.Size([128, 128]): 
The value is the same before and after calling `init_weights` of BEVSegmentor  

temporal_encoder.layers.3.layers.2.bias - torch.Size([128]): 
The value is the same before and after calling `init_weights` of BEVSegmentor  

temporal_encoder.layers.3.layers.4.weight - torch.Size([128]): 
The value is the same before and after calling `init_weights` of BEVSegmentor  

temporal_encoder.layers.3.layers.4.bias - torch.Size([128]): 
The value is the same before and after calling `init_weights` of BEVSegmentor  

temporal_encoder.layers.3.layers.5.weight - torch.Size([128, 128]): 
The value is the same before and after calling `init_weights` of BEVSegmentor  

temporal_encoder.layers.3.layers.5.bias - torch.Size([128]): 
The value is the same before and after calling `init_weights` of BEVSegmentor  

temporal_encoder.layers.3.layers.7.weight - torch.Size([128, 128]): 
The value is the same before and after calling `init_weights` of BEVSegmentor  

temporal_encoder.layers.3.layers.7.bias - torch.Size([128]): 
The value is the same before and after calling `init_weights` of BEVSegmentor  

temporal_encoder.layers.3.layers.9.weight - torch.Size([128]): 
The value is the same before and after calling `init_weights` of BEVSegmentor  

temporal_encoder.layers.3.layers.9.bias - torch.Size([128]): 
The value is the same before and after calling `init_weights` of BEVSegmentor  

temporal_encoder.layers.3.layers.10.weight - torch.Size([40, 128]): 
The value is the same before and after calling `init_weights` of BEVSegmentor  

temporal_encoder.layers.3.layers.10.bias - torch.Size([40]): 
The value is the same before and after calling `init_weights` of BEVSegmentor  

temporal_encoder.layers.3.layers.11.scale - torch.Size([40]): 
The value is the same before and after calling `init_weights` of BEVSegmentor  

temporal_encoder.layers.3.dynamic_layers.0.weight - torch.Size([128, 128]): 
The value is the same before and after calling `init_weights` of BEVSegmentor  

temporal_encoder.layers.3.dynamic_layers.0.bias - torch.Size([128]): 
The value is the same before and after calling `init_weights` of BEVSegmentor  

temporal_encoder.layers.3.dynamic_layers.2.weight - torch.Size([128]): 
The value is the same before and after calling `init_weights` of BEVSegmentor  

temporal_encoder.layers.3.dynamic_layers.2.bias - torch.Size([128]): 
The value is the same before and after calling `init_weights` of BEVSegmentor  

temporal_encoder.layers.3.dynamic_layers.3.weight - torch.Size([1, 128]): 
The value is the same before and after calling `init_weights` of BEVSegmentor  

temporal_encoder.layers.3.dynamic_layers.3.bias - torch.Size([1]): 
The value is the same before and after calling `init_weights` of BEVSegmentor  

temporal_encoder.layers.3.offset_layers.0.weight - torch.Size([128, 131]): 
The value is the same before and after calling `init_weights` of BEVSegmentor  

temporal_encoder.layers.3.offset_layers.0.bias - torch.Size([128]): 
The value is the same before and after calling `init_weights` of BEVSegmentor  

temporal_encoder.layers.3.offset_layers.2.weight - torch.Size([128]): 
The value is the same before and after calling `init_weights` of BEVSegmentor  

temporal_encoder.layers.3.offset_layers.2.bias - torch.Size([128]): 
The value is the same before and after calling `init_weights` of BEVSegmentor  

temporal_encoder.layers.3.offset_layers.3.weight - torch.Size([2, 128]): 
The value is the same before and after calling `init_weights` of BEVSegmentor  

temporal_encoder.layers.3.offset_layers.3.bias - torch.Size([2]): 
The value is the same before and after calling `init_weights` of BEVSegmentor  

temporal_encoder.layers.4.layers.0.weight - torch.Size([128, 5, 5, 5, 5, 128]): 
Initialized by user-defined `init_weights` in GaussianTemporalEncoder  

temporal_encoder.layers.4.layers.1.weight - torch.Size([128]): 
The value is the same before and after calling `init_weights` of BEVSegmentor  

temporal_encoder.layers.4.layers.1.bias - torch.Size([128]): 
The value is the same before and after calling `init_weights` of BEVSegmentor  

temporal_encoder.layers.4.layers.3.weight - torch.Size([128, 5, 5, 5, 5, 128]): 
Initialized by user-defined `init_weights` in GaussianTemporalEncoder  

temporal_encoder.layers.4.layers.4.weight - torch.Size([128]): 
The value is the same before and after calling `init_weights` of BEVSegmentor  

temporal_encoder.layers.4.layers.4.bias - torch.Size([128]): 
The value is the same before and after calling `init_weights` of BEVSegmentor  

temporal_encoder.layers.4.layers.6.weight - torch.Size([128, 5, 5, 5, 5, 128]): 
Initialized by user-defined `init_weights` in GaussianTemporalEncoder  

temporal_encoder.layers.4.layers.7.weight - torch.Size([128]): 
The value is the same before and after calling `init_weights` of BEVSegmentor  

temporal_encoder.layers.4.layers.7.bias - torch.Size([128]): 
The value is the same before and after calling `init_weights` of BEVSegmentor  

temporal_encoder.layers.4.output_proj.weight - torch.Size([128, 128]): 
Initialized by user-defined `init_weights` in GaussianTemporalEncoder  

temporal_encoder.layers.4.output_proj.bias - torch.Size([128]): 
The value is the same before and after calling `init_weights` of BEVSegmentor  

temporal_encoder.layers.5.layers.0.weight - torch.Size([128, 128]): 
The value is the same before and after calling `init_weights` of BEVSegmentor  

temporal_encoder.layers.5.layers.0.bias - torch.Size([128]): 
The value is the same before and after calling `init_weights` of BEVSegmentor  

temporal_encoder.layers.5.layers.2.weight - torch.Size([128, 128]): 
The value is the same before and after calling `init_weights` of BEVSegmentor  

temporal_encoder.layers.5.layers.2.bias - torch.Size([128]): 
The value is the same before and after calling `init_weights` of BEVSegmentor  

temporal_encoder.layers.5.layers.4.weight - torch.Size([128]): 
The value is the same before and after calling `init_weights` of BEVSegmentor  

temporal_encoder.layers.5.layers.4.bias - torch.Size([128]): 
The value is the same before and after calling `init_weights` of BEVSegmentor  

temporal_encoder.layers.5.layers.5.weight - torch.Size([128, 128]): 
The value is the same before and after calling `init_weights` of BEVSegmentor  

temporal_encoder.layers.5.layers.5.bias - torch.Size([128]): 
The value is the same before and after calling `init_weights` of BEVSegmentor  

temporal_encoder.layers.5.layers.7.weight - torch.Size([128, 128]): 
The value is the same before and after calling `init_weights` of BEVSegmentor  

temporal_encoder.layers.5.layers.7.bias - torch.Size([128]): 
The value is the same before and after calling `init_weights` of BEVSegmentor  

temporal_encoder.layers.5.layers.9.weight - torch.Size([128]): 
The value is the same before and after calling `init_weights` of BEVSegmentor  

temporal_encoder.layers.5.layers.9.bias - torch.Size([128]): 
The value is the same before and after calling `init_weights` of BEVSegmentor  

temporal_encoder.layers.5.layers.10.weight - torch.Size([40, 128]): 
The value is the same before and after calling `init_weights` of BEVSegmentor  

temporal_encoder.layers.5.layers.10.bias - torch.Size([40]): 
The value is the same before and after calling `init_weights` of BEVSegmentor  

temporal_encoder.layers.5.layers.11.scale - torch.Size([40]): 
The value is the same before and after calling `init_weights` of BEVSegmentor  

temporal_encoder.layers.5.dynamic_layers.0.weight - torch.Size([128, 128]): 
The value is the same before and after calling `init_weights` of BEVSegmentor  

temporal_encoder.layers.5.dynamic_layers.0.bias - torch.Size([128]): 
The value is the same before and after calling `init_weights` of BEVSegmentor  

temporal_encoder.layers.5.dynamic_layers.2.weight - torch.Size([128]): 
The value is the same before and after calling `init_weights` of BEVSegmentor  

temporal_encoder.layers.5.dynamic_layers.2.bias - torch.Size([128]): 
The value is the same before and after calling `init_weights` of BEVSegmentor  

temporal_encoder.layers.5.dynamic_layers.3.weight - torch.Size([1, 128]): 
The value is the same before and after calling `init_weights` of BEVSegmentor  

temporal_encoder.layers.5.dynamic_layers.3.bias - torch.Size([1]): 
The value is the same before and after calling `init_weights` of BEVSegmentor  

temporal_encoder.layers.5.offset_layers.0.weight - torch.Size([128, 131]): 
The value is the same before and after calling `init_weights` of BEVSegmentor  

temporal_encoder.layers.5.offset_layers.0.bias - torch.Size([128]): 
The value is the same before and after calling `init_weights` of BEVSegmentor  

temporal_encoder.layers.5.offset_layers.2.weight - torch.Size([128]): 
The value is the same before and after calling `init_weights` of BEVSegmentor  

temporal_encoder.layers.5.offset_layers.2.bias - torch.Size([128]): 
The value is the same before and after calling `init_weights` of BEVSegmentor  

temporal_encoder.layers.5.offset_layers.3.weight - torch.Size([2, 128]): 
The value is the same before and after calling `init_weights` of BEVSegmentor  

temporal_encoder.layers.5.offset_layers.3.bias - torch.Size([2]): 
The value is the same before and after calling `init_weights` of BEVSegmentor  

head.empty_scalar - torch.Size([1]): 
The value is the same before and after calling `init_weights` of BEVSegmentor  

decoder.backbone_3d.conv_input.0.weight - torch.Size([16, 3, 3, 3, 28]): 
The value is the same before and after calling `init_weights` of BEVSegmentor  

decoder.backbone_3d.conv_input.1.weight - torch.Size([16]): 
The value is the same before and after calling `init_weights` of BEVSegmentor  

decoder.backbone_3d.conv_input.1.bias - torch.Size([16]): 
The value is the same before and after calling `init_weights` of BEVSegmentor  

decoder.backbone_3d.conv1.0.conv1.weight - torch.Size([16, 3, 3, 3, 16]): 
The value is the same before and after calling `init_weights` of BEVSegmentor  

decoder.backbone_3d.conv1.0.conv1.bias - torch.Size([16]): 
The value is the same before and after calling `init_weights` of BEVSegmentor  

decoder.backbone_3d.conv1.0.bn1.weight - torch.Size([16]): 
The value is the same before and after calling `init_weights` of BEVSegmentor  

decoder.backbone_3d.conv1.0.bn1.bias - torch.Size([16]): 
The value is the same before and after calling `init_weights` of BEVSegmentor  

decoder.backbone_3d.conv1.0.conv2.weight - torch.Size([16, 3, 3, 3, 16]): 
The value is the same before and after calling `init_weights` of BEVSegmentor  

decoder.backbone_3d.conv1.0.conv2.bias - torch.Size([16]): 
The value is the same before and after calling `init_weights` of BEVSegmentor  

decoder.backbone_3d.conv1.0.bn2.weight - torch.Size([16]): 
The value is the same before and after calling `init_weights` of BEVSegmentor  

decoder.backbone_3d.conv1.0.bn2.bias - torch.Size([16]): 
The value is the same before and after calling `init_weights` of BEVSegmentor  

decoder.backbone_3d.conv1.1.conv1.weight - torch.Size([16, 3, 3, 3, 16]): 
The value is the same before and after calling `init_weights` of BEVSegmentor  

decoder.backbone_3d.conv1.1.conv1.bias - torch.Size([16]): 
The value is the same before and after calling `init_weights` of BEVSegmentor  

decoder.backbone_3d.conv1.1.bn1.weight - torch.Size([16]): 
The value is the same before and after calling `init_weights` of BEVSegmentor  

decoder.backbone_3d.conv1.1.bn1.bias - torch.Size([16]): 
The value is the same before and after calling `init_weights` of BEVSegmentor  

decoder.backbone_3d.conv1.1.conv2.weight - torch.Size([16, 3, 3, 3, 16]): 
The value is the same before and after calling `init_weights` of BEVSegmentor  

decoder.backbone_3d.conv1.1.conv2.bias - torch.Size([16]): 
The value is the same before and after calling `init_weights` of BEVSegmentor  

decoder.backbone_3d.conv1.1.bn2.weight - torch.Size([16]): 
The value is the same before and after calling `init_weights` of BEVSegmentor  

decoder.backbone_3d.conv1.1.bn2.bias - torch.Size([16]): 
The value is the same before and after calling `init_weights` of BEVSegmentor  

decoder.backbone_3d.conv2.0.0.weight - torch.Size([32, 3, 3, 3, 16]): 
The value is the same before and after calling `init_weights` of BEVSegmentor  

decoder.backbone_3d.conv2.0.1.weight - torch.Size([32]): 
The value is the same before and after calling `init_weights` of BEVSegmentor  

decoder.backbone_3d.conv2.0.1.bias - torch.Size([32]): 
The value is the same before and after calling `init_weights` of BEVSegmentor  

decoder.backbone_3d.conv2.1.conv1.weight - torch.Size([32, 3, 3, 3, 32]): 
The value is the same before and after calling `init_weights` of BEVSegmentor  

decoder.backbone_3d.conv2.1.conv1.bias - torch.Size([32]): 
The value is the same before and after calling `init_weights` of BEVSegmentor  

decoder.backbone_3d.conv2.1.bn1.weight - torch.Size([32]): 
The value is the same before and after calling `init_weights` of BEVSegmentor  

decoder.backbone_3d.conv2.1.bn1.bias - torch.Size([32]): 
The value is the same before and after calling `init_weights` of BEVSegmentor  

decoder.backbone_3d.conv2.1.conv2.weight - torch.Size([32, 3, 3, 3, 32]): 
The value is the same before and after calling `init_weights` of BEVSegmentor  

decoder.backbone_3d.conv2.1.conv2.bias - torch.Size([32]): 
The value is the same before and after calling `init_weights` of BEVSegmentor  

decoder.backbone_3d.conv2.1.bn2.weight - torch.Size([32]): 
The value is the same before and after calling `init_weights` of BEVSegmentor  

decoder.backbone_3d.conv2.1.bn2.bias - torch.Size([32]): 
The value is the same before and after calling `init_weights` of BEVSegmentor  

decoder.backbone_3d.conv2.2.conv1.weight - torch.Size([32, 3, 3, 3, 32]): 
The value is the same before and after calling `init_weights` of BEVSegmentor  

decoder.backbone_3d.conv2.2.conv1.bias - torch.Size([32]): 
The value is the same before and after calling `init_weights` of BEVSegmentor  

decoder.backbone_3d.conv2.2.bn1.weight - torch.Size([32]): 
The value is the same before and after calling `init_weights` of BEVSegmentor  

decoder.backbone_3d.conv2.2.bn1.bias - torch.Size([32]): 
The value is the same before and after calling `init_weights` of BEVSegmentor  

decoder.backbone_3d.conv2.2.conv2.weight - torch.Size([32, 3, 3, 3, 32]): 
The value is the same before and after calling `init_weights` of BEVSegmentor  

decoder.backbone_3d.conv2.2.conv2.bias - torch.Size([32]): 
The value is the same before and after calling `init_weights` of BEVSegmentor  

decoder.backbone_3d.conv2.2.bn2.weight - torch.Size([32]): 
The value is the same before and after calling `init_weights` of BEVSegmentor  

decoder.backbone_3d.conv2.2.bn2.bias - torch.Size([32]): 
The value is the same before and after calling `init_weights` of BEVSegmentor  

decoder.backbone_3d.conv3.0.0.weight - torch.Size([64, 3, 3, 3, 32]): 
The value is the same before and after calling `init_weights` of BEVSegmentor  

decoder.backbone_3d.conv3.0.1.weight - torch.Size([64]): 
The value is the same before and after calling `init_weights` of BEVSegmentor  

decoder.backbone_3d.conv3.0.1.bias - torch.Size([64]): 
The value is the same before and after calling `init_weights` of BEVSegmentor  

decoder.backbone_3d.conv3.1.conv1.weight - torch.Size([64, 3, 3, 3, 64]): 
The value is the same before and after calling `init_weights` of BEVSegmentor  

decoder.backbone_3d.conv3.1.conv1.bias - torch.Size([64]): 
The value is the same before and after calling `init_weights` of BEVSegmentor  

decoder.backbone_3d.conv3.1.bn1.weight - torch.Size([64]): 
The value is the same before and after calling `init_weights` of BEVSegmentor  

decoder.backbone_3d.conv3.1.bn1.bias - torch.Size([64]): 
The value is the same before and after calling `init_weights` of BEVSegmentor  

decoder.backbone_3d.conv3.1.conv2.weight - torch.Size([64, 3, 3, 3, 64]): 
The value is the same before and after calling `init_weights` of BEVSegmentor  

decoder.backbone_3d.conv3.1.conv2.bias - torch.Size([64]): 
The value is the same before and after calling `init_weights` of BEVSegmentor  

decoder.backbone_3d.conv3.1.bn2.weight - torch.Size([64]): 
The value is the same before and after calling `init_weights` of BEVSegmentor  

decoder.backbone_3d.conv3.1.bn2.bias - torch.Size([64]): 
The value is the same before and after calling `init_weights` of BEVSegmentor  

decoder.backbone_3d.conv3.2.conv1.weight - torch.Size([64, 3, 3, 3, 64]): 
The value is the same before and after calling `init_weights` of BEVSegmentor  

decoder.backbone_3d.conv3.2.conv1.bias - torch.Size([64]): 
The value is the same before and after calling `init_weights` of BEVSegmentor  

decoder.backbone_3d.conv3.2.bn1.weight - torch.Size([64]): 
The value is the same before and after calling `init_weights` of BEVSegmentor  

decoder.backbone_3d.conv3.2.bn1.bias - torch.Size([64]): 
The value is the same before and after calling `init_weights` of BEVSegmentor  

decoder.backbone_3d.conv3.2.conv2.weight - torch.Size([64, 3, 3, 3, 64]): 
The value is the same before and after calling `init_weights` of BEVSegmentor  

decoder.backbone_3d.conv3.2.conv2.bias - torch.Size([64]): 
The value is the same before and after calling `init_weights` of BEVSegmentor  

decoder.backbone_3d.conv3.2.bn2.weight - torch.Size([64]): 
The value is the same before and after calling `init_weights` of BEVSegmentor  

decoder.backbone_3d.conv3.2.bn2.bias - torch.Size([64]): 
The value is the same before and after calling `init_weights` of BEVSegmentor  

decoder.backbone_3d.conv4.0.0.weight - torch.Size([128, 3, 3, 3, 64]): 
The value is the same before and after calling `init_weights` of BEVSegmentor  

decoder.backbone_3d.conv4.0.1.weight - torch.Size([128]): 
The value is the same before and after calling `init_weights` of BEVSegmentor  

decoder.backbone_3d.conv4.0.1.bias - torch.Size([128]): 
The value is the same before and after calling `init_weights` of BEVSegmentor  

decoder.backbone_3d.conv4.1.conv1.weight - torch.Size([128, 3, 3, 3, 128]): 
The value is the same before and after calling `init_weights` of BEVSegmentor  

decoder.backbone_3d.conv4.1.conv1.bias - torch.Size([128]): 
The value is the same before and after calling `init_weights` of BEVSegmentor  

decoder.backbone_3d.conv4.1.bn1.weight - torch.Size([128]): 
The value is the same before and after calling `init_weights` of BEVSegmentor  

decoder.backbone_3d.conv4.1.bn1.bias - torch.Size([128]): 
The value is the same before and after calling `init_weights` of BEVSegmentor  

decoder.backbone_3d.conv4.1.conv2.weight - torch.Size([128, 3, 3, 3, 128]): 
The value is the same before and after calling `init_weights` of BEVSegmentor  

decoder.backbone_3d.conv4.1.conv2.bias - torch.Size([128]): 
The value is the same before and after calling `init_weights` of BEVSegmentor  

decoder.backbone_3d.conv4.1.bn2.weight - torch.Size([128]): 
The value is the same before and after calling `init_weights` of BEVSegmentor  

decoder.backbone_3d.conv4.1.bn2.bias - torch.Size([128]): 
The value is the same before and after calling `init_weights` of BEVSegmentor  

decoder.backbone_3d.conv4.2.conv1.weight - torch.Size([128, 3, 3, 3, 128]): 
The value is the same before and after calling `init_weights` of BEVSegmentor  

decoder.backbone_3d.conv4.2.conv1.bias - torch.Size([128]): 
The value is the same before and after calling `init_weights` of BEVSegmentor  

decoder.backbone_3d.conv4.2.bn1.weight - torch.Size([128]): 
The value is the same before and after calling `init_weights` of BEVSegmentor  

decoder.backbone_3d.conv4.2.bn1.bias - torch.Size([128]): 
The value is the same before and after calling `init_weights` of BEVSegmentor  

decoder.backbone_3d.conv4.2.conv2.weight - torch.Size([128, 3, 3, 3, 128]): 
The value is the same before and after calling `init_weights` of BEVSegmentor  

decoder.backbone_3d.conv4.2.conv2.bias - torch.Size([128]): 
The value is the same before and after calling `init_weights` of BEVSegmentor  

decoder.backbone_3d.conv4.2.bn2.weight - torch.Size([128]): 
The value is the same before and after calling `init_weights` of BEVSegmentor  

decoder.backbone_3d.conv4.2.bn2.bias - torch.Size([128]): 
The value is the same before and after calling `init_weights` of BEVSegmentor  

decoder.backbone_3d.conv5.0.0.weight - torch.Size([128, 3, 3, 3, 128]): 
The value is the same before and after calling `init_weights` of BEVSegmentor  

decoder.backbone_3d.conv5.0.1.weight - torch.Size([128]): 
The value is the same before and after calling `init_weights` of BEVSegmentor  

decoder.backbone_3d.conv5.0.1.bias - torch.Size([128]): 
The value is the same before and after calling `init_weights` of BEVSegmentor  

decoder.backbone_3d.conv5.1.conv1.weight - torch.Size([128, 3, 3, 3, 128]): 
The value is the same before and after calling `init_weights` of BEVSegmentor  

decoder.backbone_3d.conv5.1.conv1.bias - torch.Size([128]): 
The value is the same before and after calling `init_weights` of BEVSegmentor  

decoder.backbone_3d.conv5.1.bn1.weight - torch.Size([128]): 
The value is the same before and after calling `init_weights` of BEVSegmentor  

decoder.backbone_3d.conv5.1.bn1.bias - torch.Size([128]): 
The value is the same before and after calling `init_weights` of BEVSegmentor  

decoder.backbone_3d.conv5.1.conv2.weight - torch.Size([128, 3, 3, 3, 128]): 
The value is the same before and after calling `init_weights` of BEVSegmentor  

decoder.backbone_3d.conv5.1.conv2.bias - torch.Size([128]): 
The value is the same before and after calling `init_weights` of BEVSegmentor  

decoder.backbone_3d.conv5.1.bn2.weight - torch.Size([128]): 
The value is the same before and after calling `init_weights` of BEVSegmentor  

decoder.backbone_3d.conv5.1.bn2.bias - torch.Size([128]): 
The value is the same before and after calling `init_weights` of BEVSegmentor  

decoder.backbone_3d.conv5.2.conv1.weight - torch.Size([128, 3, 3, 3, 128]): 
The value is the same before and after calling `init_weights` of BEVSegmentor  

decoder.backbone_3d.conv5.2.conv1.bias - torch.Size([128]): 
The value is the same before and after calling `init_weights` of BEVSegmentor  

decoder.backbone_3d.conv5.2.bn1.weight - torch.Size([128]): 
The value is the same before and after calling `init_weights` of BEVSegmentor  

decoder.backbone_3d.conv5.2.bn1.bias - torch.Size([128]): 
The value is the same before and after calling `init_weights` of BEVSegmentor  

decoder.backbone_3d.conv5.2.conv2.weight - torch.Size([128, 3, 3, 3, 128]): 
The value is the same before and after calling `init_weights` of BEVSegmentor  

decoder.backbone_3d.conv5.2.conv2.bias - torch.Size([128]): 
The value is the same before and after calling `init_weights` of BEVSegmentor  

decoder.backbone_3d.conv5.2.bn2.weight - torch.Size([128]): 
The value is the same before and after calling `init_weights` of BEVSegmentor  

decoder.backbone_3d.conv5.2.bn2.bias - torch.Size([128]): 
The value is the same before and after calling `init_weights` of BEVSegmentor  

decoder.backbone_3d.conv6.0.0.weight - torch.Size([128, 3, 3, 3, 128]): 
The value is the same before and after calling `init_weights` of BEVSegmentor  

decoder.backbone_3d.conv6.0.1.weight - torch.Size([128]): 
The value is the same before and after calling `init_weights` of BEVSegmentor  

decoder.backbone_3d.conv6.0.1.bias - torch.Size([128]): 
The value is the same before and after calling `init_weights` of BEVSegmentor  

decoder.backbone_3d.conv6.1.conv1.weight - torch.Size([128, 3, 3, 3, 128]): 
The value is the same before and after calling `init_weights` of BEVSegmentor  

decoder.backbone_3d.conv6.1.conv1.bias - torch.Size([128]): 
The value is the same before and after calling `init_weights` of BEVSegmentor  

decoder.backbone_3d.conv6.1.bn1.weight - torch.Size([128]): 
The value is the same before and after calling `init_weights` of BEVSegmentor  

decoder.backbone_3d.conv6.1.bn1.bias - torch.Size([128]): 
The value is the same before and after calling `init_weights` of BEVSegmentor  

decoder.backbone_3d.conv6.1.conv2.weight - torch.Size([128, 3, 3, 3, 128]): 
The value is the same before and after calling `init_weights` of BEVSegmentor  

decoder.backbone_3d.conv6.1.conv2.bias - torch.Size([128]): 
The value is the same before and after calling `init_weights` of BEVSegmentor  

decoder.backbone_3d.conv6.1.bn2.weight - torch.Size([128]): 
The value is the same before and after calling `init_weights` of BEVSegmentor  

decoder.backbone_3d.conv6.1.bn2.bias - torch.Size([128]): 
The value is the same before and after calling `init_weights` of BEVSegmentor  

decoder.backbone_3d.conv6.2.conv1.weight - torch.Size([128, 3, 3, 3, 128]): 
The value is the same before and after calling `init_weights` of BEVSegmentor  

decoder.backbone_3d.conv6.2.conv1.bias - torch.Size([128]): 
The value is the same before and after calling `init_weights` of BEVSegmentor  

decoder.backbone_3d.conv6.2.bn1.weight - torch.Size([128]): 
The value is the same before and after calling `init_weights` of BEVSegmentor  

decoder.backbone_3d.conv6.2.bn1.bias - torch.Size([128]): 
The value is the same before and after calling `init_weights` of BEVSegmentor  

decoder.backbone_3d.conv6.2.conv2.weight - torch.Size([128, 3, 3, 3, 128]): 
The value is the same before and after calling `init_weights` of BEVSegmentor  

decoder.backbone_3d.conv6.2.conv2.bias - torch.Size([128]): 
The value is the same before and after calling `init_weights` of BEVSegmentor  

decoder.backbone_3d.conv6.2.bn2.weight - torch.Size([128]): 
The value is the same before and after calling `init_weights` of BEVSegmentor  

decoder.backbone_3d.conv6.2.bn2.bias - torch.Size([128]): 
The value is the same before and after calling `init_weights` of BEVSegmentor  

decoder.backbone_3d.conv_out.0.weight - torch.Size([128, 3, 3, 128]): 
The value is the same before and after calling `init_weights` of BEVSegmentor  

decoder.backbone_3d.conv_out.1.weight - torch.Size([128]): 
The value is the same before and after calling `init_weights` of BEVSegmentor  

decoder.backbone_3d.conv_out.1.bias - torch.Size([128]): 
The value is the same before and after calling `init_weights` of BEVSegmentor  

decoder.backbone_3d.shared_conv.0.weight - torch.Size([128, 3, 3, 128]): 
The value is the same before and after calling `init_weights` of BEVSegmentor  

decoder.backbone_3d.shared_conv.0.bias - torch.Size([128]): 
The value is the same before and after calling `init_weights` of BEVSegmentor  

decoder.backbone_3d.shared_conv.1.weight - torch.Size([128]): 
The value is the same before and after calling `init_weights` of BEVSegmentor  

decoder.backbone_3d.shared_conv.1.bias - torch.Size([128]): 
The value is the same before and after calling `init_weights` of BEVSegmentor  

decoder.dense_head.heads_list.0.center.0.0.weight - torch.Size([128, 1, 1, 128]): 
The value is the same before and after calling `init_weights` of BEVSegmentor  

decoder.dense_head.heads_list.0.center.0.0.bias - torch.Size([128]): 
The value is the same before and after calling `init_weights` of BEVSegmentor  

decoder.dense_head.heads_list.0.center.0.1.weight - torch.Size([128]): 
The value is the same before and after calling `init_weights` of BEVSegmentor  

decoder.dense_head.heads_list.0.center.0.1.bias - torch.Size([128]): 
The value is the same before and after calling `init_weights` of BEVSegmentor  

decoder.dense_head.heads_list.0.center.1.weight - torch.Size([2, 1, 1, 128]): 
The value is the same before and after calling `init_weights` of BEVSegmentor  

decoder.dense_head.heads_list.0.center.1.bias - torch.Size([2]): 
The value is the same before and after calling `init_weights` of BEVSegmentor  

decoder.dense_head.heads_list.0.center_z.0.0.weight - torch.Size([128, 1, 1, 128]): 
The value is the same before and after calling `init_weights` of BEVSegmentor  

decoder.dense_head.heads_list.0.center_z.0.0.bias - torch.Size([128]): 
The value is the same before and after calling `init_weights` of BEVSegmentor  

decoder.dense_head.heads_list.0.center_z.0.1.weight - torch.Size([128]): 
The value is the same before and after calling `init_weights` of BEVSegmentor  

decoder.dense_head.heads_list.0.center_z.0.1.bias - torch.Size([128]): 
The value is the same before and after calling `init_weights` of BEVSegmentor  

decoder.dense_head.heads_list.0.center_z.1.weight - torch.Size([1, 1, 1, 128]): 
The value is the same before and after calling `init_weights` of BEVSegmentor  

decoder.dense_head.heads_list.0.center_z.1.bias - torch.Size([1]): 
The value is the same before and after calling `init_weights` of BEVSegmentor  

decoder.dense_head.heads_list.0.dim.0.0.weight - torch.Size([128, 1, 1, 128]): 
The value is the same before and after calling `init_weights` of BEVSegmentor  

decoder.dense_head.heads_list.0.dim.0.0.bias - torch.Size([128]): 
The value is the same before and after calling `init_weights` of BEVSegmentor  

decoder.dense_head.heads_list.0.dim.0.1.weight - torch.Size([128]): 
The value is the same before and after calling `init_weights` of BEVSegmentor  

decoder.dense_head.heads_list.0.dim.0.1.bias - torch.Size([128]): 
The value is the same before and after calling `init_weights` of BEVSegmentor  

decoder.dense_head.heads_list.0.dim.1.weight - torch.Size([3, 1, 1, 128]): 
The value is the same before and after calling `init_weights` of BEVSegmentor  

decoder.dense_head.heads_list.0.dim.1.bias - torch.Size([3]): 
The value is the same before and after calling `init_weights` of BEVSegmentor  

decoder.dense_head.heads_list.0.rot.0.0.weight - torch.Size([128, 1, 1, 128]): 
The value is the same before and after calling `init_weights` of BEVSegmentor  

decoder.dense_head.heads_list.0.rot.0.0.bias - torch.Size([128]): 
The value is the same before and after calling `init_weights` of BEVSegmentor  

decoder.dense_head.heads_list.0.rot.0.1.weight - torch.Size([128]): 
The value is the same before and after calling `init_weights` of BEVSegmentor  

decoder.dense_head.heads_list.0.rot.0.1.bias - torch.Size([128]): 
The value is the same before and after calling `init_weights` of BEVSegmentor  

decoder.dense_head.heads_list.0.rot.1.weight - torch.Size([2, 1, 1, 128]): 
The value is the same before and after calling `init_weights` of BEVSegmentor  

decoder.dense_head.heads_list.0.rot.1.bias - torch.Size([2]): 
The value is the same before and after calling `init_weights` of BEVSegmentor  

decoder.dense_head.heads_list.0.vel.0.0.weight - torch.Size([128, 1, 1, 128]): 
The value is the same before and after calling `init_weights` of BEVSegmentor  

decoder.dense_head.heads_list.0.vel.0.0.bias - torch.Size([128]): 
The value is the same before and after calling `init_weights` of BEVSegmentor  

decoder.dense_head.heads_list.0.vel.0.1.weight - torch.Size([128]): 
The value is the same before and after calling `init_weights` of BEVSegmentor  

decoder.dense_head.heads_list.0.vel.0.1.bias - torch.Size([128]): 
The value is the same before and after calling `init_weights` of BEVSegmentor  

decoder.dense_head.heads_list.0.vel.1.weight - torch.Size([2, 1, 1, 128]): 
The value is the same before and after calling `init_weights` of BEVSegmentor  

decoder.dense_head.heads_list.0.vel.1.bias - torch.Size([2]): 
The value is the same before and after calling `init_weights` of BEVSegmentor  

decoder.dense_head.heads_list.0.hm.0.0.weight - torch.Size([128, 1, 1, 128]): 
The value is the same before and after calling `init_weights` of BEVSegmentor  

decoder.dense_head.heads_list.0.hm.0.0.bias - torch.Size([128]): 
The value is the same before and after calling `init_weights` of BEVSegmentor  

decoder.dense_head.heads_list.0.hm.0.1.weight - torch.Size([128]): 
The value is the same before and after calling `init_weights` of BEVSegmentor  

decoder.dense_head.heads_list.0.hm.0.1.bias - torch.Size([128]): 
The value is the same before and after calling `init_weights` of BEVSegmentor  

decoder.dense_head.heads_list.0.hm.1.weight - torch.Size([1, 1, 1, 128]): 
The value is the same before and after calling `init_weights` of BEVSegmentor  

decoder.dense_head.heads_list.0.hm.1.bias - torch.Size([1]): 
The value is the same before and after calling `init_weights` of BEVSegmentor  

decoder.dense_head.heads_list.1.center.0.0.weight - torch.Size([128, 1, 1, 128]): 
The value is the same before and after calling `init_weights` of BEVSegmentor  

decoder.dense_head.heads_list.1.center.0.0.bias - torch.Size([128]): 
The value is the same before and after calling `init_weights` of BEVSegmentor  

decoder.dense_head.heads_list.1.center.0.1.weight - torch.Size([128]): 
The value is the same before and after calling `init_weights` of BEVSegmentor  

decoder.dense_head.heads_list.1.center.0.1.bias - torch.Size([128]): 
The value is the same before and after calling `init_weights` of BEVSegmentor  

decoder.dense_head.heads_list.1.center.1.weight - torch.Size([2, 1, 1, 128]): 
The value is the same before and after calling `init_weights` of BEVSegmentor  

decoder.dense_head.heads_list.1.center.1.bias - torch.Size([2]): 
The value is the same before and after calling `init_weights` of BEVSegmentor  

decoder.dense_head.heads_list.1.center_z.0.0.weight - torch.Size([128, 1, 1, 128]): 
The value is the same before and after calling `init_weights` of BEVSegmentor  

decoder.dense_head.heads_list.1.center_z.0.0.bias - torch.Size([128]): 
The value is the same before and after calling `init_weights` of BEVSegmentor  

decoder.dense_head.heads_list.1.center_z.0.1.weight - torch.Size([128]): 
The value is the same before and after calling `init_weights` of BEVSegmentor  

decoder.dense_head.heads_list.1.center_z.0.1.bias - torch.Size([128]): 
The value is the same before and after calling `init_weights` of BEVSegmentor  

decoder.dense_head.heads_list.1.center_z.1.weight - torch.Size([1, 1, 1, 128]): 
The value is the same before and after calling `init_weights` of BEVSegmentor  

decoder.dense_head.heads_list.1.center_z.1.bias - torch.Size([1]): 
The value is the same before and after calling `init_weights` of BEVSegmentor  

decoder.dense_head.heads_list.1.dim.0.0.weight - torch.Size([128, 1, 1, 128]): 
The value is the same before and after calling `init_weights` of BEVSegmentor  

decoder.dense_head.heads_list.1.dim.0.0.bias - torch.Size([128]): 
The value is the same before and after calling `init_weights` of BEVSegmentor  

decoder.dense_head.heads_list.1.dim.0.1.weight - torch.Size([128]): 
The value is the same before and after calling `init_weights` of BEVSegmentor  

decoder.dense_head.heads_list.1.dim.0.1.bias - torch.Size([128]): 
The value is the same before and after calling `init_weights` of BEVSegmentor  

decoder.dense_head.heads_list.1.dim.1.weight - torch.Size([3, 1, 1, 128]): 
The value is the same before and after calling `init_weights` of BEVSegmentor  

decoder.dense_head.heads_list.1.dim.1.bias - torch.Size([3]): 
The value is the same before and after calling `init_weights` of BEVSegmentor  

decoder.dense_head.heads_list.1.rot.0.0.weight - torch.Size([128, 1, 1, 128]): 
The value is the same before and after calling `init_weights` of BEVSegmentor  

decoder.dense_head.heads_list.1.rot.0.0.bias - torch.Size([128]): 
The value is the same before and after calling `init_weights` of BEVSegmentor  

decoder.dense_head.heads_list.1.rot.0.1.weight - torch.Size([128]): 
The value is the same before and after calling `init_weights` of BEVSegmentor  

decoder.dense_head.heads_list.1.rot.0.1.bias - torch.Size([128]): 
The value is the same before and after calling `init_weights` of BEVSegmentor  

decoder.dense_head.heads_list.1.rot.1.weight - torch.Size([2, 1, 1, 128]): 
The value is the same before and after calling `init_weights` of BEVSegmentor  

decoder.dense_head.heads_list.1.rot.1.bias - torch.Size([2]): 
The value is the same before and after calling `init_weights` of BEVSegmentor  

decoder.dense_head.heads_list.1.vel.0.0.weight - torch.Size([128, 1, 1, 128]): 
The value is the same before and after calling `init_weights` of BEVSegmentor  

decoder.dense_head.heads_list.1.vel.0.0.bias - torch.Size([128]): 
The value is the same before and after calling `init_weights` of BEVSegmentor  

decoder.dense_head.heads_list.1.vel.0.1.weight - torch.Size([128]): 
The value is the same before and after calling `init_weights` of BEVSegmentor  

decoder.dense_head.heads_list.1.vel.0.1.bias - torch.Size([128]): 
The value is the same before and after calling `init_weights` of BEVSegmentor  

decoder.dense_head.heads_list.1.vel.1.weight - torch.Size([2, 1, 1, 128]): 
The value is the same before and after calling `init_weights` of BEVSegmentor  

decoder.dense_head.heads_list.1.vel.1.bias - torch.Size([2]): 
The value is the same before and after calling `init_weights` of BEVSegmentor  

decoder.dense_head.heads_list.1.hm.0.0.weight - torch.Size([128, 1, 1, 128]): 
The value is the same before and after calling `init_weights` of BEVSegmentor  

decoder.dense_head.heads_list.1.hm.0.0.bias - torch.Size([128]): 
The value is the same before and after calling `init_weights` of BEVSegmentor  

decoder.dense_head.heads_list.1.hm.0.1.weight - torch.Size([128]): 
The value is the same before and after calling `init_weights` of BEVSegmentor  

decoder.dense_head.heads_list.1.hm.0.1.bias - torch.Size([128]): 
The value is the same before and after calling `init_weights` of BEVSegmentor  

decoder.dense_head.heads_list.1.hm.1.weight - torch.Size([2, 1, 1, 128]): 
The value is the same before and after calling `init_weights` of BEVSegmentor  

decoder.dense_head.heads_list.1.hm.1.bias - torch.Size([2]): 
The value is the same before and after calling `init_weights` of BEVSegmentor  

decoder.dense_head.heads_list.2.center.0.0.weight - torch.Size([128, 1, 1, 128]): 
The value is the same before and after calling `init_weights` of BEVSegmentor  

decoder.dense_head.heads_list.2.center.0.0.bias - torch.Size([128]): 
The value is the same before and after calling `init_weights` of BEVSegmentor  

decoder.dense_head.heads_list.2.center.0.1.weight - torch.Size([128]): 
The value is the same before and after calling `init_weights` of BEVSegmentor  

decoder.dense_head.heads_list.2.center.0.1.bias - torch.Size([128]): 
The value is the same before and after calling `init_weights` of BEVSegmentor  

decoder.dense_head.heads_list.2.center.1.weight - torch.Size([2, 1, 1, 128]): 
The value is the same before and after calling `init_weights` of BEVSegmentor  

decoder.dense_head.heads_list.2.center.1.bias - torch.Size([2]): 
The value is the same before and after calling `init_weights` of BEVSegmentor  

decoder.dense_head.heads_list.2.center_z.0.0.weight - torch.Size([128, 1, 1, 128]): 
The value is the same before and after calling `init_weights` of BEVSegmentor  

decoder.dense_head.heads_list.2.center_z.0.0.bias - torch.Size([128]): 
The value is the same before and after calling `init_weights` of BEVSegmentor  

decoder.dense_head.heads_list.2.center_z.0.1.weight - torch.Size([128]): 
The value is the same before and after calling `init_weights` of BEVSegmentor  

decoder.dense_head.heads_list.2.center_z.0.1.bias - torch.Size([128]): 
The value is the same before and after calling `init_weights` of BEVSegmentor  

decoder.dense_head.heads_list.2.center_z.1.weight - torch.Size([1, 1, 1, 128]): 
The value is the same before and after calling `init_weights` of BEVSegmentor  

decoder.dense_head.heads_list.2.center_z.1.bias - torch.Size([1]): 
The value is the same before and after calling `init_weights` of BEVSegmentor  

decoder.dense_head.heads_list.2.dim.0.0.weight - torch.Size([128, 1, 1, 128]): 
The value is the same before and after calling `init_weights` of BEVSegmentor  

decoder.dense_head.heads_list.2.dim.0.0.bias - torch.Size([128]): 
The value is the same before and after calling `init_weights` of BEVSegmentor  

decoder.dense_head.heads_list.2.dim.0.1.weight - torch.Size([128]): 
The value is the same before and after calling `init_weights` of BEVSegmentor  

decoder.dense_head.heads_list.2.dim.0.1.bias - torch.Size([128]): 
The value is the same before and after calling `init_weights` of BEVSegmentor  

decoder.dense_head.heads_list.2.dim.1.weight - torch.Size([3, 1, 1, 128]): 
The value is the same before and after calling `init_weights` of BEVSegmentor  

decoder.dense_head.heads_list.2.dim.1.bias - torch.Size([3]): 
The value is the same before and after calling `init_weights` of BEVSegmentor  

decoder.dense_head.heads_list.2.rot.0.0.weight - torch.Size([128, 1, 1, 128]): 
The value is the same before and after calling `init_weights` of BEVSegmentor  

decoder.dense_head.heads_list.2.rot.0.0.bias - torch.Size([128]): 
The value is the same before and after calling `init_weights` of BEVSegmentor  

decoder.dense_head.heads_list.2.rot.0.1.weight - torch.Size([128]): 
The value is the same before and after calling `init_weights` of BEVSegmentor  

decoder.dense_head.heads_list.2.rot.0.1.bias - torch.Size([128]): 
The value is the same before and after calling `init_weights` of BEVSegmentor  

decoder.dense_head.heads_list.2.rot.1.weight - torch.Size([2, 1, 1, 128]): 
The value is the same before and after calling `init_weights` of BEVSegmentor  

decoder.dense_head.heads_list.2.rot.1.bias - torch.Size([2]): 
The value is the same before and after calling `init_weights` of BEVSegmentor  

decoder.dense_head.heads_list.2.vel.0.0.weight - torch.Size([128, 1, 1, 128]): 
The value is the same before and after calling `init_weights` of BEVSegmentor  

decoder.dense_head.heads_list.2.vel.0.0.bias - torch.Size([128]): 
The value is the same before and after calling `init_weights` of BEVSegmentor  

decoder.dense_head.heads_list.2.vel.0.1.weight - torch.Size([128]): 
The value is the same before and after calling `init_weights` of BEVSegmentor  

decoder.dense_head.heads_list.2.vel.0.1.bias - torch.Size([128]): 
The value is the same before and after calling `init_weights` of BEVSegmentor  

decoder.dense_head.heads_list.2.vel.1.weight - torch.Size([2, 1, 1, 128]): 
The value is the same before and after calling `init_weights` of BEVSegmentor  

decoder.dense_head.heads_list.2.vel.1.bias - torch.Size([2]): 
The value is the same before and after calling `init_weights` of BEVSegmentor  

decoder.dense_head.heads_list.2.hm.0.0.weight - torch.Size([128, 1, 1, 128]): 
The value is the same before and after calling `init_weights` of BEVSegmentor  

decoder.dense_head.heads_list.2.hm.0.0.bias - torch.Size([128]): 
The value is the same before and after calling `init_weights` of BEVSegmentor  

decoder.dense_head.heads_list.2.hm.0.1.weight - torch.Size([128]): 
The value is the same before and after calling `init_weights` of BEVSegmentor  

decoder.dense_head.heads_list.2.hm.0.1.bias - torch.Size([128]): 
The value is the same before and after calling `init_weights` of BEVSegmentor  

decoder.dense_head.heads_list.2.hm.1.weight - torch.Size([2, 1, 1, 128]): 
The value is the same before and after calling `init_weights` of BEVSegmentor  

decoder.dense_head.heads_list.2.hm.1.bias - torch.Size([2]): 
The value is the same before and after calling `init_weights` of BEVSegmentor  

decoder.dense_head.heads_list.3.center.0.0.weight - torch.Size([128, 1, 1, 128]): 
The value is the same before and after calling `init_weights` of BEVSegmentor  

decoder.dense_head.heads_list.3.center.0.0.bias - torch.Size([128]): 
The value is the same before and after calling `init_weights` of BEVSegmentor  

decoder.dense_head.heads_list.3.center.0.1.weight - torch.Size([128]): 
The value is the same before and after calling `init_weights` of BEVSegmentor  

decoder.dense_head.heads_list.3.center.0.1.bias - torch.Size([128]): 
The value is the same before and after calling `init_weights` of BEVSegmentor  

decoder.dense_head.heads_list.3.center.1.weight - torch.Size([2, 1, 1, 128]): 
The value is the same before and after calling `init_weights` of BEVSegmentor  

decoder.dense_head.heads_list.3.center.1.bias - torch.Size([2]): 
The value is the same before and after calling `init_weights` of BEVSegmentor  

decoder.dense_head.heads_list.3.center_z.0.0.weight - torch.Size([128, 1, 1, 128]): 
The value is the same before and after calling `init_weights` of BEVSegmentor  

decoder.dense_head.heads_list.3.center_z.0.0.bias - torch.Size([128]): 
The value is the same before and after calling `init_weights` of BEVSegmentor  

decoder.dense_head.heads_list.3.center_z.0.1.weight - torch.Size([128]): 
The value is the same before and after calling `init_weights` of BEVSegmentor  

decoder.dense_head.heads_list.3.center_z.0.1.bias - torch.Size([128]): 
The value is the same before and after calling `init_weights` of BEVSegmentor  

decoder.dense_head.heads_list.3.center_z.1.weight - torch.Size([1, 1, 1, 128]): 
The value is the same before and after calling `init_weights` of BEVSegmentor  

decoder.dense_head.heads_list.3.center_z.1.bias - torch.Size([1]): 
The value is the same before and after calling `init_weights` of BEVSegmentor  

decoder.dense_head.heads_list.3.dim.0.0.weight - torch.Size([128, 1, 1, 128]): 
The value is the same before and after calling `init_weights` of BEVSegmentor  

decoder.dense_head.heads_list.3.dim.0.0.bias - torch.Size([128]): 
The value is the same before and after calling `init_weights` of BEVSegmentor  

decoder.dense_head.heads_list.3.dim.0.1.weight - torch.Size([128]): 
The value is the same before and after calling `init_weights` of BEVSegmentor  

decoder.dense_head.heads_list.3.dim.0.1.bias - torch.Size([128]): 
The value is the same before and after calling `init_weights` of BEVSegmentor  

decoder.dense_head.heads_list.3.dim.1.weight - torch.Size([3, 1, 1, 128]): 
The value is the same before and after calling `init_weights` of BEVSegmentor  

decoder.dense_head.heads_list.3.dim.1.bias - torch.Size([3]): 
The value is the same before and after calling `init_weights` of BEVSegmentor  

decoder.dense_head.heads_list.3.rot.0.0.weight - torch.Size([128, 1, 1, 128]): 
The value is the same before and after calling `init_weights` of BEVSegmentor  

decoder.dense_head.heads_list.3.rot.0.0.bias - torch.Size([128]): 
The value is the same before and after calling `init_weights` of BEVSegmentor  

decoder.dense_head.heads_list.3.rot.0.1.weight - torch.Size([128]): 
The value is the same before and after calling `init_weights` of BEVSegmentor  

decoder.dense_head.heads_list.3.rot.0.1.bias - torch.Size([128]): 
The value is the same before and after calling `init_weights` of BEVSegmentor  

decoder.dense_head.heads_list.3.rot.1.weight - torch.Size([2, 1, 1, 128]): 
The value is the same before and after calling `init_weights` of BEVSegmentor  

decoder.dense_head.heads_list.3.rot.1.bias - torch.Size([2]): 
The value is the same before and after calling `init_weights` of BEVSegmentor  

decoder.dense_head.heads_list.3.vel.0.0.weight - torch.Size([128, 1, 1, 128]): 
The value is the same before and after calling `init_weights` of BEVSegmentor  

decoder.dense_head.heads_list.3.vel.0.0.bias - torch.Size([128]): 
The value is the same before and after calling `init_weights` of BEVSegmentor  

decoder.dense_head.heads_list.3.vel.0.1.weight - torch.Size([128]): 
The value is the same before and after calling `init_weights` of BEVSegmentor  

decoder.dense_head.heads_list.3.vel.0.1.bias - torch.Size([128]): 
The value is the same before and after calling `init_weights` of BEVSegmentor  

decoder.dense_head.heads_list.3.vel.1.weight - torch.Size([2, 1, 1, 128]): 
The value is the same before and after calling `init_weights` of BEVSegmentor  

decoder.dense_head.heads_list.3.vel.1.bias - torch.Size([2]): 
The value is the same before and after calling `init_weights` of BEVSegmentor  

decoder.dense_head.heads_list.3.hm.0.0.weight - torch.Size([128, 1, 1, 128]): 
The value is the same before and after calling `init_weights` of BEVSegmentor  

decoder.dense_head.heads_list.3.hm.0.0.bias - torch.Size([128]): 
The value is the same before and after calling `init_weights` of BEVSegmentor  

decoder.dense_head.heads_list.3.hm.0.1.weight - torch.Size([128]): 
The value is the same before and after calling `init_weights` of BEVSegmentor  

decoder.dense_head.heads_list.3.hm.0.1.bias - torch.Size([128]): 
The value is the same before and after calling `init_weights` of BEVSegmentor  

decoder.dense_head.heads_list.3.hm.1.weight - torch.Size([1, 1, 1, 128]): 
The value is the same before and after calling `init_weights` of BEVSegmentor  

decoder.dense_head.heads_list.3.hm.1.bias - torch.Size([1]): 
The value is the same before and after calling `init_weights` of BEVSegmentor  

decoder.dense_head.heads_list.4.center.0.0.weight - torch.Size([128, 1, 1, 128]): 
The value is the same before and after calling `init_weights` of BEVSegmentor  

decoder.dense_head.heads_list.4.center.0.0.bias - torch.Size([128]): 
The value is the same before and after calling `init_weights` of BEVSegmentor  

decoder.dense_head.heads_list.4.center.0.1.weight - torch.Size([128]): 
The value is the same before and after calling `init_weights` of BEVSegmentor  

decoder.dense_head.heads_list.4.center.0.1.bias - torch.Size([128]): 
The value is the same before and after calling `init_weights` of BEVSegmentor  

decoder.dense_head.heads_list.4.center.1.weight - torch.Size([2, 1, 1, 128]): 
The value is the same before and after calling `init_weights` of BEVSegmentor  

decoder.dense_head.heads_list.4.center.1.bias - torch.Size([2]): 
The value is the same before and after calling `init_weights` of BEVSegmentor  

decoder.dense_head.heads_list.4.center_z.0.0.weight - torch.Size([128, 1, 1, 128]): 
The value is the same before and after calling `init_weights` of BEVSegmentor  

decoder.dense_head.heads_list.4.center_z.0.0.bias - torch.Size([128]): 
The value is the same before and after calling `init_weights` of BEVSegmentor  

decoder.dense_head.heads_list.4.center_z.0.1.weight - torch.Size([128]): 
The value is the same before and after calling `init_weights` of BEVSegmentor  

decoder.dense_head.heads_list.4.center_z.0.1.bias - torch.Size([128]): 
The value is the same before and after calling `init_weights` of BEVSegmentor  

decoder.dense_head.heads_list.4.center_z.1.weight - torch.Size([1, 1, 1, 128]): 
The value is the same before and after calling `init_weights` of BEVSegmentor  

decoder.dense_head.heads_list.4.center_z.1.bias - torch.Size([1]): 
The value is the same before and after calling `init_weights` of BEVSegmentor  

decoder.dense_head.heads_list.4.dim.0.0.weight - torch.Size([128, 1, 1, 128]): 
The value is the same before and after calling `init_weights` of BEVSegmentor  

decoder.dense_head.heads_list.4.dim.0.0.bias - torch.Size([128]): 
The value is the same before and after calling `init_weights` of BEVSegmentor  

decoder.dense_head.heads_list.4.dim.0.1.weight - torch.Size([128]): 
The value is the same before and after calling `init_weights` of BEVSegmentor  

decoder.dense_head.heads_list.4.dim.0.1.bias - torch.Size([128]): 
The value is the same before and after calling `init_weights` of BEVSegmentor  

decoder.dense_head.heads_list.4.dim.1.weight - torch.Size([3, 1, 1, 128]): 
The value is the same before and after calling `init_weights` of BEVSegmentor  

decoder.dense_head.heads_list.4.dim.1.bias - torch.Size([3]): 
The value is the same before and after calling `init_weights` of BEVSegmentor  

decoder.dense_head.heads_list.4.rot.0.0.weight - torch.Size([128, 1, 1, 128]): 
The value is the same before and after calling `init_weights` of BEVSegmentor  

decoder.dense_head.heads_list.4.rot.0.0.bias - torch.Size([128]): 
The value is the same before and after calling `init_weights` of BEVSegmentor  

decoder.dense_head.heads_list.4.rot.0.1.weight - torch.Size([128]): 
The value is the same before and after calling `init_weights` of BEVSegmentor  

decoder.dense_head.heads_list.4.rot.0.1.bias - torch.Size([128]): 
The value is the same before and after calling `init_weights` of BEVSegmentor  

decoder.dense_head.heads_list.4.rot.1.weight - torch.Size([2, 1, 1, 128]): 
The value is the same before and after calling `init_weights` of BEVSegmentor  

decoder.dense_head.heads_list.4.rot.1.bias - torch.Size([2]): 
The value is the same before and after calling `init_weights` of BEVSegmentor  

decoder.dense_head.heads_list.4.vel.0.0.weight - torch.Size([128, 1, 1, 128]): 
The value is the same before and after calling `init_weights` of BEVSegmentor  

decoder.dense_head.heads_list.4.vel.0.0.bias - torch.Size([128]): 
The value is the same before and after calling `init_weights` of BEVSegmentor  

decoder.dense_head.heads_list.4.vel.0.1.weight - torch.Size([128]): 
The value is the same before and after calling `init_weights` of BEVSegmentor  

decoder.dense_head.heads_list.4.vel.0.1.bias - torch.Size([128]): 
The value is the same before and after calling `init_weights` of BEVSegmentor  

decoder.dense_head.heads_list.4.vel.1.weight - torch.Size([2, 1, 1, 128]): 
The value is the same before and after calling `init_weights` of BEVSegmentor  

decoder.dense_head.heads_list.4.vel.1.bias - torch.Size([2]): 
The value is the same before and after calling `init_weights` of BEVSegmentor  

decoder.dense_head.heads_list.4.hm.0.0.weight - torch.Size([128, 1, 1, 128]): 
The value is the same before and after calling `init_weights` of BEVSegmentor  

decoder.dense_head.heads_list.4.hm.0.0.bias - torch.Size([128]): 
The value is the same before and after calling `init_weights` of BEVSegmentor  

decoder.dense_head.heads_list.4.hm.0.1.weight - torch.Size([128]): 
The value is the same before and after calling `init_weights` of BEVSegmentor  

decoder.dense_head.heads_list.4.hm.0.1.bias - torch.Size([128]): 
The value is the same before and after calling `init_weights` of BEVSegmentor  

decoder.dense_head.heads_list.4.hm.1.weight - torch.Size([2, 1, 1, 128]): 
The value is the same before and after calling `init_weights` of BEVSegmentor  

decoder.dense_head.heads_list.4.hm.1.bias - torch.Size([2]): 
The value is the same before and after calling `init_weights` of BEVSegmentor  

decoder.dense_head.heads_list.5.center.0.0.weight - torch.Size([128, 1, 1, 128]): 
The value is the same before and after calling `init_weights` of BEVSegmentor  

decoder.dense_head.heads_list.5.center.0.0.bias - torch.Size([128]): 
The value is the same before and after calling `init_weights` of BEVSegmentor  

decoder.dense_head.heads_list.5.center.0.1.weight - torch.Size([128]): 
The value is the same before and after calling `init_weights` of BEVSegmentor  

decoder.dense_head.heads_list.5.center.0.1.bias - torch.Size([128]): 
The value is the same before and after calling `init_weights` of BEVSegmentor  

decoder.dense_head.heads_list.5.center.1.weight - torch.Size([2, 1, 1, 128]): 
The value is the same before and after calling `init_weights` of BEVSegmentor  

decoder.dense_head.heads_list.5.center.1.bias - torch.Size([2]): 
The value is the same before and after calling `init_weights` of BEVSegmentor  

decoder.dense_head.heads_list.5.center_z.0.0.weight - torch.Size([128, 1, 1, 128]): 
The value is the same before and after calling `init_weights` of BEVSegmentor  

decoder.dense_head.heads_list.5.center_z.0.0.bias - torch.Size([128]): 
The value is the same before and after calling `init_weights` of BEVSegmentor  

decoder.dense_head.heads_list.5.center_z.0.1.weight - torch.Size([128]): 
The value is the same before and after calling `init_weights` of BEVSegmentor  

decoder.dense_head.heads_list.5.center_z.0.1.bias - torch.Size([128]): 
The value is the same before and after calling `init_weights` of BEVSegmentor  

decoder.dense_head.heads_list.5.center_z.1.weight - torch.Size([1, 1, 1, 128]): 
The value is the same before and after calling `init_weights` of BEVSegmentor  

decoder.dense_head.heads_list.5.center_z.1.bias - torch.Size([1]): 
The value is the same before and after calling `init_weights` of BEVSegmentor  

decoder.dense_head.heads_list.5.dim.0.0.weight - torch.Size([128, 1, 1, 128]): 
The value is the same before and after calling `init_weights` of BEVSegmentor  

decoder.dense_head.heads_list.5.dim.0.0.bias - torch.Size([128]): 
The value is the same before and after calling `init_weights` of BEVSegmentor  

decoder.dense_head.heads_list.5.dim.0.1.weight - torch.Size([128]): 
The value is the same before and after calling `init_weights` of BEVSegmentor  

decoder.dense_head.heads_list.5.dim.0.1.bias - torch.Size([128]): 
The value is the same before and after calling `init_weights` of BEVSegmentor  

decoder.dense_head.heads_list.5.dim.1.weight - torch.Size([3, 1, 1, 128]): 
The value is the same before and after calling `init_weights` of BEVSegmentor  

decoder.dense_head.heads_list.5.dim.1.bias - torch.Size([3]): 
The value is the same before and after calling `init_weights` of BEVSegmentor  

decoder.dense_head.heads_list.5.rot.0.0.weight - torch.Size([128, 1, 1, 128]): 
The value is the same before and after calling `init_weights` of BEVSegmentor  

decoder.dense_head.heads_list.5.rot.0.0.bias - torch.Size([128]): 
The value is the same before and after calling `init_weights` of BEVSegmentor  

decoder.dense_head.heads_list.5.rot.0.1.weight - torch.Size([128]): 
The value is the same before and after calling `init_weights` of BEVSegmentor  

decoder.dense_head.heads_list.5.rot.0.1.bias - torch.Size([128]): 
The value is the same before and after calling `init_weights` of BEVSegmentor  

decoder.dense_head.heads_list.5.rot.1.weight - torch.Size([2, 1, 1, 128]): 
The value is the same before and after calling `init_weights` of BEVSegmentor  

decoder.dense_head.heads_list.5.rot.1.bias - torch.Size([2]): 
The value is the same before and after calling `init_weights` of BEVSegmentor  

decoder.dense_head.heads_list.5.vel.0.0.weight - torch.Size([128, 1, 1, 128]): 
The value is the same before and after calling `init_weights` of BEVSegmentor  

decoder.dense_head.heads_list.5.vel.0.0.bias - torch.Size([128]): 
The value is the same before and after calling `init_weights` of BEVSegmentor  

decoder.dense_head.heads_list.5.vel.0.1.weight - torch.Size([128]): 
The value is the same before and after calling `init_weights` of BEVSegmentor  

decoder.dense_head.heads_list.5.vel.0.1.bias - torch.Size([128]): 
The value is the same before and after calling `init_weights` of BEVSegmentor  

decoder.dense_head.heads_list.5.vel.1.weight - torch.Size([2, 1, 1, 128]): 
The value is the same before and after calling `init_weights` of BEVSegmentor  

decoder.dense_head.heads_list.5.vel.1.bias - torch.Size([2]): 
The value is the same before and after calling `init_weights` of BEVSegmentor  

decoder.dense_head.heads_list.5.hm.0.0.weight - torch.Size([128, 1, 1, 128]): 
The value is the same before and after calling `init_weights` of BEVSegmentor  

decoder.dense_head.heads_list.5.hm.0.0.bias - torch.Size([128]): 
The value is the same before and after calling `init_weights` of BEVSegmentor  

decoder.dense_head.heads_list.5.hm.0.1.weight - torch.Size([128]): 
The value is the same before and after calling `init_weights` of BEVSegmentor  

decoder.dense_head.heads_list.5.hm.0.1.bias - torch.Size([128]): 
The value is the same before and after calling `init_weights` of BEVSegmentor  

decoder.dense_head.heads_list.5.hm.1.weight - torch.Size([2, 1, 1, 128]): 
The value is the same before and after calling `init_weights` of BEVSegmentor  

decoder.dense_head.heads_list.5.hm.1.bias - torch.Size([2]): 
The value is the same before and after calling `init_weights` of BEVSegmentor  

map_decoder.pts_bbox_head.code_weights - torch.Size([4]): 
The value is the same before and after calling `init_weights` of BEVSegmentor  

map_decoder.pts_bbox_head.map_adapter_layers.0.0.weight - torch.Size([128, 1, 1, 128]): 
The value is the same before and after calling `init_weights` of BEVSegmentor  

map_decoder.pts_bbox_head.map_adapter_layers.0.0.bias - torch.Size([128]): 
The value is the same before and after calling `init_weights` of BEVSegmentor  

map_decoder.pts_bbox_head.map_adapter_layers.0.1.weight - torch.Size([128]): 
The value is the same before and after calling `init_weights` of BEVSegmentor  

map_decoder.pts_bbox_head.map_adapter_layers.0.1.bias - torch.Size([128]): 
The value is the same before and after calling `init_weights` of BEVSegmentor  

map_decoder.pts_bbox_head.map_adapter_layers.1.weight - torch.Size([256, 1, 1, 128]): 
The value is the same before and after calling `init_weights` of BEVSegmentor  

map_decoder.pts_bbox_head.map_adapter_layers.1.bias - torch.Size([256]): 
The value is the same before and after calling `init_weights` of BEVSegmentor  

map_decoder.pts_bbox_head.cls_branches.0.weight - torch.Size([256, 256]): 
The value is the same before and after calling `init_weights` of BEVSegmentor  

map_decoder.pts_bbox_head.cls_branches.0.bias - torch.Size([256]): 
The value is the same before and after calling `init_weights` of BEVSegmentor  

map_decoder.pts_bbox_head.cls_branches.1.weight - torch.Size([256]): 
The value is the same before and after calling `init_weights` of BEVSegmentor  

map_decoder.pts_bbox_head.cls_branches.1.bias - torch.Size([256]): 
The value is the same before and after calling `init_weights` of BEVSegmentor  

map_decoder.pts_bbox_head.cls_branches.3.weight - torch.Size([256, 256]): 
The value is the same before and after calling `init_weights` of BEVSegmentor  

map_decoder.pts_bbox_head.cls_branches.3.bias - torch.Size([256]): 
The value is the same before and after calling `init_weights` of BEVSegmentor  

map_decoder.pts_bbox_head.cls_branches.4.weight - torch.Size([256]): 
The value is the same before and after calling `init_weights` of BEVSegmentor  

map_decoder.pts_bbox_head.cls_branches.4.bias - torch.Size([256]): 
The value is the same before and after calling `init_weights` of BEVSegmentor  

map_decoder.pts_bbox_head.cls_branches.6.weight - torch.Size([3, 256]): 
The value is the same before and after calling `init_weights` of BEVSegmentor  

map_decoder.pts_bbox_head.cls_branches.6.bias - torch.Size([3]): 
Initialized by user-defined `init_weights` in MapTRv2Head  

map_decoder.pts_bbox_head.reg_branches.0.weight - torch.Size([512, 256]): 
The value is the same before and after calling `init_weights` of BEVSegmentor  

map_decoder.pts_bbox_head.reg_branches.0.bias - torch.Size([512]): 
The value is the same before and after calling `init_weights` of BEVSegmentor  

map_decoder.pts_bbox_head.reg_branches.2.weight - torch.Size([512, 512]): 
The value is the same before and after calling `init_weights` of BEVSegmentor  

map_decoder.pts_bbox_head.reg_branches.2.bias - torch.Size([512]): 
The value is the same before and after calling `init_weights` of BEVSegmentor  

map_decoder.pts_bbox_head.reg_branches.4.weight - torch.Size([512, 512]): 
The value is the same before and after calling `init_weights` of BEVSegmentor  

map_decoder.pts_bbox_head.reg_branches.4.bias - torch.Size([512]): 
The value is the same before and after calling `init_weights` of BEVSegmentor  

map_decoder.pts_bbox_head.reg_branches.6.weight - torch.Size([40, 512]): 
The value is the same before and after calling `init_weights` of BEVSegmentor  

map_decoder.pts_bbox_head.reg_branches.6.bias - torch.Size([40]): 
The value is the same before and after calling `init_weights` of BEVSegmentor  

planner_head.ego_query.weight - torch.Size([1, 128]): 
The value is the same before and after calling `init_weights` of BEVSegmentor  

planner_head.ego_agent_decoder.layers.0.attentions.0.attn.in_proj_weight - torch.Size([384, 128]): 
Initialized by user-defined `init_weights` in VADHead  

planner_head.ego_agent_decoder.layers.0.attentions.0.attn.in_proj_bias - torch.Size([384]): 
The value is the same before and after calling `init_weights` of BEVSegmentor  

planner_head.ego_agent_decoder.layers.0.attentions.0.attn.out_proj.weight - torch.Size([128, 128]): 
Initialized by user-defined `init_weights` in VADHead  

planner_head.ego_agent_decoder.layers.0.attentions.0.attn.out_proj.bias - torch.Size([128]): 
The value is the same before and after calling `init_weights` of BEVSegmentor  

planner_head.ego_agent_decoder.layers.0.ffns.0.layers.0.0.weight - torch.Size([256, 128]): 
Initialized by user-defined `init_weights` in VADHead  

planner_head.ego_agent_decoder.layers.0.ffns.0.layers.0.0.bias - torch.Size([256]): 
The value is the same before and after calling `init_weights` of BEVSegmentor  

planner_head.ego_agent_decoder.layers.0.ffns.0.layers.1.weight - torch.Size([128, 256]): 
Initialized by user-defined `init_weights` in VADHead  

planner_head.ego_agent_decoder.layers.0.ffns.0.layers.1.bias - torch.Size([128]): 
The value is the same before and after calling `init_weights` of BEVSegmentor  

planner_head.ego_agent_decoder.layers.0.norms.0.weight - torch.Size([128]): 
The value is the same before and after calling `init_weights` of BEVSegmentor  

planner_head.ego_agent_decoder.layers.0.norms.0.bias - torch.Size([128]): 
The value is the same before and after calling `init_weights` of BEVSegmentor  

planner_head.ego_agent_decoder.layers.0.norms.1.weight - torch.Size([128]): 
The value is the same before and after calling `init_weights` of BEVSegmentor  

planner_head.ego_agent_decoder.layers.0.norms.1.bias - torch.Size([128]): 
The value is the same before and after calling `init_weights` of BEVSegmentor  

planner_head.ego_map_decoder.layers.0.attentions.0.attn.in_proj_weight - torch.Size([384, 128]): 
Initialized by user-defined `init_weights` in VADHead  

planner_head.ego_map_decoder.layers.0.attentions.0.attn.in_proj_bias - torch.Size([384]): 
The value is the same before and after calling `init_weights` of BEVSegmentor  

planner_head.ego_map_decoder.layers.0.attentions.0.attn.out_proj.weight - torch.Size([128, 128]): 
Initialized by user-defined `init_weights` in VADHead  

planner_head.ego_map_decoder.layers.0.attentions.0.attn.out_proj.bias - torch.Size([128]): 
The value is the same before and after calling `init_weights` of BEVSegmentor  

planner_head.ego_map_decoder.layers.0.ffns.0.layers.0.0.weight - torch.Size([256, 128]): 
Initialized by user-defined `init_weights` in VADHead  

planner_head.ego_map_decoder.layers.0.ffns.0.layers.0.0.bias - torch.Size([256]): 
The value is the same before and after calling `init_weights` of BEVSegmentor  

planner_head.ego_map_decoder.layers.0.ffns.0.layers.1.weight - torch.Size([128, 256]): 
Initialized by user-defined `init_weights` in VADHead  

planner_head.ego_map_decoder.layers.0.ffns.0.layers.1.bias - torch.Size([128]): 
The value is the same before and after calling `init_weights` of BEVSegmentor  

planner_head.ego_map_decoder.layers.0.norms.0.weight - torch.Size([128]): 
The value is the same before and after calling `init_weights` of BEVSegmentor  

planner_head.ego_map_decoder.layers.0.norms.0.bias - torch.Size([128]): 
The value is the same before and after calling `init_weights` of BEVSegmentor  

planner_head.ego_map_decoder.layers.0.norms.1.weight - torch.Size([128]): 
The value is the same before and after calling `init_weights` of BEVSegmentor  

planner_head.ego_map_decoder.layers.0.norms.1.bias - torch.Size([128]): 
The value is the same before and after calling `init_weights` of BEVSegmentor  

planner_head.ego_gaussian_decoder.layers.0.attentions.0.attn.in_proj_weight - torch.Size([384, 128]): 
Initialized by user-defined `init_weights` in VADHead  

planner_head.ego_gaussian_decoder.layers.0.attentions.0.attn.in_proj_bias - torch.Size([384]): 
The value is the same before and after calling `init_weights` of BEVSegmentor  

planner_head.ego_gaussian_decoder.layers.0.attentions.0.attn.out_proj.weight - torch.Size([128, 128]): 
Initialized by user-defined `init_weights` in VADHead  

planner_head.ego_gaussian_decoder.layers.0.attentions.0.attn.out_proj.bias - torch.Size([128]): 
The value is the same before and after calling `init_weights` of BEVSegmentor  

planner_head.ego_gaussian_decoder.layers.0.ffns.0.layers.0.0.weight - torch.Size([256, 128]): 
Initialized by user-defined `init_weights` in VADHead  

planner_head.ego_gaussian_decoder.layers.0.ffns.0.layers.0.0.bias - torch.Size([256]): 
The value is the same before and after calling `init_weights` of BEVSegmentor  

planner_head.ego_gaussian_decoder.layers.0.ffns.0.layers.1.weight - torch.Size([128, 256]): 
Initialized by user-defined `init_weights` in VADHead  

planner_head.ego_gaussian_decoder.layers.0.ffns.0.layers.1.bias - torch.Size([128]): 
The value is the same before and after calling `init_weights` of BEVSegmentor  

planner_head.ego_gaussian_decoder.layers.0.norms.0.weight - torch.Size([128]): 
The value is the same before and after calling `init_weights` of BEVSegmentor  

planner_head.ego_gaussian_decoder.layers.0.norms.0.bias - torch.Size([128]): 
The value is the same before and after calling `init_weights` of BEVSegmentor  

planner_head.ego_gaussian_decoder.layers.0.norms.1.weight - torch.Size([128]): 
The value is the same before and after calling `init_weights` of BEVSegmentor  

planner_head.ego_gaussian_decoder.layers.0.norms.1.bias - torch.Size([128]): 
The value is the same before and after calling `init_weights` of BEVSegmentor  

planner_head.ego_fut_decoder.0.weight - torch.Size([384, 384]): 
The value is the same before and after calling `init_weights` of BEVSegmentor  

planner_head.ego_fut_decoder.0.bias - torch.Size([384]): 
The value is the same before and after calling `init_weights` of BEVSegmentor  

planner_head.ego_fut_decoder.2.weight - torch.Size([384, 384]): 
The value is the same before and after calling `init_weights` of BEVSegmentor  

planner_head.ego_fut_decoder.2.bias - torch.Size([384]): 
The value is the same before and after calling `init_weights` of BEVSegmentor  

planner_head.ego_fut_decoder.4.weight - torch.Size([36, 384]): 
The value is the same before and after calling `init_weights` of BEVSegmentor  

planner_head.ego_fut_decoder.4.bias - torch.Size([36]): 
The value is the same before and after calling `init_weights` of BEVSegmentor  

planner_head.agent_fus_mlp.0.weight - torch.Size([128, 10]): 
The value is the same before and after calling `init_weights` of BEVSegmentor  

planner_head.agent_fus_mlp.0.bias - torch.Size([128]): 
The value is the same before and after calling `init_weights` of BEVSegmentor  

planner_head.agent_fus_mlp.1.weight - torch.Size([128]): 
The value is the same before and after calling `init_weights` of BEVSegmentor  

planner_head.agent_fus_mlp.1.bias - torch.Size([128]): 
The value is the same before and after calling `init_weights` of BEVSegmentor  

planner_head.agent_fus_mlp.3.weight - torch.Size([128, 128]): 
The value is the same before and after calling `init_weights` of BEVSegmentor  

planner_head.agent_fus_mlp.3.bias - torch.Size([128]): 
The value is the same before and after calling `init_weights` of BEVSegmentor  

planner_head.map_fus_mlp.0.weight - torch.Size([128, 43]): 
The value is the same before and after calling `init_weights` of BEVSegmentor  

planner_head.map_fus_mlp.0.bias - torch.Size([128]): 
The value is the same before and after calling `init_weights` of BEVSegmentor  

planner_head.map_fus_mlp.1.weight - torch.Size([128]): 
The value is the same before and after calling `init_weights` of BEVSegmentor  

planner_head.map_fus_mlp.1.bias - torch.Size([128]): 
The value is the same before and after calling `init_weights` of BEVSegmentor  

planner_head.map_fus_mlp.3.weight - torch.Size([128, 128]): 
The value is the same before and after calling `init_weights` of BEVSegmentor  

planner_head.map_fus_mlp.3.bias - torch.Size([128]): 
The value is the same before and after calling `init_weights` of BEVSegmentor  

planner_head.gaussian_fus_mlp.0.weight - torch.Size([128, 28]): 
The value is the same before and after calling `init_weights` of BEVSegmentor  

planner_head.gaussian_fus_mlp.0.bias - torch.Size([128]): 
The value is the same before and after calling `init_weights` of BEVSegmentor  

planner_head.gaussian_fus_mlp.1.weight - torch.Size([128]): 
The value is the same before and after calling `init_weights` of BEVSegmentor  

planner_head.gaussian_fus_mlp.1.bias - torch.Size([128]): 
The value is the same before and after calling `init_weights` of BEVSegmentor  

planner_head.gaussian_fus_mlp.3.weight - torch.Size([128, 128]): 
The value is the same before and after calling `init_weights` of BEVSegmentor  

planner_head.gaussian_fus_mlp.3.bias - torch.Size([128]): 
The value is the same before and after calling `init_weights` of BEVSegmentor  
2026/07/23 06:22:36 - mmengine - INFO - Frozen module: map_decoder
2026/07/23 06:22:36 - mmengine - INFO - Frozen module: planner_head
2026/07/23 06:22:36 - mmengine - INFO - Number of params: 166808998
2026/07/23 06:22:36 - mmengine - INFO - converted sync bn.
2026/07/23 06:22:39 - mmengine - INFO - done ddp model
2026/07/23 06:25:45 - mmengine - WARNING - img_backbone.conv1.weight is skipped since its requires_grad=False
2026/07/23 06:25:45 - mmengine - WARNING - img_backbone.bn1.weight is skipped since its requires_grad=False
2026/07/23 06:25:45 - mmengine - WARNING - img_backbone.bn1.bias is skipped since its requires_grad=False
2026/07/23 06:25:45 - mmengine - WARNING - img_backbone.layer1.0.conv1.weight is skipped since its requires_grad=False
2026/07/23 06:25:45 - mmengine - WARNING - img_backbone.layer1.0.bn1.weight is skipped since its requires_grad=False
2026/07/23 06:25:45 - mmengine - WARNING - img_backbone.layer1.0.bn1.bias is skipped since its requires_grad=False
2026/07/23 06:25:45 - mmengine - WARNING - img_backbone.layer1.0.conv2.weight is skipped since its requires_grad=False
2026/07/23 06:25:45 - mmengine - WARNING - img_backbone.layer1.0.bn2.weight is skipped since its requires_grad=False
2026/07/23 06:25:45 - mmengine - WARNING - img_backbone.layer1.0.bn2.bias is skipped since its requires_grad=False
2026/07/23 06:25:45 - mmengine - WARNING - img_backbone.layer1.0.conv3.weight is skipped since its requires_grad=False
2026/07/23 06:25:45 - mmengine - WARNING - img_backbone.layer1.0.bn3.weight is skipped since its requires_grad=False
2026/07/23 06:25:45 - mmengine - WARNING - img_backbone.layer1.0.bn3.bias is skipped since its requires_grad=False
2026/07/23 06:25:45 - mmengine - WARNING - img_backbone.layer1.0.downsample.0.weight is skipped since its requires_grad=False
2026/07/23 06:25:45 - mmengine - WARNING - img_backbone.layer1.0.downsample.1.weight is skipped since its requires_grad=False
2026/07/23 06:25:45 - mmengine - WARNING - img_backbone.layer1.0.downsample.1.bias is skipped since its requires_grad=False
2026/07/23 06:25:45 - mmengine - WARNING - img_backbone.layer1.1.conv1.weight is skipped since its requires_grad=False
2026/07/23 06:25:45 - mmengine - WARNING - img_backbone.layer1.1.bn1.weight is skipped since its requires_grad=False
2026/07/23 06:25:45 - mmengine - WARNING - img_backbone.layer1.1.bn1.bias is skipped since its requires_grad=False
2026/07/23 06:25:45 - mmengine - WARNING - img_backbone.layer1.1.conv2.weight is skipped since its requires_grad=False
2026/07/23 06:25:45 - mmengine - WARNING - img_backbone.layer1.1.bn2.weight is skipped since its requires_grad=False
2026/07/23 06:25:45 - mmengine - WARNING - img_backbone.layer1.1.bn2.bias is skipped since its requires_grad=False
2026/07/23 06:25:45 - mmengine - WARNING - img_backbone.layer1.1.conv3.weight is skipped since its requires_grad=False
2026/07/23 06:25:45 - mmengine - WARNING - img_backbone.layer1.1.bn3.weight is skipped since its requires_grad=False
2026/07/23 06:25:45 - mmengine - WARNING - img_backbone.layer1.1.bn3.bias is skipped since its requires_grad=False
2026/07/23 06:25:45 - mmengine - WARNING - img_backbone.layer1.2.conv1.weight is skipped since its requires_grad=False
2026/07/23 06:25:45 - mmengine - WARNING - img_backbone.layer1.2.bn1.weight is skipped since its requires_grad=False
2026/07/23 06:25:45 - mmengine - WARNING - img_backbone.layer1.2.bn1.bias is skipped since its requires_grad=False
2026/07/23 06:25:45 - mmengine - WARNING - img_backbone.layer1.2.conv2.weight is skipped since its requires_grad=False
2026/07/23 06:25:45 - mmengine - WARNING - img_backbone.layer1.2.bn2.weight is skipped since its requires_grad=False
2026/07/23 06:25:45 - mmengine - WARNING - img_backbone.layer1.2.bn2.bias is skipped since its requires_grad=False
2026/07/23 06:25:45 - mmengine - WARNING - img_backbone.layer1.2.conv3.weight is skipped since its requires_grad=False
2026/07/23 06:25:45 - mmengine - WARNING - img_backbone.layer1.2.bn3.weight is skipped since its requires_grad=False
2026/07/23 06:25:45 - mmengine - WARNING - img_backbone.layer1.2.bn3.bias is skipped since its requires_grad=False
2026/07/23 06:25:45 - mmengine - INFO - paramwise_options -- img_backbone.layer2.0.conv1.weight:lr=2e-05
2026/07/23 06:25:45 - mmengine - INFO - paramwise_options -- img_backbone.layer2.0.conv1.weight:weight_decay=0.01
2026/07/23 06:25:45 - mmengine - INFO - paramwise_options -- img_backbone.layer2.0.conv1.weight:lr_mult=0.1
2026/07/23 06:25:45 - mmengine - WARNING - img_backbone.layer2.0.bn1.weight is skipped since its requires_grad=False
2026/07/23 06:25:45 - mmengine - WARNING - img_backbone.layer2.0.bn1.bias is skipped since its requires_grad=False
2026/07/23 06:25:45 - mmengine - INFO - paramwise_options -- img_backbone.layer2.0.conv2.weight:lr=2e-05
2026/07/23 06:25:45 - mmengine - INFO - paramwise_options -- img_backbone.layer2.0.conv2.weight:weight_decay=0.01
2026/07/23 06:25:45 - mmengine - INFO - paramwise_options -- img_backbone.layer2.0.conv2.weight:lr_mult=0.1
2026/07/23 06:25:45 - mmengine - WARNING - img_backbone.layer2.0.bn2.weight is skipped since its requires_grad=False
2026/07/23 06:25:45 - mmengine - WARNING - img_backbone.layer2.0.bn2.bias is skipped since its requires_grad=False
2026/07/23 06:25:45 - mmengine - INFO - paramwise_options -- img_backbone.layer2.0.conv3.weight:lr=2e-05
2026/07/23 06:25:45 - mmengine - INFO - paramwise_options -- img_backbone.layer2.0.conv3.weight:weight_decay=0.01
2026/07/23 06:25:45 - mmengine - INFO - paramwise_options -- img_backbone.layer2.0.conv3.weight:lr_mult=0.1
2026/07/23 06:25:45 - mmengine - WARNING - img_backbone.layer2.0.bn3.weight is skipped since its requires_grad=False
2026/07/23 06:25:45 - mmengine - WARNING - img_backbone.layer2.0.bn3.bias is skipped since its requires_grad=False
2026/07/23 06:25:45 - mmengine - INFO - paramwise_options -- img_backbone.layer2.0.downsample.0.weight:lr=2e-05
2026/07/23 06:25:45 - mmengine - INFO - paramwise_options -- img_backbone.layer2.0.downsample.0.weight:weight_decay=0.01
2026/07/23 06:25:45 - mmengine - INFO - paramwise_options -- img_backbone.layer2.0.downsample.0.weight:lr_mult=0.1
2026/07/23 06:25:45 - mmengine - WARNING - img_backbone.layer2.0.downsample.1.weight is skipped since its requires_grad=False
2026/07/23 06:25:45 - mmengine - WARNING - img_backbone.layer2.0.downsample.1.bias is skipped since its requires_grad=False
2026/07/23 06:25:45 - mmengine - INFO - paramwise_options -- img_backbone.layer2.1.conv1.weight:lr=2e-05
2026/07/23 06:25:45 - mmengine - INFO - paramwise_options -- img_backbone.layer2.1.conv1.weight:weight_decay=0.01
2026/07/23 06:25:45 - mmengine - INFO - paramwise_options -- img_backbone.layer2.1.conv1.weight:lr_mult=0.1
2026/07/23 06:25:45 - mmengine - WARNING - img_backbone.layer2.1.bn1.weight is skipped since its requires_grad=False
2026/07/23 06:25:45 - mmengine - WARNING - img_backbone.layer2.1.bn1.bias is skipped since its requires_grad=False
2026/07/23 06:25:45 - mmengine - INFO - paramwise_options -- img_backbone.layer2.1.conv2.weight:lr=2e-05
2026/07/23 06:25:45 - mmengine - INFO - paramwise_options -- img_backbone.layer2.1.conv2.weight:weight_decay=0.01
2026/07/23 06:25:45 - mmengine - INFO - paramwise_options -- img_backbone.layer2.1.conv2.weight:lr_mult=0.1
2026/07/23 06:25:45 - mmengine - WARNING - img_backbone.layer2.1.bn2.weight is skipped since its requires_grad=False
2026/07/23 06:25:45 - mmengine - WARNING - img_backbone.layer2.1.bn2.bias is skipped since its requires_grad=False
2026/07/23 06:25:45 - mmengine - INFO - paramwise_options -- img_backbone.layer2.1.conv3.weight:lr=2e-05
2026/07/23 06:25:45 - mmengine - INFO - paramwise_options -- img_backbone.layer2.1.conv3.weight:weight_decay=0.01
2026/07/23 06:25:45 - mmengine - INFO - paramwise_options -- img_backbone.layer2.1.conv3.weight:lr_mult=0.1
2026/07/23 06:25:45 - mmengine - WARNING - img_backbone.layer2.1.bn3.weight is skipped since its requires_grad=False
2026/07/23 06:25:45 - mmengine - WARNING - img_backbone.layer2.1.bn3.bias is skipped since its requires_grad=False
2026/07/23 06:25:45 - mmengine - INFO - paramwise_options -- img_backbone.layer2.2.conv1.weight:lr=2e-05
2026/07/23 06:25:45 - mmengine - INFO - paramwise_options -- img_backbone.layer2.2.conv1.weight:weight_decay=0.01
2026/07/23 06:25:45 - mmengine - INFO - paramwise_options -- img_backbone.layer2.2.conv1.weight:lr_mult=0.1
2026/07/23 06:25:45 - mmengine - WARNING - img_backbone.layer2.2.bn1.weight is skipped since its requires_grad=False
2026/07/23 06:25:45 - mmengine - WARNING - img_backbone.layer2.2.bn1.bias is skipped since its requires_grad=False
2026/07/23 06:25:45 - mmengine - INFO - paramwise_options -- img_backbone.layer2.2.conv2.weight:lr=2e-05
2026/07/23 06:25:45 - mmengine - INFO - paramwise_options -- img_backbone.layer2.2.conv2.weight:weight_decay=0.01
2026/07/23 06:25:45 - mmengine - INFO - paramwise_options -- img_backbone.layer2.2.conv2.weight:lr_mult=0.1
2026/07/23 06:25:45 - mmengine - WARNING - img_backbone.layer2.2.bn2.weight is skipped since its requires_grad=False
2026/07/23 06:25:45 - mmengine - WARNING - img_backbone.layer2.2.bn2.bias is skipped since its requires_grad=False
2026/07/23 06:25:45 - mmengine - INFO - paramwise_options -- img_backbone.layer2.2.conv3.weight:lr=2e-05
2026/07/23 06:25:45 - mmengine - INFO - paramwise_options -- img_backbone.layer2.2.conv3.weight:weight_decay=0.01
2026/07/23 06:25:45 - mmengine - INFO - paramwise_options -- img_backbone.layer2.2.conv3.weight:lr_mult=0.1
2026/07/23 06:25:45 - mmengine - WARNING - img_backbone.layer2.2.bn3.weight is skipped since its requires_grad=False
2026/07/23 06:25:45 - mmengine - WARNING - img_backbone.layer2.2.bn3.bias is skipped since its requires_grad=False
2026/07/23 06:25:45 - mmengine - INFO - paramwise_options -- img_backbone.layer2.3.conv1.weight:lr=2e-05
2026/07/23 06:25:45 - mmengine - INFO - paramwise_options -- img_backbone.layer2.3.conv1.weight:weight_decay=0.01
2026/07/23 06:25:45 - mmengine - INFO - paramwise_options -- img_backbone.layer2.3.conv1.weight:lr_mult=0.1
2026/07/23 06:25:45 - mmengine - WARNING - img_backbone.layer2.3.bn1.weight is skipped since its requires_grad=False
2026/07/23 06:25:45 - mmengine - WARNING - img_backbone.layer2.3.bn1.bias is skipped since its requires_grad=False
2026/07/23 06:25:45 - mmengine - INFO - paramwise_options -- img_backbone.layer2.3.conv2.weight:lr=2e-05
2026/07/23 06:25:45 - mmengine - INFO - paramwise_options -- img_backbone.layer2.3.conv2.weight:weight_decay=0.01
2026/07/23 06:25:45 - mmengine - INFO - paramwise_options -- img_backbone.layer2.3.conv2.weight:lr_mult=0.1
2026/07/23 06:25:45 - mmengine - WARNING - img_backbone.layer2.3.bn2.weight is skipped since its requires_grad=False
2026/07/23 06:25:45 - mmengine - WARNING - img_backbone.layer2.3.bn2.bias is skipped since its requires_grad=False
2026/07/23 06:25:45 - mmengine - INFO - paramwise_options -- img_backbone.layer2.3.conv3.weight:lr=2e-05
2026/07/23 06:25:45 - mmengine - INFO - paramwise_options -- img_backbone.layer2.3.conv3.weight:weight_decay=0.01
2026/07/23 06:25:45 - mmengine - INFO - paramwise_options -- img_backbone.layer2.3.conv3.weight:lr_mult=0.1
2026/07/23 06:25:45 - mmengine - WARNING - img_backbone.layer2.3.bn3.weight is skipped since its requires_grad=False
2026/07/23 06:25:45 - mmengine - WARNING - img_backbone.layer2.3.bn3.bias is skipped since its requires_grad=False
2026/07/23 06:25:45 - mmengine - INFO - paramwise_options -- img_backbone.layer3.0.conv1.weight:lr=2e-05
2026/07/23 06:25:45 - mmengine - INFO - paramwise_options -- img_backbone.layer3.0.conv1.weight:weight_decay=0.01
2026/07/23 06:25:45 - mmengine - INFO - paramwise_options -- img_backbone.layer3.0.conv1.weight:lr_mult=0.1
2026/07/23 06:25:45 - mmengine - WARNING - img_backbone.layer3.0.bn1.weight is skipped since its requires_grad=False
2026/07/23 06:25:45 - mmengine - WARNING - img_backbone.layer3.0.bn1.bias is skipped since its requires_grad=False
2026/07/23 06:25:45 - mmengine - INFO - paramwise_options -- img_backbone.layer3.0.conv2.weight:lr=2e-05
2026/07/23 06:25:45 - mmengine - INFO - paramwise_options -- img_backbone.layer3.0.conv2.weight:weight_decay=0.01
2026/07/23 06:25:45 - mmengine - INFO - paramwise_options -- img_backbone.layer3.0.conv2.weight:lr_mult=0.1
2026/07/23 06:25:45 - mmengine - INFO - paramwise_options -- img_backbone.layer3.0.conv2.conv_offset.weight:lr=2e-05
2026/07/23 06:25:45 - mmengine - INFO - paramwise_options -- img_backbone.layer3.0.conv2.conv_offset.weight:weight_decay=0.01
2026/07/23 06:25:45 - mmengine - INFO - paramwise_options -- img_backbone.layer3.0.conv2.conv_offset.weight:lr_mult=0.1
2026/07/23 06:25:45 - mmengine - INFO - paramwise_options -- img_backbone.layer3.0.conv2.conv_offset.bias:lr=2e-05
2026/07/23 06:25:45 - mmengine - INFO - paramwise_options -- img_backbone.layer3.0.conv2.conv_offset.bias:weight_decay=0.01
2026/07/23 06:25:45 - mmengine - INFO - paramwise_options -- img_backbone.layer3.0.conv2.conv_offset.bias:lr_mult=0.1
2026/07/23 06:25:45 - mmengine - WARNING - img_backbone.layer3.0.bn2.weight is skipped since its requires_grad=False
2026/07/23 06:25:45 - mmengine - WARNING - img_backbone.layer3.0.bn2.bias is skipped since its requires_grad=False
2026/07/23 06:25:45 - mmengine - INFO - paramwise_options -- img_backbone.layer3.0.conv3.weight:lr=2e-05
2026/07/23 06:25:45 - mmengine - INFO - paramwise_options -- img_backbone.layer3.0.conv3.weight:weight_decay=0.01
2026/07/23 06:25:45 - mmengine - INFO - paramwise_options -- img_backbone.layer3.0.conv3.weight:lr_mult=0.1
2026/07/23 06:25:45 - mmengine - WARNING - img_backbone.layer3.0.bn3.weight is skipped since its requires_grad=False
2026/07/23 06:25:45 - mmengine - WARNING - img_backbone.layer3.0.bn3.bias is skipped since its requires_grad=False
2026/07/23 06:25:45 - mmengine - INFO - paramwise_options -- img_backbone.layer3.0.downsample.0.weight:lr=2e-05
2026/07/23 06:25:45 - mmengine - INFO - paramwise_options -- img_backbone.layer3.0.downsample.0.weight:weight_decay=0.01
2026/07/23 06:25:45 - mmengine - INFO - paramwise_options -- img_backbone.layer3.0.downsample.0.weight:lr_mult=0.1
2026/07/23 06:25:45 - mmengine - WARNING - img_backbone.layer3.0.downsample.1.weight is skipped since its requires_grad=False
2026/07/23 06:25:45 - mmengine - WARNING - img_backbone.layer3.0.downsample.1.bias is skipped since its requires_grad=False
2026/07/23 06:25:45 - mmengine - INFO - paramwise_options -- img_backbone.layer3.1.conv1.weight:lr=2e-05
2026/07/23 06:25:45 - mmengine - INFO - paramwise_options -- img_backbone.layer3.1.conv1.weight:weight_decay=0.01
2026/07/23 06:25:45 - mmengine - INFO - paramwise_options -- img_backbone.layer3.1.conv1.weight:lr_mult=0.1
2026/07/23 06:25:45 - mmengine - WARNING - img_backbone.layer3.1.bn1.weight is skipped since its requires_grad=False
2026/07/23 06:25:45 - mmengine - WARNING - img_backbone.layer3.1.bn1.bias is skipped since its requires_grad=False
2026/07/23 06:25:45 - mmengine - INFO - paramwise_options -- img_backbone.layer3.1.conv2.weight:lr=2e-05
2026/07/23 06:25:45 - mmengine - INFO - paramwise_options -- img_backbone.layer3.1.conv2.weight:weight_decay=0.01
2026/07/23 06:25:45 - mmengine - INFO - paramwise_options -- img_backbone.layer3.1.conv2.weight:lr_mult=0.1
2026/07/23 06:25:45 - mmengine - INFO - paramwise_options -- img_backbone.layer3.1.conv2.conv_offset.weight:lr=2e-05
2026/07/23 06:25:45 - mmengine - INFO - paramwise_options -- img_backbone.layer3.1.conv2.conv_offset.weight:weight_decay=0.01
2026/07/23 06:25:45 - mmengine - INFO - paramwise_options -- img_backbone.layer3.1.conv2.conv_offset.weight:lr_mult=0.1
2026/07/23 06:25:45 - mmengine - INFO - paramwise_options -- img_backbone.layer3.1.conv2.conv_offset.bias:lr=2e-05
2026/07/23 06:25:45 - mmengine - INFO - paramwise_options -- img_backbone.layer3.1.conv2.conv_offset.bias:weight_decay=0.01
2026/07/23 06:25:45 - mmengine - INFO - paramwise_options -- img_backbone.layer3.1.conv2.conv_offset.bias:lr_mult=0.1
2026/07/23 06:25:45 - mmengine - WARNING - img_backbone.layer3.1.bn2.weight is skipped since its requires_grad=False
2026/07/23 06:25:45 - mmengine - WARNING - img_backbone.layer3.1.bn2.bias is skipped since its requires_grad=False
2026/07/23 06:25:45 - mmengine - INFO - paramwise_options -- img_backbone.layer3.1.conv3.weight:lr=2e-05
2026/07/23 06:25:45 - mmengine - INFO - paramwise_options -- img_backbone.layer3.1.conv3.weight:weight_decay=0.01
2026/07/23 06:25:45 - mmengine - INFO - paramwise_options -- img_backbone.layer3.1.conv3.weight:lr_mult=0.1
2026/07/23 06:25:45 - mmengine - WARNING - img_backbone.layer3.1.bn3.weight is skipped since its requires_grad=False
2026/07/23 06:25:45 - mmengine - WARNING - img_backbone.layer3.1.bn3.bias is skipped since its requires_grad=False
2026/07/23 06:25:45 - mmengine - INFO - paramwise_options -- img_backbone.layer3.2.conv1.weight:lr=2e-05
2026/07/23 06:25:45 - mmengine - INFO - paramwise_options -- img_backbone.layer3.2.conv1.weight:weight_decay=0.01
2026/07/23 06:25:45 - mmengine - INFO - paramwise_options -- img_backbone.layer3.2.conv1.weight:lr_mult=0.1
2026/07/23 06:25:45 - mmengine - WARNING - img_backbone.layer3.2.bn1.weight is skipped since its requires_grad=False
2026/07/23 06:25:45 - mmengine - WARNING - img_backbone.layer3.2.bn1.bias is skipped since its requires_grad=False
2026/07/23 06:25:45 - mmengine - INFO - paramwise_options -- img_backbone.layer3.2.conv2.weight:lr=2e-05
2026/07/23 06:25:45 - mmengine - INFO - paramwise_options -- img_backbone.layer3.2.conv2.weight:weight_decay=0.01
2026/07/23 06:25:45 - mmengine - INFO - paramwise_options -- img_backbone.layer3.2.conv2.weight:lr_mult=0.1
2026/07/23 06:25:45 - mmengine - INFO - paramwise_options -- img_backbone.layer3.2.conv2.conv_offset.weight:lr=2e-05
2026/07/23 06:25:45 - mmengine - INFO - paramwise_options -- img_backbone.layer3.2.conv2.conv_offset.weight:weight_decay=0.01
2026/07/23 06:25:45 - mmengine - INFO - paramwise_options -- img_backbone.layer3.2.conv2.conv_offset.weight:lr_mult=0.1
2026/07/23 06:25:45 - mmengine - INFO - paramwise_options -- img_backbone.layer3.2.conv2.conv_offset.bias:lr=2e-05
2026/07/23 06:25:45 - mmengine - INFO - paramwise_options -- img_backbone.layer3.2.conv2.conv_offset.bias:weight_decay=0.01
2026/07/23 06:25:45 - mmengine - INFO - paramwise_options -- img_backbone.layer3.2.conv2.conv_offset.bias:lr_mult=0.1
2026/07/23 06:25:45 - mmengine - WARNING - img_backbone.layer3.2.bn2.weight is skipped since its requires_grad=False
2026/07/23 06:25:45 - mmengine - WARNING - img_backbone.layer3.2.bn2.bias is skipped since its requires_grad=False
2026/07/23 06:25:45 - mmengine - INFO - paramwise_options -- img_backbone.layer3.2.conv3.weight:lr=2e-05
2026/07/23 06:25:45 - mmengine - INFO - paramwise_options -- img_backbone.layer3.2.conv3.weight:weight_decay=0.01
2026/07/23 06:25:45 - mmengine - INFO - paramwise_options -- img_backbone.layer3.2.conv3.weight:lr_mult=0.1
2026/07/23 06:25:45 - mmengine - WARNING - img_backbone.layer3.2.bn3.weight is skipped since its requires_grad=False
2026/07/23 06:25:45 - mmengine - WARNING - img_backbone.layer3.2.bn3.bias is skipped since its requires_grad=False
2026/07/23 06:25:45 - mmengine - INFO - paramwise_options -- img_backbone.layer3.3.conv1.weight:lr=2e-05
2026/07/23 06:25:45 - mmengine - INFO - paramwise_options -- img_backbone.layer3.3.conv1.weight:weight_decay=0.01
2026/07/23 06:25:45 - mmengine - INFO - paramwise_options -- img_backbone.layer3.3.conv1.weight:lr_mult=0.1
2026/07/23 06:25:45 - mmengine - WARNING - img_backbone.layer3.3.bn1.weight is skipped since its requires_grad=False
2026/07/23 06:25:45 - mmengine - WARNING - img_backbone.layer3.3.bn1.bias is skipped since its requires_grad=False
2026/07/23 06:25:45 - mmengine - INFO - paramwise_options -- img_backbone.layer3.3.conv2.weight:lr=2e-05
2026/07/23 06:25:45 - mmengine - INFO - paramwise_options -- img_backbone.layer3.3.conv2.weight:weight_decay=0.01
2026/07/23 06:25:45 - mmengine - INFO - paramwise_options -- img_backbone.layer3.3.conv2.weight:lr_mult=0.1
2026/07/23 06:25:45 - mmengine - INFO - paramwise_options -- img_backbone.layer3.3.conv2.conv_offset.weight:lr=2e-05
2026/07/23 06:25:45 - mmengine - INFO - paramwise_options -- img_backbone.layer3.3.conv2.conv_offset.weight:weight_decay=0.01
2026/07/23 06:25:45 - mmengine - INFO - paramwise_options -- img_backbone.layer3.3.conv2.conv_offset.weight:lr_mult=0.1
2026/07/23 06:25:45 - mmengine - INFO - paramwise_options -- img_backbone.layer3.3.conv2.conv_offset.bias:lr=2e-05
2026/07/23 06:25:45 - mmengine - INFO - paramwise_options -- img_backbone.layer3.3.conv2.conv_offset.bias:weight_decay=0.01
2026/07/23 06:25:45 - mmengine - INFO - paramwise_options -- img_backbone.layer3.3.conv2.conv_offset.bias:lr_mult=0.1
2026/07/23 06:25:45 - mmengine - WARNING - img_backbone.layer3.3.bn2.weight is skipped since its requires_grad=False
2026/07/23 06:25:45 - mmengine - WARNING - img_backbone.layer3.3.bn2.bias is skipped since its requires_grad=False
2026/07/23 06:25:45 - mmengine - INFO - paramwise_options -- img_backbone.layer3.3.conv3.weight:lr=2e-05
2026/07/23 06:25:45 - mmengine - INFO - paramwise_options -- img_backbone.layer3.3.conv3.weight:weight_decay=0.01
2026/07/23 06:25:45 - mmengine - INFO - paramwise_options -- img_backbone.layer3.3.conv3.weight:lr_mult=0.1
2026/07/23 06:25:45 - mmengine - WARNING - img_backbone.layer3.3.bn3.weight is skipped since its requires_grad=False
2026/07/23 06:25:45 - mmengine - WARNING - img_backbone.layer3.3.bn3.bias is skipped since its requires_grad=False
2026/07/23 06:25:45 - mmengine - INFO - paramwise_options -- img_backbone.layer3.4.conv1.weight:lr=2e-05
2026/07/23 06:25:45 - mmengine - INFO - paramwise_options -- img_backbone.layer3.4.conv1.weight:weight_decay=0.01
2026/07/23 06:25:45 - mmengine - INFO - paramwise_options -- img_backbone.layer3.4.conv1.weight:lr_mult=0.1
2026/07/23 06:25:45 - mmengine - WARNING - img_backbone.layer3.4.bn1.weight is skipped since its requires_grad=False
2026/07/23 06:25:45 - mmengine - WARNING - img_backbone.layer3.4.bn1.bias is skipped since its requires_grad=False
2026/07/23 06:25:45 - mmengine - INFO - paramwise_options -- img_backbone.layer3.4.conv2.weight:lr=2e-05
2026/07/23 06:25:45 - mmengine - INFO - paramwise_options -- img_backbone.layer3.4.conv2.weight:weight_decay=0.01
2026/07/23 06:25:45 - mmengine - INFO - paramwise_options -- img_backbone.layer3.4.conv2.weight:lr_mult=0.1
2026/07/23 06:25:45 - mmengine - INFO - paramwise_options -- img_backbone.layer3.4.conv2.conv_offset.weight:lr=2e-05
2026/07/23 06:25:45 - mmengine - INFO - paramwise_options -- img_backbone.layer3.4.conv2.conv_offset.weight:weight_decay=0.01
2026/07/23 06:25:45 - mmengine - INFO - paramwise_options -- img_backbone.layer3.4.conv2.conv_offset.weight:lr_mult=0.1
2026/07/23 06:25:45 - mmengine - INFO - paramwise_options -- img_backbone.layer3.4.conv2.conv_offset.bias:lr=2e-05
2026/07/23 06:25:45 - mmengine - INFO - paramwise_options -- img_backbone.layer3.4.conv2.conv_offset.bias:weight_decay=0.01
2026/07/23 06:25:45 - mmengine - INFO - paramwise_options -- img_backbone.layer3.4.conv2.conv_offset.bias:lr_mult=0.1
2026/07/23 06:25:45 - mmengine - WARNING - img_backbone.layer3.4.bn2.weight is skipped since its requires_grad=False
2026/07/23 06:25:45 - mmengine - WARNING - img_backbone.layer3.4.bn2.bias is skipped since its requires_grad=False
2026/07/23 06:25:45 - mmengine - INFO - paramwise_options -- img_backbone.layer3.4.conv3.weight:lr=2e-05
2026/07/23 06:25:45 - mmengine - INFO - paramwise_options -- img_backbone.layer3.4.conv3.weight:weight_decay=0.01
2026/07/23 06:25:45 - mmengine - INFO - paramwise_options -- img_backbone.layer3.4.conv3.weight:lr_mult=0.1
2026/07/23 06:25:45 - mmengine - WARNING - img_backbone.layer3.4.bn3.weight is skipped since its requires_grad=False
2026/07/23 06:25:45 - mmengine - WARNING - img_backbone.layer3.4.bn3.bias is skipped since its requires_grad=False
2026/07/23 06:25:45 - mmengine - INFO - paramwise_options -- img_backbone.layer3.5.conv1.weight:lr=2e-05
2026/07/23 06:25:45 - mmengine - INFO - paramwise_options -- img_backbone.layer3.5.conv1.weight:weight_decay=0.01
2026/07/23 06:25:45 - mmengine - INFO - paramwise_options -- img_backbone.layer3.5.conv1.weight:lr_mult=0.1
2026/07/23 06:25:45 - mmengine - WARNING - img_backbone.layer3.5.bn1.weight is skipped since its requires_grad=False
2026/07/23 06:25:45 - mmengine - WARNING - img_backbone.layer3.5.bn1.bias is skipped since its requires_grad=False
2026/07/23 06:25:45 - mmengine - INFO - paramwise_options -- img_backbone.layer3.5.conv2.weight:lr=2e-05
2026/07/23 06:25:45 - mmengine - INFO - paramwise_options -- img_backbone.layer3.5.conv2.weight:weight_decay=0.01
2026/07/23 06:25:45 - mmengine - INFO - paramwise_options -- img_backbone.layer3.5.conv2.weight:lr_mult=0.1
2026/07/23 06:25:45 - mmengine - INFO - paramwise_options -- img_backbone.layer3.5.conv2.conv_offset.weight:lr=2e-05
2026/07/23 06:25:45 - mmengine - INFO - paramwise_options -- img_backbone.layer3.5.conv2.conv_offset.weight:weight_decay=0.01
2026/07/23 06:25:45 - mmengine - INFO - paramwise_options -- img_backbone.layer3.5.conv2.conv_offset.weight:lr_mult=0.1
2026/07/23 06:25:45 - mmengine - INFO - paramwise_options -- img_backbone.layer3.5.conv2.conv_offset.bias:lr=2e-05
2026/07/23 06:25:45 - mmengine - INFO - paramwise_options -- img_backbone.layer3.5.conv2.conv_offset.bias:weight_decay=0.01
2026/07/23 06:25:45 - mmengine - INFO - paramwise_options -- img_backbone.layer3.5.conv2.conv_offset.bias:lr_mult=0.1
2026/07/23 06:25:45 - mmengine - WARNING - img_backbone.layer3.5.bn2.weight is skipped since its requires_grad=False
2026/07/23 06:25:45 - mmengine - WARNING - img_backbone.layer3.5.bn2.bias is skipped since its requires_grad=False
2026/07/23 06:25:45 - mmengine - INFO - paramwise_options -- img_backbone.layer3.5.conv3.weight:lr=2e-05
2026/07/23 06:25:45 - mmengine - INFO - paramwise_options -- img_backbone.layer3.5.conv3.weight:weight_decay=0.01
2026/07/23 06:25:45 - mmengine - INFO - paramwise_options -- img_backbone.layer3.5.conv3.weight:lr_mult=0.1
2026/07/23 06:25:45 - mmengine - WARNING - img_backbone.layer3.5.bn3.weight is skipped since its requires_grad=False
2026/07/23 06:25:45 - mmengine - WARNING - img_backbone.layer3.5.bn3.bias is skipped since its requires_grad=False
2026/07/23 06:25:45 - mmengine - INFO - paramwise_options -- img_backbone.layer3.6.conv1.weight:lr=2e-05
2026/07/23 06:25:45 - mmengine - INFO - paramwise_options -- img_backbone.layer3.6.conv1.weight:weight_decay=0.01
2026/07/23 06:25:45 - mmengine - INFO - paramwise_options -- img_backbone.layer3.6.conv1.weight:lr_mult=0.1
2026/07/23 06:25:45 - mmengine - WARNING - img_backbone.layer3.6.bn1.weight is skipped since its requires_grad=False
2026/07/23 06:25:45 - mmengine - WARNING - img_backbone.layer3.6.bn1.bias is skipped since its requires_grad=False
2026/07/23 06:25:45 - mmengine - INFO - paramwise_options -- img_backbone.layer3.6.conv2.weight:lr=2e-05
2026/07/23 06:25:45 - mmengine - INFO - paramwise_options -- img_backbone.layer3.6.conv2.weight:weight_decay=0.01
2026/07/23 06:25:45 - mmengine - INFO - paramwise_options -- img_backbone.layer3.6.conv2.weight:lr_mult=0.1
2026/07/23 06:25:45 - mmengine - INFO - paramwise_options -- img_backbone.layer3.6.conv2.conv_offset.weight:lr=2e-05
2026/07/23 06:25:45 - mmengine - INFO - paramwise_options -- img_backbone.layer3.6.conv2.conv_offset.weight:weight_decay=0.01
2026/07/23 06:25:45 - mmengine - INFO - paramwise_options -- img_backbone.layer3.6.conv2.conv_offset.weight:lr_mult=0.1
2026/07/23 06:25:45 - mmengine - INFO - paramwise_options -- img_backbone.layer3.6.conv2.conv_offset.bias:lr=2e-05
2026/07/23 06:25:45 - mmengine - INFO - paramwise_options -- img_backbone.layer3.6.conv2.conv_offset.bias:weight_decay=0.01
2026/07/23 06:25:45 - mmengine - INFO - paramwise_options -- img_backbone.layer3.6.conv2.conv_offset.bias:lr_mult=0.1
2026/07/23 06:25:45 - mmengine - WARNING - img_backbone.layer3.6.bn2.weight is skipped since its requires_grad=False
2026/07/23 06:25:45 - mmengine - WARNING - img_backbone.layer3.6.bn2.bias is skipped since its requires_grad=False
2026/07/23 06:25:45 - mmengine - INFO - paramwise_options -- img_backbone.layer3.6.conv3.weight:lr=2e-05
2026/07/23 06:25:45 - mmengine - INFO - paramwise_options -- img_backbone.layer3.6.conv3.weight:weight_decay=0.01
2026/07/23 06:25:45 - mmengine - INFO - paramwise_options -- img_backbone.layer3.6.conv3.weight:lr_mult=0.1
2026/07/23 06:25:45 - mmengine - WARNING - img_backbone.layer3.6.bn3.weight is skipped since its requires_grad=False
2026/07/23 06:25:45 - mmengine - WARNING - img_backbone.layer3.6.bn3.bias is skipped since its requires_grad=False
2026/07/23 06:25:45 - mmengine - INFO - paramwise_options -- img_backbone.layer3.7.conv1.weight:lr=2e-05
2026/07/23 06:25:45 - mmengine - INFO - paramwise_options -- img_backbone.layer3.7.conv1.weight:weight_decay=0.01
2026/07/23 06:25:45 - mmengine - INFO - paramwise_options -- img_backbone.layer3.7.conv1.weight:lr_mult=0.1
2026/07/23 06:25:45 - mmengine - WARNING - img_backbone.layer3.7.bn1.weight is skipped since its requires_grad=False
2026/07/23 06:25:45 - mmengine - WARNING - img_backbone.layer3.7.bn1.bias is skipped since its requires_grad=False
2026/07/23 06:25:45 - mmengine - INFO - paramwise_options -- img_backbone.layer3.7.conv2.weight:lr=2e-05
2026/07/23 06:25:45 - mmengine - INFO - paramwise_options -- img_backbone.layer3.7.conv2.weight:weight_decay=0.01
2026/07/23 06:25:45 - mmengine - INFO - paramwise_options -- img_backbone.layer3.7.conv2.weight:lr_mult=0.1
2026/07/23 06:25:45 - mmengine - INFO - paramwise_options -- img_backbone.layer3.7.conv2.conv_offset.weight:lr=2e-05
2026/07/23 06:25:45 - mmengine - INFO - paramwise_options -- img_backbone.layer3.7.conv2.conv_offset.weight:weight_decay=0.01
2026/07/23 06:25:45 - mmengine - INFO - paramwise_options -- img_backbone.layer3.7.conv2.conv_offset.weight:lr_mult=0.1
2026/07/23 06:25:45 - mmengine - INFO - paramwise_options -- img_backbone.layer3.7.conv2.conv_offset.bias:lr=2e-05
2026/07/23 06:25:45 - mmengine - INFO - paramwise_options -- img_backbone.layer3.7.conv2.conv_offset.bias:weight_decay=0.01
2026/07/23 06:25:45 - mmengine - INFO - paramwise_options -- img_backbone.layer3.7.conv2.conv_offset.bias:lr_mult=0.1
2026/07/23 06:25:45 - mmengine - WARNING - img_backbone.layer3.7.bn2.weight is skipped since its requires_grad=False
2026/07/23 06:25:45 - mmengine - WARNING - img_backbone.layer3.7.bn2.bias is skipped since its requires_grad=False
2026/07/23 06:25:45 - mmengine - INFO - paramwise_options -- img_backbone.layer3.7.conv3.weight:lr=2e-05
2026/07/23 06:25:45 - mmengine - INFO - paramwise_options -- img_backbone.layer3.7.conv3.weight:weight_decay=0.01
2026/07/23 06:25:45 - mmengine - INFO - paramwise_options -- img_backbone.layer3.7.conv3.weight:lr_mult=0.1
2026/07/23 06:25:45 - mmengine - WARNING - img_backbone.layer3.7.bn3.weight is skipped since its requires_grad=False
2026/07/23 06:25:45 - mmengine - WARNING - img_backbone.layer3.7.bn3.bias is skipped since its requires_grad=False
2026/07/23 06:25:45 - mmengine - INFO - paramwise_options -- img_backbone.layer3.8.conv1.weight:lr=2e-05
2026/07/23 06:25:45 - mmengine - INFO - paramwise_options -- img_backbone.layer3.8.conv1.weight:weight_decay=0.01
2026/07/23 06:25:45 - mmengine - INFO - paramwise_options -- img_backbone.layer3.8.conv1.weight:lr_mult=0.1
2026/07/23 06:25:45 - mmengine - WARNING - img_backbone.layer3.8.bn1.weight is skipped since its requires_grad=False
2026/07/23 06:25:45 - mmengine - WARNING - img_backbone.layer3.8.bn1.bias is skipped since its requires_grad=False
2026/07/23 06:25:45 - mmengine - INFO - paramwise_options -- img_backbone.layer3.8.conv2.weight:lr=2e-05
2026/07/23 06:25:45 - mmengine - INFO - paramwise_options -- img_backbone.layer3.8.conv2.weight:weight_decay=0.01
2026/07/23 06:25:45 - mmengine - INFO - paramwise_options -- img_backbone.layer3.8.conv2.weight:lr_mult=0.1
2026/07/23 06:25:45 - mmengine - INFO - paramwise_options -- img_backbone.layer3.8.conv2.conv_offset.weight:lr=2e-05
2026/07/23 06:25:45 - mmengine - INFO - paramwise_options -- img_backbone.layer3.8.conv2.conv_offset.weight:weight_decay=0.01
2026/07/23 06:25:45 - mmengine - INFO - paramwise_options -- img_backbone.layer3.8.conv2.conv_offset.weight:lr_mult=0.1
2026/07/23 06:25:45 - mmengine - INFO - paramwise_options -- img_backbone.layer3.8.conv2.conv_offset.bias:lr=2e-05
2026/07/23 06:25:45 - mmengine - INFO - paramwise_options -- img_backbone.layer3.8.conv2.conv_offset.bias:weight_decay=0.01
2026/07/23 06:25:45 - mmengine - INFO - paramwise_options -- img_backbone.layer3.8.conv2.conv_offset.bias:lr_mult=0.1
2026/07/23 06:25:45 - mmengine - WARNING - img_backbone.layer3.8.bn2.weight is skipped since its requires_grad=False
2026/07/23 06:25:45 - mmengine - WARNING - img_backbone.layer3.8.bn2.bias is skipped since its requires_grad=False
2026/07/23 06:25:45 - mmengine - INFO - paramwise_options -- img_backbone.layer3.8.conv3.weight:lr=2e-05
2026/07/23 06:25:45 - mmengine - INFO - paramwise_options -- img_backbone.layer3.8.conv3.weight:weight_decay=0.01
2026/07/23 06:25:45 - mmengine - INFO - paramwise_options -- img_backbone.layer3.8.conv3.weight:lr_mult=0.1
2026/07/23 06:25:45 - mmengine - WARNING - img_backbone.layer3.8.bn3.weight is skipped since its requires_grad=False
2026/07/23 06:25:45 - mmengine - WARNING - img_backbone.layer3.8.bn3.bias is skipped since its requires_grad=False
2026/07/23 06:25:45 - mmengine - INFO - paramwise_options -- img_backbone.layer3.9.conv1.weight:lr=2e-05
2026/07/23 06:25:45 - mmengine - INFO - paramwise_options -- img_backbone.layer3.9.conv1.weight:weight_decay=0.01
2026/07/23 06:25:45 - mmengine - INFO - paramwise_options -- img_backbone.layer3.9.conv1.weight:lr_mult=0.1
2026/07/23 06:25:45 - mmengine - WARNING - img_backbone.layer3.9.bn1.weight is skipped since its requires_grad=False
2026/07/23 06:25:45 - mmengine - WARNING - img_backbone.layer3.9.bn1.bias is skipped since its requires_grad=False
2026/07/23 06:25:45 - mmengine - INFO - paramwise_options -- img_backbone.layer3.9.conv2.weight:lr=2e-05
2026/07/23 06:25:45 - mmengine - INFO - paramwise_options -- img_backbone.layer3.9.conv2.weight:weight_decay=0.01
2026/07/23 06:25:45 - mmengine - INFO - paramwise_options -- img_backbone.layer3.9.conv2.weight:lr_mult=0.1
2026/07/23 06:25:45 - mmengine - INFO - paramwise_options -- img_backbone.layer3.9.conv2.conv_offset.weight:lr=2e-05
2026/07/23 06:25:45 - mmengine - INFO - paramwise_options -- img_backbone.layer3.9.conv2.conv_offset.weight:weight_decay=0.01
2026/07/23 06:25:45 - mmengine - INFO - paramwise_options -- img_backbone.layer3.9.conv2.conv_offset.weight:lr_mult=0.1
2026/07/23 06:25:45 - mmengine - INFO - paramwise_options -- img_backbone.layer3.9.conv2.conv_offset.bias:lr=2e-05
2026/07/23 06:25:45 - mmengine - INFO - paramwise_options -- img_backbone.layer3.9.conv2.conv_offset.bias:weight_decay=0.01
2026/07/23 06:25:45 - mmengine - INFO - paramwise_options -- img_backbone.layer3.9.conv2.conv_offset.bias:lr_mult=0.1
2026/07/23 06:25:45 - mmengine - WARNING - img_backbone.layer3.9.bn2.weight is skipped since its requires_grad=False
2026/07/23 06:25:45 - mmengine - WARNING - img_backbone.layer3.9.bn2.bias is skipped since its requires_grad=False
2026/07/23 06:25:45 - mmengine - INFO - paramwise_options -- img_backbone.layer3.9.conv3.weight:lr=2e-05
2026/07/23 06:25:45 - mmengine - INFO - paramwise_options -- img_backbone.layer3.9.conv3.weight:weight_decay=0.01
2026/07/23 06:25:45 - mmengine - INFO - paramwise_options -- img_backbone.layer3.9.conv3.weight:lr_mult=0.1
2026/07/23 06:25:45 - mmengine - WARNING - img_backbone.layer3.9.bn3.weight is skipped since its requires_grad=False
2026/07/23 06:25:45 - mmengine - WARNING - img_backbone.layer3.9.bn3.bias is skipped since its requires_grad=False
2026/07/23 06:25:45 - mmengine - INFO - paramwise_options -- img_backbone.layer3.10.conv1.weight:lr=2e-05
2026/07/23 06:25:45 - mmengine - INFO - paramwise_options -- img_backbone.layer3.10.conv1.weight:weight_decay=0.01
2026/07/23 06:25:45 - mmengine - INFO - paramwise_options -- img_backbone.layer3.10.conv1.weight:lr_mult=0.1
2026/07/23 06:25:45 - mmengine - WARNING - img_backbone.layer3.10.bn1.weight is skipped since its requires_grad=False
2026/07/23 06:25:45 - mmengine - WARNING - img_backbone.layer3.10.bn1.bias is skipped since its requires_grad=False
2026/07/23 06:25:45 - mmengine - INFO - paramwise_options -- img_backbone.layer3.10.conv2.weight:lr=2e-05
2026/07/23 06:25:45 - mmengine - INFO - paramwise_options -- img_backbone.layer3.10.conv2.weight:weight_decay=0.01
2026/07/23 06:25:45 - mmengine - INFO - paramwise_options -- img_backbone.layer3.10.conv2.weight:lr_mult=0.1
2026/07/23 06:25:45 - mmengine - INFO - paramwise_options -- img_backbone.layer3.10.conv2.conv_offset.weight:lr=2e-05
2026/07/23 06:25:45 - mmengine - INFO - paramwise_options -- img_backbone.layer3.10.conv2.conv_offset.weight:weight_decay=0.01
2026/07/23 06:25:45 - mmengine - INFO - paramwise_options -- img_backbone.layer3.10.conv2.conv_offset.weight:lr_mult=0.1
2026/07/23 06:25:45 - mmengine - INFO - paramwise_options -- img_backbone.layer3.10.conv2.conv_offset.bias:lr=2e-05
2026/07/23 06:25:45 - mmengine - INFO - paramwise_options -- img_backbone.layer3.10.conv2.conv_offset.bias:weight_decay=0.01
2026/07/23 06:25:45 - mmengine - INFO - paramwise_options -- img_backbone.layer3.10.conv2.conv_offset.bias:lr_mult=0.1
2026/07/23 06:25:45 - mmengine - WARNING - img_backbone.layer3.10.bn2.weight is skipped since its requires_grad=False
2026/07/23 06:25:45 - mmengine - WARNING - img_backbone.layer3.10.bn2.bias is skipped since its requires_grad=False
2026/07/23 06:25:45 - mmengine - INFO - paramwise_options -- img_backbone.layer3.10.conv3.weight:lr=2e-05
2026/07/23 06:25:45 - mmengine - INFO - paramwise_options -- img_backbone.layer3.10.conv3.weight:weight_decay=0.01
2026/07/23 06:25:45 - mmengine - INFO - paramwise_options -- img_backbone.layer3.10.conv3.weight:lr_mult=0.1
2026/07/23 06:25:45 - mmengine - WARNING - img_backbone.layer3.10.bn3.weight is skipped since its requires_grad=False
2026/07/23 06:25:45 - mmengine - WARNING - img_backbone.layer3.10.bn3.bias is skipped since its requires_grad=False
2026/07/23 06:25:45 - mmengine - INFO - paramwise_options -- img_backbone.layer3.11.conv1.weight:lr=2e-05
2026/07/23 06:25:45 - mmengine - INFO - paramwise_options -- img_backbone.layer3.11.conv1.weight:weight_decay=0.01
2026/07/23 06:25:45 - mmengine - INFO - paramwise_options -- img_backbone.layer3.11.conv1.weight:lr_mult=0.1
2026/07/23 06:25:45 - mmengine - WARNING - img_backbone.layer3.11.bn1.weight is skipped since its requires_grad=False
2026/07/23 06:25:45 - mmengine - WARNING - img_backbone.layer3.11.bn1.bias is skipped since its requires_grad=False
2026/07/23 06:25:45 - mmengine - INFO - paramwise_options -- img_backbone.layer3.11.conv2.weight:lr=2e-05
2026/07/23 06:25:45 - mmengine - INFO - paramwise_options -- img_backbone.layer3.11.conv2.weight:weight_decay=0.01
2026/07/23 06:25:45 - mmengine - INFO - paramwise_options -- img_backbone.layer3.11.conv2.weight:lr_mult=0.1
2026/07/23 06:25:45 - mmengine - INFO - paramwise_options -- img_backbone.layer3.11.conv2.conv_offset.weight:lr=2e-05
2026/07/23 06:25:45 - mmengine - INFO - paramwise_options -- img_backbone.layer3.11.conv2.conv_offset.weight:weight_decay=0.01
2026/07/23 06:25:45 - mmengine - INFO - paramwise_options -- img_backbone.layer3.11.conv2.conv_offset.weight:lr_mult=0.1
2026/07/23 06:25:45 - mmengine - INFO - paramwise_options -- img_backbone.layer3.11.conv2.conv_offset.bias:lr=2e-05
2026/07/23 06:25:45 - mmengine - INFO - paramwise_options -- img_backbone.layer3.11.conv2.conv_offset.bias:weight_decay=0.01
2026/07/23 06:25:45 - mmengine - INFO - paramwise_options -- img_backbone.layer3.11.conv2.conv_offset.bias:lr_mult=0.1
2026/07/23 06:25:45 - mmengine - WARNING - img_backbone.layer3.11.bn2.weight is skipped since its requires_grad=False
2026/07/23 06:25:45 - mmengine - WARNING - img_backbone.layer3.11.bn2.bias is skipped since its requires_grad=False
2026/07/23 06:25:45 - mmengine - INFO - paramwise_options -- img_backbone.layer3.11.conv3.weight:lr=2e-05
2026/07/23 06:25:45 - mmengine - INFO - paramwise_options -- img_backbone.layer3.11.conv3.weight:weight_decay=0.01
2026/07/23 06:25:45 - mmengine - INFO - paramwise_options -- img_backbone.layer3.11.conv3.weight:lr_mult=0.1
2026/07/23 06:25:45 - mmengine - WARNING - img_backbone.layer3.11.bn3.weight is skipped since its requires_grad=False
2026/07/23 06:25:45 - mmengine - WARNING - img_backbone.layer3.11.bn3.bias is skipped since its requires_grad=False
2026/07/23 06:25:45 - mmengine - INFO - paramwise_options -- img_backbone.layer3.12.conv1.weight:lr=2e-05
2026/07/23 06:25:45 - mmengine - INFO - paramwise_options -- img_backbone.layer3.12.conv1.weight:weight_decay=0.01
2026/07/23 06:25:45 - mmengine - INFO - paramwise_options -- img_backbone.layer3.12.conv1.weight:lr_mult=0.1
2026/07/23 06:25:45 - mmengine - WARNING - img_backbone.layer3.12.bn1.weight is skipped since its requires_grad=False
2026/07/23 06:25:45 - mmengine - WARNING - img_backbone.layer3.12.bn1.bias is skipped since its requires_grad=False
2026/07/23 06:25:45 - mmengine - INFO - paramwise_options -- img_backbone.layer3.12.conv2.weight:lr=2e-05
2026/07/23 06:25:45 - mmengine - INFO - paramwise_options -- img_backbone.layer3.12.conv2.weight:weight_decay=0.01
2026/07/23 06:25:45 - mmengine - INFO - paramwise_options -- img_backbone.layer3.12.conv2.weight:lr_mult=0.1
2026/07/23 06:25:45 - mmengine - INFO - paramwise_options -- img_backbone.layer3.12.conv2.conv_offset.weight:lr=2e-05
2026/07/23 06:25:45 - mmengine - INFO - paramwise_options -- img_backbone.layer3.12.conv2.conv_offset.weight:weight_decay=0.01
2026/07/23 06:25:45 - mmengine - INFO - paramwise_options -- img_backbone.layer3.12.conv2.conv_offset.weight:lr_mult=0.1
2026/07/23 06:25:45 - mmengine - INFO - paramwise_options -- img_backbone.layer3.12.conv2.conv_offset.bias:lr=2e-05
2026/07/23 06:25:45 - mmengine - INFO - paramwise_options -- img_backbone.layer3.12.conv2.conv_offset.bias:weight_decay=0.01
2026/07/23 06:25:45 - mmengine - INFO - paramwise_options -- img_backbone.layer3.12.conv2.conv_offset.bias:lr_mult=0.1
2026/07/23 06:25:45 - mmengine - WARNING - img_backbone.layer3.12.bn2.weight is skipped since its requires_grad=False
2026/07/23 06:25:45 - mmengine - WARNING - img_backbone.layer3.12.bn2.bias is skipped since its requires_grad=False
2026/07/23 06:25:45 - mmengine - INFO - paramwise_options -- img_backbone.layer3.12.conv3.weight:lr=2e-05
2026/07/23 06:25:45 - mmengine - INFO - paramwise_options -- img_backbone.layer3.12.conv3.weight:weight_decay=0.01
2026/07/23 06:25:45 - mmengine - INFO - paramwise_options -- img_backbone.layer3.12.conv3.weight:lr_mult=0.1
2026/07/23 06:25:45 - mmengine - WARNING - img_backbone.layer3.12.bn3.weight is skipped since its requires_grad=False
2026/07/23 06:25:45 - mmengine - WARNING - img_backbone.layer3.12.bn3.bias is skipped since its requires_grad=False
2026/07/23 06:25:45 - mmengine - INFO - paramwise_options -- img_backbone.layer3.13.conv1.weight:lr=2e-05
2026/07/23 06:25:45 - mmengine - INFO - paramwise_options -- img_backbone.layer3.13.conv1.weight:weight_decay=0.01
2026/07/23 06:25:45 - mmengine - INFO - paramwise_options -- img_backbone.layer3.13.conv1.weight:lr_mult=0.1
2026/07/23 06:25:45 - mmengine - WARNING - img_backbone.layer3.13.bn1.weight is skipped since its requires_grad=False
2026/07/23 06:25:45 - mmengine - WARNING - img_backbone.layer3.13.bn1.bias is skipped since its requires_grad=False
2026/07/23 06:25:45 - mmengine - INFO - paramwise_options -- img_backbone.layer3.13.conv2.weight:lr=2e-05
2026/07/23 06:25:45 - mmengine - INFO - paramwise_options -- img_backbone.layer3.13.conv2.weight:weight_decay=0.01
2026/07/23 06:25:45 - mmengine - INFO - paramwise_options -- img_backbone.layer3.13.conv2.weight:lr_mult=0.1
2026/07/23 06:25:45 - mmengine - INFO - paramwise_options -- img_backbone.layer3.13.conv2.conv_offset.weight:lr=2e-05
2026/07/23 06:25:45 - mmengine - INFO - paramwise_options -- img_backbone.layer3.13.conv2.conv_offset.weight:weight_decay=0.01
2026/07/23 06:25:45 - mmengine - INFO - paramwise_options -- img_backbone.layer3.13.conv2.conv_offset.weight:lr_mult=0.1
2026/07/23 06:25:45 - mmengine - INFO - paramwise_options -- img_backbone.layer3.13.conv2.conv_offset.bias:lr=2e-05
2026/07/23 06:25:45 - mmengine - INFO - paramwise_options -- img_backbone.layer3.13.conv2.conv_offset.bias:weight_decay=0.01
2026/07/23 06:25:45 - mmengine - INFO - paramwise_options -- img_backbone.layer3.13.conv2.conv_offset.bias:lr_mult=0.1
2026/07/23 06:25:45 - mmengine - WARNING - img_backbone.layer3.13.bn2.weight is skipped since its requires_grad=False
2026/07/23 06:25:45 - mmengine - WARNING - img_backbone.layer3.13.bn2.bias is skipped since its requires_grad=False
2026/07/23 06:25:45 - mmengine - INFO - paramwise_options -- img_backbone.layer3.13.conv3.weight:lr=2e-05
2026/07/23 06:25:45 - mmengine - INFO - paramwise_options -- img_backbone.layer3.13.conv3.weight:weight_decay=0.01
2026/07/23 06:25:45 - mmengine - INFO - paramwise_options -- img_backbone.layer3.13.conv3.weight:lr_mult=0.1
2026/07/23 06:25:45 - mmengine - WARNING - img_backbone.layer3.13.bn3.weight is skipped since its requires_grad=False
2026/07/23 06:25:45 - mmengine - WARNING - img_backbone.layer3.13.bn3.bias is skipped since its requires_grad=False
2026/07/23 06:25:45 - mmengine - INFO - paramwise_options -- img_backbone.layer3.14.conv1.weight:lr=2e-05
2026/07/23 06:25:45 - mmengine - INFO - paramwise_options -- img_backbone.layer3.14.conv1.weight:weight_decay=0.01
2026/07/23 06:25:45 - mmengine - INFO - paramwise_options -- img_backbone.layer3.14.conv1.weight:lr_mult=0.1
2026/07/23 06:25:45 - mmengine - WARNING - img_backbone.layer3.14.bn1.weight is skipped since its requires_grad=False
2026/07/23 06:25:45 - mmengine - WARNING - img_backbone.layer3.14.bn1.bias is skipped since its requires_grad=False
2026/07/23 06:25:45 - mmengine - INFO - paramwise_options -- img_backbone.layer3.14.conv2.weight:lr=2e-05
2026/07/23 06:25:45 - mmengine - INFO - paramwise_options -- img_backbone.layer3.14.conv2.weight:weight_decay=0.01
2026/07/23 06:25:45 - mmengine - INFO - paramwise_options -- img_backbone.layer3.14.conv2.weight:lr_mult=0.1
2026/07/23 06:25:45 - mmengine - INFO - paramwise_options -- img_backbone.layer3.14.conv2.conv_offset.weight:lr=2e-05
2026/07/23 06:25:45 - mmengine - INFO - paramwise_options -- img_backbone.layer3.14.conv2.conv_offset.weight:weight_decay=0.01
2026/07/23 06:25:45 - mmengine - INFO - paramwise_options -- img_backbone.layer3.14.conv2.conv_offset.weight:lr_mult=0.1
2026/07/23 06:25:45 - mmengine - INFO - paramwise_options -- img_backbone.layer3.14.conv2.conv_offset.bias:lr=2e-05
2026/07/23 06:25:45 - mmengine - INFO - paramwise_options -- img_backbone.layer3.14.conv2.conv_offset.bias:weight_decay=0.01
2026/07/23 06:25:45 - mmengine - INFO - paramwise_options -- img_backbone.layer3.14.conv2.conv_offset.bias:lr_mult=0.1
2026/07/23 06:25:45 - mmengine - WARNING - img_backbone.layer3.14.bn2.weight is skipped since its requires_grad=False
2026/07/23 06:25:45 - mmengine - WARNING - img_backbone.layer3.14.bn2.bias is skipped since its requires_grad=False
2026/07/23 06:25:45 - mmengine - INFO - paramwise_options -- img_backbone.layer3.14.conv3.weight:lr=2e-05
2026/07/23 06:25:45 - mmengine - INFO - paramwise_options -- img_backbone.layer3.14.conv3.weight:weight_decay=0.01
2026/07/23 06:25:45 - mmengine - INFO - paramwise_options -- img_backbone.layer3.14.conv3.weight:lr_mult=0.1
2026/07/23 06:25:45 - mmengine - WARNING - img_backbone.layer3.14.bn3.weight is skipped since its requires_grad=False
2026/07/23 06:25:45 - mmengine - WARNING - img_backbone.layer3.14.bn3.bias is skipped since its requires_grad=False
2026/07/23 06:25:45 - mmengine - INFO - paramwise_options -- img_backbone.layer3.15.conv1.weight:lr=2e-05
2026/07/23 06:25:45 - mmengine - INFO - paramwise_options -- img_backbone.layer3.15.conv1.weight:weight_decay=0.01
2026/07/23 06:25:45 - mmengine - INFO - paramwise_options -- img_backbone.layer3.15.conv1.weight:lr_mult=0.1
2026/07/23 06:25:45 - mmengine - WARNING - img_backbone.layer3.15.bn1.weight is skipped since its requires_grad=False
2026/07/23 06:25:45 - mmengine - WARNING - img_backbone.layer3.15.bn1.bias is skipped since its requires_grad=False
2026/07/23 06:25:45 - mmengine - INFO - paramwise_options -- img_backbone.layer3.15.conv2.weight:lr=2e-05
2026/07/23 06:25:45 - mmengine - INFO - paramwise_options -- img_backbone.layer3.15.conv2.weight:weight_decay=0.01
2026/07/23 06:25:45 - mmengine - INFO - paramwise_options -- img_backbone.layer3.15.conv2.weight:lr_mult=0.1
2026/07/23 06:25:45 - mmengine - INFO - paramwise_options -- img_backbone.layer3.15.conv2.conv_offset.weight:lr=2e-05
2026/07/23 06:25:45 - mmengine - INFO - paramwise_options -- img_backbone.layer3.15.conv2.conv_offset.weight:weight_decay=0.01
2026/07/23 06:25:45 - mmengine - INFO - paramwise_options -- img_backbone.layer3.15.conv2.conv_offset.weight:lr_mult=0.1
2026/07/23 06:25:45 - mmengine - INFO - paramwise_options -- img_backbone.layer3.15.conv2.conv_offset.bias:lr=2e-05
2026/07/23 06:25:45 - mmengine - INFO - paramwise_options -- img_backbone.layer3.15.conv2.conv_offset.bias:weight_decay=0.01
2026/07/23 06:25:45 - mmengine - INFO - paramwise_options -- img_backbone.layer3.15.conv2.conv_offset.bias:lr_mult=0.1
2026/07/23 06:25:45 - mmengine - WARNING - img_backbone.layer3.15.bn2.weight is skipped since its requires_grad=False
2026/07/23 06:25:45 - mmengine - WARNING - img_backbone.layer3.15.bn2.bias is skipped since its requires_grad=False
2026/07/23 06:25:45 - mmengine - INFO - paramwise_options -- img_backbone.layer3.15.conv3.weight:lr=2e-05
2026/07/23 06:25:45 - mmengine - INFO - paramwise_options -- img_backbone.layer3.15.conv3.weight:weight_decay=0.01
2026/07/23 06:25:45 - mmengine - INFO - paramwise_options -- img_backbone.layer3.15.conv3.weight:lr_mult=0.1
2026/07/23 06:25:45 - mmengine - WARNING - img_backbone.layer3.15.bn3.weight is skipped since its requires_grad=False
2026/07/23 06:25:45 - mmengine - WARNING - img_backbone.layer3.15.bn3.bias is skipped since its requires_grad=False
2026/07/23 06:25:45 - mmengine - INFO - paramwise_options -- img_backbone.layer3.16.conv1.weight:lr=2e-05
2026/07/23 06:25:45 - mmengine - INFO - paramwise_options -- img_backbone.layer3.16.conv1.weight:weight_decay=0.01
2026/07/23 06:25:45 - mmengine - INFO - paramwise_options -- img_backbone.layer3.16.conv1.weight:lr_mult=0.1
2026/07/23 06:25:45 - mmengine - WARNING - img_backbone.layer3.16.bn1.weight is skipped since its requires_grad=False
2026/07/23 06:25:45 - mmengine - WARNING - img_backbone.layer3.16.bn1.bias is skipped since its requires_grad=False
2026/07/23 06:25:45 - mmengine - INFO - paramwise_options -- img_backbone.layer3.16.conv2.weight:lr=2e-05
2026/07/23 06:25:45 - mmengine - INFO - paramwise_options -- img_backbone.layer3.16.conv2.weight:weight_decay=0.01
2026/07/23 06:25:45 - mmengine - INFO - paramwise_options -- img_backbone.layer3.16.conv2.weight:lr_mult=0.1
2026/07/23 06:25:45 - mmengine - INFO - paramwise_options -- img_backbone.layer3.16.conv2.conv_offset.weight:lr=2e-05
2026/07/23 06:25:45 - mmengine - INFO - paramwise_options -- img_backbone.layer3.16.conv2.conv_offset.weight:weight_decay=0.01
2026/07/23 06:25:45 - mmengine - INFO - paramwise_options -- img_backbone.layer3.16.conv2.conv_offset.weight:lr_mult=0.1
2026/07/23 06:25:45 - mmengine - INFO - paramwise_options -- img_backbone.layer3.16.conv2.conv_offset.bias:lr=2e-05
2026/07/23 06:25:45 - mmengine - INFO - paramwise_options -- img_backbone.layer3.16.conv2.conv_offset.bias:weight_decay=0.01
2026/07/23 06:25:45 - mmengine - INFO - paramwise_options -- img_backbone.layer3.16.conv2.conv_offset.bias:lr_mult=0.1
2026/07/23 06:25:45 - mmengine - WARNING - img_backbone.layer3.16.bn2.weight is skipped since its requires_grad=False
2026/07/23 06:25:45 - mmengine - WARNING - img_backbone.layer3.16.bn2.bias is skipped since its requires_grad=False
2026/07/23 06:25:45 - mmengine - INFO - paramwise_options -- img_backbone.layer3.16.conv3.weight:lr=2e-05
2026/07/23 06:25:45 - mmengine - INFO - paramwise_options -- img_backbone.layer3.16.conv3.weight:weight_decay=0.01
2026/07/23 06:25:45 - mmengine - INFO - paramwise_options -- img_backbone.layer3.16.conv3.weight:lr_mult=0.1
2026/07/23 06:25:45 - mmengine - WARNING - img_backbone.layer3.16.bn3.weight is skipped since its requires_grad=False
2026/07/23 06:25:45 - mmengine - WARNING - img_backbone.layer3.16.bn3.bias is skipped since its requires_grad=False
2026/07/23 06:25:45 - mmengine - INFO - paramwise_options -- img_backbone.layer3.17.conv1.weight:lr=2e-05
2026/07/23 06:25:45 - mmengine - INFO - paramwise_options -- img_backbone.layer3.17.conv1.weight:weight_decay=0.01
2026/07/23 06:25:45 - mmengine - INFO - paramwise_options -- img_backbone.layer3.17.conv1.weight:lr_mult=0.1
2026/07/23 06:25:45 - mmengine - WARNING - img_backbone.layer3.17.bn1.weight is skipped since its requires_grad=False
2026/07/23 06:25:45 - mmengine - WARNING - img_backbone.layer3.17.bn1.bias is skipped since its requires_grad=False
2026/07/23 06:25:45 - mmengine - INFO - paramwise_options -- img_backbone.layer3.17.conv2.weight:lr=2e-05
2026/07/23 06:25:45 - mmengine - INFO - paramwise_options -- img_backbone.layer3.17.conv2.weight:weight_decay=0.01
2026/07/23 06:25:45 - mmengine - INFO - paramwise_options -- img_backbone.layer3.17.conv2.weight:lr_mult=0.1
2026/07/23 06:25:45 - mmengine - INFO - paramwise_options -- img_backbone.layer3.17.conv2.conv_offset.weight:lr=2e-05
2026/07/23 06:25:45 - mmengine - INFO - paramwise_options -- img_backbone.layer3.17.conv2.conv_offset.weight:weight_decay=0.01
2026/07/23 06:25:45 - mmengine - INFO - paramwise_options -- img_backbone.layer3.17.conv2.conv_offset.weight:lr_mult=0.1
2026/07/23 06:25:45 - mmengine - INFO - paramwise_options -- img_backbone.layer3.17.conv2.conv_offset.bias:lr=2e-05
2026/07/23 06:25:45 - mmengine - INFO - paramwise_options -- img_backbone.layer3.17.conv2.conv_offset.bias:weight_decay=0.01
2026/07/23 06:25:45 - mmengine - INFO - paramwise_options -- img_backbone.layer3.17.conv2.conv_offset.bias:lr_mult=0.1
2026/07/23 06:25:45 - mmengine - WARNING - img_backbone.layer3.17.bn2.weight is skipped since its requires_grad=False
2026/07/23 06:25:45 - mmengine - WARNING - img_backbone.layer3.17.bn2.bias is skipped since its requires_grad=False
2026/07/23 06:25:45 - mmengine - INFO - paramwise_options -- img_backbone.layer3.17.conv3.weight:lr=2e-05
2026/07/23 06:25:45 - mmengine - INFO - paramwise_options -- img_backbone.layer3.17.conv3.weight:weight_decay=0.01
2026/07/23 06:25:45 - mmengine - INFO - paramwise_options -- img_backbone.layer3.17.conv3.weight:lr_mult=0.1
2026/07/23 06:25:45 - mmengine - WARNING - img_backbone.layer3.17.bn3.weight is skipped since its requires_grad=False
2026/07/23 06:25:45 - mmengine - WARNING - img_backbone.layer3.17.bn3.bias is skipped since its requires_grad=False
2026/07/23 06:25:45 - mmengine - INFO - paramwise_options -- img_backbone.layer3.18.conv1.weight:lr=2e-05
2026/07/23 06:25:45 - mmengine - INFO - paramwise_options -- img_backbone.layer3.18.conv1.weight:weight_decay=0.01
2026/07/23 06:25:45 - mmengine - INFO - paramwise_options -- img_backbone.layer3.18.conv1.weight:lr_mult=0.1
2026/07/23 06:25:45 - mmengine - WARNING - img_backbone.layer3.18.bn1.weight is skipped since its requires_grad=False
2026/07/23 06:25:45 - mmengine - WARNING - img_backbone.layer3.18.bn1.bias is skipped since its requires_grad=False
2026/07/23 06:25:45 - mmengine - INFO - paramwise_options -- img_backbone.layer3.18.conv2.weight:lr=2e-05
2026/07/23 06:25:45 - mmengine - INFO - paramwise_options -- img_backbone.layer3.18.conv2.weight:weight_decay=0.01
2026/07/23 06:25:45 - mmengine - INFO - paramwise_options -- img_backbone.layer3.18.conv2.weight:lr_mult=0.1
2026/07/23 06:25:45 - mmengine - INFO - paramwise_options -- img_backbone.layer3.18.conv2.conv_offset.weight:lr=2e-05
2026/07/23 06:25:45 - mmengine - INFO - paramwise_options -- img_backbone.layer3.18.conv2.conv_offset.weight:weight_decay=0.01
2026/07/23 06:25:45 - mmengine - INFO - paramwise_options -- img_backbone.layer3.18.conv2.conv_offset.weight:lr_mult=0.1
2026/07/23 06:25:45 - mmengine - INFO - paramwise_options -- img_backbone.layer3.18.conv2.conv_offset.bias:lr=2e-05
2026/07/23 06:25:45 - mmengine - INFO - paramwise_options -- img_backbone.layer3.18.conv2.conv_offset.bias:weight_decay=0.01
2026/07/23 06:25:45 - mmengine - INFO - paramwise_options -- img_backbone.layer3.18.conv2.conv_offset.bias:lr_mult=0.1
2026/07/23 06:25:45 - mmengine - WARNING - img_backbone.layer3.18.bn2.weight is skipped since its requires_grad=False
2026/07/23 06:25:45 - mmengine - WARNING - img_backbone.layer3.18.bn2.bias is skipped since its requires_grad=False
2026/07/23 06:25:45 - mmengine - INFO - paramwise_options -- img_backbone.layer3.18.conv3.weight:lr=2e-05
2026/07/23 06:25:45 - mmengine - INFO - paramwise_options -- img_backbone.layer3.18.conv3.weight:weight_decay=0.01
2026/07/23 06:25:45 - mmengine - INFO - paramwise_options -- img_backbone.layer3.18.conv3.weight:lr_mult=0.1
2026/07/23 06:25:45 - mmengine - WARNING - img_backbone.layer3.18.bn3.weight is skipped since its requires_grad=False
2026/07/23 06:25:45 - mmengine - WARNING - img_backbone.layer3.18.bn3.bias is skipped since its requires_grad=False
2026/07/23 06:25:45 - mmengine - INFO - paramwise_options -- img_backbone.layer3.19.conv1.weight:lr=2e-05
2026/07/23 06:25:45 - mmengine - INFO - paramwise_options -- img_backbone.layer3.19.conv1.weight:weight_decay=0.01
2026/07/23 06:25:45 - mmengine - INFO - paramwise_options -- img_backbone.layer3.19.conv1.weight:lr_mult=0.1
2026/07/23 06:25:45 - mmengine - WARNING - img_backbone.layer3.19.bn1.weight is skipped since its requires_grad=False
2026/07/23 06:25:45 - mmengine - WARNING - img_backbone.layer3.19.bn1.bias is skipped since its requires_grad=False
2026/07/23 06:25:45 - mmengine - INFO - paramwise_options -- img_backbone.layer3.19.conv2.weight:lr=2e-05
2026/07/23 06:25:45 - mmengine - INFO - paramwise_options -- img_backbone.layer3.19.conv2.weight:weight_decay=0.01
2026/07/23 06:25:45 - mmengine - INFO - paramwise_options -- img_backbone.layer3.19.conv2.weight:lr_mult=0.1
2026/07/23 06:25:45 - mmengine - INFO - paramwise_options -- img_backbone.layer3.19.conv2.conv_offset.weight:lr=2e-05
2026/07/23 06:25:45 - mmengine - INFO - paramwise_options -- img_backbone.layer3.19.conv2.conv_offset.weight:weight_decay=0.01
2026/07/23 06:25:45 - mmengine - INFO - paramwise_options -- img_backbone.layer3.19.conv2.conv_offset.weight:lr_mult=0.1
2026/07/23 06:25:45 - mmengine - INFO - paramwise_options -- img_backbone.layer3.19.conv2.conv_offset.bias:lr=2e-05
2026/07/23 06:25:45 - mmengine - INFO - paramwise_options -- img_backbone.layer3.19.conv2.conv_offset.bias:weight_decay=0.01
2026/07/23 06:25:45 - mmengine - INFO - paramwise_options -- img_backbone.layer3.19.conv2.conv_offset.bias:lr_mult=0.1
2026/07/23 06:25:45 - mmengine - WARNING - img_backbone.layer3.19.bn2.weight is skipped since its requires_grad=False
2026/07/23 06:25:45 - mmengine - WARNING - img_backbone.layer3.19.bn2.bias is skipped since its requires_grad=False
2026/07/23 06:25:45 - mmengine - INFO - paramwise_options -- img_backbone.layer3.19.conv3.weight:lr=2e-05
2026/07/23 06:25:45 - mmengine - INFO - paramwise_options -- img_backbone.layer3.19.conv3.weight:weight_decay=0.01
2026/07/23 06:25:45 - mmengine - INFO - paramwise_options -- img_backbone.layer3.19.conv3.weight:lr_mult=0.1
2026/07/23 06:25:45 - mmengine - WARNING - img_backbone.layer3.19.bn3.weight is skipped since its requires_grad=False
2026/07/23 06:25:45 - mmengine - WARNING - img_backbone.layer3.19.bn3.bias is skipped since its requires_grad=False
2026/07/23 06:25:45 - mmengine - INFO - paramwise_options -- img_backbone.layer3.20.conv1.weight:lr=2e-05
2026/07/23 06:25:45 - mmengine - INFO - paramwise_options -- img_backbone.layer3.20.conv1.weight:weight_decay=0.01
2026/07/23 06:25:45 - mmengine - INFO - paramwise_options -- img_backbone.layer3.20.conv1.weight:lr_mult=0.1
2026/07/23 06:25:45 - mmengine - WARNING - img_backbone.layer3.20.bn1.weight is skipped since its requires_grad=False
2026/07/23 06:25:45 - mmengine - WARNING - img_backbone.layer3.20.bn1.bias is skipped since its requires_grad=False
2026/07/23 06:25:45 - mmengine - INFO - paramwise_options -- img_backbone.layer3.20.conv2.weight:lr=2e-05
2026/07/23 06:25:45 - mmengine - INFO - paramwise_options -- img_backbone.layer3.20.conv2.weight:weight_decay=0.01
2026/07/23 06:25:45 - mmengine - INFO - paramwise_options -- img_backbone.layer3.20.conv2.weight:lr_mult=0.1
2026/07/23 06:25:45 - mmengine - INFO - paramwise_options -- img_backbone.layer3.20.conv2.conv_offset.weight:lr=2e-05
2026/07/23 06:25:45 - mmengine - INFO - paramwise_options -- img_backbone.layer3.20.conv2.conv_offset.weight:weight_decay=0.01
2026/07/23 06:25:45 - mmengine - INFO - paramwise_options -- img_backbone.layer3.20.conv2.conv_offset.weight:lr_mult=0.1
2026/07/23 06:25:45 - mmengine - INFO - paramwise_options -- img_backbone.layer3.20.conv2.conv_offset.bias:lr=2e-05
2026/07/23 06:25:45 - mmengine - INFO - paramwise_options -- img_backbone.layer3.20.conv2.conv_offset.bias:weight_decay=0.01
2026/07/23 06:25:45 - mmengine - INFO - paramwise_options -- img_backbone.layer3.20.conv2.conv_offset.bias:lr_mult=0.1
2026/07/23 06:25:45 - mmengine - WARNING - img_backbone.layer3.20.bn2.weight is skipped since its requires_grad=False
2026/07/23 06:25:45 - mmengine - WARNING - img_backbone.layer3.20.bn2.bias is skipped since its requires_grad=False
2026/07/23 06:25:45 - mmengine - INFO - paramwise_options -- img_backbone.layer3.20.conv3.weight:lr=2e-05
2026/07/23 06:25:45 - mmengine - INFO - paramwise_options -- img_backbone.layer3.20.conv3.weight:weight_decay=0.01
2026/07/23 06:25:45 - mmengine - INFO - paramwise_options -- img_backbone.layer3.20.conv3.weight:lr_mult=0.1
2026/07/23 06:25:45 - mmengine - WARNING - img_backbone.layer3.20.bn3.weight is skipped since its requires_grad=False
2026/07/23 06:25:45 - mmengine - WARNING - img_backbone.layer3.20.bn3.bias is skipped since its requires_grad=False
2026/07/23 06:25:45 - mmengine - INFO - paramwise_options -- img_backbone.layer3.21.conv1.weight:lr=2e-05
2026/07/23 06:25:45 - mmengine - INFO - paramwise_options -- img_backbone.layer3.21.conv1.weight:weight_decay=0.01
2026/07/23 06:25:45 - mmengine - INFO - paramwise_options -- img_backbone.layer3.21.conv1.weight:lr_mult=0.1
2026/07/23 06:25:45 - mmengine - WARNING - img_backbone.layer3.21.bn1.weight is skipped since its requires_grad=False
2026/07/23 06:25:45 - mmengine - WARNING - img_backbone.layer3.21.bn1.bias is skipped since its requires_grad=False
2026/07/23 06:25:45 - mmengine - INFO - paramwise_options -- img_backbone.layer3.21.conv2.weight:lr=2e-05
2026/07/23 06:25:45 - mmengine - INFO - paramwise_options -- img_backbone.layer3.21.conv2.weight:weight_decay=0.01
2026/07/23 06:25:45 - mmengine - INFO - paramwise_options -- img_backbone.layer3.21.conv2.weight:lr_mult=0.1
2026/07/23 06:25:45 - mmengine - INFO - paramwise_options -- img_backbone.layer3.21.conv2.conv_offset.weight:lr=2e-05
2026/07/23 06:25:45 - mmengine - INFO - paramwise_options -- img_backbone.layer3.21.conv2.conv_offset.weight:weight_decay=0.01
2026/07/23 06:25:45 - mmengine - INFO - paramwise_options -- img_backbone.layer3.21.conv2.conv_offset.weight:lr_mult=0.1
2026/07/23 06:25:45 - mmengine - INFO - paramwise_options -- img_backbone.layer3.21.conv2.conv_offset.bias:lr=2e-05
2026/07/23 06:25:45 - mmengine - INFO - paramwise_options -- img_backbone.layer3.21.conv2.conv_offset.bias:weight_decay=0.01
2026/07/23 06:25:45 - mmengine - INFO - paramwise_options -- img_backbone.layer3.21.conv2.conv_offset.bias:lr_mult=0.1
2026/07/23 06:25:45 - mmengine - WARNING - img_backbone.layer3.21.bn2.weight is skipped since its requires_grad=False
2026/07/23 06:25:45 - mmengine - WARNING - img_backbone.layer3.21.bn2.bias is skipped since its requires_grad=False
2026/07/23 06:25:45 - mmengine - INFO - paramwise_options -- img_backbone.layer3.21.conv3.weight:lr=2e-05
2026/07/23 06:25:45 - mmengine - INFO - paramwise_options -- img_backbone.layer3.21.conv3.weight:weight_decay=0.01
2026/07/23 06:25:45 - mmengine - INFO - paramwise_options -- img_backbone.layer3.21.conv3.weight:lr_mult=0.1
2026/07/23 06:25:45 - mmengine - WARNING - img_backbone.layer3.21.bn3.weight is skipped since its requires_grad=False
2026/07/23 06:25:45 - mmengine - WARNING - img_backbone.layer3.21.bn3.bias is skipped since its requires_grad=False
2026/07/23 06:25:45 - mmengine - INFO - paramwise_options -- img_backbone.layer3.22.conv1.weight:lr=2e-05
2026/07/23 06:25:45 - mmengine - INFO - paramwise_options -- img_backbone.layer3.22.conv1.weight:weight_decay=0.01
2026/07/23 06:25:45 - mmengine - INFO - paramwise_options -- img_backbone.layer3.22.conv1.weight:lr_mult=0.1
2026/07/23 06:25:45 - mmengine - WARNING - img_backbone.layer3.22.bn1.weight is skipped since its requires_grad=False
2026/07/23 06:25:45 - mmengine - WARNING - img_backbone.layer3.22.bn1.bias is skipped since its requires_grad=False
2026/07/23 06:25:45 - mmengine - INFO - paramwise_options -- img_backbone.layer3.22.conv2.weight:lr=2e-05
2026/07/23 06:25:45 - mmengine - INFO - paramwise_options -- img_backbone.layer3.22.conv2.weight:weight_decay=0.01
2026/07/23 06:25:45 - mmengine - INFO - paramwise_options -- img_backbone.layer3.22.conv2.weight:lr_mult=0.1
2026/07/23 06:25:45 - mmengine - INFO - paramwise_options -- img_backbone.layer3.22.conv2.conv_offset.weight:lr=2e-05
2026/07/23 06:25:45 - mmengine - INFO - paramwise_options -- img_backbone.layer3.22.conv2.conv_offset.weight:weight_decay=0.01
2026/07/23 06:25:45 - mmengine - INFO - paramwise_options -- img_backbone.layer3.22.conv2.conv_offset.weight:lr_mult=0.1
2026/07/23 06:25:45 - mmengine - INFO - paramwise_options -- img_backbone.layer3.22.conv2.conv_offset.bias:lr=2e-05
2026/07/23 06:25:45 - mmengine - INFO - paramwise_options -- img_backbone.layer3.22.conv2.conv_offset.bias:weight_decay=0.01
2026/07/23 06:25:45 - mmengine - INFO - paramwise_options -- img_backbone.layer3.22.conv2.conv_offset.bias:lr_mult=0.1
2026/07/23 06:25:45 - mmengine - WARNING - img_backbone.layer3.22.bn2.weight is skipped since its requires_grad=False
2026/07/23 06:25:45 - mmengine - WARNING - img_backbone.layer3.22.bn2.bias is skipped since its requires_grad=False
2026/07/23 06:25:45 - mmengine - INFO - paramwise_options -- img_backbone.layer3.22.conv3.weight:lr=2e-05
2026/07/23 06:25:45 - mmengine - INFO - paramwise_options -- img_backbone.layer3.22.conv3.weight:weight_decay=0.01
2026/07/23 06:25:45 - mmengine - INFO - paramwise_options -- img_backbone.layer3.22.conv3.weight:lr_mult=0.1
2026/07/23 06:25:45 - mmengine - WARNING - img_backbone.layer3.22.bn3.weight is skipped since its requires_grad=False
2026/07/23 06:25:45 - mmengine - WARNING - img_backbone.layer3.22.bn3.bias is skipped since its requires_grad=False
2026/07/23 06:25:45 - mmengine - INFO - paramwise_options -- img_backbone.layer4.0.conv1.weight:lr=2e-05
2026/07/23 06:25:45 - mmengine - INFO - paramwise_options -- img_backbone.layer4.0.conv1.weight:weight_decay=0.01
2026/07/23 06:25:45 - mmengine - INFO - paramwise_options -- img_backbone.layer4.0.conv1.weight:lr_mult=0.1
2026/07/23 06:25:45 - mmengine - WARNING - img_backbone.layer4.0.bn1.weight is skipped since its requires_grad=False
2026/07/23 06:25:45 - mmengine - WARNING - img_backbone.layer4.0.bn1.bias is skipped since its requires_grad=False
2026/07/23 06:25:45 - mmengine - INFO - paramwise_options -- img_backbone.layer4.0.conv2.weight:lr=2e-05
2026/07/23 06:25:45 - mmengine - INFO - paramwise_options -- img_backbone.layer4.0.conv2.weight:weight_decay=0.01
2026/07/23 06:25:45 - mmengine - INFO - paramwise_options -- img_backbone.layer4.0.conv2.weight:lr_mult=0.1
2026/07/23 06:25:45 - mmengine - INFO - paramwise_options -- img_backbone.layer4.0.conv2.conv_offset.weight:lr=2e-05
2026/07/23 06:25:45 - mmengine - INFO - paramwise_options -- img_backbone.layer4.0.conv2.conv_offset.weight:weight_decay=0.01
2026/07/23 06:25:45 - mmengine - INFO - paramwise_options -- img_backbone.layer4.0.conv2.conv_offset.weight:lr_mult=0.1
2026/07/23 06:25:45 - mmengine - INFO - paramwise_options -- img_backbone.layer4.0.conv2.conv_offset.bias:lr=2e-05
2026/07/23 06:25:45 - mmengine - INFO - paramwise_options -- img_backbone.layer4.0.conv2.conv_offset.bias:weight_decay=0.01
2026/07/23 06:25:45 - mmengine - INFO - paramwise_options -- img_backbone.layer4.0.conv2.conv_offset.bias:lr_mult=0.1
2026/07/23 06:25:45 - mmengine - WARNING - img_backbone.layer4.0.bn2.weight is skipped since its requires_grad=False
2026/07/23 06:25:45 - mmengine - WARNING - img_backbone.layer4.0.bn2.bias is skipped since its requires_grad=False
2026/07/23 06:25:45 - mmengine - INFO - paramwise_options -- img_backbone.layer4.0.conv3.weight:lr=2e-05
2026/07/23 06:25:45 - mmengine - INFO - paramwise_options -- img_backbone.layer4.0.conv3.weight:weight_decay=0.01
2026/07/23 06:25:45 - mmengine - INFO - paramwise_options -- img_backbone.layer4.0.conv3.weight:lr_mult=0.1
2026/07/23 06:25:45 - mmengine - WARNING - img_backbone.layer4.0.bn3.weight is skipped since its requires_grad=False
2026/07/23 06:25:45 - mmengine - WARNING - img_backbone.layer4.0.bn3.bias is skipped since its requires_grad=False
2026/07/23 06:25:45 - mmengine - INFO - paramwise_options -- img_backbone.layer4.0.downsample.0.weight:lr=2e-05
2026/07/23 06:25:45 - mmengine - INFO - paramwise_options -- img_backbone.layer4.0.downsample.0.weight:weight_decay=0.01
2026/07/23 06:25:45 - mmengine - INFO - paramwise_options -- img_backbone.layer4.0.downsample.0.weight:lr_mult=0.1
2026/07/23 06:25:45 - mmengine - WARNING - img_backbone.layer4.0.downsample.1.weight is skipped since its requires_grad=False
2026/07/23 06:25:45 - mmengine - WARNING - img_backbone.layer4.0.downsample.1.bias is skipped since its requires_grad=False
2026/07/23 06:25:45 - mmengine - INFO - paramwise_options -- img_backbone.layer4.1.conv1.weight:lr=2e-05
2026/07/23 06:25:45 - mmengine - INFO - paramwise_options -- img_backbone.layer4.1.conv1.weight:weight_decay=0.01
2026/07/23 06:25:45 - mmengine - INFO - paramwise_options -- img_backbone.layer4.1.conv1.weight:lr_mult=0.1
2026/07/23 06:25:45 - mmengine - WARNING - img_backbone.layer4.1.bn1.weight is skipped since its requires_grad=False
2026/07/23 06:25:45 - mmengine - WARNING - img_backbone.layer4.1.bn1.bias is skipped since its requires_grad=False
2026/07/23 06:25:45 - mmengine - INFO - paramwise_options -- img_backbone.layer4.1.conv2.weight:lr=2e-05
2026/07/23 06:25:45 - mmengine - INFO - paramwise_options -- img_backbone.layer4.1.conv2.weight:weight_decay=0.01
2026/07/23 06:25:45 - mmengine - INFO - paramwise_options -- img_backbone.layer4.1.conv2.weight:lr_mult=0.1
2026/07/23 06:25:45 - mmengine - INFO - paramwise_options -- img_backbone.layer4.1.conv2.conv_offset.weight:lr=2e-05
2026/07/23 06:25:45 - mmengine - INFO - paramwise_options -- img_backbone.layer4.1.conv2.conv_offset.weight:weight_decay=0.01
2026/07/23 06:25:45 - mmengine - INFO - paramwise_options -- img_backbone.layer4.1.conv2.conv_offset.weight:lr_mult=0.1
2026/07/23 06:25:45 - mmengine - INFO - paramwise_options -- img_backbone.layer4.1.conv2.conv_offset.bias:lr=2e-05
2026/07/23 06:25:45 - mmengine - INFO - paramwise_options -- img_backbone.layer4.1.conv2.conv_offset.bias:weight_decay=0.01
2026/07/23 06:25:45 - mmengine - INFO - paramwise_options -- img_backbone.layer4.1.conv2.conv_offset.bias:lr_mult=0.1
2026/07/23 06:25:45 - mmengine - WARNING - img_backbone.layer4.1.bn2.weight is skipped since its requires_grad=False
2026/07/23 06:25:45 - mmengine - WARNING - img_backbone.layer4.1.bn2.bias is skipped since its requires_grad=False
2026/07/23 06:25:45 - mmengine - INFO - paramwise_options -- img_backbone.layer4.1.conv3.weight:lr=2e-05
2026/07/23 06:25:45 - mmengine - INFO - paramwise_options -- img_backbone.layer4.1.conv3.weight:weight_decay=0.01
2026/07/23 06:25:45 - mmengine - INFO - paramwise_options -- img_backbone.layer4.1.conv3.weight:lr_mult=0.1
2026/07/23 06:25:45 - mmengine - WARNING - img_backbone.layer4.1.bn3.weight is skipped since its requires_grad=False
2026/07/23 06:25:45 - mmengine - WARNING - img_backbone.layer4.1.bn3.bias is skipped since its requires_grad=False
2026/07/23 06:25:45 - mmengine - INFO - paramwise_options -- img_backbone.layer4.2.conv1.weight:lr=2e-05
2026/07/23 06:25:45 - mmengine - INFO - paramwise_options -- img_backbone.layer4.2.conv1.weight:weight_decay=0.01
2026/07/23 06:25:45 - mmengine - INFO - paramwise_options -- img_backbone.layer4.2.conv1.weight:lr_mult=0.1
2026/07/23 06:25:45 - mmengine - WARNING - img_backbone.layer4.2.bn1.weight is skipped since its requires_grad=False
2026/07/23 06:25:45 - mmengine - WARNING - img_backbone.layer4.2.bn1.bias is skipped since its requires_grad=False
2026/07/23 06:25:45 - mmengine - INFO - paramwise_options -- img_backbone.layer4.2.conv2.weight:lr=2e-05
2026/07/23 06:25:45 - mmengine - INFO - paramwise_options -- img_backbone.layer4.2.conv2.weight:weight_decay=0.01
2026/07/23 06:25:45 - mmengine - INFO - paramwise_options -- img_backbone.layer4.2.conv2.weight:lr_mult=0.1
2026/07/23 06:25:45 - mmengine - INFO - paramwise_options -- img_backbone.layer4.2.conv2.conv_offset.weight:lr=2e-05
2026/07/23 06:25:45 - mmengine - INFO - paramwise_options -- img_backbone.layer4.2.conv2.conv_offset.weight:weight_decay=0.01
2026/07/23 06:25:45 - mmengine - INFO - paramwise_options -- img_backbone.layer4.2.conv2.conv_offset.weight:lr_mult=0.1
2026/07/23 06:25:45 - mmengine - INFO - paramwise_options -- img_backbone.layer4.2.conv2.conv_offset.bias:lr=2e-05
2026/07/23 06:25:45 - mmengine - INFO - paramwise_options -- img_backbone.layer4.2.conv2.conv_offset.bias:weight_decay=0.01
2026/07/23 06:25:45 - mmengine - INFO - paramwise_options -- img_backbone.layer4.2.conv2.conv_offset.bias:lr_mult=0.1
2026/07/23 06:25:45 - mmengine - WARNING - img_backbone.layer4.2.bn2.weight is skipped since its requires_grad=False
2026/07/23 06:25:45 - mmengine - WARNING - img_backbone.layer4.2.bn2.bias is skipped since its requires_grad=False
2026/07/23 06:25:45 - mmengine - INFO - paramwise_options -- img_backbone.layer4.2.conv3.weight:lr=2e-05
2026/07/23 06:25:45 - mmengine - INFO - paramwise_options -- img_backbone.layer4.2.conv3.weight:weight_decay=0.01
2026/07/23 06:25:45 - mmengine - INFO - paramwise_options -- img_backbone.layer4.2.conv3.weight:lr_mult=0.1
2026/07/23 06:25:45 - mmengine - WARNING - img_backbone.layer4.2.bn3.weight is skipped since its requires_grad=False
2026/07/23 06:25:45 - mmengine - WARNING - img_backbone.layer4.2.bn3.bias is skipped since its requires_grad=False
2026/07/23 06:25:45 - mmengine - WARNING - map_decoder.pts_bbox_head.code_weights is skipped since its requires_grad=False
2026/07/23 06:25:45 - mmengine - WARNING - map_decoder.pts_bbox_head.map_adapter_layers.0.0.weight is skipped since its requires_grad=False
2026/07/23 06:25:45 - mmengine - WARNING - map_decoder.pts_bbox_head.map_adapter_layers.0.0.bias is skipped since its requires_grad=False
2026/07/23 06:25:45 - mmengine - WARNING - map_decoder.pts_bbox_head.map_adapter_layers.0.1.weight is skipped since its requires_grad=False
2026/07/23 06:25:45 - mmengine - WARNING - map_decoder.pts_bbox_head.map_adapter_layers.0.1.bias is skipped since its requires_grad=False
2026/07/23 06:25:45 - mmengine - WARNING - map_decoder.pts_bbox_head.map_adapter_layers.1.weight is skipped since its requires_grad=False
2026/07/23 06:25:45 - mmengine - WARNING - map_decoder.pts_bbox_head.map_adapter_layers.1.bias is skipped since its requires_grad=False
2026/07/23 06:25:45 - mmengine - WARNING - map_decoder.pts_bbox_head.cls_branches.0.weight is skipped since its requires_grad=False
2026/07/23 06:25:45 - mmengine - WARNING - map_decoder.pts_bbox_head.cls_branches.0.bias is skipped since its requires_grad=False
2026/07/23 06:25:45 - mmengine - WARNING - map_decoder.pts_bbox_head.cls_branches.1.weight is skipped since its requires_grad=False
2026/07/23 06:25:45 - mmengine - WARNING - map_decoder.pts_bbox_head.cls_branches.1.bias is skipped since its requires_grad=False
2026/07/23 06:25:45 - mmengine - WARNING - map_decoder.pts_bbox_head.cls_branches.3.weight is skipped since its requires_grad=False
2026/07/23 06:25:45 - mmengine - WARNING - map_decoder.pts_bbox_head.cls_branches.3.bias is skipped since its requires_grad=False
2026/07/23 06:25:45 - mmengine - WARNING - map_decoder.pts_bbox_head.cls_branches.4.weight is skipped since its requires_grad=False
2026/07/23 06:25:45 - mmengine - WARNING - map_decoder.pts_bbox_head.cls_branches.4.bias is skipped since its requires_grad=False
2026/07/23 06:25:45 - mmengine - WARNING - map_decoder.pts_bbox_head.cls_branches.6.weight is skipped since its requires_grad=False
2026/07/23 06:25:45 - mmengine - WARNING - map_decoder.pts_bbox_head.cls_branches.6.bias is skipped since its requires_grad=False
2026/07/23 06:25:45 - mmengine - WARNING - map_decoder.pts_bbox_head.reg_branches.0.weight is skipped since its requires_grad=False
2026/07/23 06:25:45 - mmengine - WARNING - map_decoder.pts_bbox_head.reg_branches.0.bias is skipped since its requires_grad=False
2026/07/23 06:25:45 - mmengine - WARNING - map_decoder.pts_bbox_head.reg_branches.2.weight is skipped since its requires_grad=False
2026/07/23 06:25:45 - mmengine - WARNING - map_decoder.pts_bbox_head.reg_branches.2.bias is skipped since its requires_grad=False
2026/07/23 06:25:45 - mmengine - WARNING - map_decoder.pts_bbox_head.reg_branches.4.weight is skipped since its requires_grad=False
2026/07/23 06:25:45 - mmengine - WARNING - map_decoder.pts_bbox_head.reg_branches.4.bias is skipped since its requires_grad=False
2026/07/23 06:25:45 - mmengine - WARNING - map_decoder.pts_bbox_head.reg_branches.6.weight is skipped since its requires_grad=False
2026/07/23 06:25:45 - mmengine - WARNING - map_decoder.pts_bbox_head.reg_branches.6.bias is skipped since its requires_grad=False
2026/07/23 06:25:45 - mmengine - WARNING - planner_head.ego_query.weight is skipped since its requires_grad=False
2026/07/23 06:25:45 - mmengine - WARNING - planner_head.ego_agent_decoder.layers.0.attentions.0.attn.in_proj_weight is skipped since its requires_grad=False
2026/07/23 06:25:45 - mmengine - WARNING - planner_head.ego_agent_decoder.layers.0.attentions.0.attn.in_proj_bias is skipped since its requires_grad=False
2026/07/23 06:25:45 - mmengine - WARNING - planner_head.ego_agent_decoder.layers.0.attentions.0.attn.out_proj.weight is skipped since its requires_grad=False
2026/07/23 06:25:45 - mmengine - WARNING - planner_head.ego_agent_decoder.layers.0.attentions.0.attn.out_proj.bias is skipped since its requires_grad=False
2026/07/23 06:25:45 - mmengine - WARNING - planner_head.ego_agent_decoder.layers.0.ffns.0.layers.0.0.weight is skipped since its requires_grad=False
2026/07/23 06:25:45 - mmengine - WARNING - planner_head.ego_agent_decoder.layers.0.ffns.0.layers.0.0.bias is skipped since its requires_grad=False
2026/07/23 06:25:45 - mmengine - WARNING - planner_head.ego_agent_decoder.layers.0.ffns.0.layers.1.weight is skipped since its requires_grad=False
2026/07/23 06:25:45 - mmengine - WARNING - planner_head.ego_agent_decoder.layers.0.ffns.0.layers.1.bias is skipped since its requires_grad=False
2026/07/23 06:25:45 - mmengine - WARNING - planner_head.ego_agent_decoder.layers.0.norms.0.weight is skipped since its requires_grad=False
2026/07/23 06:25:45 - mmengine - WARNING - planner_head.ego_agent_decoder.layers.0.norms.0.bias is skipped since its requires_grad=False
2026/07/23 06:25:45 - mmengine - WARNING - planner_head.ego_agent_decoder.layers.0.norms.1.weight is skipped since its requires_grad=False
2026/07/23 06:25:45 - mmengine - WARNING - planner_head.ego_agent_decoder.layers.0.norms.1.bias is skipped since its requires_grad=False
2026/07/23 06:25:45 - mmengine - WARNING - planner_head.ego_map_decoder.layers.0.attentions.0.attn.in_proj_weight is skipped since its requires_grad=False
2026/07/23 06:25:45 - mmengine - WARNING - planner_head.ego_map_decoder.layers.0.attentions.0.attn.in_proj_bias is skipped since its requires_grad=False
2026/07/23 06:25:45 - mmengine - WARNING - planner_head.ego_map_decoder.layers.0.attentions.0.attn.out_proj.weight is skipped since its requires_grad=False
2026/07/23 06:25:45 - mmengine - WARNING - planner_head.ego_map_decoder.layers.0.attentions.0.attn.out_proj.bias is skipped since its requires_grad=False
2026/07/23 06:25:45 - mmengine - WARNING - planner_head.ego_map_decoder.layers.0.ffns.0.layers.0.0.weight is skipped since its requires_grad=False
2026/07/23 06:25:45 - mmengine - WARNING - planner_head.ego_map_decoder.layers.0.ffns.0.layers.0.0.bias is skipped since its requires_grad=False
2026/07/23 06:25:45 - mmengine - WARNING - planner_head.ego_map_decoder.layers.0.ffns.0.layers.1.weight is skipped since its requires_grad=False
2026/07/23 06:25:45 - mmengine - WARNING - planner_head.ego_map_decoder.layers.0.ffns.0.layers.1.bias is skipped since its requires_grad=False
2026/07/23 06:25:45 - mmengine - WARNING - planner_head.ego_map_decoder.layers.0.norms.0.weight is skipped since its requires_grad=False
2026/07/23 06:25:45 - mmengine - WARNING - planner_head.ego_map_decoder.layers.0.norms.0.bias is skipped since its requires_grad=False
2026/07/23 06:25:45 - mmengine - WARNING - planner_head.ego_map_decoder.layers.0.norms.1.weight is skipped since its requires_grad=False
2026/07/23 06:25:45 - mmengine - WARNING - planner_head.ego_map_decoder.layers.0.norms.1.bias is skipped since its requires_grad=False
2026/07/23 06:25:45 - mmengine - WARNING - planner_head.ego_gaussian_decoder.layers.0.attentions.0.attn.in_proj_weight is skipped since its requires_grad=False
2026/07/23 06:25:45 - mmengine - WARNING - planner_head.ego_gaussian_decoder.layers.0.attentions.0.attn.in_proj_bias is skipped since its requires_grad=False
2026/07/23 06:25:45 - mmengine - WARNING - planner_head.ego_gaussian_decoder.layers.0.attentions.0.attn.out_proj.weight is skipped since its requires_grad=False
2026/07/23 06:25:45 - mmengine - WARNING - planner_head.ego_gaussian_decoder.layers.0.attentions.0.attn.out_proj.bias is skipped since its requires_grad=False
2026/07/23 06:25:45 - mmengine - WARNING - planner_head.ego_gaussian_decoder.layers.0.ffns.0.layers.0.0.weight is skipped since its requires_grad=False
2026/07/23 06:25:45 - mmengine - WARNING - planner_head.ego_gaussian_decoder.layers.0.ffns.0.layers.0.0.bias is skipped since its requires_grad=False
2026/07/23 06:25:45 - mmengine - WARNING - planner_head.ego_gaussian_decoder.layers.0.ffns.0.layers.1.weight is skipped since its requires_grad=False
2026/07/23 06:25:45 - mmengine - WARNING - planner_head.ego_gaussian_decoder.layers.0.ffns.0.layers.1.bias is skipped since its requires_grad=False
2026/07/23 06:25:45 - mmengine - WARNING - planner_head.ego_gaussian_decoder.layers.0.norms.0.weight is skipped since its requires_grad=False
2026/07/23 06:25:45 - mmengine - WARNING - planner_head.ego_gaussian_decoder.layers.0.norms.0.bias is skipped since its requires_grad=False
2026/07/23 06:25:45 - mmengine - WARNING - planner_head.ego_gaussian_decoder.layers.0.norms.1.weight is skipped since its requires_grad=False
2026/07/23 06:25:45 - mmengine - WARNING - planner_head.ego_gaussian_decoder.layers.0.norms.1.bias is skipped since its requires_grad=False
2026/07/23 06:25:45 - mmengine - WARNING - planner_head.ego_fut_decoder.0.weight is skipped since its requires_grad=False
2026/07/23 06:25:45 - mmengine - WARNING - planner_head.ego_fut_decoder.0.bias is skipped since its requires_grad=False
2026/07/23 06:25:45 - mmengine - WARNING - planner_head.ego_fut_decoder.2.weight is skipped since its requires_grad=False
2026/07/23 06:25:45 - mmengine - WARNING - planner_head.ego_fut_decoder.2.bias is skipped since its requires_grad=False
2026/07/23 06:25:45 - mmengine - WARNING - planner_head.ego_fut_decoder.4.weight is skipped since its requires_grad=False
2026/07/23 06:25:45 - mmengine - WARNING - planner_head.ego_fut_decoder.4.bias is skipped since its requires_grad=False
2026/07/23 06:25:45 - mmengine - WARNING - planner_head.agent_fus_mlp.0.weight is skipped since its requires_grad=False
2026/07/23 06:25:45 - mmengine - WARNING - planner_head.agent_fus_mlp.0.bias is skipped since its requires_grad=False
2026/07/23 06:25:45 - mmengine - WARNING - planner_head.agent_fus_mlp.1.weight is skipped since its requires_grad=False
2026/07/23 06:25:45 - mmengine - WARNING - planner_head.agent_fus_mlp.1.bias is skipped since its requires_grad=False
2026/07/23 06:25:45 - mmengine - WARNING - planner_head.agent_fus_mlp.3.weight is skipped since its requires_grad=False
2026/07/23 06:25:45 - mmengine - WARNING - planner_head.agent_fus_mlp.3.bias is skipped since its requires_grad=False
2026/07/23 06:25:45 - mmengine - WARNING - planner_head.map_fus_mlp.0.weight is skipped since its requires_grad=False
2026/07/23 06:25:45 - mmengine - WARNING - planner_head.map_fus_mlp.0.bias is skipped since its requires_grad=False
2026/07/23 06:25:45 - mmengine - WARNING - planner_head.map_fus_mlp.1.weight is skipped since its requires_grad=False
2026/07/23 06:25:45 - mmengine - WARNING - planner_head.map_fus_mlp.1.bias is skipped since its requires_grad=False
2026/07/23 06:25:45 - mmengine - WARNING - planner_head.map_fus_mlp.3.weight is skipped since its requires_grad=False
2026/07/23 06:25:45 - mmengine - WARNING - planner_head.map_fus_mlp.3.bias is skipped since its requires_grad=False
2026/07/23 06:25:45 - mmengine - WARNING - planner_head.gaussian_fus_mlp.0.weight is skipped since its requires_grad=False
2026/07/23 06:25:45 - mmengine - WARNING - planner_head.gaussian_fus_mlp.0.bias is skipped since its requires_grad=False
2026/07/23 06:25:45 - mmengine - WARNING - planner_head.gaussian_fus_mlp.1.weight is skipped since its requires_grad=False
2026/07/23 06:25:45 - mmengine - WARNING - planner_head.gaussian_fus_mlp.1.bias is skipped since its requires_grad=False
2026/07/23 06:25:45 - mmengine - WARNING - planner_head.gaussian_fus_mlp.3.weight is skipped since its requires_grad=False
2026/07/23 06:25:45 - mmengine - WARNING - planner_head.gaussian_fus_mlp.3.bias is skipped since its requires_grad=False
2026/07/23 06:25:46 - mmengine - INFO - resume from: 
2026/07/23 06:25:46 - mmengine - INFO - work dir: out/nuscenes_gs25600_gtbox_oracle_v10_fix
2026/07/23 06:26:20 - mmengine - INFO - [TRAIN] Epoch 0 Iter     0/750: Loss: 58.862 (58.862), grad_norm: 501.101, lr: 0.0000010, time: 22.901 (3.465)
2026/07/23 06:26:20 - mmengine - INFO - OccupancyLoss: 21.46144, OccupancyFlowLoss: 19.94753, DetectionLoss: 16.56349, DynamicLoss: 0.88646, PhysicsLoss: 0.00290
2026/07/23 06:30:30 - mmengine - INFO - [TRAIN] Epoch 0 Iter    50/750: Loss: 59.351 (51.266), grad_norm: 431.918, lr: 0.0000029, time: 4.917 (0.008)
2026/07/23 06:30:30 - mmengine - INFO - OccupancyLoss: 31.53053, OccupancyFlowLoss: 15.18217, DetectionLoss: 11.92884, DynamicLoss: 0.70906, PhysicsLoss: 0.00000
2026/07/23 06:34:48 - mmengine - INFO - [TRAIN] Epoch 0 Iter   100/750: Loss: 53.976 (49.831), grad_norm: 164.207, lr: 0.0000048, time: 5.293 (0.008)
2026/07/23 06:34:48 - mmengine - INFO - OccupancyLoss: 22.59183, OccupancyFlowLoss: 18.82893, DetectionLoss: 11.91141, DynamicLoss: 0.25916, PhysicsLoss: 0.38463
2026/07/23 06:39:18 - mmengine - INFO - [TRAIN] Epoch 0 Iter   150/750: Loss: 47.133 (47.530), grad_norm: 106.983, lr: 0.0000067, time: 5.414 (0.008)
2026/07/23 06:39:18 - mmengine - INFO - OccupancyLoss: 13.40234, OccupancyFlowLoss: 22.19644, DetectionLoss: 11.39374, DynamicLoss: 0.10970, PhysicsLoss: 0.03106
2026/07/23 06:43:50 - mmengine - INFO - [TRAIN] Epoch 0 Iter   200/750: Loss: 54.880 (43.355), grad_norm: 38.976, lr: 0.0000086, time: 5.355 (0.008)
2026/07/23 06:43:50 - mmengine - INFO - OccupancyLoss: 21.71796, OccupancyFlowLoss: 19.97834, DetectionLoss: 13.15805, DynamicLoss: 0.02547, PhysicsLoss: 0.00000
2026/07/23 06:48:22 - mmengine - INFO - [TRAIN] Epoch 0 Iter   250/750: Loss: 39.842 (45.070), grad_norm: 34.086, lr: 0.0000105, time: 5.454 (0.008)
2026/07/23 06:48:22 - mmengine - INFO - OccupancyLoss: 7.42664, OccupancyFlowLoss: 20.33549, DetectionLoss: 12.01910, DynamicLoss: 0.05761, PhysicsLoss: 0.00320
2026/07/23 06:52:50 - mmengine - INFO - [TRAIN] Epoch 0 Iter   300/750: Loss: 40.086 (42.654), grad_norm: 22.877, lr: 0.0000124, time: 5.235 (0.008)
2026/07/23 06:52:50 - mmengine - INFO - OccupancyLoss: 11.28205, OccupancyFlowLoss: 20.57182, DetectionLoss: 8.15223, DynamicLoss: 0.07954, PhysicsLoss: 0.00027
2026/07/23 06:57:18 - mmengine - INFO - [TRAIN] Epoch 0 Iter   350/750: Loss: 45.636 (44.107), grad_norm: 24.464, lr: 0.0000143, time: 5.483 (0.008)
2026/07/23 06:57:18 - mmengine - INFO - OccupancyLoss: 14.60948, OccupancyFlowLoss: 13.31699, DetectionLoss: 17.62830, DynamicLoss: 0.06832, PhysicsLoss: 0.01261
2026/07/23 07:01:57 - mmengine - INFO - [TRAIN] Epoch 0 Iter   400/750: Loss: 32.965 (40.796), grad_norm: 23.006, lr: 0.0000162, time: 5.440 (0.008)
2026/07/23 07:01:57 - mmengine - INFO - OccupancyLoss: 10.04687, OccupancyFlowLoss: 21.03068, DetectionLoss: 1.87329, DynamicLoss: 0.01394, PhysicsLoss: 0.00000
2026/07/23 07:06:27 - mmengine - INFO - [TRAIN] Epoch 0 Iter   450/750: Loss: 40.398 (42.774), grad_norm: 56.719, lr: 0.0000181, time: 5.528 (0.008)
2026/07/23 07:06:27 - mmengine - INFO - OccupancyLoss: 13.98899, OccupancyFlowLoss: 21.13403, DetectionLoss: 5.19653, DynamicLoss: 0.07653, PhysicsLoss: 0.00215
2026/07/23 07:10:56 - mmengine - INFO - [TRAIN] Epoch 0 Iter   500/750: Loss: 41.117 (41.051), grad_norm: 21.227, lr: 0.0000200, time: 5.348 (0.008)
2026/07/23 07:10:56 - mmengine - INFO - OccupancyLoss: 12.52486, OccupancyFlowLoss: 20.59690, DetectionLoss: 7.93624, DynamicLoss: 0.04808, PhysicsLoss: 0.01100
2026/07/23 07:15:25 - mmengine - INFO - [TRAIN] Epoch 0 Iter   550/750: Loss: 39.909 (42.126), grad_norm: 30.793, lr: 0.0000200, time: 5.452 (0.008)
2026/07/23 07:15:25 - mmengine - INFO - OccupancyLoss: 9.99838, OccupancyFlowLoss: 18.70237, DetectionLoss: 11.00300, DynamicLoss: 0.06587, PhysicsLoss: 0.13971
2026/07/23 07:19:56 - mmengine - INFO - [TRAIN] Epoch 0 Iter   600/750: Loss: 43.367 (42.339), grad_norm: 25.980, lr: 0.0000200, time: 5.541 (0.008)
2026/07/23 07:19:56 - mmengine - INFO - OccupancyLoss: 8.39331, OccupancyFlowLoss: 22.35115, DetectionLoss: 12.34714, DynamicLoss: 0.25452, PhysicsLoss: 0.02097
2026/07/23 07:24:25 - mmengine - INFO - [TRAIN] Epoch 0 Iter   650/750: Loss: 40.125 (41.167), grad_norm: 15.135, lr: 0.0000200, time: 5.240 (0.008)
2026/07/23 07:24:25 - mmengine - INFO - OccupancyLoss: 15.05014, OccupancyFlowLoss: 20.03108, DetectionLoss: 4.98831, DynamicLoss: 0.04461, PhysicsLoss: 0.01125
2026/07/23 07:28:54 - mmengine - INFO - [TRAIN] Epoch 0 Iter   700/750: Loss: 49.302 (40.306), grad_norm: 32.679, lr: 0.0000200, time: 5.326 (0.008)
2026/07/23 07:28:54 - mmengine - INFO - OccupancyLoss: 20.31481, OccupancyFlowLoss: 18.21945, DetectionLoss: 10.61843, DynamicLoss: 0.03335, PhysicsLoss: 0.11579
2026/07/23 07:33:27 - mmengine - INFO - [EVAL] Epoch 1 Iter     0: Loss: 39.512 (39.512)
2026/07/23 07:33:27 - mmengine - INFO - OccupancyLoss: 9.36265, OccupancyFlowLoss: 21.33706, DetectionLoss: 8.77043, DynamicLoss: 0.04182, PhysicsLoss: 0.00031
2026/07/23 07:34:28 - mmengine - INFO - [EVAL] Epoch 1 Iter    50: Loss: 36.122 (39.912)
2026/07/23 07:34:28 - mmengine - INFO - OccupancyLoss: 9.19471, OccupancyFlowLoss: 20.55466, DetectionLoss: 6.21688, DynamicLoss: 0.09079, PhysicsLoss: 0.06473
2026/07/23 07:35:29 - mmengine - INFO - [EVAL] Epoch 1 Iter   100: Loss: 40.347 (39.672)
2026/07/23 07:35:29 - mmengine - INFO - OccupancyLoss: 13.77097, OccupancyFlowLoss: 19.81948, DetectionLoss: 6.65894, DynamicLoss: 0.07103, PhysicsLoss: 0.02641
2026/07/23 07:36:30 - mmengine - INFO - [EVAL] Epoch 1 Iter   150: Loss: 17.672 (40.380)
2026/07/23 07:36:30 - mmengine - INFO - OccupancyLoss: 8.95214, OccupancyFlowLoss: 6.84502, DetectionLoss: 1.86669, DynamicLoss: 0.00826, PhysicsLoss: 0.00000
2026/07/23 07:37:32 - mmengine - INFO - [EVAL] Epoch 1 Iter   200: Loss: 33.559 (40.700)
2026/07/23 07:37:32 - mmengine - INFO - OccupancyLoss: 16.92954, OccupancyFlowLoss: 9.78088, DetectionLoss: 6.73831, DynamicLoss: 0.07339, PhysicsLoss: 0.03648
2026/07/23 07:38:34 - mmengine - INFO - [EVAL] Epoch 1 Iter   250: Loss: 45.716 (40.968)
2026/07/23 07:38:34 - mmengine - INFO - OccupancyLoss: 14.27344, OccupancyFlowLoss: 21.09674, DetectionLoss: 10.24501, DynamicLoss: 0.09668, PhysicsLoss: 0.00364
2026/07/23 07:39:35 - mmengine - INFO - [EVAL] Epoch 1 Iter   300: Loss: 39.833 (40.773)
2026/07/23 07:39:35 - mmengine - INFO - OccupancyLoss: 13.79849, OccupancyFlowLoss: 20.05802, DetectionLoss: 5.96464, DynamicLoss: 0.01189, PhysicsLoss: 0.00000
2026/07/23 07:40:38 - mmengine - INFO - [EVAL] Epoch 1 Iter   350: Loss: 31.354 (40.981)
2026/07/23 07:40:38 - mmengine - INFO - OccupancyLoss: 12.51435, OccupancyFlowLoss: 9.66330, DetectionLoss: 9.00226, DynamicLoss: 0.09240, PhysicsLoss: 0.08158
2026/07/23 07:41:39 - mmengine - INFO - [EVAL] Epoch 1 Iter   400: Loss: 28.943 (40.781)
2026/07/23 07:41:39 - mmengine - INFO - OccupancyLoss: 12.72732, OccupancyFlowLoss: 3.43262, DetectionLoss: 12.76140, DynamicLoss: 0.02130, PhysicsLoss: 0.00000
2026/07/23 07:42:43 - mmengine - INFO - [EVAL] Epoch 1 Iter   450: Loss: 50.509 (40.818)
2026/07/23 07:42:43 - mmengine - INFO - OccupancyLoss: 15.04159, OccupancyFlowLoss: 20.29495, DetectionLoss: 14.84655, DynamicLoss: 0.29911, PhysicsLoss: 0.02635
2026/07/23 07:43:54 - mmengine - INFO - Validation per class iou none:
2026/07/23 07:43:54 - mmengine - INFO - barrier : 0.00%, 0.00, 0.00
2026/07/23 07:43:54 - mmengine - INFO - bicycle : 0.00%, 0.00, 0.00
2026/07/23 07:43:54 - mmengine - INFO - bus : 0.00%, 0.00, 0.00
2026/07/23 07:43:54 - mmengine - INFO - car : 0.00%, 0.00, 0.00
2026/07/23 07:43:54 - mmengine - INFO - construction_vehicle : 0.00%, 0.00, 0.00
2026/07/23 07:43:54 - mmengine - INFO - motorcycle : 0.00%, 0.00, 0.00
2026/07/23 07:43:54 - mmengine - INFO - pedestrian : 0.00%, 0.00, 0.00
2026/07/23 07:43:54 - mmengine - INFO - traffic_cone : 0.00%, 0.00, 0.00
2026/07/23 07:43:54 - mmengine - INFO - trailer : 0.00%, 0.00, 0.00
2026/07/23 07:43:54 - mmengine - INFO - truck : 0.00%, 0.00, 0.00
2026/07/23 07:43:54 - mmengine - INFO - driveable_surface : 17.56%, 0.57, 0.20
2026/07/23 07:43:54 - mmengine - INFO - other_flat : 0.00%, 0.00, 0.00
2026/07/23 07:43:54 - mmengine - INFO - sidewalk : 0.38%, 0.20, 0.00
2026/07/23 07:43:54 - mmengine - INFO - terrain : 0.05%, 0.22, 0.00
2026/07/23 07:43:54 - mmengine - INFO - manmade : 0.00%, 0.00, 0.00
2026/07/23 07:43:54 - mmengine - INFO - vegetation : 0.10%, 0.22, 0.00
2026/07/23 07:43:54 - mmengine - INFO - tensor([  213109,    14566,   204192,  1435223,   106632,    22025,   206833,
           42653,   134799,   555406,  7051599,   345594,  2482869,  3418334,
         7852446,  8317553, 32659904], device='cuda:0', dtype=torch.int32)
2026/07/23 07:43:54 - mmengine - INFO - tensor([      0,       0,       0,       0,       0,       0,       0,       0,
              0,       0, 1429996,       0,    9643,    1660,       0,    8490,
        2007635], device='cuda:0', dtype=torch.int32)
2026/07/23 07:43:54 - mmengine - INFO - tensor([      0,       0,       0,      20,       0,       0,       0,       0,
              0,       0, 2521544,       0,   47223,    7667,       3,   38121,
        2614578], device='cuda:0', dtype=torch.int32)
2026/07/23 07:43:54 - mmengine - INFO - mIoU: 1.130844211729709, iou2: 6.034942626953125
2026/07/23 07:43:54 - mmengine - INFO - Current val loss is 40.918
2026/07/23 07:44:13 - mmengine - INFO - [TRAIN] Epoch 1 Iter     0/750: Loss: 43.980 (43.980), grad_norm: 16.103, lr: 0.0000200, time: 9.026 (3.394)
2026/07/23 07:44:13 - mmengine - INFO - OccupancyLoss: 12.52343, OccupancyFlowLoss: 20.80579, DetectionLoss: 10.58303, DynamicLoss: 0.05370, PhysicsLoss: 0.01361
2026/07/23 07:48:42 - mmengine - INFO - [TRAIN] Epoch 1 Iter    50/750: Loss: 27.263 (40.560), grad_norm: 26.212, lr: 0.0000200, time: 5.274 (0.008)
2026/07/23 07:48:42 - mmengine - INFO - OccupancyLoss: 11.63861, OccupancyFlowLoss: 10.27032, DetectionLoss: 5.33043, DynamicLoss: 0.02410, PhysicsLoss: 0.00000
2026/07/23 07:53:11 - mmengine - INFO - [TRAIN] Epoch 1 Iter   100/750: Loss: 42.570 (39.109), grad_norm: 24.145, lr: 0.0000200, time: 5.322 (0.008)
2026/07/23 07:53:11 - mmengine - INFO - OccupancyLoss: 13.15031, OccupancyFlowLoss: 22.37520, DetectionLoss: 6.98554, DynamicLoss: 0.05386, PhysicsLoss: 0.00535
2026/07/23 07:57:42 - mmengine - INFO - [TRAIN] Epoch 1 Iter   150/750: Loss: 36.203 (41.589), grad_norm: 22.455, lr: 0.0000200, time: 5.320 (0.008)
2026/07/23 07:57:42 - mmengine - INFO - OccupancyLoss: 11.86313, OccupancyFlowLoss: 19.60646, DetectionLoss: 4.69434, DynamicLoss: 0.03537, PhysicsLoss: 0.00377
2026/07/23 08:02:12 - mmengine - INFO - [TRAIN] Epoch 1 Iter   200/750: Loss: 31.390 (38.297), grad_norm: 32.848, lr: 0.0000200, time: 5.352 (0.008)
2026/07/23 08:02:12 - mmengine - INFO - OccupancyLoss: 6.90852, OccupancyFlowLoss: 20.75637, DetectionLoss: 3.71133, DynamicLoss: 0.01425, PhysicsLoss: 0.00000
2026/07/23 08:06:41 - mmengine - INFO - [TRAIN] Epoch 1 Iter   250/750: Loss: 38.160 (41.143), grad_norm: 30.584, lr: 0.0000200, time: 5.360 (0.008)
2026/07/23 08:06:41 - mmengine - INFO - OccupancyLoss: 7.39977, OccupancyFlowLoss: 20.65337, DetectionLoss: 9.99490, DynamicLoss: 0.07572, PhysicsLoss: 0.03630
2026/07/23 08:11:11 - mmengine - INFO - [TRAIN] Epoch 1 Iter   300/750: Loss: 44.931 (39.567), grad_norm: 29.477, lr: 0.0000200, time: 5.518 (0.008)
2026/07/23 08:11:11 - mmengine - INFO - OccupancyLoss: 12.82373, OccupancyFlowLoss: 21.98024, DetectionLoss: 10.08686, DynamicLoss: 0.03766, PhysicsLoss: 0.00250
2026/07/23 08:15:42 - mmengine - INFO - [TRAIN] Epoch 1 Iter   350/750: Loss: 44.267 (40.460), grad_norm: 21.086, lr: 0.0000200, time: 5.463 (0.008)
2026/07/23 08:15:42 - mmengine - INFO - OccupancyLoss: 19.41913, OccupancyFlowLoss: 19.05667, DetectionLoss: 5.58752, DynamicLoss: 0.19758, PhysicsLoss: 0.00656
2026/07/23 08:20:12 - mmengine - INFO - [TRAIN] Epoch 1 Iter   400/750: Loss: 37.627 (39.380), grad_norm: 19.021, lr: 0.0000200, time: 5.321 (0.008)
2026/07/23 08:20:12 - mmengine - INFO - OccupancyLoss: 11.76762, OccupancyFlowLoss: 20.19580, DetectionLoss: 5.58957, DynamicLoss: 0.06975, PhysicsLoss: 0.00449
2026/07/23 08:24:43 - mmengine - INFO - [TRAIN] Epoch 1 Iter   450/750: Loss: 38.763 (39.848), grad_norm: 17.179, lr: 0.0000200, time: 5.259 (0.008)
2026/07/23 08:24:43 - mmengine - INFO - OccupancyLoss: 11.53258, OccupancyFlowLoss: 20.15181, DetectionLoss: 7.03944, DynamicLoss: 0.03882, PhysicsLoss: 0.00023
2026/07/23 08:29:14 - mmengine - INFO - [TRAIN] Epoch 1 Iter   500/750: Loss: 44.368 (40.461), grad_norm: 16.068, lr: 0.0000200, time: 5.184 (0.008)
2026/07/23 08:29:14 - mmengine - INFO - OccupancyLoss: 12.53842, OccupancyFlowLoss: 20.80705, DetectionLoss: 10.84349, DynamicLoss: 0.10350, PhysicsLoss: 0.07562
2026/07/23 08:33:43 - mmengine - INFO - [TRAIN] Epoch 1 Iter   550/750: Loss: 39.215 (39.643), grad_norm: 30.628, lr: 0.0000200, time: 5.410 (0.008)
2026/07/23 08:33:43 - mmengine - INFO - OccupancyLoss: 12.28679, OccupancyFlowLoss: 20.11013, DetectionLoss: 6.73721, DynamicLoss: 0.04130, PhysicsLoss: 0.03994
2026/07/23 08:38:15 - mmengine - INFO - [TRAIN] Epoch 1 Iter   600/750: Loss: 45.879 (39.849), grad_norm: 17.911, lr: 0.0000200, time: 5.270 (0.008)
2026/07/23 08:38:15 - mmengine - INFO - OccupancyLoss: 11.76249, OccupancyFlowLoss: 19.59044, DetectionLoss: 14.42587, DynamicLoss: 0.06559, PhysicsLoss: 0.03486
2026/07/23 08:42:46 - mmengine - INFO - [TRAIN] Epoch 1 Iter   650/750: Loss: 42.741 (40.112), grad_norm: 23.597, lr: 0.0000200, time: 5.272 (0.008)
2026/07/23 08:42:46 - mmengine - INFO - OccupancyLoss: 12.18499, OccupancyFlowLoss: 20.12751, DetectionLoss: 10.38116, DynamicLoss: 0.04427, PhysicsLoss: 0.00339
2026/07/23 08:47:17 - mmengine - INFO - [TRAIN] Epoch 1 Iter   700/750: Loss: 43.801 (38.153), grad_norm: 32.260, lr: 0.0000200, time: 5.458 (0.008)
2026/07/23 08:47:17 - mmengine - INFO - OccupancyLoss: 18.13069, OccupancyFlowLoss: 18.49694, DetectionLoss: 7.12841, DynamicLoss: 0.04545, PhysicsLoss: 0.00000
2026/07/23 08:51:54 - mmengine - INFO - [EVAL] Epoch 2 Iter     0: Loss: 40.742 (40.742)
2026/07/23 08:51:54 - mmengine - INFO - OccupancyLoss: 9.61003, OccupancyFlowLoss: 19.40104, DetectionLoss: 7.99360, DynamicLoss: 0.04831, PhysicsLoss: 3.68857
2026/07/23 08:52:56 - mmengine - INFO - [EVAL] Epoch 2 Iter    50: Loss: 64.398 (50.090)
2026/07/23 08:52:56 - mmengine - INFO - OccupancyLoss: 9.76559, OccupancyFlowLoss: 19.19296, DetectionLoss: 5.87610, DynamicLoss: 0.09836, PhysicsLoss: 29.46544
2026/07/23 08:53:57 - mmengine - INFO - [EVAL] Epoch 2 Iter   100: Loss: 64.577 (47.703)
2026/07/23 08:53:57 - mmengine - INFO - OccupancyLoss: 12.16273, OccupancyFlowLoss: 19.75908, DetectionLoss: 6.47901, DynamicLoss: 0.05317, PhysicsLoss: 26.12260
2026/07/23 08:54:59 - mmengine - INFO - [EVAL] Epoch 2 Iter   150: Loss: 16.442 (48.074)
2026/07/23 08:54:59 - mmengine - INFO - OccupancyLoss: 8.17328, OccupancyFlowLoss: 6.77318, DetectionLoss: 1.48715, DynamicLoss: 0.00798, PhysicsLoss: 0.00000
2026/07/23 08:56:00 - mmengine - INFO - [EVAL] Epoch 2 Iter   200: Loss: 37.027 (48.057)
2026/07/23 08:56:00 - mmengine - INFO - OccupancyLoss: 14.15366, OccupancyFlowLoss: 9.92161, DetectionLoss: 5.49364, DynamicLoss: 0.07118, PhysicsLoss: 7.38711
2026/07/23 08:57:04 - mmengine - INFO - [EVAL] Epoch 2 Iter   250: Loss: 49.787 (48.393)
2026/07/23 08:57:04 - mmengine - INFO - OccupancyLoss: 13.04683, OccupancyFlowLoss: 19.98829, DetectionLoss: 9.97344, DynamicLoss: 0.08739, PhysicsLoss: 6.69151
2026/07/23 08:58:05 - mmengine - INFO - [EVAL] Epoch 2 Iter   300: Loss: 38.066 (48.019)
2026/07/23 08:58:05 - mmengine - INFO - OccupancyLoss: 12.43514, OccupancyFlowLoss: 20.10763, DetectionLoss: 5.50937, DynamicLoss: 0.01347, PhysicsLoss: 0.00000
2026/07/23 08:59:08 - mmengine - INFO - [EVAL] Epoch 2 Iter   350: Loss: 42.492 (48.274)
2026/07/23 08:59:08 - mmengine - INFO - OccupancyLoss: 10.73130, OccupancyFlowLoss: 9.91762, DetectionLoss: 9.13522, DynamicLoss: 0.07720, PhysicsLoss: 12.63066
2026/07/23 09:00:09 - mmengine - INFO - [EVAL] Epoch 2 Iter   400: Loss: 28.201 (48.222)
2026/07/23 09:00:09 - mmengine - INFO - OccupancyLoss: 12.78282, OccupancyFlowLoss: 3.20417, DetectionLoss: 11.90856, DynamicLoss: 0.02859, PhysicsLoss: 0.27653
2026/07/23 09:01:13 - mmengine - INFO - [EVAL] Epoch 2 Iter   450: Loss: 62.255 (48.117)
2026/07/23 09:01:13 - mmengine - INFO - OccupancyLoss: 14.43607, OccupancyFlowLoss: 19.65278, DetectionLoss: 14.73861, DynamicLoss: 0.24841, PhysicsLoss: 13.17961
2026/07/23 09:02:32 - mmengine - INFO - Validation per class iou none:
2026/07/23 09:02:32 - mmengine - INFO - barrier : 0.00%, 0.00, 0.00
2026/07/23 09:02:32 - mmengine - INFO - bicycle : 0.00%, 0.00, 0.00
2026/07/23 09:02:32 - mmengine - INFO - bus : 0.00%, 0.00, 0.00
2026/07/23 09:02:32 - mmengine - INFO - car : 0.01%, 0.43, 0.00
2026/07/23 09:02:32 - mmengine - INFO - construction_vehicle : 0.00%, 0.00, 0.00
2026/07/23 09:02:32 - mmengine - INFO - motorcycle : 0.00%, 0.00, 0.00
2026/07/23 09:02:32 - mmengine - INFO - pedestrian : 0.00%, 0.00, 0.00
2026/07/23 09:02:32 - mmengine - INFO - traffic_cone : 0.00%, 0.00, 0.00
2026/07/23 09:02:32 - mmengine - INFO - trailer : 0.00%, 0.00, 0.00
2026/07/23 09:02:32 - mmengine - INFO - truck : 0.00%, 0.00, 0.00
2026/07/23 09:02:32 - mmengine - INFO - driveable_surface : 20.07%, 0.67, 0.22
2026/07/23 09:02:32 - mmengine - INFO - other_flat : 0.00%, 0.00, 0.00
2026/07/23 09:02:32 - mmengine - INFO - sidewalk : 0.17%, 0.25, 0.00
2026/07/23 09:02:32 - mmengine - INFO - terrain : 0.62%, 0.31, 0.01
2026/07/23 09:02:32 - mmengine - INFO - manmade : 0.00%, 0.06, 0.00
2026/07/23 09:02:32 - mmengine - INFO - vegetation : 0.40%, 0.40, 0.00
2026/07/23 09:02:32 - mmengine - INFO - tensor([  213109,    14566,   204192,  1435223,   106632,    22025,   206833,
           42653,   134799,   555406,  7051599,   345594,  2482869,  3418334,
         7852446,  8317553, 32659904], device='cuda:0', dtype=torch.int32)
2026/07/23 09:02:32 - mmengine - INFO - tensor([      0,       0,       0,     171,       0,       0,       0,       0,
              0,       0, 1568942,       0,    4132,   21563,      52,   33731,
        2016789], device='cuda:0', dtype=torch.int32)
2026/07/23 09:02:32 - mmengine - INFO - tensor([      0,       0,       0,     397,       0,       0,       0,       0,
              0,       0, 2335352,       0,   16569,   68591,     831,   83372,
        2505112], device='cuda:0', dtype=torch.int32)
2026/07/23 09:02:32 - mmengine - INFO - mIoU: 1.329490575778891, iou2: 6.084153652191162
2026/07/23 09:02:32 - mmengine - INFO - Current val loss is 48.173
2026/07/23 09:02:51 - mmengine - INFO - [TRAIN] Epoch 2 Iter     0/750: Loss: 73.236 (73.236), grad_norm: 31.216, lr: 0.0000200, time: 9.360 (3.949)
2026/07/23 09:02:51 - mmengine - INFO - OccupancyLoss: 31.25729, OccupancyFlowLoss: 18.19842, DetectionLoss: 10.25171, DynamicLoss: 0.02969, PhysicsLoss: 13.49863
2026/07/23 09:07:25 - mmengine - INFO - [TRAIN] Epoch 2 Iter    50/750: Loss: 46.836 (46.804), grad_norm: 93.915, lr: 0.0000200, time: 5.328 (0.008)
2026/07/23 09:07:25 - mmengine - INFO - OccupancyLoss: 12.35110, OccupancyFlowLoss: 19.31802, DetectionLoss: 11.79261, DynamicLoss: 0.09224, PhysicsLoss: 3.28188
2026/07/23 09:11:57 - mmengine - INFO - [TRAIN] Epoch 2 Iter   100/750: Loss: 36.547 (40.812), grad_norm: 75.723, lr: 0.0000200, time: 5.349 (0.008)
2026/07/23 09:11:57 - mmengine - INFO - OccupancyLoss: 13.66411, OccupancyFlowLoss: 19.38913, DetectionLoss: 3.25788, DynamicLoss: 0.05226, PhysicsLoss: 0.18335
2026/07/23 09:16:29 - mmengine - INFO - [TRAIN] Epoch 2 Iter   150/750: Loss: 16.333 (39.985), grad_norm: 58.055, lr: 0.0000200, time: 5.116 (0.008)
2026/07/23 09:16:29 - mmengine - INFO - OccupancyLoss: 11.70543, OccupancyFlowLoss: 0.00000, DetectionLoss: 4.58997, DynamicLoss: 0.03268, PhysicsLoss: 0.00485
2026/07/23 09:21:01 - mmengine - INFO - [TRAIN] Epoch 2 Iter   200/750: Loss: 38.168 (40.726), grad_norm: 38.323, lr: 0.0000200, time: 6.066 (0.008)
2026/07/23 09:21:01 - mmengine - INFO - OccupancyLoss: 10.52123, OccupancyFlowLoss: 19.39083, DetectionLoss: 4.95367, DynamicLoss: 0.03131, PhysicsLoss: 3.27073
2026/07/23 09:25:33 - mmengine - INFO - [TRAIN] Epoch 2 Iter   250/750: Loss: 40.621 (39.827), grad_norm: 87.450, lr: 0.0000200, time: 5.507 (0.008)
2026/07/23 09:25:33 - mmengine - INFO - OccupancyLoss: 12.66739, OccupancyFlowLoss: 18.85106, DetectionLoss: 7.36821, DynamicLoss: 0.07777, PhysicsLoss: 1.65650
2026/07/23 09:30:06 - mmengine - INFO - [TRAIN] Epoch 2 Iter   300/750: Loss: 37.757 (39.996), grad_norm: 34.490, lr: 0.0000200, time: 5.319 (0.008)
2026/07/23 09:30:06 - mmengine - INFO - OccupancyLoss: 14.95398, OccupancyFlowLoss: 19.66040, DetectionLoss: 3.11477, DynamicLoss: 0.02786, PhysicsLoss: 0.00000
2026/07/23 09:34:37 - mmengine - INFO - [TRAIN] Epoch 2 Iter   350/750: Loss: 30.886 (38.971), grad_norm: 29.060, lr: 0.0000200, time: 5.395 (0.008)
2026/07/23 09:34:37 - mmengine - INFO - OccupancyLoss: 9.68412, OccupancyFlowLoss: 15.11040, DetectionLoss: 4.93209, DynamicLoss: 0.05343, PhysicsLoss: 1.10583
2026/07/23 09:39:10 - mmengine - INFO - [TRAIN] Epoch 2 Iter   400/750: Loss: 31.634 (37.772), grad_norm: 78.979, lr: 0.0000200, time: 5.339 (0.008)
2026/07/23 09:39:10 - mmengine - INFO - OccupancyLoss: 9.87422, OccupancyFlowLoss: 10.29319, DetectionLoss: 9.98923, DynamicLoss: 0.03095, PhysicsLoss: 1.44676
2026/07/23 09:43:43 - mmengine - INFO - [TRAIN] Epoch 2 Iter   450/750: Loss: 43.258 (38.201), grad_norm: 55.028, lr: 0.0000200, time: 5.213 (0.008)
2026/07/23 09:43:43 - mmengine - INFO - OccupancyLoss: 9.29537, OccupancyFlowLoss: 19.87854, DetectionLoss: 11.74103, DynamicLoss: 0.09330, PhysicsLoss: 2.25006
2026/07/23 09:48:15 - mmengine - INFO - [TRAIN] Epoch 2 Iter   500/750: Loss: 35.028 (38.012), grad_norm: 44.132, lr: 0.0000200, time: 5.422 (0.008)
2026/07/23 09:48:15 - mmengine - INFO - OccupancyLoss: 7.80858, OccupancyFlowLoss: 18.52059, DetectionLoss: 4.41384, DynamicLoss: 0.06753, PhysicsLoss: 4.21776
2026/07/23 09:52:45 - mmengine - INFO - [TRAIN] Epoch 2 Iter   550/750: Loss: 29.082 (39.448), grad_norm: 25.871, lr: 0.0000200, time: 5.386 (0.008)
2026/07/23 09:52:45 - mmengine - INFO - OccupancyLoss: 8.27003, OccupancyFlowLoss: 13.55923, DetectionLoss: 6.97496, DynamicLoss: 0.15050, PhysicsLoss: 0.12742
2026/07/23 09:57:17 - mmengine - INFO - [TRAIN] Epoch 2 Iter   600/750: Loss: 42.194 (39.805), grad_norm: 83.620, lr: 0.0000200, time: 5.419 (0.008)
2026/07/23 09:57:17 - mmengine - INFO - OccupancyLoss: 11.52098, OccupancyFlowLoss: 20.86347, DetectionLoss: 9.00129, DynamicLoss: 0.04472, PhysicsLoss: 0.76389
2026/07/23 10:01:51 - mmengine - INFO - [TRAIN] Epoch 2 Iter   650/750: Loss: 39.824 (36.977), grad_norm: 86.535, lr: 0.0000200, time: 5.372 (0.008)
2026/07/23 10:01:51 - mmengine - INFO - OccupancyLoss: 9.62866, OccupancyFlowLoss: 19.55862, DetectionLoss: 8.49879, DynamicLoss: 0.18304, PhysicsLoss: 1.95440
2026/07/23 10:06:36 - mmengine - INFO - [TRAIN] Epoch 2 Iter   700/750: Loss: 32.625 (37.735), grad_norm: 40.648, lr: 0.0000200, time: 5.330 (0.008)
2026/07/23 10:06:36 - mmengine - INFO - OccupancyLoss: 11.08623, OccupancyFlowLoss: 16.85617, DetectionLoss: 3.68470, DynamicLoss: 0.02826, PhysicsLoss: 0.96964
2026/07/23 10:11:12 - mmengine - INFO - [EVAL] Epoch 3 Iter     0: Loss: 41.957 (41.957)
2026/07/23 10:11:12 - mmengine - INFO - OccupancyLoss: 8.56046, OccupancyFlowLoss: 21.11645, DetectionLoss: 8.51704, DynamicLoss: 0.06837, PhysicsLoss: 3.69495
2026/07/23 10:12:15 - mmengine - INFO - [EVAL] Epoch 3 Iter    50: Loss: 37.204 (38.571)
2026/07/23 10:12:15 - mmengine - INFO - OccupancyLoss: 8.24774, OccupancyFlowLoss: 20.65385, DetectionLoss: 5.62151, DynamicLoss: 0.09763, PhysicsLoss: 2.58295
2026/07/23 10:13:17 - mmengine - INFO - [EVAL] Epoch 3 Iter   100: Loss: 41.654 (38.350)
2026/07/23 10:13:17 - mmengine - INFO - OccupancyLoss: 10.43694, OccupancyFlowLoss: 21.82062, DetectionLoss: 6.12186, DynamicLoss: 0.05117, PhysicsLoss: 3.22344
2026/07/23 10:14:20 - mmengine - INFO - [EVAL] Epoch 3 Iter   150: Loss: 15.793 (38.933)
2026/07/23 10:14:20 - mmengine - INFO - OccupancyLoss: 7.00302, OccupancyFlowLoss: 7.81659, DetectionLoss: 0.96912, DynamicLoss: 0.00383, PhysicsLoss: 0.00000
2026/07/23 10:15:23 - mmengine - INFO - [EVAL] Epoch 3 Iter   200: Loss: 28.653 (39.136)
2026/07/23 10:15:23 - mmengine - INFO - OccupancyLoss: 11.50477, OccupancyFlowLoss: 11.53826, DetectionLoss: 4.70228, DynamicLoss: 0.05755, PhysicsLoss: 0.84973
2026/07/23 10:16:28 - mmengine - INFO - [EVAL] Epoch 3 Iter   250: Loss: 46.153 (39.376)
2026/07/23 10:16:28 - mmengine - INFO - OccupancyLoss: 10.12253, OccupancyFlowLoss: 24.65115, DetectionLoss: 9.78351, DynamicLoss: 0.10743, PhysicsLoss: 1.48832
2026/07/23 10:17:30 - mmengine - INFO - [EVAL] Epoch 3 Iter   300: Loss: 39.741 (39.165)
2026/07/23 10:17:30 - mmengine - INFO - OccupancyLoss: 9.92661, OccupancyFlowLoss: 23.98500, DetectionLoss: 5.39687, DynamicLoss: 0.00773, PhysicsLoss: 0.42498
2026/07/23 10:18:35 - mmengine - INFO - [EVAL] Epoch 3 Iter   350: Loss: 28.570 (39.408)
2026/07/23 10:18:35 - mmengine - INFO - OccupancyLoss: 8.51683, OccupancyFlowLoss: 10.84491, DetectionLoss: 8.64964, DynamicLoss: 0.07504, PhysicsLoss: 0.48370
2026/07/23 10:19:38 - mmengine - INFO - [EVAL] Epoch 3 Iter   400: Loss: 24.773 (39.280)
2026/07/23 10:19:38 - mmengine - INFO - OccupancyLoss: 9.95763, OccupancyFlowLoss: 3.66566, DetectionLoss: 11.11444, DynamicLoss: 0.03022, PhysicsLoss: 0.00464
2026/07/23 10:20:43 - mmengine - INFO - [EVAL] Epoch 3 Iter   450: Loss: 54.436 (39.361)
2026/07/23 10:20:43 - mmengine - INFO - OccupancyLoss: 11.59716, OccupancyFlowLoss: 22.81750, DetectionLoss: 15.00176, DynamicLoss: 0.24915, PhysicsLoss: 4.77066
2026/07/23 10:21:51 - mmengine - INFO - Validation per class iou none:
2026/07/23 10:21:51 - mmengine - INFO - barrier : 0.00%, 0.00, 0.00
2026/07/23 10:21:51 - mmengine - INFO - bicycle : 0.00%, 0.00, 0.00
2026/07/23 10:21:51 - mmengine - INFO - bus : 0.00%, 0.00, 0.00
2026/07/23 10:21:51 - mmengine - INFO - car : 8.19%, 0.37, 0.10
2026/07/23 10:21:51 - mmengine - INFO - construction_vehicle : 0.00%, 0.00, 0.00
2026/07/23 10:21:51 - mmengine - INFO - motorcycle : 0.00%, 0.00, 0.00
2026/07/23 10:21:51 - mmengine - INFO - pedestrian : 0.00%, 0.00, 0.00
2026/07/23 10:21:51 - mmengine - INFO - traffic_cone : 0.00%, 0.00, 0.00
2026/07/23 10:21:51 - mmengine - INFO - trailer : 0.00%, 0.00, 0.00
2026/07/23 10:21:51 - mmengine - INFO - truck : 0.00%, 0.00, 0.00
2026/07/23 10:21:51 - mmengine - INFO - driveable_surface : 25.91%, 0.71, 0.29
2026/07/23 10:21:51 - mmengine - INFO - other_flat : 0.00%, 0.00, 0.00
2026/07/23 10:21:51 - mmengine - INFO - sidewalk : 9.22%, 0.20, 0.15
2026/07/23 10:21:51 - mmengine - INFO - terrain : 5.89%, 0.22, 0.07
2026/07/23 10:21:51 - mmengine - INFO - manmade : 0.39%, 0.16, 0.00
2026/07/23 10:21:51 - mmengine - INFO - vegetation : 8.00%, 0.31, 0.10
2026/07/23 10:21:51 - mmengine - INFO - tensor([  213109,    14566,   204192,  1435223,   106632,    22025,   206833,
           42653,   134799,   555406,  7051599,   345594,  2482869,  3418334,
         7852446,  8317553, 32659904], device='cuda:0', dtype=torch.int32)
2026/07/23 10:21:51 - mmengine - INFO - tensor([      0,       0,       0,  136894,       0,       0,       0,       0,
              0,       0, 2047368,       0,  362513,  254563,   31492,  809681,
        5484550], device='cuda:0', dtype=torch.int32)
2026/07/23 10:21:51 - mmengine - INFO - tensor([      0,       0,       0,  372246,       0,       0,       0,       0,
              0,       0, 2897980,       0, 1809325, 1159873,  190914, 2612152,
        9042490], device='cuda:0', dtype=torch.int32)
2026/07/23 10:21:51 - mmengine - INFO - mIoU: 3.6006102774990723, iou2: 15.143227577209473
2026/07/23 10:21:51 - mmengine - INFO - Current val loss is 39.462
2026/07/23 10:22:10 - mmengine - INFO - [TRAIN] Epoch 3 Iter     0/750: Loss: 40.018 (40.018), grad_norm: 48.972, lr: 0.0000200, time: 8.888 (3.293)
2026/07/23 10:22:10 - mmengine - INFO - OccupancyLoss: 8.03021, OccupancyFlowLoss: 21.56169, DetectionLoss: 10.14733, DynamicLoss: 0.04999, PhysicsLoss: 0.22870
2026/07/23 10:26:46 - mmengine - INFO - [TRAIN] Epoch 3 Iter    50/750: Loss: 35.536 (39.418), grad_norm: 43.956, lr: 0.0000200, time: 5.338 (0.008)
2026/07/23 10:26:46 - mmengine - INFO - OccupancyLoss: 8.58705, OccupancyFlowLoss: 20.89588, DetectionLoss: 5.02298, DynamicLoss: 0.08544, PhysicsLoss: 0.94503
2026/07/23 10:31:20 - mmengine - INFO - [TRAIN] Epoch 3 Iter   100/750: Loss: 36.756 (38.481), grad_norm: 38.757, lr: 0.0000200, time: 5.637 (0.008)
2026/07/23 10:31:20 - mmengine - INFO - OccupancyLoss: 9.72847, OccupancyFlowLoss: 16.41042, DetectionLoss: 8.77610, DynamicLoss: 0.06055, PhysicsLoss: 1.78014
2026/07/23 10:35:54 - mmengine - INFO - [TRAIN] Epoch 3 Iter   150/750: Loss: 36.509 (37.468), grad_norm: 35.643, lr: 0.0000200, time: 5.558 (0.008)
2026/07/23 10:35:54 - mmengine - INFO - OccupancyLoss: 7.75553, OccupancyFlowLoss: 19.31226, DetectionLoss: 9.12533, DynamicLoss: 0.04302, PhysicsLoss: 0.27286
2026/07/23 10:40:28 - mmengine - INFO - [TRAIN] Epoch 3 Iter   200/750: Loss: 37.253 (38.624), grad_norm: 21.027, lr: 0.0000200, time: 5.430 (0.008)
2026/07/23 10:40:28 - mmengine - INFO - OccupancyLoss: 7.99404, OccupancyFlowLoss: 19.41793, DetectionLoss: 9.80147, DynamicLoss: 0.01719, PhysicsLoss: 0.02274
2026/07/23 10:45:03 - mmengine - INFO - [TRAIN] Epoch 3 Iter   250/750: Loss: 25.279 (38.056), grad_norm: 19.007, lr: 0.0000200, time: 5.521 (0.008)
2026/07/23 10:45:03 - mmengine - INFO - OccupancyLoss: 8.54003, OccupancyFlowLoss: 7.62193, DetectionLoss: 8.71909, DynamicLoss: 0.07179, PhysicsLoss: 0.32592
2026/07/23 10:49:36 - mmengine - INFO - [TRAIN] Epoch 3 Iter   300/750: Loss: 44.165 (36.540), grad_norm: 69.611, lr: 0.0000200, time: 5.333 (0.008)
2026/07/23 10:49:36 - mmengine - INFO - OccupancyLoss: 15.72879, OccupancyFlowLoss: 19.01735, DetectionLoss: 9.30500, DynamicLoss: 0.02017, PhysicsLoss: 0.09416
