WARNING:torch.distributed.run:
*****************************************
Setting OMP_NUM_THREADS environment variable for each process to be 1 in default, to avoid your system being overloaded, please further tune the variable for optimal performance in your application as needed. 
*****************************************
Failed to start virtual display.
Failed to start virtual display.
No Mayavi installation found.
No Mayavi installation found.
Failed to start virtual display.
Failed to start virtual display.
No Mayavi installation found.
No Mayavi installation found.
Namespace(backend='nccl', dataset='nuscenes', gpus=4, gradient_accumulation=1, iter_resume=False, py_config='config/nuscenes_gs25600_depth_init.py', resume_from='', seed=42, vis_map=False, work_dir='out/nuscenes_gs25600_depth_init')
Namespace(backend='nccl', dataset='nuscenes', gpus=4, gradient_accumulation=1, iter_resume=False, py_config='config/nuscenes_gs25600_depth_init.py', resume_from='', seed=42, vis_map=False, work_dir='out/nuscenes_gs25600_depth_init')
Namespace(backend='nccl', dataset='nuscenes', gpus=4, gradient_accumulation=1, iter_resume=False, py_config='config/nuscenes_gs25600_depth_init.py', resume_from='', seed=42, vis_map=False, work_dir='out/nuscenes_gs25600_depth_init')
Namespace(backend='nccl', dataset='nuscenes', gpus=4, gradient_accumulation=1, iter_resume=False, py_config='config/nuscenes_gs25600_depth_init.py', resume_from='', seed=42, vis_map=False, work_dir='out/nuscenes_gs25600_depth_init')
rank=0, local_rank=0, world_size=4
rank=2, local_rank=2, world_size=4
rank=3, local_rank=3, world_size=4
rank=1, local_rank=1, world_size=4
rank=0, local_rank=0, world_size=4
rank=1, local_rank=1, world_size=4
rank=3, local_rank=3, world_size=4
rank=2, local_rank=2, world_size=4
06/29 09:37:26 - mmengine - INFO - Frozen module: map_decoder
06/29 09:37:26 - mmengine - INFO - Frozen module: planner_head
06/29 09:37:26 - mmengine - INFO - Number of params: 166629277
06/29 09:37:26 - mmengine - INFO - converted sync bn.
06/29 09:37:29 - mmengine - INFO - done ddp model
06/29 09:39:13 - mmengine - WARNING - img_backbone.conv1.weight is skipped since its requires_grad=False
06/29 09:39:13 - mmengine - WARNING - img_backbone.bn1.weight is skipped since its requires_grad=False
06/29 09:39:13 - mmengine - WARNING - img_backbone.bn1.bias is skipped since its requires_grad=False
06/29 09:39:13 - mmengine - WARNING - img_backbone.layer1.0.conv1.weight is skipped since its requires_grad=False
06/29 09:39:13 - mmengine - WARNING - img_backbone.layer1.0.bn1.weight is skipped since its requires_grad=False
06/29 09:39:13 - mmengine - WARNING - img_backbone.layer1.0.bn1.bias is skipped since its requires_grad=False
06/29 09:39:13 - mmengine - WARNING - img_backbone.layer1.0.conv2.weight is skipped since its requires_grad=False
06/29 09:39:13 - mmengine - WARNING - img_backbone.layer1.0.bn2.weight is skipped since its requires_grad=False
06/29 09:39:13 - mmengine - WARNING - img_backbone.layer1.0.bn2.bias is skipped since its requires_grad=False
06/29 09:39:13 - mmengine - WARNING - img_backbone.layer1.0.conv3.weight is skipped since its requires_grad=False
06/29 09:39:13 - mmengine - WARNING - img_backbone.layer1.0.bn3.weight is skipped since its requires_grad=False
06/29 09:39:13 - mmengine - WARNING - img_backbone.layer1.0.bn3.bias is skipped since its requires_grad=False
06/29 09:39:13 - mmengine - WARNING - img_backbone.layer1.0.downsample.0.weight is skipped since its requires_grad=False
06/29 09:39:13 - mmengine - WARNING - img_backbone.layer1.0.downsample.1.weight is skipped since its requires_grad=False
06/29 09:39:13 - mmengine - WARNING - img_backbone.layer1.0.downsample.1.bias is skipped since its requires_grad=False
06/29 09:39:13 - mmengine - WARNING - img_backbone.layer1.1.conv1.weight is skipped since its requires_grad=False
06/29 09:39:13 - mmengine - WARNING - img_backbone.layer1.1.bn1.weight is skipped since its requires_grad=False
06/29 09:39:13 - mmengine - WARNING - img_backbone.layer1.1.bn1.bias is skipped since its requires_grad=False
06/29 09:39:13 - mmengine - WARNING - img_backbone.layer1.1.conv2.weight is skipped since its requires_grad=False
06/29 09:39:13 - mmengine - WARNING - img_backbone.layer1.1.bn2.weight is skipped since its requires_grad=False
06/29 09:39:13 - mmengine - WARNING - img_backbone.layer1.1.bn2.bias is skipped since its requires_grad=False
06/29 09:39:13 - mmengine - WARNING - img_backbone.layer1.1.conv3.weight is skipped since its requires_grad=False
06/29 09:39:13 - mmengine - WARNING - img_backbone.layer1.1.bn3.weight is skipped since its requires_grad=False
06/29 09:39:13 - mmengine - WARNING - img_backbone.layer1.1.bn3.bias is skipped since its requires_grad=False
06/29 09:39:13 - mmengine - WARNING - img_backbone.layer1.2.conv1.weight is skipped since its requires_grad=False
06/29 09:39:13 - mmengine - WARNING - img_backbone.layer1.2.bn1.weight is skipped since its requires_grad=False
06/29 09:39:13 - mmengine - WARNING - img_backbone.layer1.2.bn1.bias is skipped since its requires_grad=False
06/29 09:39:13 - mmengine - WARNING - img_backbone.layer1.2.conv2.weight is skipped since its requires_grad=False
06/29 09:39:13 - mmengine - WARNING - img_backbone.layer1.2.bn2.weight is skipped since its requires_grad=False
06/29 09:39:13 - mmengine - WARNING - img_backbone.layer1.2.bn2.bias is skipped since its requires_grad=False
06/29 09:39:13 - mmengine - WARNING - img_backbone.layer1.2.conv3.weight is skipped since its requires_grad=False
06/29 09:39:13 - mmengine - WARNING - img_backbone.layer1.2.bn3.weight is skipped since its requires_grad=False
06/29 09:39:13 - mmengine - WARNING - img_backbone.layer1.2.bn3.bias is skipped since its requires_grad=False
06/29 09:39:13 - mmengine - INFO - paramwise_options -- img_backbone.layer2.0.conv1.weight:lr=2e-05
06/29 09:39:13 - mmengine - INFO - paramwise_options -- img_backbone.layer2.0.conv1.weight:weight_decay=0.01
06/29 09:39:13 - mmengine - INFO - paramwise_options -- img_backbone.layer2.0.conv1.weight:lr_mult=0.1
06/29 09:39:13 - mmengine - WARNING - img_backbone.layer2.0.bn1.weight is skipped since its requires_grad=False
06/29 09:39:13 - mmengine - WARNING - img_backbone.layer2.0.bn1.bias is skipped since its requires_grad=False
06/29 09:39:13 - mmengine - INFO - paramwise_options -- img_backbone.layer2.0.conv2.weight:lr=2e-05
06/29 09:39:13 - mmengine - INFO - paramwise_options -- img_backbone.layer2.0.conv2.weight:weight_decay=0.01
06/29 09:39:13 - mmengine - INFO - paramwise_options -- img_backbone.layer2.0.conv2.weight:lr_mult=0.1
06/29 09:39:13 - mmengine - WARNING - img_backbone.layer2.0.bn2.weight is skipped since its requires_grad=False
06/29 09:39:13 - mmengine - WARNING - img_backbone.layer2.0.bn2.bias is skipped since its requires_grad=False
06/29 09:39:13 - mmengine - INFO - paramwise_options -- img_backbone.layer2.0.conv3.weight:lr=2e-05
06/29 09:39:13 - mmengine - INFO - paramwise_options -- img_backbone.layer2.0.conv3.weight:weight_decay=0.01
06/29 09:39:13 - mmengine - INFO - paramwise_options -- img_backbone.layer2.0.conv3.weight:lr_mult=0.1
06/29 09:39:13 - mmengine - WARNING - img_backbone.layer2.0.bn3.weight is skipped since its requires_grad=False
06/29 09:39:13 - mmengine - WARNING - img_backbone.layer2.0.bn3.bias is skipped since its requires_grad=False
06/29 09:39:13 - mmengine - INFO - paramwise_options -- img_backbone.layer2.0.downsample.0.weight:lr=2e-05
06/29 09:39:13 - mmengine - INFO - paramwise_options -- img_backbone.layer2.0.downsample.0.weight:weight_decay=0.01
06/29 09:39:13 - mmengine - INFO - paramwise_options -- img_backbone.layer2.0.downsample.0.weight:lr_mult=0.1
06/29 09:39:13 - mmengine - WARNING - img_backbone.layer2.0.downsample.1.weight is skipped since its requires_grad=False
06/29 09:39:13 - mmengine - WARNING - img_backbone.layer2.0.downsample.1.bias is skipped since its requires_grad=False
06/29 09:39:13 - mmengine - INFO - paramwise_options -- img_backbone.layer2.1.conv1.weight:lr=2e-05
06/29 09:39:13 - mmengine - INFO - paramwise_options -- img_backbone.layer2.1.conv1.weight:weight_decay=0.01
06/29 09:39:13 - mmengine - INFO - paramwise_options -- img_backbone.layer2.1.conv1.weight:lr_mult=0.1
06/29 09:39:13 - mmengine - WARNING - img_backbone.layer2.1.bn1.weight is skipped since its requires_grad=False
06/29 09:39:13 - mmengine - WARNING - img_backbone.layer2.1.bn1.bias is skipped since its requires_grad=False
06/29 09:39:13 - mmengine - INFO - paramwise_options -- img_backbone.layer2.1.conv2.weight:lr=2e-05
06/29 09:39:13 - mmengine - INFO - paramwise_options -- img_backbone.layer2.1.conv2.weight:weight_decay=0.01
06/29 09:39:13 - mmengine - INFO - paramwise_options -- img_backbone.layer2.1.conv2.weight:lr_mult=0.1
06/29 09:39:13 - mmengine - WARNING - img_backbone.layer2.1.bn2.weight is skipped since its requires_grad=False
06/29 09:39:13 - mmengine - WARNING - img_backbone.layer2.1.bn2.bias is skipped since its requires_grad=False
06/29 09:39:13 - mmengine - INFO - paramwise_options -- img_backbone.layer2.1.conv3.weight:lr=2e-05
06/29 09:39:13 - mmengine - INFO - paramwise_options -- img_backbone.layer2.1.conv3.weight:weight_decay=0.01
06/29 09:39:13 - mmengine - INFO - paramwise_options -- img_backbone.layer2.1.conv3.weight:lr_mult=0.1
06/29 09:39:13 - mmengine - WARNING - img_backbone.layer2.1.bn3.weight is skipped since its requires_grad=False
06/29 09:39:13 - mmengine - WARNING - img_backbone.layer2.1.bn3.bias is skipped since its requires_grad=False
06/29 09:39:13 - mmengine - INFO - paramwise_options -- img_backbone.layer2.2.conv1.weight:lr=2e-05
06/29 09:39:13 - mmengine - INFO - paramwise_options -- img_backbone.layer2.2.conv1.weight:weight_decay=0.01
06/29 09:39:13 - mmengine - INFO - paramwise_options -- img_backbone.layer2.2.conv1.weight:lr_mult=0.1
06/29 09:39:13 - mmengine - WARNING - img_backbone.layer2.2.bn1.weight is skipped since its requires_grad=False
06/29 09:39:13 - mmengine - WARNING - img_backbone.layer2.2.bn1.bias is skipped since its requires_grad=False
06/29 09:39:13 - mmengine - INFO - paramwise_options -- img_backbone.layer2.2.conv2.weight:lr=2e-05
06/29 09:39:13 - mmengine - INFO - paramwise_options -- img_backbone.layer2.2.conv2.weight:weight_decay=0.01
06/29 09:39:13 - mmengine - INFO - paramwise_options -- img_backbone.layer2.2.conv2.weight:lr_mult=0.1
06/29 09:39:13 - mmengine - WARNING - img_backbone.layer2.2.bn2.weight is skipped since its requires_grad=False
06/29 09:39:13 - mmengine - WARNING - img_backbone.layer2.2.bn2.bias is skipped since its requires_grad=False
06/29 09:39:13 - mmengine - INFO - paramwise_options -- img_backbone.layer2.2.conv3.weight:lr=2e-05
06/29 09:39:13 - mmengine - INFO - paramwise_options -- img_backbone.layer2.2.conv3.weight:weight_decay=0.01
06/29 09:39:13 - mmengine - INFO - paramwise_options -- img_backbone.layer2.2.conv3.weight:lr_mult=0.1
06/29 09:39:13 - mmengine - WARNING - img_backbone.layer2.2.bn3.weight is skipped since its requires_grad=False
06/29 09:39:13 - mmengine - WARNING - img_backbone.layer2.2.bn3.bias is skipped since its requires_grad=False
06/29 09:39:13 - mmengine - INFO - paramwise_options -- img_backbone.layer2.3.conv1.weight:lr=2e-05
06/29 09:39:13 - mmengine - INFO - paramwise_options -- img_backbone.layer2.3.conv1.weight:weight_decay=0.01
06/29 09:39:13 - mmengine - INFO - paramwise_options -- img_backbone.layer2.3.conv1.weight:lr_mult=0.1
06/29 09:39:13 - mmengine - WARNING - img_backbone.layer2.3.bn1.weight is skipped since its requires_grad=False
06/29 09:39:13 - mmengine - WARNING - img_backbone.layer2.3.bn1.bias is skipped since its requires_grad=False
06/29 09:39:13 - mmengine - INFO - paramwise_options -- img_backbone.layer2.3.conv2.weight:lr=2e-05
06/29 09:39:13 - mmengine - INFO - paramwise_options -- img_backbone.layer2.3.conv2.weight:weight_decay=0.01
06/29 09:39:13 - mmengine - INFO - paramwise_options -- img_backbone.layer2.3.conv2.weight:lr_mult=0.1
06/29 09:39:13 - mmengine - WARNING - img_backbone.layer2.3.bn2.weight is skipped since its requires_grad=False
06/29 09:39:13 - mmengine - WARNING - img_backbone.layer2.3.bn2.bias is skipped since its requires_grad=False
06/29 09:39:13 - mmengine - INFO - paramwise_options -- img_backbone.layer2.3.conv3.weight:lr=2e-05
06/29 09:39:13 - mmengine - INFO - paramwise_options -- img_backbone.layer2.3.conv3.weight:weight_decay=0.01
06/29 09:39:13 - mmengine - INFO - paramwise_options -- img_backbone.layer2.3.conv3.weight:lr_mult=0.1
06/29 09:39:13 - mmengine - WARNING - img_backbone.layer2.3.bn3.weight is skipped since its requires_grad=False
06/29 09:39:13 - mmengine - WARNING - img_backbone.layer2.3.bn3.bias is skipped since its requires_grad=False
06/29 09:39:13 - mmengine - INFO - paramwise_options -- img_backbone.layer3.0.conv1.weight:lr=2e-05
06/29 09:39:13 - mmengine - INFO - paramwise_options -- img_backbone.layer3.0.conv1.weight:weight_decay=0.01
06/29 09:39:13 - mmengine - INFO - paramwise_options -- img_backbone.layer3.0.conv1.weight:lr_mult=0.1
06/29 09:39:13 - mmengine - WARNING - img_backbone.layer3.0.bn1.weight is skipped since its requires_grad=False
06/29 09:39:13 - mmengine - WARNING - img_backbone.layer3.0.bn1.bias is skipped since its requires_grad=False
06/29 09:39:13 - mmengine - INFO - paramwise_options -- img_backbone.layer3.0.conv2.weight:lr=2e-05
06/29 09:39:13 - mmengine - INFO - paramwise_options -- img_backbone.layer3.0.conv2.weight:weight_decay=0.01
06/29 09:39:13 - mmengine - INFO - paramwise_options -- img_backbone.layer3.0.conv2.weight:lr_mult=0.1
06/29 09:39:13 - mmengine - INFO - paramwise_options -- img_backbone.layer3.0.conv2.conv_offset.weight:lr=2e-05
06/29 09:39:13 - mmengine - INFO - paramwise_options -- img_backbone.layer3.0.conv2.conv_offset.weight:weight_decay=0.01
06/29 09:39:13 - mmengine - INFO - paramwise_options -- img_backbone.layer3.0.conv2.conv_offset.weight:lr_mult=0.1
06/29 09:39:13 - mmengine - INFO - paramwise_options -- img_backbone.layer3.0.conv2.conv_offset.bias:lr=2e-05
06/29 09:39:13 - mmengine - INFO - paramwise_options -- img_backbone.layer3.0.conv2.conv_offset.bias:weight_decay=0.01
06/29 09:39:13 - mmengine - INFO - paramwise_options -- img_backbone.layer3.0.conv2.conv_offset.bias:lr_mult=0.1
06/29 09:39:13 - mmengine - WARNING - img_backbone.layer3.0.bn2.weight is skipped since its requires_grad=False
06/29 09:39:13 - mmengine - WARNING - img_backbone.layer3.0.bn2.bias is skipped since its requires_grad=False
06/29 09:39:13 - mmengine - INFO - paramwise_options -- img_backbone.layer3.0.conv3.weight:lr=2e-05
06/29 09:39:13 - mmengine - INFO - paramwise_options -- img_backbone.layer3.0.conv3.weight:weight_decay=0.01
06/29 09:39:13 - mmengine - INFO - paramwise_options -- img_backbone.layer3.0.conv3.weight:lr_mult=0.1
06/29 09:39:13 - mmengine - WARNING - img_backbone.layer3.0.bn3.weight is skipped since its requires_grad=False
06/29 09:39:13 - mmengine - WARNING - img_backbone.layer3.0.bn3.bias is skipped since its requires_grad=False
06/29 09:39:13 - mmengine - INFO - paramwise_options -- img_backbone.layer3.0.downsample.0.weight:lr=2e-05
06/29 09:39:13 - mmengine - INFO - paramwise_options -- img_backbone.layer3.0.downsample.0.weight:weight_decay=0.01
06/29 09:39:13 - mmengine - INFO - paramwise_options -- img_backbone.layer3.0.downsample.0.weight:lr_mult=0.1
06/29 09:39:13 - mmengine - WARNING - img_backbone.layer3.0.downsample.1.weight is skipped since its requires_grad=False
06/29 09:39:13 - mmengine - WARNING - img_backbone.layer3.0.downsample.1.bias is skipped since its requires_grad=False
06/29 09:39:13 - mmengine - INFO - paramwise_options -- img_backbone.layer3.1.conv1.weight:lr=2e-05
06/29 09:39:13 - mmengine - INFO - paramwise_options -- img_backbone.layer3.1.conv1.weight:weight_decay=0.01
06/29 09:39:13 - mmengine - INFO - paramwise_options -- img_backbone.layer3.1.conv1.weight:lr_mult=0.1
06/29 09:39:13 - mmengine - WARNING - img_backbone.layer3.1.bn1.weight is skipped since its requires_grad=False
06/29 09:39:13 - mmengine - WARNING - img_backbone.layer3.1.bn1.bias is skipped since its requires_grad=False
06/29 09:39:13 - mmengine - INFO - paramwise_options -- img_backbone.layer3.1.conv2.weight:lr=2e-05
06/29 09:39:13 - mmengine - INFO - paramwise_options -- img_backbone.layer3.1.conv2.weight:weight_decay=0.01
06/29 09:39:13 - mmengine - INFO - paramwise_options -- img_backbone.layer3.1.conv2.weight:lr_mult=0.1
06/29 09:39:13 - mmengine - INFO - paramwise_options -- img_backbone.layer3.1.conv2.conv_offset.weight:lr=2e-05
06/29 09:39:13 - mmengine - INFO - paramwise_options -- img_backbone.layer3.1.conv2.conv_offset.weight:weight_decay=0.01
06/29 09:39:13 - mmengine - INFO - paramwise_options -- img_backbone.layer3.1.conv2.conv_offset.weight:lr_mult=0.1
06/29 09:39:13 - mmengine - INFO - paramwise_options -- img_backbone.layer3.1.conv2.conv_offset.bias:lr=2e-05
06/29 09:39:13 - mmengine - INFO - paramwise_options -- img_backbone.layer3.1.conv2.conv_offset.bias:weight_decay=0.01
06/29 09:39:13 - mmengine - INFO - paramwise_options -- img_backbone.layer3.1.conv2.conv_offset.bias:lr_mult=0.1
06/29 09:39:13 - mmengine - WARNING - img_backbone.layer3.1.bn2.weight is skipped since its requires_grad=False
06/29 09:39:13 - mmengine - WARNING - img_backbone.layer3.1.bn2.bias is skipped since its requires_grad=False
06/29 09:39:13 - mmengine - INFO - paramwise_options -- img_backbone.layer3.1.conv3.weight:lr=2e-05
06/29 09:39:13 - mmengine - INFO - paramwise_options -- img_backbone.layer3.1.conv3.weight:weight_decay=0.01
06/29 09:39:13 - mmengine - INFO - paramwise_options -- img_backbone.layer3.1.conv3.weight:lr_mult=0.1
06/29 09:39:13 - mmengine - WARNING - img_backbone.layer3.1.bn3.weight is skipped since its requires_grad=False
06/29 09:39:13 - mmengine - WARNING - img_backbone.layer3.1.bn3.bias is skipped since its requires_grad=False
06/29 09:39:13 - mmengine - INFO - paramwise_options -- img_backbone.layer3.2.conv1.weight:lr=2e-05
06/29 09:39:13 - mmengine - INFO - paramwise_options -- img_backbone.layer3.2.conv1.weight:weight_decay=0.01
06/29 09:39:13 - mmengine - INFO - paramwise_options -- img_backbone.layer3.2.conv1.weight:lr_mult=0.1
06/29 09:39:13 - mmengine - WARNING - img_backbone.layer3.2.bn1.weight is skipped since its requires_grad=False
06/29 09:39:13 - mmengine - WARNING - img_backbone.layer3.2.bn1.bias is skipped since its requires_grad=False
06/29 09:39:13 - mmengine - INFO - paramwise_options -- img_backbone.layer3.2.conv2.weight:lr=2e-05
06/29 09:39:13 - mmengine - INFO - paramwise_options -- img_backbone.layer3.2.conv2.weight:weight_decay=0.01
06/29 09:39:13 - mmengine - INFO - paramwise_options -- img_backbone.layer3.2.conv2.weight:lr_mult=0.1
06/29 09:39:13 - mmengine - INFO - paramwise_options -- img_backbone.layer3.2.conv2.conv_offset.weight:lr=2e-05
06/29 09:39:13 - mmengine - INFO - paramwise_options -- img_backbone.layer3.2.conv2.conv_offset.weight:weight_decay=0.01
06/29 09:39:13 - mmengine - INFO - paramwise_options -- img_backbone.layer3.2.conv2.conv_offset.weight:lr_mult=0.1
06/29 09:39:13 - mmengine - INFO - paramwise_options -- img_backbone.layer3.2.conv2.conv_offset.bias:lr=2e-05
06/29 09:39:13 - mmengine - INFO - paramwise_options -- img_backbone.layer3.2.conv2.conv_offset.bias:weight_decay=0.01
06/29 09:39:13 - mmengine - INFO - paramwise_options -- img_backbone.layer3.2.conv2.conv_offset.bias:lr_mult=0.1
06/29 09:39:13 - mmengine - WARNING - img_backbone.layer3.2.bn2.weight is skipped since its requires_grad=False
06/29 09:39:13 - mmengine - WARNING - img_backbone.layer3.2.bn2.bias is skipped since its requires_grad=False
06/29 09:39:13 - mmengine - INFO - paramwise_options -- img_backbone.layer3.2.conv3.weight:lr=2e-05
06/29 09:39:13 - mmengine - INFO - paramwise_options -- img_backbone.layer3.2.conv3.weight:weight_decay=0.01
06/29 09:39:13 - mmengine - INFO - paramwise_options -- img_backbone.layer3.2.conv3.weight:lr_mult=0.1
06/29 09:39:13 - mmengine - WARNING - img_backbone.layer3.2.bn3.weight is skipped since its requires_grad=False
06/29 09:39:13 - mmengine - WARNING - img_backbone.layer3.2.bn3.bias is skipped since its requires_grad=False
06/29 09:39:13 - mmengine - INFO - paramwise_options -- img_backbone.layer3.3.conv1.weight:lr=2e-05
06/29 09:39:13 - mmengine - INFO - paramwise_options -- img_backbone.layer3.3.conv1.weight:weight_decay=0.01
06/29 09:39:13 - mmengine - INFO - paramwise_options -- img_backbone.layer3.3.conv1.weight:lr_mult=0.1
06/29 09:39:13 - mmengine - WARNING - img_backbone.layer3.3.bn1.weight is skipped since its requires_grad=False
06/29 09:39:13 - mmengine - WARNING - img_backbone.layer3.3.bn1.bias is skipped since its requires_grad=False
06/29 09:39:13 - mmengine - INFO - paramwise_options -- img_backbone.layer3.3.conv2.weight:lr=2e-05
06/29 09:39:13 - mmengine - INFO - paramwise_options -- img_backbone.layer3.3.conv2.weight:weight_decay=0.01
06/29 09:39:13 - mmengine - INFO - paramwise_options -- img_backbone.layer3.3.conv2.weight:lr_mult=0.1
06/29 09:39:13 - mmengine - INFO - paramwise_options -- img_backbone.layer3.3.conv2.conv_offset.weight:lr=2e-05
06/29 09:39:13 - mmengine - INFO - paramwise_options -- img_backbone.layer3.3.conv2.conv_offset.weight:weight_decay=0.01
06/29 09:39:13 - mmengine - INFO - paramwise_options -- img_backbone.layer3.3.conv2.conv_offset.weight:lr_mult=0.1
06/29 09:39:13 - mmengine - INFO - paramwise_options -- img_backbone.layer3.3.conv2.conv_offset.bias:lr=2e-05
06/29 09:39:13 - mmengine - INFO - paramwise_options -- img_backbone.layer3.3.conv2.conv_offset.bias:weight_decay=0.01
06/29 09:39:13 - mmengine - INFO - paramwise_options -- img_backbone.layer3.3.conv2.conv_offset.bias:lr_mult=0.1
06/29 09:39:13 - mmengine - WARNING - img_backbone.layer3.3.bn2.weight is skipped since its requires_grad=False
06/29 09:39:13 - mmengine - WARNING - img_backbone.layer3.3.bn2.bias is skipped since its requires_grad=False
06/29 09:39:13 - mmengine - INFO - paramwise_options -- img_backbone.layer3.3.conv3.weight:lr=2e-05
06/29 09:39:13 - mmengine - INFO - paramwise_options -- img_backbone.layer3.3.conv3.weight:weight_decay=0.01
06/29 09:39:13 - mmengine - INFO - paramwise_options -- img_backbone.layer3.3.conv3.weight:lr_mult=0.1
06/29 09:39:13 - mmengine - WARNING - img_backbone.layer3.3.bn3.weight is skipped since its requires_grad=False
06/29 09:39:13 - mmengine - WARNING - img_backbone.layer3.3.bn3.bias is skipped since its requires_grad=False
06/29 09:39:13 - mmengine - INFO - paramwise_options -- img_backbone.layer3.4.conv1.weight:lr=2e-05
06/29 09:39:13 - mmengine - INFO - paramwise_options -- img_backbone.layer3.4.conv1.weight:weight_decay=0.01
06/29 09:39:13 - mmengine - INFO - paramwise_options -- img_backbone.layer3.4.conv1.weight:lr_mult=0.1
06/29 09:39:13 - mmengine - WARNING - img_backbone.layer3.4.bn1.weight is skipped since its requires_grad=False
06/29 09:39:13 - mmengine - WARNING - img_backbone.layer3.4.bn1.bias is skipped since its requires_grad=False
06/29 09:39:13 - mmengine - INFO - paramwise_options -- img_backbone.layer3.4.conv2.weight:lr=2e-05
06/29 09:39:13 - mmengine - INFO - paramwise_options -- img_backbone.layer3.4.conv2.weight:weight_decay=0.01
06/29 09:39:13 - mmengine - INFO - paramwise_options -- img_backbone.layer3.4.conv2.weight:lr_mult=0.1
06/29 09:39:13 - mmengine - INFO - paramwise_options -- img_backbone.layer3.4.conv2.conv_offset.weight:lr=2e-05
06/29 09:39:13 - mmengine - INFO - paramwise_options -- img_backbone.layer3.4.conv2.conv_offset.weight:weight_decay=0.01
06/29 09:39:13 - mmengine - INFO - paramwise_options -- img_backbone.layer3.4.conv2.conv_offset.weight:lr_mult=0.1
06/29 09:39:13 - mmengine - INFO - paramwise_options -- img_backbone.layer3.4.conv2.conv_offset.bias:lr=2e-05
06/29 09:39:13 - mmengine - INFO - paramwise_options -- img_backbone.layer3.4.conv2.conv_offset.bias:weight_decay=0.01
06/29 09:39:13 - mmengine - INFO - paramwise_options -- img_backbone.layer3.4.conv2.conv_offset.bias:lr_mult=0.1
06/29 09:39:13 - mmengine - WARNING - img_backbone.layer3.4.bn2.weight is skipped since its requires_grad=False
06/29 09:39:13 - mmengine - WARNING - img_backbone.layer3.4.bn2.bias is skipped since its requires_grad=False
06/29 09:39:13 - mmengine - INFO - paramwise_options -- img_backbone.layer3.4.conv3.weight:lr=2e-05
06/29 09:39:13 - mmengine - INFO - paramwise_options -- img_backbone.layer3.4.conv3.weight:weight_decay=0.01
06/29 09:39:13 - mmengine - INFO - paramwise_options -- img_backbone.layer3.4.conv3.weight:lr_mult=0.1
06/29 09:39:13 - mmengine - WARNING - img_backbone.layer3.4.bn3.weight is skipped since its requires_grad=False
06/29 09:39:13 - mmengine - WARNING - img_backbone.layer3.4.bn3.bias is skipped since its requires_grad=False
06/29 09:39:13 - mmengine - INFO - paramwise_options -- img_backbone.layer3.5.conv1.weight:lr=2e-05
06/29 09:39:13 - mmengine - INFO - paramwise_options -- img_backbone.layer3.5.conv1.weight:weight_decay=0.01
06/29 09:39:13 - mmengine - INFO - paramwise_options -- img_backbone.layer3.5.conv1.weight:lr_mult=0.1
06/29 09:39:13 - mmengine - WARNING - img_backbone.layer3.5.bn1.weight is skipped since its requires_grad=False
06/29 09:39:13 - mmengine - WARNING - img_backbone.layer3.5.bn1.bias is skipped since its requires_grad=False
06/29 09:39:13 - mmengine - INFO - paramwise_options -- img_backbone.layer3.5.conv2.weight:lr=2e-05
06/29 09:39:13 - mmengine - INFO - paramwise_options -- img_backbone.layer3.5.conv2.weight:weight_decay=0.01
06/29 09:39:13 - mmengine - INFO - paramwise_options -- img_backbone.layer3.5.conv2.weight:lr_mult=0.1
06/29 09:39:13 - mmengine - INFO - paramwise_options -- img_backbone.layer3.5.conv2.conv_offset.weight:lr=2e-05
06/29 09:39:13 - mmengine - INFO - paramwise_options -- img_backbone.layer3.5.conv2.conv_offset.weight:weight_decay=0.01
06/29 09:39:13 - mmengine - INFO - paramwise_options -- img_backbone.layer3.5.conv2.conv_offset.weight:lr_mult=0.1
06/29 09:39:13 - mmengine - INFO - paramwise_options -- img_backbone.layer3.5.conv2.conv_offset.bias:lr=2e-05
06/29 09:39:13 - mmengine - INFO - paramwise_options -- img_backbone.layer3.5.conv2.conv_offset.bias:weight_decay=0.01
06/29 09:39:13 - mmengine - INFO - paramwise_options -- img_backbone.layer3.5.conv2.conv_offset.bias:lr_mult=0.1
06/29 09:39:13 - mmengine - WARNING - img_backbone.layer3.5.bn2.weight is skipped since its requires_grad=False
06/29 09:39:13 - mmengine - WARNING - img_backbone.layer3.5.bn2.bias is skipped since its requires_grad=False
06/29 09:39:13 - mmengine - INFO - paramwise_options -- img_backbone.layer3.5.conv3.weight:lr=2e-05
06/29 09:39:13 - mmengine - INFO - paramwise_options -- img_backbone.layer3.5.conv3.weight:weight_decay=0.01
06/29 09:39:13 - mmengine - INFO - paramwise_options -- img_backbone.layer3.5.conv3.weight:lr_mult=0.1
06/29 09:39:13 - mmengine - WARNING - img_backbone.layer3.5.bn3.weight is skipped since its requires_grad=False
06/29 09:39:13 - mmengine - WARNING - img_backbone.layer3.5.bn3.bias is skipped since its requires_grad=False
06/29 09:39:13 - mmengine - INFO - paramwise_options -- img_backbone.layer3.6.conv1.weight:lr=2e-05
06/29 09:39:13 - mmengine - INFO - paramwise_options -- img_backbone.layer3.6.conv1.weight:weight_decay=0.01
06/29 09:39:13 - mmengine - INFO - paramwise_options -- img_backbone.layer3.6.conv1.weight:lr_mult=0.1
06/29 09:39:13 - mmengine - WARNING - img_backbone.layer3.6.bn1.weight is skipped since its requires_grad=False
06/29 09:39:13 - mmengine - WARNING - img_backbone.layer3.6.bn1.bias is skipped since its requires_grad=False
06/29 09:39:13 - mmengine - INFO - paramwise_options -- img_backbone.layer3.6.conv2.weight:lr=2e-05
06/29 09:39:13 - mmengine - INFO - paramwise_options -- img_backbone.layer3.6.conv2.weight:weight_decay=0.01
06/29 09:39:13 - mmengine - INFO - paramwise_options -- img_backbone.layer3.6.conv2.weight:lr_mult=0.1
06/29 09:39:13 - mmengine - INFO - paramwise_options -- img_backbone.layer3.6.conv2.conv_offset.weight:lr=2e-05
06/29 09:39:13 - mmengine - INFO - paramwise_options -- img_backbone.layer3.6.conv2.conv_offset.weight:weight_decay=0.01
06/29 09:39:13 - mmengine - INFO - paramwise_options -- img_backbone.layer3.6.conv2.conv_offset.weight:lr_mult=0.1
06/29 09:39:13 - mmengine - INFO - paramwise_options -- img_backbone.layer3.6.conv2.conv_offset.bias:lr=2e-05
06/29 09:39:13 - mmengine - INFO - paramwise_options -- img_backbone.layer3.6.conv2.conv_offset.bias:weight_decay=0.01
06/29 09:39:13 - mmengine - INFO - paramwise_options -- img_backbone.layer3.6.conv2.conv_offset.bias:lr_mult=0.1
06/29 09:39:13 - mmengine - WARNING - img_backbone.layer3.6.bn2.weight is skipped since its requires_grad=False
06/29 09:39:13 - mmengine - WARNING - img_backbone.layer3.6.bn2.bias is skipped since its requires_grad=False
06/29 09:39:13 - mmengine - INFO - paramwise_options -- img_backbone.layer3.6.conv3.weight:lr=2e-05
06/29 09:39:13 - mmengine - INFO - paramwise_options -- img_backbone.layer3.6.conv3.weight:weight_decay=0.01
06/29 09:39:13 - mmengine - INFO - paramwise_options -- img_backbone.layer3.6.conv3.weight:lr_mult=0.1
06/29 09:39:13 - mmengine - WARNING - img_backbone.layer3.6.bn3.weight is skipped since its requires_grad=False
06/29 09:39:13 - mmengine - WARNING - img_backbone.layer3.6.bn3.bias is skipped since its requires_grad=False
06/29 09:39:13 - mmengine - INFO - paramwise_options -- img_backbone.layer3.7.conv1.weight:lr=2e-05
06/29 09:39:13 - mmengine - INFO - paramwise_options -- img_backbone.layer3.7.conv1.weight:weight_decay=0.01
06/29 09:39:13 - mmengine - INFO - paramwise_options -- img_backbone.layer3.7.conv1.weight:lr_mult=0.1
06/29 09:39:13 - mmengine - WARNING - img_backbone.layer3.7.bn1.weight is skipped since its requires_grad=False
06/29 09:39:13 - mmengine - WARNING - img_backbone.layer3.7.bn1.bias is skipped since its requires_grad=False
06/29 09:39:13 - mmengine - INFO - paramwise_options -- img_backbone.layer3.7.conv2.weight:lr=2e-05
06/29 09:39:13 - mmengine - INFO - paramwise_options -- img_backbone.layer3.7.conv2.weight:weight_decay=0.01
06/29 09:39:13 - mmengine - INFO - paramwise_options -- img_backbone.layer3.7.conv2.weight:lr_mult=0.1
06/29 09:39:13 - mmengine - INFO - paramwise_options -- img_backbone.layer3.7.conv2.conv_offset.weight:lr=2e-05
06/29 09:39:13 - mmengine - INFO - paramwise_options -- img_backbone.layer3.7.conv2.conv_offset.weight:weight_decay=0.01
06/29 09:39:13 - mmengine - INFO - paramwise_options -- img_backbone.layer3.7.conv2.conv_offset.weight:lr_mult=0.1
06/29 09:39:13 - mmengine - INFO - paramwise_options -- img_backbone.layer3.7.conv2.conv_offset.bias:lr=2e-05
06/29 09:39:13 - mmengine - INFO - paramwise_options -- img_backbone.layer3.7.conv2.conv_offset.bias:weight_decay=0.01
06/29 09:39:13 - mmengine - INFO - paramwise_options -- img_backbone.layer3.7.conv2.conv_offset.bias:lr_mult=0.1
06/29 09:39:13 - mmengine - WARNING - img_backbone.layer3.7.bn2.weight is skipped since its requires_grad=False
06/29 09:39:13 - mmengine - WARNING - img_backbone.layer3.7.bn2.bias is skipped since its requires_grad=False
06/29 09:39:13 - mmengine - INFO - paramwise_options -- img_backbone.layer3.7.conv3.weight:lr=2e-05
06/29 09:39:13 - mmengine - INFO - paramwise_options -- img_backbone.layer3.7.conv3.weight:weight_decay=0.01
06/29 09:39:13 - mmengine - INFO - paramwise_options -- img_backbone.layer3.7.conv3.weight:lr_mult=0.1
06/29 09:39:13 - mmengine - WARNING - img_backbone.layer3.7.bn3.weight is skipped since its requires_grad=False
06/29 09:39:13 - mmengine - WARNING - img_backbone.layer3.7.bn3.bias is skipped since its requires_grad=False
06/29 09:39:13 - mmengine - INFO - paramwise_options -- img_backbone.layer3.8.conv1.weight:lr=2e-05
06/29 09:39:13 - mmengine - INFO - paramwise_options -- img_backbone.layer3.8.conv1.weight:weight_decay=0.01
06/29 09:39:13 - mmengine - INFO - paramwise_options -- img_backbone.layer3.8.conv1.weight:lr_mult=0.1
06/29 09:39:13 - mmengine - WARNING - img_backbone.layer3.8.bn1.weight is skipped since its requires_grad=False
06/29 09:39:13 - mmengine - WARNING - img_backbone.layer3.8.bn1.bias is skipped since its requires_grad=False
06/29 09:39:13 - mmengine - INFO - paramwise_options -- img_backbone.layer3.8.conv2.weight:lr=2e-05
06/29 09:39:13 - mmengine - INFO - paramwise_options -- img_backbone.layer3.8.conv2.weight:weight_decay=0.01
06/29 09:39:13 - mmengine - INFO - paramwise_options -- img_backbone.layer3.8.conv2.weight:lr_mult=0.1
06/29 09:39:13 - mmengine - INFO - paramwise_options -- img_backbone.layer3.8.conv2.conv_offset.weight:lr=2e-05
06/29 09:39:13 - mmengine - INFO - paramwise_options -- img_backbone.layer3.8.conv2.conv_offset.weight:weight_decay=0.01
06/29 09:39:13 - mmengine - INFO - paramwise_options -- img_backbone.layer3.8.conv2.conv_offset.weight:lr_mult=0.1
06/29 09:39:13 - mmengine - INFO - paramwise_options -- img_backbone.layer3.8.conv2.conv_offset.bias:lr=2e-05
06/29 09:39:13 - mmengine - INFO - paramwise_options -- img_backbone.layer3.8.conv2.conv_offset.bias:weight_decay=0.01
06/29 09:39:13 - mmengine - INFO - paramwise_options -- img_backbone.layer3.8.conv2.conv_offset.bias:lr_mult=0.1
06/29 09:39:13 - mmengine - WARNING - img_backbone.layer3.8.bn2.weight is skipped since its requires_grad=False
06/29 09:39:13 - mmengine - WARNING - img_backbone.layer3.8.bn2.bias is skipped since its requires_grad=False
06/29 09:39:13 - mmengine - INFO - paramwise_options -- img_backbone.layer3.8.conv3.weight:lr=2e-05
06/29 09:39:13 - mmengine - INFO - paramwise_options -- img_backbone.layer3.8.conv3.weight:weight_decay=0.01
06/29 09:39:13 - mmengine - INFO - paramwise_options -- img_backbone.layer3.8.conv3.weight:lr_mult=0.1
06/29 09:39:13 - mmengine - WARNING - img_backbone.layer3.8.bn3.weight is skipped since its requires_grad=False
06/29 09:39:13 - mmengine - WARNING - img_backbone.layer3.8.bn3.bias is skipped since its requires_grad=False
06/29 09:39:13 - mmengine - INFO - paramwise_options -- img_backbone.layer3.9.conv1.weight:lr=2e-05
06/29 09:39:13 - mmengine - INFO - paramwise_options -- img_backbone.layer3.9.conv1.weight:weight_decay=0.01
06/29 09:39:13 - mmengine - INFO - paramwise_options -- img_backbone.layer3.9.conv1.weight:lr_mult=0.1
06/29 09:39:13 - mmengine - WARNING - img_backbone.layer3.9.bn1.weight is skipped since its requires_grad=False
06/29 09:39:13 - mmengine - WARNING - img_backbone.layer3.9.bn1.bias is skipped since its requires_grad=False
06/29 09:39:13 - mmengine - INFO - paramwise_options -- img_backbone.layer3.9.conv2.weight:lr=2e-05
06/29 09:39:13 - mmengine - INFO - paramwise_options -- img_backbone.layer3.9.conv2.weight:weight_decay=0.01
06/29 09:39:13 - mmengine - INFO - paramwise_options -- img_backbone.layer3.9.conv2.weight:lr_mult=0.1
06/29 09:39:13 - mmengine - INFO - paramwise_options -- img_backbone.layer3.9.conv2.conv_offset.weight:lr=2e-05
06/29 09:39:13 - mmengine - INFO - paramwise_options -- img_backbone.layer3.9.conv2.conv_offset.weight:weight_decay=0.01
06/29 09:39:13 - mmengine - INFO - paramwise_options -- img_backbone.layer3.9.conv2.conv_offset.weight:lr_mult=0.1
06/29 09:39:13 - mmengine - INFO - paramwise_options -- img_backbone.layer3.9.conv2.conv_offset.bias:lr=2e-05
06/29 09:39:13 - mmengine - INFO - paramwise_options -- img_backbone.layer3.9.conv2.conv_offset.bias:weight_decay=0.01
06/29 09:39:13 - mmengine - INFO - paramwise_options -- img_backbone.layer3.9.conv2.conv_offset.bias:lr_mult=0.1
06/29 09:39:13 - mmengine - WARNING - img_backbone.layer3.9.bn2.weight is skipped since its requires_grad=False
06/29 09:39:13 - mmengine - WARNING - img_backbone.layer3.9.bn2.bias is skipped since its requires_grad=False
06/29 09:39:13 - mmengine - INFO - paramwise_options -- img_backbone.layer3.9.conv3.weight:lr=2e-05
06/29 09:39:13 - mmengine - INFO - paramwise_options -- img_backbone.layer3.9.conv3.weight:weight_decay=0.01
06/29 09:39:13 - mmengine - INFO - paramwise_options -- img_backbone.layer3.9.conv3.weight:lr_mult=0.1
06/29 09:39:13 - mmengine - WARNING - img_backbone.layer3.9.bn3.weight is skipped since its requires_grad=False
06/29 09:39:13 - mmengine - WARNING - img_backbone.layer3.9.bn3.bias is skipped since its requires_grad=False
06/29 09:39:13 - mmengine - INFO - paramwise_options -- img_backbone.layer3.10.conv1.weight:lr=2e-05
06/29 09:39:13 - mmengine - INFO - paramwise_options -- img_backbone.layer3.10.conv1.weight:weight_decay=0.01
06/29 09:39:13 - mmengine - INFO - paramwise_options -- img_backbone.layer3.10.conv1.weight:lr_mult=0.1
06/29 09:39:13 - mmengine - WARNING - img_backbone.layer3.10.bn1.weight is skipped since its requires_grad=False
06/29 09:39:13 - mmengine - WARNING - img_backbone.layer3.10.bn1.bias is skipped since its requires_grad=False
06/29 09:39:13 - mmengine - INFO - paramwise_options -- img_backbone.layer3.10.conv2.weight:lr=2e-05
06/29 09:39:13 - mmengine - INFO - paramwise_options -- img_backbone.layer3.10.conv2.weight:weight_decay=0.01
06/29 09:39:13 - mmengine - INFO - paramwise_options -- img_backbone.layer3.10.conv2.weight:lr_mult=0.1
06/29 09:39:13 - mmengine - INFO - paramwise_options -- img_backbone.layer3.10.conv2.conv_offset.weight:lr=2e-05
06/29 09:39:13 - mmengine - INFO - paramwise_options -- img_backbone.layer3.10.conv2.conv_offset.weight:weight_decay=0.01
06/29 09:39:13 - mmengine - INFO - paramwise_options -- img_backbone.layer3.10.conv2.conv_offset.weight:lr_mult=0.1
06/29 09:39:13 - mmengine - INFO - paramwise_options -- img_backbone.layer3.10.conv2.conv_offset.bias:lr=2e-05
06/29 09:39:13 - mmengine - INFO - paramwise_options -- img_backbone.layer3.10.conv2.conv_offset.bias:weight_decay=0.01
06/29 09:39:13 - mmengine - INFO - paramwise_options -- img_backbone.layer3.10.conv2.conv_offset.bias:lr_mult=0.1
06/29 09:39:13 - mmengine - WARNING - img_backbone.layer3.10.bn2.weight is skipped since its requires_grad=False
06/29 09:39:13 - mmengine - WARNING - img_backbone.layer3.10.bn2.bias is skipped since its requires_grad=False
06/29 09:39:13 - mmengine - INFO - paramwise_options -- img_backbone.layer3.10.conv3.weight:lr=2e-05
06/29 09:39:13 - mmengine - INFO - paramwise_options -- img_backbone.layer3.10.conv3.weight:weight_decay=0.01
06/29 09:39:13 - mmengine - INFO - paramwise_options -- img_backbone.layer3.10.conv3.weight:lr_mult=0.1
06/29 09:39:13 - mmengine - WARNING - img_backbone.layer3.10.bn3.weight is skipped since its requires_grad=False
06/29 09:39:13 - mmengine - WARNING - img_backbone.layer3.10.bn3.bias is skipped since its requires_grad=False
06/29 09:39:13 - mmengine - INFO - paramwise_options -- img_backbone.layer3.11.conv1.weight:lr=2e-05
06/29 09:39:13 - mmengine - INFO - paramwise_options -- img_backbone.layer3.11.conv1.weight:weight_decay=0.01
06/29 09:39:13 - mmengine - INFO - paramwise_options -- img_backbone.layer3.11.conv1.weight:lr_mult=0.1
06/29 09:39:13 - mmengine - WARNING - img_backbone.layer3.11.bn1.weight is skipped since its requires_grad=False
06/29 09:39:13 - mmengine - WARNING - img_backbone.layer3.11.bn1.bias is skipped since its requires_grad=False
06/29 09:39:13 - mmengine - INFO - paramwise_options -- img_backbone.layer3.11.conv2.weight:lr=2e-05
06/29 09:39:13 - mmengine - INFO - paramwise_options -- img_backbone.layer3.11.conv2.weight:weight_decay=0.01
06/29 09:39:13 - mmengine - INFO - paramwise_options -- img_backbone.layer3.11.conv2.weight:lr_mult=0.1
06/29 09:39:13 - mmengine - INFO - paramwise_options -- img_backbone.layer3.11.conv2.conv_offset.weight:lr=2e-05
06/29 09:39:13 - mmengine - INFO - paramwise_options -- img_backbone.layer3.11.conv2.conv_offset.weight:weight_decay=0.01
06/29 09:39:13 - mmengine - INFO - paramwise_options -- img_backbone.layer3.11.conv2.conv_offset.weight:lr_mult=0.1
06/29 09:39:13 - mmengine - INFO - paramwise_options -- img_backbone.layer3.11.conv2.conv_offset.bias:lr=2e-05
06/29 09:39:13 - mmengine - INFO - paramwise_options -- img_backbone.layer3.11.conv2.conv_offset.bias:weight_decay=0.01
06/29 09:39:13 - mmengine - INFO - paramwise_options -- img_backbone.layer3.11.conv2.conv_offset.bias:lr_mult=0.1
06/29 09:39:13 - mmengine - WARNING - img_backbone.layer3.11.bn2.weight is skipped since its requires_grad=False
06/29 09:39:13 - mmengine - WARNING - img_backbone.layer3.11.bn2.bias is skipped since its requires_grad=False
06/29 09:39:13 - mmengine - INFO - paramwise_options -- img_backbone.layer3.11.conv3.weight:lr=2e-05
06/29 09:39:13 - mmengine - INFO - paramwise_options -- img_backbone.layer3.11.conv3.weight:weight_decay=0.01
06/29 09:39:13 - mmengine - INFO - paramwise_options -- img_backbone.layer3.11.conv3.weight:lr_mult=0.1
06/29 09:39:13 - mmengine - WARNING - img_backbone.layer3.11.bn3.weight is skipped since its requires_grad=False
06/29 09:39:13 - mmengine - WARNING - img_backbone.layer3.11.bn3.bias is skipped since its requires_grad=False
06/29 09:39:13 - mmengine - INFO - paramwise_options -- img_backbone.layer3.12.conv1.weight:lr=2e-05
06/29 09:39:13 - mmengine - INFO - paramwise_options -- img_backbone.layer3.12.conv1.weight:weight_decay=0.01
06/29 09:39:13 - mmengine - INFO - paramwise_options -- img_backbone.layer3.12.conv1.weight:lr_mult=0.1
06/29 09:39:13 - mmengine - WARNING - img_backbone.layer3.12.bn1.weight is skipped since its requires_grad=False
06/29 09:39:13 - mmengine - WARNING - img_backbone.layer3.12.bn1.bias is skipped since its requires_grad=False
06/29 09:39:13 - mmengine - INFO - paramwise_options -- img_backbone.layer3.12.conv2.weight:lr=2e-05
06/29 09:39:13 - mmengine - INFO - paramwise_options -- img_backbone.layer3.12.conv2.weight:weight_decay=0.01
06/29 09:39:13 - mmengine - INFO - paramwise_options -- img_backbone.layer3.12.conv2.weight:lr_mult=0.1
06/29 09:39:13 - mmengine - INFO - paramwise_options -- img_backbone.layer3.12.conv2.conv_offset.weight:lr=2e-05
06/29 09:39:13 - mmengine - INFO - paramwise_options -- img_backbone.layer3.12.conv2.conv_offset.weight:weight_decay=0.01
06/29 09:39:13 - mmengine - INFO - paramwise_options -- img_backbone.layer3.12.conv2.conv_offset.weight:lr_mult=0.1
06/29 09:39:13 - mmengine - INFO - paramwise_options -- img_backbone.layer3.12.conv2.conv_offset.bias:lr=2e-05
06/29 09:39:13 - mmengine - INFO - paramwise_options -- img_backbone.layer3.12.conv2.conv_offset.bias:weight_decay=0.01
06/29 09:39:13 - mmengine - INFO - paramwise_options -- img_backbone.layer3.12.conv2.conv_offset.bias:lr_mult=0.1
06/29 09:39:13 - mmengine - WARNING - img_backbone.layer3.12.bn2.weight is skipped since its requires_grad=False
06/29 09:39:13 - mmengine - WARNING - img_backbone.layer3.12.bn2.bias is skipped since its requires_grad=False
06/29 09:39:13 - mmengine - INFO - paramwise_options -- img_backbone.layer3.12.conv3.weight:lr=2e-05
06/29 09:39:13 - mmengine - INFO - paramwise_options -- img_backbone.layer3.12.conv3.weight:weight_decay=0.01
06/29 09:39:13 - mmengine - INFO - paramwise_options -- img_backbone.layer3.12.conv3.weight:lr_mult=0.1
06/29 09:39:13 - mmengine - WARNING - img_backbone.layer3.12.bn3.weight is skipped since its requires_grad=False
06/29 09:39:13 - mmengine - WARNING - img_backbone.layer3.12.bn3.bias is skipped since its requires_grad=False
06/29 09:39:13 - mmengine - INFO - paramwise_options -- img_backbone.layer3.13.conv1.weight:lr=2e-05
06/29 09:39:13 - mmengine - INFO - paramwise_options -- img_backbone.layer3.13.conv1.weight:weight_decay=0.01
06/29 09:39:13 - mmengine - INFO - paramwise_options -- img_backbone.layer3.13.conv1.weight:lr_mult=0.1
06/29 09:39:13 - mmengine - WARNING - img_backbone.layer3.13.bn1.weight is skipped since its requires_grad=False
06/29 09:39:13 - mmengine - WARNING - img_backbone.layer3.13.bn1.bias is skipped since its requires_grad=False
06/29 09:39:13 - mmengine - INFO - paramwise_options -- img_backbone.layer3.13.conv2.weight:lr=2e-05
06/29 09:39:13 - mmengine - INFO - paramwise_options -- img_backbone.layer3.13.conv2.weight:weight_decay=0.01
06/29 09:39:13 - mmengine - INFO - paramwise_options -- img_backbone.layer3.13.conv2.weight:lr_mult=0.1
06/29 09:39:13 - mmengine - INFO - paramwise_options -- img_backbone.layer3.13.conv2.conv_offset.weight:lr=2e-05
06/29 09:39:13 - mmengine - INFO - paramwise_options -- img_backbone.layer3.13.conv2.conv_offset.weight:weight_decay=0.01
06/29 09:39:13 - mmengine - INFO - paramwise_options -- img_backbone.layer3.13.conv2.conv_offset.weight:lr_mult=0.1
06/29 09:39:13 - mmengine - INFO - paramwise_options -- img_backbone.layer3.13.conv2.conv_offset.bias:lr=2e-05
06/29 09:39:13 - mmengine - INFO - paramwise_options -- img_backbone.layer3.13.conv2.conv_offset.bias:weight_decay=0.01
06/29 09:39:13 - mmengine - INFO - paramwise_options -- img_backbone.layer3.13.conv2.conv_offset.bias:lr_mult=0.1
06/29 09:39:13 - mmengine - WARNING - img_backbone.layer3.13.bn2.weight is skipped since its requires_grad=False
06/29 09:39:13 - mmengine - WARNING - img_backbone.layer3.13.bn2.bias is skipped since its requires_grad=False
06/29 09:39:13 - mmengine - INFO - paramwise_options -- img_backbone.layer3.13.conv3.weight:lr=2e-05
06/29 09:39:13 - mmengine - INFO - paramwise_options -- img_backbone.layer3.13.conv3.weight:weight_decay=0.01
06/29 09:39:13 - mmengine - INFO - paramwise_options -- img_backbone.layer3.13.conv3.weight:lr_mult=0.1
06/29 09:39:13 - mmengine - WARNING - img_backbone.layer3.13.bn3.weight is skipped since its requires_grad=False
06/29 09:39:13 - mmengine - WARNING - img_backbone.layer3.13.bn3.bias is skipped since its requires_grad=False
06/29 09:39:13 - mmengine - INFO - paramwise_options -- img_backbone.layer3.14.conv1.weight:lr=2e-05
06/29 09:39:13 - mmengine - INFO - paramwise_options -- img_backbone.layer3.14.conv1.weight:weight_decay=0.01
06/29 09:39:13 - mmengine - INFO - paramwise_options -- img_backbone.layer3.14.conv1.weight:lr_mult=0.1
06/29 09:39:13 - mmengine - WARNING - img_backbone.layer3.14.bn1.weight is skipped since its requires_grad=False
06/29 09:39:13 - mmengine - WARNING - img_backbone.layer3.14.bn1.bias is skipped since its requires_grad=False
06/29 09:39:13 - mmengine - INFO - paramwise_options -- img_backbone.layer3.14.conv2.weight:lr=2e-05
06/29 09:39:13 - mmengine - INFO - paramwise_options -- img_backbone.layer3.14.conv2.weight:weight_decay=0.01
06/29 09:39:13 - mmengine - INFO - paramwise_options -- img_backbone.layer3.14.conv2.weight:lr_mult=0.1
06/29 09:39:13 - mmengine - INFO - paramwise_options -- img_backbone.layer3.14.conv2.conv_offset.weight:lr=2e-05
06/29 09:39:13 - mmengine - INFO - paramwise_options -- img_backbone.layer3.14.conv2.conv_offset.weight:weight_decay=0.01
06/29 09:39:13 - mmengine - INFO - paramwise_options -- img_backbone.layer3.14.conv2.conv_offset.weight:lr_mult=0.1
06/29 09:39:13 - mmengine - INFO - paramwise_options -- img_backbone.layer3.14.conv2.conv_offset.bias:lr=2e-05
06/29 09:39:13 - mmengine - INFO - paramwise_options -- img_backbone.layer3.14.conv2.conv_offset.bias:weight_decay=0.01
06/29 09:39:13 - mmengine - INFO - paramwise_options -- img_backbone.layer3.14.conv2.conv_offset.bias:lr_mult=0.1
06/29 09:39:13 - mmengine - WARNING - img_backbone.layer3.14.bn2.weight is skipped since its requires_grad=False
06/29 09:39:13 - mmengine - WARNING - img_backbone.layer3.14.bn2.bias is skipped since its requires_grad=False
06/29 09:39:13 - mmengine - INFO - paramwise_options -- img_backbone.layer3.14.conv3.weight:lr=2e-05
06/29 09:39:13 - mmengine - INFO - paramwise_options -- img_backbone.layer3.14.conv3.weight:weight_decay=0.01
06/29 09:39:13 - mmengine - INFO - paramwise_options -- img_backbone.layer3.14.conv3.weight:lr_mult=0.1
06/29 09:39:13 - mmengine - WARNING - img_backbone.layer3.14.bn3.weight is skipped since its requires_grad=False
06/29 09:39:13 - mmengine - WARNING - img_backbone.layer3.14.bn3.bias is skipped since its requires_grad=False
06/29 09:39:13 - mmengine - INFO - paramwise_options -- img_backbone.layer3.15.conv1.weight:lr=2e-05
06/29 09:39:13 - mmengine - INFO - paramwise_options -- img_backbone.layer3.15.conv1.weight:weight_decay=0.01
06/29 09:39:13 - mmengine - INFO - paramwise_options -- img_backbone.layer3.15.conv1.weight:lr_mult=0.1
06/29 09:39:13 - mmengine - WARNING - img_backbone.layer3.15.bn1.weight is skipped since its requires_grad=False
06/29 09:39:13 - mmengine - WARNING - img_backbone.layer3.15.bn1.bias is skipped since its requires_grad=False
06/29 09:39:13 - mmengine - INFO - paramwise_options -- img_backbone.layer3.15.conv2.weight:lr=2e-05
06/29 09:39:13 - mmengine - INFO - paramwise_options -- img_backbone.layer3.15.conv2.weight:weight_decay=0.01
06/29 09:39:13 - mmengine - INFO - paramwise_options -- img_backbone.layer3.15.conv2.weight:lr_mult=0.1
06/29 09:39:13 - mmengine - INFO - paramwise_options -- img_backbone.layer3.15.conv2.conv_offset.weight:lr=2e-05
06/29 09:39:13 - mmengine - INFO - paramwise_options -- img_backbone.layer3.15.conv2.conv_offset.weight:weight_decay=0.01
06/29 09:39:13 - mmengine - INFO - paramwise_options -- img_backbone.layer3.15.conv2.conv_offset.weight:lr_mult=0.1
06/29 09:39:13 - mmengine - INFO - paramwise_options -- img_backbone.layer3.15.conv2.conv_offset.bias:lr=2e-05
06/29 09:39:13 - mmengine - INFO - paramwise_options -- img_backbone.layer3.15.conv2.conv_offset.bias:weight_decay=0.01
06/29 09:39:13 - mmengine - INFO - paramwise_options -- img_backbone.layer3.15.conv2.conv_offset.bias:lr_mult=0.1
06/29 09:39:13 - mmengine - WARNING - img_backbone.layer3.15.bn2.weight is skipped since its requires_grad=False
06/29 09:39:13 - mmengine - WARNING - img_backbone.layer3.15.bn2.bias is skipped since its requires_grad=False
06/29 09:39:13 - mmengine - INFO - paramwise_options -- img_backbone.layer3.15.conv3.weight:lr=2e-05
06/29 09:39:13 - mmengine - INFO - paramwise_options -- img_backbone.layer3.15.conv3.weight:weight_decay=0.01
06/29 09:39:13 - mmengine - INFO - paramwise_options -- img_backbone.layer3.15.conv3.weight:lr_mult=0.1
06/29 09:39:13 - mmengine - WARNING - img_backbone.layer3.15.bn3.weight is skipped since its requires_grad=False
06/29 09:39:13 - mmengine - WARNING - img_backbone.layer3.15.bn3.bias is skipped since its requires_grad=False
06/29 09:39:13 - mmengine - INFO - paramwise_options -- img_backbone.layer3.16.conv1.weight:lr=2e-05
06/29 09:39:13 - mmengine - INFO - paramwise_options -- img_backbone.layer3.16.conv1.weight:weight_decay=0.01
06/29 09:39:13 - mmengine - INFO - paramwise_options -- img_backbone.layer3.16.conv1.weight:lr_mult=0.1
06/29 09:39:13 - mmengine - WARNING - img_backbone.layer3.16.bn1.weight is skipped since its requires_grad=False
06/29 09:39:13 - mmengine - WARNING - img_backbone.layer3.16.bn1.bias is skipped since its requires_grad=False
06/29 09:39:13 - mmengine - INFO - paramwise_options -- img_backbone.layer3.16.conv2.weight:lr=2e-05
06/29 09:39:13 - mmengine - INFO - paramwise_options -- img_backbone.layer3.16.conv2.weight:weight_decay=0.01
06/29 09:39:13 - mmengine - INFO - paramwise_options -- img_backbone.layer3.16.conv2.weight:lr_mult=0.1
06/29 09:39:13 - mmengine - INFO - paramwise_options -- img_backbone.layer3.16.conv2.conv_offset.weight:lr=2e-05
06/29 09:39:13 - mmengine - INFO - paramwise_options -- img_backbone.layer3.16.conv2.conv_offset.weight:weight_decay=0.01
06/29 09:39:13 - mmengine - INFO - paramwise_options -- img_backbone.layer3.16.conv2.conv_offset.weight:lr_mult=0.1
06/29 09:39:13 - mmengine - INFO - paramwise_options -- img_backbone.layer3.16.conv2.conv_offset.bias:lr=2e-05
06/29 09:39:13 - mmengine - INFO - paramwise_options -- img_backbone.layer3.16.conv2.conv_offset.bias:weight_decay=0.01
06/29 09:39:13 - mmengine - INFO - paramwise_options -- img_backbone.layer3.16.conv2.conv_offset.bias:lr_mult=0.1
06/29 09:39:13 - mmengine - WARNING - img_backbone.layer3.16.bn2.weight is skipped since its requires_grad=False
06/29 09:39:13 - mmengine - WARNING - img_backbone.layer3.16.bn2.bias is skipped since its requires_grad=False
06/29 09:39:13 - mmengine - INFO - paramwise_options -- img_backbone.layer3.16.conv3.weight:lr=2e-05
06/29 09:39:13 - mmengine - INFO - paramwise_options -- img_backbone.layer3.16.conv3.weight:weight_decay=0.01
06/29 09:39:13 - mmengine - INFO - paramwise_options -- img_backbone.layer3.16.conv3.weight:lr_mult=0.1
06/29 09:39:13 - mmengine - WARNING - img_backbone.layer3.16.bn3.weight is skipped since its requires_grad=False
06/29 09:39:13 - mmengine - WARNING - img_backbone.layer3.16.bn3.bias is skipped since its requires_grad=False
06/29 09:39:13 - mmengine - INFO - paramwise_options -- img_backbone.layer3.17.conv1.weight:lr=2e-05
06/29 09:39:13 - mmengine - INFO - paramwise_options -- img_backbone.layer3.17.conv1.weight:weight_decay=0.01
06/29 09:39:13 - mmengine - INFO - paramwise_options -- img_backbone.layer3.17.conv1.weight:lr_mult=0.1
06/29 09:39:13 - mmengine - WARNING - img_backbone.layer3.17.bn1.weight is skipped since its requires_grad=False
06/29 09:39:13 - mmengine - WARNING - img_backbone.layer3.17.bn1.bias is skipped since its requires_grad=False
06/29 09:39:13 - mmengine - INFO - paramwise_options -- img_backbone.layer3.17.conv2.weight:lr=2e-05
06/29 09:39:13 - mmengine - INFO - paramwise_options -- img_backbone.layer3.17.conv2.weight:weight_decay=0.01
06/29 09:39:13 - mmengine - INFO - paramwise_options -- img_backbone.layer3.17.conv2.weight:lr_mult=0.1
06/29 09:39:13 - mmengine - INFO - paramwise_options -- img_backbone.layer3.17.conv2.conv_offset.weight:lr=2e-05
06/29 09:39:13 - mmengine - INFO - paramwise_options -- img_backbone.layer3.17.conv2.conv_offset.weight:weight_decay=0.01
06/29 09:39:13 - mmengine - INFO - paramwise_options -- img_backbone.layer3.17.conv2.conv_offset.weight:lr_mult=0.1
06/29 09:39:13 - mmengine - INFO - paramwise_options -- img_backbone.layer3.17.conv2.conv_offset.bias:lr=2e-05
06/29 09:39:13 - mmengine - INFO - paramwise_options -- img_backbone.layer3.17.conv2.conv_offset.bias:weight_decay=0.01
06/29 09:39:13 - mmengine - INFO - paramwise_options -- img_backbone.layer3.17.conv2.conv_offset.bias:lr_mult=0.1
06/29 09:39:13 - mmengine - WARNING - img_backbone.layer3.17.bn2.weight is skipped since its requires_grad=False
06/29 09:39:13 - mmengine - WARNING - img_backbone.layer3.17.bn2.bias is skipped since its requires_grad=False
06/29 09:39:13 - mmengine - INFO - paramwise_options -- img_backbone.layer3.17.conv3.weight:lr=2e-05
06/29 09:39:13 - mmengine - INFO - paramwise_options -- img_backbone.layer3.17.conv3.weight:weight_decay=0.01
06/29 09:39:13 - mmengine - INFO - paramwise_options -- img_backbone.layer3.17.conv3.weight:lr_mult=0.1
06/29 09:39:13 - mmengine - WARNING - img_backbone.layer3.17.bn3.weight is skipped since its requires_grad=False
06/29 09:39:13 - mmengine - WARNING - img_backbone.layer3.17.bn3.bias is skipped since its requires_grad=False
06/29 09:39:13 - mmengine - INFO - paramwise_options -- img_backbone.layer3.18.conv1.weight:lr=2e-05
06/29 09:39:13 - mmengine - INFO - paramwise_options -- img_backbone.layer3.18.conv1.weight:weight_decay=0.01
06/29 09:39:13 - mmengine - INFO - paramwise_options -- img_backbone.layer3.18.conv1.weight:lr_mult=0.1
06/29 09:39:13 - mmengine - WARNING - img_backbone.layer3.18.bn1.weight is skipped since its requires_grad=False
06/29 09:39:13 - mmengine - WARNING - img_backbone.layer3.18.bn1.bias is skipped since its requires_grad=False
06/29 09:39:13 - mmengine - INFO - paramwise_options -- img_backbone.layer3.18.conv2.weight:lr=2e-05
06/29 09:39:13 - mmengine - INFO - paramwise_options -- img_backbone.layer3.18.conv2.weight:weight_decay=0.01
06/29 09:39:13 - mmengine - INFO - paramwise_options -- img_backbone.layer3.18.conv2.weight:lr_mult=0.1
06/29 09:39:13 - mmengine - INFO - paramwise_options -- img_backbone.layer3.18.conv2.conv_offset.weight:lr=2e-05
06/29 09:39:13 - mmengine - INFO - paramwise_options -- img_backbone.layer3.18.conv2.conv_offset.weight:weight_decay=0.01
06/29 09:39:13 - mmengine - INFO - paramwise_options -- img_backbone.layer3.18.conv2.conv_offset.weight:lr_mult=0.1
06/29 09:39:13 - mmengine - INFO - paramwise_options -- img_backbone.layer3.18.conv2.conv_offset.bias:lr=2e-05
06/29 09:39:13 - mmengine - INFO - paramwise_options -- img_backbone.layer3.18.conv2.conv_offset.bias:weight_decay=0.01
06/29 09:39:13 - mmengine - INFO - paramwise_options -- img_backbone.layer3.18.conv2.conv_offset.bias:lr_mult=0.1
06/29 09:39:13 - mmengine - WARNING - img_backbone.layer3.18.bn2.weight is skipped since its requires_grad=False
06/29 09:39:13 - mmengine - WARNING - img_backbone.layer3.18.bn2.bias is skipped since its requires_grad=False
06/29 09:39:13 - mmengine - INFO - paramwise_options -- img_backbone.layer3.18.conv3.weight:lr=2e-05
06/29 09:39:13 - mmengine - INFO - paramwise_options -- img_backbone.layer3.18.conv3.weight:weight_decay=0.01
06/29 09:39:13 - mmengine - INFO - paramwise_options -- img_backbone.layer3.18.conv3.weight:lr_mult=0.1
06/29 09:39:13 - mmengine - WARNING - img_backbone.layer3.18.bn3.weight is skipped since its requires_grad=False
06/29 09:39:13 - mmengine - WARNING - img_backbone.layer3.18.bn3.bias is skipped since its requires_grad=False
06/29 09:39:13 - mmengine - INFO - paramwise_options -- img_backbone.layer3.19.conv1.weight:lr=2e-05
06/29 09:39:13 - mmengine - INFO - paramwise_options -- img_backbone.layer3.19.conv1.weight:weight_decay=0.01
06/29 09:39:13 - mmengine - INFO - paramwise_options -- img_backbone.layer3.19.conv1.weight:lr_mult=0.1
06/29 09:39:13 - mmengine - WARNING - img_backbone.layer3.19.bn1.weight is skipped since its requires_grad=False
06/29 09:39:13 - mmengine - WARNING - img_backbone.layer3.19.bn1.bias is skipped since its requires_grad=False
06/29 09:39:13 - mmengine - INFO - paramwise_options -- img_backbone.layer3.19.conv2.weight:lr=2e-05
06/29 09:39:13 - mmengine - INFO - paramwise_options -- img_backbone.layer3.19.conv2.weight:weight_decay=0.01
06/29 09:39:13 - mmengine - INFO - paramwise_options -- img_backbone.layer3.19.conv2.weight:lr_mult=0.1
06/29 09:39:13 - mmengine - INFO - paramwise_options -- img_backbone.layer3.19.conv2.conv_offset.weight:lr=2e-05
06/29 09:39:13 - mmengine - INFO - paramwise_options -- img_backbone.layer3.19.conv2.conv_offset.weight:weight_decay=0.01
06/29 09:39:13 - mmengine - INFO - paramwise_options -- img_backbone.layer3.19.conv2.conv_offset.weight:lr_mult=0.1
06/29 09:39:13 - mmengine - INFO - paramwise_options -- img_backbone.layer3.19.conv2.conv_offset.bias:lr=2e-05
06/29 09:39:13 - mmengine - INFO - paramwise_options -- img_backbone.layer3.19.conv2.conv_offset.bias:weight_decay=0.01
06/29 09:39:13 - mmengine - INFO - paramwise_options -- img_backbone.layer3.19.conv2.conv_offset.bias:lr_mult=0.1
06/29 09:39:13 - mmengine - WARNING - img_backbone.layer3.19.bn2.weight is skipped since its requires_grad=False
06/29 09:39:13 - mmengine - WARNING - img_backbone.layer3.19.bn2.bias is skipped since its requires_grad=False
06/29 09:39:13 - mmengine - INFO - paramwise_options -- img_backbone.layer3.19.conv3.weight:lr=2e-05
06/29 09:39:13 - mmengine - INFO - paramwise_options -- img_backbone.layer3.19.conv3.weight:weight_decay=0.01
06/29 09:39:13 - mmengine - INFO - paramwise_options -- img_backbone.layer3.19.conv3.weight:lr_mult=0.1
06/29 09:39:13 - mmengine - WARNING - img_backbone.layer3.19.bn3.weight is skipped since its requires_grad=False
06/29 09:39:13 - mmengine - WARNING - img_backbone.layer3.19.bn3.bias is skipped since its requires_grad=False
06/29 09:39:13 - mmengine - INFO - paramwise_options -- img_backbone.layer3.20.conv1.weight:lr=2e-05
06/29 09:39:13 - mmengine - INFO - paramwise_options -- img_backbone.layer3.20.conv1.weight:weight_decay=0.01
06/29 09:39:13 - mmengine - INFO - paramwise_options -- img_backbone.layer3.20.conv1.weight:lr_mult=0.1
06/29 09:39:13 - mmengine - WARNING - img_backbone.layer3.20.bn1.weight is skipped since its requires_grad=False
06/29 09:39:13 - mmengine - WARNING - img_backbone.layer3.20.bn1.bias is skipped since its requires_grad=False
06/29 09:39:13 - mmengine - INFO - paramwise_options -- img_backbone.layer3.20.conv2.weight:lr=2e-05
06/29 09:39:13 - mmengine - INFO - paramwise_options -- img_backbone.layer3.20.conv2.weight:weight_decay=0.01
06/29 09:39:13 - mmengine - INFO - paramwise_options -- img_backbone.layer3.20.conv2.weight:lr_mult=0.1
06/29 09:39:13 - mmengine - INFO - paramwise_options -- img_backbone.layer3.20.conv2.conv_offset.weight:lr=2e-05
06/29 09:39:13 - mmengine - INFO - paramwise_options -- img_backbone.layer3.20.conv2.conv_offset.weight:weight_decay=0.01
06/29 09:39:13 - mmengine - INFO - paramwise_options -- img_backbone.layer3.20.conv2.conv_offset.weight:lr_mult=0.1
06/29 09:39:13 - mmengine - INFO - paramwise_options -- img_backbone.layer3.20.conv2.conv_offset.bias:lr=2e-05
06/29 09:39:13 - mmengine - INFO - paramwise_options -- img_backbone.layer3.20.conv2.conv_offset.bias:weight_decay=0.01
06/29 09:39:13 - mmengine - INFO - paramwise_options -- img_backbone.layer3.20.conv2.conv_offset.bias:lr_mult=0.1
06/29 09:39:13 - mmengine - WARNING - img_backbone.layer3.20.bn2.weight is skipped since its requires_grad=False
06/29 09:39:13 - mmengine - WARNING - img_backbone.layer3.20.bn2.bias is skipped since its requires_grad=False
06/29 09:39:13 - mmengine - INFO - paramwise_options -- img_backbone.layer3.20.conv3.weight:lr=2e-05
06/29 09:39:13 - mmengine - INFO - paramwise_options -- img_backbone.layer3.20.conv3.weight:weight_decay=0.01
06/29 09:39:13 - mmengine - INFO - paramwise_options -- img_backbone.layer3.20.conv3.weight:lr_mult=0.1
06/29 09:39:13 - mmengine - WARNING - img_backbone.layer3.20.bn3.weight is skipped since its requires_grad=False
06/29 09:39:13 - mmengine - WARNING - img_backbone.layer3.20.bn3.bias is skipped since its requires_grad=False
06/29 09:39:13 - mmengine - INFO - paramwise_options -- img_backbone.layer3.21.conv1.weight:lr=2e-05
06/29 09:39:13 - mmengine - INFO - paramwise_options -- img_backbone.layer3.21.conv1.weight:weight_decay=0.01
06/29 09:39:13 - mmengine - INFO - paramwise_options -- img_backbone.layer3.21.conv1.weight:lr_mult=0.1
06/29 09:39:13 - mmengine - WARNING - img_backbone.layer3.21.bn1.weight is skipped since its requires_grad=False
06/29 09:39:13 - mmengine - WARNING - img_backbone.layer3.21.bn1.bias is skipped since its requires_grad=False
06/29 09:39:13 - mmengine - INFO - paramwise_options -- img_backbone.layer3.21.conv2.weight:lr=2e-05
06/29 09:39:13 - mmengine - INFO - paramwise_options -- img_backbone.layer3.21.conv2.weight:weight_decay=0.01
06/29 09:39:13 - mmengine - INFO - paramwise_options -- img_backbone.layer3.21.conv2.weight:lr_mult=0.1
06/29 09:39:13 - mmengine - INFO - paramwise_options -- img_backbone.layer3.21.conv2.conv_offset.weight:lr=2e-05
06/29 09:39:13 - mmengine - INFO - paramwise_options -- img_backbone.layer3.21.conv2.conv_offset.weight:weight_decay=0.01
06/29 09:39:13 - mmengine - INFO - paramwise_options -- img_backbone.layer3.21.conv2.conv_offset.weight:lr_mult=0.1
06/29 09:39:13 - mmengine - INFO - paramwise_options -- img_backbone.layer3.21.conv2.conv_offset.bias:lr=2e-05
06/29 09:39:13 - mmengine - INFO - paramwise_options -- img_backbone.layer3.21.conv2.conv_offset.bias:weight_decay=0.01
06/29 09:39:13 - mmengine - INFO - paramwise_options -- img_backbone.layer3.21.conv2.conv_offset.bias:lr_mult=0.1
06/29 09:39:13 - mmengine - WARNING - img_backbone.layer3.21.bn2.weight is skipped since its requires_grad=False
06/29 09:39:13 - mmengine - WARNING - img_backbone.layer3.21.bn2.bias is skipped since its requires_grad=False
06/29 09:39:13 - mmengine - INFO - paramwise_options -- img_backbone.layer3.21.conv3.weight:lr=2e-05
06/29 09:39:13 - mmengine - INFO - paramwise_options -- img_backbone.layer3.21.conv3.weight:weight_decay=0.01
06/29 09:39:13 - mmengine - INFO - paramwise_options -- img_backbone.layer3.21.conv3.weight:lr_mult=0.1
06/29 09:39:13 - mmengine - WARNING - img_backbone.layer3.21.bn3.weight is skipped since its requires_grad=False
06/29 09:39:13 - mmengine - WARNING - img_backbone.layer3.21.bn3.bias is skipped since its requires_grad=False
06/29 09:39:13 - mmengine - INFO - paramwise_options -- img_backbone.layer3.22.conv1.weight:lr=2e-05
06/29 09:39:13 - mmengine - INFO - paramwise_options -- img_backbone.layer3.22.conv1.weight:weight_decay=0.01
06/29 09:39:13 - mmengine - INFO - paramwise_options -- img_backbone.layer3.22.conv1.weight:lr_mult=0.1
06/29 09:39:13 - mmengine - WARNING - img_backbone.layer3.22.bn1.weight is skipped since its requires_grad=False
06/29 09:39:13 - mmengine - WARNING - img_backbone.layer3.22.bn1.bias is skipped since its requires_grad=False
06/29 09:39:13 - mmengine - INFO - paramwise_options -- img_backbone.layer3.22.conv2.weight:lr=2e-05
06/29 09:39:13 - mmengine - INFO - paramwise_options -- img_backbone.layer3.22.conv2.weight:weight_decay=0.01
06/29 09:39:13 - mmengine - INFO - paramwise_options -- img_backbone.layer3.22.conv2.weight:lr_mult=0.1
06/29 09:39:13 - mmengine - INFO - paramwise_options -- img_backbone.layer3.22.conv2.conv_offset.weight:lr=2e-05
06/29 09:39:13 - mmengine - INFO - paramwise_options -- img_backbone.layer3.22.conv2.conv_offset.weight:weight_decay=0.01
06/29 09:39:13 - mmengine - INFO - paramwise_options -- img_backbone.layer3.22.conv2.conv_offset.weight:lr_mult=0.1
06/29 09:39:13 - mmengine - INFO - paramwise_options -- img_backbone.layer3.22.conv2.conv_offset.bias:lr=2e-05
06/29 09:39:13 - mmengine - INFO - paramwise_options -- img_backbone.layer3.22.conv2.conv_offset.bias:weight_decay=0.01
06/29 09:39:13 - mmengine - INFO - paramwise_options -- img_backbone.layer3.22.conv2.conv_offset.bias:lr_mult=0.1
06/29 09:39:13 - mmengine - WARNING - img_backbone.layer3.22.bn2.weight is skipped since its requires_grad=False
06/29 09:39:13 - mmengine - WARNING - img_backbone.layer3.22.bn2.bias is skipped since its requires_grad=False
06/29 09:39:13 - mmengine - INFO - paramwise_options -- img_backbone.layer3.22.conv3.weight:lr=2e-05
06/29 09:39:13 - mmengine - INFO - paramwise_options -- img_backbone.layer3.22.conv3.weight:weight_decay=0.01
06/29 09:39:13 - mmengine - INFO - paramwise_options -- img_backbone.layer3.22.conv3.weight:lr_mult=0.1
06/29 09:39:13 - mmengine - WARNING - img_backbone.layer3.22.bn3.weight is skipped since its requires_grad=False
06/29 09:39:13 - mmengine - WARNING - img_backbone.layer3.22.bn3.bias is skipped since its requires_grad=False
06/29 09:39:13 - mmengine - INFO - paramwise_options -- img_backbone.layer4.0.conv1.weight:lr=2e-05
06/29 09:39:13 - mmengine - INFO - paramwise_options -- img_backbone.layer4.0.conv1.weight:weight_decay=0.01
06/29 09:39:13 - mmengine - INFO - paramwise_options -- img_backbone.layer4.0.conv1.weight:lr_mult=0.1
06/29 09:39:13 - mmengine - WARNING - img_backbone.layer4.0.bn1.weight is skipped since its requires_grad=False
06/29 09:39:13 - mmengine - WARNING - img_backbone.layer4.0.bn1.bias is skipped since its requires_grad=False
06/29 09:39:13 - mmengine - INFO - paramwise_options -- img_backbone.layer4.0.conv2.weight:lr=2e-05
06/29 09:39:13 - mmengine - INFO - paramwise_options -- img_backbone.layer4.0.conv2.weight:weight_decay=0.01
06/29 09:39:13 - mmengine - INFO - paramwise_options -- img_backbone.layer4.0.conv2.weight:lr_mult=0.1
06/29 09:39:13 - mmengine - INFO - paramwise_options -- img_backbone.layer4.0.conv2.conv_offset.weight:lr=2e-05
06/29 09:39:13 - mmengine - INFO - paramwise_options -- img_backbone.layer4.0.conv2.conv_offset.weight:weight_decay=0.01
06/29 09:39:13 - mmengine - INFO - paramwise_options -- img_backbone.layer4.0.conv2.conv_offset.weight:lr_mult=0.1
06/29 09:39:13 - mmengine - INFO - paramwise_options -- img_backbone.layer4.0.conv2.conv_offset.bias:lr=2e-05
06/29 09:39:13 - mmengine - INFO - paramwise_options -- img_backbone.layer4.0.conv2.conv_offset.bias:weight_decay=0.01
06/29 09:39:13 - mmengine - INFO - paramwise_options -- img_backbone.layer4.0.conv2.conv_offset.bias:lr_mult=0.1
06/29 09:39:13 - mmengine - WARNING - img_backbone.layer4.0.bn2.weight is skipped since its requires_grad=False
06/29 09:39:13 - mmengine - WARNING - img_backbone.layer4.0.bn2.bias is skipped since its requires_grad=False
06/29 09:39:13 - mmengine - INFO - paramwise_options -- img_backbone.layer4.0.conv3.weight:lr=2e-05
06/29 09:39:13 - mmengine - INFO - paramwise_options -- img_backbone.layer4.0.conv3.weight:weight_decay=0.01
06/29 09:39:13 - mmengine - INFO - paramwise_options -- img_backbone.layer4.0.conv3.weight:lr_mult=0.1
06/29 09:39:13 - mmengine - WARNING - img_backbone.layer4.0.bn3.weight is skipped since its requires_grad=False
06/29 09:39:13 - mmengine - WARNING - img_backbone.layer4.0.bn3.bias is skipped since its requires_grad=False
06/29 09:39:13 - mmengine - INFO - paramwise_options -- img_backbone.layer4.0.downsample.0.weight:lr=2e-05
06/29 09:39:13 - mmengine - INFO - paramwise_options -- img_backbone.layer4.0.downsample.0.weight:weight_decay=0.01
06/29 09:39:13 - mmengine - INFO - paramwise_options -- img_backbone.layer4.0.downsample.0.weight:lr_mult=0.1
06/29 09:39:13 - mmengine - WARNING - img_backbone.layer4.0.downsample.1.weight is skipped since its requires_grad=False
06/29 09:39:13 - mmengine - WARNING - img_backbone.layer4.0.downsample.1.bias is skipped since its requires_grad=False
06/29 09:39:13 - mmengine - INFO - paramwise_options -- img_backbone.layer4.1.conv1.weight:lr=2e-05
06/29 09:39:13 - mmengine - INFO - paramwise_options -- img_backbone.layer4.1.conv1.weight:weight_decay=0.01
06/29 09:39:13 - mmengine - INFO - paramwise_options -- img_backbone.layer4.1.conv1.weight:lr_mult=0.1
06/29 09:39:13 - mmengine - WARNING - img_backbone.layer4.1.bn1.weight is skipped since its requires_grad=False
06/29 09:39:13 - mmengine - WARNING - img_backbone.layer4.1.bn1.bias is skipped since its requires_grad=False
06/29 09:39:13 - mmengine - INFO - paramwise_options -- img_backbone.layer4.1.conv2.weight:lr=2e-05
06/29 09:39:13 - mmengine - INFO - paramwise_options -- img_backbone.layer4.1.conv2.weight:weight_decay=0.01
06/29 09:39:13 - mmengine - INFO - paramwise_options -- img_backbone.layer4.1.conv2.weight:lr_mult=0.1
06/29 09:39:13 - mmengine - INFO - paramwise_options -- img_backbone.layer4.1.conv2.conv_offset.weight:lr=2e-05
06/29 09:39:13 - mmengine - INFO - paramwise_options -- img_backbone.layer4.1.conv2.conv_offset.weight:weight_decay=0.01
06/29 09:39:13 - mmengine - INFO - paramwise_options -- img_backbone.layer4.1.conv2.conv_offset.weight:lr_mult=0.1
06/29 09:39:13 - mmengine - INFO - paramwise_options -- img_backbone.layer4.1.conv2.conv_offset.bias:lr=2e-05
06/29 09:39:13 - mmengine - INFO - paramwise_options -- img_backbone.layer4.1.conv2.conv_offset.bias:weight_decay=0.01
06/29 09:39:13 - mmengine - INFO - paramwise_options -- img_backbone.layer4.1.conv2.conv_offset.bias:lr_mult=0.1
06/29 09:39:13 - mmengine - WARNING - img_backbone.layer4.1.bn2.weight is skipped since its requires_grad=False
06/29 09:39:13 - mmengine - WARNING - img_backbone.layer4.1.bn2.bias is skipped since its requires_grad=False
06/29 09:39:13 - mmengine - INFO - paramwise_options -- img_backbone.layer4.1.conv3.weight:lr=2e-05
06/29 09:39:13 - mmengine - INFO - paramwise_options -- img_backbone.layer4.1.conv3.weight:weight_decay=0.01
06/29 09:39:13 - mmengine - INFO - paramwise_options -- img_backbone.layer4.1.conv3.weight:lr_mult=0.1
06/29 09:39:13 - mmengine - WARNING - img_backbone.layer4.1.bn3.weight is skipped since its requires_grad=False
06/29 09:39:13 - mmengine - WARNING - img_backbone.layer4.1.bn3.bias is skipped since its requires_grad=False
06/29 09:39:13 - mmengine - INFO - paramwise_options -- img_backbone.layer4.2.conv1.weight:lr=2e-05
06/29 09:39:13 - mmengine - INFO - paramwise_options -- img_backbone.layer4.2.conv1.weight:weight_decay=0.01
06/29 09:39:13 - mmengine - INFO - paramwise_options -- img_backbone.layer4.2.conv1.weight:lr_mult=0.1
06/29 09:39:13 - mmengine - WARNING - img_backbone.layer4.2.bn1.weight is skipped since its requires_grad=False
06/29 09:39:13 - mmengine - WARNING - img_backbone.layer4.2.bn1.bias is skipped since its requires_grad=False
06/29 09:39:13 - mmengine - INFO - paramwise_options -- img_backbone.layer4.2.conv2.weight:lr=2e-05
06/29 09:39:13 - mmengine - INFO - paramwise_options -- img_backbone.layer4.2.conv2.weight:weight_decay=0.01
06/29 09:39:13 - mmengine - INFO - paramwise_options -- img_backbone.layer4.2.conv2.weight:lr_mult=0.1
06/29 09:39:13 - mmengine - INFO - paramwise_options -- img_backbone.layer4.2.conv2.conv_offset.weight:lr=2e-05
06/29 09:39:13 - mmengine - INFO - paramwise_options -- img_backbone.layer4.2.conv2.conv_offset.weight:weight_decay=0.01
06/29 09:39:13 - mmengine - INFO - paramwise_options -- img_backbone.layer4.2.conv2.conv_offset.weight:lr_mult=0.1
06/29 09:39:13 - mmengine - INFO - paramwise_options -- img_backbone.layer4.2.conv2.conv_offset.bias:lr=2e-05
06/29 09:39:13 - mmengine - INFO - paramwise_options -- img_backbone.layer4.2.conv2.conv_offset.bias:weight_decay=0.01
06/29 09:39:13 - mmengine - INFO - paramwise_options -- img_backbone.layer4.2.conv2.conv_offset.bias:lr_mult=0.1
06/29 09:39:13 - mmengine - WARNING - img_backbone.layer4.2.bn2.weight is skipped since its requires_grad=False
06/29 09:39:13 - mmengine - WARNING - img_backbone.layer4.2.bn2.bias is skipped since its requires_grad=False
06/29 09:39:13 - mmengine - INFO - paramwise_options -- img_backbone.layer4.2.conv3.weight:lr=2e-05
06/29 09:39:13 - mmengine - INFO - paramwise_options -- img_backbone.layer4.2.conv3.weight:weight_decay=0.01
06/29 09:39:13 - mmengine - INFO - paramwise_options -- img_backbone.layer4.2.conv3.weight:lr_mult=0.1
06/29 09:39:13 - mmengine - WARNING - img_backbone.layer4.2.bn3.weight is skipped since its requires_grad=False
06/29 09:39:13 - mmengine - WARNING - img_backbone.layer4.2.bn3.bias is skipped since its requires_grad=False
06/29 09:39:13 - mmengine - WARNING - map_decoder.pts_bbox_head.code_weights is skipped since its requires_grad=False
06/29 09:39:13 - mmengine - WARNING - map_decoder.pts_bbox_head.map_adapter_layers.0.0.weight is skipped since its requires_grad=False
06/29 09:39:13 - mmengine - WARNING - map_decoder.pts_bbox_head.map_adapter_layers.0.0.bias is skipped since its requires_grad=False
06/29 09:39:13 - mmengine - WARNING - map_decoder.pts_bbox_head.map_adapter_layers.0.1.weight is skipped since its requires_grad=False
06/29 09:39:13 - mmengine - WARNING - map_decoder.pts_bbox_head.map_adapter_layers.0.1.bias is skipped since its requires_grad=False
06/29 09:39:13 - mmengine - WARNING - map_decoder.pts_bbox_head.map_adapter_layers.1.weight is skipped since its requires_grad=False
06/29 09:39:13 - mmengine - WARNING - map_decoder.pts_bbox_head.map_adapter_layers.1.bias is skipped since its requires_grad=False
06/29 09:39:13 - mmengine - WARNING - map_decoder.pts_bbox_head.cls_branches.0.weight is skipped since its requires_grad=False
06/29 09:39:13 - mmengine - WARNING - map_decoder.pts_bbox_head.cls_branches.0.bias is skipped since its requires_grad=False
06/29 09:39:13 - mmengine - WARNING - map_decoder.pts_bbox_head.cls_branches.1.weight is skipped since its requires_grad=False
06/29 09:39:13 - mmengine - WARNING - map_decoder.pts_bbox_head.cls_branches.1.bias is skipped since its requires_grad=False
06/29 09:39:13 - mmengine - WARNING - map_decoder.pts_bbox_head.cls_branches.3.weight is skipped since its requires_grad=False
06/29 09:39:13 - mmengine - WARNING - map_decoder.pts_bbox_head.cls_branches.3.bias is skipped since its requires_grad=False
06/29 09:39:13 - mmengine - WARNING - map_decoder.pts_bbox_head.cls_branches.4.weight is skipped since its requires_grad=False
06/29 09:39:13 - mmengine - WARNING - map_decoder.pts_bbox_head.cls_branches.4.bias is skipped since its requires_grad=False
06/29 09:39:13 - mmengine - WARNING - map_decoder.pts_bbox_head.cls_branches.6.weight is skipped since its requires_grad=False
06/29 09:39:13 - mmengine - WARNING - map_decoder.pts_bbox_head.cls_branches.6.bias is skipped since its requires_grad=False
06/29 09:39:13 - mmengine - WARNING - map_decoder.pts_bbox_head.reg_branches.0.weight is skipped since its requires_grad=False
06/29 09:39:13 - mmengine - WARNING - map_decoder.pts_bbox_head.reg_branches.0.bias is skipped since its requires_grad=False
06/29 09:39:13 - mmengine - WARNING - map_decoder.pts_bbox_head.reg_branches.2.weight is skipped since its requires_grad=False
06/29 09:39:13 - mmengine - WARNING - map_decoder.pts_bbox_head.reg_branches.2.bias is skipped since its requires_grad=False
06/29 09:39:13 - mmengine - WARNING - map_decoder.pts_bbox_head.reg_branches.4.weight is skipped since its requires_grad=False
06/29 09:39:13 - mmengine - WARNING - map_decoder.pts_bbox_head.reg_branches.4.bias is skipped since its requires_grad=False
06/29 09:39:13 - mmengine - WARNING - map_decoder.pts_bbox_head.reg_branches.6.weight is skipped since its requires_grad=False
06/29 09:39:13 - mmengine - WARNING - map_decoder.pts_bbox_head.reg_branches.6.bias is skipped since its requires_grad=False
06/29 09:39:13 - mmengine - WARNING - planner_head.ego_query.weight is skipped since its requires_grad=False
06/29 09:39:13 - mmengine - WARNING - planner_head.ego_agent_decoder.layers.0.attentions.0.attn.in_proj_weight is skipped since its requires_grad=False
06/29 09:39:13 - mmengine - WARNING - planner_head.ego_agent_decoder.layers.0.attentions.0.attn.in_proj_bias is skipped since its requires_grad=False
06/29 09:39:13 - mmengine - WARNING - planner_head.ego_agent_decoder.layers.0.attentions.0.attn.out_proj.weight is skipped since its requires_grad=False
06/29 09:39:13 - mmengine - WARNING - planner_head.ego_agent_decoder.layers.0.attentions.0.attn.out_proj.bias is skipped since its requires_grad=False
06/29 09:39:13 - mmengine - WARNING - planner_head.ego_agent_decoder.layers.0.ffns.0.layers.0.0.weight is skipped since its requires_grad=False
06/29 09:39:13 - mmengine - WARNING - planner_head.ego_agent_decoder.layers.0.ffns.0.layers.0.0.bias is skipped since its requires_grad=False
06/29 09:39:13 - mmengine - WARNING - planner_head.ego_agent_decoder.layers.0.ffns.0.layers.1.weight is skipped since its requires_grad=False
06/29 09:39:13 - mmengine - WARNING - planner_head.ego_agent_decoder.layers.0.ffns.0.layers.1.bias is skipped since its requires_grad=False
06/29 09:39:13 - mmengine - WARNING - planner_head.ego_agent_decoder.layers.0.norms.0.weight is skipped since its requires_grad=False
06/29 09:39:13 - mmengine - WARNING - planner_head.ego_agent_decoder.layers.0.norms.0.bias is skipped since its requires_grad=False
06/29 09:39:13 - mmengine - WARNING - planner_head.ego_agent_decoder.layers.0.norms.1.weight is skipped since its requires_grad=False
06/29 09:39:13 - mmengine - WARNING - planner_head.ego_agent_decoder.layers.0.norms.1.bias is skipped since its requires_grad=False
06/29 09:39:13 - mmengine - WARNING - planner_head.ego_map_decoder.layers.0.attentions.0.attn.in_proj_weight is skipped since its requires_grad=False
06/29 09:39:13 - mmengine - WARNING - planner_head.ego_map_decoder.layers.0.attentions.0.attn.in_proj_bias is skipped since its requires_grad=False
06/29 09:39:13 - mmengine - WARNING - planner_head.ego_map_decoder.layers.0.attentions.0.attn.out_proj.weight is skipped since its requires_grad=False
06/29 09:39:13 - mmengine - WARNING - planner_head.ego_map_decoder.layers.0.attentions.0.attn.out_proj.bias is skipped since its requires_grad=False
06/29 09:39:13 - mmengine - WARNING - planner_head.ego_map_decoder.layers.0.ffns.0.layers.0.0.weight is skipped since its requires_grad=False
06/29 09:39:13 - mmengine - WARNING - planner_head.ego_map_decoder.layers.0.ffns.0.layers.0.0.bias is skipped since its requires_grad=False
06/29 09:39:13 - mmengine - WARNING - planner_head.ego_map_decoder.layers.0.ffns.0.layers.1.weight is skipped since its requires_grad=False
06/29 09:39:13 - mmengine - WARNING - planner_head.ego_map_decoder.layers.0.ffns.0.layers.1.bias is skipped since its requires_grad=False
06/29 09:39:13 - mmengine - WARNING - planner_head.ego_map_decoder.layers.0.norms.0.weight is skipped since its requires_grad=False
06/29 09:39:13 - mmengine - WARNING - planner_head.ego_map_decoder.layers.0.norms.0.bias is skipped since its requires_grad=False
06/29 09:39:13 - mmengine - WARNING - planner_head.ego_map_decoder.layers.0.norms.1.weight is skipped since its requires_grad=False
06/29 09:39:13 - mmengine - WARNING - planner_head.ego_map_decoder.layers.0.norms.1.bias is skipped since its requires_grad=False
06/29 09:39:13 - mmengine - WARNING - planner_head.ego_gaussian_decoder.layers.0.attentions.0.attn.in_proj_weight is skipped since its requires_grad=False
06/29 09:39:13 - mmengine - WARNING - planner_head.ego_gaussian_decoder.layers.0.attentions.0.attn.in_proj_bias is skipped since its requires_grad=False
06/29 09:39:13 - mmengine - WARNING - planner_head.ego_gaussian_decoder.layers.0.attentions.0.attn.out_proj.weight is skipped since its requires_grad=False
06/29 09:39:13 - mmengine - WARNING - planner_head.ego_gaussian_decoder.layers.0.attentions.0.attn.out_proj.bias is skipped since its requires_grad=False
06/29 09:39:13 - mmengine - WARNING - planner_head.ego_gaussian_decoder.layers.0.ffns.0.layers.0.0.weight is skipped since its requires_grad=False
06/29 09:39:13 - mmengine - WARNING - planner_head.ego_gaussian_decoder.layers.0.ffns.0.layers.0.0.bias is skipped since its requires_grad=False
06/29 09:39:13 - mmengine - WARNING - planner_head.ego_gaussian_decoder.layers.0.ffns.0.layers.1.weight is skipped since its requires_grad=False
06/29 09:39:13 - mmengine - WARNING - planner_head.ego_gaussian_decoder.layers.0.ffns.0.layers.1.bias is skipped since its requires_grad=False
06/29 09:39:13 - mmengine - WARNING - planner_head.ego_gaussian_decoder.layers.0.norms.0.weight is skipped since its requires_grad=False
06/29 09:39:13 - mmengine - WARNING - planner_head.ego_gaussian_decoder.layers.0.norms.0.bias is skipped since its requires_grad=False
06/29 09:39:13 - mmengine - WARNING - planner_head.ego_gaussian_decoder.layers.0.norms.1.weight is skipped since its requires_grad=False
06/29 09:39:13 - mmengine - WARNING - planner_head.ego_gaussian_decoder.layers.0.norms.1.bias is skipped since its requires_grad=False
06/29 09:39:13 - mmengine - WARNING - planner_head.ego_fut_decoder.0.weight is skipped since its requires_grad=False
06/29 09:39:13 - mmengine - WARNING - planner_head.ego_fut_decoder.0.bias is skipped since its requires_grad=False
06/29 09:39:13 - mmengine - WARNING - planner_head.ego_fut_decoder.2.weight is skipped since its requires_grad=False
06/29 09:39:13 - mmengine - WARNING - planner_head.ego_fut_decoder.2.bias is skipped since its requires_grad=False
06/29 09:39:13 - mmengine - WARNING - planner_head.ego_fut_decoder.4.weight is skipped since its requires_grad=False
06/29 09:39:13 - mmengine - WARNING - planner_head.ego_fut_decoder.4.bias is skipped since its requires_grad=False
06/29 09:39:13 - mmengine - WARNING - planner_head.agent_fus_mlp.0.weight is skipped since its requires_grad=False
06/29 09:39:13 - mmengine - WARNING - planner_head.agent_fus_mlp.0.bias is skipped since its requires_grad=False
06/29 09:39:13 - mmengine - WARNING - planner_head.agent_fus_mlp.1.weight is skipped since its requires_grad=False
06/29 09:39:13 - mmengine - WARNING - planner_head.agent_fus_mlp.1.bias is skipped since its requires_grad=False
06/29 09:39:13 - mmengine - WARNING - planner_head.agent_fus_mlp.3.weight is skipped since its requires_grad=False
06/29 09:39:13 - mmengine - WARNING - planner_head.agent_fus_mlp.3.bias is skipped since its requires_grad=False
06/29 09:39:13 - mmengine - WARNING - planner_head.map_fus_mlp.0.weight is skipped since its requires_grad=False
06/29 09:39:13 - mmengine - WARNING - planner_head.map_fus_mlp.0.bias is skipped since its requires_grad=False
06/29 09:39:13 - mmengine - WARNING - planner_head.map_fus_mlp.1.weight is skipped since its requires_grad=False
06/29 09:39:13 - mmengine - WARNING - planner_head.map_fus_mlp.1.bias is skipped since its requires_grad=False
06/29 09:39:13 - mmengine - WARNING - planner_head.map_fus_mlp.3.weight is skipped since its requires_grad=False
06/29 09:39:13 - mmengine - WARNING - planner_head.map_fus_mlp.3.bias is skipped since its requires_grad=False
06/29 09:39:13 - mmengine - WARNING - planner_head.gaussian_fus_mlp.0.weight is skipped since its requires_grad=False
06/29 09:39:13 - mmengine - WARNING - planner_head.gaussian_fus_mlp.0.bias is skipped since its requires_grad=False
06/29 09:39:13 - mmengine - WARNING - planner_head.gaussian_fus_mlp.1.weight is skipped since its requires_grad=False
06/29 09:39:13 - mmengine - WARNING - planner_head.gaussian_fus_mlp.1.bias is skipped since its requires_grad=False
06/29 09:39:13 - mmengine - WARNING - planner_head.gaussian_fus_mlp.3.weight is skipped since its requires_grad=False
06/29 09:39:13 - mmengine - WARNING - planner_head.gaussian_fus_mlp.3.bias is skipped since its requires_grad=False
tensor([1.0155, 1.0690, 1.3001, 1.0725, 0.9464, 1.1009, 1.2696, 1.0626, 1.1890,
        1.0622, 1.0060, 0.8571, 1.0392, 0.9087, 0.8936, 0.8549, 0.8528, 0.5000])
tensor([1.0155, 1.0690, 1.3001, 1.0725, 0.9464, 1.1009, 1.2696, 1.0626, 1.1890,
        1.0622, 1.0060, 0.8571, 1.0392, 0.9087, 0.8936, 0.8549, 0.8528, 0.5000])
06/29 09:39:13 - mmengine - INFO - resume from: 
06/29 09:39:13 - mmengine - INFO - work dir: out/nuscenes_gs25600_depth_init
_IncompatibleKeys(missing_keys=['img_neck.lateral_convs.0.conv.weight', 'img_neck.lateral_convs.0.conv.bias', 'img_neck.lateral_convs.1.conv.weight', 'img_neck.lateral_convs.1.conv.bias', 'img_neck.lateral_convs.2.conv.weight', 'img_neck.lateral_convs.2.conv.bias', 'img_neck.fpn_convs.0.conv.weight', 'img_neck.fpn_convs.0.conv.bias', 'img_neck.fpn_convs.1.conv.weight', 'img_neck.fpn_convs.1.conv.bias', 'img_neck.fpn_convs.2.conv.weight', 'img_neck.fpn_convs.2.conv.bias', 'img_neck.fpn_convs.3.conv.weight', 'img_neck.fpn_convs.3.conv.bias', 'lifter.anchor_non_xyz', 'encoder.anchor_encoder.xyz_fc.0.weight', 'encoder.anchor_encoder.xyz_fc.0.bias', 'encoder.anchor_encoder.xyz_fc.2.weight', 'encoder.anchor_encoder.xyz_fc.2.bias', 'encoder.anchor_encoder.xyz_fc.3.weight', 'encoder.anchor_encoder.xyz_fc.3.bias', 'encoder.anchor_encoder.xyz_fc.5.weight', 'encoder.anchor_encoder.xyz_fc.5.bias', 'encoder.anchor_encoder.scale_fc.0.weight', 'encoder.anchor_encoder.scale_fc.0.bias', 'encoder.anchor_encoder.scale_fc.2.weight', 'encoder.anchor_encoder.scale_fc.2.bias', 'encoder.anchor_encoder.scale_fc.3.weight', 'encoder.anchor_encoder.scale_fc.3.bias', 'encoder.anchor_encoder.scale_fc.5.weight', 'encoder.anchor_encoder.scale_fc.5.bias', 'encoder.anchor_encoder.rot_fc.0.weight', 'encoder.anchor_encoder.rot_fc.0.bias', 'encoder.anchor_encoder.rot_fc.2.weight', 'encoder.anchor_encoder.rot_fc.2.bias', 'encoder.anchor_encoder.rot_fc.3.weight', 'encoder.anchor_encoder.rot_fc.3.bias', 'encoder.anchor_encoder.rot_fc.5.weight', 'encoder.anchor_encoder.rot_fc.5.bias', 'encoder.anchor_encoder.opacity_fc.0.weight', 'encoder.anchor_encoder.opacity_fc.0.bias', 'encoder.anchor_encoder.opacity_fc.2.weight', 'encoder.anchor_encoder.opacity_fc.2.bias', 'encoder.anchor_encoder.opacity_fc.3.weight', 'encoder.anchor_encoder.opacity_fc.3.bias', 'encoder.anchor_encoder.opacity_fc.5.weight', 'encoder.anchor_encoder.opacity_fc.5.bias', 'encoder.anchor_encoder.semantics_fc.0.weight', 'encoder.anchor_encoder.semantics_fc.0.bias', 'encoder.anchor_encoder.semantics_fc.2.weight', 'encoder.anchor_encoder.semantics_fc.2.bias', 'encoder.anchor_encoder.semantics_fc.3.weight', 'encoder.anchor_encoder.semantics_fc.3.bias', 'encoder.anchor_encoder.semantics_fc.5.weight', 'encoder.anchor_encoder.semantics_fc.5.bias', 'encoder.anchor_encoder.offset_fc.0.weight', 'encoder.anchor_encoder.offset_fc.0.bias', 'encoder.anchor_encoder.offset_fc.2.weight', 'encoder.anchor_encoder.offset_fc.2.bias', 'encoder.anchor_encoder.offset_fc.3.weight', 'encoder.anchor_encoder.offset_fc.3.bias', 'encoder.anchor_encoder.offset_fc.5.weight', 'encoder.anchor_encoder.offset_fc.5.bias', 'encoder.anchor_encoder.output_fc.0.weight', 'encoder.anchor_encoder.output_fc.0.bias', 'encoder.anchor_encoder.output_fc.2.weight', 'encoder.anchor_encoder.output_fc.2.bias', 'encoder.anchor_encoder.output_fc.3.weight', 'encoder.anchor_encoder.output_fc.3.bias', 'encoder.anchor_encoder.output_fc.5.weight', 'encoder.anchor_encoder.output_fc.5.bias', 'encoder.layers.0.kps_generator.learnable_fc.weight', 'encoder.layers.0.kps_generator.learnable_fc.bias', 'encoder.layers.0.output_proj.weight', 'encoder.layers.0.output_proj.bias', 'encoder.layers.0.camera_encoder.0.weight', 'encoder.layers.0.camera_encoder.0.bias', 'encoder.layers.0.camera_encoder.2.weight', 'encoder.layers.0.camera_encoder.2.bias', 'encoder.layers.0.camera_encoder.3.weight', 'encoder.layers.0.camera_encoder.3.bias', 'encoder.layers.0.camera_encoder.5.weight', 'encoder.layers.0.camera_encoder.5.bias', 'encoder.layers.0.weights_fc.weight', 'encoder.layers.0.weights_fc.bias', 'encoder.layers.1.pre_norm.weight', 'encoder.layers.1.pre_norm.bias', 'encoder.layers.1.layers.0.0.weight', 'encoder.layers.1.layers.0.0.bias', 'encoder.layers.1.layers.1.weight', 'encoder.layers.1.layers.1.bias', 'encoder.layers.1.identity_fc.weight', 'encoder.layers.1.identity_fc.bias', 'encoder.layers.2.weight', 'encoder.layers.2.bias', 'encoder.layers.3.layers.0.weight', 'encoder.layers.3.layers.0.bias', 'encoder.layers.3.layers.2.weight', 'encoder.layers.3.layers.2.bias', 'encoder.layers.3.layers.4.weight', 'encoder.layers.3.layers.4.bias', 'encoder.layers.3.layers.5.weight', 'encoder.layers.3.layers.5.bias', 'encoder.layers.3.layers.7.weight', 'encoder.layers.3.layers.7.bias', 'encoder.layers.3.layers.9.weight', 'encoder.layers.3.layers.9.bias', 'encoder.layers.3.layers.10.weight', 'encoder.layers.3.layers.10.bias', 'encoder.layers.3.layers.11.scale', 'encoder.layers.4.layers.0.weight', 'encoder.layers.4.layers.0.bias', 'encoder.layers.4.layers.1.weight', 'encoder.layers.4.layers.1.bias', 'encoder.layers.4.layers.3.weight', 'encoder.layers.4.layers.3.bias', 'encoder.layers.4.layers.4.weight', 'encoder.layers.4.layers.4.bias', 'encoder.layers.4.layers.6.weight', 'encoder.layers.4.layers.6.bias', 'encoder.layers.4.layers.7.weight', 'encoder.layers.4.layers.7.bias', 'encoder.layers.4.output_proj.weight', 'encoder.layers.4.output_proj.bias', 'encoder.layers.5.weight', 'encoder.layers.5.bias', 'encoder.layers.6.kps_generator.learnable_fc.weight', 'encoder.layers.6.kps_generator.learnable_fc.bias', 'encoder.layers.6.output_proj.weight', 'encoder.layers.6.output_proj.bias', 'encoder.layers.6.camera_encoder.0.weight', 'encoder.layers.6.camera_encoder.0.bias', 'encoder.layers.6.camera_encoder.2.weight', 'encoder.layers.6.camera_encoder.2.bias', 'encoder.layers.6.camera_encoder.3.weight', 'encoder.layers.6.camera_encoder.3.bias', 'encoder.layers.6.camera_encoder.5.weight', 'encoder.layers.6.camera_encoder.5.bias', 'encoder.layers.6.weights_fc.weight', 'encoder.layers.6.weights_fc.bias', 'encoder.layers.7.pre_norm.weight', 'encoder.layers.7.pre_norm.bias', 'encoder.layers.7.layers.0.0.weight', 'encoder.layers.7.layers.0.0.bias', 'encoder.layers.7.layers.1.weight', 'encoder.layers.7.layers.1.bias', 'encoder.layers.7.identity_fc.weight', 'encoder.layers.7.identity_fc.bias', 'encoder.layers.8.weight', 'encoder.layers.8.bias', 'encoder.layers.9.layers.0.weight', 'encoder.layers.9.layers.0.bias', 'encoder.layers.9.layers.2.weight', 'encoder.layers.9.layers.2.bias', 'encoder.layers.9.layers.4.weight', 'encoder.layers.9.layers.4.bias', 'encoder.layers.9.layers.5.weight', 'encoder.layers.9.layers.5.bias', 'encoder.layers.9.layers.7.weight', 'encoder.layers.9.layers.7.bias', 'encoder.layers.9.layers.9.weight', 'encoder.layers.9.layers.9.bias', 'encoder.layers.9.layers.10.weight', 'encoder.layers.9.layers.10.bias', 'encoder.layers.9.layers.11.scale', 'encoder.layers.10.layers.0.weight', 'encoder.layers.10.layers.0.bias', 'encoder.layers.10.layers.1.weight', 'encoder.layers.10.layers.1.bias', 'encoder.layers.10.layers.3.weight', 'encoder.layers.10.layers.3.bias', 'encoder.layers.10.layers.4.weight', 'encoder.layers.10.layers.4.bias', 'encoder.layers.10.layers.6.weight', 'encoder.layers.10.layers.6.bias', 'encoder.layers.10.layers.7.weight', 'encoder.layers.10.layers.7.bias', 'encoder.layers.10.output_proj.weight', 'encoder.layers.10.output_proj.bias', 'encoder.layers.11.weight', 'encoder.layers.11.bias', 'encoder.layers.12.kps_generator.learnable_fc.weight', 'encoder.layers.12.kps_generator.learnable_fc.bias', 'encoder.layers.12.output_proj.weight', 'encoder.layers.12.output_proj.bias', 'encoder.layers.12.camera_encoder.0.weight', 'encoder.layers.12.camera_encoder.0.bias', 'encoder.layers.12.camera_encoder.2.weight', 'encoder.layers.12.camera_encoder.2.bias', 'encoder.layers.12.camera_encoder.3.weight', 'encoder.layers.12.camera_encoder.3.bias', 'encoder.layers.12.camera_encoder.5.weight', 'encoder.layers.12.camera_encoder.5.bias', 'encoder.layers.12.weights_fc.weight', 'encoder.layers.12.weights_fc.bias', 'encoder.layers.13.pre_norm.weight', 'encoder.layers.13.pre_norm.bias', 'encoder.layers.13.layers.0.0.weight', 'encoder.layers.13.layers.0.0.bias', 'encoder.layers.13.layers.1.weight', 'encoder.layers.13.layers.1.bias', 'encoder.layers.13.identity_fc.weight', 'encoder.layers.13.identity_fc.bias', 'encoder.layers.14.weight', 'encoder.layers.14.bias', 'encoder.layers.15.layers.0.weight', 'encoder.layers.15.layers.0.bias', 'encoder.layers.15.layers.2.weight', 'encoder.layers.15.layers.2.bias', 'encoder.layers.15.layers.4.weight', 'encoder.layers.15.layers.4.bias', 'encoder.layers.15.layers.5.weight', 'encoder.layers.15.layers.5.bias', 'encoder.layers.15.layers.7.weight', 'encoder.layers.15.layers.7.bias', 'encoder.layers.15.layers.9.weight', 'encoder.layers.15.layers.9.bias', 'encoder.layers.15.layers.10.weight', 'encoder.layers.15.layers.10.bias', 'encoder.layers.15.layers.11.scale', 'encoder.layers.16.layers.0.weight', 'encoder.layers.16.layers.0.bias', 'encoder.layers.16.layers.1.weight', 'encoder.layers.16.layers.1.bias', 'encoder.layers.16.layers.3.weight', 'encoder.layers.16.layers.3.bias', 'encoder.layers.16.layers.4.weight', 'encoder.layers.16.layers.4.bias', 'encoder.layers.16.layers.6.weight', 'encoder.layers.16.layers.6.bias', 'encoder.layers.16.layers.7.weight', 'encoder.layers.16.layers.7.bias', 'encoder.layers.16.output_proj.weight', 'encoder.layers.16.output_proj.bias', 'encoder.layers.17.weight', 'encoder.layers.17.bias', 'encoder.layers.18.kps_generator.learnable_fc.weight', 'encoder.layers.18.kps_generator.learnable_fc.bias', 'encoder.layers.18.output_proj.weight', 'encoder.layers.18.output_proj.bias', 'encoder.layers.18.camera_encoder.0.weight', 'encoder.layers.18.camera_encoder.0.bias', 'encoder.layers.18.camera_encoder.2.weight', 'encoder.layers.18.camera_encoder.2.bias', 'encoder.layers.18.camera_encoder.3.weight', 'encoder.layers.18.camera_encoder.3.bias', 'encoder.layers.18.camera_encoder.5.weight', 'encoder.layers.18.camera_encoder.5.bias', 'encoder.layers.18.weights_fc.weight', 'encoder.layers.18.weights_fc.bias', 'encoder.layers.19.pre_norm.weight', 'encoder.layers.19.pre_norm.bias', 'encoder.layers.19.layers.0.0.weight', 'encoder.layers.19.layers.0.0.bias', 'encoder.layers.19.layers.1.weight', 'encoder.layers.19.layers.1.bias', 'encoder.layers.19.identity_fc.weight', 'encoder.layers.19.identity_fc.bias', 'encoder.layers.20.weight', 'encoder.layers.20.bias', 'encoder.layers.21.layers.0.weight', 'encoder.layers.21.layers.0.bias', 'encoder.layers.21.layers.2.weight', 'encoder.layers.21.layers.2.bias', 'encoder.layers.21.layers.4.weight', 'encoder.layers.21.layers.4.bias', 'encoder.layers.21.layers.5.weight', 'encoder.layers.21.layers.5.bias', 'encoder.layers.21.layers.7.weight', 'encoder.layers.21.layers.7.bias', 'encoder.layers.21.layers.9.weight', 'encoder.layers.21.layers.9.bias', 'encoder.layers.21.layers.10.weight', 'encoder.layers.21.layers.10.bias', 'encoder.layers.21.layers.11.scale', 'temporal_encoder.anchor_encoder.xyz_fc.0.weight', 'temporal_encoder.anchor_encoder.xyz_fc.0.bias', 'temporal_encoder.anchor_encoder.xyz_fc.2.weight', 'temporal_encoder.anchor_encoder.xyz_fc.2.bias', 'temporal_encoder.anchor_encoder.xyz_fc.3.weight', 'temporal_encoder.anchor_encoder.xyz_fc.3.bias', 'temporal_encoder.anchor_encoder.xyz_fc.5.weight', 'temporal_encoder.anchor_encoder.xyz_fc.5.bias', 'temporal_encoder.anchor_encoder.scale_fc.0.weight', 'temporal_encoder.anchor_encoder.scale_fc.0.bias', 'temporal_encoder.anchor_encoder.scale_fc.2.weight', 'temporal_encoder.anchor_encoder.scale_fc.2.bias', 'temporal_encoder.anchor_encoder.scale_fc.3.weight', 'temporal_encoder.anchor_encoder.scale_fc.3.bias', 'temporal_encoder.anchor_encoder.scale_fc.5.weight', 'temporal_encoder.anchor_encoder.scale_fc.5.bias', 'temporal_encoder.anchor_encoder.rot_fc.0.weight', 'temporal_encoder.anchor_encoder.rot_fc.0.bias', 'temporal_encoder.anchor_encoder.rot_fc.2.weight', 'temporal_encoder.anchor_encoder.rot_fc.2.bias', 'temporal_encoder.anchor_encoder.rot_fc.3.weight', 'temporal_encoder.anchor_encoder.rot_fc.3.bias', 'temporal_encoder.anchor_encoder.rot_fc.5.weight', 'temporal_encoder.anchor_encoder.rot_fc.5.bias', 'temporal_encoder.anchor_encoder.opacity_fc.0.weight', 'temporal_encoder.anchor_encoder.opacity_fc.0.bias', 'temporal_encoder.anchor_encoder.opacity_fc.2.weight', 'temporal_encoder.anchor_encoder.opacity_fc.2.bias', 'temporal_encoder.anchor_encoder.opacity_fc.3.weight', 'temporal_encoder.anchor_encoder.opacity_fc.3.bias', 'temporal_encoder.anchor_encoder.opacity_fc.5.weight', 'temporal_encoder.anchor_encoder.opacity_fc.5.bias', 'temporal_encoder.anchor_encoder.semantics_fc.0.weight', 'temporal_encoder.anchor_encoder.semantics_fc.0.bias', 'temporal_encoder.anchor_encoder.semantics_fc.2.weight', 'temporal_encoder.anchor_encoder.semantics_fc.2.bias', 'temporal_encoder.anchor_encoder.semantics_fc.3.weight', 'temporal_encoder.anchor_encoder.semantics_fc.3.bias', 'temporal_encoder.anchor_encoder.semantics_fc.5.weight', 'temporal_encoder.anchor_encoder.semantics_fc.5.bias', 'temporal_encoder.anchor_encoder.offset_fc.0.weight', 'temporal_encoder.anchor_encoder.offset_fc.0.bias', 'temporal_encoder.anchor_encoder.offset_fc.2.weight', 'temporal_encoder.anchor_encoder.offset_fc.2.bias', 'temporal_encoder.anchor_encoder.offset_fc.3.weight', 'temporal_encoder.anchor_encoder.offset_fc.3.bias', 'temporal_encoder.anchor_encoder.offset_fc.5.weight', 'temporal_encoder.anchor_encoder.offset_fc.5.bias', 'temporal_encoder.anchor_encoder.output_fc.0.weight', 'temporal_encoder.anchor_encoder.output_fc.0.bias', 'temporal_encoder.anchor_encoder.output_fc.2.weight', 'temporal_encoder.anchor_encoder.output_fc.2.bias', 'temporal_encoder.anchor_encoder.output_fc.3.weight', 'temporal_encoder.anchor_encoder.output_fc.3.bias', 'temporal_encoder.anchor_encoder.output_fc.5.weight', 'temporal_encoder.anchor_encoder.output_fc.5.bias', 'temporal_encoder.layers.0.layers.0.weight', 'temporal_encoder.layers.0.layers.1.weight', 'temporal_encoder.layers.0.layers.1.bias', 'temporal_encoder.layers.0.layers.3.weight', 'temporal_encoder.layers.0.layers.4.weight', 'temporal_encoder.layers.0.layers.4.bias', 'temporal_encoder.layers.0.layers.6.weight', 'temporal_encoder.layers.0.layers.7.weight', 'temporal_encoder.layers.0.layers.7.bias', 'temporal_encoder.layers.0.output_proj.weight', 'temporal_encoder.layers.0.output_proj.bias', 'temporal_encoder.layers.1.layers.0.weight', 'temporal_encoder.layers.1.layers.0.bias', 'temporal_encoder.layers.1.layers.2.weight', 'temporal_encoder.layers.1.layers.2.bias', 'temporal_encoder.layers.1.layers.4.weight', 'temporal_encoder.layers.1.layers.4.bias', 'temporal_encoder.layers.1.layers.5.weight', 'temporal_encoder.layers.1.layers.5.bias', 'temporal_encoder.layers.1.layers.7.weight', 'temporal_encoder.layers.1.layers.7.bias', 'temporal_encoder.layers.1.layers.9.weight', 'temporal_encoder.layers.1.layers.9.bias', 'temporal_encoder.layers.1.layers.10.weight', 'temporal_encoder.layers.1.layers.10.bias', 'temporal_encoder.layers.1.layers.11.scale', 'temporal_encoder.layers.2.layers.0.weight', 'temporal_encoder.layers.2.layers.1.weight', 'temporal_encoder.layers.2.layers.1.bias', 'temporal_encoder.layers.2.layers.3.weight', 'temporal_encoder.layers.2.layers.4.weight', 'temporal_encoder.layers.2.layers.4.bias', 'temporal_encoder.layers.2.layers.6.weight', 'temporal_encoder.layers.2.layers.7.weight', 'temporal_encoder.layers.2.layers.7.bias', 'temporal_encoder.layers.2.output_proj.weight', 'temporal_encoder.layers.2.output_proj.bias', 'temporal_encoder.layers.3.layers.0.weight', 'temporal_encoder.layers.3.layers.0.bias', 'temporal_encoder.layers.3.layers.2.weight', 'temporal_encoder.layers.3.layers.2.bias', 'temporal_encoder.layers.3.layers.4.weight', 'temporal_encoder.layers.3.layers.4.bias', 'temporal_encoder.layers.3.layers.5.weight', 'temporal_encoder.layers.3.layers.5.bias', 'temporal_encoder.layers.3.layers.7.weight', 'temporal_encoder.layers.3.layers.7.bias', 'temporal_encoder.layers.3.layers.9.weight', 'temporal_encoder.layers.3.layers.9.bias', 'temporal_encoder.layers.3.layers.10.weight', 'temporal_encoder.layers.3.layers.10.bias', 'temporal_encoder.layers.3.layers.11.scale', 'temporal_encoder.layers.4.layers.0.weight', 'temporal_encoder.layers.4.layers.1.weight', 'temporal_encoder.layers.4.layers.1.bias', 'temporal_encoder.layers.4.layers.3.weight', 'temporal_encoder.layers.4.layers.4.weight', 'temporal_encoder.layers.4.layers.4.bias', 'temporal_encoder.layers.4.layers.6.weight', 'temporal_encoder.layers.4.layers.7.weight', 'temporal_encoder.layers.4.layers.7.bias', 'temporal_encoder.layers.4.output_proj.weight', 'temporal_encoder.layers.4.output_proj.bias', 'temporal_encoder.layers.5.layers.0.weight', 'temporal_encoder.layers.5.layers.0.bias', 'temporal_encoder.layers.5.layers.2.weight', 'temporal_encoder.layers.5.layers.2.bias', 'temporal_encoder.layers.5.layers.4.weight', 'temporal_encoder.layers.5.layers.4.bias', 'temporal_encoder.layers.5.layers.5.weight', 'temporal_encoder.layers.5.layers.5.bias', 'temporal_encoder.layers.5.layers.7.weight', 'temporal_encoder.layers.5.layers.7.bias', 'temporal_encoder.layers.5.layers.9.weight', 'temporal_encoder.layers.5.layers.9.bias', 'temporal_encoder.layers.5.layers.10.weight', 'temporal_encoder.layers.5.layers.10.bias', 'temporal_encoder.layers.5.layers.11.scale', 'head.empty_scalar', 'head.empty_mean', 'head.empty_scale', 'head.empty_rot', 'head.empty_sem', 'head.empty_opa', 'head.pc_min', 'head.grid_size', 'head.zero_tensor', 'head.aggregator.pc_min', 'decoder.global_step', 'decoder.backbone_3d.conv_input.0.weight', 'decoder.backbone_3d.conv_input.1.weight', 'decoder.backbone_3d.conv_input.1.bias', 'decoder.backbone_3d.conv_input.1.running_mean', 'decoder.backbone_3d.conv_input.1.running_var', 'decoder.backbone_3d.conv1.0.conv1.weight', 'decoder.backbone_3d.conv1.0.conv1.bias', 'decoder.backbone_3d.conv1.0.bn1.weight', 'decoder.backbone_3d.conv1.0.bn1.bias', 'decoder.backbone_3d.conv1.0.bn1.running_mean', 'decoder.backbone_3d.conv1.0.bn1.running_var', 'decoder.backbone_3d.conv1.0.conv2.weight', 'decoder.backbone_3d.conv1.0.conv2.bias', 'decoder.backbone_3d.conv1.0.bn2.weight', 'decoder.backbone_3d.conv1.0.bn2.bias', 'decoder.backbone_3d.conv1.0.bn2.running_mean', 'decoder.backbone_3d.conv1.0.bn2.running_var', 'decoder.backbone_3d.conv1.1.conv1.weight', 'decoder.backbone_3d.conv1.1.conv1.bias', 'decoder.backbone_3d.conv1.1.bn1.weight', 'decoder.backbone_3d.conv1.1.bn1.bias', 'decoder.backbone_3d.conv1.1.bn1.running_mean', 'decoder.backbone_3d.conv1.1.bn1.running_var', 'decoder.backbone_3d.conv1.1.conv2.weight', 'decoder.backbone_3d.conv1.1.conv2.bias', 'decoder.backbone_3d.conv1.1.bn2.weight', 'decoder.backbone_3d.conv1.1.bn2.bias', 'decoder.backbone_3d.conv1.1.bn2.running_mean', 'decoder.backbone_3d.conv1.1.bn2.running_var', 'decoder.backbone_3d.conv2.0.0.weight', 'decoder.backbone_3d.conv2.0.1.weight', 'decoder.backbone_3d.conv2.0.1.bias', 'decoder.backbone_3d.conv2.0.1.running_mean', 'decoder.backbone_3d.conv2.0.1.running_var', 'decoder.backbone_3d.conv2.1.conv1.weight', 'decoder.backbone_3d.conv2.1.conv1.bias', 'decoder.backbone_3d.conv2.1.bn1.weight', 'decoder.backbone_3d.conv2.1.bn1.bias', 'decoder.backbone_3d.conv2.1.bn1.running_mean', 'decoder.backbone_3d.conv2.1.bn1.running_var', 'decoder.backbone_3d.conv2.1.conv2.weight', 'decoder.backbone_3d.conv2.1.conv2.bias', 'decoder.backbone_3d.conv2.1.bn2.weight', 'decoder.backbone_3d.conv2.1.bn2.bias', 'decoder.backbone_3d.conv2.1.bn2.running_mean', 'decoder.backbone_3d.conv2.1.bn2.running_var', 'decoder.backbone_3d.conv2.2.conv1.weight', 'decoder.backbone_3d.conv2.2.conv1.bias', 'decoder.backbone_3d.conv2.2.bn1.weight', 'decoder.backbone_3d.conv2.2.bn1.bias', 'decoder.backbone_3d.conv2.2.bn1.running_mean', 'decoder.backbone_3d.conv2.2.bn1.running_var', 'decoder.backbone_3d.conv2.2.conv2.weight', 'decoder.backbone_3d.conv2.2.conv2.bias', 'decoder.backbone_3d.conv2.2.bn2.weight', 'decoder.backbone_3d.conv2.2.bn2.bias', 'decoder.backbone_3d.conv2.2.bn2.running_mean', 'decoder.backbone_3d.conv2.2.bn2.running_var', 'decoder.backbone_3d.conv3.0.0.weight', 'decoder.backbone_3d.conv3.0.1.weight', 'decoder.backbone_3d.conv3.0.1.bias', 'decoder.backbone_3d.conv3.0.1.running_mean', 'decoder.backbone_3d.conv3.0.1.running_var', 'decoder.backbone_3d.conv3.1.conv1.weight', 'decoder.backbone_3d.conv3.1.conv1.bias', 'decoder.backbone_3d.conv3.1.bn1.weight', 'decoder.backbone_3d.conv3.1.bn1.bias', 'decoder.backbone_3d.conv3.1.bn1.running_mean', 'decoder.backbone_3d.conv3.1.bn1.running_var', 'decoder.backbone_3d.conv3.1.conv2.weight', 'decoder.backbone_3d.conv3.1.conv2.bias', 'decoder.backbone_3d.conv3.1.bn2.weight', 'decoder.backbone_3d.conv3.1.bn2.bias', 'decoder.backbone_3d.conv3.1.bn2.running_mean', 'decoder.backbone_3d.conv3.1.bn2.running_var', 'decoder.backbone_3d.conv3.2.conv1.weight', 'decoder.backbone_3d.conv3.2.conv1.bias', 'decoder.backbone_3d.conv3.2.bn1.weight', 'decoder.backbone_3d.conv3.2.bn1.bias', 'decoder.backbone_3d.conv3.2.bn1.running_mean', 'decoder.backbone_3d.conv3.2.bn1.running_var', 'decoder.backbone_3d.conv3.2.conv2.weight', 'decoder.backbone_3d.conv3.2.conv2.bias', 'decoder.backbone_3d.conv3.2.bn2.weight', 'decoder.backbone_3d.conv3.2.bn2.bias', 'decoder.backbone_3d.conv3.2.bn2.running_mean', 'decoder.backbone_3d.conv3.2.bn2.running_var', 'decoder.backbone_3d.conv4.0.0.weight', 'decoder.backbone_3d.conv4.0.1.weight', 'decoder.backbone_3d.conv4.0.1.bias', 'decoder.backbone_3d.conv4.0.1.running_mean', 'decoder.backbone_3d.conv4.0.1.running_var', 'decoder.backbone_3d.conv4.1.conv1.weight', 'decoder.backbone_3d.conv4.1.conv1.bias', 'decoder.backbone_3d.conv4.1.bn1.weight', 'decoder.backbone_3d.conv4.1.bn1.bias', 'decoder.backbone_3d.conv4.1.bn1.running_mean', 'decoder.backbone_3d.conv4.1.bn1.running_var', 'decoder.backbone_3d.conv4.1.conv2.weight', 'decoder.backbone_3d.conv4.1.conv2.bias', 'decoder.backbone_3d.conv4.1.bn2.weight', 'decoder.backbone_3d.conv4.1.bn2.bias', 'decoder.backbone_3d.conv4.1.bn2.running_mean', 'decoder.backbone_3d.conv4.1.bn2.running_var', 'decoder.backbone_3d.conv4.2.conv1.weight', 'decoder.backbone_3d.conv4.2.conv1.bias', 'decoder.backbone_3d.conv4.2.bn1.weight', 'decoder.backbone_3d.conv4.2.bn1.bias', 'decoder.backbone_3d.conv4.2.bn1.running_mean', 'decoder.backbone_3d.conv4.2.bn1.running_var', 'decoder.backbone_3d.conv4.2.conv2.weight', 'decoder.backbone_3d.conv4.2.conv2.bias', 'decoder.backbone_3d.conv4.2.bn2.weight', 'decoder.backbone_3d.conv4.2.bn2.bias', 'decoder.backbone_3d.conv4.2.bn2.running_mean', 'decoder.backbone_3d.conv4.2.bn2.running_var', 'decoder.backbone_3d.conv5.0.0.weight', 'decoder.backbone_3d.conv5.0.1.weight', 'decoder.backbone_3d.conv5.0.1.bias', 'decoder.backbone_3d.conv5.0.1.running_mean', 'decoder.backbone_3d.conv5.0.1.running_var', 'decoder.backbone_3d.conv5.1.conv1.weight', 'decoder.backbone_3d.conv5.1.conv1.bias', 'decoder.backbone_3d.conv5.1.bn1.weight', 'decoder.backbone_3d.conv5.1.bn1.bias', 'decoder.backbone_3d.conv5.1.bn1.running_mean', 'decoder.backbone_3d.conv5.1.bn1.running_var', 'decoder.backbone_3d.conv5.1.conv2.weight', 'decoder.backbone_3d.conv5.1.conv2.bias', 'decoder.backbone_3d.conv5.1.bn2.weight', 'decoder.backbone_3d.conv5.1.bn2.bias', 'decoder.backbone_3d.conv5.1.bn2.running_mean', 'decoder.backbone_3d.conv5.1.bn2.running_var', 'decoder.backbone_3d.conv5.2.conv1.weight', 'decoder.backbone_3d.conv5.2.conv1.bias', 'decoder.backbone_3d.conv5.2.bn1.weight', 'decoder.backbone_3d.conv5.2.bn1.bias', 'decoder.backbone_3d.conv5.2.bn1.running_mean', 'decoder.backbone_3d.conv5.2.bn1.running_var', 'decoder.backbone_3d.conv5.2.conv2.weight', 'decoder.backbone_3d.conv5.2.conv2.bias', 'decoder.backbone_3d.conv5.2.bn2.weight', 'decoder.backbone_3d.conv5.2.bn2.bias', 'decoder.backbone_3d.conv5.2.bn2.running_mean', 'decoder.backbone_3d.conv5.2.bn2.running_var', 'decoder.backbone_3d.conv6.0.0.weight', 'decoder.backbone_3d.conv6.0.1.weight', 'decoder.backbone_3d.conv6.0.1.bias', 'decoder.backbone_3d.conv6.0.1.running_mean', 'decoder.backbone_3d.conv6.0.1.running_var', 'decoder.backbone_3d.conv6.1.conv1.weight', 'decoder.backbone_3d.conv6.1.conv1.bias', 'decoder.backbone_3d.conv6.1.bn1.weight', 'decoder.backbone_3d.conv6.1.bn1.bias', 'decoder.backbone_3d.conv6.1.bn1.running_mean', 'decoder.backbone_3d.conv6.1.bn1.running_var', 'decoder.backbone_3d.conv6.1.conv2.weight', 'decoder.backbone_3d.conv6.1.conv2.bias', 'decoder.backbone_3d.conv6.1.bn2.weight', 'decoder.backbone_3d.conv6.1.bn2.bias', 'decoder.backbone_3d.conv6.1.bn2.running_mean', 'decoder.backbone_3d.conv6.1.bn2.running_var', 'decoder.backbone_3d.conv6.2.conv1.weight', 'decoder.backbone_3d.conv6.2.conv1.bias', 'decoder.backbone_3d.conv6.2.bn1.weight', 'decoder.backbone_3d.conv6.2.bn1.bias', 'decoder.backbone_3d.conv6.2.bn1.running_mean', 'decoder.backbone_3d.conv6.2.bn1.running_var', 'decoder.backbone_3d.conv6.2.conv2.weight', 'decoder.backbone_3d.conv6.2.conv2.bias', 'decoder.backbone_3d.conv6.2.bn2.weight', 'decoder.backbone_3d.conv6.2.bn2.bias', 'decoder.backbone_3d.conv6.2.bn2.running_mean', 'decoder.backbone_3d.conv6.2.bn2.running_var', 'decoder.backbone_3d.conv_out.0.weight', 'decoder.backbone_3d.conv_out.1.weight', 'decoder.backbone_3d.conv_out.1.bias', 'decoder.backbone_3d.conv_out.1.running_mean', 'decoder.backbone_3d.conv_out.1.running_var', 'decoder.backbone_3d.shared_conv.0.weight', 'decoder.backbone_3d.shared_conv.0.bias', 'decoder.backbone_3d.shared_conv.1.weight', 'decoder.backbone_3d.shared_conv.1.bias', 'decoder.backbone_3d.shared_conv.1.running_mean', 'decoder.backbone_3d.shared_conv.1.running_var', 'decoder.dense_head.heads_list.0.center.0.0.weight', 'decoder.dense_head.heads_list.0.center.0.0.bias', 'decoder.dense_head.heads_list.0.center.0.1.weight', 'decoder.dense_head.heads_list.0.center.0.1.bias', 'decoder.dense_head.heads_list.0.center.0.1.running_mean', 'decoder.dense_head.heads_list.0.center.0.1.running_var', 'decoder.dense_head.heads_list.0.center.1.weight', 'decoder.dense_head.heads_list.0.center.1.bias', 'decoder.dense_head.heads_list.0.center_z.0.0.weight', 'decoder.dense_head.heads_list.0.center_z.0.0.bias', 'decoder.dense_head.heads_list.0.center_z.0.1.weight', 'decoder.dense_head.heads_list.0.center_z.0.1.bias', 'decoder.dense_head.heads_list.0.center_z.0.1.running_mean', 'decoder.dense_head.heads_list.0.center_z.0.1.running_var', 'decoder.dense_head.heads_list.0.center_z.1.weight', 'decoder.dense_head.heads_list.0.center_z.1.bias', 'decoder.dense_head.heads_list.0.dim.0.0.weight', 'decoder.dense_head.heads_list.0.dim.0.0.bias', 'decoder.dense_head.heads_list.0.dim.0.1.weight', 'decoder.dense_head.heads_list.0.dim.0.1.bias', 'decoder.dense_head.heads_list.0.dim.0.1.running_mean', 'decoder.dense_head.heads_list.0.dim.0.1.running_var', 'decoder.dense_head.heads_list.0.dim.1.weight', 'decoder.dense_head.heads_list.0.dim.1.bias', 'decoder.dense_head.heads_list.0.rot.0.0.weight', 'decoder.dense_head.heads_list.0.rot.0.0.bias', 'decoder.dense_head.heads_list.0.rot.0.1.weight', 'decoder.dense_head.heads_list.0.rot.0.1.bias', 'decoder.dense_head.heads_list.0.rot.0.1.running_mean', 'decoder.dense_head.heads_list.0.rot.0.1.running_var', 'decoder.dense_head.heads_list.0.rot.1.weight', 'decoder.dense_head.heads_list.0.rot.1.bias', 'decoder.dense_head.heads_list.0.vel.0.0.weight', 'decoder.dense_head.heads_list.0.vel.0.0.bias', 'decoder.dense_head.heads_list.0.vel.0.1.weight', 'decoder.dense_head.heads_list.0.vel.0.1.bias', 'decoder.dense_head.heads_list.0.vel.0.1.running_mean', 'decoder.dense_head.heads_list.0.vel.0.1.running_var', 'decoder.dense_head.heads_list.0.vel.1.weight', 'decoder.dense_head.heads_list.0.vel.1.bias', 'decoder.dense_head.heads_list.0.hm.0.0.weight', 'decoder.dense_head.heads_list.0.hm.0.0.bias', 'decoder.dense_head.heads_list.0.hm.0.1.weight', 'decoder.dense_head.heads_list.0.hm.0.1.bias', 'decoder.dense_head.heads_list.0.hm.0.1.running_mean', 'decoder.dense_head.heads_list.0.hm.0.1.running_var', 'decoder.dense_head.heads_list.0.hm.1.weight', 'decoder.dense_head.heads_list.0.hm.1.bias', 'decoder.dense_head.heads_list.1.center.0.0.weight', 'decoder.dense_head.heads_list.1.center.0.0.bias', 'decoder.dense_head.heads_list.1.center.0.1.weight', 'decoder.dense_head.heads_list.1.center.0.1.bias', 'decoder.dense_head.heads_list.1.center.0.1.running_mean', 'decoder.dense_head.heads_list.1.center.0.1.running_var', 'decoder.dense_head.heads_list.1.center.1.weight', 'decoder.dense_head.heads_list.1.center.1.bias', 'decoder.dense_head.heads_list.1.center_z.0.0.weight', 'decoder.dense_head.heads_list.1.center_z.0.0.bias', 'decoder.dense_head.heads_list.1.center_z.0.1.weight', 'decoder.dense_head.heads_list.1.center_z.0.1.bias', 'decoder.dense_head.heads_list.1.center_z.0.1.running_mean', 'decoder.dense_head.heads_list.1.center_z.0.1.running_var', 'decoder.dense_head.heads_list.1.center_z.1.weight', 'decoder.dense_head.heads_list.1.center_z.1.bias', 'decoder.dense_head.heads_list.1.dim.0.0.weight', 'decoder.dense_head.heads_list.1.dim.0.0.bias', 'decoder.dense_head.heads_list.1.dim.0.1.weight', 'decoder.dense_head.heads_list.1.dim.0.1.bias', 'decoder.dense_head.heads_list.1.dim.0.1.running_mean', 'decoder.dense_head.heads_list.1.dim.0.1.running_var', 'decoder.dense_head.heads_list.1.dim.1.weight', 'decoder.dense_head.heads_list.1.dim.1.bias', 'decoder.dense_head.heads_list.1.rot.0.0.weight', 'decoder.dense_head.heads_list.1.rot.0.0.bias', 'decoder.dense_head.heads_list.1.rot.0.1.weight', 'decoder.dense_head.heads_list.1.rot.0.1.bias', 'decoder.dense_head.heads_list.1.rot.0.1.running_mean', 'decoder.dense_head.heads_list.1.rot.0.1.running_var', 'decoder.dense_head.heads_list.1.rot.1.weight', 'decoder.dense_head.heads_list.1.rot.1.bias', 'decoder.dense_head.heads_list.1.vel.0.0.weight', 'decoder.dense_head.heads_list.1.vel.0.0.bias', 'decoder.dense_head.heads_list.1.vel.0.1.weight', 'decoder.dense_head.heads_list.1.vel.0.1.bias', 'decoder.dense_head.heads_list.1.vel.0.1.running_mean', 'decoder.dense_head.heads_list.1.vel.0.1.running_var', 'decoder.dense_head.heads_list.1.vel.1.weight', 'decoder.dense_head.heads_list.1.vel.1.bias', 'decoder.dense_head.heads_list.1.hm.0.0.weight', 'decoder.dense_head.heads_list.1.hm.0.0.bias', 'decoder.dense_head.heads_list.1.hm.0.1.weight', 'decoder.dense_head.heads_list.1.hm.0.1.bias', 'decoder.dense_head.heads_list.1.hm.0.1.running_mean', 'decoder.dense_head.heads_list.1.hm.0.1.running_var', 'decoder.dense_head.heads_list.1.hm.1.weight', 'decoder.dense_head.heads_list.1.hm.1.bias', 'decoder.dense_head.heads_list.2.center.0.0.weight', 'decoder.dense_head.heads_list.2.center.0.0.bias', 'decoder.dense_head.heads_list.2.center.0.1.weight', 'decoder.dense_head.heads_list.2.center.0.1.bias', 'decoder.dense_head.heads_list.2.center.0.1.running_mean', 'decoder.dense_head.heads_list.2.center.0.1.running_var', 'decoder.dense_head.heads_list.2.center.1.weight', 'decoder.dense_head.heads_list.2.center.1.bias', 'decoder.dense_head.heads_list.2.center_z.0.0.weight', 'decoder.dense_head.heads_list.2.center_z.0.0.bias', 'decoder.dense_head.heads_list.2.center_z.0.1.weight', 'decoder.dense_head.heads_list.2.center_z.0.1.bias', 'decoder.dense_head.heads_list.2.center_z.0.1.running_mean', 'decoder.dense_head.heads_list.2.center_z.0.1.running_var', 'decoder.dense_head.heads_list.2.center_z.1.weight', 'decoder.dense_head.heads_list.2.center_z.1.bias', 'decoder.dense_head.heads_list.2.dim.0.0.weight', 'decoder.dense_head.heads_list.2.dim.0.0.bias', 'decoder.dense_head.heads_list.2.dim.0.1.weight', 'decoder.dense_head.heads_list.2.dim.0.1.bias', 'decoder.dense_head.heads_list.2.dim.0.1.running_mean', 'decoder.dense_head.heads_list.2.dim.0.1.running_var', 'decoder.dense_head.heads_list.2.dim.1.weight', 'decoder.dense_head.heads_list.2.dim.1.bias', 'decoder.dense_head.heads_list.2.rot.0.0.weight', 'decoder.dense_head.heads_list.2.rot.0.0.bias', 'decoder.dense_head.heads_list.2.rot.0.1.weight', 'decoder.dense_head.heads_list.2.rot.0.1.bias', 'decoder.dense_head.heads_list.2.rot.0.1.running_mean', 'decoder.dense_head.heads_list.2.rot.0.1.running_var', 'decoder.dense_head.heads_list.2.rot.1.weight', 'decoder.dense_head.heads_list.2.rot.1.bias', 'decoder.dense_head.heads_list.2.vel.0.0.weight', 'decoder.dense_head.heads_list.2.vel.0.0.bias', 'decoder.dense_head.heads_list.2.vel.0.1.weight', 'decoder.dense_head.heads_list.2.vel.0.1.bias', 'decoder.dense_head.heads_list.2.vel.0.1.running_mean', 'decoder.dense_head.heads_list.2.vel.0.1.running_var', 'decoder.dense_head.heads_list.2.vel.1.weight', 'decoder.dense_head.heads_list.2.vel.1.bias', 'decoder.dense_head.heads_list.2.hm.0.0.weight', 'decoder.dense_head.heads_list.2.hm.0.0.bias', 'decoder.dense_head.heads_list.2.hm.0.1.weight', 'decoder.dense_head.heads_list.2.hm.0.1.bias', 'decoder.dense_head.heads_list.2.hm.0.1.running_mean', 'decoder.dense_head.heads_list.2.hm.0.1.running_var', 'decoder.dense_head.heads_list.2.hm.1.weight', 'decoder.dense_head.heads_list.2.hm.1.bias', 'decoder.dense_head.heads_list.3.center.0.0.weight', 'decoder.dense_head.heads_list.3.center.0.0.bias', 'decoder.dense_head.heads_list.3.center.0.1.weight', 'decoder.dense_head.heads_list.3.center.0.1.bias', 'decoder.dense_head.heads_list.3.center.0.1.running_mean', 'decoder.dense_head.heads_list.3.center.0.1.running_var', 'decoder.dense_head.heads_list.3.center.1.weight', 'decoder.dense_head.heads_list.3.center.1.bias', 'decoder.dense_head.heads_list.3.center_z.0.0.weight', 'decoder.dense_head.heads_list.3.center_z.0.0.bias', 'decoder.dense_head.heads_list.3.center_z.0.1.weight', 'decoder.dense_head.heads_list.3.center_z.0.1.bias', 'decoder.dense_head.heads_list.3.center_z.0.1.running_mean', 'decoder.dense_head.heads_list.3.center_z.0.1.running_var', 'decoder.dense_head.heads_list.3.center_z.1.weight', 'decoder.dense_head.heads_list.3.center_z.1.bias', 'decoder.dense_head.heads_list.3.dim.0.0.weight', 'decoder.dense_head.heads_list.3.dim.0.0.bias', 'decoder.dense_head.heads_list.3.dim.0.1.weight', 'decoder.dense_head.heads_list.3.dim.0.1.bias', 'decoder.dense_head.heads_list.3.dim.0.1.running_mean', 'decoder.dense_head.heads_list.3.dim.0.1.running_var', 'decoder.dense_head.heads_list.3.dim.1.weight', 'decoder.dense_head.heads_list.3.dim.1.bias', 'decoder.dense_head.heads_list.3.rot.0.0.weight', 'decoder.dense_head.heads_list.3.rot.0.0.bias', 'decoder.dense_head.heads_list.3.rot.0.1.weight', 'decoder.dense_head.heads_list.3.rot.0.1.bias', 'decoder.dense_head.heads_list.3.rot.0.1.running_mean', 'decoder.dense_head.heads_list.3.rot.0.1.running_var', 'decoder.dense_head.heads_list.3.rot.1.weight', 'decoder.dense_head.heads_list.3.rot.1.bias', 'decoder.dense_head.heads_list.3.vel.0.0.weight', 'decoder.dense_head.heads_list.3.vel.0.0.bias', 'decoder.dense_head.heads_list.3.vel.0.1.weight', 'decoder.dense_head.heads_list.3.vel.0.1.bias', 'decoder.dense_head.heads_list.3.vel.0.1.running_mean', 'decoder.dense_head.heads_list.3.vel.0.1.running_var', 'decoder.dense_head.heads_list.3.vel.1.weight', 'decoder.dense_head.heads_list.3.vel.1.bias', 'decoder.dense_head.heads_list.3.hm.0.0.weight', 'decoder.dense_head.heads_list.3.hm.0.0.bias', 'decoder.dense_head.heads_list.3.hm.0.1.weight', 'decoder.dense_head.heads_list.3.hm.0.1.bias', 'decoder.dense_head.heads_list.3.hm.0.1.running_mean', 'decoder.dense_head.heads_list.3.hm.0.1.running_var', 'decoder.dense_head.heads_list.3.hm.1.weight', 'decoder.dense_head.heads_list.3.hm.1.bias', 'decoder.dense_head.heads_list.4.center.0.0.weight', 'decoder.dense_head.heads_list.4.center.0.0.bias', 'decoder.dense_head.heads_list.4.center.0.1.weight', 'decoder.dense_head.heads_list.4.center.0.1.bias', 'decoder.dense_head.heads_list.4.center.0.1.running_mean', 'decoder.dense_head.heads_list.4.center.0.1.running_var', 'decoder.dense_head.heads_list.4.center.1.weight', 'decoder.dense_head.heads_list.4.center.1.bias', 'decoder.dense_head.heads_list.4.center_z.0.0.weight', 'decoder.dense_head.heads_list.4.center_z.0.0.bias', 'decoder.dense_head.heads_list.4.center_z.0.1.weight', 'decoder.dense_head.heads_list.4.center_z.0.1.bias', 'decoder.dense_head.heads_list.4.center_z.0.1.running_mean', 'decoder.dense_head.heads_list.4.center_z.0.1.running_var', 'decoder.dense_head.heads_list.4.center_z.1.weight', 'decoder.dense_head.heads_list.4.center_z.1.bias', 'decoder.dense_head.heads_list.4.dim.0.0.weight', 'decoder.dense_head.heads_list.4.dim.0.0.bias', 'decoder.dense_head.heads_list.4.dim.0.1.weight', 'decoder.dense_head.heads_list.4.dim.0.1.bias', 'decoder.dense_head.heads_list.4.dim.0.1.running_mean', 'decoder.dense_head.heads_list.4.dim.0.1.running_var', 'decoder.dense_head.heads_list.4.dim.1.weight', 'decoder.dense_head.heads_list.4.dim.1.bias', 'decoder.dense_head.heads_list.4.rot.0.0.weight', 'decoder.dense_head.heads_list.4.rot.0.0.bias', 'decoder.dense_head.heads_list.4.rot.0.1.weight', 'decoder.dense_head.heads_list.4.rot.0.1.bias', 'decoder.dense_head.heads_list.4.rot.0.1.running_mean', 'decoder.dense_head.heads_list.4.rot.0.1.running_var', 'decoder.dense_head.heads_list.4.rot.1.weight', 'decoder.dense_head.heads_list.4.rot.1.bias', 'decoder.dense_head.heads_list.4.vel.0.0.weight', 'decoder.dense_head.heads_list.4.vel.0.0.bias', 'decoder.dense_head.heads_list.4.vel.0.1.weight', 'decoder.dense_head.heads_list.4.vel.0.1.bias', 'decoder.dense_head.heads_list.4.vel.0.1.running_mean', 'decoder.dense_head.heads_list.4.vel.0.1.running_var', 'decoder.dense_head.heads_list.4.vel.1.weight', 'decoder.dense_head.heads_list.4.vel.1.bias', 'decoder.dense_head.heads_list.4.hm.0.0.weight', 'decoder.dense_head.heads_list.4.hm.0.0.bias', 'decoder.dense_head.heads_list.4.hm.0.1.weight', 'decoder.dense_head.heads_list.4.hm.0.1.bias', 'decoder.dense_head.heads_list.4.hm.0.1.running_mean', 'decoder.dense_head.heads_list.4.hm.0.1.running_var', 'decoder.dense_head.heads_list.4.hm.1.weight', 'decoder.dense_head.heads_list.4.hm.1.bias', 'decoder.dense_head.heads_list.5.center.0.0.weight', 'decoder.dense_head.heads_list.5.center.0.0.bias', 'decoder.dense_head.heads_list.5.center.0.1.weight', 'decoder.dense_head.heads_list.5.center.0.1.bias', 'decoder.dense_head.heads_list.5.center.0.1.running_mean', 'decoder.dense_head.heads_list.5.center.0.1.running_var', 'decoder.dense_head.heads_list.5.center.1.weight', 'decoder.dense_head.heads_list.5.center.1.bias', 'decoder.dense_head.heads_list.5.center_z.0.0.weight', 'decoder.dense_head.heads_list.5.center_z.0.0.bias', 'decoder.dense_head.heads_list.5.center_z.0.1.weight', 'decoder.dense_head.heads_list.5.center_z.0.1.bias', 'decoder.dense_head.heads_list.5.center_z.0.1.running_mean', 'decoder.dense_head.heads_list.5.center_z.0.1.running_var', 'decoder.dense_head.heads_list.5.center_z.1.weight', 'decoder.dense_head.heads_list.5.center_z.1.bias', 'decoder.dense_head.heads_list.5.dim.0.0.weight', 'decoder.dense_head.heads_list.5.dim.0.0.bias', 'decoder.dense_head.heads_list.5.dim.0.1.weight', 'decoder.dense_head.heads_list.5.dim.0.1.bias', 'decoder.dense_head.heads_list.5.dim.0.1.running_mean', 'decoder.dense_head.heads_list.5.dim.0.1.running_var', 'decoder.dense_head.heads_list.5.dim.1.weight', 'decoder.dense_head.heads_list.5.dim.1.bias', 'decoder.dense_head.heads_list.5.rot.0.0.weight', 'decoder.dense_head.heads_list.5.rot.0.0.bias', 'decoder.dense_head.heads_list.5.rot.0.1.weight', 'decoder.dense_head.heads_list.5.rot.0.1.bias', 'decoder.dense_head.heads_list.5.rot.0.1.running_mean', 'decoder.dense_head.heads_list.5.rot.0.1.running_var', 'decoder.dense_head.heads_list.5.rot.1.weight', 'decoder.dense_head.heads_list.5.rot.1.bias', 'decoder.dense_head.heads_list.5.vel.0.0.weight', 'decoder.dense_head.heads_list.5.vel.0.0.bias', 'decoder.dense_head.heads_list.5.vel.0.1.weight', 'decoder.dense_head.heads_list.5.vel.0.1.bias', 'decoder.dense_head.heads_list.5.vel.0.1.running_mean', 'decoder.dense_head.heads_list.5.vel.0.1.running_var', 'decoder.dense_head.heads_list.5.vel.1.weight', 'decoder.dense_head.heads_list.5.vel.1.bias', 'decoder.dense_head.heads_list.5.hm.0.0.weight', 'decoder.dense_head.heads_list.5.hm.0.0.bias', 'decoder.dense_head.heads_list.5.hm.0.1.weight', 'decoder.dense_head.heads_list.5.hm.0.1.bias', 'decoder.dense_head.heads_list.5.hm.0.1.running_mean', 'decoder.dense_head.heads_list.5.hm.0.1.running_var', 'decoder.dense_head.heads_list.5.hm.1.weight', 'decoder.dense_head.heads_list.5.hm.1.bias', 'map_decoder.pts_bbox_head.code_weights', 'map_decoder.pts_bbox_head.loss_seg.loss_fn.pos_weight', 'map_decoder.pts_bbox_head.loss_pv_seg.loss_fn.pos_weight', 'map_decoder.pts_bbox_head.map_adapter_layers.0.0.weight', 'map_decoder.pts_bbox_head.map_adapter_layers.0.0.bias', 'map_decoder.pts_bbox_head.map_adapter_layers.0.1.weight', 'map_decoder.pts_bbox_head.map_adapter_layers.0.1.bias', 'map_decoder.pts_bbox_head.map_adapter_layers.0.1.running_mean', 'map_decoder.pts_bbox_head.map_adapter_layers.0.1.running_var', 'map_decoder.pts_bbox_head.map_adapter_layers.1.weight', 'map_decoder.pts_bbox_head.map_adapter_layers.1.bias', 'map_decoder.pts_bbox_head.cls_branches.0.weight', 'map_decoder.pts_bbox_head.cls_branches.0.bias', 'map_decoder.pts_bbox_head.cls_branches.1.weight', 'map_decoder.pts_bbox_head.cls_branches.1.bias', 'map_decoder.pts_bbox_head.cls_branches.3.weight', 'map_decoder.pts_bbox_head.cls_branches.3.bias', 'map_decoder.pts_bbox_head.cls_branches.4.weight', 'map_decoder.pts_bbox_head.cls_branches.4.bias', 'map_decoder.pts_bbox_head.cls_branches.6.weight', 'map_decoder.pts_bbox_head.cls_branches.6.bias', 'map_decoder.pts_bbox_head.reg_branches.0.weight', 'map_decoder.pts_bbox_head.reg_branches.0.bias', 'map_decoder.pts_bbox_head.reg_branches.2.weight', 'map_decoder.pts_bbox_head.reg_branches.2.bias', 'map_decoder.pts_bbox_head.reg_branches.4.weight', 'map_decoder.pts_bbox_head.reg_branches.4.bias', 'map_decoder.pts_bbox_head.reg_branches.6.weight', 'map_decoder.pts_bbox_head.reg_branches.6.bias', 'planner_head.ego_query.weight', 'planner_head.ego_agent_decoder.layers.0.attentions.0.attn.in_proj_weight', 'planner_head.ego_agent_decoder.layers.0.attentions.0.attn.in_proj_bias', 'planner_head.ego_agent_decoder.layers.0.attentions.0.attn.out_proj.weight', 'planner_head.ego_agent_decoder.layers.0.attentions.0.attn.out_proj.bias', 'planner_head.ego_agent_decoder.layers.0.ffns.0.layers.0.0.weight', 'planner_head.ego_agent_decoder.layers.0.ffns.0.layers.0.0.bias', 'planner_head.ego_agent_decoder.layers.0.ffns.0.layers.1.weight', 'planner_head.ego_agent_decoder.layers.0.ffns.0.layers.1.bias', 'planner_head.ego_agent_decoder.layers.0.norms.0.weight', 'planner_head.ego_agent_decoder.layers.0.norms.0.bias', 'planner_head.ego_agent_decoder.layers.0.norms.1.weight', 'planner_head.ego_agent_decoder.layers.0.norms.1.bias', 'planner_head.ego_map_decoder.layers.0.attentions.0.attn.in_proj_weight', 'planner_head.ego_map_decoder.layers.0.attentions.0.attn.in_proj_bias', 'planner_head.ego_map_decoder.layers.0.attentions.0.attn.out_proj.weight', 'planner_head.ego_map_decoder.layers.0.attentions.0.attn.out_proj.bias', 'planner_head.ego_map_decoder.layers.0.ffns.0.layers.0.0.weight', 'planner_head.ego_map_decoder.layers.0.ffns.0.layers.0.0.bias', 'planner_head.ego_map_decoder.layers.0.ffns.0.layers.1.weight', 'planner_head.ego_map_decoder.layers.0.ffns.0.layers.1.bias', 'planner_head.ego_map_decoder.layers.0.norms.0.weight', 'planner_head.ego_map_decoder.layers.0.norms.0.bias', 'planner_head.ego_map_decoder.layers.0.norms.1.weight', 'planner_head.ego_map_decoder.layers.0.norms.1.bias', 'planner_head.ego_gaussian_decoder.layers.0.attentions.0.attn.in_proj_weight', 'planner_head.ego_gaussian_decoder.layers.0.attentions.0.attn.in_proj_bias', 'planner_head.ego_gaussian_decoder.layers.0.attentions.0.attn.out_proj.weight', 'planner_head.ego_gaussian_decoder.layers.0.attentions.0.attn.out_proj.bias', 'planner_head.ego_gaussian_decoder.layers.0.ffns.0.layers.0.0.weight', 'planner_head.ego_gaussian_decoder.layers.0.ffns.0.layers.0.0.bias', 'planner_head.ego_gaussian_decoder.layers.0.ffns.0.layers.1.weight', 'planner_head.ego_gaussian_decoder.layers.0.ffns.0.layers.1.bias', 'planner_head.ego_gaussian_decoder.layers.0.norms.0.weight', 'planner_head.ego_gaussian_decoder.layers.0.norms.0.bias', 'planner_head.ego_gaussian_decoder.layers.0.norms.1.weight', 'planner_head.ego_gaussian_decoder.layers.0.norms.1.bias', 'planner_head.ego_fut_decoder.0.weight', 'planner_head.ego_fut_decoder.0.bias', 'planner_head.ego_fut_decoder.2.weight', 'planner_head.ego_fut_decoder.2.bias', 'planner_head.ego_fut_decoder.4.weight', 'planner_head.ego_fut_decoder.4.bias', 'planner_head.agent_fus_mlp.0.weight', 'planner_head.agent_fus_mlp.0.bias', 'planner_head.agent_fus_mlp.1.weight', 'planner_head.agent_fus_mlp.1.bias', 'planner_head.agent_fus_mlp.3.weight', 'planner_head.agent_fus_mlp.3.bias', 'planner_head.map_fus_mlp.0.weight', 'planner_head.map_fus_mlp.0.bias', 'planner_head.map_fus_mlp.1.weight', 'planner_head.map_fus_mlp.1.bias', 'planner_head.map_fus_mlp.3.weight', 'planner_head.map_fus_mlp.3.bias', 'planner_head.gaussian_fus_mlp.0.weight', 'planner_head.gaussian_fus_mlp.0.bias', 'planner_head.gaussian_fus_mlp.1.weight', 'planner_head.gaussian_fus_mlp.1.bias', 'planner_head.gaussian_fus_mlp.3.weight', 'planner_head.gaussian_fus_mlp.3.bias'], unexpected_keys=['bbox_head.bld_alpha', 'bbox_head.cls_convs.0.conv.weight', 'bbox_head.cls_convs.0.conv.bias', 'bbox_head.cls_convs.0.gn.weight', 'bbox_head.cls_convs.0.gn.bias', 'bbox_head.cls_convs.1.conv.weight', 'bbox_head.cls_convs.1.conv.bias', 'bbox_head.cls_convs.1.conv.conv_offset.weight', 'bbox_head.cls_convs.1.conv.conv_offset.bias', 'bbox_head.cls_convs.1.gn.weight', 'bbox_head.cls_convs.1.gn.bias', 'bbox_head.reg_convs.0.conv.weight', 'bbox_head.reg_convs.0.conv.bias', 'bbox_head.reg_convs.0.gn.weight', 'bbox_head.reg_convs.0.gn.bias', 'bbox_head.reg_convs.1.conv.weight', 'bbox_head.reg_convs.1.conv.bias', 'bbox_head.reg_convs.1.conv.conv_offset.weight', 'bbox_head.reg_convs.1.conv.conv_offset.bias', 'bbox_head.reg_convs.1.gn.weight', 'bbox_head.reg_convs.1.gn.bias', 'bbox_head.conv_cls_prev.0.conv.weight', 'bbox_head.conv_cls_prev.0.conv.bias', 'bbox_head.conv_cls_prev.0.gn.weight', 'bbox_head.conv_cls_prev.0.gn.bias', 'bbox_head.conv_cls.weight', 'bbox_head.conv_cls.bias', 'bbox_head.conv_reg_prevs.0.0.conv.weight', 'bbox_head.conv_reg_prevs.0.0.conv.bias', 'bbox_head.conv_reg_prevs.0.0.gn.weight', 'bbox_head.conv_reg_prevs.0.0.gn.bias', 'bbox_head.conv_reg_prevs.1.0.conv.weight', 'bbox_head.conv_reg_prevs.1.0.conv.bias', 'bbox_head.conv_reg_prevs.1.0.gn.weight', 'bbox_head.conv_reg_prevs.1.0.gn.bias', 'bbox_head.conv_reg_prevs.2.0.conv.weight', 'bbox_head.conv_reg_prevs.2.0.conv.bias', 'bbox_head.conv_reg_prevs.2.0.gn.weight', 'bbox_head.conv_reg_prevs.2.0.gn.bias', 'bbox_head.conv_reg_prevs.3.0.conv.weight', 'bbox_head.conv_reg_prevs.3.0.conv.bias', 'bbox_head.conv_reg_prevs.3.0.gn.weight', 'bbox_head.conv_reg_prevs.3.0.gn.bias', 'bbox_head.conv_reg_prevs.5.0.conv.weight', 'bbox_head.conv_reg_prevs.5.0.conv.bias', 'bbox_head.conv_reg_prevs.5.0.gn.weight', 'bbox_head.conv_reg_prevs.5.0.gn.bias', 'bbox_head.conv_regs.0.weight', 'bbox_head.conv_regs.0.bias', 'bbox_head.conv_regs.1.weight', 'bbox_head.conv_regs.1.bias', 'bbox_head.conv_regs.2.weight', 'bbox_head.conv_regs.2.bias', 'bbox_head.conv_regs.3.weight', 'bbox_head.conv_regs.3.bias', 'bbox_head.conv_regs.4.weight', 'bbox_head.conv_regs.4.bias', 'bbox_head.conv_regs.5.weight', 'bbox_head.conv_regs.5.bias', 'bbox_head.conv_dir_cls_prev.0.conv.weight', 'bbox_head.conv_dir_cls_prev.0.conv.bias', 'bbox_head.conv_dir_cls_prev.0.gn.weight', 'bbox_head.conv_dir_cls_prev.0.gn.bias', 'bbox_head.conv_dir_cls.weight', 'bbox_head.conv_dir_cls.bias', 'bbox_head.conv_attr_prev.0.conv.weight', 'bbox_head.conv_attr_prev.0.conv.bias', 'bbox_head.conv_attr_prev.0.gn.weight', 'bbox_head.conv_attr_prev.0.gn.bias', 'bbox_head.conv_attr.weight', 'bbox_head.conv_attr.bias', 'bbox_head.conv_depth_cls_prev.0.conv.weight', 'bbox_head.conv_depth_cls_prev.0.conv.bias', 'bbox_head.conv_depth_cls_prev.0.gn.weight', 'bbox_head.conv_depth_cls_prev.0.gn.bias', 'bbox_head.conv_depth_cls.weight', 'bbox_head.conv_depth_cls.bias', 'bbox_head.conv_centerness_prev.0.conv.weight', 'bbox_head.conv_centerness_prev.0.conv.bias', 'bbox_head.conv_centerness_prev.0.gn.weight', 'bbox_head.conv_centerness_prev.0.gn.bias', 'bbox_head.conv_centerness.weight', 'bbox_head.conv_centerness.bias', 'bbox_head.scales.0.0.scale', 'bbox_head.scales.0.1.scale', 'bbox_head.scales.0.2.scale', 'bbox_head.scales.0.3.scale', 'bbox_head.scales.1.0.scale', 'bbox_head.scales.1.1.scale', 'bbox_head.scales.1.2.scale', 'bbox_head.scales.1.3.scale', 'bbox_head.scales.2.0.scale', 'bbox_head.scales.2.1.scale', 'bbox_head.scales.2.2.scale', 'bbox_head.scales.2.3.scale', 'bbox_head.scales.3.0.scale', 'bbox_head.scales.3.1.scale', 'bbox_head.scales.3.2.scale', 'bbox_head.scales.3.3.scale', 'bbox_head.scales.4.0.scale', 'bbox_head.scales.4.1.scale', 'bbox_head.scales.4.2.scale', 'bbox_head.scales.4.3.scale'])
tensor([1.0155, 1.0690, 1.3001, 1.0725, 0.9464, 1.1009, 1.2696, 1.0626, 1.1890,
        1.0622, 1.0060, 0.8571, 1.0392, 0.9087, 0.8936, 0.8549, 0.8528, 0.5000])
tensor([1.0155, 1.0690, 1.3001, 1.0725, 0.9464, 1.1009, 1.2696, 1.0626, 1.1890,
        1.0622, 1.0060, 0.8571, 1.0392, 0.9087, 0.8936, 0.8549, 0.8528, 0.5000])
_IncompatibleKeys(missing_keys=['img_neck.lateral_convs.0.conv.weight', 'img_neck.lateral_convs.0.conv.bias', 'img_neck.lateral_convs.1.conv.weight', 'img_neck.lateral_convs.1.conv.bias', 'img_neck.lateral_convs.2.conv.weight', 'img_neck.lateral_convs.2.conv.bias', 'img_neck.fpn_convs.0.conv.weight', 'img_neck.fpn_convs.0.conv.bias', 'img_neck.fpn_convs.1.conv.weight', 'img_neck.fpn_convs.1.conv.bias', 'img_neck.fpn_convs.2.conv.weight', 'img_neck.fpn_convs.2.conv.bias', 'img_neck.fpn_convs.3.conv.weight', 'img_neck.fpn_convs.3.conv.bias', 'lifter.anchor_non_xyz', 'encoder.anchor_encoder.xyz_fc.0.weight', 'encoder.anchor_encoder.xyz_fc.0.bias', 'encoder.anchor_encoder.xyz_fc.2.weight', 'encoder.anchor_encoder.xyz_fc.2.bias', 'encoder.anchor_encoder.xyz_fc.3.weight', 'encoder.anchor_encoder.xyz_fc.3.bias', 'encoder.anchor_encoder.xyz_fc.5.weight', 'encoder.anchor_encoder.xyz_fc.5.bias', 'encoder.anchor_encoder.scale_fc.0.weight', 'encoder.anchor_encoder.scale_fc.0.bias', 'encoder.anchor_encoder.scale_fc.2.weight', 'encoder.anchor_encoder.scale_fc.2.bias', 'encoder.anchor_encoder.scale_fc.3.weight', 'encoder.anchor_encoder.scale_fc.3.bias', 'encoder.anchor_encoder.scale_fc.5.weight', 'encoder.anchor_encoder.scale_fc.5.bias', 'encoder.anchor_encoder.rot_fc.0.weight', 'encoder.anchor_encoder.rot_fc.0.bias', 'encoder.anchor_encoder.rot_fc.2.weight', 'encoder.anchor_encoder.rot_fc.2.bias', 'encoder.anchor_encoder.rot_fc.3.weight', 'encoder.anchor_encoder.rot_fc.3.bias', 'encoder.anchor_encoder.rot_fc.5.weight', 'encoder.anchor_encoder.rot_fc.5.bias', 'encoder.anchor_encoder.opacity_fc.0.weight', 'encoder.anchor_encoder.opacity_fc.0.bias', 'encoder.anchor_encoder.opacity_fc.2.weight', 'encoder.anchor_encoder.opacity_fc.2.bias', 'encoder.anchor_encoder.opacity_fc.3.weight', 'encoder.anchor_encoder.opacity_fc.3.bias', 'encoder.anchor_encoder.opacity_fc.5.weight', 'encoder.anchor_encoder.opacity_fc.5.bias', 'encoder.anchor_encoder.semantics_fc.0.weight', 'encoder.anchor_encoder.semantics_fc.0.bias', 'encoder.anchor_encoder.semantics_fc.2.weight', 'encoder.anchor_encoder.semantics_fc.2.bias', 'encoder.anchor_encoder.semantics_fc.3.weight', 'encoder.anchor_encoder.semantics_fc.3.bias', 'encoder.anchor_encoder.semantics_fc.5.weight', 'encoder.anchor_encoder.semantics_fc.5.bias', 'encoder.anchor_encoder.offset_fc.0.weight', 'encoder.anchor_encoder.offset_fc.0.bias', 'encoder.anchor_encoder.offset_fc.2.weight', 'encoder.anchor_encoder.offset_fc.2.bias', 'encoder.anchor_encoder.offset_fc.3.weight', 'encoder.anchor_encoder.offset_fc.3.bias', 'encoder.anchor_encoder.offset_fc.5.weight', 'encoder.anchor_encoder.offset_fc.5.bias', 'encoder.anchor_encoder.output_fc.0.weight', 'encoder.anchor_encoder.output_fc.0.bias', 'encoder.anchor_encoder.output_fc.2.weight', 'encoder.anchor_encoder.output_fc.2.bias', 'encoder.anchor_encoder.output_fc.3.weight', 'encoder.anchor_encoder.output_fc.3.bias', 'encoder.anchor_encoder.output_fc.5.weight', 'encoder.anchor_encoder.output_fc.5.bias', 'encoder.layers.0.kps_generator.learnable_fc.weight', 'encoder.layers.0.kps_generator.learnable_fc.bias', 'encoder.layers.0.output_proj.weight', 'encoder.layers.0.output_proj.bias', 'encoder.layers.0.camera_encoder.0.weight', 'encoder.layers.0.camera_encoder.0.bias', 'encoder.layers.0.camera_encoder.2.weight', 'encoder.layers.0.camera_encoder.2.bias', 'encoder.layers.0.camera_encoder.3.weight', 'encoder.layers.0.camera_encoder.3.bias', 'encoder.layers.0.camera_encoder.5.weight', 'encoder.layers.0.camera_encoder.5.bias', 'encoder.layers.0.weights_fc.weight', 'encoder.layers.0.weights_fc.bias', 'encoder.layers.1.pre_norm.weight', 'encoder.layers.1.pre_norm.bias', 'encoder.layers.1.layers.0.0.weight', 'encoder.layers.1.layers.0.0.bias', 'encoder.layers.1.layers.1.weight', 'encoder.layers.1.layers.1.bias', 'encoder.layers.1.identity_fc.weight', 'encoder.layers.1.identity_fc.bias', 'encoder.layers.2.weight', 'encoder.layers.2.bias', 'encoder.layers.3.layers.0.weight', 'encoder.layers.3.layers.0.bias', 'encoder.layers.3.layers.2.weight', 'encoder.layers.3.layers.2.bias', 'encoder.layers.3.layers.4.weight', 'encoder.layers.3.layers.4.bias', 'encoder.layers.3.layers.5.weight', 'encoder.layers.3.layers.5.bias', 'encoder.layers.3.layers.7.weight', 'encoder.layers.3.layers.7.bias', 'encoder.layers.3.layers.9.weight', 'encoder.layers.3.layers.9.bias', 'encoder.layers.3.layers.10.weight', 'encoder.layers.3.layers.10.bias', 'encoder.layers.3.layers.11.scale', 'encoder.layers.4.layers.0.weight', 'encoder.layers.4.layers.0.bias', 'encoder.layers.4.layers.1.weight', 'encoder.layers.4.layers.1.bias', 'encoder.layers.4.layers.3.weight', 'encoder.layers.4.layers.3.bias', 'encoder.layers.4.layers.4.weight', 'encoder.layers.4.layers.4.bias', 'encoder.layers.4.layers.6.weight', 'encoder.layers.4.layers.6.bias', 'encoder.layers.4.layers.7.weight', 'encoder.layers.4.layers.7.bias', 'encoder.layers.4.output_proj.weight', 'encoder.layers.4.output_proj.bias', 'encoder.layers.5.weight', 'encoder.layers.5.bias', 'encoder.layers.6.kps_generator.learnable_fc.weight', 'encoder.layers.6.kps_generator.learnable_fc.bias', 'encoder.layers.6.output_proj.weight', 'encoder.layers.6.output_proj.bias', 'encoder.layers.6.camera_encoder.0.weight', 'encoder.layers.6.camera_encoder.0.bias', 'encoder.layers.6.camera_encoder.2.weight', 'encoder.layers.6.camera_encoder.2.bias', 'encoder.layers.6.camera_encoder.3.weight', 'encoder.layers.6.camera_encoder.3.bias', 'encoder.layers.6.camera_encoder.5.weight', 'encoder.layers.6.camera_encoder.5.bias', 'encoder.layers.6.weights_fc.weight', 'encoder.layers.6.weights_fc.bias', 'encoder.layers.7.pre_norm.weight', 'encoder.layers.7.pre_norm.bias', 'encoder.layers.7.layers.0.0.weight', 'encoder.layers.7.layers.0.0.bias', 'encoder.layers.7.layers.1.weight', 'encoder.layers.7.layers.1.bias', 'encoder.layers.7.identity_fc.weight', 'encoder.layers.7.identity_fc.bias', 'encoder.layers.8.weight', 'encoder.layers.8.bias', 'encoder.layers.9.layers.0.weight', 'encoder.layers.9.layers.0.bias', 'encoder.layers.9.layers.2.weight', 'encoder.layers.9.layers.2.bias', 'encoder.layers.9.layers.4.weight', 'encoder.layers.9.layers.4.bias', 'encoder.layers.9.layers.5.weight', 'encoder.layers.9.layers.5.bias', 'encoder.layers.9.layers.7.weight', 'encoder.layers.9.layers.7.bias', 'encoder.layers.9.layers.9.weight', 'encoder.layers.9.layers.9.bias', 'encoder.layers.9.layers.10.weight', 'encoder.layers.9.layers.10.bias', 'encoder.layers.9.layers.11.scale', 'encoder.layers.10.layers.0.weight', 'encoder.layers.10.layers.0.bias', 'encoder.layers.10.layers.1.weight', 'encoder.layers.10.layers.1.bias', 'encoder.layers.10.layers.3.weight', 'encoder.layers.10.layers.3.bias', 'encoder.layers.10.layers.4.weight', 'encoder.layers.10.layers.4.bias', 'encoder.layers.10.layers.6.weight', 'encoder.layers.10.layers.6.bias', 'encoder.layers.10.layers.7.weight', 'encoder.layers.10.layers.7.bias', 'encoder.layers.10.output_proj.weight', 'encoder.layers.10.output_proj.bias', 'encoder.layers.11.weight', 'encoder.layers.11.bias', 'encoder.layers.12.kps_generator.learnable_fc.weight', 'encoder.layers.12.kps_generator.learnable_fc.bias', 'encoder.layers.12.output_proj.weight', 'encoder.layers.12.output_proj.bias', 'encoder.layers.12.camera_encoder.0.weight', 'encoder.layers.12.camera_encoder.0.bias', 'encoder.layers.12.camera_encoder.2.weight', 'encoder.layers.12.camera_encoder.2.bias', 'encoder.layers.12.camera_encoder.3.weight', 'encoder.layers.12.camera_encoder.3.bias', 'encoder.layers.12.camera_encoder.5.weight', 'encoder.layers.12.camera_encoder.5.bias', 'encoder.layers.12.weights_fc.weight', 'encoder.layers.12.weights_fc.bias', 'encoder.layers.13.pre_norm.weight', 'encoder.layers.13.pre_norm.bias', 'encoder.layers.13.layers.0.0.weight', 'encoder.layers.13.layers.0.0.bias', 'encoder.layers.13.layers.1.weight', 'encoder.layers.13.layers.1.bias', 'encoder.layers.13.identity_fc.weight', 'encoder.layers.13.identity_fc.bias', 'encoder.layers.14.weight', 'encoder.layers.14.bias', 'encoder.layers.15.layers.0.weight', 'encoder.layers.15.layers.0.bias', 'encoder.layers.15.layers.2.weight', 'encoder.layers.15.layers.2.bias', 'encoder.layers.15.layers.4.weight', 'encoder.layers.15.layers.4.bias', 'encoder.layers.15.layers.5.weight', 'encoder.layers.15.layers.5.bias', 'encoder.layers.15.layers.7.weight', 'encoder.layers.15.layers.7.bias', 'encoder.layers.15.layers.9.weight', 'encoder.layers.15.layers.9.bias', 'encoder.layers.15.layers.10.weight', 'encoder.layers.15.layers.10.bias', 'encoder.layers.15.layers.11.scale', 'encoder.layers.16.layers.0.weight', 'encoder.layers.16.layers.0.bias', 'encoder.layers.16.layers.1.weight', 'encoder.layers.16.layers.1.bias', 'encoder.layers.16.layers.3.weight', 'encoder.layers.16.layers.3.bias', 'encoder.layers.16.layers.4.weight', 'encoder.layers.16.layers.4.bias', 'encoder.layers.16.layers.6.weight', 'encoder.layers.16.layers.6.bias', 'encoder.layers.16.layers.7.weight', 'encoder.layers.16.layers.7.bias', 'encoder.layers.16.output_proj.weight', 'encoder.layers.16.output_proj.bias', 'encoder.layers.17.weight', 'encoder.layers.17.bias', 'encoder.layers.18.kps_generator.learnable_fc.weight', 'encoder.layers.18.kps_generator.learnable_fc.bias', 'encoder.layers.18.output_proj.weight', 'encoder.layers.18.output_proj.bias', 'encoder.layers.18.camera_encoder.0.weight', 'encoder.layers.18.camera_encoder.0.bias', 'encoder.layers.18.camera_encoder.2.weight', 'encoder.layers.18.camera_encoder.2.bias', 'encoder.layers.18.camera_encoder.3.weight', 'encoder.layers.18.camera_encoder.3.bias', 'encoder.layers.18.camera_encoder.5.weight', 'encoder.layers.18.camera_encoder.5.bias', 'encoder.layers.18.weights_fc.weight', 'encoder.layers.18.weights_fc.bias', 'encoder.layers.19.pre_norm.weight', 'encoder.layers.19.pre_norm.bias', 'encoder.layers.19.layers.0.0.weight', 'encoder.layers.19.layers.0.0.bias', 'encoder.layers.19.layers.1.weight', 'encoder.layers.19.layers.1.bias', 'encoder.layers.19.identity_fc.weight', 'encoder.layers.19.identity_fc.bias', 'encoder.layers.20.weight', 'encoder.layers.20.bias', 'encoder.layers.21.layers.0.weight', 'encoder.layers.21.layers.0.bias', 'encoder.layers.21.layers.2.weight', 'encoder.layers.21.layers.2.bias', 'encoder.layers.21.layers.4.weight', 'encoder.layers.21.layers.4.bias', 'encoder.layers.21.layers.5.weight', 'encoder.layers.21.layers.5.bias', 'encoder.layers.21.layers.7.weight', 'encoder.layers.21.layers.7.bias', 'encoder.layers.21.layers.9.weight', 'encoder.layers.21.layers.9.bias', 'encoder.layers.21.layers.10.weight', 'encoder.layers.21.layers.10.bias', 'encoder.layers.21.layers.11.scale', 'temporal_encoder.anchor_encoder.xyz_fc.0.weight', 'temporal_encoder.anchor_encoder.xyz_fc.0.bias', 'temporal_encoder.anchor_encoder.xyz_fc.2.weight', 'temporal_encoder.anchor_encoder.xyz_fc.2.bias', 'temporal_encoder.anchor_encoder.xyz_fc.3.weight', 'temporal_encoder.anchor_encoder.xyz_fc.3.bias', 'temporal_encoder.anchor_encoder.xyz_fc.5.weight', 'temporal_encoder.anchor_encoder.xyz_fc.5.bias', 'temporal_encoder.anchor_encoder.scale_fc.0.weight', 'temporal_encoder.anchor_encoder.scale_fc.0.bias', 'temporal_encoder.anchor_encoder.scale_fc.2.weight', 'temporal_encoder.anchor_encoder.scale_fc.2.bias', 'temporal_encoder.anchor_encoder.scale_fc.3.weight', 'temporal_encoder.anchor_encoder.scale_fc.3.bias', 'temporal_encoder.anchor_encoder.scale_fc.5.weight', 'temporal_encoder.anchor_encoder.scale_fc.5.bias', 'temporal_encoder.anchor_encoder.rot_fc.0.weight', 'temporal_encoder.anchor_encoder.rot_fc.0.bias', 'temporal_encoder.anchor_encoder.rot_fc.2.weight', 'temporal_encoder.anchor_encoder.rot_fc.2.bias', 'temporal_encoder.anchor_encoder.rot_fc.3.weight', 'temporal_encoder.anchor_encoder.rot_fc.3.bias', 'temporal_encoder.anchor_encoder.rot_fc.5.weight', 'temporal_encoder.anchor_encoder.rot_fc.5.bias', 'temporal_encoder.anchor_encoder.opacity_fc.0.weight', 'temporal_encoder.anchor_encoder.opacity_fc.0.bias', 'temporal_encoder.anchor_encoder.opacity_fc.2.weight', 'temporal_encoder.anchor_encoder.opacity_fc.2.bias', 'temporal_encoder.anchor_encoder.opacity_fc.3.weight', 'temporal_encoder.anchor_encoder.opacity_fc.3.bias', 'temporal_encoder.anchor_encoder.opacity_fc.5.weight', 'temporal_encoder.anchor_encoder.opacity_fc.5.bias', 'temporal_encoder.anchor_encoder.semantics_fc.0.weight', 'temporal_encoder.anchor_encoder.semantics_fc.0.bias', 'temporal_encoder.anchor_encoder.semantics_fc.2.weight', 'temporal_encoder.anchor_encoder.semantics_fc.2.bias', 'temporal_encoder.anchor_encoder.semantics_fc.3.weight', 'temporal_encoder.anchor_encoder.semantics_fc.3.bias', 'temporal_encoder.anchor_encoder.semantics_fc.5.weight', 'temporal_encoder.anchor_encoder.semantics_fc.5.bias', 'temporal_encoder.anchor_encoder.offset_fc.0.weight', 'temporal_encoder.anchor_encoder.offset_fc.0.bias', 'temporal_encoder.anchor_encoder.offset_fc.2.weight', 'temporal_encoder.anchor_encoder.offset_fc.2.bias', 'temporal_encoder.anchor_encoder.offset_fc.3.weight', 'temporal_encoder.anchor_encoder.offset_fc.3.bias', 'temporal_encoder.anchor_encoder.offset_fc.5.weight', 'temporal_encoder.anchor_encoder.offset_fc.5.bias', 'temporal_encoder.anchor_encoder.output_fc.0.weight', 'temporal_encoder.anchor_encoder.output_fc.0.bias', 'temporal_encoder.anchor_encoder.output_fc.2.weight', 'temporal_encoder.anchor_encoder.output_fc.2.bias', 'temporal_encoder.anchor_encoder.output_fc.3.weight', 'temporal_encoder.anchor_encoder.output_fc.3.bias', 'temporal_encoder.anchor_encoder.output_fc.5.weight', 'temporal_encoder.anchor_encoder.output_fc.5.bias', 'temporal_encoder.layers.0.layers.0.weight', 'temporal_encoder.layers.0.layers.1.weight', 'temporal_encoder.layers.0.layers.1.bias', 'temporal_encoder.layers.0.layers.3.weight', 'temporal_encoder.layers.0.layers.4.weight', 'temporal_encoder.layers.0.layers.4.bias', 'temporal_encoder.layers.0.layers.6.weight', 'temporal_encoder.layers.0.layers.7.weight', 'temporal_encoder.layers.0.layers.7.bias', 'temporal_encoder.layers.0.output_proj.weight', 'temporal_encoder.layers.0.output_proj.bias', 'temporal_encoder.layers.1.layers.0.weight', 'temporal_encoder.layers.1.layers.0.bias', 'temporal_encoder.layers.1.layers.2.weight', 'temporal_encoder.layers.1.layers.2.bias', 'temporal_encoder.layers.1.layers.4.weight', 'temporal_encoder.layers.1.layers.4.bias', 'temporal_encoder.layers.1.layers.5.weight', 'temporal_encoder.layers.1.layers.5.bias', 'temporal_encoder.layers.1.layers.7.weight', 'temporal_encoder.layers.1.layers.7.bias', 'temporal_encoder.layers.1.layers.9.weight', 'temporal_encoder.layers.1.layers.9.bias', 'temporal_encoder.layers.1.layers.10.weight', 'temporal_encoder.layers.1.layers.10.bias', 'temporal_encoder.layers.1.layers.11.scale', 'temporal_encoder.layers.2.layers.0.weight', 'temporal_encoder.layers.2.layers.1.weight', 'temporal_encoder.layers.2.layers.1.bias', 'temporal_encoder.layers.2.layers.3.weight', 'temporal_encoder.layers.2.layers.4.weight', 'temporal_encoder.layers.2.layers.4.bias', 'temporal_encoder.layers.2.layers.6.weight', 'temporal_encoder.layers.2.layers.7.weight', 'temporal_encoder.layers.2.layers.7.bias', 'temporal_encoder.layers.2.output_proj.weight', 'temporal_encoder.layers.2.output_proj.bias', 'temporal_encoder.layers.3.layers.0.weight', 'temporal_encoder.layers.3.layers.0.bias', 'temporal_encoder.layers.3.layers.2.weight', 'temporal_encoder.layers.3.layers.2.bias', 'temporal_encoder.layers.3.layers.4.weight', 'temporal_encoder.layers.3.layers.4.bias', 'temporal_encoder.layers.3.layers.5.weight', 'temporal_encoder.layers.3.layers.5.bias', 'temporal_encoder.layers.3.layers.7.weight', 'temporal_encoder.layers.3.layers.7.bias', 'temporal_encoder.layers.3.layers.9.weight', 'temporal_encoder.layers.3.layers.9.bias', 'temporal_encoder.layers.3.layers.10.weight', 'temporal_encoder.layers.3.layers.10.bias', 'temporal_encoder.layers.3.layers.11.scale', 'temporal_encoder.layers.4.layers.0.weight', 'temporal_encoder.layers.4.layers.1.weight', 'temporal_encoder.layers.4.layers.1.bias', 'temporal_encoder.layers.4.layers.3.weight', 'temporal_encoder.layers.4.layers.4.weight', 'temporal_encoder.layers.4.layers.4.bias', 'temporal_encoder.layers.4.layers.6.weight', 'temporal_encoder.layers.4.layers.7.weight', 'temporal_encoder.layers.4.layers.7.bias', 'temporal_encoder.layers.4.output_proj.weight', 'temporal_encoder.layers.4.output_proj.bias', 'temporal_encoder.layers.5.layers.0.weight', 'temporal_encoder.layers.5.layers.0.bias', 'temporal_encoder.layers.5.layers.2.weight', 'temporal_encoder.layers.5.layers.2.bias', 'temporal_encoder.layers.5.layers.4.weight', 'temporal_encoder.layers.5.layers.4.bias', 'temporal_encoder.layers.5.layers.5.weight', 'temporal_encoder.layers.5.layers.5.bias', 'temporal_encoder.layers.5.layers.7.weight', 'temporal_encoder.layers.5.layers.7.bias', 'temporal_encoder.layers.5.layers.9.weight', 'temporal_encoder.layers.5.layers.9.bias', 'temporal_encoder.layers.5.layers.10.weight', 'temporal_encoder.layers.5.layers.10.bias', 'temporal_encoder.layers.5.layers.11.scale', 'head.empty_scalar', 'head.empty_mean', 'head.empty_scale', 'head.empty_rot', 'head.empty_sem', 'head.empty_opa', 'head.pc_min', 'head.grid_size', 'head.zero_tensor', 'head.aggregator.pc_min', 'decoder.global_step', 'decoder.backbone_3d.conv_input.0.weight', 'decoder.backbone_3d.conv_input.1.weight', 'decoder.backbone_3d.conv_input.1.bias', 'decoder.backbone_3d.conv_input.1.running_mean', 'decoder.backbone_3d.conv_input.1.running_var', 'decoder.backbone_3d.conv1.0.conv1.weight', 'decoder.backbone_3d.conv1.0.conv1.bias', 'decoder.backbone_3d.conv1.0.bn1.weight', 'decoder.backbone_3d.conv1.0.bn1.bias', 'decoder.backbone_3d.conv1.0.bn1.running_mean', 'decoder.backbone_3d.conv1.0.bn1.running_var', 'decoder.backbone_3d.conv1.0.conv2.weight', 'decoder.backbone_3d.conv1.0.conv2.bias', 'decoder.backbone_3d.conv1.0.bn2.weight', 'decoder.backbone_3d.conv1.0.bn2.bias', 'decoder.backbone_3d.conv1.0.bn2.running_mean', 'decoder.backbone_3d.conv1.0.bn2.running_var', 'decoder.backbone_3d.conv1.1.conv1.weight', 'decoder.backbone_3d.conv1.1.conv1.bias', 'decoder.backbone_3d.conv1.1.bn1.weight', 'decoder.backbone_3d.conv1.1.bn1.bias', 'decoder.backbone_3d.conv1.1.bn1.running_mean', 'decoder.backbone_3d.conv1.1.bn1.running_var', 'decoder.backbone_3d.conv1.1.conv2.weight', 'decoder.backbone_3d.conv1.1.conv2.bias', 'decoder.backbone_3d.conv1.1.bn2.weight', 'decoder.backbone_3d.conv1.1.bn2.bias', 'decoder.backbone_3d.conv1.1.bn2.running_mean', 'decoder.backbone_3d.conv1.1.bn2.running_var', 'decoder.backbone_3d.conv2.0.0.weight', 'decoder.backbone_3d.conv2.0.1.weight', 'decoder.backbone_3d.conv2.0.1.bias', 'decoder.backbone_3d.conv2.0.1.running_mean', 'decoder.backbone_3d.conv2.0.1.running_var', 'decoder.backbone_3d.conv2.1.conv1.weight', 'decoder.backbone_3d.conv2.1.conv1.bias', 'decoder.backbone_3d.conv2.1.bn1.weight', 'decoder.backbone_3d.conv2.1.bn1.bias', 'decoder.backbone_3d.conv2.1.bn1.running_mean', 'decoder.backbone_3d.conv2.1.bn1.running_var', 'decoder.backbone_3d.conv2.1.conv2.weight', 'decoder.backbone_3d.conv2.1.conv2.bias', 'decoder.backbone_3d.conv2.1.bn2.weight', 'decoder.backbone_3d.conv2.1.bn2.bias', 'decoder.backbone_3d.conv2.1.bn2.running_mean', 'decoder.backbone_3d.conv2.1.bn2.running_var', 'decoder.backbone_3d.conv2.2.conv1.weight', 'decoder.backbone_3d.conv2.2.conv1.bias', 'decoder.backbone_3d.conv2.2.bn1.weight', 'decoder.backbone_3d.conv2.2.bn1.bias', 'decoder.backbone_3d.conv2.2.bn1.running_mean', 'decoder.backbone_3d.conv2.2.bn1.running_var', 'decoder.backbone_3d.conv2.2.conv2.weight', 'decoder.backbone_3d.conv2.2.conv2.bias', 'decoder.backbone_3d.conv2.2.bn2.weight', 'decoder.backbone_3d.conv2.2.bn2.bias', 'decoder.backbone_3d.conv2.2.bn2.running_mean', 'decoder.backbone_3d.conv2.2.bn2.running_var', 'decoder.backbone_3d.conv3.0.0.weight', 'decoder.backbone_3d.conv3.0.1.weight', 'decoder.backbone_3d.conv3.0.1.bias', 'decoder.backbone_3d.conv3.0.1.running_mean', 'decoder.backbone_3d.conv3.0.1.running_var', 'decoder.backbone_3d.conv3.1.conv1.weight', 'decoder.backbone_3d.conv3.1.conv1.bias', 'decoder.backbone_3d.conv3.1.bn1.weight', 'decoder.backbone_3d.conv3.1.bn1.bias', 'decoder.backbone_3d.conv3.1.bn1.running_mean', 'decoder.backbone_3d.conv3.1.bn1.running_var', 'decoder.backbone_3d.conv3.1.conv2.weight', 'decoder.backbone_3d.conv3.1.conv2.bias', 'decoder.backbone_3d.conv3.1.bn2.weight', 'decoder.backbone_3d.conv3.1.bn2.bias', 'decoder.backbone_3d.conv3.1.bn2.running_mean', 'decoder.backbone_3d.conv3.1.bn2.running_var', 'decoder.backbone_3d.conv3.2.conv1.weight', 'decoder.backbone_3d.conv3.2.conv1.bias', 'decoder.backbone_3d.conv3.2.bn1.weight', 'decoder.backbone_3d.conv3.2.bn1.bias', 'decoder.backbone_3d.conv3.2.bn1.running_mean', 'decoder.backbone_3d.conv3.2.bn1.running_var', 'decoder.backbone_3d.conv3.2.conv2.weight', 'decoder.backbone_3d.conv3.2.conv2.bias', 'decoder.backbone_3d.conv3.2.bn2.weight', 'decoder.backbone_3d.conv3.2.bn2.bias', 'decoder.backbone_3d.conv3.2.bn2.running_mean', 'decoder.backbone_3d.conv3.2.bn2.running_var', 'decoder.backbone_3d.conv4.0.0.weight', 'decoder.backbone_3d.conv4.0.1.weight', 'decoder.backbone_3d.conv4.0.1.bias', 'decoder.backbone_3d.conv4.0.1.running_mean', 'decoder.backbone_3d.conv4.0.1.running_var', 'decoder.backbone_3d.conv4.1.conv1.weight', 'decoder.backbone_3d.conv4.1.conv1.bias', 'decoder.backbone_3d.conv4.1.bn1.weight', 'decoder.backbone_3d.conv4.1.bn1.bias', 'decoder.backbone_3d.conv4.1.bn1.running_mean', 'decoder.backbone_3d.conv4.1.bn1.running_var', 'decoder.backbone_3d.conv4.1.conv2.weight', 'decoder.backbone_3d.conv4.1.conv2.bias', 'decoder.backbone_3d.conv4.1.bn2.weight', 'decoder.backbone_3d.conv4.1.bn2.bias', 'decoder.backbone_3d.conv4.1.bn2.running_mean', 'decoder.backbone_3d.conv4.1.bn2.running_var', 'decoder.backbone_3d.conv4.2.conv1.weight', 'decoder.backbone_3d.conv4.2.conv1.bias', 'decoder.backbone_3d.conv4.2.bn1.weight', 'decoder.backbone_3d.conv4.2.bn1.bias', 'decoder.backbone_3d.conv4.2.bn1.running_mean', 'decoder.backbone_3d.conv4.2.bn1.running_var', 'decoder.backbone_3d.conv4.2.conv2.weight', 'decoder.backbone_3d.conv4.2.conv2.bias', 'decoder.backbone_3d.conv4.2.bn2.weight', 'decoder.backbone_3d.conv4.2.bn2.bias', 'decoder.backbone_3d.conv4.2.bn2.running_mean', 'decoder.backbone_3d.conv4.2.bn2.running_var', 'decoder.backbone_3d.conv5.0.0.weight', 'decoder.backbone_3d.conv5.0.1.weight', 'decoder.backbone_3d.conv5.0.1.bias', 'decoder.backbone_3d.conv5.0.1.running_mean', 'decoder.backbone_3d.conv5.0.1.running_var', 'decoder.backbone_3d.conv5.1.conv1.weight', 'decoder.backbone_3d.conv5.1.conv1.bias', 'decoder.backbone_3d.conv5.1.bn1.weight', 'decoder.backbone_3d.conv5.1.bn1.bias', 'decoder.backbone_3d.conv5.1.bn1.running_mean', 'decoder.backbone_3d.conv5.1.bn1.running_var', 'decoder.backbone_3d.conv5.1.conv2.weight', 'decoder.backbone_3d.conv5.1.conv2.bias', 'decoder.backbone_3d.conv5.1.bn2.weight', 'decoder.backbone_3d.conv5.1.bn2.bias', 'decoder.backbone_3d.conv5.1.bn2.running_mean', 'decoder.backbone_3d.conv5.1.bn2.running_var', 'decoder.backbone_3d.conv5.2.conv1.weight', 'decoder.backbone_3d.conv5.2.conv1.bias', 'decoder.backbone_3d.conv5.2.bn1.weight', 'decoder.backbone_3d.conv5.2.bn1.bias', 'decoder.backbone_3d.conv5.2.bn1.running_mean', 'decoder.backbone_3d.conv5.2.bn1.running_var', 'decoder.backbone_3d.conv5.2.conv2.weight', 'decoder.backbone_3d.conv5.2.conv2.bias', 'decoder.backbone_3d.conv5.2.bn2.weight', 'decoder.backbone_3d.conv5.2.bn2.bias', 'decoder.backbone_3d.conv5.2.bn2.running_mean', 'decoder.backbone_3d.conv5.2.bn2.running_var', 'decoder.backbone_3d.conv6.0.0.weight', 'decoder.backbone_3d.conv6.0.1.weight', 'decoder.backbone_3d.conv6.0.1.bias', 'decoder.backbone_3d.conv6.0.1.running_mean', 'decoder.backbone_3d.conv6.0.1.running_var', 'decoder.backbone_3d.conv6.1.conv1.weight', 'decoder.backbone_3d.conv6.1.conv1.bias', 'decoder.backbone_3d.conv6.1.bn1.weight', 'decoder.backbone_3d.conv6.1.bn1.bias', 'decoder.backbone_3d.conv6.1.bn1.running_mean', 'decoder.backbone_3d.conv6.1.bn1.running_var', 'decoder.backbone_3d.conv6.1.conv2.weight', 'decoder.backbone_3d.conv6.1.conv2.bias', 'decoder.backbone_3d.conv6.1.bn2.weight', 'decoder.backbone_3d.conv6.1.bn2.bias', 'decoder.backbone_3d.conv6.1.bn2.running_mean', 'decoder.backbone_3d.conv6.1.bn2.running_var', 'decoder.backbone_3d.conv6.2.conv1.weight', 'decoder.backbone_3d.conv6.2.conv1.bias', 'decoder.backbone_3d.conv6.2.bn1.weight', 'decoder.backbone_3d.conv6.2.bn1.bias', 'decoder.backbone_3d.conv6.2.bn1.running_mean', 'decoder.backbone_3d.conv6.2.bn1.running_var', 'decoder.backbone_3d.conv6.2.conv2.weight', 'decoder.backbone_3d.conv6.2.conv2.bias', 'decoder.backbone_3d.conv6.2.bn2.weight', 'decoder.backbone_3d.conv6.2.bn2.bias', 'decoder.backbone_3d.conv6.2.bn2.running_mean', 'decoder.backbone_3d.conv6.2.bn2.running_var', 'decoder.backbone_3d.conv_out.0.weight', 'decoder.backbone_3d.conv_out.1.weight', 'decoder.backbone_3d.conv_out.1.bias', 'decoder.backbone_3d.conv_out.1.running_mean', 'decoder.backbone_3d.conv_out.1.running_var', 'decoder.backbone_3d.shared_conv.0.weight', 'decoder.backbone_3d.shared_conv.0.bias', 'decoder.backbone_3d.shared_conv.1.weight', 'decoder.backbone_3d.shared_conv.1.bias', 'decoder.backbone_3d.shared_conv.1.running_mean', 'decoder.backbone_3d.shared_conv.1.running_var', 'decoder.dense_head.heads_list.0.center.0.0.weight', 'decoder.dense_head.heads_list.0.center.0.0.bias', 'decoder.dense_head.heads_list.0.center.0.1.weight', 'decoder.dense_head.heads_list.0.center.0.1.bias', 'decoder.dense_head.heads_list.0.center.0.1.running_mean', 'decoder.dense_head.heads_list.0.center.0.1.running_var', 'decoder.dense_head.heads_list.0.center.1.weight', 'decoder.dense_head.heads_list.0.center.1.bias', 'decoder.dense_head.heads_list.0.center_z.0.0.weight', 'decoder.dense_head.heads_list.0.center_z.0.0.bias', 'decoder.dense_head.heads_list.0.center_z.0.1.weight', 'decoder.dense_head.heads_list.0.center_z.0.1.bias', 'decoder.dense_head.heads_list.0.center_z.0.1.running_mean', 'decoder.dense_head.heads_list.0.center_z.0.1.running_var', 'decoder.dense_head.heads_list.0.center_z.1.weight', 'decoder.dense_head.heads_list.0.center_z.1.bias', 'decoder.dense_head.heads_list.0.dim.0.0.weight', 'decoder.dense_head.heads_list.0.dim.0.0.bias', 'decoder.dense_head.heads_list.0.dim.0.1.weight', 'decoder.dense_head.heads_list.0.dim.0.1.bias', 'decoder.dense_head.heads_list.0.dim.0.1.running_mean', 'decoder.dense_head.heads_list.0.dim.0.1.running_var', 'decoder.dense_head.heads_list.0.dim.1.weight', 'decoder.dense_head.heads_list.0.dim.1.bias', 'decoder.dense_head.heads_list.0.rot.0.0.weight', 'decoder.dense_head.heads_list.0.rot.0.0.bias', 'decoder.dense_head.heads_list.0.rot.0.1.weight', 'decoder.dense_head.heads_list.0.rot.0.1.bias', 'decoder.dense_head.heads_list.0.rot.0.1.running_mean', 'decoder.dense_head.heads_list.0.rot.0.1.running_var', 'decoder.dense_head.heads_list.0.rot.1.weight', 'decoder.dense_head.heads_list.0.rot.1.bias', 'decoder.dense_head.heads_list.0.vel.0.0.weight', 'decoder.dense_head.heads_list.0.vel.0.0.bias', 'decoder.dense_head.heads_list.0.vel.0.1.weight', 'decoder.dense_head.heads_list.0.vel.0.1.bias', 'decoder.dense_head.heads_list.0.vel.0.1.running_mean', 'decoder.dense_head.heads_list.0.vel.0.1.running_var', 'decoder.dense_head.heads_list.0.vel.1.weight', 'decoder.dense_head.heads_list.0.vel.1.bias', 'decoder.dense_head.heads_list.0.hm.0.0.weight', 'decoder.dense_head.heads_list.0.hm.0.0.bias', 'decoder.dense_head.heads_list.0.hm.0.1.weight', 'decoder.dense_head.heads_list.0.hm.0.1.bias', 'decoder.dense_head.heads_list.0.hm.0.1.running_mean', 'decoder.dense_head.heads_list.0.hm.0.1.running_var', 'decoder.dense_head.heads_list.0.hm.1.weight', 'decoder.dense_head.heads_list.0.hm.1.bias', 'decoder.dense_head.heads_list.1.center.0.0.weight', 'decoder.dense_head.heads_list.1.center.0.0.bias', 'decoder.dense_head.heads_list.1.center.0.1.weight', 'decoder.dense_head.heads_list.1.center.0.1.bias', 'decoder.dense_head.heads_list.1.center.0.1.running_mean', 'decoder.dense_head.heads_list.1.center.0.1.running_var', 'decoder.dense_head.heads_list.1.center.1.weight', 'decoder.dense_head.heads_list.1.center.1.bias', 'decoder.dense_head.heads_list.1.center_z.0.0.weight', 'decoder.dense_head.heads_list.1.center_z.0.0.bias', 'decoder.dense_head.heads_list.1.center_z.0.1.weight', 'decoder.dense_head.heads_list.1.center_z.0.1.bias', 'decoder.dense_head.heads_list.1.center_z.0.1.running_mean', 'decoder.dense_head.heads_list.1.center_z.0.1.running_var', 'decoder.dense_head.heads_list.1.center_z.1.weight', 'decoder.dense_head.heads_list.1.center_z.1.bias', 'decoder.dense_head.heads_list.1.dim.0.0.weight', 'decoder.dense_head.heads_list.1.dim.0.0.bias', 'decoder.dense_head.heads_list.1.dim.0.1.weight', 'decoder.dense_head.heads_list.1.dim.0.1.bias', 'decoder.dense_head.heads_list.1.dim.0.1.running_mean', 'decoder.dense_head.heads_list.1.dim.0.1.running_var', 'decoder.dense_head.heads_list.1.dim.1.weight', 'decoder.dense_head.heads_list.1.dim.1.bias', 'decoder.dense_head.heads_list.1.rot.0.0.weight', 'decoder.dense_head.heads_list.1.rot.0.0.bias', 'decoder.dense_head.heads_list.1.rot.0.1.weight', 'decoder.dense_head.heads_list.1.rot.0.1.bias', 'decoder.dense_head.heads_list.1.rot.0.1.running_mean', 'decoder.dense_head.heads_list.1.rot.0.1.running_var', 'decoder.dense_head.heads_list.1.rot.1.weight', 'decoder.dense_head.heads_list.1.rot.1.bias', 'decoder.dense_head.heads_list.1.vel.0.0.weight', 'decoder.dense_head.heads_list.1.vel.0.0.bias', 'decoder.dense_head.heads_list.1.vel.0.1.weight', 'decoder.dense_head.heads_list.1.vel.0.1.bias', 'decoder.dense_head.heads_list.1.vel.0.1.running_mean', 'decoder.dense_head.heads_list.1.vel.0.1.running_var', 'decoder.dense_head.heads_list.1.vel.1.weight', 'decoder.dense_head.heads_list.1.vel.1.bias', 'decoder.dense_head.heads_list.1.hm.0.0.weight', 'decoder.dense_head.heads_list.1.hm.0.0.bias', 'decoder.dense_head.heads_list.1.hm.0.1.weight', 'decoder.dense_head.heads_list.1.hm.0.1.bias', 'decoder.dense_head.heads_list.1.hm.0.1.running_mean', 'decoder.dense_head.heads_list.1.hm.0.1.running_var', 'decoder.dense_head.heads_list.1.hm.1.weight', 'decoder.dense_head.heads_list.1.hm.1.bias', 'decoder.dense_head.heads_list.2.center.0.0.weight', 'decoder.dense_head.heads_list.2.center.0.0.bias', 'decoder.dense_head.heads_list.2.center.0.1.weight', 'decoder.dense_head.heads_list.2.center.0.1.bias', 'decoder.dense_head.heads_list.2.center.0.1.running_mean', 'decoder.dense_head.heads_list.2.center.0.1.running_var', 'decoder.dense_head.heads_list.2.center.1.weight', 'decoder.dense_head.heads_list.2.center.1.bias', 'decoder.dense_head.heads_list.2.center_z.0.0.weight', 'decoder.dense_head.heads_list.2.center_z.0.0.bias', 'decoder.dense_head.heads_list.2.center_z.0.1.weight', 'decoder.dense_head.heads_list.2.center_z.0.1.bias', 'decoder.dense_head.heads_list.2.center_z.0.1.running_mean', 'decoder.dense_head.heads_list.2.center_z.0.1.running_var', 'decoder.dense_head.heads_list.2.center_z.1.weight', 'decoder.dense_head.heads_list.2.center_z.1.bias', 'decoder.dense_head.heads_list.2.dim.0.0.weight', 'decoder.dense_head.heads_list.2.dim.0.0.bias', 'decoder.dense_head.heads_list.2.dim.0.1.weight', 'decoder.dense_head.heads_list.2.dim.0.1.bias', 'decoder.dense_head.heads_list.2.dim.0.1.running_mean', 'decoder.dense_head.heads_list.2.dim.0.1.running_var', 'decoder.dense_head.heads_list.2.dim.1.weight', 'decoder.dense_head.heads_list.2.dim.1.bias', 'decoder.dense_head.heads_list.2.rot.0.0.weight', 'decoder.dense_head.heads_list.2.rot.0.0.bias', 'decoder.dense_head.heads_list.2.rot.0.1.weight', 'decoder.dense_head.heads_list.2.rot.0.1.bias', 'decoder.dense_head.heads_list.2.rot.0.1.running_mean', 'decoder.dense_head.heads_list.2.rot.0.1.running_var', 'decoder.dense_head.heads_list.2.rot.1.weight', 'decoder.dense_head.heads_list.2.rot.1.bias', 'decoder.dense_head.heads_list.2.vel.0.0.weight', 'decoder.dense_head.heads_list.2.vel.0.0.bias', 'decoder.dense_head.heads_list.2.vel.0.1.weight', 'decoder.dense_head.heads_list.2.vel.0.1.bias', 'decoder.dense_head.heads_list.2.vel.0.1.running_mean', 'decoder.dense_head.heads_list.2.vel.0.1.running_var', 'decoder.dense_head.heads_list.2.vel.1.weight', 'decoder.dense_head.heads_list.2.vel.1.bias', 'decoder.dense_head.heads_list.2.hm.0.0.weight', 'decoder.dense_head.heads_list.2.hm.0.0.bias', 'decoder.dense_head.heads_list.2.hm.0.1.weight', 'decoder.dense_head.heads_list.2.hm.0.1.bias', 'decoder.dense_head.heads_list.2.hm.0.1.running_mean', 'decoder.dense_head.heads_list.2.hm.0.1.running_var', 'decoder.dense_head.heads_list.2.hm.1.weight', 'decoder.dense_head.heads_list.2.hm.1.bias', 'decoder.dense_head.heads_list.3.center.0.0.weight', 'decoder.dense_head.heads_list.3.center.0.0.bias', 'decoder.dense_head.heads_list.3.center.0.1.weight', 'decoder.dense_head.heads_list.3.center.0.1.bias', 'decoder.dense_head.heads_list.3.center.0.1.running_mean', 'decoder.dense_head.heads_list.3.center.0.1.running_var', 'decoder.dense_head.heads_list.3.center.1.weight', 'decoder.dense_head.heads_list.3.center.1.bias', 'decoder.dense_head.heads_list.3.center_z.0.0.weight', 'decoder.dense_head.heads_list.3.center_z.0.0.bias', 'decoder.dense_head.heads_list.3.center_z.0.1.weight', 'decoder.dense_head.heads_list.3.center_z.0.1.bias', 'decoder.dense_head.heads_list.3.center_z.0.1.running_mean', 'decoder.dense_head.heads_list.3.center_z.0.1.running_var', 'decoder.dense_head.heads_list.3.center_z.1.weight', 'decoder.dense_head.heads_list.3.center_z.1.bias', 'decoder.dense_head.heads_list.3.dim.0.0.weight', 'decoder.dense_head.heads_list.3.dim.0.0.bias', 'decoder.dense_head.heads_list.3.dim.0.1.weight', 'decoder.dense_head.heads_list.3.dim.0.1.bias', 'decoder.dense_head.heads_list.3.dim.0.1.running_mean', 'decoder.dense_head.heads_list.3.dim.0.1.running_var', 'decoder.dense_head.heads_list.3.dim.1.weight', 'decoder.dense_head.heads_list.3.dim.1.bias', 'decoder.dense_head.heads_list.3.rot.0.0.weight', 'decoder.dense_head.heads_list.3.rot.0.0.bias', 'decoder.dense_head.heads_list.3.rot.0.1.weight', 'decoder.dense_head.heads_list.3.rot.0.1.bias', 'decoder.dense_head.heads_list.3.rot.0.1.running_mean', 'decoder.dense_head.heads_list.3.rot.0.1.running_var', 'decoder.dense_head.heads_list.3.rot.1.weight', 'decoder.dense_head.heads_list.3.rot.1.bias', 'decoder.dense_head.heads_list.3.vel.0.0.weight', 'decoder.dense_head.heads_list.3.vel.0.0.bias', 'decoder.dense_head.heads_list.3.vel.0.1.weight', 'decoder.dense_head.heads_list.3.vel.0.1.bias', 'decoder.dense_head.heads_list.3.vel.0.1.running_mean', 'decoder.dense_head.heads_list.3.vel.0.1.running_var', 'decoder.dense_head.heads_list.3.vel.1.weight', 'decoder.dense_head.heads_list.3.vel.1.bias', 'decoder.dense_head.heads_list.3.hm.0.0.weight', 'decoder.dense_head.heads_list.3.hm.0.0.bias', 'decoder.dense_head.heads_list.3.hm.0.1.weight', 'decoder.dense_head.heads_list.3.hm.0.1.bias', 'decoder.dense_head.heads_list.3.hm.0.1.running_mean', 'decoder.dense_head.heads_list.3.hm.0.1.running_var', 'decoder.dense_head.heads_list.3.hm.1.weight', 'decoder.dense_head.heads_list.3.hm.1.bias', 'decoder.dense_head.heads_list.4.center.0.0.weight', 'decoder.dense_head.heads_list.4.center.0.0.bias', 'decoder.dense_head.heads_list.4.center.0.1.weight', 'decoder.dense_head.heads_list.4.center.0.1.bias', 'decoder.dense_head.heads_list.4.center.0.1.running_mean', 'decoder.dense_head.heads_list.4.center.0.1.running_var', 'decoder.dense_head.heads_list.4.center.1.weight', 'decoder.dense_head.heads_list.4.center.1.bias', 'decoder.dense_head.heads_list.4.center_z.0.0.weight', 'decoder.dense_head.heads_list.4.center_z.0.0.bias', 'decoder.dense_head.heads_list.4.center_z.0.1.weight', 'decoder.dense_head.heads_list.4.center_z.0.1.bias', 'decoder.dense_head.heads_list.4.center_z.0.1.running_mean', 'decoder.dense_head.heads_list.4.center_z.0.1.running_var', 'decoder.dense_head.heads_list.4.center_z.1.weight', 'decoder.dense_head.heads_list.4.center_z.1.bias', 'decoder.dense_head.heads_list.4.dim.0.0.weight', 'decoder.dense_head.heads_list.4.dim.0.0.bias', 'decoder.dense_head.heads_list.4.dim.0.1.weight', 'decoder.dense_head.heads_list.4.dim.0.1.bias', 'decoder.dense_head.heads_list.4.dim.0.1.running_mean', 'decoder.dense_head.heads_list.4.dim.0.1.running_var', 'decoder.dense_head.heads_list.4.dim.1.weight', 'decoder.dense_head.heads_list.4.dim.1.bias', 'decoder.dense_head.heads_list.4.rot.0.0.weight', 'decoder.dense_head.heads_list.4.rot.0.0.bias', 'decoder.dense_head.heads_list.4.rot.0.1.weight', 'decoder.dense_head.heads_list.4.rot.0.1.bias', 'decoder.dense_head.heads_list.4.rot.0.1.running_mean', 'decoder.dense_head.heads_list.4.rot.0.1.running_var', 'decoder.dense_head.heads_list.4.rot.1.weight', 'decoder.dense_head.heads_list.4.rot.1.bias', 'decoder.dense_head.heads_list.4.vel.0.0.weight', 'decoder.dense_head.heads_list.4.vel.0.0.bias', 'decoder.dense_head.heads_list.4.vel.0.1.weight', 'decoder.dense_head.heads_list.4.vel.0.1.bias', 'decoder.dense_head.heads_list.4.vel.0.1.running_mean', 'decoder.dense_head.heads_list.4.vel.0.1.running_var', 'decoder.dense_head.heads_list.4.vel.1.weight', 'decoder.dense_head.heads_list.4.vel.1.bias', 'decoder.dense_head.heads_list.4.hm.0.0.weight', 'decoder.dense_head.heads_list.4.hm.0.0.bias', 'decoder.dense_head.heads_list.4.hm.0.1.weight', 'decoder.dense_head.heads_list.4.hm.0.1.bias', 'decoder.dense_head.heads_list.4.hm.0.1.running_mean', 'decoder.dense_head.heads_list.4.hm.0.1.running_var', 'decoder.dense_head.heads_list.4.hm.1.weight', 'decoder.dense_head.heads_list.4.hm.1.bias', 'decoder.dense_head.heads_list.5.center.0.0.weight', 'decoder.dense_head.heads_list.5.center.0.0.bias', 'decoder.dense_head.heads_list.5.center.0.1.weight', 'decoder.dense_head.heads_list.5.center.0.1.bias', 'decoder.dense_head.heads_list.5.center.0.1.running_mean', 'decoder.dense_head.heads_list.5.center.0.1.running_var', 'decoder.dense_head.heads_list.5.center.1.weight', 'decoder.dense_head.heads_list.5.center.1.bias', 'decoder.dense_head.heads_list.5.center_z.0.0.weight', 'decoder.dense_head.heads_list.5.center_z.0.0.bias', 'decoder.dense_head.heads_list.5.center_z.0.1.weight', 'decoder.dense_head.heads_list.5.center_z.0.1.bias', 'decoder.dense_head.heads_list.5.center_z.0.1.running_mean', 'decoder.dense_head.heads_list.5.center_z.0.1.running_var', 'decoder.dense_head.heads_list.5.center_z.1.weight', 'decoder.dense_head.heads_list.5.center_z.1.bias', 'decoder.dense_head.heads_list.5.dim.0.0.weight', 'decoder.dense_head.heads_list.5.dim.0.0.bias', 'decoder.dense_head.heads_list.5.dim.0.1.weight', 'decoder.dense_head.heads_list.5.dim.0.1.bias', 'decoder.dense_head.heads_list.5.dim.0.1.running_mean', 'decoder.dense_head.heads_list.5.dim.0.1.running_var', 'decoder.dense_head.heads_list.5.dim.1.weight', 'decoder.dense_head.heads_list.5.dim.1.bias', 'decoder.dense_head.heads_list.5.rot.0.0.weight', 'decoder.dense_head.heads_list.5.rot.0.0.bias', 'decoder.dense_head.heads_list.5.rot.0.1.weight', 'decoder.dense_head.heads_list.5.rot.0.1.bias', 'decoder.dense_head.heads_list.5.rot.0.1.running_mean', 'decoder.dense_head.heads_list.5.rot.0.1.running_var', 'decoder.dense_head.heads_list.5.rot.1.weight', 'decoder.dense_head.heads_list.5.rot.1.bias', 'decoder.dense_head.heads_list.5.vel.0.0.weight', 'decoder.dense_head.heads_list.5.vel.0.0.bias', 'decoder.dense_head.heads_list.5.vel.0.1.weight', 'decoder.dense_head.heads_list.5.vel.0.1.bias', 'decoder.dense_head.heads_list.5.vel.0.1.running_mean', 'decoder.dense_head.heads_list.5.vel.0.1.running_var', 'decoder.dense_head.heads_list.5.vel.1.weight', 'decoder.dense_head.heads_list.5.vel.1.bias', 'decoder.dense_head.heads_list.5.hm.0.0.weight', 'decoder.dense_head.heads_list.5.hm.0.0.bias', 'decoder.dense_head.heads_list.5.hm.0.1.weight', 'decoder.dense_head.heads_list.5.hm.0.1.bias', 'decoder.dense_head.heads_list.5.hm.0.1.running_mean', 'decoder.dense_head.heads_list.5.hm.0.1.running_var', 'decoder.dense_head.heads_list.5.hm.1.weight', 'decoder.dense_head.heads_list.5.hm.1.bias', 'map_decoder.pts_bbox_head.code_weights', 'map_decoder.pts_bbox_head.loss_seg.loss_fn.pos_weight', 'map_decoder.pts_bbox_head.loss_pv_seg.loss_fn.pos_weight', 'map_decoder.pts_bbox_head.map_adapter_layers.0.0.weight', 'map_decoder.pts_bbox_head.map_adapter_layers.0.0.bias', 'map_decoder.pts_bbox_head.map_adapter_layers.0.1.weight', 'map_decoder.pts_bbox_head.map_adapter_layers.0.1.bias', 'map_decoder.pts_bbox_head.map_adapter_layers.0.1.running_mean', 'map_decoder.pts_bbox_head.map_adapter_layers.0.1.running_var', 'map_decoder.pts_bbox_head.map_adapter_layers.1.weight', 'map_decoder.pts_bbox_head.map_adapter_layers.1.bias', 'map_decoder.pts_bbox_head.cls_branches.0.weight', 'map_decoder.pts_bbox_head.cls_branches.0.bias', 'map_decoder.pts_bbox_head.cls_branches.1.weight', 'map_decoder.pts_bbox_head.cls_branches.1.bias', 'map_decoder.pts_bbox_head.cls_branches.3.weight', 'map_decoder.pts_bbox_head.cls_branches.3.bias', 'map_decoder.pts_bbox_head.cls_branches.4.weight', 'map_decoder.pts_bbox_head.cls_branches.4.bias', 'map_decoder.pts_bbox_head.cls_branches.6.weight', 'map_decoder.pts_bbox_head.cls_branches.6.bias', 'map_decoder.pts_bbox_head.reg_branches.0.weight', 'map_decoder.pts_bbox_head.reg_branches.0.bias', 'map_decoder.pts_bbox_head.reg_branches.2.weight', 'map_decoder.pts_bbox_head.reg_branches.2.bias', 'map_decoder.pts_bbox_head.reg_branches.4.weight', 'map_decoder.pts_bbox_head.reg_branches.4.bias', 'map_decoder.pts_bbox_head.reg_branches.6.weight', 'map_decoder.pts_bbox_head.reg_branches.6.bias', 'planner_head.ego_query.weight', 'planner_head.ego_agent_decoder.layers.0.attentions.0.attn.in_proj_weight', 'planner_head.ego_agent_decoder.layers.0.attentions.0.attn.in_proj_bias', 'planner_head.ego_agent_decoder.layers.0.attentions.0.attn.out_proj.weight', 'planner_head.ego_agent_decoder.layers.0.attentions.0.attn.out_proj.bias', 'planner_head.ego_agent_decoder.layers.0.ffns.0.layers.0.0.weight', 'planner_head.ego_agent_decoder.layers.0.ffns.0.layers.0.0.bias', 'planner_head.ego_agent_decoder.layers.0.ffns.0.layers.1.weight', 'planner_head.ego_agent_decoder.layers.0.ffns.0.layers.1.bias', 'planner_head.ego_agent_decoder.layers.0.norms.0.weight', 'planner_head.ego_agent_decoder.layers.0.norms.0.bias', 'planner_head.ego_agent_decoder.layers.0.norms.1.weight', 'planner_head.ego_agent_decoder.layers.0.norms.1.bias', 'planner_head.ego_map_decoder.layers.0.attentions.0.attn.in_proj_weight', 'planner_head.ego_map_decoder.layers.0.attentions.0.attn.in_proj_bias', 'planner_head.ego_map_decoder.layers.0.attentions.0.attn.out_proj.weight', 'planner_head.ego_map_decoder.layers.0.attentions.0.attn.out_proj.bias', 'planner_head.ego_map_decoder.layers.0.ffns.0.layers.0.0.weight', 'planner_head.ego_map_decoder.layers.0.ffns.0.layers.0.0.bias', 'planner_head.ego_map_decoder.layers.0.ffns.0.layers.1.weight', 'planner_head.ego_map_decoder.layers.0.ffns.0.layers.1.bias', 'planner_head.ego_map_decoder.layers.0.norms.0.weight', 'planner_head.ego_map_decoder.layers.0.norms.0.bias', 'planner_head.ego_map_decoder.layers.0.norms.1.weight', 'planner_head.ego_map_decoder.layers.0.norms.1.bias', 'planner_head.ego_gaussian_decoder.layers.0.attentions.0.attn.in_proj_weight', 'planner_head.ego_gaussian_decoder.layers.0.attentions.0.attn.in_proj_bias', 'planner_head.ego_gaussian_decoder.layers.0.attentions.0.attn.out_proj.weight', 'planner_head.ego_gaussian_decoder.layers.0.attentions.0.attn.out_proj.bias', 'planner_head.ego_gaussian_decoder.layers.0.ffns.0.layers.0.0.weight', 'planner_head.ego_gaussian_decoder.layers.0.ffns.0.layers.0.0.bias', 'planner_head.ego_gaussian_decoder.layers.0.ffns.0.layers.1.weight', 'planner_head.ego_gaussian_decoder.layers.0.ffns.0.layers.1.bias', 'planner_head.ego_gaussian_decoder.layers.0.norms.0.weight', 'planner_head.ego_gaussian_decoder.layers.0.norms.0.bias', 'planner_head.ego_gaussian_decoder.layers.0.norms.1.weight', 'planner_head.ego_gaussian_decoder.layers.0.norms.1.bias', 'planner_head.ego_fut_decoder.0.weight', 'planner_head.ego_fut_decoder.0.bias', 'planner_head.ego_fut_decoder.2.weight', 'planner_head.ego_fut_decoder.2.bias', 'planner_head.ego_fut_decoder.4.weight', 'planner_head.ego_fut_decoder.4.bias', 'planner_head.agent_fus_mlp.0.weight', 'planner_head.agent_fus_mlp.0.bias', 'planner_head.agent_fus_mlp.1.weight', 'planner_head.agent_fus_mlp.1.bias', 'planner_head.agent_fus_mlp.3.weight', 'planner_head.agent_fus_mlp.3.bias', 'planner_head.map_fus_mlp.0.weight', 'planner_head.map_fus_mlp.0.bias', 'planner_head.map_fus_mlp.1.weight', 'planner_head.map_fus_mlp.1.bias', 'planner_head.map_fus_mlp.3.weight', 'planner_head.map_fus_mlp.3.bias', 'planner_head.gaussian_fus_mlp.0.weight', 'planner_head.gaussian_fus_mlp.0.bias', 'planner_head.gaussian_fus_mlp.1.weight', 'planner_head.gaussian_fus_mlp.1.bias', 'planner_head.gaussian_fus_mlp.3.weight', 'planner_head.gaussian_fus_mlp.3.bias'], unexpected_keys=['bbox_head.bld_alpha', 'bbox_head.cls_convs.0.conv.weight', 'bbox_head.cls_convs.0.conv.bias', 'bbox_head.cls_convs.0.gn.weight', 'bbox_head.cls_convs.0.gn.bias', 'bbox_head.cls_convs.1.conv.weight', 'bbox_head.cls_convs.1.conv.bias', 'bbox_head.cls_convs.1.conv.conv_offset.weight', 'bbox_head.cls_convs.1.conv.conv_offset.bias', 'bbox_head.cls_convs.1.gn.weight', 'bbox_head.cls_convs.1.gn.bias', 'bbox_head.reg_convs.0.conv.weight', 'bbox_head.reg_convs.0.conv.bias', 'bbox_head.reg_convs.0.gn.weight', 'bbox_head.reg_convs.0.gn.bias', 'bbox_head.reg_convs.1.conv.weight', 'bbox_head.reg_convs.1.conv.bias', 'bbox_head.reg_convs.1.conv.conv_offset.weight', 'bbox_head.reg_convs.1.conv.conv_offset.bias', 'bbox_head.reg_convs.1.gn.weight', 'bbox_head.reg_convs.1.gn.bias', 'bbox_head.conv_cls_prev.0.conv.weight', 'bbox_head.conv_cls_prev.0.conv.bias', 'bbox_head.conv_cls_prev.0.gn.weight', 'bbox_head.conv_cls_prev.0.gn.bias', 'bbox_head.conv_cls.weight', 'bbox_head.conv_cls.bias', 'bbox_head.conv_reg_prevs.0.0.conv.weight', 'bbox_head.conv_reg_prevs.0.0.conv.bias', 'bbox_head.conv_reg_prevs.0.0.gn.weight', 'bbox_head.conv_reg_prevs.0.0.gn.bias', 'bbox_head.conv_reg_prevs.1.0.conv.weight', 'bbox_head.conv_reg_prevs.1.0.conv.bias', 'bbox_head.conv_reg_prevs.1.0.gn.weight', 'bbox_head.conv_reg_prevs.1.0.gn.bias', 'bbox_head.conv_reg_prevs.2.0.conv.weight', 'bbox_head.conv_reg_prevs.2.0.conv.bias', 'bbox_head.conv_reg_prevs.2.0.gn.weight', 'bbox_head.conv_reg_prevs.2.0.gn.bias', 'bbox_head.conv_reg_prevs.3.0.conv.weight', 'bbox_head.conv_reg_prevs.3.0.conv.bias', 'bbox_head.conv_reg_prevs.3.0.gn.weight', 'bbox_head.conv_reg_prevs.3.0.gn.bias', 'bbox_head.conv_reg_prevs.5.0.conv.weight', 'bbox_head.conv_reg_prevs.5.0.conv.bias', 'bbox_head.conv_reg_prevs.5.0.gn.weight', 'bbox_head.conv_reg_prevs.5.0.gn.bias', 'bbox_head.conv_regs.0.weight', 'bbox_head.conv_regs.0.bias', 'bbox_head.conv_regs.1.weight', 'bbox_head.conv_regs.1.bias', 'bbox_head.conv_regs.2.weight', 'bbox_head.conv_regs.2.bias', 'bbox_head.conv_regs.3.weight', 'bbox_head.conv_regs.3.bias', 'bbox_head.conv_regs.4.weight', 'bbox_head.conv_regs.4.bias', 'bbox_head.conv_regs.5.weight', 'bbox_head.conv_regs.5.bias', 'bbox_head.conv_dir_cls_prev.0.conv.weight', 'bbox_head.conv_dir_cls_prev.0.conv.bias', 'bbox_head.conv_dir_cls_prev.0.gn.weight', 'bbox_head.conv_dir_cls_prev.0.gn.bias', 'bbox_head.conv_dir_cls.weight', 'bbox_head.conv_dir_cls.bias', 'bbox_head.conv_attr_prev.0.conv.weight', 'bbox_head.conv_attr_prev.0.conv.bias', 'bbox_head.conv_attr_prev.0.gn.weight', 'bbox_head.conv_attr_prev.0.gn.bias', 'bbox_head.conv_attr.weight', 'bbox_head.conv_attr.bias', 'bbox_head.conv_depth_cls_prev.0.conv.weight', 'bbox_head.conv_depth_cls_prev.0.conv.bias', 'bbox_head.conv_depth_cls_prev.0.gn.weight', 'bbox_head.conv_depth_cls_prev.0.gn.bias', 'bbox_head.conv_depth_cls.weight', 'bbox_head.conv_depth_cls.bias', 'bbox_head.conv_centerness_prev.0.conv.weight', 'bbox_head.conv_centerness_prev.0.conv.bias', 'bbox_head.conv_centerness_prev.0.gn.weight', 'bbox_head.conv_centerness_prev.0.gn.bias', 'bbox_head.conv_centerness.weight', 'bbox_head.conv_centerness.bias', 'bbox_head.scales.0.0.scale', 'bbox_head.scales.0.1.scale', 'bbox_head.scales.0.2.scale', 'bbox_head.scales.0.3.scale', 'bbox_head.scales.1.0.scale', 'bbox_head.scales.1.1.scale', 'bbox_head.scales.1.2.scale', 'bbox_head.scales.1.3.scale', 'bbox_head.scales.2.0.scale', 'bbox_head.scales.2.1.scale', 'bbox_head.scales.2.2.scale', 'bbox_head.scales.2.3.scale', 'bbox_head.scales.3.0.scale', 'bbox_head.scales.3.1.scale', 'bbox_head.scales.3.2.scale', 'bbox_head.scales.3.3.scale', 'bbox_head.scales.4.0.scale', 'bbox_head.scales.4.1.scale', 'bbox_head.scales.4.2.scale', 'bbox_head.scales.4.3.scale'])
tensor([1.0155, 1.0690, 1.3001, 1.0725, 0.9464, 1.1009, 1.2696, 1.0626, 1.1890,
        1.0622, 1.0060, 0.8571, 1.0392, 0.9087, 0.8936, 0.8549, 0.8528, 0.5000])
tensor([1.0155, 1.0690, 1.3001, 1.0725, 0.9464, 1.1009, 1.2696, 1.0626, 1.1890,
        1.0622, 1.0060, 0.8571, 1.0392, 0.9087, 0.8936, 0.8549, 0.8528, 0.5000])
_IncompatibleKeys(missing_keys=['img_neck.lateral_convs.0.conv.weight', 'img_neck.lateral_convs.0.conv.bias', 'img_neck.lateral_convs.1.conv.weight', 'img_neck.lateral_convs.1.conv.bias', 'img_neck.lateral_convs.2.conv.weight', 'img_neck.lateral_convs.2.conv.bias', 'img_neck.fpn_convs.0.conv.weight', 'img_neck.fpn_convs.0.conv.bias', 'img_neck.fpn_convs.1.conv.weight', 'img_neck.fpn_convs.1.conv.bias', 'img_neck.fpn_convs.2.conv.weight', 'img_neck.fpn_convs.2.conv.bias', 'img_neck.fpn_convs.3.conv.weight', 'img_neck.fpn_convs.3.conv.bias', 'lifter.anchor_non_xyz', 'encoder.anchor_encoder.xyz_fc.0.weight', 'encoder.anchor_encoder.xyz_fc.0.bias', 'encoder.anchor_encoder.xyz_fc.2.weight', 'encoder.anchor_encoder.xyz_fc.2.bias', 'encoder.anchor_encoder.xyz_fc.3.weight', 'encoder.anchor_encoder.xyz_fc.3.bias', 'encoder.anchor_encoder.xyz_fc.5.weight', 'encoder.anchor_encoder.xyz_fc.5.bias', 'encoder.anchor_encoder.scale_fc.0.weight', 'encoder.anchor_encoder.scale_fc.0.bias', 'encoder.anchor_encoder.scale_fc.2.weight', 'encoder.anchor_encoder.scale_fc.2.bias', 'encoder.anchor_encoder.scale_fc.3.weight', 'encoder.anchor_encoder.scale_fc.3.bias', 'encoder.anchor_encoder.scale_fc.5.weight', 'encoder.anchor_encoder.scale_fc.5.bias', 'encoder.anchor_encoder.rot_fc.0.weight', 'encoder.anchor_encoder.rot_fc.0.bias', 'encoder.anchor_encoder.rot_fc.2.weight', 'encoder.anchor_encoder.rot_fc.2.bias', 'encoder.anchor_encoder.rot_fc.3.weight', 'encoder.anchor_encoder.rot_fc.3.bias', 'encoder.anchor_encoder.rot_fc.5.weight', 'encoder.anchor_encoder.rot_fc.5.bias', 'encoder.anchor_encoder.opacity_fc.0.weight', 'encoder.anchor_encoder.opacity_fc.0.bias', 'encoder.anchor_encoder.opacity_fc.2.weight', 'encoder.anchor_encoder.opacity_fc.2.bias', 'encoder.anchor_encoder.opacity_fc.3.weight', 'encoder.anchor_encoder.opacity_fc.3.bias', 'encoder.anchor_encoder.opacity_fc.5.weight', 'encoder.anchor_encoder.opacity_fc.5.bias', 'encoder.anchor_encoder.semantics_fc.0.weight', 'encoder.anchor_encoder.semantics_fc.0.bias', 'encoder.anchor_encoder.semantics_fc.2.weight', 'encoder.anchor_encoder.semantics_fc.2.bias', 'encoder.anchor_encoder.semantics_fc.3.weight', 'encoder.anchor_encoder.semantics_fc.3.bias', 'encoder.anchor_encoder.semantics_fc.5.weight', 'encoder.anchor_encoder.semantics_fc.5.bias', 'encoder.anchor_encoder.offset_fc.0.weight', 'encoder.anchor_encoder.offset_fc.0.bias', 'encoder.anchor_encoder.offset_fc.2.weight', 'encoder.anchor_encoder.offset_fc.2.bias', 'encoder.anchor_encoder.offset_fc.3.weight', 'encoder.anchor_encoder.offset_fc.3.bias', 'encoder.anchor_encoder.offset_fc.5.weight', 'encoder.anchor_encoder.offset_fc.5.bias', 'encoder.anchor_encoder.output_fc.0.weight', 'encoder.anchor_encoder.output_fc.0.bias', 'encoder.anchor_encoder.output_fc.2.weight', 'encoder.anchor_encoder.output_fc.2.bias', 'encoder.anchor_encoder.output_fc.3.weight', 'encoder.anchor_encoder.output_fc.3.bias', 'encoder.anchor_encoder.output_fc.5.weight', 'encoder.anchor_encoder.output_fc.5.bias', 'encoder.layers.0.kps_generator.learnable_fc.weight', 'encoder.layers.0.kps_generator.learnable_fc.bias', 'encoder.layers.0.output_proj.weight', 'encoder.layers.0.output_proj.bias', 'encoder.layers.0.camera_encoder.0.weight', 'encoder.layers.0.camera_encoder.0.bias', 'encoder.layers.0.camera_encoder.2.weight', 'encoder.layers.0.camera_encoder.2.bias', 'encoder.layers.0.camera_encoder.3.weight', 'encoder.layers.0.camera_encoder.3.bias', 'encoder.layers.0.camera_encoder.5.weight', 'encoder.layers.0.camera_encoder.5.bias', 'encoder.layers.0.weights_fc.weight', 'encoder.layers.0.weights_fc.bias', 'encoder.layers.1.pre_norm.weight', 'encoder.layers.1.pre_norm.bias', 'encoder.layers.1.layers.0.0.weight', 'encoder.layers.1.layers.0.0.bias', 'encoder.layers.1.layers.1.weight', 'encoder.layers.1.layers.1.bias', 'encoder.layers.1.identity_fc.weight', 'encoder.layers.1.identity_fc.bias', 'encoder.layers.2.weight', 'encoder.layers.2.bias', 'encoder.layers.3.layers.0.weight', 'encoder.layers.3.layers.0.bias', 'encoder.layers.3.layers.2.weight', 'encoder.layers.3.layers.2.bias', 'encoder.layers.3.layers.4.weight', 'encoder.layers.3.layers.4.bias', 'encoder.layers.3.layers.5.weight', 'encoder.layers.3.layers.5.bias', 'encoder.layers.3.layers.7.weight', 'encoder.layers.3.layers.7.bias', 'encoder.layers.3.layers.9.weight', 'encoder.layers.3.layers.9.bias', 'encoder.layers.3.layers.10.weight', 'encoder.layers.3.layers.10.bias', 'encoder.layers.3.layers.11.scale', 'encoder.layers.4.layers.0.weight', 'encoder.layers.4.layers.0.bias', 'encoder.layers.4.layers.1.weight', 'encoder.layers.4.layers.1.bias', 'encoder.layers.4.layers.3.weight', 'encoder.layers.4.layers.3.bias', 'encoder.layers.4.layers.4.weight', 'encoder.layers.4.layers.4.bias', 'encoder.layers.4.layers.6.weight', 'encoder.layers.4.layers.6.bias', 'encoder.layers.4.layers.7.weight', 'encoder.layers.4.layers.7.bias', 'encoder.layers.4.output_proj.weight', 'encoder.layers.4.output_proj.bias', 'encoder.layers.5.weight', 'encoder.layers.5.bias', 'encoder.layers.6.kps_generator.learnable_fc.weight', 'encoder.layers.6.kps_generator.learnable_fc.bias', 'encoder.layers.6.output_proj.weight', 'encoder.layers.6.output_proj.bias', 'encoder.layers.6.camera_encoder.0.weight', 'encoder.layers.6.camera_encoder.0.bias', 'encoder.layers.6.camera_encoder.2.weight', 'encoder.layers.6.camera_encoder.2.bias', 'encoder.layers.6.camera_encoder.3.weight', 'encoder.layers.6.camera_encoder.3.bias', 'encoder.layers.6.camera_encoder.5.weight', 'encoder.layers.6.camera_encoder.5.bias', 'encoder.layers.6.weights_fc.weight', 'encoder.layers.6.weights_fc.bias', 'encoder.layers.7.pre_norm.weight', 'encoder.layers.7.pre_norm.bias', 'encoder.layers.7.layers.0.0.weight', 'encoder.layers.7.layers.0.0.bias', 'encoder.layers.7.layers.1.weight', 'encoder.layers.7.layers.1.bias', 'encoder.layers.7.identity_fc.weight', 'encoder.layers.7.identity_fc.bias', 'encoder.layers.8.weight', 'encoder.layers.8.bias', 'encoder.layers.9.layers.0.weight', 'encoder.layers.9.layers.0.bias', 'encoder.layers.9.layers.2.weight', 'encoder.layers.9.layers.2.bias', 'encoder.layers.9.layers.4.weight', 'encoder.layers.9.layers.4.bias', 'encoder.layers.9.layers.5.weight', 'encoder.layers.9.layers.5.bias', 'encoder.layers.9.layers.7.weight', 'encoder.layers.9.layers.7.bias', 'encoder.layers.9.layers.9.weight', 'encoder.layers.9.layers.9.bias', 'encoder.layers.9.layers.10.weight', 'encoder.layers.9.layers.10.bias', 'encoder.layers.9.layers.11.scale', 'encoder.layers.10.layers.0.weight', 'encoder.layers.10.layers.0.bias', 'encoder.layers.10.layers.1.weight', 'encoder.layers.10.layers.1.bias', 'encoder.layers.10.layers.3.weight', 'encoder.layers.10.layers.3.bias', 'encoder.layers.10.layers.4.weight', 'encoder.layers.10.layers.4.bias', 'encoder.layers.10.layers.6.weight', 'encoder.layers.10.layers.6.bias', 'encoder.layers.10.layers.7.weight', 'encoder.layers.10.layers.7.bias', 'encoder.layers.10.output_proj.weight', 'encoder.layers.10.output_proj.bias', 'encoder.layers.11.weight', 'encoder.layers.11.bias', 'encoder.layers.12.kps_generator.learnable_fc.weight', 'encoder.layers.12.kps_generator.learnable_fc.bias', 'encoder.layers.12.output_proj.weight', 'encoder.layers.12.output_proj.bias', 'encoder.layers.12.camera_encoder.0.weight', 'encoder.layers.12.camera_encoder.0.bias', 'encoder.layers.12.camera_encoder.2.weight', 'encoder.layers.12.camera_encoder.2.bias', 'encoder.layers.12.camera_encoder.3.weight', 'encoder.layers.12.camera_encoder.3.bias', 'encoder.layers.12.camera_encoder.5.weight', 'encoder.layers.12.camera_encoder.5.bias', 'encoder.layers.12.weights_fc.weight', 'encoder.layers.12.weights_fc.bias', 'encoder.layers.13.pre_norm.weight', 'encoder.layers.13.pre_norm.bias', 'encoder.layers.13.layers.0.0.weight', 'encoder.layers.13.layers.0.0.bias', 'encoder.layers.13.layers.1.weight', 'encoder.layers.13.layers.1.bias', 'encoder.layers.13.identity_fc.weight', 'encoder.layers.13.identity_fc.bias', 'encoder.layers.14.weight', 'encoder.layers.14.bias', 'encoder.layers.15.layers.0.weight', 'encoder.layers.15.layers.0.bias', 'encoder.layers.15.layers.2.weight', 'encoder.layers.15.layers.2.bias', 'encoder.layers.15.layers.4.weight', 'encoder.layers.15.layers.4.bias', 'encoder.layers.15.layers.5.weight', 'encoder.layers.15.layers.5.bias', 'encoder.layers.15.layers.7.weight', 'encoder.layers.15.layers.7.bias', 'encoder.layers.15.layers.9.weight', 'encoder.layers.15.layers.9.bias', 'encoder.layers.15.layers.10.weight', 'encoder.layers.15.layers.10.bias', 'encoder.layers.15.layers.11.scale', 'encoder.layers.16.layers.0.weight', 'encoder.layers.16.layers.0.bias', 'encoder.layers.16.layers.1.weight', 'encoder.layers.16.layers.1.bias', 'encoder.layers.16.layers.3.weight', 'encoder.layers.16.layers.3.bias', 'encoder.layers.16.layers.4.weight', 'encoder.layers.16.layers.4.bias', 'encoder.layers.16.layers.6.weight', 'encoder.layers.16.layers.6.bias', 'encoder.layers.16.layers.7.weight', 'encoder.layers.16.layers.7.bias', 'encoder.layers.16.output_proj.weight', 'encoder.layers.16.output_proj.bias', 'encoder.layers.17.weight', 'encoder.layers.17.bias', 'encoder.layers.18.kps_generator.learnable_fc.weight', 'encoder.layers.18.kps_generator.learnable_fc.bias', 'encoder.layers.18.output_proj.weight', 'encoder.layers.18.output_proj.bias', 'encoder.layers.18.camera_encoder.0.weight', 'encoder.layers.18.camera_encoder.0.bias', 'encoder.layers.18.camera_encoder.2.weight', 'encoder.layers.18.camera_encoder.2.bias', 'encoder.layers.18.camera_encoder.3.weight', 'encoder.layers.18.camera_encoder.3.bias', 'encoder.layers.18.camera_encoder.5.weight', 'encoder.layers.18.camera_encoder.5.bias', 'encoder.layers.18.weights_fc.weight', 'encoder.layers.18.weights_fc.bias', 'encoder.layers.19.pre_norm.weight', 'encoder.layers.19.pre_norm.bias', 'encoder.layers.19.layers.0.0.weight', 'encoder.layers.19.layers.0.0.bias', 'encoder.layers.19.layers.1.weight', 'encoder.layers.19.layers.1.bias', 'encoder.layers.19.identity_fc.weight', 'encoder.layers.19.identity_fc.bias', 'encoder.layers.20.weight', 'encoder.layers.20.bias', 'encoder.layers.21.layers.0.weight', 'encoder.layers.21.layers.0.bias', 'encoder.layers.21.layers.2.weight', 'encoder.layers.21.layers.2.bias', 'encoder.layers.21.layers.4.weight', 'encoder.layers.21.layers.4.bias', 'encoder.layers.21.layers.5.weight', 'encoder.layers.21.layers.5.bias', 'encoder.layers.21.layers.7.weight', 'encoder.layers.21.layers.7.bias', 'encoder.layers.21.layers.9.weight', 'encoder.layers.21.layers.9.bias', 'encoder.layers.21.layers.10.weight', 'encoder.layers.21.layers.10.bias', 'encoder.layers.21.layers.11.scale', 'temporal_encoder.anchor_encoder.xyz_fc.0.weight', 'temporal_encoder.anchor_encoder.xyz_fc.0.bias', 'temporal_encoder.anchor_encoder.xyz_fc.2.weight', 'temporal_encoder.anchor_encoder.xyz_fc.2.bias', 'temporal_encoder.anchor_encoder.xyz_fc.3.weight', 'temporal_encoder.anchor_encoder.xyz_fc.3.bias', 'temporal_encoder.anchor_encoder.xyz_fc.5.weight', 'temporal_encoder.anchor_encoder.xyz_fc.5.bias', 'temporal_encoder.anchor_encoder.scale_fc.0.weight', 'temporal_encoder.anchor_encoder.scale_fc.0.bias', 'temporal_encoder.anchor_encoder.scale_fc.2.weight', 'temporal_encoder.anchor_encoder.scale_fc.2.bias', 'temporal_encoder.anchor_encoder.scale_fc.3.weight', 'temporal_encoder.anchor_encoder.scale_fc.3.bias', 'temporal_encoder.anchor_encoder.scale_fc.5.weight', 'temporal_encoder.anchor_encoder.scale_fc.5.bias', 'temporal_encoder.anchor_encoder.rot_fc.0.weight', 'temporal_encoder.anchor_encoder.rot_fc.0.bias', 'temporal_encoder.anchor_encoder.rot_fc.2.weight', 'temporal_encoder.anchor_encoder.rot_fc.2.bias', 'temporal_encoder.anchor_encoder.rot_fc.3.weight', 'temporal_encoder.anchor_encoder.rot_fc.3.bias', 'temporal_encoder.anchor_encoder.rot_fc.5.weight', 'temporal_encoder.anchor_encoder.rot_fc.5.bias', 'temporal_encoder.anchor_encoder.opacity_fc.0.weight', 'temporal_encoder.anchor_encoder.opacity_fc.0.bias', 'temporal_encoder.anchor_encoder.opacity_fc.2.weight', 'temporal_encoder.anchor_encoder.opacity_fc.2.bias', 'temporal_encoder.anchor_encoder.opacity_fc.3.weight', 'temporal_encoder.anchor_encoder.opacity_fc.3.bias', 'temporal_encoder.anchor_encoder.opacity_fc.5.weight', 'temporal_encoder.anchor_encoder.opacity_fc.5.bias', 'temporal_encoder.anchor_encoder.semantics_fc.0.weight', 'temporal_encoder.anchor_encoder.semantics_fc.0.bias', 'temporal_encoder.anchor_encoder.semantics_fc.2.weight', 'temporal_encoder.anchor_encoder.semantics_fc.2.bias', 'temporal_encoder.anchor_encoder.semantics_fc.3.weight', 'temporal_encoder.anchor_encoder.semantics_fc.3.bias', 'temporal_encoder.anchor_encoder.semantics_fc.5.weight', 'temporal_encoder.anchor_encoder.semantics_fc.5.bias', 'temporal_encoder.anchor_encoder.offset_fc.0.weight', 'temporal_encoder.anchor_encoder.offset_fc.0.bias', 'temporal_encoder.anchor_encoder.offset_fc.2.weight', 'temporal_encoder.anchor_encoder.offset_fc.2.bias', 'temporal_encoder.anchor_encoder.offset_fc.3.weight', 'temporal_encoder.anchor_encoder.offset_fc.3.bias', 'temporal_encoder.anchor_encoder.offset_fc.5.weight', 'temporal_encoder.anchor_encoder.offset_fc.5.bias', 'temporal_encoder.anchor_encoder.output_fc.0.weight', 'temporal_encoder.anchor_encoder.output_fc.0.bias', 'temporal_encoder.anchor_encoder.output_fc.2.weight', 'temporal_encoder.anchor_encoder.output_fc.2.bias', 'temporal_encoder.anchor_encoder.output_fc.3.weight', 'temporal_encoder.anchor_encoder.output_fc.3.bias', 'temporal_encoder.anchor_encoder.output_fc.5.weight', 'temporal_encoder.anchor_encoder.output_fc.5.bias', 'temporal_encoder.layers.0.layers.0.weight', 'temporal_encoder.layers.0.layers.1.weight', 'temporal_encoder.layers.0.layers.1.bias', 'temporal_encoder.layers.0.layers.3.weight', 'temporal_encoder.layers.0.layers.4.weight', 'temporal_encoder.layers.0.layers.4.bias', 'temporal_encoder.layers.0.layers.6.weight', 'temporal_encoder.layers.0.layers.7.weight', 'temporal_encoder.layers.0.layers.7.bias', 'temporal_encoder.layers.0.output_proj.weight', 'temporal_encoder.layers.0.output_proj.bias', 'temporal_encoder.layers.1.layers.0.weight', 'temporal_encoder.layers.1.layers.0.bias', 'temporal_encoder.layers.1.layers.2.weight', 'temporal_encoder.layers.1.layers.2.bias', 'temporal_encoder.layers.1.layers.4.weight', 'temporal_encoder.layers.1.layers.4.bias', 'temporal_encoder.layers.1.layers.5.weight', 'temporal_encoder.layers.1.layers.5.bias', 'temporal_encoder.layers.1.layers.7.weight', 'temporal_encoder.layers.1.layers.7.bias', 'temporal_encoder.layers.1.layers.9.weight', 'temporal_encoder.layers.1.layers.9.bias', 'temporal_encoder.layers.1.layers.10.weight', 'temporal_encoder.layers.1.layers.10.bias', 'temporal_encoder.layers.1.layers.11.scale', 'temporal_encoder.layers.2.layers.0.weight', 'temporal_encoder.layers.2.layers.1.weight', 'temporal_encoder.layers.2.layers.1.bias', 'temporal_encoder.layers.2.layers.3.weight', 'temporal_encoder.layers.2.layers.4.weight', 'temporal_encoder.layers.2.layers.4.bias', 'temporal_encoder.layers.2.layers.6.weight', 'temporal_encoder.layers.2.layers.7.weight', 'temporal_encoder.layers.2.layers.7.bias', 'temporal_encoder.layers.2.output_proj.weight', 'temporal_encoder.layers.2.output_proj.bias', 'temporal_encoder.layers.3.layers.0.weight', 'temporal_encoder.layers.3.layers.0.bias', 'temporal_encoder.layers.3.layers.2.weight', 'temporal_encoder.layers.3.layers.2.bias', 'temporal_encoder.layers.3.layers.4.weight', 'temporal_encoder.layers.3.layers.4.bias', 'temporal_encoder.layers.3.layers.5.weight', 'temporal_encoder.layers.3.layers.5.bias', 'temporal_encoder.layers.3.layers.7.weight', 'temporal_encoder.layers.3.layers.7.bias', 'temporal_encoder.layers.3.layers.9.weight', 'temporal_encoder.layers.3.layers.9.bias', 'temporal_encoder.layers.3.layers.10.weight', 'temporal_encoder.layers.3.layers.10.bias', 'temporal_encoder.layers.3.layers.11.scale', 'temporal_encoder.layers.4.layers.0.weight', 'temporal_encoder.layers.4.layers.1.weight', 'temporal_encoder.layers.4.layers.1.bias', 'temporal_encoder.layers.4.layers.3.weight', 'temporal_encoder.layers.4.layers.4.weight', 'temporal_encoder.layers.4.layers.4.bias', 'temporal_encoder.layers.4.layers.6.weight', 'temporal_encoder.layers.4.layers.7.weight', 'temporal_encoder.layers.4.layers.7.bias', 'temporal_encoder.layers.4.output_proj.weight', 'temporal_encoder.layers.4.output_proj.bias', 'temporal_encoder.layers.5.layers.0.weight', 'temporal_encoder.layers.5.layers.0.bias', 'temporal_encoder.layers.5.layers.2.weight', 'temporal_encoder.layers.5.layers.2.bias', 'temporal_encoder.layers.5.layers.4.weight', 'temporal_encoder.layers.5.layers.4.bias', 'temporal_encoder.layers.5.layers.5.weight', 'temporal_encoder.layers.5.layers.5.bias', 'temporal_encoder.layers.5.layers.7.weight', 'temporal_encoder.layers.5.layers.7.bias', 'temporal_encoder.layers.5.layers.9.weight', 'temporal_encoder.layers.5.layers.9.bias', 'temporal_encoder.layers.5.layers.10.weight', 'temporal_encoder.layers.5.layers.10.bias', 'temporal_encoder.layers.5.layers.11.scale', 'head.empty_scalar', 'head.empty_mean', 'head.empty_scale', 'head.empty_rot', 'head.empty_sem', 'head.empty_opa', 'head.pc_min', 'head.grid_size', 'head.zero_tensor', 'head.aggregator.pc_min', 'decoder.global_step', 'decoder.backbone_3d.conv_input.0.weight', 'decoder.backbone_3d.conv_input.1.weight', 'decoder.backbone_3d.conv_input.1.bias', 'decoder.backbone_3d.conv_input.1.running_mean', 'decoder.backbone_3d.conv_input.1.running_var', 'decoder.backbone_3d.conv1.0.conv1.weight', 'decoder.backbone_3d.conv1.0.conv1.bias', 'decoder.backbone_3d.conv1.0.bn1.weight', 'decoder.backbone_3d.conv1.0.bn1.bias', 'decoder.backbone_3d.conv1.0.bn1.running_mean', 'decoder.backbone_3d.conv1.0.bn1.running_var', 'decoder.backbone_3d.conv1.0.conv2.weight', 'decoder.backbone_3d.conv1.0.conv2.bias', 'decoder.backbone_3d.conv1.0.bn2.weight', 'decoder.backbone_3d.conv1.0.bn2.bias', 'decoder.backbone_3d.conv1.0.bn2.running_mean', 'decoder.backbone_3d.conv1.0.bn2.running_var', 'decoder.backbone_3d.conv1.1.conv1.weight', 'decoder.backbone_3d.conv1.1.conv1.bias', 'decoder.backbone_3d.conv1.1.bn1.weight', 'decoder.backbone_3d.conv1.1.bn1.bias', 'decoder.backbone_3d.conv1.1.bn1.running_mean', 'decoder.backbone_3d.conv1.1.bn1.running_var', 'decoder.backbone_3d.conv1.1.conv2.weight', 'decoder.backbone_3d.conv1.1.conv2.bias', 'decoder.backbone_3d.conv1.1.bn2.weight', 'decoder.backbone_3d.conv1.1.bn2.bias', 'decoder.backbone_3d.conv1.1.bn2.running_mean', 'decoder.backbone_3d.conv1.1.bn2.running_var', 'decoder.backbone_3d.conv2.0.0.weight', 'decoder.backbone_3d.conv2.0.1.weight', 'decoder.backbone_3d.conv2.0.1.bias', 'decoder.backbone_3d.conv2.0.1.running_mean', 'decoder.backbone_3d.conv2.0.1.running_var', 'decoder.backbone_3d.conv2.1.conv1.weight', 'decoder.backbone_3d.conv2.1.conv1.bias', 'decoder.backbone_3d.conv2.1.bn1.weight', 'decoder.backbone_3d.conv2.1.bn1.bias', 'decoder.backbone_3d.conv2.1.bn1.running_mean', 'decoder.backbone_3d.conv2.1.bn1.running_var', 'decoder.backbone_3d.conv2.1.conv2.weight', 'decoder.backbone_3d.conv2.1.conv2.bias', 'decoder.backbone_3d.conv2.1.bn2.weight', 'decoder.backbone_3d.conv2.1.bn2.bias', 'decoder.backbone_3d.conv2.1.bn2.running_mean', 'decoder.backbone_3d.conv2.1.bn2.running_var', 'decoder.backbone_3d.conv2.2.conv1.weight', 'decoder.backbone_3d.conv2.2.conv1.bias', 'decoder.backbone_3d.conv2.2.bn1.weight', 'decoder.backbone_3d.conv2.2.bn1.bias', 'decoder.backbone_3d.conv2.2.bn1.running_mean', 'decoder.backbone_3d.conv2.2.bn1.running_var', 'decoder.backbone_3d.conv2.2.conv2.weight', 'decoder.backbone_3d.conv2.2.conv2.bias', 'decoder.backbone_3d.conv2.2.bn2.weight', 'decoder.backbone_3d.conv2.2.bn2.bias', 'decoder.backbone_3d.conv2.2.bn2.running_mean', 'decoder.backbone_3d.conv2.2.bn2.running_var', 'decoder.backbone_3d.conv3.0.0.weight', 'decoder.backbone_3d.conv3.0.1.weight', 'decoder.backbone_3d.conv3.0.1.bias', 'decoder.backbone_3d.conv3.0.1.running_mean', 'decoder.backbone_3d.conv3.0.1.running_var', 'decoder.backbone_3d.conv3.1.conv1.weight', 'decoder.backbone_3d.conv3.1.conv1.bias', 'decoder.backbone_3d.conv3.1.bn1.weight', 'decoder.backbone_3d.conv3.1.bn1.bias', 'decoder.backbone_3d.conv3.1.bn1.running_mean', 'decoder.backbone_3d.conv3.1.bn1.running_var', 'decoder.backbone_3d.conv3.1.conv2.weight', 'decoder.backbone_3d.conv3.1.conv2.bias', 'decoder.backbone_3d.conv3.1.bn2.weight', 'decoder.backbone_3d.conv3.1.bn2.bias', 'decoder.backbone_3d.conv3.1.bn2.running_mean', 'decoder.backbone_3d.conv3.1.bn2.running_var', 'decoder.backbone_3d.conv3.2.conv1.weight', 'decoder.backbone_3d.conv3.2.conv1.bias', 'decoder.backbone_3d.conv3.2.bn1.weight', 'decoder.backbone_3d.conv3.2.bn1.bias', 'decoder.backbone_3d.conv3.2.bn1.running_mean', 'decoder.backbone_3d.conv3.2.bn1.running_var', 'decoder.backbone_3d.conv3.2.conv2.weight', 'decoder.backbone_3d.conv3.2.conv2.bias', 'decoder.backbone_3d.conv3.2.bn2.weight', 'decoder.backbone_3d.conv3.2.bn2.bias', 'decoder.backbone_3d.conv3.2.bn2.running_mean', 'decoder.backbone_3d.conv3.2.bn2.running_var', 'decoder.backbone_3d.conv4.0.0.weight', 'decoder.backbone_3d.conv4.0.1.weight', 'decoder.backbone_3d.conv4.0.1.bias', 'decoder.backbone_3d.conv4.0.1.running_mean', 'decoder.backbone_3d.conv4.0.1.running_var', 'decoder.backbone_3d.conv4.1.conv1.weight', 'decoder.backbone_3d.conv4.1.conv1.bias', 'decoder.backbone_3d.conv4.1.bn1.weight', 'decoder.backbone_3d.conv4.1.bn1.bias', 'decoder.backbone_3d.conv4.1.bn1.running_mean', 'decoder.backbone_3d.conv4.1.bn1.running_var', 'decoder.backbone_3d.conv4.1.conv2.weight', 'decoder.backbone_3d.conv4.1.conv2.bias', 'decoder.backbone_3d.conv4.1.bn2.weight', 'decoder.backbone_3d.conv4.1.bn2.bias', 'decoder.backbone_3d.conv4.1.bn2.running_mean', 'decoder.backbone_3d.conv4.1.bn2.running_var', 'decoder.backbone_3d.conv4.2.conv1.weight', 'decoder.backbone_3d.conv4.2.conv1.bias', 'decoder.backbone_3d.conv4.2.bn1.weight', 'decoder.backbone_3d.conv4.2.bn1.bias', 'decoder.backbone_3d.conv4.2.bn1.running_mean', 'decoder.backbone_3d.conv4.2.bn1.running_var', 'decoder.backbone_3d.conv4.2.conv2.weight', 'decoder.backbone_3d.conv4.2.conv2.bias', 'decoder.backbone_3d.conv4.2.bn2.weight', 'decoder.backbone_3d.conv4.2.bn2.bias', 'decoder.backbone_3d.conv4.2.bn2.running_mean', 'decoder.backbone_3d.conv4.2.bn2.running_var', 'decoder.backbone_3d.conv5.0.0.weight', 'decoder.backbone_3d.conv5.0.1.weight', 'decoder.backbone_3d.conv5.0.1.bias', 'decoder.backbone_3d.conv5.0.1.running_mean', 'decoder.backbone_3d.conv5.0.1.running_var', 'decoder.backbone_3d.conv5.1.conv1.weight', 'decoder.backbone_3d.conv5.1.conv1.bias', 'decoder.backbone_3d.conv5.1.bn1.weight', 'decoder.backbone_3d.conv5.1.bn1.bias', 'decoder.backbone_3d.conv5.1.bn1.running_mean', 'decoder.backbone_3d.conv5.1.bn1.running_var', 'decoder.backbone_3d.conv5.1.conv2.weight', 'decoder.backbone_3d.conv5.1.conv2.bias', 'decoder.backbone_3d.conv5.1.bn2.weight', 'decoder.backbone_3d.conv5.1.bn2.bias', 'decoder.backbone_3d.conv5.1.bn2.running_mean', 'decoder.backbone_3d.conv5.1.bn2.running_var', 'decoder.backbone_3d.conv5.2.conv1.weight', 'decoder.backbone_3d.conv5.2.conv1.bias', 'decoder.backbone_3d.conv5.2.bn1.weight', 'decoder.backbone_3d.conv5.2.bn1.bias', 'decoder.backbone_3d.conv5.2.bn1.running_mean', 'decoder.backbone_3d.conv5.2.bn1.running_var', 'decoder.backbone_3d.conv5.2.conv2.weight', 'decoder.backbone_3d.conv5.2.conv2.bias', 'decoder.backbone_3d.conv5.2.bn2.weight', 'decoder.backbone_3d.conv5.2.bn2.bias', 'decoder.backbone_3d.conv5.2.bn2.running_mean', 'decoder.backbone_3d.conv5.2.bn2.running_var', 'decoder.backbone_3d.conv6.0.0.weight', 'decoder.backbone_3d.conv6.0.1.weight', 'decoder.backbone_3d.conv6.0.1.bias', 'decoder.backbone_3d.conv6.0.1.running_mean', 'decoder.backbone_3d.conv6.0.1.running_var', 'decoder.backbone_3d.conv6.1.conv1.weight', 'decoder.backbone_3d.conv6.1.conv1.bias', 'decoder.backbone_3d.conv6.1.bn1.weight', 'decoder.backbone_3d.conv6.1.bn1.bias', 'decoder.backbone_3d.conv6.1.bn1.running_mean', 'decoder.backbone_3d.conv6.1.bn1.running_var', 'decoder.backbone_3d.conv6.1.conv2.weight', 'decoder.backbone_3d.conv6.1.conv2.bias', 'decoder.backbone_3d.conv6.1.bn2.weight', 'decoder.backbone_3d.conv6.1.bn2.bias', 'decoder.backbone_3d.conv6.1.bn2.running_mean', 'decoder.backbone_3d.conv6.1.bn2.running_var', 'decoder.backbone_3d.conv6.2.conv1.weight', 'decoder.backbone_3d.conv6.2.conv1.bias', 'decoder.backbone_3d.conv6.2.bn1.weight', 'decoder.backbone_3d.conv6.2.bn1.bias', 'decoder.backbone_3d.conv6.2.bn1.running_mean', 'decoder.backbone_3d.conv6.2.bn1.running_var', 'decoder.backbone_3d.conv6.2.conv2.weight', 'decoder.backbone_3d.conv6.2.conv2.bias', 'decoder.backbone_3d.conv6.2.bn2.weight', 'decoder.backbone_3d.conv6.2.bn2.bias', 'decoder.backbone_3d.conv6.2.bn2.running_mean', 'decoder.backbone_3d.conv6.2.bn2.running_var', 'decoder.backbone_3d.conv_out.0.weight', 'decoder.backbone_3d.conv_out.1.weight', 'decoder.backbone_3d.conv_out.1.bias', 'decoder.backbone_3d.conv_out.1.running_mean', 'decoder.backbone_3d.conv_out.1.running_var', 'decoder.backbone_3d.shared_conv.0.weight', 'decoder.backbone_3d.shared_conv.0.bias', 'decoder.backbone_3d.shared_conv.1.weight', 'decoder.backbone_3d.shared_conv.1.bias', 'decoder.backbone_3d.shared_conv.1.running_mean', 'decoder.backbone_3d.shared_conv.1.running_var', 'decoder.dense_head.heads_list.0.center.0.0.weight', 'decoder.dense_head.heads_list.0.center.0.0.bias', 'decoder.dense_head.heads_list.0.center.0.1.weight', 'decoder.dense_head.heads_list.0.center.0.1.bias', 'decoder.dense_head.heads_list.0.center.0.1.running_mean', 'decoder.dense_head.heads_list.0.center.0.1.running_var', 'decoder.dense_head.heads_list.0.center.1.weight', 'decoder.dense_head.heads_list.0.center.1.bias', 'decoder.dense_head.heads_list.0.center_z.0.0.weight', 'decoder.dense_head.heads_list.0.center_z.0.0.bias', 'decoder.dense_head.heads_list.0.center_z.0.1.weight', 'decoder.dense_head.heads_list.0.center_z.0.1.bias', 'decoder.dense_head.heads_list.0.center_z.0.1.running_mean', 'decoder.dense_head.heads_list.0.center_z.0.1.running_var', 'decoder.dense_head.heads_list.0.center_z.1.weight', 'decoder.dense_head.heads_list.0.center_z.1.bias', 'decoder.dense_head.heads_list.0.dim.0.0.weight', 'decoder.dense_head.heads_list.0.dim.0.0.bias', 'decoder.dense_head.heads_list.0.dim.0.1.weight', 'decoder.dense_head.heads_list.0.dim.0.1.bias', 'decoder.dense_head.heads_list.0.dim.0.1.running_mean', 'decoder.dense_head.heads_list.0.dim.0.1.running_var', 'decoder.dense_head.heads_list.0.dim.1.weight', 'decoder.dense_head.heads_list.0.dim.1.bias', 'decoder.dense_head.heads_list.0.rot.0.0.weight', 'decoder.dense_head.heads_list.0.rot.0.0.bias', 'decoder.dense_head.heads_list.0.rot.0.1.weight', 'decoder.dense_head.heads_list.0.rot.0.1.bias', 'decoder.dense_head.heads_list.0.rot.0.1.running_mean', 'decoder.dense_head.heads_list.0.rot.0.1.running_var', 'decoder.dense_head.heads_list.0.rot.1.weight', 'decoder.dense_head.heads_list.0.rot.1.bias', 'decoder.dense_head.heads_list.0.vel.0.0.weight', 'decoder.dense_head.heads_list.0.vel.0.0.bias', 'decoder.dense_head.heads_list.0.vel.0.1.weight', 'decoder.dense_head.heads_list.0.vel.0.1.bias', 'decoder.dense_head.heads_list.0.vel.0.1.running_mean', 'decoder.dense_head.heads_list.0.vel.0.1.running_var', 'decoder.dense_head.heads_list.0.vel.1.weight', 'decoder.dense_head.heads_list.0.vel.1.bias', 'decoder.dense_head.heads_list.0.hm.0.0.weight', 'decoder.dense_head.heads_list.0.hm.0.0.bias', 'decoder.dense_head.heads_list.0.hm.0.1.weight', 'decoder.dense_head.heads_list.0.hm.0.1.bias', 'decoder.dense_head.heads_list.0.hm.0.1.running_mean', 'decoder.dense_head.heads_list.0.hm.0.1.running_var', 'decoder.dense_head.heads_list.0.hm.1.weight', 'decoder.dense_head.heads_list.0.hm.1.bias', 'decoder.dense_head.heads_list.1.center.0.0.weight', 'decoder.dense_head.heads_list.1.center.0.0.bias', 'decoder.dense_head.heads_list.1.center.0.1.weight', 'decoder.dense_head.heads_list.1.center.0.1.bias', 'decoder.dense_head.heads_list.1.center.0.1.running_mean', 'decoder.dense_head.heads_list.1.center.0.1.running_var', 'decoder.dense_head.heads_list.1.center.1.weight', 'decoder.dense_head.heads_list.1.center.1.bias', 'decoder.dense_head.heads_list.1.center_z.0.0.weight', 'decoder.dense_head.heads_list.1.center_z.0.0.bias', 'decoder.dense_head.heads_list.1.center_z.0.1.weight', 'decoder.dense_head.heads_list.1.center_z.0.1.bias', 'decoder.dense_head.heads_list.1.center_z.0.1.running_mean', 'decoder.dense_head.heads_list.1.center_z.0.1.running_var', 'decoder.dense_head.heads_list.1.center_z.1.weight', 'decoder.dense_head.heads_list.1.center_z.1.bias', 'decoder.dense_head.heads_list.1.dim.0.0.weight', 'decoder.dense_head.heads_list.1.dim.0.0.bias', 'decoder.dense_head.heads_list.1.dim.0.1.weight', 'decoder.dense_head.heads_list.1.dim.0.1.bias', 'decoder.dense_head.heads_list.1.dim.0.1.running_mean', 'decoder.dense_head.heads_list.1.dim.0.1.running_var', 'decoder.dense_head.heads_list.1.dim.1.weight', 'decoder.dense_head.heads_list.1.dim.1.bias', 'decoder.dense_head.heads_list.1.rot.0.0.weight', 'decoder.dense_head.heads_list.1.rot.0.0.bias', 'decoder.dense_head.heads_list.1.rot.0.1.weight', 'decoder.dense_head.heads_list.1.rot.0.1.bias', 'decoder.dense_head.heads_list.1.rot.0.1.running_mean', 'decoder.dense_head.heads_list.1.rot.0.1.running_var', 'decoder.dense_head.heads_list.1.rot.1.weight', 'decoder.dense_head.heads_list.1.rot.1.bias', 'decoder.dense_head.heads_list.1.vel.0.0.weight', 'decoder.dense_head.heads_list.1.vel.0.0.bias', 'decoder.dense_head.heads_list.1.vel.0.1.weight', 'decoder.dense_head.heads_list.1.vel.0.1.bias', 'decoder.dense_head.heads_list.1.vel.0.1.running_mean', 'decoder.dense_head.heads_list.1.vel.0.1.running_var', 'decoder.dense_head.heads_list.1.vel.1.weight', 'decoder.dense_head.heads_list.1.vel.1.bias', 'decoder.dense_head.heads_list.1.hm.0.0.weight', 'decoder.dense_head.heads_list.1.hm.0.0.bias', 'decoder.dense_head.heads_list.1.hm.0.1.weight', 'decoder.dense_head.heads_list.1.hm.0.1.bias', 'decoder.dense_head.heads_list.1.hm.0.1.running_mean', 'decoder.dense_head.heads_list.1.hm.0.1.running_var', 'decoder.dense_head.heads_list.1.hm.1.weight', 'decoder.dense_head.heads_list.1.hm.1.bias', 'decoder.dense_head.heads_list.2.center.0.0.weight', 'decoder.dense_head.heads_list.2.center.0.0.bias', 'decoder.dense_head.heads_list.2.center.0.1.weight', 'decoder.dense_head.heads_list.2.center.0.1.bias', 'decoder.dense_head.heads_list.2.center.0.1.running_mean', 'decoder.dense_head.heads_list.2.center.0.1.running_var', 'decoder.dense_head.heads_list.2.center.1.weight', 'decoder.dense_head.heads_list.2.center.1.bias', 'decoder.dense_head.heads_list.2.center_z.0.0.weight', 'decoder.dense_head.heads_list.2.center_z.0.0.bias', 'decoder.dense_head.heads_list.2.center_z.0.1.weight', 'decoder.dense_head.heads_list.2.center_z.0.1.bias', 'decoder.dense_head.heads_list.2.center_z.0.1.running_mean', 'decoder.dense_head.heads_list.2.center_z.0.1.running_var', 'decoder.dense_head.heads_list.2.center_z.1.weight', 'decoder.dense_head.heads_list.2.center_z.1.bias', 'decoder.dense_head.heads_list.2.dim.0.0.weight', 'decoder.dense_head.heads_list.2.dim.0.0.bias', 'decoder.dense_head.heads_list.2.dim.0.1.weight', 'decoder.dense_head.heads_list.2.dim.0.1.bias', 'decoder.dense_head.heads_list.2.dim.0.1.running_mean', 'decoder.dense_head.heads_list.2.dim.0.1.running_var', 'decoder.dense_head.heads_list.2.dim.1.weight', 'decoder.dense_head.heads_list.2.dim.1.bias', 'decoder.dense_head.heads_list.2.rot.0.0.weight', 'decoder.dense_head.heads_list.2.rot.0.0.bias', 'decoder.dense_head.heads_list.2.rot.0.1.weight', 'decoder.dense_head.heads_list.2.rot.0.1.bias', 'decoder.dense_head.heads_list.2.rot.0.1.running_mean', 'decoder.dense_head.heads_list.2.rot.0.1.running_var', 'decoder.dense_head.heads_list.2.rot.1.weight', 'decoder.dense_head.heads_list.2.rot.1.bias', 'decoder.dense_head.heads_list.2.vel.0.0.weight', 'decoder.dense_head.heads_list.2.vel.0.0.bias', 'decoder.dense_head.heads_list.2.vel.0.1.weight', 'decoder.dense_head.heads_list.2.vel.0.1.bias', 'decoder.dense_head.heads_list.2.vel.0.1.running_mean', 'decoder.dense_head.heads_list.2.vel.0.1.running_var', 'decoder.dense_head.heads_list.2.vel.1.weight', 'decoder.dense_head.heads_list.2.vel.1.bias', 'decoder.dense_head.heads_list.2.hm.0.0.weight', 'decoder.dense_head.heads_list.2.hm.0.0.bias', 'decoder.dense_head.heads_list.2.hm.0.1.weight', 'decoder.dense_head.heads_list.2.hm.0.1.bias', 'decoder.dense_head.heads_list.2.hm.0.1.running_mean', 'decoder.dense_head.heads_list.2.hm.0.1.running_var', 'decoder.dense_head.heads_list.2.hm.1.weight', 'decoder.dense_head.heads_list.2.hm.1.bias', 'decoder.dense_head.heads_list.3.center.0.0.weight', 'decoder.dense_head.heads_list.3.center.0.0.bias', 'decoder.dense_head.heads_list.3.center.0.1.weight', 'decoder.dense_head.heads_list.3.center.0.1.bias', 'decoder.dense_head.heads_list.3.center.0.1.running_mean', 'decoder.dense_head.heads_list.3.center.0.1.running_var', 'decoder.dense_head.heads_list.3.center.1.weight', 'decoder.dense_head.heads_list.3.center.1.bias', 'decoder.dense_head.heads_list.3.center_z.0.0.weight', 'decoder.dense_head.heads_list.3.center_z.0.0.bias', 'decoder.dense_head.heads_list.3.center_z.0.1.weight', 'decoder.dense_head.heads_list.3.center_z.0.1.bias', 'decoder.dense_head.heads_list.3.center_z.0.1.running_mean', 'decoder.dense_head.heads_list.3.center_z.0.1.running_var', 'decoder.dense_head.heads_list.3.center_z.1.weight', 'decoder.dense_head.heads_list.3.center_z.1.bias', 'decoder.dense_head.heads_list.3.dim.0.0.weight', 'decoder.dense_head.heads_list.3.dim.0.0.bias', 'decoder.dense_head.heads_list.3.dim.0.1.weight', 'decoder.dense_head.heads_list.3.dim.0.1.bias', 'decoder.dense_head.heads_list.3.dim.0.1.running_mean', 'decoder.dense_head.heads_list.3.dim.0.1.running_var', 'decoder.dense_head.heads_list.3.dim.1.weight', 'decoder.dense_head.heads_list.3.dim.1.bias', 'decoder.dense_head.heads_list.3.rot.0.0.weight', 'decoder.dense_head.heads_list.3.rot.0.0.bias', 'decoder.dense_head.heads_list.3.rot.0.1.weight', 'decoder.dense_head.heads_list.3.rot.0.1.bias', 'decoder.dense_head.heads_list.3.rot.0.1.running_mean', 'decoder.dense_head.heads_list.3.rot.0.1.running_var', 'decoder.dense_head.heads_list.3.rot.1.weight', 'decoder.dense_head.heads_list.3.rot.1.bias', 'decoder.dense_head.heads_list.3.vel.0.0.weight', 'decoder.dense_head.heads_list.3.vel.0.0.bias', 'decoder.dense_head.heads_list.3.vel.0.1.weight', 'decoder.dense_head.heads_list.3.vel.0.1.bias', 'decoder.dense_head.heads_list.3.vel.0.1.running_mean', 'decoder.dense_head.heads_list.3.vel.0.1.running_var', 'decoder.dense_head.heads_list.3.vel.1.weight', 'decoder.dense_head.heads_list.3.vel.1.bias', 'decoder.dense_head.heads_list.3.hm.0.0.weight', 'decoder.dense_head.heads_list.3.hm.0.0.bias', 'decoder.dense_head.heads_list.3.hm.0.1.weight', 'decoder.dense_head.heads_list.3.hm.0.1.bias', 'decoder.dense_head.heads_list.3.hm.0.1.running_mean', 'decoder.dense_head.heads_list.3.hm.0.1.running_var', 'decoder.dense_head.heads_list.3.hm.1.weight', 'decoder.dense_head.heads_list.3.hm.1.bias', 'decoder.dense_head.heads_list.4.center.0.0.weight', 'decoder.dense_head.heads_list.4.center.0.0.bias', 'decoder.dense_head.heads_list.4.center.0.1.weight', 'decoder.dense_head.heads_list.4.center.0.1.bias', 'decoder.dense_head.heads_list.4.center.0.1.running_mean', 'decoder.dense_head.heads_list.4.center.0.1.running_var', 'decoder.dense_head.heads_list.4.center.1.weight', 'decoder.dense_head.heads_list.4.center.1.bias', 'decoder.dense_head.heads_list.4.center_z.0.0.weight', 'decoder.dense_head.heads_list.4.center_z.0.0.bias', 'decoder.dense_head.heads_list.4.center_z.0.1.weight', 'decoder.dense_head.heads_list.4.center_z.0.1.bias', 'decoder.dense_head.heads_list.4.center_z.0.1.running_mean', 'decoder.dense_head.heads_list.4.center_z.0.1.running_var', 'decoder.dense_head.heads_list.4.center_z.1.weight', 'decoder.dense_head.heads_list.4.center_z.1.bias', 'decoder.dense_head.heads_list.4.dim.0.0.weight', 'decoder.dense_head.heads_list.4.dim.0.0.bias', 'decoder.dense_head.heads_list.4.dim.0.1.weight', 'decoder.dense_head.heads_list.4.dim.0.1.bias', 'decoder.dense_head.heads_list.4.dim.0.1.running_mean', 'decoder.dense_head.heads_list.4.dim.0.1.running_var', 'decoder.dense_head.heads_list.4.dim.1.weight', 'decoder.dense_head.heads_list.4.dim.1.bias', 'decoder.dense_head.heads_list.4.rot.0.0.weight', 'decoder.dense_head.heads_list.4.rot.0.0.bias', 'decoder.dense_head.heads_list.4.rot.0.1.weight', 'decoder.dense_head.heads_list.4.rot.0.1.bias', 'decoder.dense_head.heads_list.4.rot.0.1.running_mean', 'decoder.dense_head.heads_list.4.rot.0.1.running_var', 'decoder.dense_head.heads_list.4.rot.1.weight', 'decoder.dense_head.heads_list.4.rot.1.bias', 'decoder.dense_head.heads_list.4.vel.0.0.weight', 'decoder.dense_head.heads_list.4.vel.0.0.bias', 'decoder.dense_head.heads_list.4.vel.0.1.weight', 'decoder.dense_head.heads_list.4.vel.0.1.bias', 'decoder.dense_head.heads_list.4.vel.0.1.running_mean', 'decoder.dense_head.heads_list.4.vel.0.1.running_var', 'decoder.dense_head.heads_list.4.vel.1.weight', 'decoder.dense_head.heads_list.4.vel.1.bias', 'decoder.dense_head.heads_list.4.hm.0.0.weight', 'decoder.dense_head.heads_list.4.hm.0.0.bias', 'decoder.dense_head.heads_list.4.hm.0.1.weight', 'decoder.dense_head.heads_list.4.hm.0.1.bias', 'decoder.dense_head.heads_list.4.hm.0.1.running_mean', 'decoder.dense_head.heads_list.4.hm.0.1.running_var', 'decoder.dense_head.heads_list.4.hm.1.weight', 'decoder.dense_head.heads_list.4.hm.1.bias', 'decoder.dense_head.heads_list.5.center.0.0.weight', 'decoder.dense_head.heads_list.5.center.0.0.bias', 'decoder.dense_head.heads_list.5.center.0.1.weight', 'decoder.dense_head.heads_list.5.center.0.1.bias', 'decoder.dense_head.heads_list.5.center.0.1.running_mean', 'decoder.dense_head.heads_list.5.center.0.1.running_var', 'decoder.dense_head.heads_list.5.center.1.weight', 'decoder.dense_head.heads_list.5.center.1.bias', 'decoder.dense_head.heads_list.5.center_z.0.0.weight', 'decoder.dense_head.heads_list.5.center_z.0.0.bias', 'decoder.dense_head.heads_list.5.center_z.0.1.weight', 'decoder.dense_head.heads_list.5.center_z.0.1.bias', 'decoder.dense_head.heads_list.5.center_z.0.1.running_mean', 'decoder.dense_head.heads_list.5.center_z.0.1.running_var', 'decoder.dense_head.heads_list.5.center_z.1.weight', 'decoder.dense_head.heads_list.5.center_z.1.bias', 'decoder.dense_head.heads_list.5.dim.0.0.weight', 'decoder.dense_head.heads_list.5.dim.0.0.bias', 'decoder.dense_head.heads_list.5.dim.0.1.weight', 'decoder.dense_head.heads_list.5.dim.0.1.bias', 'decoder.dense_head.heads_list.5.dim.0.1.running_mean', 'decoder.dense_head.heads_list.5.dim.0.1.running_var', 'decoder.dense_head.heads_list.5.dim.1.weight', 'decoder.dense_head.heads_list.5.dim.1.bias', 'decoder.dense_head.heads_list.5.rot.0.0.weight', 'decoder.dense_head.heads_list.5.rot.0.0.bias', 'decoder.dense_head.heads_list.5.rot.0.1.weight', 'decoder.dense_head.heads_list.5.rot.0.1.bias', 'decoder.dense_head.heads_list.5.rot.0.1.running_mean', 'decoder.dense_head.heads_list.5.rot.0.1.running_var', 'decoder.dense_head.heads_list.5.rot.1.weight', 'decoder.dense_head.heads_list.5.rot.1.bias', 'decoder.dense_head.heads_list.5.vel.0.0.weight', 'decoder.dense_head.heads_list.5.vel.0.0.bias', 'decoder.dense_head.heads_list.5.vel.0.1.weight', 'decoder.dense_head.heads_list.5.vel.0.1.bias', 'decoder.dense_head.heads_list.5.vel.0.1.running_mean', 'decoder.dense_head.heads_list.5.vel.0.1.running_var', 'decoder.dense_head.heads_list.5.vel.1.weight', 'decoder.dense_head.heads_list.5.vel.1.bias', 'decoder.dense_head.heads_list.5.hm.0.0.weight', 'decoder.dense_head.heads_list.5.hm.0.0.bias', 'decoder.dense_head.heads_list.5.hm.0.1.weight', 'decoder.dense_head.heads_list.5.hm.0.1.bias', 'decoder.dense_head.heads_list.5.hm.0.1.running_mean', 'decoder.dense_head.heads_list.5.hm.0.1.running_var', 'decoder.dense_head.heads_list.5.hm.1.weight', 'decoder.dense_head.heads_list.5.hm.1.bias', 'map_decoder.pts_bbox_head.code_weights', 'map_decoder.pts_bbox_head.loss_seg.loss_fn.pos_weight', 'map_decoder.pts_bbox_head.loss_pv_seg.loss_fn.pos_weight', 'map_decoder.pts_bbox_head.map_adapter_layers.0.0.weight', 'map_decoder.pts_bbox_head.map_adapter_layers.0.0.bias', 'map_decoder.pts_bbox_head.map_adapter_layers.0.1.weight', 'map_decoder.pts_bbox_head.map_adapter_layers.0.1.bias', 'map_decoder.pts_bbox_head.map_adapter_layers.0.1.running_mean', 'map_decoder.pts_bbox_head.map_adapter_layers.0.1.running_var', 'map_decoder.pts_bbox_head.map_adapter_layers.1.weight', 'map_decoder.pts_bbox_head.map_adapter_layers.1.bias', 'map_decoder.pts_bbox_head.cls_branches.0.weight', 'map_decoder.pts_bbox_head.cls_branches.0.bias', 'map_decoder.pts_bbox_head.cls_branches.1.weight', 'map_decoder.pts_bbox_head.cls_branches.1.bias', 'map_decoder.pts_bbox_head.cls_branches.3.weight', 'map_decoder.pts_bbox_head.cls_branches.3.bias', 'map_decoder.pts_bbox_head.cls_branches.4.weight', 'map_decoder.pts_bbox_head.cls_branches.4.bias', 'map_decoder.pts_bbox_head.cls_branches.6.weight', 'map_decoder.pts_bbox_head.cls_branches.6.bias', 'map_decoder.pts_bbox_head.reg_branches.0.weight', 'map_decoder.pts_bbox_head.reg_branches.0.bias', 'map_decoder.pts_bbox_head.reg_branches.2.weight', 'map_decoder.pts_bbox_head.reg_branches.2.bias', 'map_decoder.pts_bbox_head.reg_branches.4.weight', 'map_decoder.pts_bbox_head.reg_branches.4.bias', 'map_decoder.pts_bbox_head.reg_branches.6.weight', 'map_decoder.pts_bbox_head.reg_branches.6.bias', 'planner_head.ego_query.weight', 'planner_head.ego_agent_decoder.layers.0.attentions.0.attn.in_proj_weight', 'planner_head.ego_agent_decoder.layers.0.attentions.0.attn.in_proj_bias', 'planner_head.ego_agent_decoder.layers.0.attentions.0.attn.out_proj.weight', 'planner_head.ego_agent_decoder.layers.0.attentions.0.attn.out_proj.bias', 'planner_head.ego_agent_decoder.layers.0.ffns.0.layers.0.0.weight', 'planner_head.ego_agent_decoder.layers.0.ffns.0.layers.0.0.bias', 'planner_head.ego_agent_decoder.layers.0.ffns.0.layers.1.weight', 'planner_head.ego_agent_decoder.layers.0.ffns.0.layers.1.bias', 'planner_head.ego_agent_decoder.layers.0.norms.0.weight', 'planner_head.ego_agent_decoder.layers.0.norms.0.bias', 'planner_head.ego_agent_decoder.layers.0.norms.1.weight', 'planner_head.ego_agent_decoder.layers.0.norms.1.bias', 'planner_head.ego_map_decoder.layers.0.attentions.0.attn.in_proj_weight', 'planner_head.ego_map_decoder.layers.0.attentions.0.attn.in_proj_bias', 'planner_head.ego_map_decoder.layers.0.attentions.0.attn.out_proj.weight', 'planner_head.ego_map_decoder.layers.0.attentions.0.attn.out_proj.bias', 'planner_head.ego_map_decoder.layers.0.ffns.0.layers.0.0.weight', 'planner_head.ego_map_decoder.layers.0.ffns.0.layers.0.0.bias', 'planner_head.ego_map_decoder.layers.0.ffns.0.layers.1.weight', 'planner_head.ego_map_decoder.layers.0.ffns.0.layers.1.bias', 'planner_head.ego_map_decoder.layers.0.norms.0.weight', 'planner_head.ego_map_decoder.layers.0.norms.0.bias', 'planner_head.ego_map_decoder.layers.0.norms.1.weight', 'planner_head.ego_map_decoder.layers.0.norms.1.bias', 'planner_head.ego_gaussian_decoder.layers.0.attentions.0.attn.in_proj_weight', 'planner_head.ego_gaussian_decoder.layers.0.attentions.0.attn.in_proj_bias', 'planner_head.ego_gaussian_decoder.layers.0.attentions.0.attn.out_proj.weight', 'planner_head.ego_gaussian_decoder.layers.0.attentions.0.attn.out_proj.bias', 'planner_head.ego_gaussian_decoder.layers.0.ffns.0.layers.0.0.weight', 'planner_head.ego_gaussian_decoder.layers.0.ffns.0.layers.0.0.bias', 'planner_head.ego_gaussian_decoder.layers.0.ffns.0.layers.1.weight', 'planner_head.ego_gaussian_decoder.layers.0.ffns.0.layers.1.bias', 'planner_head.ego_gaussian_decoder.layers.0.norms.0.weight', 'planner_head.ego_gaussian_decoder.layers.0.norms.0.bias', 'planner_head.ego_gaussian_decoder.layers.0.norms.1.weight', 'planner_head.ego_gaussian_decoder.layers.0.norms.1.bias', 'planner_head.ego_fut_decoder.0.weight', 'planner_head.ego_fut_decoder.0.bias', 'planner_head.ego_fut_decoder.2.weight', 'planner_head.ego_fut_decoder.2.bias', 'planner_head.ego_fut_decoder.4.weight', 'planner_head.ego_fut_decoder.4.bias', 'planner_head.agent_fus_mlp.0.weight', 'planner_head.agent_fus_mlp.0.bias', 'planner_head.agent_fus_mlp.1.weight', 'planner_head.agent_fus_mlp.1.bias', 'planner_head.agent_fus_mlp.3.weight', 'planner_head.agent_fus_mlp.3.bias', 'planner_head.map_fus_mlp.0.weight', 'planner_head.map_fus_mlp.0.bias', 'planner_head.map_fus_mlp.1.weight', 'planner_head.map_fus_mlp.1.bias', 'planner_head.map_fus_mlp.3.weight', 'planner_head.map_fus_mlp.3.bias', 'planner_head.gaussian_fus_mlp.0.weight', 'planner_head.gaussian_fus_mlp.0.bias', 'planner_head.gaussian_fus_mlp.1.weight', 'planner_head.gaussian_fus_mlp.1.bias', 'planner_head.gaussian_fus_mlp.3.weight', 'planner_head.gaussian_fus_mlp.3.bias'], unexpected_keys=['bbox_head.bld_alpha', 'bbox_head.cls_convs.0.conv.weight', 'bbox_head.cls_convs.0.conv.bias', 'bbox_head.cls_convs.0.gn.weight', 'bbox_head.cls_convs.0.gn.bias', 'bbox_head.cls_convs.1.conv.weight', 'bbox_head.cls_convs.1.conv.bias', 'bbox_head.cls_convs.1.conv.conv_offset.weight', 'bbox_head.cls_convs.1.conv.conv_offset.bias', 'bbox_head.cls_convs.1.gn.weight', 'bbox_head.cls_convs.1.gn.bias', 'bbox_head.reg_convs.0.conv.weight', 'bbox_head.reg_convs.0.conv.bias', 'bbox_head.reg_convs.0.gn.weight', 'bbox_head.reg_convs.0.gn.bias', 'bbox_head.reg_convs.1.conv.weight', 'bbox_head.reg_convs.1.conv.bias', 'bbox_head.reg_convs.1.conv.conv_offset.weight', 'bbox_head.reg_convs.1.conv.conv_offset.bias', 'bbox_head.reg_convs.1.gn.weight', 'bbox_head.reg_convs.1.gn.bias', 'bbox_head.conv_cls_prev.0.conv.weight', 'bbox_head.conv_cls_prev.0.conv.bias', 'bbox_head.conv_cls_prev.0.gn.weight', 'bbox_head.conv_cls_prev.0.gn.bias', 'bbox_head.conv_cls.weight', 'bbox_head.conv_cls.bias', 'bbox_head.conv_reg_prevs.0.0.conv.weight', 'bbox_head.conv_reg_prevs.0.0.conv.bias', 'bbox_head.conv_reg_prevs.0.0.gn.weight', 'bbox_head.conv_reg_prevs.0.0.gn.bias', 'bbox_head.conv_reg_prevs.1.0.conv.weight', 'bbox_head.conv_reg_prevs.1.0.conv.bias', 'bbox_head.conv_reg_prevs.1.0.gn.weight', 'bbox_head.conv_reg_prevs.1.0.gn.bias', 'bbox_head.conv_reg_prevs.2.0.conv.weight', 'bbox_head.conv_reg_prevs.2.0.conv.bias', 'bbox_head.conv_reg_prevs.2.0.gn.weight', 'bbox_head.conv_reg_prevs.2.0.gn.bias', 'bbox_head.conv_reg_prevs.3.0.conv.weight', 'bbox_head.conv_reg_prevs.3.0.conv.bias', 'bbox_head.conv_reg_prevs.3.0.gn.weight', 'bbox_head.conv_reg_prevs.3.0.gn.bias', 'bbox_head.conv_reg_prevs.5.0.conv.weight', 'bbox_head.conv_reg_prevs.5.0.conv.bias', 'bbox_head.conv_reg_prevs.5.0.gn.weight', 'bbox_head.conv_reg_prevs.5.0.gn.bias', 'bbox_head.conv_regs.0.weight', 'bbox_head.conv_regs.0.bias', 'bbox_head.conv_regs.1.weight', 'bbox_head.conv_regs.1.bias', 'bbox_head.conv_regs.2.weight', 'bbox_head.conv_regs.2.bias', 'bbox_head.conv_regs.3.weight', 'bbox_head.conv_regs.3.bias', 'bbox_head.conv_regs.4.weight', 'bbox_head.conv_regs.4.bias', 'bbox_head.conv_regs.5.weight', 'bbox_head.conv_regs.5.bias', 'bbox_head.conv_dir_cls_prev.0.conv.weight', 'bbox_head.conv_dir_cls_prev.0.conv.bias', 'bbox_head.conv_dir_cls_prev.0.gn.weight', 'bbox_head.conv_dir_cls_prev.0.gn.bias', 'bbox_head.conv_dir_cls.weight', 'bbox_head.conv_dir_cls.bias', 'bbox_head.conv_attr_prev.0.conv.weight', 'bbox_head.conv_attr_prev.0.conv.bias', 'bbox_head.conv_attr_prev.0.gn.weight', 'bbox_head.conv_attr_prev.0.gn.bias', 'bbox_head.conv_attr.weight', 'bbox_head.conv_attr.bias', 'bbox_head.conv_depth_cls_prev.0.conv.weight', 'bbox_head.conv_depth_cls_prev.0.conv.bias', 'bbox_head.conv_depth_cls_prev.0.gn.weight', 'bbox_head.conv_depth_cls_prev.0.gn.bias', 'bbox_head.conv_depth_cls.weight', 'bbox_head.conv_depth_cls.bias', 'bbox_head.conv_centerness_prev.0.conv.weight', 'bbox_head.conv_centerness_prev.0.conv.bias', 'bbox_head.conv_centerness_prev.0.gn.weight', 'bbox_head.conv_centerness_prev.0.gn.bias', 'bbox_head.conv_centerness.weight', 'bbox_head.conv_centerness.bias', 'bbox_head.scales.0.0.scale', 'bbox_head.scales.0.1.scale', 'bbox_head.scales.0.2.scale', 'bbox_head.scales.0.3.scale', 'bbox_head.scales.1.0.scale', 'bbox_head.scales.1.1.scale', 'bbox_head.scales.1.2.scale', 'bbox_head.scales.1.3.scale', 'bbox_head.scales.2.0.scale', 'bbox_head.scales.2.1.scale', 'bbox_head.scales.2.2.scale', 'bbox_head.scales.2.3.scale', 'bbox_head.scales.3.0.scale', 'bbox_head.scales.3.1.scale', 'bbox_head.scales.3.2.scale', 'bbox_head.scales.3.3.scale', 'bbox_head.scales.4.0.scale', 'bbox_head.scales.4.1.scale', 'bbox_head.scales.4.2.scale', 'bbox_head.scales.4.3.scale'])
tensor([1.0155, 1.0690, 1.3001, 1.0725, 0.9464, 1.1009, 1.2696, 1.0626, 1.1890,
        1.0622, 1.0060, 0.8571, 1.0392, 0.9087, 0.8936, 0.8549, 0.8528, 0.5000])
tensor([1.0155, 1.0690, 1.3001, 1.0725, 0.9464, 1.1009, 1.2696, 1.0626, 1.1890,
        1.0622, 1.0060, 0.8571, 1.0392, 0.9087, 0.8936, 0.8549, 0.8528, 0.5000])
_IncompatibleKeys(missing_keys=['img_neck.lateral_convs.0.conv.weight', 'img_neck.lateral_convs.0.conv.bias', 'img_neck.lateral_convs.1.conv.weight', 'img_neck.lateral_convs.1.conv.bias', 'img_neck.lateral_convs.2.conv.weight', 'img_neck.lateral_convs.2.conv.bias', 'img_neck.fpn_convs.0.conv.weight', 'img_neck.fpn_convs.0.conv.bias', 'img_neck.fpn_convs.1.conv.weight', 'img_neck.fpn_convs.1.conv.bias', 'img_neck.fpn_convs.2.conv.weight', 'img_neck.fpn_convs.2.conv.bias', 'img_neck.fpn_convs.3.conv.weight', 'img_neck.fpn_convs.3.conv.bias', 'lifter.anchor_non_xyz', 'encoder.anchor_encoder.xyz_fc.0.weight', 'encoder.anchor_encoder.xyz_fc.0.bias', 'encoder.anchor_encoder.xyz_fc.2.weight', 'encoder.anchor_encoder.xyz_fc.2.bias', 'encoder.anchor_encoder.xyz_fc.3.weight', 'encoder.anchor_encoder.xyz_fc.3.bias', 'encoder.anchor_encoder.xyz_fc.5.weight', 'encoder.anchor_encoder.xyz_fc.5.bias', 'encoder.anchor_encoder.scale_fc.0.weight', 'encoder.anchor_encoder.scale_fc.0.bias', 'encoder.anchor_encoder.scale_fc.2.weight', 'encoder.anchor_encoder.scale_fc.2.bias', 'encoder.anchor_encoder.scale_fc.3.weight', 'encoder.anchor_encoder.scale_fc.3.bias', 'encoder.anchor_encoder.scale_fc.5.weight', 'encoder.anchor_encoder.scale_fc.5.bias', 'encoder.anchor_encoder.rot_fc.0.weight', 'encoder.anchor_encoder.rot_fc.0.bias', 'encoder.anchor_encoder.rot_fc.2.weight', 'encoder.anchor_encoder.rot_fc.2.bias', 'encoder.anchor_encoder.rot_fc.3.weight', 'encoder.anchor_encoder.rot_fc.3.bias', 'encoder.anchor_encoder.rot_fc.5.weight', 'encoder.anchor_encoder.rot_fc.5.bias', 'encoder.anchor_encoder.opacity_fc.0.weight', 'encoder.anchor_encoder.opacity_fc.0.bias', 'encoder.anchor_encoder.opacity_fc.2.weight', 'encoder.anchor_encoder.opacity_fc.2.bias', 'encoder.anchor_encoder.opacity_fc.3.weight', 'encoder.anchor_encoder.opacity_fc.3.bias', 'encoder.anchor_encoder.opacity_fc.5.weight', 'encoder.anchor_encoder.opacity_fc.5.bias', 'encoder.anchor_encoder.semantics_fc.0.weight', 'encoder.anchor_encoder.semantics_fc.0.bias', 'encoder.anchor_encoder.semantics_fc.2.weight', 'encoder.anchor_encoder.semantics_fc.2.bias', 'encoder.anchor_encoder.semantics_fc.3.weight', 'encoder.anchor_encoder.semantics_fc.3.bias', 'encoder.anchor_encoder.semantics_fc.5.weight', 'encoder.anchor_encoder.semantics_fc.5.bias', 'encoder.anchor_encoder.offset_fc.0.weight', 'encoder.anchor_encoder.offset_fc.0.bias', 'encoder.anchor_encoder.offset_fc.2.weight', 'encoder.anchor_encoder.offset_fc.2.bias', 'encoder.anchor_encoder.offset_fc.3.weight', 'encoder.anchor_encoder.offset_fc.3.bias', 'encoder.anchor_encoder.offset_fc.5.weight', 'encoder.anchor_encoder.offset_fc.5.bias', 'encoder.anchor_encoder.output_fc.0.weight', 'encoder.anchor_encoder.output_fc.0.bias', 'encoder.anchor_encoder.output_fc.2.weight', 'encoder.anchor_encoder.output_fc.2.bias', 'encoder.anchor_encoder.output_fc.3.weight', 'encoder.anchor_encoder.output_fc.3.bias', 'encoder.anchor_encoder.output_fc.5.weight', 'encoder.anchor_encoder.output_fc.5.bias', 'encoder.layers.0.kps_generator.learnable_fc.weight', 'encoder.layers.0.kps_generator.learnable_fc.bias', 'encoder.layers.0.output_proj.weight', 'encoder.layers.0.output_proj.bias', 'encoder.layers.0.camera_encoder.0.weight', 'encoder.layers.0.camera_encoder.0.bias', 'encoder.layers.0.camera_encoder.2.weight', 'encoder.layers.0.camera_encoder.2.bias', 'encoder.layers.0.camera_encoder.3.weight', 'encoder.layers.0.camera_encoder.3.bias', 'encoder.layers.0.camera_encoder.5.weight', 'encoder.layers.0.camera_encoder.5.bias', 'encoder.layers.0.weights_fc.weight', 'encoder.layers.0.weights_fc.bias', 'encoder.layers.1.pre_norm.weight', 'encoder.layers.1.pre_norm.bias', 'encoder.layers.1.layers.0.0.weight', 'encoder.layers.1.layers.0.0.bias', 'encoder.layers.1.layers.1.weight', 'encoder.layers.1.layers.1.bias', 'encoder.layers.1.identity_fc.weight', 'encoder.layers.1.identity_fc.bias', 'encoder.layers.2.weight', 'encoder.layers.2.bias', 'encoder.layers.3.layers.0.weight', 'encoder.layers.3.layers.0.bias', 'encoder.layers.3.layers.2.weight', 'encoder.layers.3.layers.2.bias', 'encoder.layers.3.layers.4.weight', 'encoder.layers.3.layers.4.bias', 'encoder.layers.3.layers.5.weight', 'encoder.layers.3.layers.5.bias', 'encoder.layers.3.layers.7.weight', 'encoder.layers.3.layers.7.bias', 'encoder.layers.3.layers.9.weight', 'encoder.layers.3.layers.9.bias', 'encoder.layers.3.layers.10.weight', 'encoder.layers.3.layers.10.bias', 'encoder.layers.3.layers.11.scale', 'encoder.layers.4.layers.0.weight', 'encoder.layers.4.layers.0.bias', 'encoder.layers.4.layers.1.weight', 'encoder.layers.4.layers.1.bias', 'encoder.layers.4.layers.3.weight', 'encoder.layers.4.layers.3.bias', 'encoder.layers.4.layers.4.weight', 'encoder.layers.4.layers.4.bias', 'encoder.layers.4.layers.6.weight', 'encoder.layers.4.layers.6.bias', 'encoder.layers.4.layers.7.weight', 'encoder.layers.4.layers.7.bias', 'encoder.layers.4.output_proj.weight', 'encoder.layers.4.output_proj.bias', 'encoder.layers.5.weight', 'encoder.layers.5.bias', 'encoder.layers.6.kps_generator.learnable_fc.weight', 'encoder.layers.6.kps_generator.learnable_fc.bias', 'encoder.layers.6.output_proj.weight', 'encoder.layers.6.output_proj.bias', 'encoder.layers.6.camera_encoder.0.weight', 'encoder.layers.6.camera_encoder.0.bias', 'encoder.layers.6.camera_encoder.2.weight', 'encoder.layers.6.camera_encoder.2.bias', 'encoder.layers.6.camera_encoder.3.weight', 'encoder.layers.6.camera_encoder.3.bias', 'encoder.layers.6.camera_encoder.5.weight', 'encoder.layers.6.camera_encoder.5.bias', 'encoder.layers.6.weights_fc.weight', 'encoder.layers.6.weights_fc.bias', 'encoder.layers.7.pre_norm.weight', 'encoder.layers.7.pre_norm.bias', 'encoder.layers.7.layers.0.0.weight', 'encoder.layers.7.layers.0.0.bias', 'encoder.layers.7.layers.1.weight', 'encoder.layers.7.layers.1.bias', 'encoder.layers.7.identity_fc.weight', 'encoder.layers.7.identity_fc.bias', 'encoder.layers.8.weight', 'encoder.layers.8.bias', 'encoder.layers.9.layers.0.weight', 'encoder.layers.9.layers.0.bias', 'encoder.layers.9.layers.2.weight', 'encoder.layers.9.layers.2.bias', 'encoder.layers.9.layers.4.weight', 'encoder.layers.9.layers.4.bias', 'encoder.layers.9.layers.5.weight', 'encoder.layers.9.layers.5.bias', 'encoder.layers.9.layers.7.weight', 'encoder.layers.9.layers.7.bias', 'encoder.layers.9.layers.9.weight', 'encoder.layers.9.layers.9.bias', 'encoder.layers.9.layers.10.weight', 'encoder.layers.9.layers.10.bias', 'encoder.layers.9.layers.11.scale', 'encoder.layers.10.layers.0.weight', 'encoder.layers.10.layers.0.bias', 'encoder.layers.10.layers.1.weight', 'encoder.layers.10.layers.1.bias', 'encoder.layers.10.layers.3.weight', 'encoder.layers.10.layers.3.bias', 'encoder.layers.10.layers.4.weight', 'encoder.layers.10.layers.4.bias', 'encoder.layers.10.layers.6.weight', 'encoder.layers.10.layers.6.bias', 'encoder.layers.10.layers.7.weight', 'encoder.layers.10.layers.7.bias', 'encoder.layers.10.output_proj.weight', 'encoder.layers.10.output_proj.bias', 'encoder.layers.11.weight', 'encoder.layers.11.bias', 'encoder.layers.12.kps_generator.learnable_fc.weight', 'encoder.layers.12.kps_generator.learnable_fc.bias', 'encoder.layers.12.output_proj.weight', 'encoder.layers.12.output_proj.bias', 'encoder.layers.12.camera_encoder.0.weight', 'encoder.layers.12.camera_encoder.0.bias', 'encoder.layers.12.camera_encoder.2.weight', 'encoder.layers.12.camera_encoder.2.bias', 'encoder.layers.12.camera_encoder.3.weight', 'encoder.layers.12.camera_encoder.3.bias', 'encoder.layers.12.camera_encoder.5.weight', 'encoder.layers.12.camera_encoder.5.bias', 'encoder.layers.12.weights_fc.weight', 'encoder.layers.12.weights_fc.bias', 'encoder.layers.13.pre_norm.weight', 'encoder.layers.13.pre_norm.bias', 'encoder.layers.13.layers.0.0.weight', 'encoder.layers.13.layers.0.0.bias', 'encoder.layers.13.layers.1.weight', 'encoder.layers.13.layers.1.bias', 'encoder.layers.13.identity_fc.weight', 'encoder.layers.13.identity_fc.bias', 'encoder.layers.14.weight', 'encoder.layers.14.bias', 'encoder.layers.15.layers.0.weight', 'encoder.layers.15.layers.0.bias', 'encoder.layers.15.layers.2.weight', 'encoder.layers.15.layers.2.bias', 'encoder.layers.15.layers.4.weight', 'encoder.layers.15.layers.4.bias', 'encoder.layers.15.layers.5.weight', 'encoder.layers.15.layers.5.bias', 'encoder.layers.15.layers.7.weight', 'encoder.layers.15.layers.7.bias', 'encoder.layers.15.layers.9.weight', 'encoder.layers.15.layers.9.bias', 'encoder.layers.15.layers.10.weight', 'encoder.layers.15.layers.10.bias', 'encoder.layers.15.layers.11.scale', 'encoder.layers.16.layers.0.weight', 'encoder.layers.16.layers.0.bias', 'encoder.layers.16.layers.1.weight', 'encoder.layers.16.layers.1.bias', 'encoder.layers.16.layers.3.weight', 'encoder.layers.16.layers.3.bias', 'encoder.layers.16.layers.4.weight', 'encoder.layers.16.layers.4.bias', 'encoder.layers.16.layers.6.weight', 'encoder.layers.16.layers.6.bias', 'encoder.layers.16.layers.7.weight', 'encoder.layers.16.layers.7.bias', 'encoder.layers.16.output_proj.weight', 'encoder.layers.16.output_proj.bias', 'encoder.layers.17.weight', 'encoder.layers.17.bias', 'encoder.layers.18.kps_generator.learnable_fc.weight', 'encoder.layers.18.kps_generator.learnable_fc.bias', 'encoder.layers.18.output_proj.weight', 'encoder.layers.18.output_proj.bias', 'encoder.layers.18.camera_encoder.0.weight', 'encoder.layers.18.camera_encoder.0.bias', 'encoder.layers.18.camera_encoder.2.weight', 'encoder.layers.18.camera_encoder.2.bias', 'encoder.layers.18.camera_encoder.3.weight', 'encoder.layers.18.camera_encoder.3.bias', 'encoder.layers.18.camera_encoder.5.weight', 'encoder.layers.18.camera_encoder.5.bias', 'encoder.layers.18.weights_fc.weight', 'encoder.layers.18.weights_fc.bias', 'encoder.layers.19.pre_norm.weight', 'encoder.layers.19.pre_norm.bias', 'encoder.layers.19.layers.0.0.weight', 'encoder.layers.19.layers.0.0.bias', 'encoder.layers.19.layers.1.weight', 'encoder.layers.19.layers.1.bias', 'encoder.layers.19.identity_fc.weight', 'encoder.layers.19.identity_fc.bias', 'encoder.layers.20.weight', 'encoder.layers.20.bias', 'encoder.layers.21.layers.0.weight', 'encoder.layers.21.layers.0.bias', 'encoder.layers.21.layers.2.weight', 'encoder.layers.21.layers.2.bias', 'encoder.layers.21.layers.4.weight', 'encoder.layers.21.layers.4.bias', 'encoder.layers.21.layers.5.weight', 'encoder.layers.21.layers.5.bias', 'encoder.layers.21.layers.7.weight', 'encoder.layers.21.layers.7.bias', 'encoder.layers.21.layers.9.weight', 'encoder.layers.21.layers.9.bias', 'encoder.layers.21.layers.10.weight', 'encoder.layers.21.layers.10.bias', 'encoder.layers.21.layers.11.scale', 'temporal_encoder.anchor_encoder.xyz_fc.0.weight', 'temporal_encoder.anchor_encoder.xyz_fc.0.bias', 'temporal_encoder.anchor_encoder.xyz_fc.2.weight', 'temporal_encoder.anchor_encoder.xyz_fc.2.bias', 'temporal_encoder.anchor_encoder.xyz_fc.3.weight', 'temporal_encoder.anchor_encoder.xyz_fc.3.bias', 'temporal_encoder.anchor_encoder.xyz_fc.5.weight', 'temporal_encoder.anchor_encoder.xyz_fc.5.bias', 'temporal_encoder.anchor_encoder.scale_fc.0.weight', 'temporal_encoder.anchor_encoder.scale_fc.0.bias', 'temporal_encoder.anchor_encoder.scale_fc.2.weight', 'temporal_encoder.anchor_encoder.scale_fc.2.bias', 'temporal_encoder.anchor_encoder.scale_fc.3.weight', 'temporal_encoder.anchor_encoder.scale_fc.3.bias', 'temporal_encoder.anchor_encoder.scale_fc.5.weight', 'temporal_encoder.anchor_encoder.scale_fc.5.bias', 'temporal_encoder.anchor_encoder.rot_fc.0.weight', 'temporal_encoder.anchor_encoder.rot_fc.0.bias', 'temporal_encoder.anchor_encoder.rot_fc.2.weight', 'temporal_encoder.anchor_encoder.rot_fc.2.bias', 'temporal_encoder.anchor_encoder.rot_fc.3.weight', 'temporal_encoder.anchor_encoder.rot_fc.3.bias', 'temporal_encoder.anchor_encoder.rot_fc.5.weight', 'temporal_encoder.anchor_encoder.rot_fc.5.bias', 'temporal_encoder.anchor_encoder.opacity_fc.0.weight', 'temporal_encoder.anchor_encoder.opacity_fc.0.bias', 'temporal_encoder.anchor_encoder.opacity_fc.2.weight', 'temporal_encoder.anchor_encoder.opacity_fc.2.bias', 'temporal_encoder.anchor_encoder.opacity_fc.3.weight', 'temporal_encoder.anchor_encoder.opacity_fc.3.bias', 'temporal_encoder.anchor_encoder.opacity_fc.5.weight', 'temporal_encoder.anchor_encoder.opacity_fc.5.bias', 'temporal_encoder.anchor_encoder.semantics_fc.0.weight', 'temporal_encoder.anchor_encoder.semantics_fc.0.bias', 'temporal_encoder.anchor_encoder.semantics_fc.2.weight', 'temporal_encoder.anchor_encoder.semantics_fc.2.bias', 'temporal_encoder.anchor_encoder.semantics_fc.3.weight', 'temporal_encoder.anchor_encoder.semantics_fc.3.bias', 'temporal_encoder.anchor_encoder.semantics_fc.5.weight', 'temporal_encoder.anchor_encoder.semantics_fc.5.bias', 'temporal_encoder.anchor_encoder.offset_fc.0.weight', 'temporal_encoder.anchor_encoder.offset_fc.0.bias', 'temporal_encoder.anchor_encoder.offset_fc.2.weight', 'temporal_encoder.anchor_encoder.offset_fc.2.bias', 'temporal_encoder.anchor_encoder.offset_fc.3.weight', 'temporal_encoder.anchor_encoder.offset_fc.3.bias', 'temporal_encoder.anchor_encoder.offset_fc.5.weight', 'temporal_encoder.anchor_encoder.offset_fc.5.bias', 'temporal_encoder.anchor_encoder.output_fc.0.weight', 'temporal_encoder.anchor_encoder.output_fc.0.bias', 'temporal_encoder.anchor_encoder.output_fc.2.weight', 'temporal_encoder.anchor_encoder.output_fc.2.bias', 'temporal_encoder.anchor_encoder.output_fc.3.weight', 'temporal_encoder.anchor_encoder.output_fc.3.bias', 'temporal_encoder.anchor_encoder.output_fc.5.weight', 'temporal_encoder.anchor_encoder.output_fc.5.bias', 'temporal_encoder.layers.0.layers.0.weight', 'temporal_encoder.layers.0.layers.1.weight', 'temporal_encoder.layers.0.layers.1.bias', 'temporal_encoder.layers.0.layers.3.weight', 'temporal_encoder.layers.0.layers.4.weight', 'temporal_encoder.layers.0.layers.4.bias', 'temporal_encoder.layers.0.layers.6.weight', 'temporal_encoder.layers.0.layers.7.weight', 'temporal_encoder.layers.0.layers.7.bias', 'temporal_encoder.layers.0.output_proj.weight', 'temporal_encoder.layers.0.output_proj.bias', 'temporal_encoder.layers.1.layers.0.weight', 'temporal_encoder.layers.1.layers.0.bias', 'temporal_encoder.layers.1.layers.2.weight', 'temporal_encoder.layers.1.layers.2.bias', 'temporal_encoder.layers.1.layers.4.weight', 'temporal_encoder.layers.1.layers.4.bias', 'temporal_encoder.layers.1.layers.5.weight', 'temporal_encoder.layers.1.layers.5.bias', 'temporal_encoder.layers.1.layers.7.weight', 'temporal_encoder.layers.1.layers.7.bias', 'temporal_encoder.layers.1.layers.9.weight', 'temporal_encoder.layers.1.layers.9.bias', 'temporal_encoder.layers.1.layers.10.weight', 'temporal_encoder.layers.1.layers.10.bias', 'temporal_encoder.layers.1.layers.11.scale', 'temporal_encoder.layers.2.layers.0.weight', 'temporal_encoder.layers.2.layers.1.weight', 'temporal_encoder.layers.2.layers.1.bias', 'temporal_encoder.layers.2.layers.3.weight', 'temporal_encoder.layers.2.layers.4.weight', 'temporal_encoder.layers.2.layers.4.bias', 'temporal_encoder.layers.2.layers.6.weight', 'temporal_encoder.layers.2.layers.7.weight', 'temporal_encoder.layers.2.layers.7.bias', 'temporal_encoder.layers.2.output_proj.weight', 'temporal_encoder.layers.2.output_proj.bias', 'temporal_encoder.layers.3.layers.0.weight', 'temporal_encoder.layers.3.layers.0.bias', 'temporal_encoder.layers.3.layers.2.weight', 'temporal_encoder.layers.3.layers.2.bias', 'temporal_encoder.layers.3.layers.4.weight', 'temporal_encoder.layers.3.layers.4.bias', 'temporal_encoder.layers.3.layers.5.weight', 'temporal_encoder.layers.3.layers.5.bias', 'temporal_encoder.layers.3.layers.7.weight', 'temporal_encoder.layers.3.layers.7.bias', 'temporal_encoder.layers.3.layers.9.weight', 'temporal_encoder.layers.3.layers.9.bias', 'temporal_encoder.layers.3.layers.10.weight', 'temporal_encoder.layers.3.layers.10.bias', 'temporal_encoder.layers.3.layers.11.scale', 'temporal_encoder.layers.4.layers.0.weight', 'temporal_encoder.layers.4.layers.1.weight', 'temporal_encoder.layers.4.layers.1.bias', 'temporal_encoder.layers.4.layers.3.weight', 'temporal_encoder.layers.4.layers.4.weight', 'temporal_encoder.layers.4.layers.4.bias', 'temporal_encoder.layers.4.layers.6.weight', 'temporal_encoder.layers.4.layers.7.weight', 'temporal_encoder.layers.4.layers.7.bias', 'temporal_encoder.layers.4.output_proj.weight', 'temporal_encoder.layers.4.output_proj.bias', 'temporal_encoder.layers.5.layers.0.weight', 'temporal_encoder.layers.5.layers.0.bias', 'temporal_encoder.layers.5.layers.2.weight', 'temporal_encoder.layers.5.layers.2.bias', 'temporal_encoder.layers.5.layers.4.weight', 'temporal_encoder.layers.5.layers.4.bias', 'temporal_encoder.layers.5.layers.5.weight', 'temporal_encoder.layers.5.layers.5.bias', 'temporal_encoder.layers.5.layers.7.weight', 'temporal_encoder.layers.5.layers.7.bias', 'temporal_encoder.layers.5.layers.9.weight', 'temporal_encoder.layers.5.layers.9.bias', 'temporal_encoder.layers.5.layers.10.weight', 'temporal_encoder.layers.5.layers.10.bias', 'temporal_encoder.layers.5.layers.11.scale', 'head.empty_scalar', 'head.empty_mean', 'head.empty_scale', 'head.empty_rot', 'head.empty_sem', 'head.empty_opa', 'head.pc_min', 'head.grid_size', 'head.zero_tensor', 'head.aggregator.pc_min', 'decoder.global_step', 'decoder.backbone_3d.conv_input.0.weight', 'decoder.backbone_3d.conv_input.1.weight', 'decoder.backbone_3d.conv_input.1.bias', 'decoder.backbone_3d.conv_input.1.running_mean', 'decoder.backbone_3d.conv_input.1.running_var', 'decoder.backbone_3d.conv1.0.conv1.weight', 'decoder.backbone_3d.conv1.0.conv1.bias', 'decoder.backbone_3d.conv1.0.bn1.weight', 'decoder.backbone_3d.conv1.0.bn1.bias', 'decoder.backbone_3d.conv1.0.bn1.running_mean', 'decoder.backbone_3d.conv1.0.bn1.running_var', 'decoder.backbone_3d.conv1.0.conv2.weight', 'decoder.backbone_3d.conv1.0.conv2.bias', 'decoder.backbone_3d.conv1.0.bn2.weight', 'decoder.backbone_3d.conv1.0.bn2.bias', 'decoder.backbone_3d.conv1.0.bn2.running_mean', 'decoder.backbone_3d.conv1.0.bn2.running_var', 'decoder.backbone_3d.conv1.1.conv1.weight', 'decoder.backbone_3d.conv1.1.conv1.bias', 'decoder.backbone_3d.conv1.1.bn1.weight', 'decoder.backbone_3d.conv1.1.bn1.bias', 'decoder.backbone_3d.conv1.1.bn1.running_mean', 'decoder.backbone_3d.conv1.1.bn1.running_var', 'decoder.backbone_3d.conv1.1.conv2.weight', 'decoder.backbone_3d.conv1.1.conv2.bias', 'decoder.backbone_3d.conv1.1.bn2.weight', 'decoder.backbone_3d.conv1.1.bn2.bias', 'decoder.backbone_3d.conv1.1.bn2.running_mean', 'decoder.backbone_3d.conv1.1.bn2.running_var', 'decoder.backbone_3d.conv2.0.0.weight', 'decoder.backbone_3d.conv2.0.1.weight', 'decoder.backbone_3d.conv2.0.1.bias', 'decoder.backbone_3d.conv2.0.1.running_mean', 'decoder.backbone_3d.conv2.0.1.running_var', 'decoder.backbone_3d.conv2.1.conv1.weight', 'decoder.backbone_3d.conv2.1.conv1.bias', 'decoder.backbone_3d.conv2.1.bn1.weight', 'decoder.backbone_3d.conv2.1.bn1.bias', 'decoder.backbone_3d.conv2.1.bn1.running_mean', 'decoder.backbone_3d.conv2.1.bn1.running_var', 'decoder.backbone_3d.conv2.1.conv2.weight', 'decoder.backbone_3d.conv2.1.conv2.bias', 'decoder.backbone_3d.conv2.1.bn2.weight', 'decoder.backbone_3d.conv2.1.bn2.bias', 'decoder.backbone_3d.conv2.1.bn2.running_mean', 'decoder.backbone_3d.conv2.1.bn2.running_var', 'decoder.backbone_3d.conv2.2.conv1.weight', 'decoder.backbone_3d.conv2.2.conv1.bias', 'decoder.backbone_3d.conv2.2.bn1.weight', 'decoder.backbone_3d.conv2.2.bn1.bias', 'decoder.backbone_3d.conv2.2.bn1.running_mean', 'decoder.backbone_3d.conv2.2.bn1.running_var', 'decoder.backbone_3d.conv2.2.conv2.weight', 'decoder.backbone_3d.conv2.2.conv2.bias', 'decoder.backbone_3d.conv2.2.bn2.weight', 'decoder.backbone_3d.conv2.2.bn2.bias', 'decoder.backbone_3d.conv2.2.bn2.running_mean', 'decoder.backbone_3d.conv2.2.bn2.running_var', 'decoder.backbone_3d.conv3.0.0.weight', 'decoder.backbone_3d.conv3.0.1.weight', 'decoder.backbone_3d.conv3.0.1.bias', 'decoder.backbone_3d.conv3.0.1.running_mean', 'decoder.backbone_3d.conv3.0.1.running_var', 'decoder.backbone_3d.conv3.1.conv1.weight', 'decoder.backbone_3d.conv3.1.conv1.bias', 'decoder.backbone_3d.conv3.1.bn1.weight', 'decoder.backbone_3d.conv3.1.bn1.bias', 'decoder.backbone_3d.conv3.1.bn1.running_mean', 'decoder.backbone_3d.conv3.1.bn1.running_var', 'decoder.backbone_3d.conv3.1.conv2.weight', 'decoder.backbone_3d.conv3.1.conv2.bias', 'decoder.backbone_3d.conv3.1.bn2.weight', 'decoder.backbone_3d.conv3.1.bn2.bias', 'decoder.backbone_3d.conv3.1.bn2.running_mean', 'decoder.backbone_3d.conv3.1.bn2.running_var', 'decoder.backbone_3d.conv3.2.conv1.weight', 'decoder.backbone_3d.conv3.2.conv1.bias', 'decoder.backbone_3d.conv3.2.bn1.weight', 'decoder.backbone_3d.conv3.2.bn1.bias', 'decoder.backbone_3d.conv3.2.bn1.running_mean', 'decoder.backbone_3d.conv3.2.bn1.running_var', 'decoder.backbone_3d.conv3.2.conv2.weight', 'decoder.backbone_3d.conv3.2.conv2.bias', 'decoder.backbone_3d.conv3.2.bn2.weight', 'decoder.backbone_3d.conv3.2.bn2.bias', 'decoder.backbone_3d.conv3.2.bn2.running_mean', 'decoder.backbone_3d.conv3.2.bn2.running_var', 'decoder.backbone_3d.conv4.0.0.weight', 'decoder.backbone_3d.conv4.0.1.weight', 'decoder.backbone_3d.conv4.0.1.bias', 'decoder.backbone_3d.conv4.0.1.running_mean', 'decoder.backbone_3d.conv4.0.1.running_var', 'decoder.backbone_3d.conv4.1.conv1.weight', 'decoder.backbone_3d.conv4.1.conv1.bias', 'decoder.backbone_3d.conv4.1.bn1.weight', 'decoder.backbone_3d.conv4.1.bn1.bias', 'decoder.backbone_3d.conv4.1.bn1.running_mean', 'decoder.backbone_3d.conv4.1.bn1.running_var', 'decoder.backbone_3d.conv4.1.conv2.weight', 'decoder.backbone_3d.conv4.1.conv2.bias', 'decoder.backbone_3d.conv4.1.bn2.weight', 'decoder.backbone_3d.conv4.1.bn2.bias', 'decoder.backbone_3d.conv4.1.bn2.running_mean', 'decoder.backbone_3d.conv4.1.bn2.running_var', 'decoder.backbone_3d.conv4.2.conv1.weight', 'decoder.backbone_3d.conv4.2.conv1.bias', 'decoder.backbone_3d.conv4.2.bn1.weight', 'decoder.backbone_3d.conv4.2.bn1.bias', 'decoder.backbone_3d.conv4.2.bn1.running_mean', 'decoder.backbone_3d.conv4.2.bn1.running_var', 'decoder.backbone_3d.conv4.2.conv2.weight', 'decoder.backbone_3d.conv4.2.conv2.bias', 'decoder.backbone_3d.conv4.2.bn2.weight', 'decoder.backbone_3d.conv4.2.bn2.bias', 'decoder.backbone_3d.conv4.2.bn2.running_mean', 'decoder.backbone_3d.conv4.2.bn2.running_var', 'decoder.backbone_3d.conv5.0.0.weight', 'decoder.backbone_3d.conv5.0.1.weight', 'decoder.backbone_3d.conv5.0.1.bias', 'decoder.backbone_3d.conv5.0.1.running_mean', 'decoder.backbone_3d.conv5.0.1.running_var', 'decoder.backbone_3d.conv5.1.conv1.weight', 'decoder.backbone_3d.conv5.1.conv1.bias', 'decoder.backbone_3d.conv5.1.bn1.weight', 'decoder.backbone_3d.conv5.1.bn1.bias', 'decoder.backbone_3d.conv5.1.bn1.running_mean', 'decoder.backbone_3d.conv5.1.bn1.running_var', 'decoder.backbone_3d.conv5.1.conv2.weight', 'decoder.backbone_3d.conv5.1.conv2.bias', 'decoder.backbone_3d.conv5.1.bn2.weight', 'decoder.backbone_3d.conv5.1.bn2.bias', 'decoder.backbone_3d.conv5.1.bn2.running_mean', 'decoder.backbone_3d.conv5.1.bn2.running_var', 'decoder.backbone_3d.conv5.2.conv1.weight', 'decoder.backbone_3d.conv5.2.conv1.bias', 'decoder.backbone_3d.conv5.2.bn1.weight', 'decoder.backbone_3d.conv5.2.bn1.bias', 'decoder.backbone_3d.conv5.2.bn1.running_mean', 'decoder.backbone_3d.conv5.2.bn1.running_var', 'decoder.backbone_3d.conv5.2.conv2.weight', 'decoder.backbone_3d.conv5.2.conv2.bias', 'decoder.backbone_3d.conv5.2.bn2.weight', 'decoder.backbone_3d.conv5.2.bn2.bias', 'decoder.backbone_3d.conv5.2.bn2.running_mean', 'decoder.backbone_3d.conv5.2.bn2.running_var', 'decoder.backbone_3d.conv6.0.0.weight', 'decoder.backbone_3d.conv6.0.1.weight', 'decoder.backbone_3d.conv6.0.1.bias', 'decoder.backbone_3d.conv6.0.1.running_mean', 'decoder.backbone_3d.conv6.0.1.running_var', 'decoder.backbone_3d.conv6.1.conv1.weight', 'decoder.backbone_3d.conv6.1.conv1.bias', 'decoder.backbone_3d.conv6.1.bn1.weight', 'decoder.backbone_3d.conv6.1.bn1.bias', 'decoder.backbone_3d.conv6.1.bn1.running_mean', 'decoder.backbone_3d.conv6.1.bn1.running_var', 'decoder.backbone_3d.conv6.1.conv2.weight', 'decoder.backbone_3d.conv6.1.conv2.bias', 'decoder.backbone_3d.conv6.1.bn2.weight', 'decoder.backbone_3d.conv6.1.bn2.bias', 'decoder.backbone_3d.conv6.1.bn2.running_mean', 'decoder.backbone_3d.conv6.1.bn2.running_var', 'decoder.backbone_3d.conv6.2.conv1.weight', 'decoder.backbone_3d.conv6.2.conv1.bias', 'decoder.backbone_3d.conv6.2.bn1.weight', 'decoder.backbone_3d.conv6.2.bn1.bias', 'decoder.backbone_3d.conv6.2.bn1.running_mean', 'decoder.backbone_3d.conv6.2.bn1.running_var', 'decoder.backbone_3d.conv6.2.conv2.weight', 'decoder.backbone_3d.conv6.2.conv2.bias', 'decoder.backbone_3d.conv6.2.bn2.weight', 'decoder.backbone_3d.conv6.2.bn2.bias', 'decoder.backbone_3d.conv6.2.bn2.running_mean', 'decoder.backbone_3d.conv6.2.bn2.running_var', 'decoder.backbone_3d.conv_out.0.weight', 'decoder.backbone_3d.conv_out.1.weight', 'decoder.backbone_3d.conv_out.1.bias', 'decoder.backbone_3d.conv_out.1.running_mean', 'decoder.backbone_3d.conv_out.1.running_var', 'decoder.backbone_3d.shared_conv.0.weight', 'decoder.backbone_3d.shared_conv.0.bias', 'decoder.backbone_3d.shared_conv.1.weight', 'decoder.backbone_3d.shared_conv.1.bias', 'decoder.backbone_3d.shared_conv.1.running_mean', 'decoder.backbone_3d.shared_conv.1.running_var', 'decoder.dense_head.heads_list.0.center.0.0.weight', 'decoder.dense_head.heads_list.0.center.0.0.bias', 'decoder.dense_head.heads_list.0.center.0.1.weight', 'decoder.dense_head.heads_list.0.center.0.1.bias', 'decoder.dense_head.heads_list.0.center.0.1.running_mean', 'decoder.dense_head.heads_list.0.center.0.1.running_var', 'decoder.dense_head.heads_list.0.center.1.weight', 'decoder.dense_head.heads_list.0.center.1.bias', 'decoder.dense_head.heads_list.0.center_z.0.0.weight', 'decoder.dense_head.heads_list.0.center_z.0.0.bias', 'decoder.dense_head.heads_list.0.center_z.0.1.weight', 'decoder.dense_head.heads_list.0.center_z.0.1.bias', 'decoder.dense_head.heads_list.0.center_z.0.1.running_mean', 'decoder.dense_head.heads_list.0.center_z.0.1.running_var', 'decoder.dense_head.heads_list.0.center_z.1.weight', 'decoder.dense_head.heads_list.0.center_z.1.bias', 'decoder.dense_head.heads_list.0.dim.0.0.weight', 'decoder.dense_head.heads_list.0.dim.0.0.bias', 'decoder.dense_head.heads_list.0.dim.0.1.weight', 'decoder.dense_head.heads_list.0.dim.0.1.bias', 'decoder.dense_head.heads_list.0.dim.0.1.running_mean', 'decoder.dense_head.heads_list.0.dim.0.1.running_var', 'decoder.dense_head.heads_list.0.dim.1.weight', 'decoder.dense_head.heads_list.0.dim.1.bias', 'decoder.dense_head.heads_list.0.rot.0.0.weight', 'decoder.dense_head.heads_list.0.rot.0.0.bias', 'decoder.dense_head.heads_list.0.rot.0.1.weight', 'decoder.dense_head.heads_list.0.rot.0.1.bias', 'decoder.dense_head.heads_list.0.rot.0.1.running_mean', 'decoder.dense_head.heads_list.0.rot.0.1.running_var', 'decoder.dense_head.heads_list.0.rot.1.weight', 'decoder.dense_head.heads_list.0.rot.1.bias', 'decoder.dense_head.heads_list.0.vel.0.0.weight', 'decoder.dense_head.heads_list.0.vel.0.0.bias', 'decoder.dense_head.heads_list.0.vel.0.1.weight', 'decoder.dense_head.heads_list.0.vel.0.1.bias', 'decoder.dense_head.heads_list.0.vel.0.1.running_mean', 'decoder.dense_head.heads_list.0.vel.0.1.running_var', 'decoder.dense_head.heads_list.0.vel.1.weight', 'decoder.dense_head.heads_list.0.vel.1.bias', 'decoder.dense_head.heads_list.0.hm.0.0.weight', 'decoder.dense_head.heads_list.0.hm.0.0.bias', 'decoder.dense_head.heads_list.0.hm.0.1.weight', 'decoder.dense_head.heads_list.0.hm.0.1.bias', 'decoder.dense_head.heads_list.0.hm.0.1.running_mean', 'decoder.dense_head.heads_list.0.hm.0.1.running_var', 'decoder.dense_head.heads_list.0.hm.1.weight', 'decoder.dense_head.heads_list.0.hm.1.bias', 'decoder.dense_head.heads_list.1.center.0.0.weight', 'decoder.dense_head.heads_list.1.center.0.0.bias', 'decoder.dense_head.heads_list.1.center.0.1.weight', 'decoder.dense_head.heads_list.1.center.0.1.bias', 'decoder.dense_head.heads_list.1.center.0.1.running_mean', 'decoder.dense_head.heads_list.1.center.0.1.running_var', 'decoder.dense_head.heads_list.1.center.1.weight', 'decoder.dense_head.heads_list.1.center.1.bias', 'decoder.dense_head.heads_list.1.center_z.0.0.weight', 'decoder.dense_head.heads_list.1.center_z.0.0.bias', 'decoder.dense_head.heads_list.1.center_z.0.1.weight', 'decoder.dense_head.heads_list.1.center_z.0.1.bias', 'decoder.dense_head.heads_list.1.center_z.0.1.running_mean', 'decoder.dense_head.heads_list.1.center_z.0.1.running_var', 'decoder.dense_head.heads_list.1.center_z.1.weight', 'decoder.dense_head.heads_list.1.center_z.1.bias', 'decoder.dense_head.heads_list.1.dim.0.0.weight', 'decoder.dense_head.heads_list.1.dim.0.0.bias', 'decoder.dense_head.heads_list.1.dim.0.1.weight', 'decoder.dense_head.heads_list.1.dim.0.1.bias', 'decoder.dense_head.heads_list.1.dim.0.1.running_mean', 'decoder.dense_head.heads_list.1.dim.0.1.running_var', 'decoder.dense_head.heads_list.1.dim.1.weight', 'decoder.dense_head.heads_list.1.dim.1.bias', 'decoder.dense_head.heads_list.1.rot.0.0.weight', 'decoder.dense_head.heads_list.1.rot.0.0.bias', 'decoder.dense_head.heads_list.1.rot.0.1.weight', 'decoder.dense_head.heads_list.1.rot.0.1.bias', 'decoder.dense_head.heads_list.1.rot.0.1.running_mean', 'decoder.dense_head.heads_list.1.rot.0.1.running_var', 'decoder.dense_head.heads_list.1.rot.1.weight', 'decoder.dense_head.heads_list.1.rot.1.bias', 'decoder.dense_head.heads_list.1.vel.0.0.weight', 'decoder.dense_head.heads_list.1.vel.0.0.bias', 'decoder.dense_head.heads_list.1.vel.0.1.weight', 'decoder.dense_head.heads_list.1.vel.0.1.bias', 'decoder.dense_head.heads_list.1.vel.0.1.running_mean', 'decoder.dense_head.heads_list.1.vel.0.1.running_var', 'decoder.dense_head.heads_list.1.vel.1.weight', 'decoder.dense_head.heads_list.1.vel.1.bias', 'decoder.dense_head.heads_list.1.hm.0.0.weight', 'decoder.dense_head.heads_list.1.hm.0.0.bias', 'decoder.dense_head.heads_list.1.hm.0.1.weight', 'decoder.dense_head.heads_list.1.hm.0.1.bias', 'decoder.dense_head.heads_list.1.hm.0.1.running_mean', 'decoder.dense_head.heads_list.1.hm.0.1.running_var', 'decoder.dense_head.heads_list.1.hm.1.weight', 'decoder.dense_head.heads_list.1.hm.1.bias', 'decoder.dense_head.heads_list.2.center.0.0.weight', 'decoder.dense_head.heads_list.2.center.0.0.bias', 'decoder.dense_head.heads_list.2.center.0.1.weight', 'decoder.dense_head.heads_list.2.center.0.1.bias', 'decoder.dense_head.heads_list.2.center.0.1.running_mean', 'decoder.dense_head.heads_list.2.center.0.1.running_var', 'decoder.dense_head.heads_list.2.center.1.weight', 'decoder.dense_head.heads_list.2.center.1.bias', 'decoder.dense_head.heads_list.2.center_z.0.0.weight', 'decoder.dense_head.heads_list.2.center_z.0.0.bias', 'decoder.dense_head.heads_list.2.center_z.0.1.weight', 'decoder.dense_head.heads_list.2.center_z.0.1.bias', 'decoder.dense_head.heads_list.2.center_z.0.1.running_mean', 'decoder.dense_head.heads_list.2.center_z.0.1.running_var', 'decoder.dense_head.heads_list.2.center_z.1.weight', 'decoder.dense_head.heads_list.2.center_z.1.bias', 'decoder.dense_head.heads_list.2.dim.0.0.weight', 'decoder.dense_head.heads_list.2.dim.0.0.bias', 'decoder.dense_head.heads_list.2.dim.0.1.weight', 'decoder.dense_head.heads_list.2.dim.0.1.bias', 'decoder.dense_head.heads_list.2.dim.0.1.running_mean', 'decoder.dense_head.heads_list.2.dim.0.1.running_var', 'decoder.dense_head.heads_list.2.dim.1.weight', 'decoder.dense_head.heads_list.2.dim.1.bias', 'decoder.dense_head.heads_list.2.rot.0.0.weight', 'decoder.dense_head.heads_list.2.rot.0.0.bias', 'decoder.dense_head.heads_list.2.rot.0.1.weight', 'decoder.dense_head.heads_list.2.rot.0.1.bias', 'decoder.dense_head.heads_list.2.rot.0.1.running_mean', 'decoder.dense_head.heads_list.2.rot.0.1.running_var', 'decoder.dense_head.heads_list.2.rot.1.weight', 'decoder.dense_head.heads_list.2.rot.1.bias', 'decoder.dense_head.heads_list.2.vel.0.0.weight', 'decoder.dense_head.heads_list.2.vel.0.0.bias', 'decoder.dense_head.heads_list.2.vel.0.1.weight', 'decoder.dense_head.heads_list.2.vel.0.1.bias', 'decoder.dense_head.heads_list.2.vel.0.1.running_mean', 'decoder.dense_head.heads_list.2.vel.0.1.running_var', 'decoder.dense_head.heads_list.2.vel.1.weight', 'decoder.dense_head.heads_list.2.vel.1.bias', 'decoder.dense_head.heads_list.2.hm.0.0.weight', 'decoder.dense_head.heads_list.2.hm.0.0.bias', 'decoder.dense_head.heads_list.2.hm.0.1.weight', 'decoder.dense_head.heads_list.2.hm.0.1.bias', 'decoder.dense_head.heads_list.2.hm.0.1.running_mean', 'decoder.dense_head.heads_list.2.hm.0.1.running_var', 'decoder.dense_head.heads_list.2.hm.1.weight', 'decoder.dense_head.heads_list.2.hm.1.bias', 'decoder.dense_head.heads_list.3.center.0.0.weight', 'decoder.dense_head.heads_list.3.center.0.0.bias', 'decoder.dense_head.heads_list.3.center.0.1.weight', 'decoder.dense_head.heads_list.3.center.0.1.bias', 'decoder.dense_head.heads_list.3.center.0.1.running_mean', 'decoder.dense_head.heads_list.3.center.0.1.running_var', 'decoder.dense_head.heads_list.3.center.1.weight', 'decoder.dense_head.heads_list.3.center.1.bias', 'decoder.dense_head.heads_list.3.center_z.0.0.weight', 'decoder.dense_head.heads_list.3.center_z.0.0.bias', 'decoder.dense_head.heads_list.3.center_z.0.1.weight', 'decoder.dense_head.heads_list.3.center_z.0.1.bias', 'decoder.dense_head.heads_list.3.center_z.0.1.running_mean', 'decoder.dense_head.heads_list.3.center_z.0.1.running_var', 'decoder.dense_head.heads_list.3.center_z.1.weight', 'decoder.dense_head.heads_list.3.center_z.1.bias', 'decoder.dense_head.heads_list.3.dim.0.0.weight', 'decoder.dense_head.heads_list.3.dim.0.0.bias', 'decoder.dense_head.heads_list.3.dim.0.1.weight', 'decoder.dense_head.heads_list.3.dim.0.1.bias', 'decoder.dense_head.heads_list.3.dim.0.1.running_mean', 'decoder.dense_head.heads_list.3.dim.0.1.running_var', 'decoder.dense_head.heads_list.3.dim.1.weight', 'decoder.dense_head.heads_list.3.dim.1.bias', 'decoder.dense_head.heads_list.3.rot.0.0.weight', 'decoder.dense_head.heads_list.3.rot.0.0.bias', 'decoder.dense_head.heads_list.3.rot.0.1.weight', 'decoder.dense_head.heads_list.3.rot.0.1.bias', 'decoder.dense_head.heads_list.3.rot.0.1.running_mean', 'decoder.dense_head.heads_list.3.rot.0.1.running_var', 'decoder.dense_head.heads_list.3.rot.1.weight', 'decoder.dense_head.heads_list.3.rot.1.bias', 'decoder.dense_head.heads_list.3.vel.0.0.weight', 'decoder.dense_head.heads_list.3.vel.0.0.bias', 'decoder.dense_head.heads_list.3.vel.0.1.weight', 'decoder.dense_head.heads_list.3.vel.0.1.bias', 'decoder.dense_head.heads_list.3.vel.0.1.running_mean', 'decoder.dense_head.heads_list.3.vel.0.1.running_var', 'decoder.dense_head.heads_list.3.vel.1.weight', 'decoder.dense_head.heads_list.3.vel.1.bias', 'decoder.dense_head.heads_list.3.hm.0.0.weight', 'decoder.dense_head.heads_list.3.hm.0.0.bias', 'decoder.dense_head.heads_list.3.hm.0.1.weight', 'decoder.dense_head.heads_list.3.hm.0.1.bias', 'decoder.dense_head.heads_list.3.hm.0.1.running_mean', 'decoder.dense_head.heads_list.3.hm.0.1.running_var', 'decoder.dense_head.heads_list.3.hm.1.weight', 'decoder.dense_head.heads_list.3.hm.1.bias', 'decoder.dense_head.heads_list.4.center.0.0.weight', 'decoder.dense_head.heads_list.4.center.0.0.bias', 'decoder.dense_head.heads_list.4.center.0.1.weight', 'decoder.dense_head.heads_list.4.center.0.1.bias', 'decoder.dense_head.heads_list.4.center.0.1.running_mean', 'decoder.dense_head.heads_list.4.center.0.1.running_var', 'decoder.dense_head.heads_list.4.center.1.weight', 'decoder.dense_head.heads_list.4.center.1.bias', 'decoder.dense_head.heads_list.4.center_z.0.0.weight', 'decoder.dense_head.heads_list.4.center_z.0.0.bias', 'decoder.dense_head.heads_list.4.center_z.0.1.weight', 'decoder.dense_head.heads_list.4.center_z.0.1.bias', 'decoder.dense_head.heads_list.4.center_z.0.1.running_mean', 'decoder.dense_head.heads_list.4.center_z.0.1.running_var', 'decoder.dense_head.heads_list.4.center_z.1.weight', 'decoder.dense_head.heads_list.4.center_z.1.bias', 'decoder.dense_head.heads_list.4.dim.0.0.weight', 'decoder.dense_head.heads_list.4.dim.0.0.bias', 'decoder.dense_head.heads_list.4.dim.0.1.weight', 'decoder.dense_head.heads_list.4.dim.0.1.bias', 'decoder.dense_head.heads_list.4.dim.0.1.running_mean', 'decoder.dense_head.heads_list.4.dim.0.1.running_var', 'decoder.dense_head.heads_list.4.dim.1.weight', 'decoder.dense_head.heads_list.4.dim.1.bias', 'decoder.dense_head.heads_list.4.rot.0.0.weight', 'decoder.dense_head.heads_list.4.rot.0.0.bias', 'decoder.dense_head.heads_list.4.rot.0.1.weight', 'decoder.dense_head.heads_list.4.rot.0.1.bias', 'decoder.dense_head.heads_list.4.rot.0.1.running_mean', 'decoder.dense_head.heads_list.4.rot.0.1.running_var', 'decoder.dense_head.heads_list.4.rot.1.weight', 'decoder.dense_head.heads_list.4.rot.1.bias', 'decoder.dense_head.heads_list.4.vel.0.0.weight', 'decoder.dense_head.heads_list.4.vel.0.0.bias', 'decoder.dense_head.heads_list.4.vel.0.1.weight', 'decoder.dense_head.heads_list.4.vel.0.1.bias', 'decoder.dense_head.heads_list.4.vel.0.1.running_mean', 'decoder.dense_head.heads_list.4.vel.0.1.running_var', 'decoder.dense_head.heads_list.4.vel.1.weight', 'decoder.dense_head.heads_list.4.vel.1.bias', 'decoder.dense_head.heads_list.4.hm.0.0.weight', 'decoder.dense_head.heads_list.4.hm.0.0.bias', 'decoder.dense_head.heads_list.4.hm.0.1.weight', 'decoder.dense_head.heads_list.4.hm.0.1.bias', 'decoder.dense_head.heads_list.4.hm.0.1.running_mean', 'decoder.dense_head.heads_list.4.hm.0.1.running_var', 'decoder.dense_head.heads_list.4.hm.1.weight', 'decoder.dense_head.heads_list.4.hm.1.bias', 'decoder.dense_head.heads_list.5.center.0.0.weight', 'decoder.dense_head.heads_list.5.center.0.0.bias', 'decoder.dense_head.heads_list.5.center.0.1.weight', 'decoder.dense_head.heads_list.5.center.0.1.bias', 'decoder.dense_head.heads_list.5.center.0.1.running_mean', 'decoder.dense_head.heads_list.5.center.0.1.running_var', 'decoder.dense_head.heads_list.5.center.1.weight', 'decoder.dense_head.heads_list.5.center.1.bias', 'decoder.dense_head.heads_list.5.center_z.0.0.weight', 'decoder.dense_head.heads_list.5.center_z.0.0.bias', 'decoder.dense_head.heads_list.5.center_z.0.1.weight', 'decoder.dense_head.heads_list.5.center_z.0.1.bias', 'decoder.dense_head.heads_list.5.center_z.0.1.running_mean', 'decoder.dense_head.heads_list.5.center_z.0.1.running_var', 'decoder.dense_head.heads_list.5.center_z.1.weight', 'decoder.dense_head.heads_list.5.center_z.1.bias', 'decoder.dense_head.heads_list.5.dim.0.0.weight', 'decoder.dense_head.heads_list.5.dim.0.0.bias', 'decoder.dense_head.heads_list.5.dim.0.1.weight', 'decoder.dense_head.heads_list.5.dim.0.1.bias', 'decoder.dense_head.heads_list.5.dim.0.1.running_mean', 'decoder.dense_head.heads_list.5.dim.0.1.running_var', 'decoder.dense_head.heads_list.5.dim.1.weight', 'decoder.dense_head.heads_list.5.dim.1.bias', 'decoder.dense_head.heads_list.5.rot.0.0.weight', 'decoder.dense_head.heads_list.5.rot.0.0.bias', 'decoder.dense_head.heads_list.5.rot.0.1.weight', 'decoder.dense_head.heads_list.5.rot.0.1.bias', 'decoder.dense_head.heads_list.5.rot.0.1.running_mean', 'decoder.dense_head.heads_list.5.rot.0.1.running_var', 'decoder.dense_head.heads_list.5.rot.1.weight', 'decoder.dense_head.heads_list.5.rot.1.bias', 'decoder.dense_head.heads_list.5.vel.0.0.weight', 'decoder.dense_head.heads_list.5.vel.0.0.bias', 'decoder.dense_head.heads_list.5.vel.0.1.weight', 'decoder.dense_head.heads_list.5.vel.0.1.bias', 'decoder.dense_head.heads_list.5.vel.0.1.running_mean', 'decoder.dense_head.heads_list.5.vel.0.1.running_var', 'decoder.dense_head.heads_list.5.vel.1.weight', 'decoder.dense_head.heads_list.5.vel.1.bias', 'decoder.dense_head.heads_list.5.hm.0.0.weight', 'decoder.dense_head.heads_list.5.hm.0.0.bias', 'decoder.dense_head.heads_list.5.hm.0.1.weight', 'decoder.dense_head.heads_list.5.hm.0.1.bias', 'decoder.dense_head.heads_list.5.hm.0.1.running_mean', 'decoder.dense_head.heads_list.5.hm.0.1.running_var', 'decoder.dense_head.heads_list.5.hm.1.weight', 'decoder.dense_head.heads_list.5.hm.1.bias', 'map_decoder.pts_bbox_head.code_weights', 'map_decoder.pts_bbox_head.loss_seg.loss_fn.pos_weight', 'map_decoder.pts_bbox_head.loss_pv_seg.loss_fn.pos_weight', 'map_decoder.pts_bbox_head.map_adapter_layers.0.0.weight', 'map_decoder.pts_bbox_head.map_adapter_layers.0.0.bias', 'map_decoder.pts_bbox_head.map_adapter_layers.0.1.weight', 'map_decoder.pts_bbox_head.map_adapter_layers.0.1.bias', 'map_decoder.pts_bbox_head.map_adapter_layers.0.1.running_mean', 'map_decoder.pts_bbox_head.map_adapter_layers.0.1.running_var', 'map_decoder.pts_bbox_head.map_adapter_layers.1.weight', 'map_decoder.pts_bbox_head.map_adapter_layers.1.bias', 'map_decoder.pts_bbox_head.cls_branches.0.weight', 'map_decoder.pts_bbox_head.cls_branches.0.bias', 'map_decoder.pts_bbox_head.cls_branches.1.weight', 'map_decoder.pts_bbox_head.cls_branches.1.bias', 'map_decoder.pts_bbox_head.cls_branches.3.weight', 'map_decoder.pts_bbox_head.cls_branches.3.bias', 'map_decoder.pts_bbox_head.cls_branches.4.weight', 'map_decoder.pts_bbox_head.cls_branches.4.bias', 'map_decoder.pts_bbox_head.cls_branches.6.weight', 'map_decoder.pts_bbox_head.cls_branches.6.bias', 'map_decoder.pts_bbox_head.reg_branches.0.weight', 'map_decoder.pts_bbox_head.reg_branches.0.bias', 'map_decoder.pts_bbox_head.reg_branches.2.weight', 'map_decoder.pts_bbox_head.reg_branches.2.bias', 'map_decoder.pts_bbox_head.reg_branches.4.weight', 'map_decoder.pts_bbox_head.reg_branches.4.bias', 'map_decoder.pts_bbox_head.reg_branches.6.weight', 'map_decoder.pts_bbox_head.reg_branches.6.bias', 'planner_head.ego_query.weight', 'planner_head.ego_agent_decoder.layers.0.attentions.0.attn.in_proj_weight', 'planner_head.ego_agent_decoder.layers.0.attentions.0.attn.in_proj_bias', 'planner_head.ego_agent_decoder.layers.0.attentions.0.attn.out_proj.weight', 'planner_head.ego_agent_decoder.layers.0.attentions.0.attn.out_proj.bias', 'planner_head.ego_agent_decoder.layers.0.ffns.0.layers.0.0.weight', 'planner_head.ego_agent_decoder.layers.0.ffns.0.layers.0.0.bias', 'planner_head.ego_agent_decoder.layers.0.ffns.0.layers.1.weight', 'planner_head.ego_agent_decoder.layers.0.ffns.0.layers.1.bias', 'planner_head.ego_agent_decoder.layers.0.norms.0.weight', 'planner_head.ego_agent_decoder.layers.0.norms.0.bias', 'planner_head.ego_agent_decoder.layers.0.norms.1.weight', 'planner_head.ego_agent_decoder.layers.0.norms.1.bias', 'planner_head.ego_map_decoder.layers.0.attentions.0.attn.in_proj_weight', 'planner_head.ego_map_decoder.layers.0.attentions.0.attn.in_proj_bias', 'planner_head.ego_map_decoder.layers.0.attentions.0.attn.out_proj.weight', 'planner_head.ego_map_decoder.layers.0.attentions.0.attn.out_proj.bias', 'planner_head.ego_map_decoder.layers.0.ffns.0.layers.0.0.weight', 'planner_head.ego_map_decoder.layers.0.ffns.0.layers.0.0.bias', 'planner_head.ego_map_decoder.layers.0.ffns.0.layers.1.weight', 'planner_head.ego_map_decoder.layers.0.ffns.0.layers.1.bias', 'planner_head.ego_map_decoder.layers.0.norms.0.weight', 'planner_head.ego_map_decoder.layers.0.norms.0.bias', 'planner_head.ego_map_decoder.layers.0.norms.1.weight', 'planner_head.ego_map_decoder.layers.0.norms.1.bias', 'planner_head.ego_gaussian_decoder.layers.0.attentions.0.attn.in_proj_weight', 'planner_head.ego_gaussian_decoder.layers.0.attentions.0.attn.in_proj_bias', 'planner_head.ego_gaussian_decoder.layers.0.attentions.0.attn.out_proj.weight', 'planner_head.ego_gaussian_decoder.layers.0.attentions.0.attn.out_proj.bias', 'planner_head.ego_gaussian_decoder.layers.0.ffns.0.layers.0.0.weight', 'planner_head.ego_gaussian_decoder.layers.0.ffns.0.layers.0.0.bias', 'planner_head.ego_gaussian_decoder.layers.0.ffns.0.layers.1.weight', 'planner_head.ego_gaussian_decoder.layers.0.ffns.0.layers.1.bias', 'planner_head.ego_gaussian_decoder.layers.0.norms.0.weight', 'planner_head.ego_gaussian_decoder.layers.0.norms.0.bias', 'planner_head.ego_gaussian_decoder.layers.0.norms.1.weight', 'planner_head.ego_gaussian_decoder.layers.0.norms.1.bias', 'planner_head.ego_fut_decoder.0.weight', 'planner_head.ego_fut_decoder.0.bias', 'planner_head.ego_fut_decoder.2.weight', 'planner_head.ego_fut_decoder.2.bias', 'planner_head.ego_fut_decoder.4.weight', 'planner_head.ego_fut_decoder.4.bias', 'planner_head.agent_fus_mlp.0.weight', 'planner_head.agent_fus_mlp.0.bias', 'planner_head.agent_fus_mlp.1.weight', 'planner_head.agent_fus_mlp.1.bias', 'planner_head.agent_fus_mlp.3.weight', 'planner_head.agent_fus_mlp.3.bias', 'planner_head.map_fus_mlp.0.weight', 'planner_head.map_fus_mlp.0.bias', 'planner_head.map_fus_mlp.1.weight', 'planner_head.map_fus_mlp.1.bias', 'planner_head.map_fus_mlp.3.weight', 'planner_head.map_fus_mlp.3.bias', 'planner_head.gaussian_fus_mlp.0.weight', 'planner_head.gaussian_fus_mlp.0.bias', 'planner_head.gaussian_fus_mlp.1.weight', 'planner_head.gaussian_fus_mlp.1.bias', 'planner_head.gaussian_fus_mlp.3.weight', 'planner_head.gaussian_fus_mlp.3.bias'], unexpected_keys=['bbox_head.bld_alpha', 'bbox_head.cls_convs.0.conv.weight', 'bbox_head.cls_convs.0.conv.bias', 'bbox_head.cls_convs.0.gn.weight', 'bbox_head.cls_convs.0.gn.bias', 'bbox_head.cls_convs.1.conv.weight', 'bbox_head.cls_convs.1.conv.bias', 'bbox_head.cls_convs.1.conv.conv_offset.weight', 'bbox_head.cls_convs.1.conv.conv_offset.bias', 'bbox_head.cls_convs.1.gn.weight', 'bbox_head.cls_convs.1.gn.bias', 'bbox_head.reg_convs.0.conv.weight', 'bbox_head.reg_convs.0.conv.bias', 'bbox_head.reg_convs.0.gn.weight', 'bbox_head.reg_convs.0.gn.bias', 'bbox_head.reg_convs.1.conv.weight', 'bbox_head.reg_convs.1.conv.bias', 'bbox_head.reg_convs.1.conv.conv_offset.weight', 'bbox_head.reg_convs.1.conv.conv_offset.bias', 'bbox_head.reg_convs.1.gn.weight', 'bbox_head.reg_convs.1.gn.bias', 'bbox_head.conv_cls_prev.0.conv.weight', 'bbox_head.conv_cls_prev.0.conv.bias', 'bbox_head.conv_cls_prev.0.gn.weight', 'bbox_head.conv_cls_prev.0.gn.bias', 'bbox_head.conv_cls.weight', 'bbox_head.conv_cls.bias', 'bbox_head.conv_reg_prevs.0.0.conv.weight', 'bbox_head.conv_reg_prevs.0.0.conv.bias', 'bbox_head.conv_reg_prevs.0.0.gn.weight', 'bbox_head.conv_reg_prevs.0.0.gn.bias', 'bbox_head.conv_reg_prevs.1.0.conv.weight', 'bbox_head.conv_reg_prevs.1.0.conv.bias', 'bbox_head.conv_reg_prevs.1.0.gn.weight', 'bbox_head.conv_reg_prevs.1.0.gn.bias', 'bbox_head.conv_reg_prevs.2.0.conv.weight', 'bbox_head.conv_reg_prevs.2.0.conv.bias', 'bbox_head.conv_reg_prevs.2.0.gn.weight', 'bbox_head.conv_reg_prevs.2.0.gn.bias', 'bbox_head.conv_reg_prevs.3.0.conv.weight', 'bbox_head.conv_reg_prevs.3.0.conv.bias', 'bbox_head.conv_reg_prevs.3.0.gn.weight', 'bbox_head.conv_reg_prevs.3.0.gn.bias', 'bbox_head.conv_reg_prevs.5.0.conv.weight', 'bbox_head.conv_reg_prevs.5.0.conv.bias', 'bbox_head.conv_reg_prevs.5.0.gn.weight', 'bbox_head.conv_reg_prevs.5.0.gn.bias', 'bbox_head.conv_regs.0.weight', 'bbox_head.conv_regs.0.bias', 'bbox_head.conv_regs.1.weight', 'bbox_head.conv_regs.1.bias', 'bbox_head.conv_regs.2.weight', 'bbox_head.conv_regs.2.bias', 'bbox_head.conv_regs.3.weight', 'bbox_head.conv_regs.3.bias', 'bbox_head.conv_regs.4.weight', 'bbox_head.conv_regs.4.bias', 'bbox_head.conv_regs.5.weight', 'bbox_head.conv_regs.5.bias', 'bbox_head.conv_dir_cls_prev.0.conv.weight', 'bbox_head.conv_dir_cls_prev.0.conv.bias', 'bbox_head.conv_dir_cls_prev.0.gn.weight', 'bbox_head.conv_dir_cls_prev.0.gn.bias', 'bbox_head.conv_dir_cls.weight', 'bbox_head.conv_dir_cls.bias', 'bbox_head.conv_attr_prev.0.conv.weight', 'bbox_head.conv_attr_prev.0.conv.bias', 'bbox_head.conv_attr_prev.0.gn.weight', 'bbox_head.conv_attr_prev.0.gn.bias', 'bbox_head.conv_attr.weight', 'bbox_head.conv_attr.bias', 'bbox_head.conv_depth_cls_prev.0.conv.weight', 'bbox_head.conv_depth_cls_prev.0.conv.bias', 'bbox_head.conv_depth_cls_prev.0.gn.weight', 'bbox_head.conv_depth_cls_prev.0.gn.bias', 'bbox_head.conv_depth_cls.weight', 'bbox_head.conv_depth_cls.bias', 'bbox_head.conv_centerness_prev.0.conv.weight', 'bbox_head.conv_centerness_prev.0.conv.bias', 'bbox_head.conv_centerness_prev.0.gn.weight', 'bbox_head.conv_centerness_prev.0.gn.bias', 'bbox_head.conv_centerness.weight', 'bbox_head.conv_centerness.bias', 'bbox_head.scales.0.0.scale', 'bbox_head.scales.0.1.scale', 'bbox_head.scales.0.2.scale', 'bbox_head.scales.0.3.scale', 'bbox_head.scales.1.0.scale', 'bbox_head.scales.1.1.scale', 'bbox_head.scales.1.2.scale', 'bbox_head.scales.1.3.scale', 'bbox_head.scales.2.0.scale', 'bbox_head.scales.2.1.scale', 'bbox_head.scales.2.2.scale', 'bbox_head.scales.2.3.scale', 'bbox_head.scales.3.0.scale', 'bbox_head.scales.3.1.scale', 'bbox_head.scales.3.2.scale', 'bbox_head.scales.3.3.scale', 'bbox_head.scales.4.0.scale', 'bbox_head.scales.4.1.scale', 'bbox_head.scales.4.2.scale', 'bbox_head.scales.4.3.scale'])
06/29 09:40:59 - mmengine - INFO - [TRAIN] Epoch 0 Iter     0/750: Loss: 59.744 (59.744), grad_norm: 782.733, lr: 0.0000010, time: 95.270 (3.049)
06/29 09:40:59 - mmengine - INFO - OccupancyLoss: 23.63272, OccupancyFlowLoss: 20.37336, DetectionLoss: 15.73825
06/29 09:46:01 - mmengine - INFO - [TRAIN] Epoch 0 Iter    50/750: Loss: 63.259 (49.207), grad_norm: 407.275, lr: 0.0000029, time: 6.127 (0.008)
06/29 09:46:01 - mmengine - INFO - OccupancyLoss: 31.55988, OccupancyFlowLoss: 18.51888, DetectionLoss: 13.17994
06/29 09:51:06 - mmengine - INFO - [TRAIN] Epoch 0 Iter   100/750: Loss: 55.048 (48.297), grad_norm: 128.150, lr: 0.0000048, time: 5.823 (0.008)
06/29 09:51:06 - mmengine - INFO - OccupancyLoss: 22.10884, OccupancyFlowLoss: 18.71823, DetectionLoss: 14.22063
06/29 09:56:08 - mmengine - INFO - [TRAIN] Epoch 0 Iter   150/750: Loss: 45.516 (46.757), grad_norm: 58.583, lr: 0.0000067, time: 6.069 (0.008)
06/29 09:56:08 - mmengine - INFO - OccupancyLoss: 14.40122, OccupancyFlowLoss: 19.86110, DetectionLoss: 11.25383
06/29 10:01:06 - mmengine - INFO - [TRAIN] Epoch 0 Iter   200/750: Loss: 49.288 (42.148), grad_norm: 43.344, lr: 0.0000086, time: 5.996 (0.008)
06/29 10:01:06 - mmengine - INFO - OccupancyLoss: 18.59275, OccupancyFlowLoss: 19.41336, DetectionLoss: 11.28195
06/29 10:06:05 - mmengine - INFO - [TRAIN] Epoch 0 Iter   250/750: Loss: 40.074 (43.301), grad_norm: 20.583, lr: 0.0000105, time: 5.918 (0.008)
06/29 10:06:05 - mmengine - INFO - OccupancyLoss: 6.60908, OccupancyFlowLoss: 20.41547, DetectionLoss: 13.04939
06/29 10:11:01 - mmengine - INFO - [TRAIN] Epoch 0 Iter   300/750: Loss: 36.954 (40.799), grad_norm: 25.955, lr: 0.0000124, time: 5.962 (0.008)
06/29 10:11:01 - mmengine - INFO - OccupancyLoss: 9.62027, OccupancyFlowLoss: 19.57183, DetectionLoss: 7.76160
06/29 10:15:59 - mmengine - INFO - [TRAIN] Epoch 0 Iter   350/750: Loss: 41.805 (42.088), grad_norm: 20.671, lr: 0.0000143, time: 6.162 (0.008)
06/29 10:15:59 - mmengine - INFO - OccupancyLoss: 13.76576, OccupancyFlowLoss: 12.75375, DetectionLoss: 15.28543
06/29 10:21:00 - mmengine - INFO - [TRAIN] Epoch 0 Iter   400/750: Loss: 30.513 (39.065), grad_norm: 30.694, lr: 0.0000162, time: 6.199 (0.008)
06/29 10:21:00 - mmengine - INFO - OccupancyLoss: 9.77110, OccupancyFlowLoss: 19.56614, DetectionLoss: 1.17618
06/29 10:25:55 - mmengine - INFO - [TRAIN] Epoch 0 Iter   450/750: Loss: 45.929 (41.306), grad_norm: 48.439, lr: 0.0000181, time: 6.306 (0.008)
06/29 10:25:55 - mmengine - INFO - OccupancyLoss: 11.84919, OccupancyFlowLoss: 22.10365, DetectionLoss: 11.97605
06/29 10:31:00 - mmengine - INFO - [TRAIN] Epoch 0 Iter   500/750: Loss: 40.577 (38.820), grad_norm: 58.636, lr: 0.0000200, time: 6.060 (0.008)
06/29 10:31:00 - mmengine - INFO - OccupancyLoss: 11.81711, OccupancyFlowLoss: 20.43626, DetectionLoss: 8.32387
06/29 10:35:53 - mmengine - INFO - [TRAIN] Epoch 0 Iter   550/750: Loss: 36.988 (40.058), grad_norm: 13.401, lr: 0.0000200, time: 6.079 (0.008)
06/29 10:35:53 - mmengine - INFO - OccupancyLoss: 9.97887, OccupancyFlowLoss: 16.35678, DetectionLoss: 10.65196
06/29 10:40:45 - mmengine - INFO - [TRAIN] Epoch 0 Iter   600/750: Loss: 39.623 (40.677), grad_norm: 20.855, lr: 0.0000200, time: 5.838 (0.008)
06/29 10:40:45 - mmengine - INFO - OccupancyLoss: 7.73586, OccupancyFlowLoss: 20.21388, DetectionLoss: 11.67344
06/29 10:45:35 - mmengine - INFO - [TRAIN] Epoch 0 Iter   650/750: Loss: 38.636 (39.363), grad_norm: 27.187, lr: 0.0000200, time: 5.493 (0.008)
06/29 10:45:35 - mmengine - INFO - OccupancyLoss: 14.17529, OccupancyFlowLoss: 19.40355, DetectionLoss: 5.05755
06/29 10:50:28 - mmengine - INFO - [TRAIN] Epoch 0 Iter   700/750: Loss: 47.033 (38.450), grad_norm: 22.831, lr: 0.0000200, time: 5.653 (0.008)
06/29 10:50:28 - mmengine - INFO - OccupancyLoss: 18.09611, OccupancyFlowLoss: 17.72917, DetectionLoss: 11.20800
06/29 10:55:24 - mmengine - INFO - [EVAL] Epoch 1 Iter     0: Loss: 39.030 (39.030)
06/29 10:55:24 - mmengine - INFO - OccupancyLoss: 9.20860, OccupancyFlowLoss: 21.96392, DetectionLoss: 7.85737
06/29 10:56:51 - mmengine - INFO - [EVAL] Epoch 1 Iter    50: Loss: 33.379 (38.097)
06/29 10:56:51 - mmengine - INFO - OccupancyLoss: 7.61551, OccupancyFlowLoss: 20.27672, DetectionLoss: 5.48676
06/29 10:58:09 - mmengine - INFO - [EVAL] Epoch 1 Iter   100: Loss: 37.457 (37.511)
06/29 10:58:09 - mmengine - INFO - OccupancyLoss: 12.00777, OccupancyFlowLoss: 19.31217, DetectionLoss: 6.13692
06/29 10:59:24 - mmengine - INFO - [EVAL] Epoch 1 Iter   150: Loss: 17.666 (38.157)
06/29 10:59:24 - mmengine - INFO - OccupancyLoss: 9.36252, OccupancyFlowLoss: 6.81454, DetectionLoss: 1.48896
06/29 11:00:36 - mmengine - INFO - [EVAL] Epoch 1 Iter   200: Loss: 29.091 (38.450)
06/29 11:00:36 - mmengine - INFO - OccupancyLoss: 13.45452, OccupancyFlowLoss: 9.53154, DetectionLoss: 6.10478
06/29 11:01:49 - mmengine - INFO - [EVAL] Epoch 1 Iter   250: Loss: 42.145 (38.697)
06/29 11:01:49 - mmengine - INFO - OccupancyLoss: 11.65102, OccupancyFlowLoss: 20.79947, DetectionLoss: 9.69477
06/29 11:02:57 - mmengine - INFO - [EVAL] Epoch 1 Iter   300: Loss: 38.621 (38.448)
06/29 11:02:57 - mmengine - INFO - OccupancyLoss: 10.57181, OccupancyFlowLoss: 21.95070, DetectionLoss: 6.09811
06/29 11:04:06 - mmengine - INFO - [EVAL] Epoch 1 Iter   350: Loss: 28.857 (38.644)
06/29 11:04:06 - mmengine - INFO - OccupancyLoss: 9.96046, OccupancyFlowLoss: 10.10363, DetectionLoss: 8.79266
06/29 11:05:11 - mmengine - INFO - [EVAL] Epoch 1 Iter   400: Loss: 26.304 (38.454)
06/29 11:05:11 - mmengine - INFO - OccupancyLoss: 11.25883, OccupancyFlowLoss: 3.36047, DetectionLoss: 11.68450
06/29 11:06:15 - mmengine - INFO - [EVAL] Epoch 1 Iter   450: Loss: 49.136 (38.496)
06/29 11:06:15 - mmengine - INFO - OccupancyLoss: 13.82951, OccupancyFlowLoss: 19.97374, DetectionLoss: 15.33245
06/29 11:07:17 - mmengine - INFO - Validation per class iou none:
06/29 11:07:17 - mmengine - INFO - barrier : 0.00%, 0.33, 0.00
06/29 11:07:17 - mmengine - INFO - bicycle : 0.00%, 0.00, 0.00
06/29 11:07:17 - mmengine - INFO - bus : 0.00%, 0.00, 0.00
06/29 11:07:17 - mmengine - INFO - car : 4.43%, 0.25, 0.05
06/29 11:07:17 - mmengine - INFO - construction_vehicle : 0.00%, 0.00, 0.00
06/29 11:07:17 - mmengine - INFO - motorcycle : 0.00%, 0.00, 0.00
06/29 11:07:17 - mmengine - INFO - pedestrian : 0.00%, 0.00, 0.00
06/29 11:07:17 - mmengine - INFO - traffic_cone : 0.00%, 0.00, 0.00
06/29 11:07:17 - mmengine - INFO - trailer : 0.00%, 0.00, 0.00
06/29 11:07:17 - mmengine - INFO - truck : 0.00%, 0.00, 0.00
06/29 11:07:17 - mmengine - INFO - driveable_surface : 26.60%, 0.55, 0.34
06/29 11:07:17 - mmengine - INFO - other_flat : 0.00%, 0.00, 0.00
06/29 11:07:17 - mmengine - INFO - sidewalk : 8.58%, 0.26, 0.11
06/29 11:07:17 - mmengine - INFO - terrain : 2.82%, 0.18, 0.03
06/29 11:07:17 - mmengine - INFO - manmade : 1.16%, 0.19, 0.01
06/29 11:07:17 - mmengine - INFO - vegetation : 4.74%, 0.24, 0.06
06/29 11:07:17 - mmengine - INFO - tensor([  213109,    14566,   204192,  1435223,   106632,    22025,   206833,
           42653,   134799,   555406,  7051599,   345594,  2482869,  3418334,
         7852446,  8317553, 32659904], device='cuda:0', dtype=torch.int32)
06/29 11:07:17 - mmengine - INFO - tensor([      1,       0,       0,   73462,       0,       0,       0,       0,
              0,       0, 2384640,       0,  281715,  110624,   95759,  465289,
        5502169], device='cuda:0', dtype=torch.int32)
06/29 11:07:17 - mmengine - INFO - tensor([      3,       0,       0,  296375,       4,       0,       0,       0,
             68,       0, 4299347,       0, 1083909,  610410,  505463, 1966159,
        8761738], device='cuda:0', dtype=torch.int32)
06/29 11:07:17 - mmengine - INFO - mIoU: 3.020213139336647, iou2: 15.31806755065918
06/29 11:07:17 - mmengine - INFO - Current val loss is 38.585
06/29 11:07:36 - mmengine - INFO - [TRAIN] Epoch 1 Iter     0/750: Loss: 40.229 (40.229), grad_norm: 26.701, lr: 0.0000200, time: 9.169 (3.648)
06/29 11:07:36 - mmengine - INFO - OccupancyLoss: 9.59358, OccupancyFlowLoss: 20.25726, DetectionLoss: 10.37830
06/29 11:12:26 - mmengine - INFO - [TRAIN] Epoch 1 Iter    50/750: Loss: 25.195 (38.005), grad_norm: 29.418, lr: 0.0000200, time: 5.976 (0.008)
06/29 11:12:26 - mmengine - INFO - OccupancyLoss: 10.67920, OccupancyFlowLoss: 9.29403, DetectionLoss: 5.22195
06/29 11:17:17 - mmengine - INFO - [TRAIN] Epoch 1 Iter   100/750: Loss: 38.229 (36.856), grad_norm: 22.313, lr: 0.0000200, time: 5.721 (0.008)
06/29 11:17:17 - mmengine - INFO - OccupancyLoss: 10.91917, OccupancyFlowLoss: 20.55006, DetectionLoss: 6.75994
06/29 11:22:11 - mmengine - INFO - [TRAIN] Epoch 1 Iter   150/750: Loss: 34.223 (38.835), grad_norm: 20.198, lr: 0.0000200, time: 5.966 (0.008)
06/29 11:22:11 - mmengine - INFO - OccupancyLoss: 10.21620, OccupancyFlowLoss: 18.97346, DetectionLoss: 5.03317
06/29 11:27:01 - mmengine - INFO - [TRAIN] Epoch 1 Iter   200/750: Loss: 28.509 (35.720), grad_norm: 20.783, lr: 0.0000200, time: 5.835 (0.008)
06/29 11:27:01 - mmengine - INFO - OccupancyLoss: 6.73905, OccupancyFlowLoss: 18.54549, DetectionLoss: 3.22480
06/29 11:31:53 - mmengine - INFO - [TRAIN] Epoch 1 Iter   250/750: Loss: 34.862 (38.409), grad_norm: 35.409, lr: 0.0000200, time: 6.014 (0.008)
06/29 11:31:53 - mmengine - INFO - OccupancyLoss: 6.67152, OccupancyFlowLoss: 19.36215, DetectionLoss: 8.82786
06/29 11:36:41 - mmengine - INFO - [TRAIN] Epoch 1 Iter   300/750: Loss: 42.221 (36.120), grad_norm: 17.305, lr: 0.0000200, time: 5.802 (0.008)
06/29 11:36:41 - mmengine - INFO - OccupancyLoss: 12.56293, OccupancyFlowLoss: 19.22722, DetectionLoss: 10.43058
06/29 11:41:29 - mmengine - INFO - [TRAIN] Epoch 1 Iter   350/750: Loss: 40.634 (37.110), grad_norm: 20.412, lr: 0.0000200, time: 5.625 (0.008)
06/29 11:41:29 - mmengine - INFO - OccupancyLoss: 17.83083, OccupancyFlowLoss: 17.60448, DetectionLoss: 5.19845
06/29 11:46:17 - mmengine - INFO - [TRAIN] Epoch 1 Iter   400/750: Loss: 31.888 (36.147), grad_norm: 29.463, lr: 0.0000200, time: 5.998 (0.008)
06/29 11:46:17 - mmengine - INFO - OccupancyLoss: 8.64249, OccupancyFlowLoss: 18.53145, DetectionLoss: 4.71375
06/29 11:51:08 - mmengine - INFO - [TRAIN] Epoch 1 Iter   450/750: Loss: 37.712 (36.360), grad_norm: 22.988, lr: 0.0000200, time: 5.836 (0.008)
06/29 11:51:08 - mmengine - INFO - OccupancyLoss: 13.51883, OccupancyFlowLoss: 17.92446, DetectionLoss: 6.26915
06/29 11:55:58 - mmengine - INFO - [TRAIN] Epoch 1 Iter   500/750: Loss: 38.551 (36.616), grad_norm: 27.165, lr: 0.0000200, time: 5.533 (0.008)
06/29 11:55:58 - mmengine - INFO - OccupancyLoss: 10.24140, OccupancyFlowLoss: 17.98611, DetectionLoss: 10.32375
06/29 12:00:48 - mmengine - INFO - [TRAIN] Epoch 1 Iter   550/750: Loss: 33.805 (35.825), grad_norm: 31.422, lr: 0.0000200, time: 5.634 (0.008)
06/29 12:00:48 - mmengine - INFO - OccupancyLoss: 9.52367, OccupancyFlowLoss: 17.86661, DetectionLoss: 6.41437
06/29 12:05:40 - mmengine - INFO - [TRAIN] Epoch 1 Iter   600/750: Loss: 41.593 (36.094), grad_norm: 35.884, lr: 0.0000200, time: 5.802 (0.008)
06/29 12:05:40 - mmengine - INFO - OccupancyLoss: 9.66357, OccupancyFlowLoss: 17.98382, DetectionLoss: 13.94570
06/29 12:10:34 - mmengine - INFO - [TRAIN] Epoch 1 Iter   650/750: Loss: 39.660 (36.591), grad_norm: 30.007, lr: 0.0000200, time: 5.583 (0.008)
06/29 12:10:34 - mmengine - INFO - OccupancyLoss: 10.79724, OccupancyFlowLoss: 17.83903, DetectionLoss: 11.02341
06/29 12:15:25 - mmengine - INFO - [TRAIN] Epoch 1 Iter   700/750: Loss: 40.781 (34.590), grad_norm: 25.563, lr: 0.0000200, time: 5.572 (0.008)
06/29 12:15:25 - mmengine - INFO - OccupancyLoss: 16.09332, OccupancyFlowLoss: 17.69780, DetectionLoss: 6.99033
06/29 12:20:16 - mmengine - INFO - [EVAL] Epoch 2 Iter     0: Loss: 32.800 (32.800)
06/29 12:20:16 - mmengine - INFO - OccupancyLoss: 7.45370, OccupancyFlowLoss: 18.01862, DetectionLoss: 7.32730
06/29 12:21:17 - mmengine - INFO - [EVAL] Epoch 2 Iter    50: Loss: 30.411 (34.175)
06/29 12:21:17 - mmengine - INFO - OccupancyLoss: 7.15418, OccupancyFlowLoss: 17.88841, DetectionLoss: 5.36811
06/29 12:22:19 - mmengine - INFO - [EVAL] Epoch 2 Iter   100: Loss: 34.305 (33.863)
06/29 12:22:19 - mmengine - INFO - OccupancyLoss: 10.85676, OccupancyFlowLoss: 17.51588, DetectionLoss: 5.93267
06/29 12:23:21 - mmengine - INFO - [EVAL] Epoch 2 Iter   150: Loss: 14.944 (34.469)
06/29 12:23:21 - mmengine - INFO - OccupancyLoss: 7.92660, OccupancyFlowLoss: 6.04542, DetectionLoss: 0.97167
06/29 12:24:23 - mmengine - INFO - [EVAL] Epoch 2 Iter   200: Loss: 26.344 (34.706)
06/29 12:24:23 - mmengine - INFO - OccupancyLoss: 11.65459, OccupancyFlowLoss: 8.80772, DetectionLoss: 5.88180
06/29 12:25:25 - mmengine - INFO - [EVAL] Epoch 2 Iter   250: Loss: 37.690 (34.894)
06/29 12:25:25 - mmengine - INFO - OccupancyLoss: 10.17522, OccupancyFlowLoss: 17.83037, DetectionLoss: 9.68418
06/29 12:26:28 - mmengine - INFO - [EVAL] Epoch 2 Iter   300: Loss: 33.197 (34.680)
06/29 12:26:28 - mmengine - INFO - OccupancyLoss: 10.09991, OccupancyFlowLoss: 17.70670, DetectionLoss: 5.39078
06/29 12:27:31 - mmengine - INFO - [EVAL] Epoch 2 Iter   350: Loss: 26.388 (34.847)
06/29 12:27:31 - mmengine - INFO - OccupancyLoss: 9.15442, OccupancyFlowLoss: 9.01601, DetectionLoss: 8.21764
06/29 12:28:34 - mmengine - INFO - [EVAL] Epoch 2 Iter   400: Loss: 23.953 (34.711)
06/29 12:28:34 - mmengine - INFO - OccupancyLoss: 9.60888, OccupancyFlowLoss: 2.97311, DetectionLoss: 11.37116
06/29 12:29:37 - mmengine - INFO - [EVAL] Epoch 2 Iter   450: Loss: 45.172 (34.738)
06/29 12:29:37 - mmengine - INFO - OccupancyLoss: 11.26427, OccupancyFlowLoss: 17.67608, DetectionLoss: 16.23181
06/29 12:30:38 - mmengine - INFO - Validation per class iou none:
06/29 12:30:38 - mmengine - INFO - barrier : 0.00%, 0.00, 0.00
06/29 12:30:38 - mmengine - INFO - bicycle : 0.00%, 0.00, 0.00
06/29 12:30:38 - mmengine - INFO - bus : 0.00%, 0.00, 0.00
06/29 12:30:38 - mmengine - INFO - car : 6.79%, 0.26, 0.08
06/29 12:30:38 - mmengine - INFO - construction_vehicle : 0.00%, 0.00, 0.00
06/29 12:30:38 - mmengine - INFO - motorcycle : 0.00%, 0.00, 0.00
06/29 12:30:38 - mmengine - INFO - pedestrian : 0.00%, 0.00, 0.00
06/29 12:30:38 - mmengine - INFO - traffic_cone : 0.00%, 0.00, 0.00
06/29 12:30:38 - mmengine - INFO - trailer : 0.00%, 0.00, 0.00
06/29 12:30:38 - mmengine - INFO - truck : 0.00%, 0.33, 0.00
06/29 12:30:38 - mmengine - INFO - driveable_surface : 26.84%, 0.50, 0.37
06/29 12:30:38 - mmengine - INFO - other_flat : 0.00%, 0.00, 0.00
06/29 12:30:38 - mmengine - INFO - sidewalk : 2.13%, 0.29, 0.02
06/29 12:30:38 - mmengine - INFO - terrain : 3.44%, 0.29, 0.04
06/29 12:30:38 - mmengine - INFO - manmade : 1.18%, 0.17, 0.01
06/29 12:30:38 - mmengine - INFO - vegetation : 8.68%, 0.32, 0.11
06/29 12:30:38 - mmengine - INFO - tensor([  213109,    14566,   204192,  1435223,   106632,    22025,   206833,
           42653,   134799,   555406,  7051599,   345594,  2482869,  3418334,
         7852446,  8317553, 32659904], device='cuda:0', dtype=torch.int32)
06/29 12:30:38 - mmengine - INFO - tensor([      0,       0,       0,  120775,       0,       0,       0,       0,
              0,       1, 2579673,       0,   55906,  128579,   98589,  880738,
        5592451], device='cuda:0', dtype=torch.int32)
06/29 12:30:38 - mmengine - INFO - tensor([      0,       0,       0,  463022,       0,       0,       0,       0,
              0,       3, 5139886,       0,  193490,  443934,  575335, 2712205,
        9527875], device='cuda:0', dtype=torch.int32)
06/29 12:30:38 - mmengine - INFO - mIoU: 3.0670272841163637, iou2: 15.28187084197998
06/29 12:30:38 - mmengine - INFO - Current val loss is 34.818
06/29 12:30:57 - mmengine - INFO - [TRAIN] Epoch 2 Iter     0/750: Loss: 53.837 (53.837), grad_norm: 91.774, lr: 0.0000200, time: 9.095 (3.178)
06/29 12:30:57 - mmengine - INFO - OccupancyLoss: 26.53920, OccupancyFlowLoss: 17.40094, DetectionLoss: 9.89638
06/29 12:35:47 - mmengine - INFO - [TRAIN] Epoch 2 Iter    50/750: Loss: 38.258 (36.090), grad_norm: 21.028, lr: 0.0000200, time: 5.724 (0.008)
06/29 12:35:47 - mmengine - INFO - OccupancyLoss: 9.41407, OccupancyFlowLoss: 17.81116, DetectionLoss: 11.03276
06/29 12:40:36 - mmengine - INFO - [TRAIN] Epoch 2 Iter   100/750: Loss: 31.577 (35.158), grad_norm: 39.356, lr: 0.0000200, time: 5.962 (0.008)
06/29 12:40:36 - mmengine - INFO - OccupancyLoss: 10.46549, OccupancyFlowLoss: 17.94523, DetectionLoss: 3.16610
06/29 12:45:24 - mmengine - INFO - [TRAIN] Epoch 2 Iter   150/750: Loss: 18.469 (35.048), grad_norm: 27.493, lr: 0.0000200, time: 5.613 (0.008)
06/29 12:45:24 - mmengine - INFO - OccupancyLoss: 13.58225, OccupancyFlowLoss: 0.00000, DetectionLoss: 4.88724
06/29 12:50:07 - mmengine - INFO - [TRAIN] Epoch 2 Iter   200/750: Loss: 33.700 (34.925), grad_norm: 62.923, lr: 0.0000200, time: 5.720 (0.008)
06/29 12:50:07 - mmengine - INFO - OccupancyLoss: 12.03361, OccupancyFlowLoss: 17.55760, DetectionLoss: 4.10851
06/29 12:55:12 - mmengine - INFO - [TRAIN] Epoch 2 Iter   250/750: Loss: 34.325 (34.474), grad_norm: 122.487, lr: 0.0000200, time: 5.855 (0.008)
06/29 12:55:12 - mmengine - INFO - OccupancyLoss: 10.39735, OccupancyFlowLoss: 17.75667, DetectionLoss: 6.17136
06/29 13:00:06 - mmengine - INFO - [TRAIN] Epoch 2 Iter   300/750: Loss: 32.028 (34.518), grad_norm: 25.367, lr: 0.0000200, time: 5.573 (0.008)
06/29 13:00:06 - mmengine - INFO - OccupancyLoss: 11.02684, OccupancyFlowLoss: 17.77968, DetectionLoss: 3.22153
06/29 13:04:48 - mmengine - INFO - [TRAIN] Epoch 2 Iter   350/750: Loss: 26.780 (33.487), grad_norm: 52.434, lr: 0.0000200, time: 5.863 (0.008)
06/29 13:04:48 - mmengine - INFO - OccupancyLoss: 9.92191, OccupancyFlowLoss: 11.78118, DetectionLoss: 5.07733
06/29 13:09:32 - mmengine - INFO - [TRAIN] Epoch 2 Iter   400/750: Loss: 27.366 (32.489), grad_norm: 33.400, lr: 0.0000200, time: 5.581 (0.008)
06/29 13:09:32 - mmengine - INFO - OccupancyLoss: 8.89826, OccupancyFlowLoss: 8.89525, DetectionLoss: 9.57234
06/29 13:14:20 - mmengine - INFO - [TRAIN] Epoch 2 Iter   450/750: Loss: 39.553 (33.371), grad_norm: 149.095, lr: 0.0000200, time: 5.937 (0.008)
06/29 13:14:20 - mmengine - INFO - OccupancyLoss: 10.57755, OccupancyFlowLoss: 17.92620, DetectionLoss: 11.04970
06/29 13:19:06 - mmengine - INFO - [TRAIN] Epoch 2 Iter   500/750: Loss: 26.658 (32.912), grad_norm: 54.841, lr: 0.0000200, time: 5.646 (0.008)
06/29 13:19:06 - mmengine - INFO - OccupancyLoss: 5.60191, OccupancyFlowLoss: 17.37930, DetectionLoss: 3.67644
06/29 13:23:53 - mmengine - INFO - [TRAIN] Epoch 2 Iter   550/750: Loss: 27.509 (34.564), grad_norm: 60.879, lr: 0.0000200, time: 5.740 (0.008)
06/29 13:23:53 - mmengine - INFO - OccupancyLoss: 9.36824, OccupancyFlowLoss: 11.77319, DetectionLoss: 6.36756
06/29 13:28:36 - mmengine - INFO - [TRAIN] Epoch 2 Iter   600/750: Loss: 37.825 (34.460), grad_norm: 25.511, lr: 0.0000200, time: 5.588 (0.008)
06/29 13:28:36 - mmengine - INFO - OccupancyLoss: 11.12338, OccupancyFlowLoss: 17.71702, DetectionLoss: 8.98449
06/29 13:33:20 - mmengine - INFO - [TRAIN] Epoch 2 Iter   650/750: Loss: 33.251 (32.377), grad_norm: 24.762, lr: 0.0000200, time: 5.593 (0.008)
06/29 13:33:20 - mmengine - INFO - OccupancyLoss: 7.77905, OccupancyFlowLoss: 17.69184, DetectionLoss: 7.78051
06/29 13:38:03 - mmengine - INFO - [TRAIN] Epoch 2 Iter   700/750: Loss: 28.828 (32.917), grad_norm: 24.063, lr: 0.0000200, time: 5.675 (0.008)
06/29 13:38:03 - mmengine - INFO - OccupancyLoss: 9.84884, OccupancyFlowLoss: 14.58527, DetectionLoss: 4.39383
06/29 13:42:47 - mmengine - INFO - [EVAL] Epoch 3 Iter     0: Loss: 33.588 (33.588)
06/29 13:42:47 - mmengine - INFO - OccupancyLoss: 8.53359, OccupancyFlowLoss: 17.98369, DetectionLoss: 7.07080
06/29 13:43:47 - mmengine - INFO - [EVAL] Epoch 3 Iter    50: Loss: 29.553 (33.819)
06/29 13:43:47 - mmengine - INFO - OccupancyLoss: 6.55235, OccupancyFlowLoss: 17.66457, DetectionLoss: 5.33597
06/29 13:44:47 - mmengine - INFO - [EVAL] Epoch 3 Iter   100: Loss: 34.328 (33.496)
06/29 13:44:47 - mmengine - INFO - OccupancyLoss: 10.77184, OccupancyFlowLoss: 17.50360, DetectionLoss: 6.05251
06/29 13:45:48 - mmengine - INFO - [EVAL] Epoch 3 Iter   150: Loss: 16.280 (34.020)
06/29 13:45:48 - mmengine - INFO - OccupancyLoss: 8.93768, OccupancyFlowLoss: 6.04240, DetectionLoss: 1.30008
06/29 13:46:49 - mmengine - INFO - [EVAL] Epoch 3 Iter   200: Loss: 25.629 (34.250)
06/29 13:46:49 - mmengine - INFO - OccupancyLoss: 11.59726, OccupancyFlowLoss: 8.75862, DetectionLoss: 5.27341
06/29 13:47:49 - mmengine - INFO - [EVAL] Epoch 3 Iter   250: Loss: 37.009 (34.486)
06/29 13:47:49 - mmengine - INFO - OccupancyLoss: 9.73988, OccupancyFlowLoss: 17.68274, DetectionLoss: 9.58597
06/29 13:48:50 - mmengine - INFO - [EVAL] Epoch 3 Iter   300: Loss: 34.066 (34.272)
06/29 13:48:50 - mmengine - INFO - OccupancyLoss: 10.89632, OccupancyFlowLoss: 17.59998, DetectionLoss: 5.56954
06/29 13:49:51 - mmengine - INFO - [EVAL] Epoch 3 Iter   350: Loss: 26.274 (34.396)
06/29 13:49:51 - mmengine - INFO - OccupancyLoss: 9.15993, OccupancyFlowLoss: 9.01147, DetectionLoss: 8.10250
06/29 13:51:03 - mmengine - INFO - [EVAL] Epoch 3 Iter   400: Loss: 23.451 (34.254)
06/29 13:51:03 - mmengine - INFO - OccupancyLoss: 9.22369, OccupancyFlowLoss: 2.95605, DetectionLoss: 11.27104
06/29 13:52:04 - mmengine - INFO - [EVAL] Epoch 3 Iter   450: Loss: 45.074 (34.267)
06/29 13:52:04 - mmengine - INFO - OccupancyLoss: 11.31378, OccupancyFlowLoss: 17.74229, DetectionLoss: 16.01789
06/29 13:53:04 - mmengine - INFO - Validation per class iou none:
06/29 13:53:04 - mmengine - INFO - barrier : 0.00%, 0.00, 0.00
06/29 13:53:04 - mmengine - INFO - bicycle : 0.00%, 0.00, 0.00
06/29 13:53:04 - mmengine - INFO - bus : 0.00%, 0.00, 0.00
06/29 13:53:04 - mmengine - INFO - car : 8.45%, 0.29, 0.11
06/29 13:53:04 - mmengine - INFO - construction_vehicle : 0.00%, 0.00, 0.00
06/29 13:53:04 - mmengine - INFO - motorcycle : 0.00%, 0.00, 0.00
06/29 13:53:04 - mmengine - INFO - pedestrian : 0.00%, 0.01, 0.00
06/29 13:53:04 - mmengine - INFO - traffic_cone : 0.00%, 0.00, 0.00
06/29 13:53:04 - mmengine - INFO - trailer : 0.00%, 0.00, 0.00
06/29 13:53:04 - mmengine - INFO - truck : 0.00%, 0.06, 0.00
06/29 13:53:04 - mmengine - INFO - driveable_surface : 29.26%, 0.49, 0.42
06/29 13:53:04 - mmengine - INFO - other_flat : 0.00%, 0.00, 0.00
06/29 13:53:04 - mmengine - INFO - sidewalk : 10.16%, 0.17, 0.20
06/29 13:53:04 - mmengine - INFO - terrain : 11.00%, 0.17, 0.24
06/29 13:53:04 - mmengine - INFO - manmade : 7.43%, 0.18, 0.11
06/29 13:53:04 - mmengine - INFO - vegetation : 14.87%, 0.23, 0.30
06/29 13:53:04 - mmengine - INFO - tensor([  213109,    14566,   204192,  1435223,   106632,    22025,   206833,
           42653,   134799,   555406,  7051599,   345594,  2482869,  3418334,
         7852446,  8317553, 32659904], device='cuda:0', dtype=torch.int32)
06/29 13:53:04 - mmengine - INFO - tensor([       0,        0,        0,   152106,        0,        0,        1,
               0,        0,       19,  2964105,        0,   503469,   827759,
          891888,  2455339, 13095506], device='cuda:0', dtype=torch.int32)
06/29 13:53:04 - mmengine - INFO - tensor([       0,        0,       16,   517131,        9,        0,      130,
               0,        0,      308,  6044407,      165,  2974329,  4932249,
         5035288, 10654116, 30158148], device='cuda:0', dtype=torch.int32)
06/29 13:53:04 - mmengine - INFO - mIoU: 5.073505249251298, iou2: 26.337158203125
06/29 13:53:04 - mmengine - INFO - Current val loss is 34.343
06/29 13:53:23 - mmengine - INFO - [TRAIN] Epoch 3 Iter     0/750: Loss: 35.639 (35.639), grad_norm: 47.581, lr: 0.0000200, time: 9.122 (3.239)
06/29 13:53:23 - mmengine - INFO - OccupancyLoss: 8.20946, OccupancyFlowLoss: 17.71802, DetectionLoss: 9.71198
06/29 13:58:04 - mmengine - INFO - [TRAIN] Epoch 3 Iter    50/750: Loss: 30.118 (34.495), grad_norm: 34.261, lr: 0.0000200, time: 5.637 (0.008)
06/29 13:58:04 - mmengine - INFO - OccupancyLoss: 7.85179, OccupancyFlowLoss: 17.62186, DetectionLoss: 4.64485
06/29 14:02:49 - mmengine - INFO - [TRAIN] Epoch 3 Iter   100/750: Loss: 31.917 (33.377), grad_norm: 28.462, lr: 0.0000200, time: 5.637 (0.008)
06/29 14:02:49 - mmengine - INFO - OccupancyLoss: 7.72058, OccupancyFlowLoss: 14.41503, DetectionLoss: 9.78176
06/29 14:07:32 - mmengine - INFO - [TRAIN] Epoch 3 Iter   150/750: Loss: 33.627 (33.469), grad_norm: 30.049, lr: 0.0000200, time: 5.734 (0.008)
06/29 14:07:32 - mmengine - INFO - OccupancyLoss: 6.66675, OccupancyFlowLoss: 17.67690, DetectionLoss: 9.28359
06/29 14:12:16 - mmengine - INFO - [TRAIN] Epoch 3 Iter   200/750: Loss: 32.399 (33.378), grad_norm: 40.153, lr: 0.0000200, time: 5.850 (0.008)
06/29 14:12:16 - mmengine - INFO - OccupancyLoss: 6.04635, OccupancyFlowLoss: 17.91401, DetectionLoss: 8.43850
06/29 14:16:57 - mmengine - INFO - [TRAIN] Epoch 3 Iter   250/750: Loss: 23.898 (33.384), grad_norm: 41.948, lr: 0.0000200, time: 5.761 (0.008)
06/29 14:16:57 - mmengine - INFO - OccupancyLoss: 9.05144, OccupancyFlowLoss: 5.99528, DetectionLoss: 8.85098
06/29 14:21:40 - mmengine - INFO - [TRAIN] Epoch 3 Iter   300/750: Loss: 42.953 (32.002), grad_norm: 34.920, lr: 0.0000200, time: 5.564 (0.008)
06/29 14:21:40 - mmengine - INFO - OccupancyLoss: 16.82113, OccupancyFlowLoss: 16.94244, DetectionLoss: 9.18975
06/29 14:26:20 - mmengine - INFO - [TRAIN] Epoch 3 Iter   350/750: Loss: 39.607 (32.451), grad_norm: 30.847, lr: 0.0000200, time: 5.638 (0.008)
06/29 14:26:20 - mmengine - INFO - OccupancyLoss: 13.32949, OccupancyFlowLoss: 17.52849, DetectionLoss: 8.74880
06/29 14:31:00 - mmengine - INFO - [TRAIN] Epoch 3 Iter   400/750: Loss: 39.137 (33.350), grad_norm: 42.634, lr: 0.0000200, time: 5.808 (0.008)
06/29 14:31:00 - mmengine - INFO - OccupancyLoss: 14.56485, OccupancyFlowLoss: 17.31805, DetectionLoss: 7.25427
06/29 14:35:40 - mmengine - INFO - [TRAIN] Epoch 3 Iter   450/750: Loss: 37.686 (34.400), grad_norm: 32.511, lr: 0.0000200, time: 5.533 (0.008)
06/29 14:35:40 - mmengine - INFO - OccupancyLoss: 12.26687, OccupancyFlowLoss: 17.40055, DetectionLoss: 8.01896
06/29 14:40:17 - mmengine - INFO - [TRAIN] Epoch 3 Iter   500/750: Loss: 35.682 (32.909), grad_norm: 24.603, lr: 0.0000200, time: 5.557 (0.008)
06/29 14:40:17 - mmengine - INFO - OccupancyLoss: 12.98541, OccupancyFlowLoss: 17.66485, DetectionLoss: 5.03131
06/29 14:44:59 - mmengine - INFO - [TRAIN] Epoch 3 Iter   550/750: Loss: 37.728 (33.418), grad_norm: 37.014, lr: 0.0000200, time: 5.575 (0.008)
06/29 14:44:59 - mmengine - INFO - OccupancyLoss: 12.49527, OccupancyFlowLoss: 17.40618, DetectionLoss: 7.82630
06/29 14:49:41 - mmengine - INFO - [TRAIN] Epoch 3 Iter   600/750: Loss: 33.397 (32.809), grad_norm: 39.379, lr: 0.0000200, time: 5.902 (0.008)
06/29 14:49:41 - mmengine - INFO - OccupancyLoss: 6.81321, OccupancyFlowLoss: 17.70890, DetectionLoss: 8.87452
06/29 14:54:26 - mmengine - INFO - [TRAIN] Epoch 3 Iter   650/750: Loss: 45.493 (33.002), grad_norm: 257.226, lr: 0.0000200, time: 5.640 (0.008)
06/29 14:54:26 - mmengine - INFO - OccupancyLoss: 24.03723, OccupancyFlowLoss: 16.72816, DetectionLoss: 4.72758
06/29 14:59:10 - mmengine - INFO - [TRAIN] Epoch 3 Iter   700/750: Loss: 22.475 (31.493), grad_norm: 51.841, lr: 0.0000200, time: 5.735 (0.008)
06/29 14:59:10 - mmengine - INFO - OccupancyLoss: 5.47329, OccupancyFlowLoss: 11.72903, DetectionLoss: 5.27295
06/29 15:03:51 - mmengine - INFO - [EVAL] Epoch 4 Iter     0: Loss: 31.187 (31.187)
06/29 15:03:51 - mmengine - INFO - OccupancyLoss: 6.77563, OccupancyFlowLoss: 17.90734, DetectionLoss: 6.50384
06/29 15:04:50 - mmengine - INFO - [EVAL] Epoch 4 Iter    50: Loss: 29.213 (32.926)
06/29 15:04:50 - mmengine - INFO - OccupancyLoss: 6.35333, OccupancyFlowLoss: 17.60168, DetectionLoss: 5.25806
06/29 15:05:49 - mmengine - INFO - [EVAL] Epoch 4 Iter   100: Loss: 33.056 (32.577)
06/29 15:05:49 - mmengine - INFO - OccupancyLoss: 9.93068, OccupancyFlowLoss: 17.59721, DetectionLoss: 5.52830
06/29 15:06:48 - mmengine - INFO - [EVAL] Epoch 4 Iter   150: Loss: 14.147 (33.099)
06/29 15:06:48 - mmengine - INFO - OccupancyLoss: 7.56376, OccupancyFlowLoss: 5.92847, DetectionLoss: 0.65439
06/29 15:07:47 - mmengine - INFO - [EVAL] Epoch 4 Iter   200: Loss: 25.217 (33.339)
06/29 15:07:47 - mmengine - INFO - OccupancyLoss: 11.22794, OccupancyFlowLoss: 8.71626, DetectionLoss: 5.27319
06/29 15:08:46 - mmengine - INFO - [EVAL] Epoch 4 Iter   250: Loss: 35.835 (33.567)
06/29 15:08:46 - mmengine - INFO - OccupancyLoss: 9.04944, OccupancyFlowLoss: 17.55649, DetectionLoss: 9.22916
06/29 15:09:45 - mmengine - INFO - [EVAL] Epoch 4 Iter   300: Loss: 33.975 (33.351)
06/29 15:09:45 - mmengine - INFO - OccupancyLoss: 10.01211, OccupancyFlowLoss: 17.60902, DetectionLoss: 6.35396
06/29 15:10:45 - mmengine - INFO - [EVAL] Epoch 4 Iter   350: Loss: 25.315 (33.469)
06/29 15:10:45 - mmengine - INFO - OccupancyLoss: 8.61251, OccupancyFlowLoss: 8.90827, DetectionLoss: 7.79420
06/29 15:11:45 - mmengine - INFO - [EVAL] Epoch 4 Iter   400: Loss: 21.569 (33.338)
06/29 15:11:45 - mmengine - INFO - OccupancyLoss: 8.54998, OccupancyFlowLoss: 2.93252, DetectionLoss: 10.08661
06/29 15:12:44 - mmengine - INFO - [EVAL] Epoch 4 Iter   450: Loss: 43.963 (33.364)
06/29 15:12:44 - mmengine - INFO - OccupancyLoss: 10.75179, OccupancyFlowLoss: 17.71049, DetectionLoss: 15.50093
06/29 15:13:42 - mmengine - INFO - Validation per class iou none:
06/29 15:13:42 - mmengine - INFO - barrier : 0.04%, 0.10, 0.00
06/29 15:13:42 - mmengine - INFO - bicycle : 0.00%, 0.00, 0.00
06/29 15:13:42 - mmengine - INFO - bus : 0.00%, 0.00, 0.00
06/29 15:13:42 - mmengine - INFO - car : 12.92%, 0.29, 0.19
06/29 15:13:42 - mmengine - INFO - construction_vehicle : 0.00%, 0.00, 0.00
06/29 15:13:42 - mmengine - INFO - motorcycle : 0.00%, 0.00, 0.00
06/29 15:13:42 - mmengine - INFO - pedestrian : 0.00%, 0.00, 0.00
06/29 15:13:42 - mmengine - INFO - traffic_cone : 0.00%, 0.00, 0.00
06/29 15:13:42 - mmengine - INFO - trailer : 0.00%, 0.11, 0.00
06/29 15:13:42 - mmengine - INFO - truck : 1.36%, 0.29, 0.01
06/29 15:13:42 - mmengine - INFO - driveable_surface : 29.82%, 0.52, 0.41
06/29 15:13:42 - mmengine - INFO - other_flat : 0.00%, 0.00, 0.00
06/29 15:13:42 - mmengine - INFO - sidewalk : 7.31%, 0.29, 0.09
06/29 15:13:42 - mmengine - INFO - terrain : 9.46%, 0.26, 0.13
06/29 15:13:42 - mmengine - INFO - manmade : 6.56%, 0.22, 0.09
06/29 15:13:42 - mmengine - INFO - vegetation : 14.87%, 0.29, 0.23
06/29 15:13:42 - mmengine - INFO - tensor([  213109,    14566,   204192,  1435223,   106632,    22025,   206833,
           42653,   134799,   555406,  7051599,   345594,  2482869,  3418334,
         7852446,  8317553, 32659904], device='cuda:0', dtype=torch.int32)
06/29 15:13:42 - mmengine - INFO - tensor([     80,       0,       0,  271625,       0,       0,       0,       0,
              1,    7795, 2921565,       0,  221590,  444065,  674118, 1934383,
        9581858], device='cuda:0', dtype=torch.int32)
06/29 15:13:42 - mmengine - INFO - tensor([     799,        0,        0,   939273,        0,        0,        0,
               6,        9,    26427,  5666406,        0,   769351,  1719698,
         3105674,  6622666, 18850308], device='cuda:0', dtype=torch.int32)
06/29 15:13:42 - mmengine - INFO - mIoU: 5.1459931111764945, iou2: 22.85293197631836
06/29 15:13:42 - mmengine - INFO - Current val loss is 33.441
06/29 15:14:01 - mmengine - INFO - [TRAIN] Epoch 4 Iter     0/750: Loss: 33.245 (33.245), grad_norm: 44.646, lr: 0.0000200, time: 8.943 (3.324)
06/29 15:14:01 - mmengine - INFO - OccupancyLoss: 10.19536, OccupancyFlowLoss: 17.64437, DetectionLoss: 5.40540
06/29 15:18:41 - mmengine - INFO - [TRAIN] Epoch 4 Iter    50/750: Loss: 34.248 (33.092), grad_norm: 27.943, lr: 0.0000200, time: 5.612 (0.008)
06/29 15:18:41 - mmengine - INFO - OccupancyLoss: 9.26441, OccupancyFlowLoss: 17.89453, DetectionLoss: 7.08875
06/29 15:23:23 - mmengine - INFO - [TRAIN] Epoch 4 Iter   100/750: Loss: 28.534 (32.597), grad_norm: 34.855, lr: 0.0000200, time: 5.632 (0.008)
06/29 15:23:23 - mmengine - INFO - OccupancyLoss: 7.65992, OccupancyFlowLoss: 17.39970, DetectionLoss: 3.47408
06/29 15:28:02 - mmengine - INFO - [TRAIN] Epoch 4 Iter   150/750: Loss: 30.028 (33.677), grad_norm: 37.144, lr: 0.0000200, time: 5.684 (0.008)
06/29 15:28:02 - mmengine - INFO - OccupancyLoss: 12.79562, OccupancyFlowLoss: 14.38246, DetectionLoss: 2.84951
06/29 15:32:40 - mmengine - INFO - [TRAIN] Epoch 4 Iter   200/750: Loss: 29.964 (33.368), grad_norm: 35.954, lr: 0.0000200, time: 5.498 (0.008)
06/29 15:32:40 - mmengine - INFO - OccupancyLoss: 9.45900, OccupancyFlowLoss: 17.31030, DetectionLoss: 3.19499
06/29 15:37:18 - mmengine - INFO - [TRAIN] Epoch 4 Iter   250/750: Loss: 35.437 (33.028), grad_norm: 27.458, lr: 0.0000200, time: 5.340 (0.008)
06/29 15:37:18 - mmengine - INFO - OccupancyLoss: 9.60082, OccupancyFlowLoss: 17.79422, DetectionLoss: 8.04157
06/29 15:41:57 - mmengine - INFO - [TRAIN] Epoch 4 Iter   300/750: Loss: 34.625 (32.143), grad_norm: 41.099, lr: 0.0000200, time: 5.516 (0.008)
06/29 15:41:57 - mmengine - INFO - OccupancyLoss: 12.62896, OccupancyFlowLoss: 17.66711, DetectionLoss: 4.32858
06/29 15:46:37 - mmengine - INFO - [TRAIN] Epoch 4 Iter   350/750: Loss: 38.157 (33.222), grad_norm: 23.361, lr: 0.0000200, time: 5.610 (0.008)
06/29 15:46:37 - mmengine - INFO - OccupancyLoss: 9.85289, OccupancyFlowLoss: 17.70085, DetectionLoss: 10.60289
06/29 15:51:18 - mmengine - INFO - [TRAIN] Epoch 4 Iter   400/750: Loss: 37.777 (32.530), grad_norm: 55.618, lr: 0.0000200, time: 5.503 (0.008)
06/29 15:51:18 - mmengine - INFO - OccupancyLoss: 9.73986, OccupancyFlowLoss: 17.40611, DetectionLoss: 10.63142
06/29 15:55:59 - mmengine - INFO - [TRAIN] Epoch 4 Iter   450/750: Loss: 33.825 (31.651), grad_norm: 35.110, lr: 0.0000200, time: 5.542 (0.008)
06/29 15:55:59 - mmengine - INFO - OccupancyLoss: 12.31359, OccupancyFlowLoss: 17.22870, DetectionLoss: 4.28281
06/29 16:00:40 - mmengine - INFO - [TRAIN] Epoch 4 Iter   500/750: Loss: 37.586 (32.931), grad_norm: 37.635, lr: 0.0000200, time: 5.558 (0.008)
06/29 16:00:40 - mmengine - INFO - OccupancyLoss: 15.11947, OccupancyFlowLoss: 17.52061, DetectionLoss: 4.94547
06/29 16:05:24 - mmengine - INFO - [TRAIN] Epoch 4 Iter   550/750: Loss: 37.646 (31.439), grad_norm: 54.754, lr: 0.0000200, time: 5.636 (0.008)
06/29 16:05:24 - mmengine - INFO - OccupancyLoss: 10.86676, OccupancyFlowLoss: 17.24322, DetectionLoss: 9.53567
06/29 16:10:05 - mmengine - INFO - [TRAIN] Epoch 4 Iter   600/750: Loss: 34.134 (33.267), grad_norm: 37.671, lr: 0.0000200, time: 5.906 (0.008)
06/29 16:10:05 - mmengine - INFO - OccupancyLoss: 12.50677, OccupancyFlowLoss: 17.09470, DetectionLoss: 4.53277
06/29 16:15:01 - mmengine - INFO - [TRAIN] Epoch 4 Iter   650/750: Loss: 27.889 (33.121), grad_norm: 32.077, lr: 0.0000200, time: 5.760 (0.008)
06/29 16:15:01 - mmengine - INFO - OccupancyLoss: 5.53120, OccupancyFlowLoss: 17.44885, DetectionLoss: 4.90897
06/29 16:20:05 - mmengine - INFO - [TRAIN] Epoch 4 Iter   700/750: Loss: 35.953 (31.978), grad_norm: 57.122, lr: 0.0000200, time: 5.509 (0.008)
06/29 16:20:05 - mmengine - INFO - OccupancyLoss: 8.41361, OccupancyFlowLoss: 17.29865, DetectionLoss: 10.24067
06/29 16:24:47 - mmengine - INFO - [EVAL] Epoch 5 Iter     0: Loss: 31.742 (31.742)
06/29 16:24:47 - mmengine - INFO - OccupancyLoss: 7.06569, OccupancyFlowLoss: 17.86913, DetectionLoss: 6.80698
06/29 16:25:47 - mmengine - INFO - [EVAL] Epoch 5 Iter    50: Loss: 28.496 (32.324)
06/29 16:25:47 - mmengine - INFO - OccupancyLoss: 6.05334, OccupancyFlowLoss: 17.47716, DetectionLoss: 4.96520
06/29 16:26:47 - mmengine - INFO - [EVAL] Epoch 5 Iter   100: Loss: 33.770 (31.921)
06/29 16:26:47 - mmengine - INFO - OccupancyLoss: 10.28647, OccupancyFlowLoss: 17.54761, DetectionLoss: 5.93587
06/29 16:27:47 - mmengine - INFO - [EVAL] Epoch 5 Iter   150: Loss: 14.359 (32.401)
06/29 16:27:47 - mmengine - INFO - OccupancyLoss: 7.82259, OccupancyFlowLoss: 5.90590, DetectionLoss: 0.63075
06/29 16:28:47 - mmengine - INFO - [EVAL] Epoch 5 Iter   200: Loss: 23.964 (32.659)
06/29 16:28:47 - mmengine - INFO - OccupancyLoss: 10.69373, OccupancyFlowLoss: 8.59999, DetectionLoss: 4.67061
06/29 16:29:47 - mmengine - INFO - [EVAL] Epoch 5 Iter   250: Loss: 36.275 (32.887)
06/29 16:29:47 - mmengine - INFO - OccupancyLoss: 9.36808, OccupancyFlowLoss: 17.52180, DetectionLoss: 9.38545
06/29 16:30:47 - mmengine - INFO - [EVAL] Epoch 5 Iter   300: Loss: 33.516 (32.687)
06/29 16:30:47 - mmengine - INFO - OccupancyLoss: 10.14315, OccupancyFlowLoss: 17.61992, DetectionLoss: 5.75340
06/29 16:31:48 - mmengine - INFO - [EVAL] Epoch 5 Iter   350: Loss: 24.999 (32.801)
06/29 16:31:48 - mmengine - INFO - OccupancyLoss: 8.32871, OccupancyFlowLoss: 8.86197, DetectionLoss: 7.80782
06/29 16:32:48 - mmengine - INFO - [EVAL] Epoch 5 Iter   400: Loss: 20.835 (32.674)
06/29 16:32:48 - mmengine - INFO - OccupancyLoss: 8.44390, OccupancyFlowLoss: 2.93100, DetectionLoss: 9.46011
06/29 16:33:49 - mmengine - INFO - [EVAL] Epoch 5 Iter   450: Loss: 43.578 (32.696)
06/29 16:33:49 - mmengine - INFO - OccupancyLoss: 10.26907, OccupancyFlowLoss: 17.67550, DetectionLoss: 15.63388
06/29 16:34:48 - mmengine - INFO - Validation per class iou none:
06/29 16:34:48 - mmengine - INFO - barrier : 0.00%, 0.00, 0.00
06/29 16:34:48 - mmengine - INFO - bicycle : 0.00%, 0.00, 0.00
06/29 16:34:48 - mmengine - INFO - bus : 0.13%, 0.03, 0.00
06/29 16:34:48 - mmengine - INFO - car : 18.31%, 0.32, 0.30
06/29 16:34:48 - mmengine - INFO - construction_vehicle : 0.00%, 0.00, 0.00
06/29 16:34:48 - mmengine - INFO - motorcycle : 0.00%, 0.00, 0.00
06/29 16:34:48 - mmengine - INFO - pedestrian : 0.00%, 0.00, 0.00
06/29 16:34:48 - mmengine - INFO - traffic_cone : 0.00%, 0.00, 0.00
06/29 16:34:48 - mmengine - INFO - trailer : 0.00%, 0.00, 0.00
06/29 16:34:48 - mmengine - INFO - truck : 1.97%, 0.34, 0.02
06/29 16:34:48 - mmengine - INFO - driveable_surface : 31.14%, 0.54, 0.43
06/29 16:34:48 - mmengine - INFO - other_flat : 0.00%, 0.00, 0.00
06/29 16:34:48 - mmengine - INFO - sidewalk : 7.99%, 0.30, 0.10
06/29 16:34:48 - mmengine - INFO - terrain : 12.94%, 0.24, 0.22
06/29 16:34:48 - mmengine - INFO - manmade : 5.59%, 0.26, 0.07
06/29 16:34:48 - mmengine - INFO - vegetation : 15.95%, 0.25, 0.31
06/29 16:34:48 - mmengine - INFO - tensor([  213109,    14566,   204192,  1435223,   106632,    22025,   206833,
           42653,   134799,   555406,  7051599,   345594,  2482869,  3418334,
         7852446,  8317553, 32659904], device='cuda:0', dtype=torch.int32)
06/29 16:34:48 - mmengine - INFO - tensor([       0,        0,      269,   436227,        0,        0,        0,
               0,        0,    11347,  2998059,        0,   244139,   755039,
          520941,  2587772, 11495013], device='cuda:0', dtype=torch.int32)
06/29 16:34:48 - mmengine - INFO - tensor([       0,        0,     7689,  1382993,        0,        0,        8,
               0,        0,    33259,  5572601,        2,   816841,  3170072,
         1987665, 10490750, 23461880], device='cuda:0', dtype=torch.int32)
06/29 16:34:48 - mmengine - INFO - mIoU: 5.876763191918144, iou2: 25.758108139038086
06/29 16:34:48 - mmengine - INFO - Current val loss is 32.760
06/29 16:35:07 - mmengine - INFO - [TRAIN] Epoch 5 Iter     0/750: Loss: 26.141 (26.141), grad_norm: 35.462, lr: 0.0000200, time: 8.971 (3.229)
06/29 16:35:07 - mmengine - INFO - OccupancyLoss: 5.33408, OccupancyFlowLoss: 17.45506, DetectionLoss: 3.35222
06/29 16:39:47 - mmengine - INFO - [TRAIN] Epoch 5 Iter    50/750: Loss: 28.641 (30.354), grad_norm: 36.608, lr: 0.0000200, time: 5.653 (0.008)
06/29 16:39:47 - mmengine - INFO - OccupancyLoss: 7.83126, OccupancyFlowLoss: 17.29202, DetectionLoss: 3.51777
06/29 16:44:29 - mmengine - INFO - [TRAIN] Epoch 5 Iter   100/750: Loss: 37.153 (33.137), grad_norm: 55.429, lr: 0.0000200, time: 5.631 (0.008)
06/29 16:44:29 - mmengine - INFO - OccupancyLoss: 9.20353, OccupancyFlowLoss: 17.54087, DetectionLoss: 10.40905
06/29 16:49:12 - mmengine - INFO - [TRAIN] Epoch 5 Iter   150/750: Loss: 26.842 (32.662), grad_norm: 29.654, lr: 0.0000200, time: 5.601 (0.008)
06/29 16:49:12 - mmengine - INFO - OccupancyLoss: 8.00995, OccupancyFlowLoss: 17.44904, DetectionLoss: 1.38292
06/29 16:53:57 - mmengine - INFO - [TRAIN] Epoch 5 Iter   200/750: Loss: 30.887 (33.651), grad_norm: 45.963, lr: 0.0000200, time: 5.778 (0.008)
06/29 16:53:57 - mmengine - INFO - OccupancyLoss: 9.81457, OccupancyFlowLoss: 17.66613, DetectionLoss: 3.40675
06/29 16:58:44 - mmengine - INFO - [TRAIN] Epoch 5 Iter   250/750: Loss: 28.515 (31.477), grad_norm: 56.240, lr: 0.0000200, time: 5.895 (0.008)
06/29 16:58:44 - mmengine - INFO - OccupancyLoss: 9.23918, OccupancyFlowLoss: 17.54465, DetectionLoss: 1.73093
06/29 17:03:34 - mmengine - INFO - [TRAIN] Epoch 5 Iter   300/750: Loss: 34.097 (32.338), grad_norm: 56.773, lr: 0.0000200, time: 5.766 (0.008)
06/29 17:03:34 - mmengine - INFO - OccupancyLoss: 9.13970, OccupancyFlowLoss: 17.21486, DetectionLoss: 7.74221
06/29 17:08:36 - mmengine - INFO - [TRAIN] Epoch 5 Iter   350/750: Loss: 30.025 (33.018), grad_norm: 33.507, lr: 0.0000200, time: 5.640 (0.008)
06/29 17:08:36 - mmengine - INFO - OccupancyLoss: 6.71101, OccupancyFlowLoss: 17.60001, DetectionLoss: 5.71348
06/29 17:13:25 - mmengine - INFO - [TRAIN] Epoch 5 Iter   400/750: Loss: 31.854 (32.179), grad_norm: 39.099, lr: 0.0000200, time: 5.893 (0.008)
06/29 17:13:25 - mmengine - INFO - OccupancyLoss: 6.86749, OccupancyFlowLoss: 17.68055, DetectionLoss: 7.30641
06/29 17:18:13 - mmengine - INFO - [TRAIN] Epoch 5 Iter   450/750: Loss: 20.271 (32.643), grad_norm: 57.883, lr: 0.0000200, time: 5.563 (0.008)
06/29 17:18:13 - mmengine - INFO - OccupancyLoss: 6.54203, OccupancyFlowLoss: 5.90730, DetectionLoss: 7.82148
06/29 17:23:02 - mmengine - INFO - [TRAIN] Epoch 5 Iter   500/750: Loss: 30.081 (32.905), grad_norm: 19.798, lr: 0.0000200, time: 5.563 (0.008)
06/29 17:23:02 - mmengine - INFO - OccupancyLoss: 8.52338, OccupancyFlowLoss: 17.09867, DetectionLoss: 4.45906
06/29 17:27:49 - mmengine - INFO - [TRAIN] Epoch 5 Iter   550/750: Loss: 28.065 (30.620), grad_norm: 28.605, lr: 0.0000200, time: 5.757 (0.008)
06/29 17:27:49 - mmengine - INFO - OccupancyLoss: 9.03026, OccupancyFlowLoss: 17.33291, DetectionLoss: 1.70215
06/29 17:32:35 - mmengine - INFO - [TRAIN] Epoch 5 Iter   600/750: Loss: 20.179 (31.851), grad_norm: 48.983, lr: 0.0000200, time: 5.783 (0.008)
06/29 17:32:35 - mmengine - INFO - OccupancyLoss: 6.55578, OccupancyFlowLoss: 0.00000, DetectionLoss: 13.62334
06/29 17:37:23 - mmengine - INFO - [TRAIN] Epoch 5 Iter   650/750: Loss: 25.759 (31.946), grad_norm: 37.369, lr: 0.0000200, time: 5.924 (0.008)
06/29 17:37:23 - mmengine - INFO - OccupancyLoss: 3.64036, OccupancyFlowLoss: 17.62677, DetectionLoss: 4.49211
06/29 17:42:10 - mmengine - INFO - [TRAIN] Epoch 5 Iter   700/750: Loss: 33.836 (32.481), grad_norm: 63.771, lr: 0.0000200, time: 5.798 (0.008)
06/29 17:42:10 - mmengine - INFO - OccupancyLoss: 8.69212, OccupancyFlowLoss: 17.49281, DetectionLoss: 7.65116
06/29 17:47:01 - mmengine - INFO - [EVAL] Epoch 6 Iter     0: Loss: 30.729 (30.729)
06/29 17:47:01 - mmengine - INFO - OccupancyLoss: 6.65085, OccupancyFlowLoss: 17.73689, DetectionLoss: 6.34115
06/29 17:48:02 - mmengine - INFO - [EVAL] Epoch 6 Iter    50: Loss: 28.184 (31.814)
06/29 17:48:02 - mmengine - INFO - OccupancyLoss: 5.87201, OccupancyFlowLoss: 17.44592, DetectionLoss: 4.86621
06/29 17:49:04 - mmengine - INFO - [EVAL] Epoch 6 Iter   100: Loss: 32.902 (31.566)
06/29 17:49:04 - mmengine - INFO - OccupancyLoss: 9.73900, OccupancyFlowLoss: 17.47685, DetectionLoss: 5.68598
06/29 17:50:05 - mmengine - INFO - [EVAL] Epoch 6 Iter   150: Loss: 14.215 (32.167)
06/29 17:50:05 - mmengine - INFO - OccupancyLoss: 7.55380, OccupancyFlowLoss: 5.90106, DetectionLoss: 0.76035
06/29 17:51:07 - mmengine - INFO - [EVAL] Epoch 6 Iter   200: Loss: 23.570 (32.360)
06/29 17:51:07 - mmengine - INFO - OccupancyLoss: 10.58272, OccupancyFlowLoss: 8.61519, DetectionLoss: 4.37169
06/29 17:52:08 - mmengine - INFO - [EVAL] Epoch 6 Iter   250: Loss: 34.479 (32.588)
06/29 17:52:08 - mmengine - INFO - OccupancyLoss: 8.60285, OccupancyFlowLoss: 17.48074, DetectionLoss: 8.39547
06/29 17:53:10 - mmengine - INFO - [EVAL] Epoch 6 Iter   300: Loss: 31.744 (32.378)
06/29 17:53:10 - mmengine - INFO - OccupancyLoss: 9.26805, OccupancyFlowLoss: 17.53765, DetectionLoss: 4.93811
06/29 17:54:13 - mmengine - INFO - [EVAL] Epoch 6 Iter   350: Loss: 25.396 (32.524)
06/29 17:54:13 - mmengine - INFO - OccupancyLoss: 8.33422, OccupancyFlowLoss: 8.83750, DetectionLoss: 8.22388
06/29 17:55:15 - mmengine - INFO - [EVAL] Epoch 6 Iter   400: Loss: 20.539 (32.402)
06/29 17:55:15 - mmengine - INFO - OccupancyLoss: 8.34408, OccupancyFlowLoss: 2.92413, DetectionLoss: 9.27066
06/29 17:56:17 - mmengine - INFO - [EVAL] Epoch 6 Iter   450: Loss: 43.152 (32.424)
06/29 17:56:17 - mmengine - INFO - OccupancyLoss: 9.94320, OccupancyFlowLoss: 17.62154, DetectionLoss: 15.58774
06/29 17:57:18 - mmengine - INFO - Validation per class iou none:
06/29 17:57:18 - mmengine - INFO - barrier : 0.00%, 0.00, 0.00
06/29 17:57:18 - mmengine - INFO - bicycle : 0.00%, 0.00, 0.00
06/29 17:57:18 - mmengine - INFO - bus : 0.00%, 0.00, 0.00
06/29 17:57:18 - mmengine - INFO - car : 16.96%, 0.38, 0.23
06/29 17:57:18 - mmengine - INFO - construction_vehicle : 0.00%, 0.00, 0.00
06/29 17:57:18 - mmengine - INFO - motorcycle : 0.00%, 0.00, 0.00
06/29 17:57:18 - mmengine - INFO - pedestrian : 0.00%, 0.00, 0.00
06/29 17:57:18 - mmengine - INFO - traffic_cone : 0.00%, 0.00, 0.00
06/29 17:57:18 - mmengine - INFO - trailer : 0.00%, 0.00, 0.00
06/29 17:57:18 - mmengine - INFO - truck : 2.70%, 0.39, 0.03
06/29 17:57:18 - mmengine - INFO - driveable_surface : 31.53%, 0.54, 0.43
06/29 17:57:18 - mmengine - INFO - other_flat : 0.18%, 0.27, 0.00
06/29 17:57:18 - mmengine - INFO - sidewalk : 11.96%, 0.26, 0.18
06/29 17:57:18 - mmengine - INFO - terrain : 8.94%, 0.31, 0.11
06/29 17:57:18 - mmengine - INFO - manmade : 3.00%, 0.25, 0.03
06/29 17:57:18 - mmengine - INFO - vegetation : 13.96%, 0.34, 0.19
06/29 17:57:18 - mmengine - INFO - tensor([  213109,    14566,   204192,  1435223,   106632,    22025,   206833,
           42653,   134799,   555406,  7051599,   345594,  2482869,  3418334,
         7852446,  8317553, 32659904], device='cuda:0', dtype=torch.int32)
06/29 17:57:18 - mmengine - INFO - tensor([      0,       0,       0,  334816,       0,       0,       0,       0,
              0,   15688, 3022591,     612,  448380,  381977,  259415, 1579302,
        8668580], device='cuda:0', dtype=torch.int32)
06/29 17:57:18 - mmengine - INFO - tensor([      20,        0,        0,   874233,        0,        0,        0,
               0,        0,    40683,  5558063,     2256,  1713601,  1234236,
         1040263,  4578736, 15042091], device='cuda:0', dtype=torch.int32)
06/29 17:57:18 - mmengine - INFO - mIoU: 5.576875295810169, iou2: 22.208101272583008
06/29 17:57:18 - mmengine - INFO - Current val loss is 32.515
06/29 17:57:37 - mmengine - INFO - [TRAIN] Epoch 6 Iter     0/750: Loss: 33.578 (33.578), grad_norm: 44.417, lr: 0.0000200, time: 9.244 (3.486)
06/29 17:57:37 - mmengine - INFO - OccupancyLoss: 12.92844, OccupancyFlowLoss: 17.31571, DetectionLoss: 3.33359
06/29 18:02:23 - mmengine - INFO - [TRAIN] Epoch 6 Iter    50/750: Loss: 36.660 (30.599), grad_norm: 100.078, lr: 0.0000200, time: 5.811 (0.008)
06/29 18:02:23 - mmengine - INFO - OccupancyLoss: 12.60105, OccupancyFlowLoss: 14.69296, DetectionLoss: 9.36596
06/29 18:07:06 - mmengine - INFO - [TRAIN] Epoch 6 Iter   100/750: Loss: 27.873 (30.350), grad_norm: 47.474, lr: 0.0000200, time: 5.613 (0.008)
06/29 18:07:06 - mmengine - INFO - OccupancyLoss: 12.31328, OccupancyFlowLoss: 11.33648, DetectionLoss: 4.22338
06/29 18:11:53 - mmengine - INFO - [TRAIN] Epoch 6 Iter   150/750: Loss: 29.226 (32.665), grad_norm: 39.158, lr: 0.0000200, time: 5.820 (0.008)
06/29 18:11:53 - mmengine - INFO - OccupancyLoss: 5.99254, OccupancyFlowLoss: 17.45388, DetectionLoss: 5.77943
06/29 18:16:41 - mmengine - INFO - [TRAIN] Epoch 6 Iter   200/750: Loss: 44.317 (31.925), grad_norm: 41.011, lr: 0.0000200, time: 5.783 (0.008)
06/29 18:16:41 - mmengine - INFO - OccupancyLoss: 15.04164, OccupancyFlowLoss: 17.63253, DetectionLoss: 11.64312
06/29 18:21:31 - mmengine - INFO - [TRAIN] Epoch 6 Iter   250/750: Loss: 33.606 (31.401), grad_norm: 50.712, lr: 0.0000200, time: 5.988 (0.008)
06/29 18:21:31 - mmengine - INFO - OccupancyLoss: 6.74088, OccupancyFlowLoss: 17.67611, DetectionLoss: 9.18864
06/29 18:26:21 - mmengine - INFO - [TRAIN] Epoch 6 Iter   300/750: Loss: 26.961 (32.029), grad_norm: 50.002, lr: 0.0000200, time: 6.055 (0.008)
06/29 18:26:21 - mmengine - INFO - OccupancyLoss: 6.72677, OccupancyFlowLoss: 17.49207, DetectionLoss: 2.74205
06/29 18:31:09 - mmengine - INFO - [TRAIN] Epoch 6 Iter   350/750: Loss: 30.027 (32.078), grad_norm: 52.393, lr: 0.0000200, time: 5.844 (0.008)
06/29 18:31:09 - mmengine - INFO - OccupancyLoss: 9.53735, OccupancyFlowLoss: 17.35262, DetectionLoss: 3.13665
06/29 18:35:58 - mmengine - INFO - [TRAIN] Epoch 6 Iter   400/750: Loss: 29.930 (31.409), grad_norm: 43.698, lr: 0.0000200, time: 5.838 (0.008)
06/29 18:35:58 - mmengine - INFO - OccupancyLoss: 7.38414, OccupancyFlowLoss: 17.31780, DetectionLoss: 5.22839
06/29 18:40:44 - mmengine - INFO - [TRAIN] Epoch 6 Iter   450/750: Loss: 37.559 (31.839), grad_norm: 81.210, lr: 0.0000200, time: 5.647 (0.008)
06/29 18:40:44 - mmengine - INFO - OccupancyLoss: 11.42200, OccupancyFlowLoss: 16.52743, DetectionLoss: 9.60914
06/29 18:45:30 - mmengine - INFO - [TRAIN] Epoch 6 Iter   500/750: Loss: 29.042 (31.100), grad_norm: 77.348, lr: 0.0000200, time: 5.815 (0.008)
06/29 18:45:30 - mmengine - INFO - OccupancyLoss: 5.98123, OccupancyFlowLoss: 17.46907, DetectionLoss: 5.59193
06/29 18:50:17 - mmengine - INFO - [TRAIN] Epoch 6 Iter   550/750: Loss: 26.276 (29.961), grad_norm: 152.184, lr: 0.0000200, time: 5.741 (0.008)
06/29 18:50:17 - mmengine - INFO - OccupancyLoss: 7.07451, OccupancyFlowLoss: 17.60191, DetectionLoss: 1.60005
06/29 18:55:04 - mmengine - INFO - [TRAIN] Epoch 6 Iter   600/750: Loss: 37.173 (31.733), grad_norm: 282.409, lr: 0.0000200, time: 5.885 (0.008)
06/29 18:55:04 - mmengine - INFO - OccupancyLoss: 9.88404, OccupancyFlowLoss: 17.73182, DetectionLoss: 9.55710
06/29 18:59:50 - mmengine - INFO - [TRAIN] Epoch 6 Iter   650/750: Loss: 32.974 (31.343), grad_norm: 57.412, lr: 0.0000200, time: 5.561 (0.008)
06/29 18:59:50 - mmengine - INFO - OccupancyLoss: 8.47630, OccupancyFlowLoss: 17.03832, DetectionLoss: 7.45912
06/29 19:04:40 - mmengine - INFO - [TRAIN] Epoch 6 Iter   700/750: Loss: 27.630 (31.827), grad_norm: 35.594, lr: 0.0000200, time: 5.831 (0.008)
06/29 19:04:40 - mmengine - INFO - OccupancyLoss: 5.99095, OccupancyFlowLoss: 17.56208, DetectionLoss: 4.07675
06/29 19:09:33 - mmengine - INFO - [EVAL] Epoch 7 Iter     0: Loss: 30.813 (30.813)
06/29 19:09:33 - mmengine - INFO - OccupancyLoss: 6.93296, OccupancyFlowLoss: 17.94850, DetectionLoss: 5.93112
06/29 19:10:36 - mmengine - INFO - [EVAL] Epoch 7 Iter    50: Loss: 27.935 (32.156)
06/29 19:10:36 - mmengine - INFO - OccupancyLoss: 5.80216, OccupancyFlowLoss: 17.39191, DetectionLoss: 4.74048
06/29 19:11:39 - mmengine - INFO - [EVAL] Epoch 7 Iter   100: Loss: 33.154 (31.758)
06/29 19:11:39 - mmengine - INFO - OccupancyLoss: 10.02270, OccupancyFlowLoss: 17.59482, DetectionLoss: 5.53659
06/29 19:12:42 - mmengine - INFO - [EVAL] Epoch 7 Iter   150: Loss: 15.595 (32.364)
06/29 19:12:42 - mmengine - INFO - OccupancyLoss: 7.53324, OccupancyFlowLoss: 5.94174, DetectionLoss: 2.12039
06/29 19:13:45 - mmengine - INFO - [EVAL] Epoch 7 Iter   200: Loss: 23.675 (32.523)
06/29 19:13:45 - mmengine - INFO - OccupancyLoss: 10.54064, OccupancyFlowLoss: 8.59406, DetectionLoss: 4.53998
06/29 19:14:48 - mmengine - INFO - [EVAL] Epoch 7 Iter   250: Loss: 35.028 (32.735)
06/29 19:14:48 - mmengine - INFO - OccupancyLoss: 8.89398, OccupancyFlowLoss: 17.49940, DetectionLoss: 8.63466
06/29 19:15:51 - mmengine - INFO - [EVAL] Epoch 7 Iter   300: Loss: 32.138 (32.516)
06/29 19:15:51 - mmengine - INFO - OccupancyLoss: 9.35199, OccupancyFlowLoss: 17.52395, DetectionLoss: 5.26202
06/29 19:16:55 - mmengine - INFO - [EVAL] Epoch 7 Iter   350: Loss: 24.849 (32.650)
06/29 19:16:55 - mmengine - INFO - OccupancyLoss: 8.02149, OccupancyFlowLoss: 8.92066, DetectionLoss: 7.90690
06/29 19:17:58 - mmengine - INFO - [EVAL] Epoch 7 Iter   400: Loss: 21.388 (32.518)
06/29 19:17:58 - mmengine - INFO - OccupancyLoss: 8.41984, OccupancyFlowLoss: 2.92804, DetectionLoss: 10.03978
06/29 19:19:02 - mmengine - INFO - [EVAL] Epoch 7 Iter   450: Loss: 43.650 (32.532)
06/29 19:19:02 - mmengine - INFO - OccupancyLoss: 9.92952, OccupancyFlowLoss: 17.67003, DetectionLoss: 16.04998
06/29 19:20:04 - mmengine - INFO - Validation per class iou none:
06/29 19:20:04 - mmengine - INFO - barrier : 0.00%, 0.05, 0.00
06/29 19:20:04 - mmengine - INFO - bicycle : 0.00%, 0.00, 0.00
06/29 19:20:04 - mmengine - INFO - bus : 0.00%, 0.00, 0.00
06/29 19:20:04 - mmengine - INFO - car : 18.39%, 0.31, 0.32
06/29 19:20:04 - mmengine - INFO - construction_vehicle : 0.00%, 0.00, 0.00
06/29 19:20:04 - mmengine - INFO - motorcycle : 0.00%, 0.00, 0.00
06/29 19:20:04 - mmengine - INFO - pedestrian : 0.00%, 0.00, 0.00
06/29 19:20:04 - mmengine - INFO - traffic_cone : 0.00%, 0.00, 0.00
06/29 19:20:04 - mmengine - INFO - trailer : 0.00%, 0.00, 0.00
06/29 19:20:04 - mmengine - INFO - truck : 2.44%, 0.35, 0.03
06/29 19:20:04 - mmengine - INFO - driveable_surface : 29.99%, 0.53, 0.41
06/29 19:20:04 - mmengine - INFO - other_flat : 0.36%, 0.34, 0.00
06/29 19:20:04 - mmengine - INFO - sidewalk : 12.17%, 0.25, 0.19
06/29 19:20:04 - mmengine - INFO - terrain : 9.69%, 0.24, 0.14
06/29 19:20:04 - mmengine - INFO - manmade : 6.79%, 0.23, 0.09
06/29 19:20:04 - mmengine - INFO - vegetation : 14.24%, 0.32, 0.20
06/29 19:20:04 - mmengine - INFO - tensor([  213109,    14566,   204192,  1435223,   106632,    22025,   206833,
           42653,   134799,   555406,  7051599,   345594,  2482869,  3418334,
         7852446,  8317553, 32659904], device='cuda:0', dtype=torch.int32)
06/29 19:20:04 - mmengine - INFO - tensor([      5,       0,       0,  452361,       0,       0,       0,       0,
              0,   14170, 2894663,    1251,  474536,  482273,  691057, 1701393,
        9730823], device='cuda:0', dtype=torch.int32)
06/29 19:20:04 - mmengine - INFO - tensor([      98,        0,        0,  1476669,        0,        0,        0,
               0,        0,    40266,  5494195,     3725,  1891218,  2040187,
         3019334,  5334163, 19299856], device='cuda:0', dtype=torch.int32)
06/29 19:20:04 - mmengine - INFO - mIoU: 5.879331671610544, iou2: 23.04302215576172
06/29 19:20:04 - mmengine - INFO - Current val loss is 32.603
06/29 19:20:23 - mmengine - INFO - [TRAIN] Epoch 7 Iter     0/750: Loss: 22.710 (22.710), grad_norm: 21.296, lr: 0.0000200, time: 9.380 (3.382)
06/29 19:20:23 - mmengine - INFO - OccupancyLoss: 6.66063, OccupancyFlowLoss: 11.51022, DetectionLoss: 4.53879
06/29 19:25:11 - mmengine - INFO - [TRAIN] Epoch 7 Iter    50/750: Loss: 42.280 (30.683), grad_norm: 42.546, lr: 0.0000200, time: 5.797 (0.008)
06/29 19:25:11 - mmengine - INFO - OccupancyLoss: 9.43592, OccupancyFlowLoss: 17.49877, DetectionLoss: 15.34555
06/29 19:30:08 - mmengine - INFO - [TRAIN] Epoch 7 Iter   100/750: Loss: 34.026 (31.118), grad_norm: 108.168, lr: 0.0000200, time: 5.542 (0.008)
06/29 19:30:08 - mmengine - INFO - OccupancyLoss: 8.55109, OccupancyFlowLoss: 17.52790, DetectionLoss: 7.94740
06/29 19:35:17 - mmengine - INFO - [TRAIN] Epoch 7 Iter   150/750: Loss: 21.408 (30.570), grad_norm: 86.834, lr: 0.0000200, time: 5.902 (0.008)
06/29 19:35:17 - mmengine - INFO - OccupancyLoss: 7.71686, OccupancyFlowLoss: 8.75711, DetectionLoss: 4.93385
06/29 19:40:05 - mmengine - INFO - [TRAIN] Epoch 7 Iter   200/750: Loss: 36.792 (31.308), grad_norm: 55.635, lr: 0.0000200, time: 5.614 (0.008)
06/29 19:40:05 - mmengine - INFO - OccupancyLoss: 10.62171, OccupancyFlowLoss: 16.67703, DetectionLoss: 9.49312
06/29 19:44:52 - mmengine - INFO - [TRAIN] Epoch 7 Iter   250/750: Loss: 41.753 (31.117), grad_norm: 133.827, lr: 0.0000200, time: 5.723 (0.008)
06/29 19:44:52 - mmengine - INFO - OccupancyLoss: 12.57224, OccupancyFlowLoss: 16.54847, DetectionLoss: 12.63276
06/29 19:49:40 - mmengine - INFO - [TRAIN] Epoch 7 Iter   300/750: Loss: 19.125 (31.867), grad_norm: 166.974, lr: 0.0000200, time: 5.615 (0.008)
06/29 19:49:40 - mmengine - INFO - OccupancyLoss: 7.03349, OccupancyFlowLoss: 5.73719, DetectionLoss: 6.35383
06/29 19:54:26 - mmengine - INFO - [TRAIN] Epoch 7 Iter   350/750: Loss: 38.815 (31.270), grad_norm: 51.790, lr: 0.0000200, time: 5.699 (0.008)
06/29 19:54:26 - mmengine - INFO - OccupancyLoss: 14.29682, OccupancyFlowLoss: 17.20528, DetectionLoss: 7.31259
06/29 19:59:14 - mmengine - INFO - [TRAIN] Epoch 7 Iter   400/750: Loss: 34.066 (31.356), grad_norm: 63.354, lr: 0.0000200, time: 5.595 (0.008)
06/29 19:59:14 - mmengine - INFO - OccupancyLoss: 7.74616, OccupancyFlowLoss: 17.13600, DetectionLoss: 9.18373
06/29 20:04:02 - mmengine - INFO - [TRAIN] Epoch 7 Iter   450/750: Loss: 41.055 (32.632), grad_norm: 71.197, lr: 0.0000200, time: 6.093 (0.008)
06/29 20:04:02 - mmengine - INFO - OccupancyLoss: 8.82627, OccupancyFlowLoss: 17.63209, DetectionLoss: 14.59655
06/29 20:08:49 - mmengine - INFO - [TRAIN] Epoch 7 Iter   500/750: Loss: 34.256 (30.302), grad_norm: 68.043, lr: 0.0000200, time: 5.784 (0.008)
06/29 20:08:49 - mmengine - INFO - OccupancyLoss: 9.13685, OccupancyFlowLoss: 17.18650, DetectionLoss: 7.93229
06/29 20:13:37 - mmengine - INFO - [TRAIN] Epoch 7 Iter   550/750: Loss: 34.845 (32.021), grad_norm: 37.972, lr: 0.0000200, time: 5.757 (0.008)
06/29 20:13:37 - mmengine - INFO - OccupancyLoss: 9.22310, OccupancyFlowLoss: 16.93003, DetectionLoss: 8.69139
06/29 20:18:24 - mmengine - INFO - [TRAIN] Epoch 7 Iter   600/750: Loss: 41.414 (33.304), grad_norm: 35.423, lr: 0.0000200, time: 5.622 (0.008)
06/29 20:18:24 - mmengine - INFO - OccupancyLoss: 8.30690, OccupancyFlowLoss: 17.64642, DetectionLoss: 15.46090
06/29 20:23:10 - mmengine - INFO - [TRAIN] Epoch 7 Iter   650/750: Loss: 33.369 (30.883), grad_norm: 69.535, lr: 0.0000200, time: 5.718 (0.008)
06/29 20:23:10 - mmengine - INFO - OccupancyLoss: 11.69385, OccupancyFlowLoss: 17.00003, DetectionLoss: 4.67562
06/29 20:27:58 - mmengine - INFO - [TRAIN] Epoch 7 Iter   700/750: Loss: 35.615 (32.702), grad_norm: 51.969, lr: 0.0000200, time: 5.589 (0.008)
06/29 20:27:58 - mmengine - INFO - OccupancyLoss: 9.38541, OccupancyFlowLoss: 17.56231, DetectionLoss: 8.66693
06/29 20:32:58 - mmengine - INFO - [EVAL] Epoch 8 Iter     0: Loss: 30.843 (30.843)
06/29 20:32:58 - mmengine - INFO - OccupancyLoss: 6.90635, OccupancyFlowLoss: 17.83455, DetectionLoss: 6.10243
06/29 20:34:01 - mmengine - INFO - [EVAL] Epoch 8 Iter    50: Loss: 28.655 (31.907)
06/29 20:34:01 - mmengine - INFO - OccupancyLoss: 5.85898, OccupancyFlowLoss: 17.38933, DetectionLoss: 5.40711
06/29 20:35:03 - mmengine - INFO - [EVAL] Epoch 8 Iter   100: Loss: 33.332 (31.518)
06/29 20:35:03 - mmengine - INFO - OccupancyLoss: 9.52901, OccupancyFlowLoss: 17.46445, DetectionLoss: 6.33857
06/29 20:36:05 - mmengine - INFO - [EVAL] Epoch 8 Iter   150: Loss: 14.039 (32.004)
06/29 20:36:05 - mmengine - INFO - OccupancyLoss: 7.35078, OccupancyFlowLoss: 5.88054, DetectionLoss: 0.80755
06/29 20:37:08 - mmengine - INFO - [EVAL] Epoch 8 Iter   200: Loss: 24.295 (32.206)
06/29 20:37:08 - mmengine - INFO - OccupancyLoss: 10.49598, OccupancyFlowLoss: 8.59481, DetectionLoss: 5.20392
06/29 20:38:11 - mmengine - INFO - [EVAL] Epoch 8 Iter   250: Loss: 34.259 (32.446)
06/29 20:38:11 - mmengine - INFO - OccupancyLoss: 8.47878, OccupancyFlowLoss: 17.41810, DetectionLoss: 8.36225
06/29 20:39:13 - mmengine - INFO - [EVAL] Epoch 8 Iter   300: Loss: 32.885 (32.250)
06/29 20:39:13 - mmengine - INFO - OccupancyLoss: 9.34116, OccupancyFlowLoss: 17.48529, DetectionLoss: 6.05854
06/29 20:40:17 - mmengine - INFO - [EVAL] Epoch 8 Iter   350: Loss: 24.947 (32.379)
06/29 20:40:17 - mmengine - INFO - OccupancyLoss: 8.14605, OccupancyFlowLoss: 8.80931, DetectionLoss: 7.99129
06/29 20:41:20 - mmengine - INFO - [EVAL] Epoch 8 Iter   400: Loss: 22.220 (32.272)
06/29 20:41:20 - mmengine - INFO - OccupancyLoss: 8.32216, OccupancyFlowLoss: 2.91317, DetectionLoss: 10.98463
06/29 20:42:24 - mmengine - INFO - [EVAL] Epoch 8 Iter   450: Loss: 44.070 (32.289)
06/29 20:42:24 - mmengine - INFO - OccupancyLoss: 9.89702, OccupancyFlowLoss: 17.59881, DetectionLoss: 16.57443
06/29 20:43:25 - mmengine - INFO - Validation per class iou none:
06/29 20:43:25 - mmengine - INFO - barrier : 0.00%, 0.00, 0.00
06/29 20:43:25 - mmengine - INFO - bicycle : 0.00%, 0.00, 0.00
06/29 20:43:25 - mmengine - INFO - bus : 0.02%, 0.03, 0.00
06/29 20:43:25 - mmengine - INFO - car : 17.81%, 0.46, 0.22
06/29 20:43:25 - mmengine - INFO - construction_vehicle : 0.00%, 0.00, 0.00
06/29 20:43:25 - mmengine - INFO - motorcycle : 0.00%, 0.00, 0.00
06/29 20:43:25 - mmengine - INFO - pedestrian : 0.00%, 0.00, 0.00
06/29 20:43:25 - mmengine - INFO - traffic_cone : 0.00%, 0.00, 0.00
06/29 20:43:25 - mmengine - INFO - trailer : 0.02%, 0.06, 0.00
06/29 20:43:25 - mmengine - INFO - truck : 4.65%, 0.36, 0.05
06/29 20:43:25 - mmengine - INFO - driveable_surface : 30.66%, 0.58, 0.39
06/29 20:43:25 - mmengine - INFO - other_flat : 0.47%, 0.33, 0.00
06/29 20:43:25 - mmengine - INFO - sidewalk : 12.52%, 0.27, 0.19
06/29 20:43:25 - mmengine - INFO - terrain : 12.64%, 0.26, 0.20
06/29 20:43:25 - mmengine - INFO - manmade : 10.08%, 0.21, 0.16
06/29 20:43:25 - mmengine - INFO - vegetation : 15.82%, 0.37, 0.22
06/29 20:43:25 - mmengine - INFO - tensor([  213109,    14566,   204192,  1435223,   106632,    22025,   206833,
           42653,   134799,   555406,  7051599,   345594,  2482869,  3418334,
         7852446,  8317553, 32659904], device='cuda:0', dtype=torch.int32)
06/29 20:43:25 - mmengine - INFO - tensor([       0,        0,       38,   321975,        0,        0,        0,
               0,       21,    28195,  2765394,     1643,   473762,   674734,
         1254461,  1802563, 10567420], device='cuda:0', dtype=torch.int32)
06/29 20:43:25 - mmengine - INFO - tensor([      87,        0,     1305,   694981,        0,        0,        0,
               0,      339,    78662,  4734467,     5000,  1774205,  2594363,
         5843659,  4879199, 20606268], device='cuda:0', dtype=torch.int32)
06/29 20:43:25 - mmengine - INFO - mIoU: 6.542891146364127, iou2: 24.748779296875
06/29 20:43:25 - mmengine - INFO - Current val loss is 32.371
06/29 20:43:45 - mmengine - INFO - [TRAIN] Epoch 8 Iter     0/750: Loss: 30.333 (30.333), grad_norm: 39.603, lr: 0.0000200, time: 9.122 (3.289)
06/29 20:43:45 - mmengine - INFO - OccupancyLoss: 7.80141, OccupancyFlowLoss: 17.75330, DetectionLoss: 4.77829
06/29 20:48:34 - mmengine - INFO - [TRAIN] Epoch 8 Iter    50/750: Loss: 10.641 (31.360), grad_norm: 31.941, lr: 0.0000200, time: 5.968 (0.008)
06/29 20:48:34 - mmengine - INFO - OccupancyLoss: 6.15886, OccupancyFlowLoss: 0.00000, DetectionLoss: 4.48165
06/29 20:53:21 - mmengine - INFO - [TRAIN] Epoch 8 Iter   100/750: Loss: 17.260 (30.216), grad_norm: 60.215, lr: 0.0000200, time: 6.094 (0.008)
06/29 20:53:21 - mmengine - INFO - OccupancyLoss: 5.75031, OccupancyFlowLoss: 5.87153, DetectionLoss: 5.63837
06/29 20:58:06 - mmengine - INFO - [TRAIN] Epoch 8 Iter   150/750: Loss: 31.195 (29.808), grad_norm: 43.158, lr: 0.0000200, time: 5.809 (0.008)
06/29 20:58:06 - mmengine - INFO - OccupancyLoss: 8.62354, OccupancyFlowLoss: 16.99113, DetectionLoss: 5.58045
06/29 21:02:53 - mmengine - INFO - [TRAIN] Epoch 8 Iter   200/750: Loss: 25.004 (31.913), grad_norm: 34.731, lr: 0.0000200, time: 5.896 (0.008)
06/29 21:02:53 - mmengine - INFO - OccupancyLoss: 4.84204, OccupancyFlowLoss: 17.85891, DetectionLoss: 2.30328
06/29 21:07:37 - mmengine - INFO - [TRAIN] Epoch 8 Iter   250/750: Loss: 36.050 (30.632), grad_norm: 28.923, lr: 0.0000200, time: 5.452 (0.008)
06/29 21:07:37 - mmengine - INFO - OccupancyLoss: 15.94338, OccupancyFlowLoss: 17.14647, DetectionLoss: 2.95978
06/29 21:12:22 - mmengine - INFO - [TRAIN] Epoch 8 Iter   300/750: Loss: 35.271 (32.215), grad_norm: 26.539, lr: 0.0000200, time: 5.815 (0.008)
06/29 21:12:22 - mmengine - INFO - OccupancyLoss: 9.49499, OccupancyFlowLoss: 17.47662, DetectionLoss: 8.29949
06/29 21:17:08 - mmengine - INFO - [TRAIN] Epoch 8 Iter   350/750: Loss: 28.505 (30.469), grad_norm: 22.716, lr: 0.0000200, time: 5.507 (0.008)
06/29 21:17:08 - mmengine - INFO - OccupancyLoss: 8.68885, OccupancyFlowLoss: 17.14713, DetectionLoss: 2.66944
06/29 21:21:54 - mmengine - INFO - [TRAIN] Epoch 8 Iter   400/750: Loss: 34.612 (31.391), grad_norm: 28.370, lr: 0.0000200, time: 5.615 (0.008)
06/29 21:21:54 - mmengine - INFO - OccupancyLoss: 9.42818, OccupancyFlowLoss: 17.23895, DetectionLoss: 7.94478
06/29 21:26:38 - mmengine - INFO - [TRAIN] Epoch 8 Iter   450/750: Loss: 33.643 (30.950), grad_norm: 120.628, lr: 0.0000200, time: 5.703 (0.008)
06/29 21:26:38 - mmengine - INFO - OccupancyLoss: 13.38442, OccupancyFlowLoss: 11.86371, DetectionLoss: 8.39482
06/29 21:31:24 - mmengine - INFO - [TRAIN] Epoch 8 Iter   500/750: Loss: 37.011 (29.743), grad_norm: 82.374, lr: 0.0000200, time: 5.694 (0.008)
06/29 21:31:24 - mmengine - INFO - OccupancyLoss: 8.37460, OccupancyFlowLoss: 17.43505, DetectionLoss: 11.20154
06/29 21:36:09 - mmengine - INFO - [TRAIN] Epoch 8 Iter   550/750: Loss: 30.314 (30.359), grad_norm: 34.552, lr: 0.0000200, time: 5.875 (0.008)
06/29 21:36:09 - mmengine - INFO - OccupancyLoss: 7.77886, OccupancyFlowLoss: 17.30511, DetectionLoss: 5.22961
06/29 21:40:54 - mmengine - INFO - [TRAIN] Epoch 8 Iter   600/750: Loss: 29.640 (30.748), grad_norm: 32.157, lr: 0.0000200, time: 5.710 (0.008)
06/29 21:40:54 - mmengine - INFO - OccupancyLoss: 5.86662, OccupancyFlowLoss: 17.15075, DetectionLoss: 6.62231
06/29 21:45:40 - mmengine - INFO - [TRAIN] Epoch 8 Iter   650/750: Loss: 31.926 (29.533), grad_norm: 34.680, lr: 0.0000200, time: 5.622 (0.008)
06/29 21:45:40 - mmengine - INFO - OccupancyLoss: 9.28406, OccupancyFlowLoss: 14.61028, DetectionLoss: 8.03208
06/29 21:50:27 - mmengine - INFO - [TRAIN] Epoch 8 Iter   700/750: Loss: 35.147 (30.456), grad_norm: 38.248, lr: 0.0000200, time: 5.811 (0.008)
06/29 21:50:27 - mmengine - INFO - OccupancyLoss: 13.23681, OccupancyFlowLoss: 17.54292, DetectionLoss: 4.36705
06/29 21:55:17 - mmengine - INFO - [EVAL] Epoch 9 Iter     0: Loss: 30.338 (30.338)
06/29 21:55:17 - mmengine - INFO - OccupancyLoss: 6.54657, OccupancyFlowLoss: 17.76235, DetectionLoss: 6.02895
06/29 21:56:19 - mmengine - INFO - [EVAL] Epoch 9 Iter    50: Loss: 27.442 (31.682)
06/29 21:56:19 - mmengine - INFO - OccupancyLoss: 5.85956, OccupancyFlowLoss: 17.40212, DetectionLoss: 4.18069
06/29 21:57:21 - mmengine - INFO - [EVAL] Epoch 9 Iter   100: Loss: 33.234 (31.241)
06/29 21:57:21 - mmengine - INFO - OccupancyLoss: 9.42610, OccupancyFlowLoss: 17.40570, DetectionLoss: 6.40210
06/29 21:58:23 - mmengine - INFO - [EVAL] Epoch 9 Iter   150: Loss: 13.902 (31.753)
06/29 21:58:23 - mmengine - INFO - OccupancyLoss: 7.22274, OccupancyFlowLoss: 5.86097, DetectionLoss: 0.81784
06/29 21:59:25 - mmengine - INFO - [EVAL] Epoch 9 Iter   200: Loss: 23.794 (31.916)
06/29 21:59:25 - mmengine - INFO - OccupancyLoss: 10.45996, OccupancyFlowLoss: 8.59961, DetectionLoss: 4.73470
06/29 22:00:27 - mmengine - INFO - [EVAL] Epoch 9 Iter   250: Loss: 34.860 (32.125)
06/29 22:00:27 - mmengine - INFO - OccupancyLoss: 8.41406, OccupancyFlowLoss: 17.45930, DetectionLoss: 8.98644
06/29 22:01:30 - mmengine - INFO - [EVAL] Epoch 9 Iter   300: Loss: 32.662 (31.920)
06/29 22:01:30 - mmengine - INFO - OccupancyLoss: 9.09460, OccupancyFlowLoss: 17.52367, DetectionLoss: 6.04345
06/29 22:02:33 - mmengine - INFO - [EVAL] Epoch 9 Iter   350: Loss: 25.898 (32.027)
06/29 22:02:33 - mmengine - INFO - OccupancyLoss: 7.99058, OccupancyFlowLoss: 8.79336, DetectionLoss: 9.11404
06/29 22:03:36 - mmengine - INFO - [EVAL] Epoch 9 Iter   400: Loss: 22.138 (31.931)
06/29 22:03:36 - mmengine - INFO - OccupancyLoss: 7.91615, OccupancyFlowLoss: 2.92061, DetectionLoss: 11.30130
06/29 22:04:39 - mmengine - INFO - [EVAL] Epoch 9 Iter   450: Loss: 44.943 (31.931)
06/29 22:04:39 - mmengine - INFO - OccupancyLoss: 9.53869, OccupancyFlowLoss: 17.55076, DetectionLoss: 17.85365
06/29 22:05:40 - mmengine - INFO - Validation per class iou none:
06/29 22:05:40 - mmengine - INFO - barrier : 0.04%, 0.13, 0.00
06/29 22:05:40 - mmengine - INFO - bicycle : 0.00%, 0.00, 0.00
06/29 22:05:40 - mmengine - INFO - bus : 0.25%, 0.17, 0.00
06/29 22:05:40 - mmengine - INFO - car : 20.83%, 0.40, 0.30
06/29 22:05:40 - mmengine - INFO - construction_vehicle : 0.00%, 0.00, 0.00
06/29 22:05:40 - mmengine - INFO - motorcycle : 0.00%, 0.00, 0.00
06/29 22:05:40 - mmengine - INFO - pedestrian : 0.00%, 0.00, 0.00
06/29 22:05:40 - mmengine - INFO - traffic_cone : 0.00%, 0.00, 0.00
06/29 22:05:40 - mmengine - INFO - trailer : 0.00%, 0.00, 0.00
06/29 22:05:40 - mmengine - INFO - truck : 6.82%, 0.30, 0.08
06/29 22:05:40 - mmengine - INFO - driveable_surface : 31.53%, 0.63, 0.39
06/29 22:05:40 - mmengine - INFO - other_flat : 0.28%, 0.45, 0.00
06/29 22:05:40 - mmengine - INFO - sidewalk : 12.05%, 0.32, 0.16
06/29 22:05:40 - mmengine - INFO - terrain : 13.43%, 0.32, 0.19
06/29 22:05:40 - mmengine - INFO - manmade : 9.27%, 0.22, 0.14
06/29 22:05:40 - mmengine - INFO - vegetation : 15.19%, 0.36, 0.21
06/29 22:05:40 - mmengine - INFO - tensor([  213109,    14566,   204192,  1435223,   106632,    22025,   206833,
           42653,   134799,   555406,  7051599,   345594,  2482869,  3418334,
         7852446,  8317553, 32659904], device='cuda:0', dtype=torch.int32)
06/29 22:05:40 - mmengine - INFO - tensor([     92,       0,     523,  435265,       3,       0,       0,       0,
              0,   45051, 2738640,     977,  402201,  637832, 1099671, 1722541,
        9902125], device='cuda:0', dtype=torch.int32)
06/29 22:05:40 - mmengine - INFO - tensor([     708,        0,     3122,  1090126,     1074,        0,       14,
               0,       95,   150215,  4373932,     2157,  1258292,  1968995,
         5107212,  4744142, 18700084], device='cuda:0', dtype=torch.int32)
06/29 22:05:40 - mmengine - INFO - mIoU: 6.8556391968968455, iou2: 23.88479232788086
06/29 22:05:40 - mmengine - INFO - Current val loss is 32.000
06/29 22:05:59 - mmengine - INFO - [TRAIN] Epoch 9 Iter     0/750: Loss: 11.214 (11.214), grad_norm: 114.943, lr: 0.0000200, time: 9.163 (3.418)
06/29 22:05:59 - mmengine - INFO - OccupancyLoss: 6.53926, OccupancyFlowLoss: 0.00000, DetectionLoss: 4.67489
06/29 22:10:47 - mmengine - INFO - [TRAIN] Epoch 9 Iter    50/750: Loss: 35.137 (30.294), grad_norm: 141.066, lr: 0.0000200, time: 5.735 (0.008)
06/29 22:10:47 - mmengine - INFO - OccupancyLoss: 9.35356, OccupancyFlowLoss: 17.19368, DetectionLoss: 8.58958
06/29 22:15:34 - mmengine - INFO - [TRAIN] Epoch 9 Iter   100/750: Loss: 27.546 (29.862), grad_norm: 29.107, lr: 0.0000200, time: 5.826 (0.008)
06/29 22:15:34 - mmengine - INFO - OccupancyLoss: 5.67053, OccupancyFlowLoss: 17.28248, DetectionLoss: 4.59331
06/29 22:20:23 - mmengine - INFO - [TRAIN] Epoch 9 Iter   150/750: Loss: 35.839 (28.963), grad_norm: 32.024, lr: 0.0000200, time: 5.879 (0.008)
06/29 22:20:23 - mmengine - INFO - OccupancyLoss: 8.84492, OccupancyFlowLoss: 17.67831, DetectionLoss: 9.31612
06/29 22:25:11 - mmengine - INFO - [TRAIN] Epoch 9 Iter   200/750: Loss: 31.098 (29.914), grad_norm: 36.268, lr: 0.0000200, time: 5.832 (0.008)
06/29 22:25:11 - mmengine - INFO - OccupancyLoss: 8.37831, OccupancyFlowLoss: 17.54359, DetectionLoss: 5.17592
06/29 22:29:59 - mmengine - INFO - [TRAIN] Epoch 9 Iter   250/750: Loss: 9.908 (29.373), grad_norm: 33.599, lr: 0.0000200, time: 5.682 (0.008)
06/29 22:29:59 - mmengine - INFO - OccupancyLoss: 6.08063, OccupancyFlowLoss: 0.00000, DetectionLoss: 3.82772
06/29 22:34:47 - mmengine - INFO - [TRAIN] Epoch 9 Iter   300/750: Loss: 25.243 (29.878), grad_norm: 28.531, lr: 0.0000200, time: 5.666 (0.008)
06/29 22:34:47 - mmengine - INFO - OccupancyLoss: 5.38056, OccupancyFlowLoss: 17.22030, DetectionLoss: 2.64241
06/29 22:39:36 - mmengine - INFO - [TRAIN] Epoch 9 Iter   350/750: Loss: 27.106 (30.550), grad_norm: 43.408, lr: 0.0000200, time: 5.675 (0.008)
06/29 22:39:36 - mmengine - INFO - OccupancyLoss: 6.10441, OccupancyFlowLoss: 17.49901, DetectionLoss: 3.50220
06/29 22:44:22 - mmengine - INFO - [TRAIN] Epoch 9 Iter   400/750: Loss: 24.182 (29.795), grad_norm: 41.363, lr: 0.0000200, time: 5.710 (0.008)
06/29 22:44:22 - mmengine - INFO - OccupancyLoss: 4.58896, OccupancyFlowLoss: 17.39158, DetectionLoss: 2.20174
06/29 22:49:08 - mmengine - INFO - [TRAIN] Epoch 9 Iter   450/750: Loss: 31.501 (31.251), grad_norm: 32.817, lr: 0.0000200, time: 5.822 (0.008)
06/29 22:49:08 - mmengine - INFO - OccupancyLoss: 7.01508, OccupancyFlowLoss: 17.28720, DetectionLoss: 7.19848
06/29 22:53:54 - mmengine - INFO - [TRAIN] Epoch 9 Iter   500/750: Loss: 34.820 (29.075), grad_norm: 43.074, lr: 0.0000200, time: 5.762 (0.008)
06/29 22:53:54 - mmengine - INFO - OccupancyLoss: 12.90005, OccupancyFlowLoss: 16.80113, DetectionLoss: 5.11890
06/29 22:58:50 - mmengine - INFO - [TRAIN] Epoch 9 Iter   550/750: Loss: 36.600 (30.874), grad_norm: 32.948, lr: 0.0000200, time: 5.642 (0.008)
06/29 22:58:50 - mmengine - INFO - OccupancyLoss: 11.77715, OccupancyFlowLoss: 17.49386, DetectionLoss: 7.32922
06/29 23:03:59 - mmengine - INFO - [TRAIN] Epoch 9 Iter   600/750: Loss: 38.141 (29.791), grad_norm: 34.264, lr: 0.0000200, time: 5.600 (0.008)
06/29 23:03:59 - mmengine - INFO - OccupancyLoss: 9.09491, OccupancyFlowLoss: 17.56712, DetectionLoss: 11.47927
06/29 23:08:48 - mmengine - INFO - [TRAIN] Epoch 9 Iter   650/750: Loss: 29.552 (30.126), grad_norm: 35.637, lr: 0.0000200, time: 5.857 (0.008)
06/29 23:08:48 - mmengine - INFO - OccupancyLoss: 9.18682, OccupancyFlowLoss: 17.61996, DetectionLoss: 2.74534
06/29 23:13:36 - mmengine - INFO - [TRAIN] Epoch 9 Iter   700/750: Loss: 10.592 (30.026), grad_norm: 98.782, lr: 0.0000200, time: 5.687 (0.008)
06/29 23:13:36 - mmengine - INFO - OccupancyLoss: 3.95739, OccupancyFlowLoss: 0.00000, DetectionLoss: 6.63506
06/29 23:18:24 - mmengine - INFO - [EVAL] Epoch 10 Iter     0: Loss: 30.098 (30.098)
06/29 23:18:24 - mmengine - INFO - OccupancyLoss: 6.11242, OccupancyFlowLoss: 17.71914, DetectionLoss: 6.26669
06/29 23:19:26 - mmengine - INFO - [EVAL] Epoch 10 Iter    50: Loss: 27.262 (31.032)
06/29 23:19:26 - mmengine - INFO - OccupancyLoss: 5.62290, OccupancyFlowLoss: 17.35087, DetectionLoss: 4.28869
06/29 23:20:28 - mmengine - INFO - [EVAL] Epoch 10 Iter   100: Loss: 32.206 (30.728)
06/29 23:20:28 - mmengine - INFO - OccupancyLoss: 9.36283, OccupancyFlowLoss: 17.36519, DetectionLoss: 5.47768
06/29 23:21:30 - mmengine - INFO - [EVAL] Epoch 10 Iter   150: Loss: 13.465 (31.269)
06/29 23:21:30 - mmengine - INFO - OccupancyLoss: 7.01496, OccupancyFlowLoss: 5.86701, DetectionLoss: 0.58283
06/29 23:22:32 - mmengine - INFO - [EVAL] Epoch 10 Iter   200: Loss: 23.372 (31.475)
06/29 23:22:32 - mmengine - INFO - OccupancyLoss: 10.34336, OccupancyFlowLoss: 8.56271, DetectionLoss: 4.46623
06/29 23:23:34 - mmengine - INFO - [EVAL] Epoch 10 Iter   250: Loss: 35.040 (31.706)
06/29 23:23:34 - mmengine - INFO - OccupancyLoss: 8.25272, OccupancyFlowLoss: 17.34239, DetectionLoss: 9.44448
06/29 23:24:36 - mmengine - INFO - [EVAL] Epoch 10 Iter   300: Loss: 31.570 (31.513)
06/29 23:24:36 - mmengine - INFO - OccupancyLoss: 8.60628, OccupancyFlowLoss: 17.42345, DetectionLoss: 5.53992
06/29 23:25:39 - mmengine - INFO - [EVAL] Epoch 10 Iter   350: Loss: 25.844 (31.659)
06/29 23:25:39 - mmengine - INFO - OccupancyLoss: 7.61144, OccupancyFlowLoss: 8.77407, DetectionLoss: 9.45878
06/29 23:26:42 - mmengine - INFO - [EVAL] Epoch 10 Iter   400: Loss: 21.813 (31.546)
06/29 23:26:42 - mmengine - INFO - OccupancyLoss: 7.81475, OccupancyFlowLoss: 2.90870, DetectionLoss: 11.08917
06/29 23:27:45 - mmengine - INFO - [EVAL] Epoch 10 Iter   450: Loss: 43.454 (31.556)
06/29 23:27:45 - mmengine - INFO - OccupancyLoss: 9.43745, OccupancyFlowLoss: 17.50732, DetectionLoss: 16.50911
06/29 23:28:46 - mmengine - INFO - Validation per class iou none:
06/29 23:28:46 - mmengine - INFO - barrier : 0.03%, 0.11, 0.00
06/29 23:28:46 - mmengine - INFO - bicycle : 0.00%, 0.00, 0.00
06/29 23:28:46 - mmengine - INFO - bus : 0.05%, 0.08, 0.00
06/29 23:28:46 - mmengine - INFO - car : 20.67%, 0.45, 0.28
06/29 23:28:46 - mmengine - INFO - construction_vehicle : 0.00%, 0.00, 0.00
06/29 23:28:46 - mmengine - INFO - motorcycle : 0.00%, 0.00, 0.00
06/29 23:28:46 - mmengine - INFO - pedestrian : 0.00%, 0.19, 0.00
06/29 23:28:46 - mmengine - INFO - traffic_cone : 0.00%, 0.00, 0.00
06/29 23:28:46 - mmengine - INFO - trailer : 0.04%, 0.02, 0.00
06/29 23:28:46 - mmengine - INFO - truck : 7.52%, 0.32, 0.09
06/29 23:28:46 - mmengine - INFO - driveable_surface : 32.33%, 0.61, 0.41
06/29 23:28:46 - mmengine - INFO - other_flat : 2.32%, 0.42, 0.02
06/29 23:28:46 - mmengine - INFO - sidewalk : 14.18%, 0.33, 0.20
06/29 23:28:46 - mmengine - INFO - terrain : 8.75%, 0.40, 0.10
06/29 23:28:46 - mmengine - INFO - manmade : 4.75%, 0.27, 0.05
06/29 23:28:46 - mmengine - INFO - vegetation : 12.46%, 0.47, 0.14
06/29 23:28:46 - mmengine - INFO - tensor([  213109,    14566,   204192,  1435223,   106632,    22025,   206833,
           42653,   134799,   555406,  7051599,   345594,  2482869,  3418334,
         7852446,  8317553, 32659904], device='cuda:0', dtype=torch.int32)
06/29 23:28:46 - mmengine - INFO - tensor([     55,       0,     109,  394687,       0,       0,       4,       0,
             61,   49633, 2885875,    8288,  492836,  344211,  428472, 1205546,
        7777285], device='cuda:0', dtype=torch.int32)
06/29 23:28:46 - mmengine - INFO - tensor([     520,        0,     1287,   868660,       12,        0,       21,
               0,     2618,   154655,  4760576,    19613,  1485204,   861394,
         1593678,  2565454, 12313692], device='cuda:0', dtype=torch.int32)
06/29 23:28:46 - mmengine - INFO - mIoU: 6.443867645748469, iou2: 20.908754348754883
06/29 23:28:46 - mmengine - INFO - Current val loss is 31.639
06/29 23:29:05 - mmengine - INFO - [TRAIN] Epoch 10 Iter     0/750: Loss: 32.503 (32.503), grad_norm: 159.581, lr: 0.0000200, time: 8.935 (3.402)
06/29 23:29:05 - mmengine - INFO - OccupancyLoss: 7.40336, OccupancyFlowLoss: 17.50832, DetectionLoss: 7.59126
06/29 23:33:52 - mmengine - INFO - [TRAIN] Epoch 10 Iter    50/750: Loss: 28.613 (28.405), grad_norm: 135.175, lr: 0.0000200, time: 5.815 (0.008)
06/29 23:33:52 - mmengine - INFO - OccupancyLoss: 7.43218, OccupancyFlowLoss: 17.33767, DetectionLoss: 3.84311
06/29 23:38:39 - mmengine - INFO - [TRAIN] Epoch 10 Iter   100/750: Loss: 28.768 (29.542), grad_norm: 35.335, lr: 0.0000200, time: 5.892 (0.008)
06/29 23:38:39 - mmengine - INFO - OccupancyLoss: 11.09631, OccupancyFlowLoss: 16.98900, DetectionLoss: 0.68298
06/29 23:43:25 - mmengine - INFO - [TRAIN] Epoch 10 Iter   150/750: Loss: 32.272 (27.971), grad_norm: 78.706, lr: 0.0000200, time: 5.903 (0.008)
06/29 23:43:25 - mmengine - INFO - OccupancyLoss: 6.58403, OccupancyFlowLoss: 17.55487, DetectionLoss: 8.13308
06/29 23:48:22 - mmengine - INFO - [TRAIN] Epoch 10 Iter   200/750: Loss: 28.602 (29.911), grad_norm: 345.778, lr: 0.0000200, time: 6.042 (0.008)
06/29 23:48:22 - mmengine - INFO - OccupancyLoss: 9.25172, OccupancyFlowLoss: 17.28006, DetectionLoss: 2.06994
06/29 23:53:09 - mmengine - INFO - [TRAIN] Epoch 10 Iter   250/750: Loss: 29.947 (28.977), grad_norm: 37.020, lr: 0.0000200, time: 5.764 (0.008)
06/29 23:53:09 - mmengine - INFO - OccupancyLoss: 8.83894, OccupancyFlowLoss: 17.17681, DetectionLoss: 3.93087
06/29 23:57:56 - mmengine - INFO - [TRAIN] Epoch 10 Iter   300/750: Loss: 23.451 (30.387), grad_norm: 37.846, lr: 0.0000200, time: 5.940 (0.008)
06/29 23:57:56 - mmengine - INFO - OccupancyLoss: 8.40241, OccupancyFlowLoss: 5.80734, DetectionLoss: 9.24092
06/30 00:02:44 - mmengine - INFO - [TRAIN] Epoch 10 Iter   350/750: Loss: 26.025 (30.042), grad_norm: 41.725, lr: 0.0000200, time: 5.970 (0.008)
06/30 00:02:44 - mmengine - INFO - OccupancyLoss: 4.60196, OccupancyFlowLoss: 17.32074, DetectionLoss: 4.10273
06/30 00:07:31 - mmengine - INFO - [TRAIN] Epoch 10 Iter   400/750: Loss: 23.298 (28.707), grad_norm: 36.592, lr: 0.0000200, time: 5.695 (0.008)
06/30 00:07:31 - mmengine - INFO - OccupancyLoss: 8.48820, OccupancyFlowLoss: 11.55352, DetectionLoss: 3.25662
06/30 00:12:18 - mmengine - INFO - [TRAIN] Epoch 10 Iter   450/750: Loss: 38.450 (28.354), grad_norm: 39.879, lr: 0.0000200, time: 5.619 (0.008)
06/30 00:12:18 - mmengine - INFO - OccupancyLoss: 15.86664, OccupancyFlowLoss: 17.34067, DetectionLoss: 5.24223
06/30 00:17:06 - mmengine - INFO - [TRAIN] Epoch 10 Iter   500/750: Loss: 34.448 (30.518), grad_norm: 41.809, lr: 0.0000200, time: 5.536 (0.008)
06/30 00:17:06 - mmengine - INFO - OccupancyLoss: 8.72243, OccupancyFlowLoss: 17.42732, DetectionLoss: 8.29808
06/30 00:21:53 - mmengine - INFO - [TRAIN] Epoch 10 Iter   550/750: Loss: 35.334 (29.847), grad_norm: 29.208, lr: 0.0000200, time: 5.721 (0.008)
06/30 00:21:53 - mmengine - INFO - OccupancyLoss: 9.07131, OccupancyFlowLoss: 17.32536, DetectionLoss: 8.93698
06/30 00:26:41 - mmengine - INFO - [TRAIN] Epoch 10 Iter   600/750: Loss: 33.729 (29.600), grad_norm: 34.846, lr: 0.0000200, time: 5.755 (0.008)
06/30 00:26:41 - mmengine - INFO - OccupancyLoss: 10.76132, OccupancyFlowLoss: 11.71594, DetectionLoss: 11.25151
06/30 00:31:29 - mmengine - INFO - [TRAIN] Epoch 10 Iter   650/750: Loss: 32.069 (28.851), grad_norm: 31.292, lr: 0.0000200, time: 5.566 (0.008)
06/30 00:31:29 - mmengine - INFO - OccupancyLoss: 8.73267, OccupancyFlowLoss: 17.39845, DetectionLoss: 5.93776
06/30 00:36:16 - mmengine - INFO - [TRAIN] Epoch 10 Iter   700/750: Loss: 29.913 (28.834), grad_norm: 44.619, lr: 0.0000200, time: 5.803 (0.008)
06/30 00:36:16 - mmengine - INFO - OccupancyLoss: 8.41760, OccupancyFlowLoss: 16.78140, DetectionLoss: 4.71431
06/30 00:41:08 - mmengine - INFO - [EVAL] Epoch 11 Iter     0: Loss: 29.473 (29.473)
06/30 00:41:08 - mmengine - INFO - OccupancyLoss: 6.07508, OccupancyFlowLoss: 17.73635, DetectionLoss: 5.66189
06/30 00:42:10 - mmengine - INFO - [EVAL] Epoch 11 Iter    50: Loss: 28.185 (30.888)
06/30 00:42:10 - mmengine - INFO - OccupancyLoss: 5.58928, OccupancyFlowLoss: 17.38238, DetectionLoss: 5.21358
06/30 00:43:12 - mmengine - INFO - [EVAL] Epoch 11 Iter   100: Loss: 31.700 (30.637)
06/30 00:43:12 - mmengine - INFO - OccupancyLoss: 9.17582, OccupancyFlowLoss: 17.32249, DetectionLoss: 5.20218
06/30 00:44:14 - mmengine - INFO - [EVAL] Epoch 11 Iter   150: Loss: 13.379 (31.184)
06/30 00:44:14 - mmengine - INFO - OccupancyLoss: 6.97560, OccupancyFlowLoss: 5.87143, DetectionLoss: 0.53217
06/30 00:45:16 - mmengine - INFO - [EVAL] Epoch 11 Iter   200: Loss: 22.586 (31.366)
06/30 00:45:16 - mmengine - INFO - OccupancyLoss: 10.16618, OccupancyFlowLoss: 8.57069, DetectionLoss: 3.84879
06/30 00:46:18 - mmengine - INFO - [EVAL] Epoch 11 Iter   250: Loss: 34.282 (31.630)
06/30 00:46:18 - mmengine - INFO - OccupancyLoss: 7.81477, OccupancyFlowLoss: 17.30303, DetectionLoss: 9.16413
06/30 00:47:21 - mmengine - INFO - [EVAL] Epoch 11 Iter   300: Loss: 32.249 (31.437)
06/30 00:47:21 - mmengine - INFO - OccupancyLoss: 8.80263, OccupancyFlowLoss: 17.43958, DetectionLoss: 6.00693
06/30 00:48:24 - mmengine - INFO - [EVAL] Epoch 11 Iter   350: Loss: 26.266 (31.595)
06/30 00:48:24 - mmengine - INFO - OccupancyLoss: 7.62672, OccupancyFlowLoss: 8.78895, DetectionLoss: 9.85075
06/30 00:49:26 - mmengine - INFO - [EVAL] Epoch 11 Iter   400: Loss: 19.692 (31.497)
06/30 00:49:26 - mmengine - INFO - OccupancyLoss: 7.84415, OccupancyFlowLoss: 2.90696, DetectionLoss: 8.94076
06/30 00:50:29 - mmengine - INFO - [EVAL] Epoch 11 Iter   450: Loss: 43.678 (31.507)
06/30 00:50:29 - mmengine - INFO - OccupancyLoss: 9.34098, OccupancyFlowLoss: 17.52245, DetectionLoss: 16.81506
06/30 00:51:31 - mmengine - INFO - Validation per class iou none:
06/30 00:51:31 - mmengine - INFO - barrier : 1.76%, 0.20, 0.02
06/30 00:51:31 - mmengine - INFO - bicycle : 0.00%, 0.00, 0.00
06/30 00:51:31 - mmengine - INFO - bus : 2.01%, 0.13, 0.02
06/30 00:51:31 - mmengine - INFO - car : 21.34%, 0.44, 0.29
06/30 00:51:31 - mmengine - INFO - construction_vehicle : 0.00%, 0.00, 0.00
06/30 00:51:31 - mmengine - INFO - motorcycle : 0.00%, 0.00, 0.00
06/30 00:51:31 - mmengine - INFO - pedestrian : 0.00%, 0.05, 0.00
06/30 00:51:31 - mmengine - INFO - traffic_cone : 0.00%, 0.00, 0.00
06/30 00:51:31 - mmengine - INFO - trailer : 0.36%, 0.02, 0.00
06/30 00:51:31 - mmengine - INFO - truck : 10.09%, 0.25, 0.14
06/30 00:51:31 - mmengine - INFO - driveable_surface : 34.05%, 0.53, 0.49
06/30 00:51:31 - mmengine - INFO - other_flat : 5.69%, 0.27, 0.07
06/30 00:51:31 - mmengine - INFO - sidewalk : 15.47%, 0.30, 0.24
06/30 00:51:31 - mmengine - INFO - terrain : 14.32%, 0.34, 0.20
06/30 00:51:31 - mmengine - INFO - manmade : 7.29%, 0.28, 0.09
06/30 00:51:31 - mmengine - INFO - vegetation : 13.86%, 0.44, 0.17
06/30 00:51:31 - mmengine - INFO - tensor([  213109,    14566,   204192,  1435223,   106632,    22025,   206833,
           42653,   134799,   555406,  7051599,   345594,  2482869,  3418334,
         7852446,  8317553, 32659904], device='cuda:0', dtype=torch.int32)
06/30 00:51:31 - mmengine - INFO - tensor([    4037,        0,     4765,   418648,        1,        0,        2,
               0,      580,    79822,  3454482,    23283,   604493,   681769,
          707321,  1397068, 10123252], device='cuda:0', dtype=torch.int32)
06/30 00:51:31 - mmengine - INFO - tensor([   20252,        0,    37276,   945492,      250,        0,       41,
               0,    25104,   315874,  6548231,    86918,  2028051,  2024650,
         2551069,  3159638, 17742846], device='cuda:0', dtype=torch.int32)
06/30 00:51:31 - mmengine - INFO - mIoU: 7.890583099680271, iou2: 25.132516860961914
06/30 00:51:31 - mmengine - INFO - Current val loss is 31.577
06/30 00:51:50 - mmengine - INFO - [TRAIN] Epoch 11 Iter     0/750: Loss: 25.660 (25.660), grad_norm: 35.077, lr: 0.0000200, time: 9.115 (3.072)
06/30 00:51:50 - mmengine - INFO - OccupancyLoss: 5.62505, OccupancyFlowLoss: 17.30789, DetectionLoss: 2.72660
06/30 00:56:37 - mmengine - INFO - [TRAIN] Epoch 11 Iter    50/750: Loss: 33.727 (29.712), grad_norm: 45.843, lr: 0.0000200, time: 5.812 (0.008)
06/30 00:56:37 - mmengine - INFO - OccupancyLoss: 10.95485, OccupancyFlowLoss: 16.75570, DetectionLoss: 6.01609
06/30 01:01:24 - mmengine - INFO - [TRAIN] Epoch 11 Iter   100/750: Loss: 26.977 (28.639), grad_norm: 29.274, lr: 0.0000200, time: 5.665 (0.008)
06/30 01:01:24 - mmengine - INFO - OccupancyLoss: 7.81287, OccupancyFlowLoss: 17.05340, DetectionLoss: 2.11062
06/30 01:06:12 - mmengine - INFO - [TRAIN] Epoch 11 Iter   150/750: Loss: 32.941 (29.978), grad_norm: 42.387, lr: 0.0000200, time: 5.678 (0.008)
06/30 01:06:12 - mmengine - INFO - OccupancyLoss: 9.92052, OccupancyFlowLoss: 17.58110, DetectionLoss: 5.43934
06/30 01:10:57 - mmengine - INFO - [TRAIN] Epoch 11 Iter   200/750: Loss: 34.235 (27.820), grad_norm: 35.712, lr: 0.0000200, time: 5.541 (0.008)
06/30 01:10:57 - mmengine - INFO - OccupancyLoss: 9.96781, OccupancyFlowLoss: 17.74090, DetectionLoss: 6.52595
06/30 01:15:44 - mmengine - INFO - [TRAIN] Epoch 11 Iter   250/750: Loss: 36.369 (29.435), grad_norm: 50.683, lr: 0.0000200, time: 5.627 (0.008)
06/30 01:15:44 - mmengine - INFO - OccupancyLoss: 13.57069, OccupancyFlowLoss: 16.68218, DetectionLoss: 6.11609
06/30 01:20:31 - mmengine - INFO - [TRAIN] Epoch 11 Iter   300/750: Loss: 35.564 (29.600), grad_norm: 62.352, lr: 0.0000200, time: 5.653 (0.008)
06/30 01:20:31 - mmengine - INFO - OccupancyLoss: 12.21353, OccupancyFlowLoss: 14.84634, DetectionLoss: 8.50390
06/30 01:25:16 - mmengine - INFO - [TRAIN] Epoch 11 Iter   350/750: Loss: 28.314 (30.452), grad_norm: 41.990, lr: 0.0000200, time: 5.614 (0.008)
06/30 01:25:16 - mmengine - INFO - OccupancyLoss: 8.45161, OccupancyFlowLoss: 16.62104, DetectionLoss: 3.24152
06/30 01:30:04 - mmengine - INFO - [TRAIN] Epoch 11 Iter   400/750: Loss: 32.117 (29.786), grad_norm: 45.352, lr: 0.0000200, time: 5.714 (0.008)
06/30 01:30:04 - mmengine - INFO - OccupancyLoss: 11.78661, OccupancyFlowLoss: 17.37691, DetectionLoss: 2.95322
06/30 01:34:51 - mmengine - INFO - [TRAIN] Epoch 11 Iter   450/750: Loss: 35.972 (29.671), grad_norm: 43.891, lr: 0.0000200, time: 5.757 (0.008)
06/30 01:34:51 - mmengine - INFO - OccupancyLoss: 7.50938, OccupancyFlowLoss: 17.55922, DetectionLoss: 10.90371
06/30 01:39:39 - mmengine - INFO - [TRAIN] Epoch 11 Iter   500/750: Loss: 33.986 (28.892), grad_norm: 46.549, lr: 0.0000200, time: 5.955 (0.008)
06/30 01:39:39 - mmengine - INFO - OccupancyLoss: 10.06067, OccupancyFlowLoss: 17.18380, DetectionLoss: 6.74171
06/30 01:44:27 - mmengine - INFO - [TRAIN] Epoch 11 Iter   550/750: Loss: 36.620 (30.712), grad_norm: 56.950, lr: 0.0000200, time: 5.761 (0.008)
06/30 01:44:27 - mmengine - INFO - OccupancyLoss: 11.78038, OccupancyFlowLoss: 17.24492, DetectionLoss: 7.59470
06/30 01:49:13 - mmengine - INFO - [TRAIN] Epoch 11 Iter   600/750: Loss: 33.708 (28.657), grad_norm: 29.068, lr: 0.0000200, time: 5.683 (0.008)
06/30 01:49:13 - mmengine - INFO - OccupancyLoss: 12.69983, OccupancyFlowLoss: 17.43194, DetectionLoss: 3.57615
06/30 01:54:02 - mmengine - INFO - [TRAIN] Epoch 11 Iter   650/750: Loss: 35.272 (29.381), grad_norm: 32.268, lr: 0.0000200, time: 5.583 (0.008)
06/30 01:54:02 - mmengine - INFO - OccupancyLoss: 12.89146, OccupancyFlowLoss: 16.83180, DetectionLoss: 5.54916
06/30 01:58:50 - mmengine - INFO - [TRAIN] Epoch 11 Iter   700/750: Loss: 29.154 (28.631), grad_norm: 34.823, lr: 0.0000200, time: 5.865 (0.008)
06/30 01:58:50 - mmengine - INFO - OccupancyLoss: 6.91623, OccupancyFlowLoss: 17.47058, DetectionLoss: 4.76721
06/30 02:03:39 - mmengine - INFO - [EVAL] Epoch 12 Iter     0: Loss: 29.328 (29.328)
06/30 02:03:39 - mmengine - INFO - OccupancyLoss: 5.91517, OccupancyFlowLoss: 17.71316, DetectionLoss: 5.69976
06/30 02:04:42 - mmengine - INFO - [EVAL] Epoch 12 Iter    50: Loss: 28.323 (30.815)
06/30 02:04:42 - mmengine - INFO - OccupancyLoss: 5.74396, OccupancyFlowLoss: 17.40023, DetectionLoss: 5.17902
06/30 02:05:43 - mmengine - INFO - [EVAL] Epoch 12 Iter   100: Loss: 32.037 (30.592)
06/30 02:05:43 - mmengine - INFO - OccupancyLoss: 9.07237, OccupancyFlowLoss: 17.26458, DetectionLoss: 5.70028
06/30 02:06:46 - mmengine - INFO - [EVAL] Epoch 12 Iter   150: Loss: 13.457 (31.207)
06/30 02:06:46 - mmengine - INFO - OccupancyLoss: 6.91452, OccupancyFlowLoss: 5.85473, DetectionLoss: 0.68812
06/30 02:07:48 - mmengine - INFO - [EVAL] Epoch 12 Iter   200: Loss: 21.791 (31.369)
06/30 02:07:48 - mmengine - INFO - OccupancyLoss: 9.92985, OccupancyFlowLoss: 8.53276, DetectionLoss: 3.32832
06/30 02:08:50 - mmengine - INFO - [EVAL] Epoch 12 Iter   250: Loss: 34.087 (31.631)
06/30 02:08:50 - mmengine - INFO - OccupancyLoss: 7.65734, OccupancyFlowLoss: 17.33809, DetectionLoss: 9.09107
06/30 02:09:53 - mmengine - INFO - [EVAL] Epoch 12 Iter   300: Loss: 32.578 (31.464)
06/30 02:09:53 - mmengine - INFO - OccupancyLoss: 8.53355, OccupancyFlowLoss: 17.39444, DetectionLoss: 6.64963
06/30 02:10:56 - mmengine - INFO - [EVAL] Epoch 12 Iter   350: Loss: 25.874 (31.621)
06/30 02:10:56 - mmengine - INFO - OccupancyLoss: 7.57563, OccupancyFlowLoss: 8.78590, DetectionLoss: 9.51285
06/30 02:11:59 - mmengine - INFO - [EVAL] Epoch 12 Iter   400: Loss: 20.000 (31.509)
06/30 02:11:59 - mmengine - INFO - OccupancyLoss: 7.57066, OccupancyFlowLoss: 2.90887, DetectionLoss: 9.52061
06/30 02:13:02 - mmengine - INFO - [EVAL] Epoch 12 Iter   450: Loss: 43.948 (31.519)
06/30 02:13:02 - mmengine - INFO - OccupancyLoss: 9.10665, OccupancyFlowLoss: 17.50920, DetectionLoss: 17.33253
06/30 02:14:12 - mmengine - INFO - Validation per class iou none:
06/30 02:14:12 - mmengine - INFO - barrier : 2.33%, 0.18, 0.03
06/30 02:14:12 - mmengine - INFO - bicycle : 0.00%, 0.00, 0.00
06/30 02:14:12 - mmengine - INFO - bus : 0.88%, 0.12, 0.01
06/30 02:14:12 - mmengine - INFO - car : 22.79%, 0.39, 0.35
06/30 02:14:12 - mmengine - INFO - construction_vehicle : 0.00%, 0.00, 0.00
06/30 02:14:12 - mmengine - INFO - motorcycle : 0.00%, 0.00, 0.00
06/30 02:14:12 - mmengine - INFO - pedestrian : 0.01%, 0.11, 0.00
06/30 02:14:12 - mmengine - INFO - traffic_cone : 0.00%, 0.00, 0.00
06/30 02:14:12 - mmengine - INFO - trailer : 0.67%, 0.04, 0.01
06/30 02:14:12 - mmengine - INFO - truck : 11.69%, 0.26, 0.18
06/30 02:14:12 - mmengine - INFO - driveable_surface : 33.74%, 0.61, 0.43
06/30 02:14:12 - mmengine - INFO - other_flat : 5.16%, 0.34, 0.06
06/30 02:14:12 - mmengine - INFO - sidewalk : 14.63%, 0.34, 0.20
06/30 02:14:12 - mmengine - INFO - terrain : 12.38%, 0.40, 0.15
06/30 02:14:12 - mmengine - INFO - manmade : 4.58%, 0.28, 0.05
06/30 02:14:12 - mmengine - INFO - vegetation : 17.29%, 0.38, 0.24
06/30 02:14:12 - mmengine - INFO - tensor([  213109,    14566,   204192,  1435223,   106632,    22025,   206833,
           42653,   134799,   555406,  7051599,   345594,  2482869,  3418334,
         7852446,  8317553, 32659904], device='cuda:0', dtype=torch.int32)
06/30 02:14:12 - mmengine - INFO - tensor([   5562,       0,    1910,  504855,       0,       0,      17,       0,
           1058,   97246, 3039436,   19787,  504105,  521477,  408040, 1994455,
        9438997], device='cuda:0', dtype=torch.int32)
06/30 02:14:12 - mmengine - INFO - tensor([   30701,        0,    15287,  1284592,        3,        0,      156,
               0,    24480,   373433,  4995762,    57926,  1467834,  1315826,
         1468655,  5213315, 16247970], device='cuda:0', dtype=torch.int32)
06/30 02:14:12 - mmengine - INFO - mIoU: 7.8841077083779965, iou2: 23.9150390625
06/30 02:14:12 - mmengine - INFO - Current val loss is 31.618
06/30 02:14:31 - mmengine - INFO - [TRAIN] Epoch 12 Iter     0/750: Loss: 13.112 (13.112), grad_norm: 29.732, lr: 0.0000200, time: 9.245 (3.347)
06/30 02:14:31 - mmengine - INFO - OccupancyLoss: 7.41219, OccupancyFlowLoss: 0.00000, DetectionLoss: 5.69953
06/30 02:19:29 - mmengine - INFO - [TRAIN] Epoch 12 Iter    50/750: Loss: 32.420 (29.607), grad_norm: 40.002, lr: 0.0000200, time: 5.781 (0.008)
06/30 02:19:29 - mmengine - INFO - OccupancyLoss: 12.00181, OccupancyFlowLoss: 16.93695, DetectionLoss: 3.48168
06/30 02:24:18 - mmengine - INFO - [TRAIN] Epoch 12 Iter   100/750: Loss: 35.176 (29.144), grad_norm: 42.133, lr: 0.0000200, time: 5.724 (0.008)
06/30 02:24:18 - mmengine - INFO - OccupancyLoss: 12.36111, OccupancyFlowLoss: 16.92098, DetectionLoss: 5.89398
06/30 02:29:08 - mmengine - INFO - [TRAIN] Epoch 12 Iter   150/750: Loss: 16.901 (28.141), grad_norm: 35.798, lr: 0.0000200, time: 5.880 (0.008)
06/30 02:29:08 - mmengine - INFO - OccupancyLoss: 6.70388, OccupancyFlowLoss: 2.96709, DetectionLoss: 7.22960
06/30 02:33:56 - mmengine - INFO - [TRAIN] Epoch 12 Iter   200/750: Loss: 24.899 (27.784), grad_norm: 44.447, lr: 0.0000200, time: 5.778 (0.008)
06/30 02:33:56 - mmengine - INFO - OccupancyLoss: 6.19552, OccupancyFlowLoss: 17.25804, DetectionLoss: 1.44512
06/30 02:38:44 - mmengine - INFO - [TRAIN] Epoch 12 Iter   250/750: Loss: 29.278 (28.571), grad_norm: 44.087, lr: 0.0000200, time: 5.831 (0.008)
06/30 02:38:44 - mmengine - INFO - OccupancyLoss: 6.41042, OccupancyFlowLoss: 17.59739, DetectionLoss: 5.26978
06/30 02:43:32 - mmengine - INFO - [TRAIN] Epoch 12 Iter   300/750: Loss: 27.826 (29.450), grad_norm: 47.494, lr: 0.0000200, time: 5.900 (0.008)
06/30 02:43:32 - mmengine - INFO - OccupancyLoss: 6.84742, OccupancyFlowLoss: 17.00777, DetectionLoss: 3.97060
06/30 02:48:20 - mmengine - INFO - [TRAIN] Epoch 12 Iter   350/750: Loss: 29.657 (28.963), grad_norm: 54.763, lr: 0.0000200, time: 5.828 (0.008)
06/30 02:48:20 - mmengine - INFO - OccupancyLoss: 9.41305, OccupancyFlowLoss: 16.95168, DetectionLoss: 3.29188
06/30 02:53:06 - mmengine - INFO - [TRAIN] Epoch 12 Iter   400/750: Loss: 35.854 (29.923), grad_norm: 46.861, lr: 0.0000200, time: 5.783 (0.008)
06/30 02:53:06 - mmengine - INFO - OccupancyLoss: 8.28380, OccupancyFlowLoss: 17.26042, DetectionLoss: 10.30969
06/30 02:57:54 - mmengine - INFO - [TRAIN] Epoch 12 Iter   450/750: Loss: 29.472 (28.968), grad_norm: 35.418, lr: 0.0000200, time: 5.661 (0.008)
06/30 02:57:54 - mmengine - INFO - OccupancyLoss: 5.93820, OccupancyFlowLoss: 17.27713, DetectionLoss: 6.25667
06/30 03:02:42 - mmengine - INFO - [TRAIN] Epoch 12 Iter   500/750: Loss: 32.579 (29.264), grad_norm: 51.931, lr: 0.0000200, time: 5.791 (0.008)
06/30 03:02:42 - mmengine - INFO - OccupancyLoss: 11.79047, OccupancyFlowLoss: 17.15062, DetectionLoss: 3.63770
06/30 03:07:31 - mmengine - INFO - [TRAIN] Epoch 12 Iter   550/750: Loss: 29.946 (29.623), grad_norm: 49.886, lr: 0.0000200, time: 5.830 (0.008)
06/30 03:07:31 - mmengine - INFO - OccupancyLoss: 8.23948, OccupancyFlowLoss: 17.00360, DetectionLoss: 4.70273
