WARNING:torch.distributed.run:
*****************************************
Setting OMP_NUM_THREADS environment variable for each process to be 1 in default, to avoid your system being overloaded, please further tune the variable for optimal performance in your application as needed. 
*****************************************
Failed to start virtual display.
Failed to start virtual display.
No Mayavi installation found.
No Mayavi installation found.
Failed to start virtual display.
No Mayavi installation found.
Failed to start virtual display.
No Mayavi installation found.
Namespace(backend='nccl', dataset='nuscenes', gpus=4, gradient_accumulation=1, iter_resume=False, py_config='config/nuscenes_gs25600_ft_depth.py', resume_from='', seed=42, vis_map=False, work_dir='out/nuscenes_gs25600_ft_depth')
Namespace(backend='nccl', dataset='nuscenes', gpus=4, gradient_accumulation=1, iter_resume=False, py_config='config/nuscenes_gs25600_ft_depth.py', resume_from='', seed=42, vis_map=False, work_dir='out/nuscenes_gs25600_ft_depth')
Namespace(backend='nccl', dataset='nuscenes', gpus=4, gradient_accumulation=1, iter_resume=False, py_config='config/nuscenes_gs25600_ft_depth.py', resume_from='', seed=42, vis_map=False, work_dir='out/nuscenes_gs25600_ft_depth')
Namespace(backend='nccl', dataset='nuscenes', gpus=4, gradient_accumulation=1, iter_resume=False, py_config='config/nuscenes_gs25600_ft_depth.py', resume_from='', seed=42, vis_map=False, work_dir='out/nuscenes_gs25600_ft_depth')
rank=2, local_rank=2, world_size=4
rank=3, local_rank=3, world_size=4
rank=0, local_rank=0, world_size=4
rank=1, local_rank=1, world_size=4
rank=3, local_rank=3, world_size=4
rank=1, local_rank=1, world_size=4
rank=0, local_rank=0, world_size=4
rank=2, local_rank=2, world_size=4
[GaussianLifter] Loaded depth-init xyz from data/depth_anchor_init_25600.npy
[GaussianLifter] Loaded depth-init xyz from data/depth_anchor_init_25600.npy
[GaussianLifter] Loaded depth-init xyz from data/depth_anchor_init_25600.npy
[GaussianLifter] Loaded depth-init xyz from data/depth_anchor_init_25600.npy
06/30 03:42:11 - mmengine - INFO - Frozen module: map_decoder
06/30 03:42:11 - mmengine - INFO - Frozen module: planner_head
06/30 03:42:11 - mmengine - INFO - Number of params: 166706077
06/30 03:42:11 - mmengine - INFO - converted sync bn.
06/30 03:42:15 - mmengine - INFO - done ddp model
06/30 03:44:11 - mmengine - WARNING - img_backbone.conv1.weight is skipped since its requires_grad=False
06/30 03:44:11 - mmengine - WARNING - img_backbone.bn1.weight is skipped since its requires_grad=False
06/30 03:44:11 - mmengine - WARNING - img_backbone.bn1.bias is skipped since its requires_grad=False
06/30 03:44:11 - mmengine - WARNING - img_backbone.layer1.0.conv1.weight is skipped since its requires_grad=False
06/30 03:44:11 - mmengine - WARNING - img_backbone.layer1.0.bn1.weight is skipped since its requires_grad=False
06/30 03:44:11 - mmengine - WARNING - img_backbone.layer1.0.bn1.bias is skipped since its requires_grad=False
06/30 03:44:11 - mmengine - WARNING - img_backbone.layer1.0.conv2.weight is skipped since its requires_grad=False
06/30 03:44:11 - mmengine - WARNING - img_backbone.layer1.0.bn2.weight is skipped since its requires_grad=False
06/30 03:44:11 - mmengine - WARNING - img_backbone.layer1.0.bn2.bias is skipped since its requires_grad=False
06/30 03:44:11 - mmengine - WARNING - img_backbone.layer1.0.conv3.weight is skipped since its requires_grad=False
06/30 03:44:11 - mmengine - WARNING - img_backbone.layer1.0.bn3.weight is skipped since its requires_grad=False
06/30 03:44:11 - mmengine - WARNING - img_backbone.layer1.0.bn3.bias is skipped since its requires_grad=False
06/30 03:44:11 - mmengine - WARNING - img_backbone.layer1.0.downsample.0.weight is skipped since its requires_grad=False
06/30 03:44:11 - mmengine - WARNING - img_backbone.layer1.0.downsample.1.weight is skipped since its requires_grad=False
06/30 03:44:11 - mmengine - WARNING - img_backbone.layer1.0.downsample.1.bias is skipped since its requires_grad=False
06/30 03:44:11 - mmengine - WARNING - img_backbone.layer1.1.conv1.weight is skipped since its requires_grad=False
06/30 03:44:11 - mmengine - WARNING - img_backbone.layer1.1.bn1.weight is skipped since its requires_grad=False
06/30 03:44:11 - mmengine - WARNING - img_backbone.layer1.1.bn1.bias is skipped since its requires_grad=False
06/30 03:44:11 - mmengine - WARNING - img_backbone.layer1.1.conv2.weight is skipped since its requires_grad=False
06/30 03:44:11 - mmengine - WARNING - img_backbone.layer1.1.bn2.weight is skipped since its requires_grad=False
06/30 03:44:11 - mmengine - WARNING - img_backbone.layer1.1.bn2.bias is skipped since its requires_grad=False
06/30 03:44:11 - mmengine - WARNING - img_backbone.layer1.1.conv3.weight is skipped since its requires_grad=False
06/30 03:44:11 - mmengine - WARNING - img_backbone.layer1.1.bn3.weight is skipped since its requires_grad=False
06/30 03:44:11 - mmengine - WARNING - img_backbone.layer1.1.bn3.bias is skipped since its requires_grad=False
06/30 03:44:11 - mmengine - WARNING - img_backbone.layer1.2.conv1.weight is skipped since its requires_grad=False
06/30 03:44:11 - mmengine - WARNING - img_backbone.layer1.2.bn1.weight is skipped since its requires_grad=False
06/30 03:44:11 - mmengine - WARNING - img_backbone.layer1.2.bn1.bias is skipped since its requires_grad=False
06/30 03:44:11 - mmengine - WARNING - img_backbone.layer1.2.conv2.weight is skipped since its requires_grad=False
06/30 03:44:11 - mmengine - WARNING - img_backbone.layer1.2.bn2.weight is skipped since its requires_grad=False
06/30 03:44:11 - mmengine - WARNING - img_backbone.layer1.2.bn2.bias is skipped since its requires_grad=False
06/30 03:44:11 - mmengine - WARNING - img_backbone.layer1.2.conv3.weight is skipped since its requires_grad=False
06/30 03:44:11 - mmengine - WARNING - img_backbone.layer1.2.bn3.weight is skipped since its requires_grad=False
06/30 03:44:11 - mmengine - WARNING - img_backbone.layer1.2.bn3.bias is skipped since its requires_grad=False
06/30 03:44:11 - mmengine - INFO - paramwise_options -- img_backbone.layer2.0.conv1.weight:lr=2e-05
06/30 03:44:11 - mmengine - INFO - paramwise_options -- img_backbone.layer2.0.conv1.weight:weight_decay=0.01
06/30 03:44:11 - mmengine - INFO - paramwise_options -- img_backbone.layer2.0.conv1.weight:lr_mult=0.1
06/30 03:44:11 - mmengine - WARNING - img_backbone.layer2.0.bn1.weight is skipped since its requires_grad=False
06/30 03:44:11 - mmengine - WARNING - img_backbone.layer2.0.bn1.bias is skipped since its requires_grad=False
06/30 03:44:11 - mmengine - INFO - paramwise_options -- img_backbone.layer2.0.conv2.weight:lr=2e-05
06/30 03:44:11 - mmengine - INFO - paramwise_options -- img_backbone.layer2.0.conv2.weight:weight_decay=0.01
06/30 03:44:11 - mmengine - INFO - paramwise_options -- img_backbone.layer2.0.conv2.weight:lr_mult=0.1
06/30 03:44:11 - mmengine - WARNING - img_backbone.layer2.0.bn2.weight is skipped since its requires_grad=False
06/30 03:44:11 - mmengine - WARNING - img_backbone.layer2.0.bn2.bias is skipped since its requires_grad=False
06/30 03:44:11 - mmengine - INFO - paramwise_options -- img_backbone.layer2.0.conv3.weight:lr=2e-05
06/30 03:44:11 - mmengine - INFO - paramwise_options -- img_backbone.layer2.0.conv3.weight:weight_decay=0.01
06/30 03:44:11 - mmengine - INFO - paramwise_options -- img_backbone.layer2.0.conv3.weight:lr_mult=0.1
06/30 03:44:11 - mmengine - WARNING - img_backbone.layer2.0.bn3.weight is skipped since its requires_grad=False
06/30 03:44:11 - mmengine - WARNING - img_backbone.layer2.0.bn3.bias is skipped since its requires_grad=False
06/30 03:44:11 - mmengine - INFO - paramwise_options -- img_backbone.layer2.0.downsample.0.weight:lr=2e-05
06/30 03:44:11 - mmengine - INFO - paramwise_options -- img_backbone.layer2.0.downsample.0.weight:weight_decay=0.01
06/30 03:44:11 - mmengine - INFO - paramwise_options -- img_backbone.layer2.0.downsample.0.weight:lr_mult=0.1
06/30 03:44:11 - mmengine - WARNING - img_backbone.layer2.0.downsample.1.weight is skipped since its requires_grad=False
06/30 03:44:11 - mmengine - WARNING - img_backbone.layer2.0.downsample.1.bias is skipped since its requires_grad=False
06/30 03:44:11 - mmengine - INFO - paramwise_options -- img_backbone.layer2.1.conv1.weight:lr=2e-05
06/30 03:44:11 - mmengine - INFO - paramwise_options -- img_backbone.layer2.1.conv1.weight:weight_decay=0.01
06/30 03:44:11 - mmengine - INFO - paramwise_options -- img_backbone.layer2.1.conv1.weight:lr_mult=0.1
06/30 03:44:11 - mmengine - WARNING - img_backbone.layer2.1.bn1.weight is skipped since its requires_grad=False
06/30 03:44:11 - mmengine - WARNING - img_backbone.layer2.1.bn1.bias is skipped since its requires_grad=False
06/30 03:44:11 - mmengine - INFO - paramwise_options -- img_backbone.layer2.1.conv2.weight:lr=2e-05
06/30 03:44:11 - mmengine - INFO - paramwise_options -- img_backbone.layer2.1.conv2.weight:weight_decay=0.01
06/30 03:44:11 - mmengine - INFO - paramwise_options -- img_backbone.layer2.1.conv2.weight:lr_mult=0.1
06/30 03:44:11 - mmengine - WARNING - img_backbone.layer2.1.bn2.weight is skipped since its requires_grad=False
06/30 03:44:11 - mmengine - WARNING - img_backbone.layer2.1.bn2.bias is skipped since its requires_grad=False
06/30 03:44:11 - mmengine - INFO - paramwise_options -- img_backbone.layer2.1.conv3.weight:lr=2e-05
06/30 03:44:11 - mmengine - INFO - paramwise_options -- img_backbone.layer2.1.conv3.weight:weight_decay=0.01
06/30 03:44:11 - mmengine - INFO - paramwise_options -- img_backbone.layer2.1.conv3.weight:lr_mult=0.1
06/30 03:44:11 - mmengine - WARNING - img_backbone.layer2.1.bn3.weight is skipped since its requires_grad=False
06/30 03:44:11 - mmengine - WARNING - img_backbone.layer2.1.bn3.bias is skipped since its requires_grad=False
06/30 03:44:11 - mmengine - INFO - paramwise_options -- img_backbone.layer2.2.conv1.weight:lr=2e-05
06/30 03:44:11 - mmengine - INFO - paramwise_options -- img_backbone.layer2.2.conv1.weight:weight_decay=0.01
06/30 03:44:11 - mmengine - INFO - paramwise_options -- img_backbone.layer2.2.conv1.weight:lr_mult=0.1
06/30 03:44:11 - mmengine - WARNING - img_backbone.layer2.2.bn1.weight is skipped since its requires_grad=False
06/30 03:44:11 - mmengine - WARNING - img_backbone.layer2.2.bn1.bias is skipped since its requires_grad=False
06/30 03:44:11 - mmengine - INFO - paramwise_options -- img_backbone.layer2.2.conv2.weight:lr=2e-05
06/30 03:44:11 - mmengine - INFO - paramwise_options -- img_backbone.layer2.2.conv2.weight:weight_decay=0.01
06/30 03:44:11 - mmengine - INFO - paramwise_options -- img_backbone.layer2.2.conv2.weight:lr_mult=0.1
06/30 03:44:11 - mmengine - WARNING - img_backbone.layer2.2.bn2.weight is skipped since its requires_grad=False
06/30 03:44:11 - mmengine - WARNING - img_backbone.layer2.2.bn2.bias is skipped since its requires_grad=False
06/30 03:44:11 - mmengine - INFO - paramwise_options -- img_backbone.layer2.2.conv3.weight:lr=2e-05
06/30 03:44:11 - mmengine - INFO - paramwise_options -- img_backbone.layer2.2.conv3.weight:weight_decay=0.01
06/30 03:44:11 - mmengine - INFO - paramwise_options -- img_backbone.layer2.2.conv3.weight:lr_mult=0.1
06/30 03:44:11 - mmengine - WARNING - img_backbone.layer2.2.bn3.weight is skipped since its requires_grad=False
06/30 03:44:11 - mmengine - WARNING - img_backbone.layer2.2.bn3.bias is skipped since its requires_grad=False
06/30 03:44:11 - mmengine - INFO - paramwise_options -- img_backbone.layer2.3.conv1.weight:lr=2e-05
06/30 03:44:11 - mmengine - INFO - paramwise_options -- img_backbone.layer2.3.conv1.weight:weight_decay=0.01
06/30 03:44:11 - mmengine - INFO - paramwise_options -- img_backbone.layer2.3.conv1.weight:lr_mult=0.1
06/30 03:44:11 - mmengine - WARNING - img_backbone.layer2.3.bn1.weight is skipped since its requires_grad=False
06/30 03:44:11 - mmengine - WARNING - img_backbone.layer2.3.bn1.bias is skipped since its requires_grad=False
06/30 03:44:11 - mmengine - INFO - paramwise_options -- img_backbone.layer2.3.conv2.weight:lr=2e-05
06/30 03:44:11 - mmengine - INFO - paramwise_options -- img_backbone.layer2.3.conv2.weight:weight_decay=0.01
06/30 03:44:11 - mmengine - INFO - paramwise_options -- img_backbone.layer2.3.conv2.weight:lr_mult=0.1
06/30 03:44:11 - mmengine - WARNING - img_backbone.layer2.3.bn2.weight is skipped since its requires_grad=False
06/30 03:44:11 - mmengine - WARNING - img_backbone.layer2.3.bn2.bias is skipped since its requires_grad=False
06/30 03:44:11 - mmengine - INFO - paramwise_options -- img_backbone.layer2.3.conv3.weight:lr=2e-05
06/30 03:44:11 - mmengine - INFO - paramwise_options -- img_backbone.layer2.3.conv3.weight:weight_decay=0.01
06/30 03:44:11 - mmengine - INFO - paramwise_options -- img_backbone.layer2.3.conv3.weight:lr_mult=0.1
06/30 03:44:11 - mmengine - WARNING - img_backbone.layer2.3.bn3.weight is skipped since its requires_grad=False
06/30 03:44:11 - mmengine - WARNING - img_backbone.layer2.3.bn3.bias is skipped since its requires_grad=False
06/30 03:44:11 - mmengine - INFO - paramwise_options -- img_backbone.layer3.0.conv1.weight:lr=2e-05
06/30 03:44:11 - mmengine - INFO - paramwise_options -- img_backbone.layer3.0.conv1.weight:weight_decay=0.01
06/30 03:44:11 - mmengine - INFO - paramwise_options -- img_backbone.layer3.0.conv1.weight:lr_mult=0.1
06/30 03:44:11 - mmengine - WARNING - img_backbone.layer3.0.bn1.weight is skipped since its requires_grad=False
06/30 03:44:11 - mmengine - WARNING - img_backbone.layer3.0.bn1.bias is skipped since its requires_grad=False
06/30 03:44:11 - mmengine - INFO - paramwise_options -- img_backbone.layer3.0.conv2.weight:lr=2e-05
06/30 03:44:11 - mmengine - INFO - paramwise_options -- img_backbone.layer3.0.conv2.weight:weight_decay=0.01
06/30 03:44:11 - mmengine - INFO - paramwise_options -- img_backbone.layer3.0.conv2.weight:lr_mult=0.1
06/30 03:44:11 - mmengine - INFO - paramwise_options -- img_backbone.layer3.0.conv2.conv_offset.weight:lr=2e-05
06/30 03:44:11 - mmengine - INFO - paramwise_options -- img_backbone.layer3.0.conv2.conv_offset.weight:weight_decay=0.01
06/30 03:44:11 - mmengine - INFO - paramwise_options -- img_backbone.layer3.0.conv2.conv_offset.weight:lr_mult=0.1
06/30 03:44:11 - mmengine - INFO - paramwise_options -- img_backbone.layer3.0.conv2.conv_offset.bias:lr=2e-05
06/30 03:44:11 - mmengine - INFO - paramwise_options -- img_backbone.layer3.0.conv2.conv_offset.bias:weight_decay=0.01
06/30 03:44:11 - mmengine - INFO - paramwise_options -- img_backbone.layer3.0.conv2.conv_offset.bias:lr_mult=0.1
06/30 03:44:11 - mmengine - WARNING - img_backbone.layer3.0.bn2.weight is skipped since its requires_grad=False
06/30 03:44:11 - mmengine - WARNING - img_backbone.layer3.0.bn2.bias is skipped since its requires_grad=False
06/30 03:44:11 - mmengine - INFO - paramwise_options -- img_backbone.layer3.0.conv3.weight:lr=2e-05
06/30 03:44:11 - mmengine - INFO - paramwise_options -- img_backbone.layer3.0.conv3.weight:weight_decay=0.01
06/30 03:44:11 - mmengine - INFO - paramwise_options -- img_backbone.layer3.0.conv3.weight:lr_mult=0.1
06/30 03:44:11 - mmengine - WARNING - img_backbone.layer3.0.bn3.weight is skipped since its requires_grad=False
06/30 03:44:11 - mmengine - WARNING - img_backbone.layer3.0.bn3.bias is skipped since its requires_grad=False
06/30 03:44:11 - mmengine - INFO - paramwise_options -- img_backbone.layer3.0.downsample.0.weight:lr=2e-05
06/30 03:44:11 - mmengine - INFO - paramwise_options -- img_backbone.layer3.0.downsample.0.weight:weight_decay=0.01
06/30 03:44:11 - mmengine - INFO - paramwise_options -- img_backbone.layer3.0.downsample.0.weight:lr_mult=0.1
06/30 03:44:11 - mmengine - WARNING - img_backbone.layer3.0.downsample.1.weight is skipped since its requires_grad=False
06/30 03:44:11 - mmengine - WARNING - img_backbone.layer3.0.downsample.1.bias is skipped since its requires_grad=False
06/30 03:44:11 - mmengine - INFO - paramwise_options -- img_backbone.layer3.1.conv1.weight:lr=2e-05
06/30 03:44:11 - mmengine - INFO - paramwise_options -- img_backbone.layer3.1.conv1.weight:weight_decay=0.01
06/30 03:44:11 - mmengine - INFO - paramwise_options -- img_backbone.layer3.1.conv1.weight:lr_mult=0.1
06/30 03:44:11 - mmengine - WARNING - img_backbone.layer3.1.bn1.weight is skipped since its requires_grad=False
06/30 03:44:11 - mmengine - WARNING - img_backbone.layer3.1.bn1.bias is skipped since its requires_grad=False
06/30 03:44:11 - mmengine - INFO - paramwise_options -- img_backbone.layer3.1.conv2.weight:lr=2e-05
06/30 03:44:11 - mmengine - INFO - paramwise_options -- img_backbone.layer3.1.conv2.weight:weight_decay=0.01
06/30 03:44:11 - mmengine - INFO - paramwise_options -- img_backbone.layer3.1.conv2.weight:lr_mult=0.1
06/30 03:44:11 - mmengine - INFO - paramwise_options -- img_backbone.layer3.1.conv2.conv_offset.weight:lr=2e-05
06/30 03:44:11 - mmengine - INFO - paramwise_options -- img_backbone.layer3.1.conv2.conv_offset.weight:weight_decay=0.01
06/30 03:44:11 - mmengine - INFO - paramwise_options -- img_backbone.layer3.1.conv2.conv_offset.weight:lr_mult=0.1
06/30 03:44:11 - mmengine - INFO - paramwise_options -- img_backbone.layer3.1.conv2.conv_offset.bias:lr=2e-05
06/30 03:44:11 - mmengine - INFO - paramwise_options -- img_backbone.layer3.1.conv2.conv_offset.bias:weight_decay=0.01
06/30 03:44:11 - mmengine - INFO - paramwise_options -- img_backbone.layer3.1.conv2.conv_offset.bias:lr_mult=0.1
06/30 03:44:11 - mmengine - WARNING - img_backbone.layer3.1.bn2.weight is skipped since its requires_grad=False
06/30 03:44:11 - mmengine - WARNING - img_backbone.layer3.1.bn2.bias is skipped since its requires_grad=False
06/30 03:44:11 - mmengine - INFO - paramwise_options -- img_backbone.layer3.1.conv3.weight:lr=2e-05
06/30 03:44:11 - mmengine - INFO - paramwise_options -- img_backbone.layer3.1.conv3.weight:weight_decay=0.01
06/30 03:44:11 - mmengine - INFO - paramwise_options -- img_backbone.layer3.1.conv3.weight:lr_mult=0.1
06/30 03:44:11 - mmengine - WARNING - img_backbone.layer3.1.bn3.weight is skipped since its requires_grad=False
06/30 03:44:11 - mmengine - WARNING - img_backbone.layer3.1.bn3.bias is skipped since its requires_grad=False
06/30 03:44:11 - mmengine - INFO - paramwise_options -- img_backbone.layer3.2.conv1.weight:lr=2e-05
06/30 03:44:11 - mmengine - INFO - paramwise_options -- img_backbone.layer3.2.conv1.weight:weight_decay=0.01
06/30 03:44:11 - mmengine - INFO - paramwise_options -- img_backbone.layer3.2.conv1.weight:lr_mult=0.1
06/30 03:44:11 - mmengine - WARNING - img_backbone.layer3.2.bn1.weight is skipped since its requires_grad=False
06/30 03:44:11 - mmengine - WARNING - img_backbone.layer3.2.bn1.bias is skipped since its requires_grad=False
06/30 03:44:11 - mmengine - INFO - paramwise_options -- img_backbone.layer3.2.conv2.weight:lr=2e-05
06/30 03:44:11 - mmengine - INFO - paramwise_options -- img_backbone.layer3.2.conv2.weight:weight_decay=0.01
06/30 03:44:11 - mmengine - INFO - paramwise_options -- img_backbone.layer3.2.conv2.weight:lr_mult=0.1
06/30 03:44:11 - mmengine - INFO - paramwise_options -- img_backbone.layer3.2.conv2.conv_offset.weight:lr=2e-05
06/30 03:44:11 - mmengine - INFO - paramwise_options -- img_backbone.layer3.2.conv2.conv_offset.weight:weight_decay=0.01
06/30 03:44:11 - mmengine - INFO - paramwise_options -- img_backbone.layer3.2.conv2.conv_offset.weight:lr_mult=0.1
06/30 03:44:11 - mmengine - INFO - paramwise_options -- img_backbone.layer3.2.conv2.conv_offset.bias:lr=2e-05
06/30 03:44:11 - mmengine - INFO - paramwise_options -- img_backbone.layer3.2.conv2.conv_offset.bias:weight_decay=0.01
06/30 03:44:11 - mmengine - INFO - paramwise_options -- img_backbone.layer3.2.conv2.conv_offset.bias:lr_mult=0.1
06/30 03:44:11 - mmengine - WARNING - img_backbone.layer3.2.bn2.weight is skipped since its requires_grad=False
06/30 03:44:11 - mmengine - WARNING - img_backbone.layer3.2.bn2.bias is skipped since its requires_grad=False
06/30 03:44:11 - mmengine - INFO - paramwise_options -- img_backbone.layer3.2.conv3.weight:lr=2e-05
06/30 03:44:11 - mmengine - INFO - paramwise_options -- img_backbone.layer3.2.conv3.weight:weight_decay=0.01
06/30 03:44:11 - mmengine - INFO - paramwise_options -- img_backbone.layer3.2.conv3.weight:lr_mult=0.1
06/30 03:44:11 - mmengine - WARNING - img_backbone.layer3.2.bn3.weight is skipped since its requires_grad=False
06/30 03:44:11 - mmengine - WARNING - img_backbone.layer3.2.bn3.bias is skipped since its requires_grad=False
06/30 03:44:11 - mmengine - INFO - paramwise_options -- img_backbone.layer3.3.conv1.weight:lr=2e-05
06/30 03:44:11 - mmengine - INFO - paramwise_options -- img_backbone.layer3.3.conv1.weight:weight_decay=0.01
06/30 03:44:11 - mmengine - INFO - paramwise_options -- img_backbone.layer3.3.conv1.weight:lr_mult=0.1
06/30 03:44:11 - mmengine - WARNING - img_backbone.layer3.3.bn1.weight is skipped since its requires_grad=False
06/30 03:44:11 - mmengine - WARNING - img_backbone.layer3.3.bn1.bias is skipped since its requires_grad=False
06/30 03:44:11 - mmengine - INFO - paramwise_options -- img_backbone.layer3.3.conv2.weight:lr=2e-05
06/30 03:44:11 - mmengine - INFO - paramwise_options -- img_backbone.layer3.3.conv2.weight:weight_decay=0.01
06/30 03:44:11 - mmengine - INFO - paramwise_options -- img_backbone.layer3.3.conv2.weight:lr_mult=0.1
06/30 03:44:11 - mmengine - INFO - paramwise_options -- img_backbone.layer3.3.conv2.conv_offset.weight:lr=2e-05
06/30 03:44:11 - mmengine - INFO - paramwise_options -- img_backbone.layer3.3.conv2.conv_offset.weight:weight_decay=0.01
06/30 03:44:11 - mmengine - INFO - paramwise_options -- img_backbone.layer3.3.conv2.conv_offset.weight:lr_mult=0.1
06/30 03:44:11 - mmengine - INFO - paramwise_options -- img_backbone.layer3.3.conv2.conv_offset.bias:lr=2e-05
06/30 03:44:11 - mmengine - INFO - paramwise_options -- img_backbone.layer3.3.conv2.conv_offset.bias:weight_decay=0.01
06/30 03:44:11 - mmengine - INFO - paramwise_options -- img_backbone.layer3.3.conv2.conv_offset.bias:lr_mult=0.1
06/30 03:44:11 - mmengine - WARNING - img_backbone.layer3.3.bn2.weight is skipped since its requires_grad=False
06/30 03:44:11 - mmengine - WARNING - img_backbone.layer3.3.bn2.bias is skipped since its requires_grad=False
06/30 03:44:11 - mmengine - INFO - paramwise_options -- img_backbone.layer3.3.conv3.weight:lr=2e-05
06/30 03:44:11 - mmengine - INFO - paramwise_options -- img_backbone.layer3.3.conv3.weight:weight_decay=0.01
06/30 03:44:11 - mmengine - INFO - paramwise_options -- img_backbone.layer3.3.conv3.weight:lr_mult=0.1
06/30 03:44:11 - mmengine - WARNING - img_backbone.layer3.3.bn3.weight is skipped since its requires_grad=False
06/30 03:44:11 - mmengine - WARNING - img_backbone.layer3.3.bn3.bias is skipped since its requires_grad=False
06/30 03:44:11 - mmengine - INFO - paramwise_options -- img_backbone.layer3.4.conv1.weight:lr=2e-05
06/30 03:44:11 - mmengine - INFO - paramwise_options -- img_backbone.layer3.4.conv1.weight:weight_decay=0.01
06/30 03:44:11 - mmengine - INFO - paramwise_options -- img_backbone.layer3.4.conv1.weight:lr_mult=0.1
06/30 03:44:11 - mmengine - WARNING - img_backbone.layer3.4.bn1.weight is skipped since its requires_grad=False
06/30 03:44:11 - mmengine - WARNING - img_backbone.layer3.4.bn1.bias is skipped since its requires_grad=False
06/30 03:44:11 - mmengine - INFO - paramwise_options -- img_backbone.layer3.4.conv2.weight:lr=2e-05
06/30 03:44:11 - mmengine - INFO - paramwise_options -- img_backbone.layer3.4.conv2.weight:weight_decay=0.01
06/30 03:44:11 - mmengine - INFO - paramwise_options -- img_backbone.layer3.4.conv2.weight:lr_mult=0.1
06/30 03:44:11 - mmengine - INFO - paramwise_options -- img_backbone.layer3.4.conv2.conv_offset.weight:lr=2e-05
06/30 03:44:11 - mmengine - INFO - paramwise_options -- img_backbone.layer3.4.conv2.conv_offset.weight:weight_decay=0.01
06/30 03:44:11 - mmengine - INFO - paramwise_options -- img_backbone.layer3.4.conv2.conv_offset.weight:lr_mult=0.1
06/30 03:44:11 - mmengine - INFO - paramwise_options -- img_backbone.layer3.4.conv2.conv_offset.bias:lr=2e-05
06/30 03:44:11 - mmengine - INFO - paramwise_options -- img_backbone.layer3.4.conv2.conv_offset.bias:weight_decay=0.01
06/30 03:44:11 - mmengine - INFO - paramwise_options -- img_backbone.layer3.4.conv2.conv_offset.bias:lr_mult=0.1
06/30 03:44:11 - mmengine - WARNING - img_backbone.layer3.4.bn2.weight is skipped since its requires_grad=False
06/30 03:44:11 - mmengine - WARNING - img_backbone.layer3.4.bn2.bias is skipped since its requires_grad=False
06/30 03:44:11 - mmengine - INFO - paramwise_options -- img_backbone.layer3.4.conv3.weight:lr=2e-05
06/30 03:44:11 - mmengine - INFO - paramwise_options -- img_backbone.layer3.4.conv3.weight:weight_decay=0.01
06/30 03:44:11 - mmengine - INFO - paramwise_options -- img_backbone.layer3.4.conv3.weight:lr_mult=0.1
06/30 03:44:11 - mmengine - WARNING - img_backbone.layer3.4.bn3.weight is skipped since its requires_grad=False
06/30 03:44:11 - mmengine - WARNING - img_backbone.layer3.4.bn3.bias is skipped since its requires_grad=False
06/30 03:44:11 - mmengine - INFO - paramwise_options -- img_backbone.layer3.5.conv1.weight:lr=2e-05
06/30 03:44:11 - mmengine - INFO - paramwise_options -- img_backbone.layer3.5.conv1.weight:weight_decay=0.01
06/30 03:44:11 - mmengine - INFO - paramwise_options -- img_backbone.layer3.5.conv1.weight:lr_mult=0.1
06/30 03:44:11 - mmengine - WARNING - img_backbone.layer3.5.bn1.weight is skipped since its requires_grad=False
06/30 03:44:11 - mmengine - WARNING - img_backbone.layer3.5.bn1.bias is skipped since its requires_grad=False
06/30 03:44:11 - mmengine - INFO - paramwise_options -- img_backbone.layer3.5.conv2.weight:lr=2e-05
06/30 03:44:11 - mmengine - INFO - paramwise_options -- img_backbone.layer3.5.conv2.weight:weight_decay=0.01
06/30 03:44:11 - mmengine - INFO - paramwise_options -- img_backbone.layer3.5.conv2.weight:lr_mult=0.1
06/30 03:44:11 - mmengine - INFO - paramwise_options -- img_backbone.layer3.5.conv2.conv_offset.weight:lr=2e-05
06/30 03:44:11 - mmengine - INFO - paramwise_options -- img_backbone.layer3.5.conv2.conv_offset.weight:weight_decay=0.01
06/30 03:44:11 - mmengine - INFO - paramwise_options -- img_backbone.layer3.5.conv2.conv_offset.weight:lr_mult=0.1
06/30 03:44:11 - mmengine - INFO - paramwise_options -- img_backbone.layer3.5.conv2.conv_offset.bias:lr=2e-05
06/30 03:44:11 - mmengine - INFO - paramwise_options -- img_backbone.layer3.5.conv2.conv_offset.bias:weight_decay=0.01
06/30 03:44:11 - mmengine - INFO - paramwise_options -- img_backbone.layer3.5.conv2.conv_offset.bias:lr_mult=0.1
06/30 03:44:11 - mmengine - WARNING - img_backbone.layer3.5.bn2.weight is skipped since its requires_grad=False
06/30 03:44:11 - mmengine - WARNING - img_backbone.layer3.5.bn2.bias is skipped since its requires_grad=False
06/30 03:44:11 - mmengine - INFO - paramwise_options -- img_backbone.layer3.5.conv3.weight:lr=2e-05
06/30 03:44:11 - mmengine - INFO - paramwise_options -- img_backbone.layer3.5.conv3.weight:weight_decay=0.01
06/30 03:44:11 - mmengine - INFO - paramwise_options -- img_backbone.layer3.5.conv3.weight:lr_mult=0.1
06/30 03:44:11 - mmengine - WARNING - img_backbone.layer3.5.bn3.weight is skipped since its requires_grad=False
06/30 03:44:11 - mmengine - WARNING - img_backbone.layer3.5.bn3.bias is skipped since its requires_grad=False
06/30 03:44:11 - mmengine - INFO - paramwise_options -- img_backbone.layer3.6.conv1.weight:lr=2e-05
06/30 03:44:11 - mmengine - INFO - paramwise_options -- img_backbone.layer3.6.conv1.weight:weight_decay=0.01
06/30 03:44:11 - mmengine - INFO - paramwise_options -- img_backbone.layer3.6.conv1.weight:lr_mult=0.1
06/30 03:44:11 - mmengine - WARNING - img_backbone.layer3.6.bn1.weight is skipped since its requires_grad=False
06/30 03:44:11 - mmengine - WARNING - img_backbone.layer3.6.bn1.bias is skipped since its requires_grad=False
06/30 03:44:11 - mmengine - INFO - paramwise_options -- img_backbone.layer3.6.conv2.weight:lr=2e-05
06/30 03:44:11 - mmengine - INFO - paramwise_options -- img_backbone.layer3.6.conv2.weight:weight_decay=0.01
06/30 03:44:11 - mmengine - INFO - paramwise_options -- img_backbone.layer3.6.conv2.weight:lr_mult=0.1
06/30 03:44:11 - mmengine - INFO - paramwise_options -- img_backbone.layer3.6.conv2.conv_offset.weight:lr=2e-05
06/30 03:44:11 - mmengine - INFO - paramwise_options -- img_backbone.layer3.6.conv2.conv_offset.weight:weight_decay=0.01
06/30 03:44:11 - mmengine - INFO - paramwise_options -- img_backbone.layer3.6.conv2.conv_offset.weight:lr_mult=0.1
06/30 03:44:11 - mmengine - INFO - paramwise_options -- img_backbone.layer3.6.conv2.conv_offset.bias:lr=2e-05
06/30 03:44:11 - mmengine - INFO - paramwise_options -- img_backbone.layer3.6.conv2.conv_offset.bias:weight_decay=0.01
06/30 03:44:11 - mmengine - INFO - paramwise_options -- img_backbone.layer3.6.conv2.conv_offset.bias:lr_mult=0.1
06/30 03:44:11 - mmengine - WARNING - img_backbone.layer3.6.bn2.weight is skipped since its requires_grad=False
06/30 03:44:11 - mmengine - WARNING - img_backbone.layer3.6.bn2.bias is skipped since its requires_grad=False
06/30 03:44:11 - mmengine - INFO - paramwise_options -- img_backbone.layer3.6.conv3.weight:lr=2e-05
06/30 03:44:11 - mmengine - INFO - paramwise_options -- img_backbone.layer3.6.conv3.weight:weight_decay=0.01
06/30 03:44:11 - mmengine - INFO - paramwise_options -- img_backbone.layer3.6.conv3.weight:lr_mult=0.1
06/30 03:44:11 - mmengine - WARNING - img_backbone.layer3.6.bn3.weight is skipped since its requires_grad=False
06/30 03:44:11 - mmengine - WARNING - img_backbone.layer3.6.bn3.bias is skipped since its requires_grad=False
06/30 03:44:11 - mmengine - INFO - paramwise_options -- img_backbone.layer3.7.conv1.weight:lr=2e-05
06/30 03:44:11 - mmengine - INFO - paramwise_options -- img_backbone.layer3.7.conv1.weight:weight_decay=0.01
06/30 03:44:11 - mmengine - INFO - paramwise_options -- img_backbone.layer3.7.conv1.weight:lr_mult=0.1
06/30 03:44:11 - mmengine - WARNING - img_backbone.layer3.7.bn1.weight is skipped since its requires_grad=False
06/30 03:44:11 - mmengine - WARNING - img_backbone.layer3.7.bn1.bias is skipped since its requires_grad=False
06/30 03:44:11 - mmengine - INFO - paramwise_options -- img_backbone.layer3.7.conv2.weight:lr=2e-05
06/30 03:44:11 - mmengine - INFO - paramwise_options -- img_backbone.layer3.7.conv2.weight:weight_decay=0.01
06/30 03:44:11 - mmengine - INFO - paramwise_options -- img_backbone.layer3.7.conv2.weight:lr_mult=0.1
06/30 03:44:11 - mmengine - INFO - paramwise_options -- img_backbone.layer3.7.conv2.conv_offset.weight:lr=2e-05
06/30 03:44:11 - mmengine - INFO - paramwise_options -- img_backbone.layer3.7.conv2.conv_offset.weight:weight_decay=0.01
06/30 03:44:11 - mmengine - INFO - paramwise_options -- img_backbone.layer3.7.conv2.conv_offset.weight:lr_mult=0.1
06/30 03:44:11 - mmengine - INFO - paramwise_options -- img_backbone.layer3.7.conv2.conv_offset.bias:lr=2e-05
06/30 03:44:11 - mmengine - INFO - paramwise_options -- img_backbone.layer3.7.conv2.conv_offset.bias:weight_decay=0.01
06/30 03:44:11 - mmengine - INFO - paramwise_options -- img_backbone.layer3.7.conv2.conv_offset.bias:lr_mult=0.1
06/30 03:44:11 - mmengine - WARNING - img_backbone.layer3.7.bn2.weight is skipped since its requires_grad=False
06/30 03:44:11 - mmengine - WARNING - img_backbone.layer3.7.bn2.bias is skipped since its requires_grad=False
06/30 03:44:11 - mmengine - INFO - paramwise_options -- img_backbone.layer3.7.conv3.weight:lr=2e-05
06/30 03:44:11 - mmengine - INFO - paramwise_options -- img_backbone.layer3.7.conv3.weight:weight_decay=0.01
06/30 03:44:11 - mmengine - INFO - paramwise_options -- img_backbone.layer3.7.conv3.weight:lr_mult=0.1
06/30 03:44:11 - mmengine - WARNING - img_backbone.layer3.7.bn3.weight is skipped since its requires_grad=False
06/30 03:44:11 - mmengine - WARNING - img_backbone.layer3.7.bn3.bias is skipped since its requires_grad=False
06/30 03:44:11 - mmengine - INFO - paramwise_options -- img_backbone.layer3.8.conv1.weight:lr=2e-05
06/30 03:44:11 - mmengine - INFO - paramwise_options -- img_backbone.layer3.8.conv1.weight:weight_decay=0.01
06/30 03:44:11 - mmengine - INFO - paramwise_options -- img_backbone.layer3.8.conv1.weight:lr_mult=0.1
06/30 03:44:11 - mmengine - WARNING - img_backbone.layer3.8.bn1.weight is skipped since its requires_grad=False
06/30 03:44:11 - mmengine - WARNING - img_backbone.layer3.8.bn1.bias is skipped since its requires_grad=False
06/30 03:44:11 - mmengine - INFO - paramwise_options -- img_backbone.layer3.8.conv2.weight:lr=2e-05
06/30 03:44:11 - mmengine - INFO - paramwise_options -- img_backbone.layer3.8.conv2.weight:weight_decay=0.01
06/30 03:44:11 - mmengine - INFO - paramwise_options -- img_backbone.layer3.8.conv2.weight:lr_mult=0.1
06/30 03:44:11 - mmengine - INFO - paramwise_options -- img_backbone.layer3.8.conv2.conv_offset.weight:lr=2e-05
06/30 03:44:11 - mmengine - INFO - paramwise_options -- img_backbone.layer3.8.conv2.conv_offset.weight:weight_decay=0.01
06/30 03:44:11 - mmengine - INFO - paramwise_options -- img_backbone.layer3.8.conv2.conv_offset.weight:lr_mult=0.1
06/30 03:44:11 - mmengine - INFO - paramwise_options -- img_backbone.layer3.8.conv2.conv_offset.bias:lr=2e-05
06/30 03:44:11 - mmengine - INFO - paramwise_options -- img_backbone.layer3.8.conv2.conv_offset.bias:weight_decay=0.01
06/30 03:44:11 - mmengine - INFO - paramwise_options -- img_backbone.layer3.8.conv2.conv_offset.bias:lr_mult=0.1
06/30 03:44:11 - mmengine - WARNING - img_backbone.layer3.8.bn2.weight is skipped since its requires_grad=False
06/30 03:44:11 - mmengine - WARNING - img_backbone.layer3.8.bn2.bias is skipped since its requires_grad=False
06/30 03:44:11 - mmengine - INFO - paramwise_options -- img_backbone.layer3.8.conv3.weight:lr=2e-05
06/30 03:44:11 - mmengine - INFO - paramwise_options -- img_backbone.layer3.8.conv3.weight:weight_decay=0.01
06/30 03:44:11 - mmengine - INFO - paramwise_options -- img_backbone.layer3.8.conv3.weight:lr_mult=0.1
06/30 03:44:11 - mmengine - WARNING - img_backbone.layer3.8.bn3.weight is skipped since its requires_grad=False
06/30 03:44:11 - mmengine - WARNING - img_backbone.layer3.8.bn3.bias is skipped since its requires_grad=False
06/30 03:44:11 - mmengine - INFO - paramwise_options -- img_backbone.layer3.9.conv1.weight:lr=2e-05
06/30 03:44:11 - mmengine - INFO - paramwise_options -- img_backbone.layer3.9.conv1.weight:weight_decay=0.01
06/30 03:44:11 - mmengine - INFO - paramwise_options -- img_backbone.layer3.9.conv1.weight:lr_mult=0.1
06/30 03:44:11 - mmengine - WARNING - img_backbone.layer3.9.bn1.weight is skipped since its requires_grad=False
06/30 03:44:11 - mmengine - WARNING - img_backbone.layer3.9.bn1.bias is skipped since its requires_grad=False
06/30 03:44:11 - mmengine - INFO - paramwise_options -- img_backbone.layer3.9.conv2.weight:lr=2e-05
06/30 03:44:11 - mmengine - INFO - paramwise_options -- img_backbone.layer3.9.conv2.weight:weight_decay=0.01
06/30 03:44:11 - mmengine - INFO - paramwise_options -- img_backbone.layer3.9.conv2.weight:lr_mult=0.1
06/30 03:44:11 - mmengine - INFO - paramwise_options -- img_backbone.layer3.9.conv2.conv_offset.weight:lr=2e-05
06/30 03:44:11 - mmengine - INFO - paramwise_options -- img_backbone.layer3.9.conv2.conv_offset.weight:weight_decay=0.01
06/30 03:44:11 - mmengine - INFO - paramwise_options -- img_backbone.layer3.9.conv2.conv_offset.weight:lr_mult=0.1
06/30 03:44:11 - mmengine - INFO - paramwise_options -- img_backbone.layer3.9.conv2.conv_offset.bias:lr=2e-05
06/30 03:44:11 - mmengine - INFO - paramwise_options -- img_backbone.layer3.9.conv2.conv_offset.bias:weight_decay=0.01
06/30 03:44:11 - mmengine - INFO - paramwise_options -- img_backbone.layer3.9.conv2.conv_offset.bias:lr_mult=0.1
06/30 03:44:11 - mmengine - WARNING - img_backbone.layer3.9.bn2.weight is skipped since its requires_grad=False
06/30 03:44:11 - mmengine - WARNING - img_backbone.layer3.9.bn2.bias is skipped since its requires_grad=False
06/30 03:44:11 - mmengine - INFO - paramwise_options -- img_backbone.layer3.9.conv3.weight:lr=2e-05
06/30 03:44:11 - mmengine - INFO - paramwise_options -- img_backbone.layer3.9.conv3.weight:weight_decay=0.01
06/30 03:44:11 - mmengine - INFO - paramwise_options -- img_backbone.layer3.9.conv3.weight:lr_mult=0.1
06/30 03:44:11 - mmengine - WARNING - img_backbone.layer3.9.bn3.weight is skipped since its requires_grad=False
06/30 03:44:11 - mmengine - WARNING - img_backbone.layer3.9.bn3.bias is skipped since its requires_grad=False
06/30 03:44:11 - mmengine - INFO - paramwise_options -- img_backbone.layer3.10.conv1.weight:lr=2e-05
06/30 03:44:11 - mmengine - INFO - paramwise_options -- img_backbone.layer3.10.conv1.weight:weight_decay=0.01
06/30 03:44:11 - mmengine - INFO - paramwise_options -- img_backbone.layer3.10.conv1.weight:lr_mult=0.1
06/30 03:44:11 - mmengine - WARNING - img_backbone.layer3.10.bn1.weight is skipped since its requires_grad=False
06/30 03:44:11 - mmengine - WARNING - img_backbone.layer3.10.bn1.bias is skipped since its requires_grad=False
06/30 03:44:11 - mmengine - INFO - paramwise_options -- img_backbone.layer3.10.conv2.weight:lr=2e-05
06/30 03:44:11 - mmengine - INFO - paramwise_options -- img_backbone.layer3.10.conv2.weight:weight_decay=0.01
06/30 03:44:11 - mmengine - INFO - paramwise_options -- img_backbone.layer3.10.conv2.weight:lr_mult=0.1
06/30 03:44:11 - mmengine - INFO - paramwise_options -- img_backbone.layer3.10.conv2.conv_offset.weight:lr=2e-05
06/30 03:44:11 - mmengine - INFO - paramwise_options -- img_backbone.layer3.10.conv2.conv_offset.weight:weight_decay=0.01
06/30 03:44:11 - mmengine - INFO - paramwise_options -- img_backbone.layer3.10.conv2.conv_offset.weight:lr_mult=0.1
06/30 03:44:11 - mmengine - INFO - paramwise_options -- img_backbone.layer3.10.conv2.conv_offset.bias:lr=2e-05
06/30 03:44:11 - mmengine - INFO - paramwise_options -- img_backbone.layer3.10.conv2.conv_offset.bias:weight_decay=0.01
06/30 03:44:11 - mmengine - INFO - paramwise_options -- img_backbone.layer3.10.conv2.conv_offset.bias:lr_mult=0.1
06/30 03:44:11 - mmengine - WARNING - img_backbone.layer3.10.bn2.weight is skipped since its requires_grad=False
06/30 03:44:11 - mmengine - WARNING - img_backbone.layer3.10.bn2.bias is skipped since its requires_grad=False
06/30 03:44:11 - mmengine - INFO - paramwise_options -- img_backbone.layer3.10.conv3.weight:lr=2e-05
06/30 03:44:11 - mmengine - INFO - paramwise_options -- img_backbone.layer3.10.conv3.weight:weight_decay=0.01
06/30 03:44:11 - mmengine - INFO - paramwise_options -- img_backbone.layer3.10.conv3.weight:lr_mult=0.1
06/30 03:44:11 - mmengine - WARNING - img_backbone.layer3.10.bn3.weight is skipped since its requires_grad=False
06/30 03:44:11 - mmengine - WARNING - img_backbone.layer3.10.bn3.bias is skipped since its requires_grad=False
06/30 03:44:11 - mmengine - INFO - paramwise_options -- img_backbone.layer3.11.conv1.weight:lr=2e-05
06/30 03:44:11 - mmengine - INFO - paramwise_options -- img_backbone.layer3.11.conv1.weight:weight_decay=0.01
06/30 03:44:11 - mmengine - INFO - paramwise_options -- img_backbone.layer3.11.conv1.weight:lr_mult=0.1
06/30 03:44:11 - mmengine - WARNING - img_backbone.layer3.11.bn1.weight is skipped since its requires_grad=False
06/30 03:44:11 - mmengine - WARNING - img_backbone.layer3.11.bn1.bias is skipped since its requires_grad=False
06/30 03:44:11 - mmengine - INFO - paramwise_options -- img_backbone.layer3.11.conv2.weight:lr=2e-05
06/30 03:44:11 - mmengine - INFO - paramwise_options -- img_backbone.layer3.11.conv2.weight:weight_decay=0.01
06/30 03:44:11 - mmengine - INFO - paramwise_options -- img_backbone.layer3.11.conv2.weight:lr_mult=0.1
06/30 03:44:11 - mmengine - INFO - paramwise_options -- img_backbone.layer3.11.conv2.conv_offset.weight:lr=2e-05
06/30 03:44:11 - mmengine - INFO - paramwise_options -- img_backbone.layer3.11.conv2.conv_offset.weight:weight_decay=0.01
06/30 03:44:11 - mmengine - INFO - paramwise_options -- img_backbone.layer3.11.conv2.conv_offset.weight:lr_mult=0.1
06/30 03:44:11 - mmengine - INFO - paramwise_options -- img_backbone.layer3.11.conv2.conv_offset.bias:lr=2e-05
06/30 03:44:11 - mmengine - INFO - paramwise_options -- img_backbone.layer3.11.conv2.conv_offset.bias:weight_decay=0.01
06/30 03:44:11 - mmengine - INFO - paramwise_options -- img_backbone.layer3.11.conv2.conv_offset.bias:lr_mult=0.1
06/30 03:44:11 - mmengine - WARNING - img_backbone.layer3.11.bn2.weight is skipped since its requires_grad=False
06/30 03:44:11 - mmengine - WARNING - img_backbone.layer3.11.bn2.bias is skipped since its requires_grad=False
06/30 03:44:11 - mmengine - INFO - paramwise_options -- img_backbone.layer3.11.conv3.weight:lr=2e-05
06/30 03:44:11 - mmengine - INFO - paramwise_options -- img_backbone.layer3.11.conv3.weight:weight_decay=0.01
06/30 03:44:11 - mmengine - INFO - paramwise_options -- img_backbone.layer3.11.conv3.weight:lr_mult=0.1
06/30 03:44:11 - mmengine - WARNING - img_backbone.layer3.11.bn3.weight is skipped since its requires_grad=False
06/30 03:44:11 - mmengine - WARNING - img_backbone.layer3.11.bn3.bias is skipped since its requires_grad=False
06/30 03:44:11 - mmengine - INFO - paramwise_options -- img_backbone.layer3.12.conv1.weight:lr=2e-05
06/30 03:44:11 - mmengine - INFO - paramwise_options -- img_backbone.layer3.12.conv1.weight:weight_decay=0.01
06/30 03:44:11 - mmengine - INFO - paramwise_options -- img_backbone.layer3.12.conv1.weight:lr_mult=0.1
06/30 03:44:11 - mmengine - WARNING - img_backbone.layer3.12.bn1.weight is skipped since its requires_grad=False
06/30 03:44:11 - mmengine - WARNING - img_backbone.layer3.12.bn1.bias is skipped since its requires_grad=False
06/30 03:44:11 - mmengine - INFO - paramwise_options -- img_backbone.layer3.12.conv2.weight:lr=2e-05
06/30 03:44:11 - mmengine - INFO - paramwise_options -- img_backbone.layer3.12.conv2.weight:weight_decay=0.01
06/30 03:44:11 - mmengine - INFO - paramwise_options -- img_backbone.layer3.12.conv2.weight:lr_mult=0.1
06/30 03:44:11 - mmengine - INFO - paramwise_options -- img_backbone.layer3.12.conv2.conv_offset.weight:lr=2e-05
06/30 03:44:11 - mmengine - INFO - paramwise_options -- img_backbone.layer3.12.conv2.conv_offset.weight:weight_decay=0.01
06/30 03:44:11 - mmengine - INFO - paramwise_options -- img_backbone.layer3.12.conv2.conv_offset.weight:lr_mult=0.1
06/30 03:44:11 - mmengine - INFO - paramwise_options -- img_backbone.layer3.12.conv2.conv_offset.bias:lr=2e-05
06/30 03:44:11 - mmengine - INFO - paramwise_options -- img_backbone.layer3.12.conv2.conv_offset.bias:weight_decay=0.01
06/30 03:44:11 - mmengine - INFO - paramwise_options -- img_backbone.layer3.12.conv2.conv_offset.bias:lr_mult=0.1
06/30 03:44:11 - mmengine - WARNING - img_backbone.layer3.12.bn2.weight is skipped since its requires_grad=False
06/30 03:44:11 - mmengine - WARNING - img_backbone.layer3.12.bn2.bias is skipped since its requires_grad=False
06/30 03:44:11 - mmengine - INFO - paramwise_options -- img_backbone.layer3.12.conv3.weight:lr=2e-05
06/30 03:44:11 - mmengine - INFO - paramwise_options -- img_backbone.layer3.12.conv3.weight:weight_decay=0.01
06/30 03:44:11 - mmengine - INFO - paramwise_options -- img_backbone.layer3.12.conv3.weight:lr_mult=0.1
06/30 03:44:11 - mmengine - WARNING - img_backbone.layer3.12.bn3.weight is skipped since its requires_grad=False
06/30 03:44:11 - mmengine - WARNING - img_backbone.layer3.12.bn3.bias is skipped since its requires_grad=False
06/30 03:44:11 - mmengine - INFO - paramwise_options -- img_backbone.layer3.13.conv1.weight:lr=2e-05
06/30 03:44:11 - mmengine - INFO - paramwise_options -- img_backbone.layer3.13.conv1.weight:weight_decay=0.01
06/30 03:44:11 - mmengine - INFO - paramwise_options -- img_backbone.layer3.13.conv1.weight:lr_mult=0.1
06/30 03:44:11 - mmengine - WARNING - img_backbone.layer3.13.bn1.weight is skipped since its requires_grad=False
06/30 03:44:11 - mmengine - WARNING - img_backbone.layer3.13.bn1.bias is skipped since its requires_grad=False
06/30 03:44:11 - mmengine - INFO - paramwise_options -- img_backbone.layer3.13.conv2.weight:lr=2e-05
06/30 03:44:11 - mmengine - INFO - paramwise_options -- img_backbone.layer3.13.conv2.weight:weight_decay=0.01
06/30 03:44:11 - mmengine - INFO - paramwise_options -- img_backbone.layer3.13.conv2.weight:lr_mult=0.1
06/30 03:44:11 - mmengine - INFO - paramwise_options -- img_backbone.layer3.13.conv2.conv_offset.weight:lr=2e-05
06/30 03:44:11 - mmengine - INFO - paramwise_options -- img_backbone.layer3.13.conv2.conv_offset.weight:weight_decay=0.01
06/30 03:44:11 - mmengine - INFO - paramwise_options -- img_backbone.layer3.13.conv2.conv_offset.weight:lr_mult=0.1
06/30 03:44:11 - mmengine - INFO - paramwise_options -- img_backbone.layer3.13.conv2.conv_offset.bias:lr=2e-05
06/30 03:44:11 - mmengine - INFO - paramwise_options -- img_backbone.layer3.13.conv2.conv_offset.bias:weight_decay=0.01
06/30 03:44:11 - mmengine - INFO - paramwise_options -- img_backbone.layer3.13.conv2.conv_offset.bias:lr_mult=0.1
06/30 03:44:11 - mmengine - WARNING - img_backbone.layer3.13.bn2.weight is skipped since its requires_grad=False
06/30 03:44:11 - mmengine - WARNING - img_backbone.layer3.13.bn2.bias is skipped since its requires_grad=False
06/30 03:44:11 - mmengine - INFO - paramwise_options -- img_backbone.layer3.13.conv3.weight:lr=2e-05
06/30 03:44:11 - mmengine - INFO - paramwise_options -- img_backbone.layer3.13.conv3.weight:weight_decay=0.01
06/30 03:44:11 - mmengine - INFO - paramwise_options -- img_backbone.layer3.13.conv3.weight:lr_mult=0.1
06/30 03:44:11 - mmengine - WARNING - img_backbone.layer3.13.bn3.weight is skipped since its requires_grad=False
06/30 03:44:11 - mmengine - WARNING - img_backbone.layer3.13.bn3.bias is skipped since its requires_grad=False
06/30 03:44:11 - mmengine - INFO - paramwise_options -- img_backbone.layer3.14.conv1.weight:lr=2e-05
06/30 03:44:11 - mmengine - INFO - paramwise_options -- img_backbone.layer3.14.conv1.weight:weight_decay=0.01
06/30 03:44:11 - mmengine - INFO - paramwise_options -- img_backbone.layer3.14.conv1.weight:lr_mult=0.1
06/30 03:44:11 - mmengine - WARNING - img_backbone.layer3.14.bn1.weight is skipped since its requires_grad=False
06/30 03:44:11 - mmengine - WARNING - img_backbone.layer3.14.bn1.bias is skipped since its requires_grad=False
06/30 03:44:11 - mmengine - INFO - paramwise_options -- img_backbone.layer3.14.conv2.weight:lr=2e-05
06/30 03:44:11 - mmengine - INFO - paramwise_options -- img_backbone.layer3.14.conv2.weight:weight_decay=0.01
06/30 03:44:11 - mmengine - INFO - paramwise_options -- img_backbone.layer3.14.conv2.weight:lr_mult=0.1
06/30 03:44:11 - mmengine - INFO - paramwise_options -- img_backbone.layer3.14.conv2.conv_offset.weight:lr=2e-05
06/30 03:44:11 - mmengine - INFO - paramwise_options -- img_backbone.layer3.14.conv2.conv_offset.weight:weight_decay=0.01
06/30 03:44:11 - mmengine - INFO - paramwise_options -- img_backbone.layer3.14.conv2.conv_offset.weight:lr_mult=0.1
06/30 03:44:11 - mmengine - INFO - paramwise_options -- img_backbone.layer3.14.conv2.conv_offset.bias:lr=2e-05
06/30 03:44:11 - mmengine - INFO - paramwise_options -- img_backbone.layer3.14.conv2.conv_offset.bias:weight_decay=0.01
06/30 03:44:11 - mmengine - INFO - paramwise_options -- img_backbone.layer3.14.conv2.conv_offset.bias:lr_mult=0.1
06/30 03:44:11 - mmengine - WARNING - img_backbone.layer3.14.bn2.weight is skipped since its requires_grad=False
06/30 03:44:11 - mmengine - WARNING - img_backbone.layer3.14.bn2.bias is skipped since its requires_grad=False
06/30 03:44:11 - mmengine - INFO - paramwise_options -- img_backbone.layer3.14.conv3.weight:lr=2e-05
06/30 03:44:11 - mmengine - INFO - paramwise_options -- img_backbone.layer3.14.conv3.weight:weight_decay=0.01
06/30 03:44:11 - mmengine - INFO - paramwise_options -- img_backbone.layer3.14.conv3.weight:lr_mult=0.1
06/30 03:44:11 - mmengine - WARNING - img_backbone.layer3.14.bn3.weight is skipped since its requires_grad=False
06/30 03:44:11 - mmengine - WARNING - img_backbone.layer3.14.bn3.bias is skipped since its requires_grad=False
06/30 03:44:11 - mmengine - INFO - paramwise_options -- img_backbone.layer3.15.conv1.weight:lr=2e-05
06/30 03:44:11 - mmengine - INFO - paramwise_options -- img_backbone.layer3.15.conv1.weight:weight_decay=0.01
06/30 03:44:11 - mmengine - INFO - paramwise_options -- img_backbone.layer3.15.conv1.weight:lr_mult=0.1
06/30 03:44:11 - mmengine - WARNING - img_backbone.layer3.15.bn1.weight is skipped since its requires_grad=False
06/30 03:44:11 - mmengine - WARNING - img_backbone.layer3.15.bn1.bias is skipped since its requires_grad=False
06/30 03:44:11 - mmengine - INFO - paramwise_options -- img_backbone.layer3.15.conv2.weight:lr=2e-05
06/30 03:44:11 - mmengine - INFO - paramwise_options -- img_backbone.layer3.15.conv2.weight:weight_decay=0.01
06/30 03:44:11 - mmengine - INFO - paramwise_options -- img_backbone.layer3.15.conv2.weight:lr_mult=0.1
06/30 03:44:11 - mmengine - INFO - paramwise_options -- img_backbone.layer3.15.conv2.conv_offset.weight:lr=2e-05
06/30 03:44:11 - mmengine - INFO - paramwise_options -- img_backbone.layer3.15.conv2.conv_offset.weight:weight_decay=0.01
06/30 03:44:11 - mmengine - INFO - paramwise_options -- img_backbone.layer3.15.conv2.conv_offset.weight:lr_mult=0.1
06/30 03:44:11 - mmengine - INFO - paramwise_options -- img_backbone.layer3.15.conv2.conv_offset.bias:lr=2e-05
06/30 03:44:11 - mmengine - INFO - paramwise_options -- img_backbone.layer3.15.conv2.conv_offset.bias:weight_decay=0.01
06/30 03:44:11 - mmengine - INFO - paramwise_options -- img_backbone.layer3.15.conv2.conv_offset.bias:lr_mult=0.1
06/30 03:44:11 - mmengine - WARNING - img_backbone.layer3.15.bn2.weight is skipped since its requires_grad=False
06/30 03:44:11 - mmengine - WARNING - img_backbone.layer3.15.bn2.bias is skipped since its requires_grad=False
06/30 03:44:11 - mmengine - INFO - paramwise_options -- img_backbone.layer3.15.conv3.weight:lr=2e-05
06/30 03:44:11 - mmengine - INFO - paramwise_options -- img_backbone.layer3.15.conv3.weight:weight_decay=0.01
06/30 03:44:11 - mmengine - INFO - paramwise_options -- img_backbone.layer3.15.conv3.weight:lr_mult=0.1
06/30 03:44:11 - mmengine - WARNING - img_backbone.layer3.15.bn3.weight is skipped since its requires_grad=False
06/30 03:44:11 - mmengine - WARNING - img_backbone.layer3.15.bn3.bias is skipped since its requires_grad=False
06/30 03:44:11 - mmengine - INFO - paramwise_options -- img_backbone.layer3.16.conv1.weight:lr=2e-05
06/30 03:44:11 - mmengine - INFO - paramwise_options -- img_backbone.layer3.16.conv1.weight:weight_decay=0.01
06/30 03:44:11 - mmengine - INFO - paramwise_options -- img_backbone.layer3.16.conv1.weight:lr_mult=0.1
06/30 03:44:11 - mmengine - WARNING - img_backbone.layer3.16.bn1.weight is skipped since its requires_grad=False
06/30 03:44:11 - mmengine - WARNING - img_backbone.layer3.16.bn1.bias is skipped since its requires_grad=False
06/30 03:44:11 - mmengine - INFO - paramwise_options -- img_backbone.layer3.16.conv2.weight:lr=2e-05
06/30 03:44:11 - mmengine - INFO - paramwise_options -- img_backbone.layer3.16.conv2.weight:weight_decay=0.01
06/30 03:44:11 - mmengine - INFO - paramwise_options -- img_backbone.layer3.16.conv2.weight:lr_mult=0.1
06/30 03:44:11 - mmengine - INFO - paramwise_options -- img_backbone.layer3.16.conv2.conv_offset.weight:lr=2e-05
06/30 03:44:11 - mmengine - INFO - paramwise_options -- img_backbone.layer3.16.conv2.conv_offset.weight:weight_decay=0.01
06/30 03:44:11 - mmengine - INFO - paramwise_options -- img_backbone.layer3.16.conv2.conv_offset.weight:lr_mult=0.1
06/30 03:44:11 - mmengine - INFO - paramwise_options -- img_backbone.layer3.16.conv2.conv_offset.bias:lr=2e-05
06/30 03:44:11 - mmengine - INFO - paramwise_options -- img_backbone.layer3.16.conv2.conv_offset.bias:weight_decay=0.01
06/30 03:44:11 - mmengine - INFO - paramwise_options -- img_backbone.layer3.16.conv2.conv_offset.bias:lr_mult=0.1
06/30 03:44:11 - mmengine - WARNING - img_backbone.layer3.16.bn2.weight is skipped since its requires_grad=False
06/30 03:44:11 - mmengine - WARNING - img_backbone.layer3.16.bn2.bias is skipped since its requires_grad=False
06/30 03:44:11 - mmengine - INFO - paramwise_options -- img_backbone.layer3.16.conv3.weight:lr=2e-05
06/30 03:44:11 - mmengine - INFO - paramwise_options -- img_backbone.layer3.16.conv3.weight:weight_decay=0.01
06/30 03:44:11 - mmengine - INFO - paramwise_options -- img_backbone.layer3.16.conv3.weight:lr_mult=0.1
06/30 03:44:11 - mmengine - WARNING - img_backbone.layer3.16.bn3.weight is skipped since its requires_grad=False
06/30 03:44:11 - mmengine - WARNING - img_backbone.layer3.16.bn3.bias is skipped since its requires_grad=False
06/30 03:44:11 - mmengine - INFO - paramwise_options -- img_backbone.layer3.17.conv1.weight:lr=2e-05
06/30 03:44:11 - mmengine - INFO - paramwise_options -- img_backbone.layer3.17.conv1.weight:weight_decay=0.01
06/30 03:44:11 - mmengine - INFO - paramwise_options -- img_backbone.layer3.17.conv1.weight:lr_mult=0.1
06/30 03:44:11 - mmengine - WARNING - img_backbone.layer3.17.bn1.weight is skipped since its requires_grad=False
06/30 03:44:11 - mmengine - WARNING - img_backbone.layer3.17.bn1.bias is skipped since its requires_grad=False
06/30 03:44:11 - mmengine - INFO - paramwise_options -- img_backbone.layer3.17.conv2.weight:lr=2e-05
06/30 03:44:11 - mmengine - INFO - paramwise_options -- img_backbone.layer3.17.conv2.weight:weight_decay=0.01
06/30 03:44:11 - mmengine - INFO - paramwise_options -- img_backbone.layer3.17.conv2.weight:lr_mult=0.1
06/30 03:44:11 - mmengine - INFO - paramwise_options -- img_backbone.layer3.17.conv2.conv_offset.weight:lr=2e-05
06/30 03:44:11 - mmengine - INFO - paramwise_options -- img_backbone.layer3.17.conv2.conv_offset.weight:weight_decay=0.01
06/30 03:44:11 - mmengine - INFO - paramwise_options -- img_backbone.layer3.17.conv2.conv_offset.weight:lr_mult=0.1
06/30 03:44:11 - mmengine - INFO - paramwise_options -- img_backbone.layer3.17.conv2.conv_offset.bias:lr=2e-05
06/30 03:44:11 - mmengine - INFO - paramwise_options -- img_backbone.layer3.17.conv2.conv_offset.bias:weight_decay=0.01
06/30 03:44:11 - mmengine - INFO - paramwise_options -- img_backbone.layer3.17.conv2.conv_offset.bias:lr_mult=0.1
06/30 03:44:11 - mmengine - WARNING - img_backbone.layer3.17.bn2.weight is skipped since its requires_grad=False
06/30 03:44:11 - mmengine - WARNING - img_backbone.layer3.17.bn2.bias is skipped since its requires_grad=False
06/30 03:44:11 - mmengine - INFO - paramwise_options -- img_backbone.layer3.17.conv3.weight:lr=2e-05
06/30 03:44:11 - mmengine - INFO - paramwise_options -- img_backbone.layer3.17.conv3.weight:weight_decay=0.01
06/30 03:44:11 - mmengine - INFO - paramwise_options -- img_backbone.layer3.17.conv3.weight:lr_mult=0.1
06/30 03:44:11 - mmengine - WARNING - img_backbone.layer3.17.bn3.weight is skipped since its requires_grad=False
06/30 03:44:11 - mmengine - WARNING - img_backbone.layer3.17.bn3.bias is skipped since its requires_grad=False
06/30 03:44:11 - mmengine - INFO - paramwise_options -- img_backbone.layer3.18.conv1.weight:lr=2e-05
06/30 03:44:11 - mmengine - INFO - paramwise_options -- img_backbone.layer3.18.conv1.weight:weight_decay=0.01
06/30 03:44:11 - mmengine - INFO - paramwise_options -- img_backbone.layer3.18.conv1.weight:lr_mult=0.1
06/30 03:44:11 - mmengine - WARNING - img_backbone.layer3.18.bn1.weight is skipped since its requires_grad=False
06/30 03:44:11 - mmengine - WARNING - img_backbone.layer3.18.bn1.bias is skipped since its requires_grad=False
06/30 03:44:11 - mmengine - INFO - paramwise_options -- img_backbone.layer3.18.conv2.weight:lr=2e-05
06/30 03:44:11 - mmengine - INFO - paramwise_options -- img_backbone.layer3.18.conv2.weight:weight_decay=0.01
06/30 03:44:11 - mmengine - INFO - paramwise_options -- img_backbone.layer3.18.conv2.weight:lr_mult=0.1
06/30 03:44:11 - mmengine - INFO - paramwise_options -- img_backbone.layer3.18.conv2.conv_offset.weight:lr=2e-05
06/30 03:44:11 - mmengine - INFO - paramwise_options -- img_backbone.layer3.18.conv2.conv_offset.weight:weight_decay=0.01
06/30 03:44:11 - mmengine - INFO - paramwise_options -- img_backbone.layer3.18.conv2.conv_offset.weight:lr_mult=0.1
06/30 03:44:11 - mmengine - INFO - paramwise_options -- img_backbone.layer3.18.conv2.conv_offset.bias:lr=2e-05
06/30 03:44:11 - mmengine - INFO - paramwise_options -- img_backbone.layer3.18.conv2.conv_offset.bias:weight_decay=0.01
06/30 03:44:11 - mmengine - INFO - paramwise_options -- img_backbone.layer3.18.conv2.conv_offset.bias:lr_mult=0.1
06/30 03:44:11 - mmengine - WARNING - img_backbone.layer3.18.bn2.weight is skipped since its requires_grad=False
06/30 03:44:11 - mmengine - WARNING - img_backbone.layer3.18.bn2.bias is skipped since its requires_grad=False
06/30 03:44:11 - mmengine - INFO - paramwise_options -- img_backbone.layer3.18.conv3.weight:lr=2e-05
06/30 03:44:11 - mmengine - INFO - paramwise_options -- img_backbone.layer3.18.conv3.weight:weight_decay=0.01
06/30 03:44:11 - mmengine - INFO - paramwise_options -- img_backbone.layer3.18.conv3.weight:lr_mult=0.1
06/30 03:44:11 - mmengine - WARNING - img_backbone.layer3.18.bn3.weight is skipped since its requires_grad=False
06/30 03:44:11 - mmengine - WARNING - img_backbone.layer3.18.bn3.bias is skipped since its requires_grad=False
06/30 03:44:11 - mmengine - INFO - paramwise_options -- img_backbone.layer3.19.conv1.weight:lr=2e-05
06/30 03:44:11 - mmengine - INFO - paramwise_options -- img_backbone.layer3.19.conv1.weight:weight_decay=0.01
06/30 03:44:11 - mmengine - INFO - paramwise_options -- img_backbone.layer3.19.conv1.weight:lr_mult=0.1
06/30 03:44:11 - mmengine - WARNING - img_backbone.layer3.19.bn1.weight is skipped since its requires_grad=False
06/30 03:44:11 - mmengine - WARNING - img_backbone.layer3.19.bn1.bias is skipped since its requires_grad=False
06/30 03:44:11 - mmengine - INFO - paramwise_options -- img_backbone.layer3.19.conv2.weight:lr=2e-05
06/30 03:44:11 - mmengine - INFO - paramwise_options -- img_backbone.layer3.19.conv2.weight:weight_decay=0.01
06/30 03:44:11 - mmengine - INFO - paramwise_options -- img_backbone.layer3.19.conv2.weight:lr_mult=0.1
06/30 03:44:11 - mmengine - INFO - paramwise_options -- img_backbone.layer3.19.conv2.conv_offset.weight:lr=2e-05
06/30 03:44:11 - mmengine - INFO - paramwise_options -- img_backbone.layer3.19.conv2.conv_offset.weight:weight_decay=0.01
06/30 03:44:11 - mmengine - INFO - paramwise_options -- img_backbone.layer3.19.conv2.conv_offset.weight:lr_mult=0.1
06/30 03:44:11 - mmengine - INFO - paramwise_options -- img_backbone.layer3.19.conv2.conv_offset.bias:lr=2e-05
06/30 03:44:11 - mmengine - INFO - paramwise_options -- img_backbone.layer3.19.conv2.conv_offset.bias:weight_decay=0.01
06/30 03:44:11 - mmengine - INFO - paramwise_options -- img_backbone.layer3.19.conv2.conv_offset.bias:lr_mult=0.1
06/30 03:44:11 - mmengine - WARNING - img_backbone.layer3.19.bn2.weight is skipped since its requires_grad=False
06/30 03:44:11 - mmengine - WARNING - img_backbone.layer3.19.bn2.bias is skipped since its requires_grad=False
06/30 03:44:11 - mmengine - INFO - paramwise_options -- img_backbone.layer3.19.conv3.weight:lr=2e-05
06/30 03:44:11 - mmengine - INFO - paramwise_options -- img_backbone.layer3.19.conv3.weight:weight_decay=0.01
06/30 03:44:11 - mmengine - INFO - paramwise_options -- img_backbone.layer3.19.conv3.weight:lr_mult=0.1
06/30 03:44:11 - mmengine - WARNING - img_backbone.layer3.19.bn3.weight is skipped since its requires_grad=False
06/30 03:44:11 - mmengine - WARNING - img_backbone.layer3.19.bn3.bias is skipped since its requires_grad=False
06/30 03:44:11 - mmengine - INFO - paramwise_options -- img_backbone.layer3.20.conv1.weight:lr=2e-05
06/30 03:44:11 - mmengine - INFO - paramwise_options -- img_backbone.layer3.20.conv1.weight:weight_decay=0.01
06/30 03:44:11 - mmengine - INFO - paramwise_options -- img_backbone.layer3.20.conv1.weight:lr_mult=0.1
06/30 03:44:11 - mmengine - WARNING - img_backbone.layer3.20.bn1.weight is skipped since its requires_grad=False
06/30 03:44:11 - mmengine - WARNING - img_backbone.layer3.20.bn1.bias is skipped since its requires_grad=False
06/30 03:44:11 - mmengine - INFO - paramwise_options -- img_backbone.layer3.20.conv2.weight:lr=2e-05
06/30 03:44:11 - mmengine - INFO - paramwise_options -- img_backbone.layer3.20.conv2.weight:weight_decay=0.01
06/30 03:44:11 - mmengine - INFO - paramwise_options -- img_backbone.layer3.20.conv2.weight:lr_mult=0.1
06/30 03:44:11 - mmengine - INFO - paramwise_options -- img_backbone.layer3.20.conv2.conv_offset.weight:lr=2e-05
06/30 03:44:11 - mmengine - INFO - paramwise_options -- img_backbone.layer3.20.conv2.conv_offset.weight:weight_decay=0.01
06/30 03:44:11 - mmengine - INFO - paramwise_options -- img_backbone.layer3.20.conv2.conv_offset.weight:lr_mult=0.1
06/30 03:44:11 - mmengine - INFO - paramwise_options -- img_backbone.layer3.20.conv2.conv_offset.bias:lr=2e-05
06/30 03:44:11 - mmengine - INFO - paramwise_options -- img_backbone.layer3.20.conv2.conv_offset.bias:weight_decay=0.01
06/30 03:44:11 - mmengine - INFO - paramwise_options -- img_backbone.layer3.20.conv2.conv_offset.bias:lr_mult=0.1
06/30 03:44:11 - mmengine - WARNING - img_backbone.layer3.20.bn2.weight is skipped since its requires_grad=False
06/30 03:44:11 - mmengine - WARNING - img_backbone.layer3.20.bn2.bias is skipped since its requires_grad=False
06/30 03:44:11 - mmengine - INFO - paramwise_options -- img_backbone.layer3.20.conv3.weight:lr=2e-05
06/30 03:44:11 - mmengine - INFO - paramwise_options -- img_backbone.layer3.20.conv3.weight:weight_decay=0.01
06/30 03:44:11 - mmengine - INFO - paramwise_options -- img_backbone.layer3.20.conv3.weight:lr_mult=0.1
06/30 03:44:11 - mmengine - WARNING - img_backbone.layer3.20.bn3.weight is skipped since its requires_grad=False
06/30 03:44:11 - mmengine - WARNING - img_backbone.layer3.20.bn3.bias is skipped since its requires_grad=False
06/30 03:44:11 - mmengine - INFO - paramwise_options -- img_backbone.layer3.21.conv1.weight:lr=2e-05
06/30 03:44:11 - mmengine - INFO - paramwise_options -- img_backbone.layer3.21.conv1.weight:weight_decay=0.01
06/30 03:44:11 - mmengine - INFO - paramwise_options -- img_backbone.layer3.21.conv1.weight:lr_mult=0.1
06/30 03:44:11 - mmengine - WARNING - img_backbone.layer3.21.bn1.weight is skipped since its requires_grad=False
06/30 03:44:11 - mmengine - WARNING - img_backbone.layer3.21.bn1.bias is skipped since its requires_grad=False
06/30 03:44:11 - mmengine - INFO - paramwise_options -- img_backbone.layer3.21.conv2.weight:lr=2e-05
06/30 03:44:11 - mmengine - INFO - paramwise_options -- img_backbone.layer3.21.conv2.weight:weight_decay=0.01
06/30 03:44:11 - mmengine - INFO - paramwise_options -- img_backbone.layer3.21.conv2.weight:lr_mult=0.1
06/30 03:44:11 - mmengine - INFO - paramwise_options -- img_backbone.layer3.21.conv2.conv_offset.weight:lr=2e-05
06/30 03:44:11 - mmengine - INFO - paramwise_options -- img_backbone.layer3.21.conv2.conv_offset.weight:weight_decay=0.01
06/30 03:44:11 - mmengine - INFO - paramwise_options -- img_backbone.layer3.21.conv2.conv_offset.weight:lr_mult=0.1
06/30 03:44:11 - mmengine - INFO - paramwise_options -- img_backbone.layer3.21.conv2.conv_offset.bias:lr=2e-05
06/30 03:44:11 - mmengine - INFO - paramwise_options -- img_backbone.layer3.21.conv2.conv_offset.bias:weight_decay=0.01
06/30 03:44:11 - mmengine - INFO - paramwise_options -- img_backbone.layer3.21.conv2.conv_offset.bias:lr_mult=0.1
06/30 03:44:11 - mmengine - WARNING - img_backbone.layer3.21.bn2.weight is skipped since its requires_grad=False
06/30 03:44:11 - mmengine - WARNING - img_backbone.layer3.21.bn2.bias is skipped since its requires_grad=False
06/30 03:44:11 - mmengine - INFO - paramwise_options -- img_backbone.layer3.21.conv3.weight:lr=2e-05
06/30 03:44:11 - mmengine - INFO - paramwise_options -- img_backbone.layer3.21.conv3.weight:weight_decay=0.01
06/30 03:44:11 - mmengine - INFO - paramwise_options -- img_backbone.layer3.21.conv3.weight:lr_mult=0.1
06/30 03:44:11 - mmengine - WARNING - img_backbone.layer3.21.bn3.weight is skipped since its requires_grad=False
06/30 03:44:11 - mmengine - WARNING - img_backbone.layer3.21.bn3.bias is skipped since its requires_grad=False
06/30 03:44:11 - mmengine - INFO - paramwise_options -- img_backbone.layer3.22.conv1.weight:lr=2e-05
06/30 03:44:11 - mmengine - INFO - paramwise_options -- img_backbone.layer3.22.conv1.weight:weight_decay=0.01
06/30 03:44:11 - mmengine - INFO - paramwise_options -- img_backbone.layer3.22.conv1.weight:lr_mult=0.1
06/30 03:44:11 - mmengine - WARNING - img_backbone.layer3.22.bn1.weight is skipped since its requires_grad=False
06/30 03:44:11 - mmengine - WARNING - img_backbone.layer3.22.bn1.bias is skipped since its requires_grad=False
06/30 03:44:11 - mmengine - INFO - paramwise_options -- img_backbone.layer3.22.conv2.weight:lr=2e-05
06/30 03:44:11 - mmengine - INFO - paramwise_options -- img_backbone.layer3.22.conv2.weight:weight_decay=0.01
06/30 03:44:11 - mmengine - INFO - paramwise_options -- img_backbone.layer3.22.conv2.weight:lr_mult=0.1
06/30 03:44:11 - mmengine - INFO - paramwise_options -- img_backbone.layer3.22.conv2.conv_offset.weight:lr=2e-05
06/30 03:44:11 - mmengine - INFO - paramwise_options -- img_backbone.layer3.22.conv2.conv_offset.weight:weight_decay=0.01
06/30 03:44:11 - mmengine - INFO - paramwise_options -- img_backbone.layer3.22.conv2.conv_offset.weight:lr_mult=0.1
06/30 03:44:11 - mmengine - INFO - paramwise_options -- img_backbone.layer3.22.conv2.conv_offset.bias:lr=2e-05
06/30 03:44:11 - mmengine - INFO - paramwise_options -- img_backbone.layer3.22.conv2.conv_offset.bias:weight_decay=0.01
06/30 03:44:11 - mmengine - INFO - paramwise_options -- img_backbone.layer3.22.conv2.conv_offset.bias:lr_mult=0.1
06/30 03:44:11 - mmengine - WARNING - img_backbone.layer3.22.bn2.weight is skipped since its requires_grad=False
06/30 03:44:11 - mmengine - WARNING - img_backbone.layer3.22.bn2.bias is skipped since its requires_grad=False
06/30 03:44:11 - mmengine - INFO - paramwise_options -- img_backbone.layer3.22.conv3.weight:lr=2e-05
06/30 03:44:11 - mmengine - INFO - paramwise_options -- img_backbone.layer3.22.conv3.weight:weight_decay=0.01
06/30 03:44:11 - mmengine - INFO - paramwise_options -- img_backbone.layer3.22.conv3.weight:lr_mult=0.1
06/30 03:44:11 - mmengine - WARNING - img_backbone.layer3.22.bn3.weight is skipped since its requires_grad=False
06/30 03:44:11 - mmengine - WARNING - img_backbone.layer3.22.bn3.bias is skipped since its requires_grad=False
06/30 03:44:11 - mmengine - INFO - paramwise_options -- img_backbone.layer4.0.conv1.weight:lr=2e-05
06/30 03:44:11 - mmengine - INFO - paramwise_options -- img_backbone.layer4.0.conv1.weight:weight_decay=0.01
06/30 03:44:11 - mmengine - INFO - paramwise_options -- img_backbone.layer4.0.conv1.weight:lr_mult=0.1
06/30 03:44:11 - mmengine - WARNING - img_backbone.layer4.0.bn1.weight is skipped since its requires_grad=False
06/30 03:44:11 - mmengine - WARNING - img_backbone.layer4.0.bn1.bias is skipped since its requires_grad=False
06/30 03:44:11 - mmengine - INFO - paramwise_options -- img_backbone.layer4.0.conv2.weight:lr=2e-05
06/30 03:44:11 - mmengine - INFO - paramwise_options -- img_backbone.layer4.0.conv2.weight:weight_decay=0.01
06/30 03:44:11 - mmengine - INFO - paramwise_options -- img_backbone.layer4.0.conv2.weight:lr_mult=0.1
06/30 03:44:11 - mmengine - INFO - paramwise_options -- img_backbone.layer4.0.conv2.conv_offset.weight:lr=2e-05
06/30 03:44:11 - mmengine - INFO - paramwise_options -- img_backbone.layer4.0.conv2.conv_offset.weight:weight_decay=0.01
06/30 03:44:11 - mmengine - INFO - paramwise_options -- img_backbone.layer4.0.conv2.conv_offset.weight:lr_mult=0.1
06/30 03:44:11 - mmengine - INFO - paramwise_options -- img_backbone.layer4.0.conv2.conv_offset.bias:lr=2e-05
06/30 03:44:11 - mmengine - INFO - paramwise_options -- img_backbone.layer4.0.conv2.conv_offset.bias:weight_decay=0.01
06/30 03:44:11 - mmengine - INFO - paramwise_options -- img_backbone.layer4.0.conv2.conv_offset.bias:lr_mult=0.1
06/30 03:44:11 - mmengine - WARNING - img_backbone.layer4.0.bn2.weight is skipped since its requires_grad=False
06/30 03:44:11 - mmengine - WARNING - img_backbone.layer4.0.bn2.bias is skipped since its requires_grad=False
06/30 03:44:11 - mmengine - INFO - paramwise_options -- img_backbone.layer4.0.conv3.weight:lr=2e-05
06/30 03:44:11 - mmengine - INFO - paramwise_options -- img_backbone.layer4.0.conv3.weight:weight_decay=0.01
06/30 03:44:11 - mmengine - INFO - paramwise_options -- img_backbone.layer4.0.conv3.weight:lr_mult=0.1
06/30 03:44:11 - mmengine - WARNING - img_backbone.layer4.0.bn3.weight is skipped since its requires_grad=False
06/30 03:44:11 - mmengine - WARNING - img_backbone.layer4.0.bn3.bias is skipped since its requires_grad=False
06/30 03:44:11 - mmengine - INFO - paramwise_options -- img_backbone.layer4.0.downsample.0.weight:lr=2e-05
06/30 03:44:11 - mmengine - INFO - paramwise_options -- img_backbone.layer4.0.downsample.0.weight:weight_decay=0.01
06/30 03:44:11 - mmengine - INFO - paramwise_options -- img_backbone.layer4.0.downsample.0.weight:lr_mult=0.1
06/30 03:44:11 - mmengine - WARNING - img_backbone.layer4.0.downsample.1.weight is skipped since its requires_grad=False
06/30 03:44:11 - mmengine - WARNING - img_backbone.layer4.0.downsample.1.bias is skipped since its requires_grad=False
06/30 03:44:11 - mmengine - INFO - paramwise_options -- img_backbone.layer4.1.conv1.weight:lr=2e-05
06/30 03:44:11 - mmengine - INFO - paramwise_options -- img_backbone.layer4.1.conv1.weight:weight_decay=0.01
06/30 03:44:11 - mmengine - INFO - paramwise_options -- img_backbone.layer4.1.conv1.weight:lr_mult=0.1
06/30 03:44:11 - mmengine - WARNING - img_backbone.layer4.1.bn1.weight is skipped since its requires_grad=False
06/30 03:44:11 - mmengine - WARNING - img_backbone.layer4.1.bn1.bias is skipped since its requires_grad=False
06/30 03:44:11 - mmengine - INFO - paramwise_options -- img_backbone.layer4.1.conv2.weight:lr=2e-05
06/30 03:44:11 - mmengine - INFO - paramwise_options -- img_backbone.layer4.1.conv2.weight:weight_decay=0.01
06/30 03:44:11 - mmengine - INFO - paramwise_options -- img_backbone.layer4.1.conv2.weight:lr_mult=0.1
06/30 03:44:11 - mmengine - INFO - paramwise_options -- img_backbone.layer4.1.conv2.conv_offset.weight:lr=2e-05
06/30 03:44:11 - mmengine - INFO - paramwise_options -- img_backbone.layer4.1.conv2.conv_offset.weight:weight_decay=0.01
06/30 03:44:11 - mmengine - INFO - paramwise_options -- img_backbone.layer4.1.conv2.conv_offset.weight:lr_mult=0.1
06/30 03:44:11 - mmengine - INFO - paramwise_options -- img_backbone.layer4.1.conv2.conv_offset.bias:lr=2e-05
06/30 03:44:11 - mmengine - INFO - paramwise_options -- img_backbone.layer4.1.conv2.conv_offset.bias:weight_decay=0.01
06/30 03:44:11 - mmengine - INFO - paramwise_options -- img_backbone.layer4.1.conv2.conv_offset.bias:lr_mult=0.1
06/30 03:44:11 - mmengine - WARNING - img_backbone.layer4.1.bn2.weight is skipped since its requires_grad=False
06/30 03:44:11 - mmengine - WARNING - img_backbone.layer4.1.bn2.bias is skipped since its requires_grad=False
06/30 03:44:11 - mmengine - INFO - paramwise_options -- img_backbone.layer4.1.conv3.weight:lr=2e-05
06/30 03:44:11 - mmengine - INFO - paramwise_options -- img_backbone.layer4.1.conv3.weight:weight_decay=0.01
06/30 03:44:11 - mmengine - INFO - paramwise_options -- img_backbone.layer4.1.conv3.weight:lr_mult=0.1
06/30 03:44:11 - mmengine - WARNING - img_backbone.layer4.1.bn3.weight is skipped since its requires_grad=False
06/30 03:44:11 - mmengine - WARNING - img_backbone.layer4.1.bn3.bias is skipped since its requires_grad=False
06/30 03:44:11 - mmengine - INFO - paramwise_options -- img_backbone.layer4.2.conv1.weight:lr=2e-05
06/30 03:44:11 - mmengine - INFO - paramwise_options -- img_backbone.layer4.2.conv1.weight:weight_decay=0.01
06/30 03:44:11 - mmengine - INFO - paramwise_options -- img_backbone.layer4.2.conv1.weight:lr_mult=0.1
06/30 03:44:11 - mmengine - WARNING - img_backbone.layer4.2.bn1.weight is skipped since its requires_grad=False
06/30 03:44:11 - mmengine - WARNING - img_backbone.layer4.2.bn1.bias is skipped since its requires_grad=False
06/30 03:44:11 - mmengine - INFO - paramwise_options -- img_backbone.layer4.2.conv2.weight:lr=2e-05
06/30 03:44:11 - mmengine - INFO - paramwise_options -- img_backbone.layer4.2.conv2.weight:weight_decay=0.01
06/30 03:44:11 - mmengine - INFO - paramwise_options -- img_backbone.layer4.2.conv2.weight:lr_mult=0.1
06/30 03:44:11 - mmengine - INFO - paramwise_options -- img_backbone.layer4.2.conv2.conv_offset.weight:lr=2e-05
06/30 03:44:11 - mmengine - INFO - paramwise_options -- img_backbone.layer4.2.conv2.conv_offset.weight:weight_decay=0.01
06/30 03:44:11 - mmengine - INFO - paramwise_options -- img_backbone.layer4.2.conv2.conv_offset.weight:lr_mult=0.1
06/30 03:44:11 - mmengine - INFO - paramwise_options -- img_backbone.layer4.2.conv2.conv_offset.bias:lr=2e-05
06/30 03:44:11 - mmengine - INFO - paramwise_options -- img_backbone.layer4.2.conv2.conv_offset.bias:weight_decay=0.01
06/30 03:44:11 - mmengine - INFO - paramwise_options -- img_backbone.layer4.2.conv2.conv_offset.bias:lr_mult=0.1
06/30 03:44:11 - mmengine - WARNING - img_backbone.layer4.2.bn2.weight is skipped since its requires_grad=False
06/30 03:44:11 - mmengine - WARNING - img_backbone.layer4.2.bn2.bias is skipped since its requires_grad=False
06/30 03:44:11 - mmengine - INFO - paramwise_options -- img_backbone.layer4.2.conv3.weight:lr=2e-05
06/30 03:44:11 - mmengine - INFO - paramwise_options -- img_backbone.layer4.2.conv3.weight:weight_decay=0.01
06/30 03:44:11 - mmengine - INFO - paramwise_options -- img_backbone.layer4.2.conv3.weight:lr_mult=0.1
06/30 03:44:11 - mmengine - WARNING - img_backbone.layer4.2.bn3.weight is skipped since its requires_grad=False
06/30 03:44:11 - mmengine - WARNING - img_backbone.layer4.2.bn3.bias is skipped since its requires_grad=False
06/30 03:44:11 - mmengine - WARNING - map_decoder.pts_bbox_head.code_weights is skipped since its requires_grad=False
06/30 03:44:11 - mmengine - WARNING - map_decoder.pts_bbox_head.map_adapter_layers.0.0.weight is skipped since its requires_grad=False
06/30 03:44:11 - mmengine - WARNING - map_decoder.pts_bbox_head.map_adapter_layers.0.0.bias is skipped since its requires_grad=False
06/30 03:44:11 - mmengine - WARNING - map_decoder.pts_bbox_head.map_adapter_layers.0.1.weight is skipped since its requires_grad=False
06/30 03:44:11 - mmengine - WARNING - map_decoder.pts_bbox_head.map_adapter_layers.0.1.bias is skipped since its requires_grad=False
06/30 03:44:11 - mmengine - WARNING - map_decoder.pts_bbox_head.map_adapter_layers.1.weight is skipped since its requires_grad=False
06/30 03:44:11 - mmengine - WARNING - map_decoder.pts_bbox_head.map_adapter_layers.1.bias is skipped since its requires_grad=False
06/30 03:44:11 - mmengine - WARNING - map_decoder.pts_bbox_head.cls_branches.0.weight is skipped since its requires_grad=False
06/30 03:44:11 - mmengine - WARNING - map_decoder.pts_bbox_head.cls_branches.0.bias is skipped since its requires_grad=False
06/30 03:44:11 - mmengine - WARNING - map_decoder.pts_bbox_head.cls_branches.1.weight is skipped since its requires_grad=False
06/30 03:44:11 - mmengine - WARNING - map_decoder.pts_bbox_head.cls_branches.1.bias is skipped since its requires_grad=False
06/30 03:44:11 - mmengine - WARNING - map_decoder.pts_bbox_head.cls_branches.3.weight is skipped since its requires_grad=False
06/30 03:44:11 - mmengine - WARNING - map_decoder.pts_bbox_head.cls_branches.3.bias is skipped since its requires_grad=False
06/30 03:44:11 - mmengine - WARNING - map_decoder.pts_bbox_head.cls_branches.4.weight is skipped since its requires_grad=False
06/30 03:44:11 - mmengine - WARNING - map_decoder.pts_bbox_head.cls_branches.4.bias is skipped since its requires_grad=False
06/30 03:44:11 - mmengine - WARNING - map_decoder.pts_bbox_head.cls_branches.6.weight is skipped since its requires_grad=False
06/30 03:44:11 - mmengine - WARNING - map_decoder.pts_bbox_head.cls_branches.6.bias is skipped since its requires_grad=False
06/30 03:44:11 - mmengine - WARNING - map_decoder.pts_bbox_head.reg_branches.0.weight is skipped since its requires_grad=False
06/30 03:44:11 - mmengine - WARNING - map_decoder.pts_bbox_head.reg_branches.0.bias is skipped since its requires_grad=False
06/30 03:44:11 - mmengine - WARNING - map_decoder.pts_bbox_head.reg_branches.2.weight is skipped since its requires_grad=False
06/30 03:44:11 - mmengine - WARNING - map_decoder.pts_bbox_head.reg_branches.2.bias is skipped since its requires_grad=False
06/30 03:44:11 - mmengine - WARNING - map_decoder.pts_bbox_head.reg_branches.4.weight is skipped since its requires_grad=False
06/30 03:44:11 - mmengine - WARNING - map_decoder.pts_bbox_head.reg_branches.4.bias is skipped since its requires_grad=False
06/30 03:44:11 - mmengine - WARNING - map_decoder.pts_bbox_head.reg_branches.6.weight is skipped since its requires_grad=False
06/30 03:44:11 - mmengine - WARNING - map_decoder.pts_bbox_head.reg_branches.6.bias is skipped since its requires_grad=False
06/30 03:44:11 - mmengine - WARNING - planner_head.ego_query.weight is skipped since its requires_grad=False
06/30 03:44:11 - mmengine - WARNING - planner_head.ego_agent_decoder.layers.0.attentions.0.attn.in_proj_weight is skipped since its requires_grad=False
06/30 03:44:11 - mmengine - WARNING - planner_head.ego_agent_decoder.layers.0.attentions.0.attn.in_proj_bias is skipped since its requires_grad=False
06/30 03:44:11 - mmengine - WARNING - planner_head.ego_agent_decoder.layers.0.attentions.0.attn.out_proj.weight is skipped since its requires_grad=False
06/30 03:44:11 - mmengine - WARNING - planner_head.ego_agent_decoder.layers.0.attentions.0.attn.out_proj.bias is skipped since its requires_grad=False
06/30 03:44:11 - mmengine - WARNING - planner_head.ego_agent_decoder.layers.0.ffns.0.layers.0.0.weight is skipped since its requires_grad=False
06/30 03:44:11 - mmengine - WARNING - planner_head.ego_agent_decoder.layers.0.ffns.0.layers.0.0.bias is skipped since its requires_grad=False
06/30 03:44:11 - mmengine - WARNING - planner_head.ego_agent_decoder.layers.0.ffns.0.layers.1.weight is skipped since its requires_grad=False
06/30 03:44:11 - mmengine - WARNING - planner_head.ego_agent_decoder.layers.0.ffns.0.layers.1.bias is skipped since its requires_grad=False
06/30 03:44:11 - mmengine - WARNING - planner_head.ego_agent_decoder.layers.0.norms.0.weight is skipped since its requires_grad=False
06/30 03:44:11 - mmengine - WARNING - planner_head.ego_agent_decoder.layers.0.norms.0.bias is skipped since its requires_grad=False
06/30 03:44:11 - mmengine - WARNING - planner_head.ego_agent_decoder.layers.0.norms.1.weight is skipped since its requires_grad=False
06/30 03:44:11 - mmengine - WARNING - planner_head.ego_agent_decoder.layers.0.norms.1.bias is skipped since its requires_grad=False
06/30 03:44:11 - mmengine - WARNING - planner_head.ego_map_decoder.layers.0.attentions.0.attn.in_proj_weight is skipped since its requires_grad=False
06/30 03:44:11 - mmengine - WARNING - planner_head.ego_map_decoder.layers.0.attentions.0.attn.in_proj_bias is skipped since its requires_grad=False
06/30 03:44:11 - mmengine - WARNING - planner_head.ego_map_decoder.layers.0.attentions.0.attn.out_proj.weight is skipped since its requires_grad=False
06/30 03:44:11 - mmengine - WARNING - planner_head.ego_map_decoder.layers.0.attentions.0.attn.out_proj.bias is skipped since its requires_grad=False
06/30 03:44:11 - mmengine - WARNING - planner_head.ego_map_decoder.layers.0.ffns.0.layers.0.0.weight is skipped since its requires_grad=False
06/30 03:44:11 - mmengine - WARNING - planner_head.ego_map_decoder.layers.0.ffns.0.layers.0.0.bias is skipped since its requires_grad=False
06/30 03:44:11 - mmengine - WARNING - planner_head.ego_map_decoder.layers.0.ffns.0.layers.1.weight is skipped since its requires_grad=False
06/30 03:44:11 - mmengine - WARNING - planner_head.ego_map_decoder.layers.0.ffns.0.layers.1.bias is skipped since its requires_grad=False
06/30 03:44:11 - mmengine - WARNING - planner_head.ego_map_decoder.layers.0.norms.0.weight is skipped since its requires_grad=False
06/30 03:44:11 - mmengine - WARNING - planner_head.ego_map_decoder.layers.0.norms.0.bias is skipped since its requires_grad=False
06/30 03:44:11 - mmengine - WARNING - planner_head.ego_map_decoder.layers.0.norms.1.weight is skipped since its requires_grad=False
06/30 03:44:11 - mmengine - WARNING - planner_head.ego_map_decoder.layers.0.norms.1.bias is skipped since its requires_grad=False
06/30 03:44:11 - mmengine - WARNING - planner_head.ego_gaussian_decoder.layers.0.attentions.0.attn.in_proj_weight is skipped since its requires_grad=False
06/30 03:44:11 - mmengine - WARNING - planner_head.ego_gaussian_decoder.layers.0.attentions.0.attn.in_proj_bias is skipped since its requires_grad=False
06/30 03:44:11 - mmengine - WARNING - planner_head.ego_gaussian_decoder.layers.0.attentions.0.attn.out_proj.weight is skipped since its requires_grad=False
06/30 03:44:11 - mmengine - WARNING - planner_head.ego_gaussian_decoder.layers.0.attentions.0.attn.out_proj.bias is skipped since its requires_grad=False
06/30 03:44:11 - mmengine - WARNING - planner_head.ego_gaussian_decoder.layers.0.ffns.0.layers.0.0.weight is skipped since its requires_grad=False
06/30 03:44:11 - mmengine - WARNING - planner_head.ego_gaussian_decoder.layers.0.ffns.0.layers.0.0.bias is skipped since its requires_grad=False
06/30 03:44:11 - mmengine - WARNING - planner_head.ego_gaussian_decoder.layers.0.ffns.0.layers.1.weight is skipped since its requires_grad=False
06/30 03:44:11 - mmengine - WARNING - planner_head.ego_gaussian_decoder.layers.0.ffns.0.layers.1.bias is skipped since its requires_grad=False
06/30 03:44:11 - mmengine - WARNING - planner_head.ego_gaussian_decoder.layers.0.norms.0.weight is skipped since its requires_grad=False
06/30 03:44:11 - mmengine - WARNING - planner_head.ego_gaussian_decoder.layers.0.norms.0.bias is skipped since its requires_grad=False
06/30 03:44:11 - mmengine - WARNING - planner_head.ego_gaussian_decoder.layers.0.norms.1.weight is skipped since its requires_grad=False
06/30 03:44:11 - mmengine - WARNING - planner_head.ego_gaussian_decoder.layers.0.norms.1.bias is skipped since its requires_grad=False
06/30 03:44:11 - mmengine - WARNING - planner_head.ego_fut_decoder.0.weight is skipped since its requires_grad=False
06/30 03:44:11 - mmengine - WARNING - planner_head.ego_fut_decoder.0.bias is skipped since its requires_grad=False
06/30 03:44:11 - mmengine - WARNING - planner_head.ego_fut_decoder.2.weight is skipped since its requires_grad=False
06/30 03:44:11 - mmengine - WARNING - planner_head.ego_fut_decoder.2.bias is skipped since its requires_grad=False
06/30 03:44:11 - mmengine - WARNING - planner_head.ego_fut_decoder.4.weight is skipped since its requires_grad=False
06/30 03:44:11 - mmengine - WARNING - planner_head.ego_fut_decoder.4.bias is skipped since its requires_grad=False
06/30 03:44:11 - mmengine - WARNING - planner_head.agent_fus_mlp.0.weight is skipped since its requires_grad=False
06/30 03:44:11 - mmengine - WARNING - planner_head.agent_fus_mlp.0.bias is skipped since its requires_grad=False
06/30 03:44:11 - mmengine - WARNING - planner_head.agent_fus_mlp.1.weight is skipped since its requires_grad=False
06/30 03:44:11 - mmengine - WARNING - planner_head.agent_fus_mlp.1.bias is skipped since its requires_grad=False
06/30 03:44:11 - mmengine - WARNING - planner_head.agent_fus_mlp.3.weight is skipped since its requires_grad=False
06/30 03:44:11 - mmengine - WARNING - planner_head.agent_fus_mlp.3.bias is skipped since its requires_grad=False
06/30 03:44:11 - mmengine - WARNING - planner_head.map_fus_mlp.0.weight is skipped since its requires_grad=False
06/30 03:44:11 - mmengine - WARNING - planner_head.map_fus_mlp.0.bias is skipped since its requires_grad=False
06/30 03:44:11 - mmengine - WARNING - planner_head.map_fus_mlp.1.weight is skipped since its requires_grad=False
06/30 03:44:11 - mmengine - WARNING - planner_head.map_fus_mlp.1.bias is skipped since its requires_grad=False
06/30 03:44:11 - mmengine - WARNING - planner_head.map_fus_mlp.3.weight is skipped since its requires_grad=False
06/30 03:44:11 - mmengine - WARNING - planner_head.map_fus_mlp.3.bias is skipped since its requires_grad=False
06/30 03:44:11 - mmengine - WARNING - planner_head.gaussian_fus_mlp.0.weight is skipped since its requires_grad=False
06/30 03:44:11 - mmengine - WARNING - planner_head.gaussian_fus_mlp.0.bias is skipped since its requires_grad=False
06/30 03:44:11 - mmengine - WARNING - planner_head.gaussian_fus_mlp.1.weight is skipped since its requires_grad=False
06/30 03:44:11 - mmengine - WARNING - planner_head.gaussian_fus_mlp.1.bias is skipped since its requires_grad=False
06/30 03:44:11 - mmengine - WARNING - planner_head.gaussian_fus_mlp.3.weight is skipped since its requires_grad=False
06/30 03:44:11 - mmengine - WARNING - planner_head.gaussian_fus_mlp.3.bias is skipped since its requires_grad=False
tensor([1.0155, 1.0690, 1.3001, 1.0725, 0.9464, 1.1009, 1.2696, 1.0626, 1.1890,
        1.0622, 1.0060, 0.8571, 1.0392, 0.9087, 0.8936, 0.8549, 0.8528, 0.5000])
tensor([1.0155, 1.0690, 1.3001, 1.0725, 0.9464, 1.1009, 1.2696, 1.0626, 1.1890,
        1.0622, 1.0060, 0.8571, 1.0392, 0.9087, 0.8936, 0.8549, 0.8528, 0.5000])
06/30 03:44:11 - mmengine - INFO - resume from: 
06/30 03:44:11 - mmengine - INFO - work dir: out/nuscenes_gs25600_ft_depth
_IncompatibleKeys(missing_keys=['img_neck.lateral_convs.0.conv.weight', 'img_neck.lateral_convs.0.conv.bias', 'img_neck.lateral_convs.1.conv.weight', 'img_neck.lateral_convs.1.conv.bias', 'img_neck.lateral_convs.2.conv.weight', 'img_neck.lateral_convs.2.conv.bias', 'img_neck.fpn_convs.0.conv.weight', 'img_neck.fpn_convs.0.conv.bias', 'img_neck.fpn_convs.1.conv.weight', 'img_neck.fpn_convs.1.conv.bias', 'img_neck.fpn_convs.2.conv.weight', 'img_neck.fpn_convs.2.conv.bias', 'img_neck.fpn_convs.3.conv.weight', 'img_neck.fpn_convs.3.conv.bias', 'lifter.anchor', 'encoder.anchor_encoder.xyz_fc.0.weight', 'encoder.anchor_encoder.xyz_fc.0.bias', 'encoder.anchor_encoder.xyz_fc.2.weight', 'encoder.anchor_encoder.xyz_fc.2.bias', 'encoder.anchor_encoder.xyz_fc.3.weight', 'encoder.anchor_encoder.xyz_fc.3.bias', 'encoder.anchor_encoder.xyz_fc.5.weight', 'encoder.anchor_encoder.xyz_fc.5.bias', 'encoder.anchor_encoder.scale_fc.0.weight', 'encoder.anchor_encoder.scale_fc.0.bias', 'encoder.anchor_encoder.scale_fc.2.weight', 'encoder.anchor_encoder.scale_fc.2.bias', 'encoder.anchor_encoder.scale_fc.3.weight', 'encoder.anchor_encoder.scale_fc.3.bias', 'encoder.anchor_encoder.scale_fc.5.weight', 'encoder.anchor_encoder.scale_fc.5.bias', 'encoder.anchor_encoder.rot_fc.0.weight', 'encoder.anchor_encoder.rot_fc.0.bias', 'encoder.anchor_encoder.rot_fc.2.weight', 'encoder.anchor_encoder.rot_fc.2.bias', 'encoder.anchor_encoder.rot_fc.3.weight', 'encoder.anchor_encoder.rot_fc.3.bias', 'encoder.anchor_encoder.rot_fc.5.weight', 'encoder.anchor_encoder.rot_fc.5.bias', 'encoder.anchor_encoder.opacity_fc.0.weight', 'encoder.anchor_encoder.opacity_fc.0.bias', 'encoder.anchor_encoder.opacity_fc.2.weight', 'encoder.anchor_encoder.opacity_fc.2.bias', 'encoder.anchor_encoder.opacity_fc.3.weight', 'encoder.anchor_encoder.opacity_fc.3.bias', 'encoder.anchor_encoder.opacity_fc.5.weight', 'encoder.anchor_encoder.opacity_fc.5.bias', 'encoder.anchor_encoder.semantics_fc.0.weight', 'encoder.anchor_encoder.semantics_fc.0.bias', 'encoder.anchor_encoder.semantics_fc.2.weight', 'encoder.anchor_encoder.semantics_fc.2.bias', 'encoder.anchor_encoder.semantics_fc.3.weight', 'encoder.anchor_encoder.semantics_fc.3.bias', 'encoder.anchor_encoder.semantics_fc.5.weight', 'encoder.anchor_encoder.semantics_fc.5.bias', 'encoder.anchor_encoder.offset_fc.0.weight', 'encoder.anchor_encoder.offset_fc.0.bias', 'encoder.anchor_encoder.offset_fc.2.weight', 'encoder.anchor_encoder.offset_fc.2.bias', 'encoder.anchor_encoder.offset_fc.3.weight', 'encoder.anchor_encoder.offset_fc.3.bias', 'encoder.anchor_encoder.offset_fc.5.weight', 'encoder.anchor_encoder.offset_fc.5.bias', 'encoder.anchor_encoder.output_fc.0.weight', 'encoder.anchor_encoder.output_fc.0.bias', 'encoder.anchor_encoder.output_fc.2.weight', 'encoder.anchor_encoder.output_fc.2.bias', 'encoder.anchor_encoder.output_fc.3.weight', 'encoder.anchor_encoder.output_fc.3.bias', 'encoder.anchor_encoder.output_fc.5.weight', 'encoder.anchor_encoder.output_fc.5.bias', 'encoder.layers.0.kps_generator.learnable_fc.weight', 'encoder.layers.0.kps_generator.learnable_fc.bias', 'encoder.layers.0.output_proj.weight', 'encoder.layers.0.output_proj.bias', 'encoder.layers.0.camera_encoder.0.weight', 'encoder.layers.0.camera_encoder.0.bias', 'encoder.layers.0.camera_encoder.2.weight', 'encoder.layers.0.camera_encoder.2.bias', 'encoder.layers.0.camera_encoder.3.weight', 'encoder.layers.0.camera_encoder.3.bias', 'encoder.layers.0.camera_encoder.5.weight', 'encoder.layers.0.camera_encoder.5.bias', 'encoder.layers.0.weights_fc.weight', 'encoder.layers.0.weights_fc.bias', 'encoder.layers.1.pre_norm.weight', 'encoder.layers.1.pre_norm.bias', 'encoder.layers.1.layers.0.0.weight', 'encoder.layers.1.layers.0.0.bias', 'encoder.layers.1.layers.1.weight', 'encoder.layers.1.layers.1.bias', 'encoder.layers.1.identity_fc.weight', 'encoder.layers.1.identity_fc.bias', 'encoder.layers.2.weight', 'encoder.layers.2.bias', 'encoder.layers.3.layers.0.weight', 'encoder.layers.3.layers.0.bias', 'encoder.layers.3.layers.2.weight', 'encoder.layers.3.layers.2.bias', 'encoder.layers.3.layers.4.weight', 'encoder.layers.3.layers.4.bias', 'encoder.layers.3.layers.5.weight', 'encoder.layers.3.layers.5.bias', 'encoder.layers.3.layers.7.weight', 'encoder.layers.3.layers.7.bias', 'encoder.layers.3.layers.9.weight', 'encoder.layers.3.layers.9.bias', 'encoder.layers.3.layers.10.weight', 'encoder.layers.3.layers.10.bias', 'encoder.layers.3.layers.11.scale', 'encoder.layers.4.layers.0.weight', 'encoder.layers.4.layers.0.bias', 'encoder.layers.4.layers.1.weight', 'encoder.layers.4.layers.1.bias', 'encoder.layers.4.layers.3.weight', 'encoder.layers.4.layers.3.bias', 'encoder.layers.4.layers.4.weight', 'encoder.layers.4.layers.4.bias', 'encoder.layers.4.layers.6.weight', 'encoder.layers.4.layers.6.bias', 'encoder.layers.4.layers.7.weight', 'encoder.layers.4.layers.7.bias', 'encoder.layers.4.output_proj.weight', 'encoder.layers.4.output_proj.bias', 'encoder.layers.5.weight', 'encoder.layers.5.bias', 'encoder.layers.6.kps_generator.learnable_fc.weight', 'encoder.layers.6.kps_generator.learnable_fc.bias', 'encoder.layers.6.output_proj.weight', 'encoder.layers.6.output_proj.bias', 'encoder.layers.6.camera_encoder.0.weight', 'encoder.layers.6.camera_encoder.0.bias', 'encoder.layers.6.camera_encoder.2.weight', 'encoder.layers.6.camera_encoder.2.bias', 'encoder.layers.6.camera_encoder.3.weight', 'encoder.layers.6.camera_encoder.3.bias', 'encoder.layers.6.camera_encoder.5.weight', 'encoder.layers.6.camera_encoder.5.bias', 'encoder.layers.6.weights_fc.weight', 'encoder.layers.6.weights_fc.bias', 'encoder.layers.7.pre_norm.weight', 'encoder.layers.7.pre_norm.bias', 'encoder.layers.7.layers.0.0.weight', 'encoder.layers.7.layers.0.0.bias', 'encoder.layers.7.layers.1.weight', 'encoder.layers.7.layers.1.bias', 'encoder.layers.7.identity_fc.weight', 'encoder.layers.7.identity_fc.bias', 'encoder.layers.8.weight', 'encoder.layers.8.bias', 'encoder.layers.9.layers.0.weight', 'encoder.layers.9.layers.0.bias', 'encoder.layers.9.layers.2.weight', 'encoder.layers.9.layers.2.bias', 'encoder.layers.9.layers.4.weight', 'encoder.layers.9.layers.4.bias', 'encoder.layers.9.layers.5.weight', 'encoder.layers.9.layers.5.bias', 'encoder.layers.9.layers.7.weight', 'encoder.layers.9.layers.7.bias', 'encoder.layers.9.layers.9.weight', 'encoder.layers.9.layers.9.bias', 'encoder.layers.9.layers.10.weight', 'encoder.layers.9.layers.10.bias', 'encoder.layers.9.layers.11.scale', 'encoder.layers.10.layers.0.weight', 'encoder.layers.10.layers.0.bias', 'encoder.layers.10.layers.1.weight', 'encoder.layers.10.layers.1.bias', 'encoder.layers.10.layers.3.weight', 'encoder.layers.10.layers.3.bias', 'encoder.layers.10.layers.4.weight', 'encoder.layers.10.layers.4.bias', 'encoder.layers.10.layers.6.weight', 'encoder.layers.10.layers.6.bias', 'encoder.layers.10.layers.7.weight', 'encoder.layers.10.layers.7.bias', 'encoder.layers.10.output_proj.weight', 'encoder.layers.10.output_proj.bias', 'encoder.layers.11.weight', 'encoder.layers.11.bias', 'encoder.layers.12.kps_generator.learnable_fc.weight', 'encoder.layers.12.kps_generator.learnable_fc.bias', 'encoder.layers.12.output_proj.weight', 'encoder.layers.12.output_proj.bias', 'encoder.layers.12.camera_encoder.0.weight', 'encoder.layers.12.camera_encoder.0.bias', 'encoder.layers.12.camera_encoder.2.weight', 'encoder.layers.12.camera_encoder.2.bias', 'encoder.layers.12.camera_encoder.3.weight', 'encoder.layers.12.camera_encoder.3.bias', 'encoder.layers.12.camera_encoder.5.weight', 'encoder.layers.12.camera_encoder.5.bias', 'encoder.layers.12.weights_fc.weight', 'encoder.layers.12.weights_fc.bias', 'encoder.layers.13.pre_norm.weight', 'encoder.layers.13.pre_norm.bias', 'encoder.layers.13.layers.0.0.weight', 'encoder.layers.13.layers.0.0.bias', 'encoder.layers.13.layers.1.weight', 'encoder.layers.13.layers.1.bias', 'encoder.layers.13.identity_fc.weight', 'encoder.layers.13.identity_fc.bias', 'encoder.layers.14.weight', 'encoder.layers.14.bias', 'encoder.layers.15.layers.0.weight', 'encoder.layers.15.layers.0.bias', 'encoder.layers.15.layers.2.weight', 'encoder.layers.15.layers.2.bias', 'encoder.layers.15.layers.4.weight', 'encoder.layers.15.layers.4.bias', 'encoder.layers.15.layers.5.weight', 'encoder.layers.15.layers.5.bias', 'encoder.layers.15.layers.7.weight', 'encoder.layers.15.layers.7.bias', 'encoder.layers.15.layers.9.weight', 'encoder.layers.15.layers.9.bias', 'encoder.layers.15.layers.10.weight', 'encoder.layers.15.layers.10.bias', 'encoder.layers.15.layers.11.scale', 'encoder.layers.16.layers.0.weight', 'encoder.layers.16.layers.0.bias', 'encoder.layers.16.layers.1.weight', 'encoder.layers.16.layers.1.bias', 'encoder.layers.16.layers.3.weight', 'encoder.layers.16.layers.3.bias', 'encoder.layers.16.layers.4.weight', 'encoder.layers.16.layers.4.bias', 'encoder.layers.16.layers.6.weight', 'encoder.layers.16.layers.6.bias', 'encoder.layers.16.layers.7.weight', 'encoder.layers.16.layers.7.bias', 'encoder.layers.16.output_proj.weight', 'encoder.layers.16.output_proj.bias', 'encoder.layers.17.weight', 'encoder.layers.17.bias', 'encoder.layers.18.kps_generator.learnable_fc.weight', 'encoder.layers.18.kps_generator.learnable_fc.bias', 'encoder.layers.18.output_proj.weight', 'encoder.layers.18.output_proj.bias', 'encoder.layers.18.camera_encoder.0.weight', 'encoder.layers.18.camera_encoder.0.bias', 'encoder.layers.18.camera_encoder.2.weight', 'encoder.layers.18.camera_encoder.2.bias', 'encoder.layers.18.camera_encoder.3.weight', 'encoder.layers.18.camera_encoder.3.bias', 'encoder.layers.18.camera_encoder.5.weight', 'encoder.layers.18.camera_encoder.5.bias', 'encoder.layers.18.weights_fc.weight', 'encoder.layers.18.weights_fc.bias', 'encoder.layers.19.pre_norm.weight', 'encoder.layers.19.pre_norm.bias', 'encoder.layers.19.layers.0.0.weight', 'encoder.layers.19.layers.0.0.bias', 'encoder.layers.19.layers.1.weight', 'encoder.layers.19.layers.1.bias', 'encoder.layers.19.identity_fc.weight', 'encoder.layers.19.identity_fc.bias', 'encoder.layers.20.weight', 'encoder.layers.20.bias', 'encoder.layers.21.layers.0.weight', 'encoder.layers.21.layers.0.bias', 'encoder.layers.21.layers.2.weight', 'encoder.layers.21.layers.2.bias', 'encoder.layers.21.layers.4.weight', 'encoder.layers.21.layers.4.bias', 'encoder.layers.21.layers.5.weight', 'encoder.layers.21.layers.5.bias', 'encoder.layers.21.layers.7.weight', 'encoder.layers.21.layers.7.bias', 'encoder.layers.21.layers.9.weight', 'encoder.layers.21.layers.9.bias', 'encoder.layers.21.layers.10.weight', 'encoder.layers.21.layers.10.bias', 'encoder.layers.21.layers.11.scale', 'temporal_encoder.anchor_encoder.xyz_fc.0.weight', 'temporal_encoder.anchor_encoder.xyz_fc.0.bias', 'temporal_encoder.anchor_encoder.xyz_fc.2.weight', 'temporal_encoder.anchor_encoder.xyz_fc.2.bias', 'temporal_encoder.anchor_encoder.xyz_fc.3.weight', 'temporal_encoder.anchor_encoder.xyz_fc.3.bias', 'temporal_encoder.anchor_encoder.xyz_fc.5.weight', 'temporal_encoder.anchor_encoder.xyz_fc.5.bias', 'temporal_encoder.anchor_encoder.scale_fc.0.weight', 'temporal_encoder.anchor_encoder.scale_fc.0.bias', 'temporal_encoder.anchor_encoder.scale_fc.2.weight', 'temporal_encoder.anchor_encoder.scale_fc.2.bias', 'temporal_encoder.anchor_encoder.scale_fc.3.weight', 'temporal_encoder.anchor_encoder.scale_fc.3.bias', 'temporal_encoder.anchor_encoder.scale_fc.5.weight', 'temporal_encoder.anchor_encoder.scale_fc.5.bias', 'temporal_encoder.anchor_encoder.rot_fc.0.weight', 'temporal_encoder.anchor_encoder.rot_fc.0.bias', 'temporal_encoder.anchor_encoder.rot_fc.2.weight', 'temporal_encoder.anchor_encoder.rot_fc.2.bias', 'temporal_encoder.anchor_encoder.rot_fc.3.weight', 'temporal_encoder.anchor_encoder.rot_fc.3.bias', 'temporal_encoder.anchor_encoder.rot_fc.5.weight', 'temporal_encoder.anchor_encoder.rot_fc.5.bias', 'temporal_encoder.anchor_encoder.opacity_fc.0.weight', 'temporal_encoder.anchor_encoder.opacity_fc.0.bias', 'temporal_encoder.anchor_encoder.opacity_fc.2.weight', 'temporal_encoder.anchor_encoder.opacity_fc.2.bias', 'temporal_encoder.anchor_encoder.opacity_fc.3.weight', 'temporal_encoder.anchor_encoder.opacity_fc.3.bias', 'temporal_encoder.anchor_encoder.opacity_fc.5.weight', 'temporal_encoder.anchor_encoder.opacity_fc.5.bias', 'temporal_encoder.anchor_encoder.semantics_fc.0.weight', 'temporal_encoder.anchor_encoder.semantics_fc.0.bias', 'temporal_encoder.anchor_encoder.semantics_fc.2.weight', 'temporal_encoder.anchor_encoder.semantics_fc.2.bias', 'temporal_encoder.anchor_encoder.semantics_fc.3.weight', 'temporal_encoder.anchor_encoder.semantics_fc.3.bias', 'temporal_encoder.anchor_encoder.semantics_fc.5.weight', 'temporal_encoder.anchor_encoder.semantics_fc.5.bias', 'temporal_encoder.anchor_encoder.offset_fc.0.weight', 'temporal_encoder.anchor_encoder.offset_fc.0.bias', 'temporal_encoder.anchor_encoder.offset_fc.2.weight', 'temporal_encoder.anchor_encoder.offset_fc.2.bias', 'temporal_encoder.anchor_encoder.offset_fc.3.weight', 'temporal_encoder.anchor_encoder.offset_fc.3.bias', 'temporal_encoder.anchor_encoder.offset_fc.5.weight', 'temporal_encoder.anchor_encoder.offset_fc.5.bias', 'temporal_encoder.anchor_encoder.output_fc.0.weight', 'temporal_encoder.anchor_encoder.output_fc.0.bias', 'temporal_encoder.anchor_encoder.output_fc.2.weight', 'temporal_encoder.anchor_encoder.output_fc.2.bias', 'temporal_encoder.anchor_encoder.output_fc.3.weight', 'temporal_encoder.anchor_encoder.output_fc.3.bias', 'temporal_encoder.anchor_encoder.output_fc.5.weight', 'temporal_encoder.anchor_encoder.output_fc.5.bias', 'temporal_encoder.layers.0.layers.0.weight', 'temporal_encoder.layers.0.layers.1.weight', 'temporal_encoder.layers.0.layers.1.bias', 'temporal_encoder.layers.0.layers.3.weight', 'temporal_encoder.layers.0.layers.4.weight', 'temporal_encoder.layers.0.layers.4.bias', 'temporal_encoder.layers.0.layers.6.weight', 'temporal_encoder.layers.0.layers.7.weight', 'temporal_encoder.layers.0.layers.7.bias', 'temporal_encoder.layers.0.output_proj.weight', 'temporal_encoder.layers.0.output_proj.bias', 'temporal_encoder.layers.1.layers.0.weight', 'temporal_encoder.layers.1.layers.0.bias', 'temporal_encoder.layers.1.layers.2.weight', 'temporal_encoder.layers.1.layers.2.bias', 'temporal_encoder.layers.1.layers.4.weight', 'temporal_encoder.layers.1.layers.4.bias', 'temporal_encoder.layers.1.layers.5.weight', 'temporal_encoder.layers.1.layers.5.bias', 'temporal_encoder.layers.1.layers.7.weight', 'temporal_encoder.layers.1.layers.7.bias', 'temporal_encoder.layers.1.layers.9.weight', 'temporal_encoder.layers.1.layers.9.bias', 'temporal_encoder.layers.1.layers.10.weight', 'temporal_encoder.layers.1.layers.10.bias', 'temporal_encoder.layers.1.layers.11.scale', 'temporal_encoder.layers.2.layers.0.weight', 'temporal_encoder.layers.2.layers.1.weight', 'temporal_encoder.layers.2.layers.1.bias', 'temporal_encoder.layers.2.layers.3.weight', 'temporal_encoder.layers.2.layers.4.weight', 'temporal_encoder.layers.2.layers.4.bias', 'temporal_encoder.layers.2.layers.6.weight', 'temporal_encoder.layers.2.layers.7.weight', 'temporal_encoder.layers.2.layers.7.bias', 'temporal_encoder.layers.2.output_proj.weight', 'temporal_encoder.layers.2.output_proj.bias', 'temporal_encoder.layers.3.layers.0.weight', 'temporal_encoder.layers.3.layers.0.bias', 'temporal_encoder.layers.3.layers.2.weight', 'temporal_encoder.layers.3.layers.2.bias', 'temporal_encoder.layers.3.layers.4.weight', 'temporal_encoder.layers.3.layers.4.bias', 'temporal_encoder.layers.3.layers.5.weight', 'temporal_encoder.layers.3.layers.5.bias', 'temporal_encoder.layers.3.layers.7.weight', 'temporal_encoder.layers.3.layers.7.bias', 'temporal_encoder.layers.3.layers.9.weight', 'temporal_encoder.layers.3.layers.9.bias', 'temporal_encoder.layers.3.layers.10.weight', 'temporal_encoder.layers.3.layers.10.bias', 'temporal_encoder.layers.3.layers.11.scale', 'temporal_encoder.layers.4.layers.0.weight', 'temporal_encoder.layers.4.layers.1.weight', 'temporal_encoder.layers.4.layers.1.bias', 'temporal_encoder.layers.4.layers.3.weight', 'temporal_encoder.layers.4.layers.4.weight', 'temporal_encoder.layers.4.layers.4.bias', 'temporal_encoder.layers.4.layers.6.weight', 'temporal_encoder.layers.4.layers.7.weight', 'temporal_encoder.layers.4.layers.7.bias', 'temporal_encoder.layers.4.output_proj.weight', 'temporal_encoder.layers.4.output_proj.bias', 'temporal_encoder.layers.5.layers.0.weight', 'temporal_encoder.layers.5.layers.0.bias', 'temporal_encoder.layers.5.layers.2.weight', 'temporal_encoder.layers.5.layers.2.bias', 'temporal_encoder.layers.5.layers.4.weight', 'temporal_encoder.layers.5.layers.4.bias', 'temporal_encoder.layers.5.layers.5.weight', 'temporal_encoder.layers.5.layers.5.bias', 'temporal_encoder.layers.5.layers.7.weight', 'temporal_encoder.layers.5.layers.7.bias', 'temporal_encoder.layers.5.layers.9.weight', 'temporal_encoder.layers.5.layers.9.bias', 'temporal_encoder.layers.5.layers.10.weight', 'temporal_encoder.layers.5.layers.10.bias', 'temporal_encoder.layers.5.layers.11.scale', 'head.empty_scalar', 'head.empty_mean', 'head.empty_scale', 'head.empty_rot', 'head.empty_sem', 'head.empty_opa', 'head.pc_min', 'head.grid_size', 'head.zero_tensor', 'head.aggregator.pc_min', 'decoder.global_step', 'decoder.backbone_3d.conv_input.0.weight', 'decoder.backbone_3d.conv_input.1.weight', 'decoder.backbone_3d.conv_input.1.bias', 'decoder.backbone_3d.conv_input.1.running_mean', 'decoder.backbone_3d.conv_input.1.running_var', 'decoder.backbone_3d.conv1.0.conv1.weight', 'decoder.backbone_3d.conv1.0.conv1.bias', 'decoder.backbone_3d.conv1.0.bn1.weight', 'decoder.backbone_3d.conv1.0.bn1.bias', 'decoder.backbone_3d.conv1.0.bn1.running_mean', 'decoder.backbone_3d.conv1.0.bn1.running_var', 'decoder.backbone_3d.conv1.0.conv2.weight', 'decoder.backbone_3d.conv1.0.conv2.bias', 'decoder.backbone_3d.conv1.0.bn2.weight', 'decoder.backbone_3d.conv1.0.bn2.bias', 'decoder.backbone_3d.conv1.0.bn2.running_mean', 'decoder.backbone_3d.conv1.0.bn2.running_var', 'decoder.backbone_3d.conv1.1.conv1.weight', 'decoder.backbone_3d.conv1.1.conv1.bias', 'decoder.backbone_3d.conv1.1.bn1.weight', 'decoder.backbone_3d.conv1.1.bn1.bias', 'decoder.backbone_3d.conv1.1.bn1.running_mean', 'decoder.backbone_3d.conv1.1.bn1.running_var', 'decoder.backbone_3d.conv1.1.conv2.weight', 'decoder.backbone_3d.conv1.1.conv2.bias', 'decoder.backbone_3d.conv1.1.bn2.weight', 'decoder.backbone_3d.conv1.1.bn2.bias', 'decoder.backbone_3d.conv1.1.bn2.running_mean', 'decoder.backbone_3d.conv1.1.bn2.running_var', 'decoder.backbone_3d.conv2.0.0.weight', 'decoder.backbone_3d.conv2.0.1.weight', 'decoder.backbone_3d.conv2.0.1.bias', 'decoder.backbone_3d.conv2.0.1.running_mean', 'decoder.backbone_3d.conv2.0.1.running_var', 'decoder.backbone_3d.conv2.1.conv1.weight', 'decoder.backbone_3d.conv2.1.conv1.bias', 'decoder.backbone_3d.conv2.1.bn1.weight', 'decoder.backbone_3d.conv2.1.bn1.bias', 'decoder.backbone_3d.conv2.1.bn1.running_mean', 'decoder.backbone_3d.conv2.1.bn1.running_var', 'decoder.backbone_3d.conv2.1.conv2.weight', 'decoder.backbone_3d.conv2.1.conv2.bias', 'decoder.backbone_3d.conv2.1.bn2.weight', 'decoder.backbone_3d.conv2.1.bn2.bias', 'decoder.backbone_3d.conv2.1.bn2.running_mean', 'decoder.backbone_3d.conv2.1.bn2.running_var', 'decoder.backbone_3d.conv2.2.conv1.weight', 'decoder.backbone_3d.conv2.2.conv1.bias', 'decoder.backbone_3d.conv2.2.bn1.weight', 'decoder.backbone_3d.conv2.2.bn1.bias', 'decoder.backbone_3d.conv2.2.bn1.running_mean', 'decoder.backbone_3d.conv2.2.bn1.running_var', 'decoder.backbone_3d.conv2.2.conv2.weight', 'decoder.backbone_3d.conv2.2.conv2.bias', 'decoder.backbone_3d.conv2.2.bn2.weight', 'decoder.backbone_3d.conv2.2.bn2.bias', 'decoder.backbone_3d.conv2.2.bn2.running_mean', 'decoder.backbone_3d.conv2.2.bn2.running_var', 'decoder.backbone_3d.conv3.0.0.weight', 'decoder.backbone_3d.conv3.0.1.weight', 'decoder.backbone_3d.conv3.0.1.bias', 'decoder.backbone_3d.conv3.0.1.running_mean', 'decoder.backbone_3d.conv3.0.1.running_var', 'decoder.backbone_3d.conv3.1.conv1.weight', 'decoder.backbone_3d.conv3.1.conv1.bias', 'decoder.backbone_3d.conv3.1.bn1.weight', 'decoder.backbone_3d.conv3.1.bn1.bias', 'decoder.backbone_3d.conv3.1.bn1.running_mean', 'decoder.backbone_3d.conv3.1.bn1.running_var', 'decoder.backbone_3d.conv3.1.conv2.weight', 'decoder.backbone_3d.conv3.1.conv2.bias', 'decoder.backbone_3d.conv3.1.bn2.weight', 'decoder.backbone_3d.conv3.1.bn2.bias', 'decoder.backbone_3d.conv3.1.bn2.running_mean', 'decoder.backbone_3d.conv3.1.bn2.running_var', 'decoder.backbone_3d.conv3.2.conv1.weight', 'decoder.backbone_3d.conv3.2.conv1.bias', 'decoder.backbone_3d.conv3.2.bn1.weight', 'decoder.backbone_3d.conv3.2.bn1.bias', 'decoder.backbone_3d.conv3.2.bn1.running_mean', 'decoder.backbone_3d.conv3.2.bn1.running_var', 'decoder.backbone_3d.conv3.2.conv2.weight', 'decoder.backbone_3d.conv3.2.conv2.bias', 'decoder.backbone_3d.conv3.2.bn2.weight', 'decoder.backbone_3d.conv3.2.bn2.bias', 'decoder.backbone_3d.conv3.2.bn2.running_mean', 'decoder.backbone_3d.conv3.2.bn2.running_var', 'decoder.backbone_3d.conv4.0.0.weight', 'decoder.backbone_3d.conv4.0.1.weight', 'decoder.backbone_3d.conv4.0.1.bias', 'decoder.backbone_3d.conv4.0.1.running_mean', 'decoder.backbone_3d.conv4.0.1.running_var', 'decoder.backbone_3d.conv4.1.conv1.weight', 'decoder.backbone_3d.conv4.1.conv1.bias', 'decoder.backbone_3d.conv4.1.bn1.weight', 'decoder.backbone_3d.conv4.1.bn1.bias', 'decoder.backbone_3d.conv4.1.bn1.running_mean', 'decoder.backbone_3d.conv4.1.bn1.running_var', 'decoder.backbone_3d.conv4.1.conv2.weight', 'decoder.backbone_3d.conv4.1.conv2.bias', 'decoder.backbone_3d.conv4.1.bn2.weight', 'decoder.backbone_3d.conv4.1.bn2.bias', 'decoder.backbone_3d.conv4.1.bn2.running_mean', 'decoder.backbone_3d.conv4.1.bn2.running_var', 'decoder.backbone_3d.conv4.2.conv1.weight', 'decoder.backbone_3d.conv4.2.conv1.bias', 'decoder.backbone_3d.conv4.2.bn1.weight', 'decoder.backbone_3d.conv4.2.bn1.bias', 'decoder.backbone_3d.conv4.2.bn1.running_mean', 'decoder.backbone_3d.conv4.2.bn1.running_var', 'decoder.backbone_3d.conv4.2.conv2.weight', 'decoder.backbone_3d.conv4.2.conv2.bias', 'decoder.backbone_3d.conv4.2.bn2.weight', 'decoder.backbone_3d.conv4.2.bn2.bias', 'decoder.backbone_3d.conv4.2.bn2.running_mean', 'decoder.backbone_3d.conv4.2.bn2.running_var', 'decoder.backbone_3d.conv5.0.0.weight', 'decoder.backbone_3d.conv5.0.1.weight', 'decoder.backbone_3d.conv5.0.1.bias', 'decoder.backbone_3d.conv5.0.1.running_mean', 'decoder.backbone_3d.conv5.0.1.running_var', 'decoder.backbone_3d.conv5.1.conv1.weight', 'decoder.backbone_3d.conv5.1.conv1.bias', 'decoder.backbone_3d.conv5.1.bn1.weight', 'decoder.backbone_3d.conv5.1.bn1.bias', 'decoder.backbone_3d.conv5.1.bn1.running_mean', 'decoder.backbone_3d.conv5.1.bn1.running_var', 'decoder.backbone_3d.conv5.1.conv2.weight', 'decoder.backbone_3d.conv5.1.conv2.bias', 'decoder.backbone_3d.conv5.1.bn2.weight', 'decoder.backbone_3d.conv5.1.bn2.bias', 'decoder.backbone_3d.conv5.1.bn2.running_mean', 'decoder.backbone_3d.conv5.1.bn2.running_var', 'decoder.backbone_3d.conv5.2.conv1.weight', 'decoder.backbone_3d.conv5.2.conv1.bias', 'decoder.backbone_3d.conv5.2.bn1.weight', 'decoder.backbone_3d.conv5.2.bn1.bias', 'decoder.backbone_3d.conv5.2.bn1.running_mean', 'decoder.backbone_3d.conv5.2.bn1.running_var', 'decoder.backbone_3d.conv5.2.conv2.weight', 'decoder.backbone_3d.conv5.2.conv2.bias', 'decoder.backbone_3d.conv5.2.bn2.weight', 'decoder.backbone_3d.conv5.2.bn2.bias', 'decoder.backbone_3d.conv5.2.bn2.running_mean', 'decoder.backbone_3d.conv5.2.bn2.running_var', 'decoder.backbone_3d.conv6.0.0.weight', 'decoder.backbone_3d.conv6.0.1.weight', 'decoder.backbone_3d.conv6.0.1.bias', 'decoder.backbone_3d.conv6.0.1.running_mean', 'decoder.backbone_3d.conv6.0.1.running_var', 'decoder.backbone_3d.conv6.1.conv1.weight', 'decoder.backbone_3d.conv6.1.conv1.bias', 'decoder.backbone_3d.conv6.1.bn1.weight', 'decoder.backbone_3d.conv6.1.bn1.bias', 'decoder.backbone_3d.conv6.1.bn1.running_mean', 'decoder.backbone_3d.conv6.1.bn1.running_var', 'decoder.backbone_3d.conv6.1.conv2.weight', 'decoder.backbone_3d.conv6.1.conv2.bias', 'decoder.backbone_3d.conv6.1.bn2.weight', 'decoder.backbone_3d.conv6.1.bn2.bias', 'decoder.backbone_3d.conv6.1.bn2.running_mean', 'decoder.backbone_3d.conv6.1.bn2.running_var', 'decoder.backbone_3d.conv6.2.conv1.weight', 'decoder.backbone_3d.conv6.2.conv1.bias', 'decoder.backbone_3d.conv6.2.bn1.weight', 'decoder.backbone_3d.conv6.2.bn1.bias', 'decoder.backbone_3d.conv6.2.bn1.running_mean', 'decoder.backbone_3d.conv6.2.bn1.running_var', 'decoder.backbone_3d.conv6.2.conv2.weight', 'decoder.backbone_3d.conv6.2.conv2.bias', 'decoder.backbone_3d.conv6.2.bn2.weight', 'decoder.backbone_3d.conv6.2.bn2.bias', 'decoder.backbone_3d.conv6.2.bn2.running_mean', 'decoder.backbone_3d.conv6.2.bn2.running_var', 'decoder.backbone_3d.conv_out.0.weight', 'decoder.backbone_3d.conv_out.1.weight', 'decoder.backbone_3d.conv_out.1.bias', 'decoder.backbone_3d.conv_out.1.running_mean', 'decoder.backbone_3d.conv_out.1.running_var', 'decoder.backbone_3d.shared_conv.0.weight', 'decoder.backbone_3d.shared_conv.0.bias', 'decoder.backbone_3d.shared_conv.1.weight', 'decoder.backbone_3d.shared_conv.1.bias', 'decoder.backbone_3d.shared_conv.1.running_mean', 'decoder.backbone_3d.shared_conv.1.running_var', 'decoder.dense_head.heads_list.0.center.0.0.weight', 'decoder.dense_head.heads_list.0.center.0.0.bias', 'decoder.dense_head.heads_list.0.center.0.1.weight', 'decoder.dense_head.heads_list.0.center.0.1.bias', 'decoder.dense_head.heads_list.0.center.0.1.running_mean', 'decoder.dense_head.heads_list.0.center.0.1.running_var', 'decoder.dense_head.heads_list.0.center.1.weight', 'decoder.dense_head.heads_list.0.center.1.bias', 'decoder.dense_head.heads_list.0.center_z.0.0.weight', 'decoder.dense_head.heads_list.0.center_z.0.0.bias', 'decoder.dense_head.heads_list.0.center_z.0.1.weight', 'decoder.dense_head.heads_list.0.center_z.0.1.bias', 'decoder.dense_head.heads_list.0.center_z.0.1.running_mean', 'decoder.dense_head.heads_list.0.center_z.0.1.running_var', 'decoder.dense_head.heads_list.0.center_z.1.weight', 'decoder.dense_head.heads_list.0.center_z.1.bias', 'decoder.dense_head.heads_list.0.dim.0.0.weight', 'decoder.dense_head.heads_list.0.dim.0.0.bias', 'decoder.dense_head.heads_list.0.dim.0.1.weight', 'decoder.dense_head.heads_list.0.dim.0.1.bias', 'decoder.dense_head.heads_list.0.dim.0.1.running_mean', 'decoder.dense_head.heads_list.0.dim.0.1.running_var', 'decoder.dense_head.heads_list.0.dim.1.weight', 'decoder.dense_head.heads_list.0.dim.1.bias', 'decoder.dense_head.heads_list.0.rot.0.0.weight', 'decoder.dense_head.heads_list.0.rot.0.0.bias', 'decoder.dense_head.heads_list.0.rot.0.1.weight', 'decoder.dense_head.heads_list.0.rot.0.1.bias', 'decoder.dense_head.heads_list.0.rot.0.1.running_mean', 'decoder.dense_head.heads_list.0.rot.0.1.running_var', 'decoder.dense_head.heads_list.0.rot.1.weight', 'decoder.dense_head.heads_list.0.rot.1.bias', 'decoder.dense_head.heads_list.0.vel.0.0.weight', 'decoder.dense_head.heads_list.0.vel.0.0.bias', 'decoder.dense_head.heads_list.0.vel.0.1.weight', 'decoder.dense_head.heads_list.0.vel.0.1.bias', 'decoder.dense_head.heads_list.0.vel.0.1.running_mean', 'decoder.dense_head.heads_list.0.vel.0.1.running_var', 'decoder.dense_head.heads_list.0.vel.1.weight', 'decoder.dense_head.heads_list.0.vel.1.bias', 'decoder.dense_head.heads_list.0.hm.0.0.weight', 'decoder.dense_head.heads_list.0.hm.0.0.bias', 'decoder.dense_head.heads_list.0.hm.0.1.weight', 'decoder.dense_head.heads_list.0.hm.0.1.bias', 'decoder.dense_head.heads_list.0.hm.0.1.running_mean', 'decoder.dense_head.heads_list.0.hm.0.1.running_var', 'decoder.dense_head.heads_list.0.hm.1.weight', 'decoder.dense_head.heads_list.0.hm.1.bias', 'decoder.dense_head.heads_list.1.center.0.0.weight', 'decoder.dense_head.heads_list.1.center.0.0.bias', 'decoder.dense_head.heads_list.1.center.0.1.weight', 'decoder.dense_head.heads_list.1.center.0.1.bias', 'decoder.dense_head.heads_list.1.center.0.1.running_mean', 'decoder.dense_head.heads_list.1.center.0.1.running_var', 'decoder.dense_head.heads_list.1.center.1.weight', 'decoder.dense_head.heads_list.1.center.1.bias', 'decoder.dense_head.heads_list.1.center_z.0.0.weight', 'decoder.dense_head.heads_list.1.center_z.0.0.bias', 'decoder.dense_head.heads_list.1.center_z.0.1.weight', 'decoder.dense_head.heads_list.1.center_z.0.1.bias', 'decoder.dense_head.heads_list.1.center_z.0.1.running_mean', 'decoder.dense_head.heads_list.1.center_z.0.1.running_var', 'decoder.dense_head.heads_list.1.center_z.1.weight', 'decoder.dense_head.heads_list.1.center_z.1.bias', 'decoder.dense_head.heads_list.1.dim.0.0.weight', 'decoder.dense_head.heads_list.1.dim.0.0.bias', 'decoder.dense_head.heads_list.1.dim.0.1.weight', 'decoder.dense_head.heads_list.1.dim.0.1.bias', 'decoder.dense_head.heads_list.1.dim.0.1.running_mean', 'decoder.dense_head.heads_list.1.dim.0.1.running_var', 'decoder.dense_head.heads_list.1.dim.1.weight', 'decoder.dense_head.heads_list.1.dim.1.bias', 'decoder.dense_head.heads_list.1.rot.0.0.weight', 'decoder.dense_head.heads_list.1.rot.0.0.bias', 'decoder.dense_head.heads_list.1.rot.0.1.weight', 'decoder.dense_head.heads_list.1.rot.0.1.bias', 'decoder.dense_head.heads_list.1.rot.0.1.running_mean', 'decoder.dense_head.heads_list.1.rot.0.1.running_var', 'decoder.dense_head.heads_list.1.rot.1.weight', 'decoder.dense_head.heads_list.1.rot.1.bias', 'decoder.dense_head.heads_list.1.vel.0.0.weight', 'decoder.dense_head.heads_list.1.vel.0.0.bias', 'decoder.dense_head.heads_list.1.vel.0.1.weight', 'decoder.dense_head.heads_list.1.vel.0.1.bias', 'decoder.dense_head.heads_list.1.vel.0.1.running_mean', 'decoder.dense_head.heads_list.1.vel.0.1.running_var', 'decoder.dense_head.heads_list.1.vel.1.weight', 'decoder.dense_head.heads_list.1.vel.1.bias', 'decoder.dense_head.heads_list.1.hm.0.0.weight', 'decoder.dense_head.heads_list.1.hm.0.0.bias', 'decoder.dense_head.heads_list.1.hm.0.1.weight', 'decoder.dense_head.heads_list.1.hm.0.1.bias', 'decoder.dense_head.heads_list.1.hm.0.1.running_mean', 'decoder.dense_head.heads_list.1.hm.0.1.running_var', 'decoder.dense_head.heads_list.1.hm.1.weight', 'decoder.dense_head.heads_list.1.hm.1.bias', 'decoder.dense_head.heads_list.2.center.0.0.weight', 'decoder.dense_head.heads_list.2.center.0.0.bias', 'decoder.dense_head.heads_list.2.center.0.1.weight', 'decoder.dense_head.heads_list.2.center.0.1.bias', 'decoder.dense_head.heads_list.2.center.0.1.running_mean', 'decoder.dense_head.heads_list.2.center.0.1.running_var', 'decoder.dense_head.heads_list.2.center.1.weight', 'decoder.dense_head.heads_list.2.center.1.bias', 'decoder.dense_head.heads_list.2.center_z.0.0.weight', 'decoder.dense_head.heads_list.2.center_z.0.0.bias', 'decoder.dense_head.heads_list.2.center_z.0.1.weight', 'decoder.dense_head.heads_list.2.center_z.0.1.bias', 'decoder.dense_head.heads_list.2.center_z.0.1.running_mean', 'decoder.dense_head.heads_list.2.center_z.0.1.running_var', 'decoder.dense_head.heads_list.2.center_z.1.weight', 'decoder.dense_head.heads_list.2.center_z.1.bias', 'decoder.dense_head.heads_list.2.dim.0.0.weight', 'decoder.dense_head.heads_list.2.dim.0.0.bias', 'decoder.dense_head.heads_list.2.dim.0.1.weight', 'decoder.dense_head.heads_list.2.dim.0.1.bias', 'decoder.dense_head.heads_list.2.dim.0.1.running_mean', 'decoder.dense_head.heads_list.2.dim.0.1.running_var', 'decoder.dense_head.heads_list.2.dim.1.weight', 'decoder.dense_head.heads_list.2.dim.1.bias', 'decoder.dense_head.heads_list.2.rot.0.0.weight', 'decoder.dense_head.heads_list.2.rot.0.0.bias', 'decoder.dense_head.heads_list.2.rot.0.1.weight', 'decoder.dense_head.heads_list.2.rot.0.1.bias', 'decoder.dense_head.heads_list.2.rot.0.1.running_mean', 'decoder.dense_head.heads_list.2.rot.0.1.running_var', 'decoder.dense_head.heads_list.2.rot.1.weight', 'decoder.dense_head.heads_list.2.rot.1.bias', 'decoder.dense_head.heads_list.2.vel.0.0.weight', 'decoder.dense_head.heads_list.2.vel.0.0.bias', 'decoder.dense_head.heads_list.2.vel.0.1.weight', 'decoder.dense_head.heads_list.2.vel.0.1.bias', 'decoder.dense_head.heads_list.2.vel.0.1.running_mean', 'decoder.dense_head.heads_list.2.vel.0.1.running_var', 'decoder.dense_head.heads_list.2.vel.1.weight', 'decoder.dense_head.heads_list.2.vel.1.bias', 'decoder.dense_head.heads_list.2.hm.0.0.weight', 'decoder.dense_head.heads_list.2.hm.0.0.bias', 'decoder.dense_head.heads_list.2.hm.0.1.weight', 'decoder.dense_head.heads_list.2.hm.0.1.bias', 'decoder.dense_head.heads_list.2.hm.0.1.running_mean', 'decoder.dense_head.heads_list.2.hm.0.1.running_var', 'decoder.dense_head.heads_list.2.hm.1.weight', 'decoder.dense_head.heads_list.2.hm.1.bias', 'decoder.dense_head.heads_list.3.center.0.0.weight', 'decoder.dense_head.heads_list.3.center.0.0.bias', 'decoder.dense_head.heads_list.3.center.0.1.weight', 'decoder.dense_head.heads_list.3.center.0.1.bias', 'decoder.dense_head.heads_list.3.center.0.1.running_mean', 'decoder.dense_head.heads_list.3.center.0.1.running_var', 'decoder.dense_head.heads_list.3.center.1.weight', 'decoder.dense_head.heads_list.3.center.1.bias', 'decoder.dense_head.heads_list.3.center_z.0.0.weight', 'decoder.dense_head.heads_list.3.center_z.0.0.bias', 'decoder.dense_head.heads_list.3.center_z.0.1.weight', 'decoder.dense_head.heads_list.3.center_z.0.1.bias', 'decoder.dense_head.heads_list.3.center_z.0.1.running_mean', 'decoder.dense_head.heads_list.3.center_z.0.1.running_var', 'decoder.dense_head.heads_list.3.center_z.1.weight', 'decoder.dense_head.heads_list.3.center_z.1.bias', 'decoder.dense_head.heads_list.3.dim.0.0.weight', 'decoder.dense_head.heads_list.3.dim.0.0.bias', 'decoder.dense_head.heads_list.3.dim.0.1.weight', 'decoder.dense_head.heads_list.3.dim.0.1.bias', 'decoder.dense_head.heads_list.3.dim.0.1.running_mean', 'decoder.dense_head.heads_list.3.dim.0.1.running_var', 'decoder.dense_head.heads_list.3.dim.1.weight', 'decoder.dense_head.heads_list.3.dim.1.bias', 'decoder.dense_head.heads_list.3.rot.0.0.weight', 'decoder.dense_head.heads_list.3.rot.0.0.bias', 'decoder.dense_head.heads_list.3.rot.0.1.weight', 'decoder.dense_head.heads_list.3.rot.0.1.bias', 'decoder.dense_head.heads_list.3.rot.0.1.running_mean', 'decoder.dense_head.heads_list.3.rot.0.1.running_var', 'decoder.dense_head.heads_list.3.rot.1.weight', 'decoder.dense_head.heads_list.3.rot.1.bias', 'decoder.dense_head.heads_list.3.vel.0.0.weight', 'decoder.dense_head.heads_list.3.vel.0.0.bias', 'decoder.dense_head.heads_list.3.vel.0.1.weight', 'decoder.dense_head.heads_list.3.vel.0.1.bias', 'decoder.dense_head.heads_list.3.vel.0.1.running_mean', 'decoder.dense_head.heads_list.3.vel.0.1.running_var', 'decoder.dense_head.heads_list.3.vel.1.weight', 'decoder.dense_head.heads_list.3.vel.1.bias', 'decoder.dense_head.heads_list.3.hm.0.0.weight', 'decoder.dense_head.heads_list.3.hm.0.0.bias', 'decoder.dense_head.heads_list.3.hm.0.1.weight', 'decoder.dense_head.heads_list.3.hm.0.1.bias', 'decoder.dense_head.heads_list.3.hm.0.1.running_mean', 'decoder.dense_head.heads_list.3.hm.0.1.running_var', 'decoder.dense_head.heads_list.3.hm.1.weight', 'decoder.dense_head.heads_list.3.hm.1.bias', 'decoder.dense_head.heads_list.4.center.0.0.weight', 'decoder.dense_head.heads_list.4.center.0.0.bias', 'decoder.dense_head.heads_list.4.center.0.1.weight', 'decoder.dense_head.heads_list.4.center.0.1.bias', 'decoder.dense_head.heads_list.4.center.0.1.running_mean', 'decoder.dense_head.heads_list.4.center.0.1.running_var', 'decoder.dense_head.heads_list.4.center.1.weight', 'decoder.dense_head.heads_list.4.center.1.bias', 'decoder.dense_head.heads_list.4.center_z.0.0.weight', 'decoder.dense_head.heads_list.4.center_z.0.0.bias', 'decoder.dense_head.heads_list.4.center_z.0.1.weight', 'decoder.dense_head.heads_list.4.center_z.0.1.bias', 'decoder.dense_head.heads_list.4.center_z.0.1.running_mean', 'decoder.dense_head.heads_list.4.center_z.0.1.running_var', 'decoder.dense_head.heads_list.4.center_z.1.weight', 'decoder.dense_head.heads_list.4.center_z.1.bias', 'decoder.dense_head.heads_list.4.dim.0.0.weight', 'decoder.dense_head.heads_list.4.dim.0.0.bias', 'decoder.dense_head.heads_list.4.dim.0.1.weight', 'decoder.dense_head.heads_list.4.dim.0.1.bias', 'decoder.dense_head.heads_list.4.dim.0.1.running_mean', 'decoder.dense_head.heads_list.4.dim.0.1.running_var', 'decoder.dense_head.heads_list.4.dim.1.weight', 'decoder.dense_head.heads_list.4.dim.1.bias', 'decoder.dense_head.heads_list.4.rot.0.0.weight', 'decoder.dense_head.heads_list.4.rot.0.0.bias', 'decoder.dense_head.heads_list.4.rot.0.1.weight', 'decoder.dense_head.heads_list.4.rot.0.1.bias', 'decoder.dense_head.heads_list.4.rot.0.1.running_mean', 'decoder.dense_head.heads_list.4.rot.0.1.running_var', 'decoder.dense_head.heads_list.4.rot.1.weight', 'decoder.dense_head.heads_list.4.rot.1.bias', 'decoder.dense_head.heads_list.4.vel.0.0.weight', 'decoder.dense_head.heads_list.4.vel.0.0.bias', 'decoder.dense_head.heads_list.4.vel.0.1.weight', 'decoder.dense_head.heads_list.4.vel.0.1.bias', 'decoder.dense_head.heads_list.4.vel.0.1.running_mean', 'decoder.dense_head.heads_list.4.vel.0.1.running_var', 'decoder.dense_head.heads_list.4.vel.1.weight', 'decoder.dense_head.heads_list.4.vel.1.bias', 'decoder.dense_head.heads_list.4.hm.0.0.weight', 'decoder.dense_head.heads_list.4.hm.0.0.bias', 'decoder.dense_head.heads_list.4.hm.0.1.weight', 'decoder.dense_head.heads_list.4.hm.0.1.bias', 'decoder.dense_head.heads_list.4.hm.0.1.running_mean', 'decoder.dense_head.heads_list.4.hm.0.1.running_var', 'decoder.dense_head.heads_list.4.hm.1.weight', 'decoder.dense_head.heads_list.4.hm.1.bias', 'decoder.dense_head.heads_list.5.center.0.0.weight', 'decoder.dense_head.heads_list.5.center.0.0.bias', 'decoder.dense_head.heads_list.5.center.0.1.weight', 'decoder.dense_head.heads_list.5.center.0.1.bias', 'decoder.dense_head.heads_list.5.center.0.1.running_mean', 'decoder.dense_head.heads_list.5.center.0.1.running_var', 'decoder.dense_head.heads_list.5.center.1.weight', 'decoder.dense_head.heads_list.5.center.1.bias', 'decoder.dense_head.heads_list.5.center_z.0.0.weight', 'decoder.dense_head.heads_list.5.center_z.0.0.bias', 'decoder.dense_head.heads_list.5.center_z.0.1.weight', 'decoder.dense_head.heads_list.5.center_z.0.1.bias', 'decoder.dense_head.heads_list.5.center_z.0.1.running_mean', 'decoder.dense_head.heads_list.5.center_z.0.1.running_var', 'decoder.dense_head.heads_list.5.center_z.1.weight', 'decoder.dense_head.heads_list.5.center_z.1.bias', 'decoder.dense_head.heads_list.5.dim.0.0.weight', 'decoder.dense_head.heads_list.5.dim.0.0.bias', 'decoder.dense_head.heads_list.5.dim.0.1.weight', 'decoder.dense_head.heads_list.5.dim.0.1.bias', 'decoder.dense_head.heads_list.5.dim.0.1.running_mean', 'decoder.dense_head.heads_list.5.dim.0.1.running_var', 'decoder.dense_head.heads_list.5.dim.1.weight', 'decoder.dense_head.heads_list.5.dim.1.bias', 'decoder.dense_head.heads_list.5.rot.0.0.weight', 'decoder.dense_head.heads_list.5.rot.0.0.bias', 'decoder.dense_head.heads_list.5.rot.0.1.weight', 'decoder.dense_head.heads_list.5.rot.0.1.bias', 'decoder.dense_head.heads_list.5.rot.0.1.running_mean', 'decoder.dense_head.heads_list.5.rot.0.1.running_var', 'decoder.dense_head.heads_list.5.rot.1.weight', 'decoder.dense_head.heads_list.5.rot.1.bias', 'decoder.dense_head.heads_list.5.vel.0.0.weight', 'decoder.dense_head.heads_list.5.vel.0.0.bias', 'decoder.dense_head.heads_list.5.vel.0.1.weight', 'decoder.dense_head.heads_list.5.vel.0.1.bias', 'decoder.dense_head.heads_list.5.vel.0.1.running_mean', 'decoder.dense_head.heads_list.5.vel.0.1.running_var', 'decoder.dense_head.heads_list.5.vel.1.weight', 'decoder.dense_head.heads_list.5.vel.1.bias', 'decoder.dense_head.heads_list.5.hm.0.0.weight', 'decoder.dense_head.heads_list.5.hm.0.0.bias', 'decoder.dense_head.heads_list.5.hm.0.1.weight', 'decoder.dense_head.heads_list.5.hm.0.1.bias', 'decoder.dense_head.heads_list.5.hm.0.1.running_mean', 'decoder.dense_head.heads_list.5.hm.0.1.running_var', 'decoder.dense_head.heads_list.5.hm.1.weight', 'decoder.dense_head.heads_list.5.hm.1.bias', 'map_decoder.pts_bbox_head.code_weights', 'map_decoder.pts_bbox_head.loss_seg.loss_fn.pos_weight', 'map_decoder.pts_bbox_head.loss_pv_seg.loss_fn.pos_weight', 'map_decoder.pts_bbox_head.map_adapter_layers.0.0.weight', 'map_decoder.pts_bbox_head.map_adapter_layers.0.0.bias', 'map_decoder.pts_bbox_head.map_adapter_layers.0.1.weight', 'map_decoder.pts_bbox_head.map_adapter_layers.0.1.bias', 'map_decoder.pts_bbox_head.map_adapter_layers.0.1.running_mean', 'map_decoder.pts_bbox_head.map_adapter_layers.0.1.running_var', 'map_decoder.pts_bbox_head.map_adapter_layers.1.weight', 'map_decoder.pts_bbox_head.map_adapter_layers.1.bias', 'map_decoder.pts_bbox_head.cls_branches.0.weight', 'map_decoder.pts_bbox_head.cls_branches.0.bias', 'map_decoder.pts_bbox_head.cls_branches.1.weight', 'map_decoder.pts_bbox_head.cls_branches.1.bias', 'map_decoder.pts_bbox_head.cls_branches.3.weight', 'map_decoder.pts_bbox_head.cls_branches.3.bias', 'map_decoder.pts_bbox_head.cls_branches.4.weight', 'map_decoder.pts_bbox_head.cls_branches.4.bias', 'map_decoder.pts_bbox_head.cls_branches.6.weight', 'map_decoder.pts_bbox_head.cls_branches.6.bias', 'map_decoder.pts_bbox_head.reg_branches.0.weight', 'map_decoder.pts_bbox_head.reg_branches.0.bias', 'map_decoder.pts_bbox_head.reg_branches.2.weight', 'map_decoder.pts_bbox_head.reg_branches.2.bias', 'map_decoder.pts_bbox_head.reg_branches.4.weight', 'map_decoder.pts_bbox_head.reg_branches.4.bias', 'map_decoder.pts_bbox_head.reg_branches.6.weight', 'map_decoder.pts_bbox_head.reg_branches.6.bias', 'planner_head.ego_query.weight', 'planner_head.ego_agent_decoder.layers.0.attentions.0.attn.in_proj_weight', 'planner_head.ego_agent_decoder.layers.0.attentions.0.attn.in_proj_bias', 'planner_head.ego_agent_decoder.layers.0.attentions.0.attn.out_proj.weight', 'planner_head.ego_agent_decoder.layers.0.attentions.0.attn.out_proj.bias', 'planner_head.ego_agent_decoder.layers.0.ffns.0.layers.0.0.weight', 'planner_head.ego_agent_decoder.layers.0.ffns.0.layers.0.0.bias', 'planner_head.ego_agent_decoder.layers.0.ffns.0.layers.1.weight', 'planner_head.ego_agent_decoder.layers.0.ffns.0.layers.1.bias', 'planner_head.ego_agent_decoder.layers.0.norms.0.weight', 'planner_head.ego_agent_decoder.layers.0.norms.0.bias', 'planner_head.ego_agent_decoder.layers.0.norms.1.weight', 'planner_head.ego_agent_decoder.layers.0.norms.1.bias', 'planner_head.ego_map_decoder.layers.0.attentions.0.attn.in_proj_weight', 'planner_head.ego_map_decoder.layers.0.attentions.0.attn.in_proj_bias', 'planner_head.ego_map_decoder.layers.0.attentions.0.attn.out_proj.weight', 'planner_head.ego_map_decoder.layers.0.attentions.0.attn.out_proj.bias', 'planner_head.ego_map_decoder.layers.0.ffns.0.layers.0.0.weight', 'planner_head.ego_map_decoder.layers.0.ffns.0.layers.0.0.bias', 'planner_head.ego_map_decoder.layers.0.ffns.0.layers.1.weight', 'planner_head.ego_map_decoder.layers.0.ffns.0.layers.1.bias', 'planner_head.ego_map_decoder.layers.0.norms.0.weight', 'planner_head.ego_map_decoder.layers.0.norms.0.bias', 'planner_head.ego_map_decoder.layers.0.norms.1.weight', 'planner_head.ego_map_decoder.layers.0.norms.1.bias', 'planner_head.ego_gaussian_decoder.layers.0.attentions.0.attn.in_proj_weight', 'planner_head.ego_gaussian_decoder.layers.0.attentions.0.attn.in_proj_bias', 'planner_head.ego_gaussian_decoder.layers.0.attentions.0.attn.out_proj.weight', 'planner_head.ego_gaussian_decoder.layers.0.attentions.0.attn.out_proj.bias', 'planner_head.ego_gaussian_decoder.layers.0.ffns.0.layers.0.0.weight', 'planner_head.ego_gaussian_decoder.layers.0.ffns.0.layers.0.0.bias', 'planner_head.ego_gaussian_decoder.layers.0.ffns.0.layers.1.weight', 'planner_head.ego_gaussian_decoder.layers.0.ffns.0.layers.1.bias', 'planner_head.ego_gaussian_decoder.layers.0.norms.0.weight', 'planner_head.ego_gaussian_decoder.layers.0.norms.0.bias', 'planner_head.ego_gaussian_decoder.layers.0.norms.1.weight', 'planner_head.ego_gaussian_decoder.layers.0.norms.1.bias', 'planner_head.ego_fut_decoder.0.weight', 'planner_head.ego_fut_decoder.0.bias', 'planner_head.ego_fut_decoder.2.weight', 'planner_head.ego_fut_decoder.2.bias', 'planner_head.ego_fut_decoder.4.weight', 'planner_head.ego_fut_decoder.4.bias', 'planner_head.agent_fus_mlp.0.weight', 'planner_head.agent_fus_mlp.0.bias', 'planner_head.agent_fus_mlp.1.weight', 'planner_head.agent_fus_mlp.1.bias', 'planner_head.agent_fus_mlp.3.weight', 'planner_head.agent_fus_mlp.3.bias', 'planner_head.map_fus_mlp.0.weight', 'planner_head.map_fus_mlp.0.bias', 'planner_head.map_fus_mlp.1.weight', 'planner_head.map_fus_mlp.1.bias', 'planner_head.map_fus_mlp.3.weight', 'planner_head.map_fus_mlp.3.bias', 'planner_head.gaussian_fus_mlp.0.weight', 'planner_head.gaussian_fus_mlp.0.bias', 'planner_head.gaussian_fus_mlp.1.weight', 'planner_head.gaussian_fus_mlp.1.bias', 'planner_head.gaussian_fus_mlp.3.weight', 'planner_head.gaussian_fus_mlp.3.bias'], unexpected_keys=['bbox_head.bld_alpha', 'bbox_head.cls_convs.0.conv.weight', 'bbox_head.cls_convs.0.conv.bias', 'bbox_head.cls_convs.0.gn.weight', 'bbox_head.cls_convs.0.gn.bias', 'bbox_head.cls_convs.1.conv.weight', 'bbox_head.cls_convs.1.conv.bias', 'bbox_head.cls_convs.1.conv.conv_offset.weight', 'bbox_head.cls_convs.1.conv.conv_offset.bias', 'bbox_head.cls_convs.1.gn.weight', 'bbox_head.cls_convs.1.gn.bias', 'bbox_head.reg_convs.0.conv.weight', 'bbox_head.reg_convs.0.conv.bias', 'bbox_head.reg_convs.0.gn.weight', 'bbox_head.reg_convs.0.gn.bias', 'bbox_head.reg_convs.1.conv.weight', 'bbox_head.reg_convs.1.conv.bias', 'bbox_head.reg_convs.1.conv.conv_offset.weight', 'bbox_head.reg_convs.1.conv.conv_offset.bias', 'bbox_head.reg_convs.1.gn.weight', 'bbox_head.reg_convs.1.gn.bias', 'bbox_head.conv_cls_prev.0.conv.weight', 'bbox_head.conv_cls_prev.0.conv.bias', 'bbox_head.conv_cls_prev.0.gn.weight', 'bbox_head.conv_cls_prev.0.gn.bias', 'bbox_head.conv_cls.weight', 'bbox_head.conv_cls.bias', 'bbox_head.conv_reg_prevs.0.0.conv.weight', 'bbox_head.conv_reg_prevs.0.0.conv.bias', 'bbox_head.conv_reg_prevs.0.0.gn.weight', 'bbox_head.conv_reg_prevs.0.0.gn.bias', 'bbox_head.conv_reg_prevs.1.0.conv.weight', 'bbox_head.conv_reg_prevs.1.0.conv.bias', 'bbox_head.conv_reg_prevs.1.0.gn.weight', 'bbox_head.conv_reg_prevs.1.0.gn.bias', 'bbox_head.conv_reg_prevs.2.0.conv.weight', 'bbox_head.conv_reg_prevs.2.0.conv.bias', 'bbox_head.conv_reg_prevs.2.0.gn.weight', 'bbox_head.conv_reg_prevs.2.0.gn.bias', 'bbox_head.conv_reg_prevs.3.0.conv.weight', 'bbox_head.conv_reg_prevs.3.0.conv.bias', 'bbox_head.conv_reg_prevs.3.0.gn.weight', 'bbox_head.conv_reg_prevs.3.0.gn.bias', 'bbox_head.conv_reg_prevs.5.0.conv.weight', 'bbox_head.conv_reg_prevs.5.0.conv.bias', 'bbox_head.conv_reg_prevs.5.0.gn.weight', 'bbox_head.conv_reg_prevs.5.0.gn.bias', 'bbox_head.conv_regs.0.weight', 'bbox_head.conv_regs.0.bias', 'bbox_head.conv_regs.1.weight', 'bbox_head.conv_regs.1.bias', 'bbox_head.conv_regs.2.weight', 'bbox_head.conv_regs.2.bias', 'bbox_head.conv_regs.3.weight', 'bbox_head.conv_regs.3.bias', 'bbox_head.conv_regs.4.weight', 'bbox_head.conv_regs.4.bias', 'bbox_head.conv_regs.5.weight', 'bbox_head.conv_regs.5.bias', 'bbox_head.conv_dir_cls_prev.0.conv.weight', 'bbox_head.conv_dir_cls_prev.0.conv.bias', 'bbox_head.conv_dir_cls_prev.0.gn.weight', 'bbox_head.conv_dir_cls_prev.0.gn.bias', 'bbox_head.conv_dir_cls.weight', 'bbox_head.conv_dir_cls.bias', 'bbox_head.conv_attr_prev.0.conv.weight', 'bbox_head.conv_attr_prev.0.conv.bias', 'bbox_head.conv_attr_prev.0.gn.weight', 'bbox_head.conv_attr_prev.0.gn.bias', 'bbox_head.conv_attr.weight', 'bbox_head.conv_attr.bias', 'bbox_head.conv_depth_cls_prev.0.conv.weight', 'bbox_head.conv_depth_cls_prev.0.conv.bias', 'bbox_head.conv_depth_cls_prev.0.gn.weight', 'bbox_head.conv_depth_cls_prev.0.gn.bias', 'bbox_head.conv_depth_cls.weight', 'bbox_head.conv_depth_cls.bias', 'bbox_head.conv_centerness_prev.0.conv.weight', 'bbox_head.conv_centerness_prev.0.conv.bias', 'bbox_head.conv_centerness_prev.0.gn.weight', 'bbox_head.conv_centerness_prev.0.gn.bias', 'bbox_head.conv_centerness.weight', 'bbox_head.conv_centerness.bias', 'bbox_head.scales.0.0.scale', 'bbox_head.scales.0.1.scale', 'bbox_head.scales.0.2.scale', 'bbox_head.scales.0.3.scale', 'bbox_head.scales.1.0.scale', 'bbox_head.scales.1.1.scale', 'bbox_head.scales.1.2.scale', 'bbox_head.scales.1.3.scale', 'bbox_head.scales.2.0.scale', 'bbox_head.scales.2.1.scale', 'bbox_head.scales.2.2.scale', 'bbox_head.scales.2.3.scale', 'bbox_head.scales.3.0.scale', 'bbox_head.scales.3.1.scale', 'bbox_head.scales.3.2.scale', 'bbox_head.scales.3.3.scale', 'bbox_head.scales.4.0.scale', 'bbox_head.scales.4.1.scale', 'bbox_head.scales.4.2.scale', 'bbox_head.scales.4.3.scale'])
tensor([1.0155, 1.0690, 1.3001, 1.0725, 0.9464, 1.1009, 1.2696, 1.0626, 1.1890,
        1.0622, 1.0060, 0.8571, 1.0392, 0.9087, 0.8936, 0.8549, 0.8528, 0.5000])
tensor([1.0155, 1.0690, 1.3001, 1.0725, 0.9464, 1.1009, 1.2696, 1.0626, 1.1890,
        1.0622, 1.0060, 0.8571, 1.0392, 0.9087, 0.8936, 0.8549, 0.8528, 0.5000])
_IncompatibleKeys(missing_keys=['img_neck.lateral_convs.0.conv.weight', 'img_neck.lateral_convs.0.conv.bias', 'img_neck.lateral_convs.1.conv.weight', 'img_neck.lateral_convs.1.conv.bias', 'img_neck.lateral_convs.2.conv.weight', 'img_neck.lateral_convs.2.conv.bias', 'img_neck.fpn_convs.0.conv.weight', 'img_neck.fpn_convs.0.conv.bias', 'img_neck.fpn_convs.1.conv.weight', 'img_neck.fpn_convs.1.conv.bias', 'img_neck.fpn_convs.2.conv.weight', 'img_neck.fpn_convs.2.conv.bias', 'img_neck.fpn_convs.3.conv.weight', 'img_neck.fpn_convs.3.conv.bias', 'lifter.anchor', 'encoder.anchor_encoder.xyz_fc.0.weight', 'encoder.anchor_encoder.xyz_fc.0.bias', 'encoder.anchor_encoder.xyz_fc.2.weight', 'encoder.anchor_encoder.xyz_fc.2.bias', 'encoder.anchor_encoder.xyz_fc.3.weight', 'encoder.anchor_encoder.xyz_fc.3.bias', 'encoder.anchor_encoder.xyz_fc.5.weight', 'encoder.anchor_encoder.xyz_fc.5.bias', 'encoder.anchor_encoder.scale_fc.0.weight', 'encoder.anchor_encoder.scale_fc.0.bias', 'encoder.anchor_encoder.scale_fc.2.weight', 'encoder.anchor_encoder.scale_fc.2.bias', 'encoder.anchor_encoder.scale_fc.3.weight', 'encoder.anchor_encoder.scale_fc.3.bias', 'encoder.anchor_encoder.scale_fc.5.weight', 'encoder.anchor_encoder.scale_fc.5.bias', 'encoder.anchor_encoder.rot_fc.0.weight', 'encoder.anchor_encoder.rot_fc.0.bias', 'encoder.anchor_encoder.rot_fc.2.weight', 'encoder.anchor_encoder.rot_fc.2.bias', 'encoder.anchor_encoder.rot_fc.3.weight', 'encoder.anchor_encoder.rot_fc.3.bias', 'encoder.anchor_encoder.rot_fc.5.weight', 'encoder.anchor_encoder.rot_fc.5.bias', 'encoder.anchor_encoder.opacity_fc.0.weight', 'encoder.anchor_encoder.opacity_fc.0.bias', 'encoder.anchor_encoder.opacity_fc.2.weight', 'encoder.anchor_encoder.opacity_fc.2.bias', 'encoder.anchor_encoder.opacity_fc.3.weight', 'encoder.anchor_encoder.opacity_fc.3.bias', 'encoder.anchor_encoder.opacity_fc.5.weight', 'encoder.anchor_encoder.opacity_fc.5.bias', 'encoder.anchor_encoder.semantics_fc.0.weight', 'encoder.anchor_encoder.semantics_fc.0.bias', 'encoder.anchor_encoder.semantics_fc.2.weight', 'encoder.anchor_encoder.semantics_fc.2.bias', 'encoder.anchor_encoder.semantics_fc.3.weight', 'encoder.anchor_encoder.semantics_fc.3.bias', 'encoder.anchor_encoder.semantics_fc.5.weight', 'encoder.anchor_encoder.semantics_fc.5.bias', 'encoder.anchor_encoder.offset_fc.0.weight', 'encoder.anchor_encoder.offset_fc.0.bias', 'encoder.anchor_encoder.offset_fc.2.weight', 'encoder.anchor_encoder.offset_fc.2.bias', 'encoder.anchor_encoder.offset_fc.3.weight', 'encoder.anchor_encoder.offset_fc.3.bias', 'encoder.anchor_encoder.offset_fc.5.weight', 'encoder.anchor_encoder.offset_fc.5.bias', 'encoder.anchor_encoder.output_fc.0.weight', 'encoder.anchor_encoder.output_fc.0.bias', 'encoder.anchor_encoder.output_fc.2.weight', 'encoder.anchor_encoder.output_fc.2.bias', 'encoder.anchor_encoder.output_fc.3.weight', 'encoder.anchor_encoder.output_fc.3.bias', 'encoder.anchor_encoder.output_fc.5.weight', 'encoder.anchor_encoder.output_fc.5.bias', 'encoder.layers.0.kps_generator.learnable_fc.weight', 'encoder.layers.0.kps_generator.learnable_fc.bias', 'encoder.layers.0.output_proj.weight', 'encoder.layers.0.output_proj.bias', 'encoder.layers.0.camera_encoder.0.weight', 'encoder.layers.0.camera_encoder.0.bias', 'encoder.layers.0.camera_encoder.2.weight', 'encoder.layers.0.camera_encoder.2.bias', 'encoder.layers.0.camera_encoder.3.weight', 'encoder.layers.0.camera_encoder.3.bias', 'encoder.layers.0.camera_encoder.5.weight', 'encoder.layers.0.camera_encoder.5.bias', 'encoder.layers.0.weights_fc.weight', 'encoder.layers.0.weights_fc.bias', 'encoder.layers.1.pre_norm.weight', 'encoder.layers.1.pre_norm.bias', 'encoder.layers.1.layers.0.0.weight', 'encoder.layers.1.layers.0.0.bias', 'encoder.layers.1.layers.1.weight', 'encoder.layers.1.layers.1.bias', 'encoder.layers.1.identity_fc.weight', 'encoder.layers.1.identity_fc.bias', 'encoder.layers.2.weight', 'encoder.layers.2.bias', 'encoder.layers.3.layers.0.weight', 'encoder.layers.3.layers.0.bias', 'encoder.layers.3.layers.2.weight', 'encoder.layers.3.layers.2.bias', 'encoder.layers.3.layers.4.weight', 'encoder.layers.3.layers.4.bias', 'encoder.layers.3.layers.5.weight', 'encoder.layers.3.layers.5.bias', 'encoder.layers.3.layers.7.weight', 'encoder.layers.3.layers.7.bias', 'encoder.layers.3.layers.9.weight', 'encoder.layers.3.layers.9.bias', 'encoder.layers.3.layers.10.weight', 'encoder.layers.3.layers.10.bias', 'encoder.layers.3.layers.11.scale', 'encoder.layers.4.layers.0.weight', 'encoder.layers.4.layers.0.bias', 'encoder.layers.4.layers.1.weight', 'encoder.layers.4.layers.1.bias', 'encoder.layers.4.layers.3.weight', 'encoder.layers.4.layers.3.bias', 'encoder.layers.4.layers.4.weight', 'encoder.layers.4.layers.4.bias', 'encoder.layers.4.layers.6.weight', 'encoder.layers.4.layers.6.bias', 'encoder.layers.4.layers.7.weight', 'encoder.layers.4.layers.7.bias', 'encoder.layers.4.output_proj.weight', 'encoder.layers.4.output_proj.bias', 'encoder.layers.5.weight', 'encoder.layers.5.bias', 'encoder.layers.6.kps_generator.learnable_fc.weight', 'encoder.layers.6.kps_generator.learnable_fc.bias', 'encoder.layers.6.output_proj.weight', 'encoder.layers.6.output_proj.bias', 'encoder.layers.6.camera_encoder.0.weight', 'encoder.layers.6.camera_encoder.0.bias', 'encoder.layers.6.camera_encoder.2.weight', 'encoder.layers.6.camera_encoder.2.bias', 'encoder.layers.6.camera_encoder.3.weight', 'encoder.layers.6.camera_encoder.3.bias', 'encoder.layers.6.camera_encoder.5.weight', 'encoder.layers.6.camera_encoder.5.bias', 'encoder.layers.6.weights_fc.weight', 'encoder.layers.6.weights_fc.bias', 'encoder.layers.7.pre_norm.weight', 'encoder.layers.7.pre_norm.bias', 'encoder.layers.7.layers.0.0.weight', 'encoder.layers.7.layers.0.0.bias', 'encoder.layers.7.layers.1.weight', 'encoder.layers.7.layers.1.bias', 'encoder.layers.7.identity_fc.weight', 'encoder.layers.7.identity_fc.bias', 'encoder.layers.8.weight', 'encoder.layers.8.bias', 'encoder.layers.9.layers.0.weight', 'encoder.layers.9.layers.0.bias', 'encoder.layers.9.layers.2.weight', 'encoder.layers.9.layers.2.bias', 'encoder.layers.9.layers.4.weight', 'encoder.layers.9.layers.4.bias', 'encoder.layers.9.layers.5.weight', 'encoder.layers.9.layers.5.bias', 'encoder.layers.9.layers.7.weight', 'encoder.layers.9.layers.7.bias', 'encoder.layers.9.layers.9.weight', 'encoder.layers.9.layers.9.bias', 'encoder.layers.9.layers.10.weight', 'encoder.layers.9.layers.10.bias', 'encoder.layers.9.layers.11.scale', 'encoder.layers.10.layers.0.weight', 'encoder.layers.10.layers.0.bias', 'encoder.layers.10.layers.1.weight', 'encoder.layers.10.layers.1.bias', 'encoder.layers.10.layers.3.weight', 'encoder.layers.10.layers.3.bias', 'encoder.layers.10.layers.4.weight', 'encoder.layers.10.layers.4.bias', 'encoder.layers.10.layers.6.weight', 'encoder.layers.10.layers.6.bias', 'encoder.layers.10.layers.7.weight', 'encoder.layers.10.layers.7.bias', 'encoder.layers.10.output_proj.weight', 'encoder.layers.10.output_proj.bias', 'encoder.layers.11.weight', 'encoder.layers.11.bias', 'encoder.layers.12.kps_generator.learnable_fc.weight', 'encoder.layers.12.kps_generator.learnable_fc.bias', 'encoder.layers.12.output_proj.weight', 'encoder.layers.12.output_proj.bias', 'encoder.layers.12.camera_encoder.0.weight', 'encoder.layers.12.camera_encoder.0.bias', 'encoder.layers.12.camera_encoder.2.weight', 'encoder.layers.12.camera_encoder.2.bias', 'encoder.layers.12.camera_encoder.3.weight', 'encoder.layers.12.camera_encoder.3.bias', 'encoder.layers.12.camera_encoder.5.weight', 'encoder.layers.12.camera_encoder.5.bias', 'encoder.layers.12.weights_fc.weight', 'encoder.layers.12.weights_fc.bias', 'encoder.layers.13.pre_norm.weight', 'encoder.layers.13.pre_norm.bias', 'encoder.layers.13.layers.0.0.weight', 'encoder.layers.13.layers.0.0.bias', 'encoder.layers.13.layers.1.weight', 'encoder.layers.13.layers.1.bias', 'encoder.layers.13.identity_fc.weight', 'encoder.layers.13.identity_fc.bias', 'encoder.layers.14.weight', 'encoder.layers.14.bias', 'encoder.layers.15.layers.0.weight', 'encoder.layers.15.layers.0.bias', 'encoder.layers.15.layers.2.weight', 'encoder.layers.15.layers.2.bias', 'encoder.layers.15.layers.4.weight', 'encoder.layers.15.layers.4.bias', 'encoder.layers.15.layers.5.weight', 'encoder.layers.15.layers.5.bias', 'encoder.layers.15.layers.7.weight', 'encoder.layers.15.layers.7.bias', 'encoder.layers.15.layers.9.weight', 'encoder.layers.15.layers.9.bias', 'encoder.layers.15.layers.10.weight', 'encoder.layers.15.layers.10.bias', 'encoder.layers.15.layers.11.scale', 'encoder.layers.16.layers.0.weight', 'encoder.layers.16.layers.0.bias', 'encoder.layers.16.layers.1.weight', 'encoder.layers.16.layers.1.bias', 'encoder.layers.16.layers.3.weight', 'encoder.layers.16.layers.3.bias', 'encoder.layers.16.layers.4.weight', 'encoder.layers.16.layers.4.bias', 'encoder.layers.16.layers.6.weight', 'encoder.layers.16.layers.6.bias', 'encoder.layers.16.layers.7.weight', 'encoder.layers.16.layers.7.bias', 'encoder.layers.16.output_proj.weight', 'encoder.layers.16.output_proj.bias', 'encoder.layers.17.weight', 'encoder.layers.17.bias', 'encoder.layers.18.kps_generator.learnable_fc.weight', 'encoder.layers.18.kps_generator.learnable_fc.bias', 'encoder.layers.18.output_proj.weight', 'encoder.layers.18.output_proj.bias', 'encoder.layers.18.camera_encoder.0.weight', 'encoder.layers.18.camera_encoder.0.bias', 'encoder.layers.18.camera_encoder.2.weight', 'encoder.layers.18.camera_encoder.2.bias', 'encoder.layers.18.camera_encoder.3.weight', 'encoder.layers.18.camera_encoder.3.bias', 'encoder.layers.18.camera_encoder.5.weight', 'encoder.layers.18.camera_encoder.5.bias', 'encoder.layers.18.weights_fc.weight', 'encoder.layers.18.weights_fc.bias', 'encoder.layers.19.pre_norm.weight', 'encoder.layers.19.pre_norm.bias', 'encoder.layers.19.layers.0.0.weight', 'encoder.layers.19.layers.0.0.bias', 'encoder.layers.19.layers.1.weight', 'encoder.layers.19.layers.1.bias', 'encoder.layers.19.identity_fc.weight', 'encoder.layers.19.identity_fc.bias', 'encoder.layers.20.weight', 'encoder.layers.20.bias', 'encoder.layers.21.layers.0.weight', 'encoder.layers.21.layers.0.bias', 'encoder.layers.21.layers.2.weight', 'encoder.layers.21.layers.2.bias', 'encoder.layers.21.layers.4.weight', 'encoder.layers.21.layers.4.bias', 'encoder.layers.21.layers.5.weight', 'encoder.layers.21.layers.5.bias', 'encoder.layers.21.layers.7.weight', 'encoder.layers.21.layers.7.bias', 'encoder.layers.21.layers.9.weight', 'encoder.layers.21.layers.9.bias', 'encoder.layers.21.layers.10.weight', 'encoder.layers.21.layers.10.bias', 'encoder.layers.21.layers.11.scale', 'temporal_encoder.anchor_encoder.xyz_fc.0.weight', 'temporal_encoder.anchor_encoder.xyz_fc.0.bias', 'temporal_encoder.anchor_encoder.xyz_fc.2.weight', 'temporal_encoder.anchor_encoder.xyz_fc.2.bias', 'temporal_encoder.anchor_encoder.xyz_fc.3.weight', 'temporal_encoder.anchor_encoder.xyz_fc.3.bias', 'temporal_encoder.anchor_encoder.xyz_fc.5.weight', 'temporal_encoder.anchor_encoder.xyz_fc.5.bias', 'temporal_encoder.anchor_encoder.scale_fc.0.weight', 'temporal_encoder.anchor_encoder.scale_fc.0.bias', 'temporal_encoder.anchor_encoder.scale_fc.2.weight', 'temporal_encoder.anchor_encoder.scale_fc.2.bias', 'temporal_encoder.anchor_encoder.scale_fc.3.weight', 'temporal_encoder.anchor_encoder.scale_fc.3.bias', 'temporal_encoder.anchor_encoder.scale_fc.5.weight', 'temporal_encoder.anchor_encoder.scale_fc.5.bias', 'temporal_encoder.anchor_encoder.rot_fc.0.weight', 'temporal_encoder.anchor_encoder.rot_fc.0.bias', 'temporal_encoder.anchor_encoder.rot_fc.2.weight', 'temporal_encoder.anchor_encoder.rot_fc.2.bias', 'temporal_encoder.anchor_encoder.rot_fc.3.weight', 'temporal_encoder.anchor_encoder.rot_fc.3.bias', 'temporal_encoder.anchor_encoder.rot_fc.5.weight', 'temporal_encoder.anchor_encoder.rot_fc.5.bias', 'temporal_encoder.anchor_encoder.opacity_fc.0.weight', 'temporal_encoder.anchor_encoder.opacity_fc.0.bias', 'temporal_encoder.anchor_encoder.opacity_fc.2.weight', 'temporal_encoder.anchor_encoder.opacity_fc.2.bias', 'temporal_encoder.anchor_encoder.opacity_fc.3.weight', 'temporal_encoder.anchor_encoder.opacity_fc.3.bias', 'temporal_encoder.anchor_encoder.opacity_fc.5.weight', 'temporal_encoder.anchor_encoder.opacity_fc.5.bias', 'temporal_encoder.anchor_encoder.semantics_fc.0.weight', 'temporal_encoder.anchor_encoder.semantics_fc.0.bias', 'temporal_encoder.anchor_encoder.semantics_fc.2.weight', 'temporal_encoder.anchor_encoder.semantics_fc.2.bias', 'temporal_encoder.anchor_encoder.semantics_fc.3.weight', 'temporal_encoder.anchor_encoder.semantics_fc.3.bias', 'temporal_encoder.anchor_encoder.semantics_fc.5.weight', 'temporal_encoder.anchor_encoder.semantics_fc.5.bias', 'temporal_encoder.anchor_encoder.offset_fc.0.weight', 'temporal_encoder.anchor_encoder.offset_fc.0.bias', 'temporal_encoder.anchor_encoder.offset_fc.2.weight', 'temporal_encoder.anchor_encoder.offset_fc.2.bias', 'temporal_encoder.anchor_encoder.offset_fc.3.weight', 'temporal_encoder.anchor_encoder.offset_fc.3.bias', 'temporal_encoder.anchor_encoder.offset_fc.5.weight', 'temporal_encoder.anchor_encoder.offset_fc.5.bias', 'temporal_encoder.anchor_encoder.output_fc.0.weight', 'temporal_encoder.anchor_encoder.output_fc.0.bias', 'temporal_encoder.anchor_encoder.output_fc.2.weight', 'temporal_encoder.anchor_encoder.output_fc.2.bias', 'temporal_encoder.anchor_encoder.output_fc.3.weight', 'temporal_encoder.anchor_encoder.output_fc.3.bias', 'temporal_encoder.anchor_encoder.output_fc.5.weight', 'temporal_encoder.anchor_encoder.output_fc.5.bias', 'temporal_encoder.layers.0.layers.0.weight', 'temporal_encoder.layers.0.layers.1.weight', 'temporal_encoder.layers.0.layers.1.bias', 'temporal_encoder.layers.0.layers.3.weight', 'temporal_encoder.layers.0.layers.4.weight', 'temporal_encoder.layers.0.layers.4.bias', 'temporal_encoder.layers.0.layers.6.weight', 'temporal_encoder.layers.0.layers.7.weight', 'temporal_encoder.layers.0.layers.7.bias', 'temporal_encoder.layers.0.output_proj.weight', 'temporal_encoder.layers.0.output_proj.bias', 'temporal_encoder.layers.1.layers.0.weight', 'temporal_encoder.layers.1.layers.0.bias', 'temporal_encoder.layers.1.layers.2.weight', 'temporal_encoder.layers.1.layers.2.bias', 'temporal_encoder.layers.1.layers.4.weight', 'temporal_encoder.layers.1.layers.4.bias', 'temporal_encoder.layers.1.layers.5.weight', 'temporal_encoder.layers.1.layers.5.bias', 'temporal_encoder.layers.1.layers.7.weight', 'temporal_encoder.layers.1.layers.7.bias', 'temporal_encoder.layers.1.layers.9.weight', 'temporal_encoder.layers.1.layers.9.bias', 'temporal_encoder.layers.1.layers.10.weight', 'temporal_encoder.layers.1.layers.10.bias', 'temporal_encoder.layers.1.layers.11.scale', 'temporal_encoder.layers.2.layers.0.weight', 'temporal_encoder.layers.2.layers.1.weight', 'temporal_encoder.layers.2.layers.1.bias', 'temporal_encoder.layers.2.layers.3.weight', 'temporal_encoder.layers.2.layers.4.weight', 'temporal_encoder.layers.2.layers.4.bias', 'temporal_encoder.layers.2.layers.6.weight', 'temporal_encoder.layers.2.layers.7.weight', 'temporal_encoder.layers.2.layers.7.bias', 'temporal_encoder.layers.2.output_proj.weight', 'temporal_encoder.layers.2.output_proj.bias', 'temporal_encoder.layers.3.layers.0.weight', 'temporal_encoder.layers.3.layers.0.bias', 'temporal_encoder.layers.3.layers.2.weight', 'temporal_encoder.layers.3.layers.2.bias', 'temporal_encoder.layers.3.layers.4.weight', 'temporal_encoder.layers.3.layers.4.bias', 'temporal_encoder.layers.3.layers.5.weight', 'temporal_encoder.layers.3.layers.5.bias', 'temporal_encoder.layers.3.layers.7.weight', 'temporal_encoder.layers.3.layers.7.bias', 'temporal_encoder.layers.3.layers.9.weight', 'temporal_encoder.layers.3.layers.9.bias', 'temporal_encoder.layers.3.layers.10.weight', 'temporal_encoder.layers.3.layers.10.bias', 'temporal_encoder.layers.3.layers.11.scale', 'temporal_encoder.layers.4.layers.0.weight', 'temporal_encoder.layers.4.layers.1.weight', 'temporal_encoder.layers.4.layers.1.bias', 'temporal_encoder.layers.4.layers.3.weight', 'temporal_encoder.layers.4.layers.4.weight', 'temporal_encoder.layers.4.layers.4.bias', 'temporal_encoder.layers.4.layers.6.weight', 'temporal_encoder.layers.4.layers.7.weight', 'temporal_encoder.layers.4.layers.7.bias', 'temporal_encoder.layers.4.output_proj.weight', 'temporal_encoder.layers.4.output_proj.bias', 'temporal_encoder.layers.5.layers.0.weight', 'temporal_encoder.layers.5.layers.0.bias', 'temporal_encoder.layers.5.layers.2.weight', 'temporal_encoder.layers.5.layers.2.bias', 'temporal_encoder.layers.5.layers.4.weight', 'temporal_encoder.layers.5.layers.4.bias', 'temporal_encoder.layers.5.layers.5.weight', 'temporal_encoder.layers.5.layers.5.bias', 'temporal_encoder.layers.5.layers.7.weight', 'temporal_encoder.layers.5.layers.7.bias', 'temporal_encoder.layers.5.layers.9.weight', 'temporal_encoder.layers.5.layers.9.bias', 'temporal_encoder.layers.5.layers.10.weight', 'temporal_encoder.layers.5.layers.10.bias', 'temporal_encoder.layers.5.layers.11.scale', 'head.empty_scalar', 'head.empty_mean', 'head.empty_scale', 'head.empty_rot', 'head.empty_sem', 'head.empty_opa', 'head.pc_min', 'head.grid_size', 'head.zero_tensor', 'head.aggregator.pc_min', 'decoder.global_step', 'decoder.backbone_3d.conv_input.0.weight', 'decoder.backbone_3d.conv_input.1.weight', 'decoder.backbone_3d.conv_input.1.bias', 'decoder.backbone_3d.conv_input.1.running_mean', 'decoder.backbone_3d.conv_input.1.running_var', 'decoder.backbone_3d.conv1.0.conv1.weight', 'decoder.backbone_3d.conv1.0.conv1.bias', 'decoder.backbone_3d.conv1.0.bn1.weight', 'decoder.backbone_3d.conv1.0.bn1.bias', 'decoder.backbone_3d.conv1.0.bn1.running_mean', 'decoder.backbone_3d.conv1.0.bn1.running_var', 'decoder.backbone_3d.conv1.0.conv2.weight', 'decoder.backbone_3d.conv1.0.conv2.bias', 'decoder.backbone_3d.conv1.0.bn2.weight', 'decoder.backbone_3d.conv1.0.bn2.bias', 'decoder.backbone_3d.conv1.0.bn2.running_mean', 'decoder.backbone_3d.conv1.0.bn2.running_var', 'decoder.backbone_3d.conv1.1.conv1.weight', 'decoder.backbone_3d.conv1.1.conv1.bias', 'decoder.backbone_3d.conv1.1.bn1.weight', 'decoder.backbone_3d.conv1.1.bn1.bias', 'decoder.backbone_3d.conv1.1.bn1.running_mean', 'decoder.backbone_3d.conv1.1.bn1.running_var', 'decoder.backbone_3d.conv1.1.conv2.weight', 'decoder.backbone_3d.conv1.1.conv2.bias', 'decoder.backbone_3d.conv1.1.bn2.weight', 'decoder.backbone_3d.conv1.1.bn2.bias', 'decoder.backbone_3d.conv1.1.bn2.running_mean', 'decoder.backbone_3d.conv1.1.bn2.running_var', 'decoder.backbone_3d.conv2.0.0.weight', 'decoder.backbone_3d.conv2.0.1.weight', 'decoder.backbone_3d.conv2.0.1.bias', 'decoder.backbone_3d.conv2.0.1.running_mean', 'decoder.backbone_3d.conv2.0.1.running_var', 'decoder.backbone_3d.conv2.1.conv1.weight', 'decoder.backbone_3d.conv2.1.conv1.bias', 'decoder.backbone_3d.conv2.1.bn1.weight', 'decoder.backbone_3d.conv2.1.bn1.bias', 'decoder.backbone_3d.conv2.1.bn1.running_mean', 'decoder.backbone_3d.conv2.1.bn1.running_var', 'decoder.backbone_3d.conv2.1.conv2.weight', 'decoder.backbone_3d.conv2.1.conv2.bias', 'decoder.backbone_3d.conv2.1.bn2.weight', 'decoder.backbone_3d.conv2.1.bn2.bias', 'decoder.backbone_3d.conv2.1.bn2.running_mean', 'decoder.backbone_3d.conv2.1.bn2.running_var', 'decoder.backbone_3d.conv2.2.conv1.weight', 'decoder.backbone_3d.conv2.2.conv1.bias', 'decoder.backbone_3d.conv2.2.bn1.weight', 'decoder.backbone_3d.conv2.2.bn1.bias', 'decoder.backbone_3d.conv2.2.bn1.running_mean', 'decoder.backbone_3d.conv2.2.bn1.running_var', 'decoder.backbone_3d.conv2.2.conv2.weight', 'decoder.backbone_3d.conv2.2.conv2.bias', 'decoder.backbone_3d.conv2.2.bn2.weight', 'decoder.backbone_3d.conv2.2.bn2.bias', 'decoder.backbone_3d.conv2.2.bn2.running_mean', 'decoder.backbone_3d.conv2.2.bn2.running_var', 'decoder.backbone_3d.conv3.0.0.weight', 'decoder.backbone_3d.conv3.0.1.weight', 'decoder.backbone_3d.conv3.0.1.bias', 'decoder.backbone_3d.conv3.0.1.running_mean', 'decoder.backbone_3d.conv3.0.1.running_var', 'decoder.backbone_3d.conv3.1.conv1.weight', 'decoder.backbone_3d.conv3.1.conv1.bias', 'decoder.backbone_3d.conv3.1.bn1.weight', 'decoder.backbone_3d.conv3.1.bn1.bias', 'decoder.backbone_3d.conv3.1.bn1.running_mean', 'decoder.backbone_3d.conv3.1.bn1.running_var', 'decoder.backbone_3d.conv3.1.conv2.weight', 'decoder.backbone_3d.conv3.1.conv2.bias', 'decoder.backbone_3d.conv3.1.bn2.weight', 'decoder.backbone_3d.conv3.1.bn2.bias', 'decoder.backbone_3d.conv3.1.bn2.running_mean', 'decoder.backbone_3d.conv3.1.bn2.running_var', 'decoder.backbone_3d.conv3.2.conv1.weight', 'decoder.backbone_3d.conv3.2.conv1.bias', 'decoder.backbone_3d.conv3.2.bn1.weight', 'decoder.backbone_3d.conv3.2.bn1.bias', 'decoder.backbone_3d.conv3.2.bn1.running_mean', 'decoder.backbone_3d.conv3.2.bn1.running_var', 'decoder.backbone_3d.conv3.2.conv2.weight', 'decoder.backbone_3d.conv3.2.conv2.bias', 'decoder.backbone_3d.conv3.2.bn2.weight', 'decoder.backbone_3d.conv3.2.bn2.bias', 'decoder.backbone_3d.conv3.2.bn2.running_mean', 'decoder.backbone_3d.conv3.2.bn2.running_var', 'decoder.backbone_3d.conv4.0.0.weight', 'decoder.backbone_3d.conv4.0.1.weight', 'decoder.backbone_3d.conv4.0.1.bias', 'decoder.backbone_3d.conv4.0.1.running_mean', 'decoder.backbone_3d.conv4.0.1.running_var', 'decoder.backbone_3d.conv4.1.conv1.weight', 'decoder.backbone_3d.conv4.1.conv1.bias', 'decoder.backbone_3d.conv4.1.bn1.weight', 'decoder.backbone_3d.conv4.1.bn1.bias', 'decoder.backbone_3d.conv4.1.bn1.running_mean', 'decoder.backbone_3d.conv4.1.bn1.running_var', 'decoder.backbone_3d.conv4.1.conv2.weight', 'decoder.backbone_3d.conv4.1.conv2.bias', 'decoder.backbone_3d.conv4.1.bn2.weight', 'decoder.backbone_3d.conv4.1.bn2.bias', 'decoder.backbone_3d.conv4.1.bn2.running_mean', 'decoder.backbone_3d.conv4.1.bn2.running_var', 'decoder.backbone_3d.conv4.2.conv1.weight', 'decoder.backbone_3d.conv4.2.conv1.bias', 'decoder.backbone_3d.conv4.2.bn1.weight', 'decoder.backbone_3d.conv4.2.bn1.bias', 'decoder.backbone_3d.conv4.2.bn1.running_mean', 'decoder.backbone_3d.conv4.2.bn1.running_var', 'decoder.backbone_3d.conv4.2.conv2.weight', 'decoder.backbone_3d.conv4.2.conv2.bias', 'decoder.backbone_3d.conv4.2.bn2.weight', 'decoder.backbone_3d.conv4.2.bn2.bias', 'decoder.backbone_3d.conv4.2.bn2.running_mean', 'decoder.backbone_3d.conv4.2.bn2.running_var', 'decoder.backbone_3d.conv5.0.0.weight', 'decoder.backbone_3d.conv5.0.1.weight', 'decoder.backbone_3d.conv5.0.1.bias', 'decoder.backbone_3d.conv5.0.1.running_mean', 'decoder.backbone_3d.conv5.0.1.running_var', 'decoder.backbone_3d.conv5.1.conv1.weight', 'decoder.backbone_3d.conv5.1.conv1.bias', 'decoder.backbone_3d.conv5.1.bn1.weight', 'decoder.backbone_3d.conv5.1.bn1.bias', 'decoder.backbone_3d.conv5.1.bn1.running_mean', 'decoder.backbone_3d.conv5.1.bn1.running_var', 'decoder.backbone_3d.conv5.1.conv2.weight', 'decoder.backbone_3d.conv5.1.conv2.bias', 'decoder.backbone_3d.conv5.1.bn2.weight', 'decoder.backbone_3d.conv5.1.bn2.bias', 'decoder.backbone_3d.conv5.1.bn2.running_mean', 'decoder.backbone_3d.conv5.1.bn2.running_var', 'decoder.backbone_3d.conv5.2.conv1.weight', 'decoder.backbone_3d.conv5.2.conv1.bias', 'decoder.backbone_3d.conv5.2.bn1.weight', 'decoder.backbone_3d.conv5.2.bn1.bias', 'decoder.backbone_3d.conv5.2.bn1.running_mean', 'decoder.backbone_3d.conv5.2.bn1.running_var', 'decoder.backbone_3d.conv5.2.conv2.weight', 'decoder.backbone_3d.conv5.2.conv2.bias', 'decoder.backbone_3d.conv5.2.bn2.weight', 'decoder.backbone_3d.conv5.2.bn2.bias', 'decoder.backbone_3d.conv5.2.bn2.running_mean', 'decoder.backbone_3d.conv5.2.bn2.running_var', 'decoder.backbone_3d.conv6.0.0.weight', 'decoder.backbone_3d.conv6.0.1.weight', 'decoder.backbone_3d.conv6.0.1.bias', 'decoder.backbone_3d.conv6.0.1.running_mean', 'decoder.backbone_3d.conv6.0.1.running_var', 'decoder.backbone_3d.conv6.1.conv1.weight', 'decoder.backbone_3d.conv6.1.conv1.bias', 'decoder.backbone_3d.conv6.1.bn1.weight', 'decoder.backbone_3d.conv6.1.bn1.bias', 'decoder.backbone_3d.conv6.1.bn1.running_mean', 'decoder.backbone_3d.conv6.1.bn1.running_var', 'decoder.backbone_3d.conv6.1.conv2.weight', 'decoder.backbone_3d.conv6.1.conv2.bias', 'decoder.backbone_3d.conv6.1.bn2.weight', 'decoder.backbone_3d.conv6.1.bn2.bias', 'decoder.backbone_3d.conv6.1.bn2.running_mean', 'decoder.backbone_3d.conv6.1.bn2.running_var', 'decoder.backbone_3d.conv6.2.conv1.weight', 'decoder.backbone_3d.conv6.2.conv1.bias', 'decoder.backbone_3d.conv6.2.bn1.weight', 'decoder.backbone_3d.conv6.2.bn1.bias', 'decoder.backbone_3d.conv6.2.bn1.running_mean', 'decoder.backbone_3d.conv6.2.bn1.running_var', 'decoder.backbone_3d.conv6.2.conv2.weight', 'decoder.backbone_3d.conv6.2.conv2.bias', 'decoder.backbone_3d.conv6.2.bn2.weight', 'decoder.backbone_3d.conv6.2.bn2.bias', 'decoder.backbone_3d.conv6.2.bn2.running_mean', 'decoder.backbone_3d.conv6.2.bn2.running_var', 'decoder.backbone_3d.conv_out.0.weight', 'decoder.backbone_3d.conv_out.1.weight', 'decoder.backbone_3d.conv_out.1.bias', 'decoder.backbone_3d.conv_out.1.running_mean', 'decoder.backbone_3d.conv_out.1.running_var', 'decoder.backbone_3d.shared_conv.0.weight', 'decoder.backbone_3d.shared_conv.0.bias', 'decoder.backbone_3d.shared_conv.1.weight', 'decoder.backbone_3d.shared_conv.1.bias', 'decoder.backbone_3d.shared_conv.1.running_mean', 'decoder.backbone_3d.shared_conv.1.running_var', 'decoder.dense_head.heads_list.0.center.0.0.weight', 'decoder.dense_head.heads_list.0.center.0.0.bias', 'decoder.dense_head.heads_list.0.center.0.1.weight', 'decoder.dense_head.heads_list.0.center.0.1.bias', 'decoder.dense_head.heads_list.0.center.0.1.running_mean', 'decoder.dense_head.heads_list.0.center.0.1.running_var', 'decoder.dense_head.heads_list.0.center.1.weight', 'decoder.dense_head.heads_list.0.center.1.bias', 'decoder.dense_head.heads_list.0.center_z.0.0.weight', 'decoder.dense_head.heads_list.0.center_z.0.0.bias', 'decoder.dense_head.heads_list.0.center_z.0.1.weight', 'decoder.dense_head.heads_list.0.center_z.0.1.bias', 'decoder.dense_head.heads_list.0.center_z.0.1.running_mean', 'decoder.dense_head.heads_list.0.center_z.0.1.running_var', 'decoder.dense_head.heads_list.0.center_z.1.weight', 'decoder.dense_head.heads_list.0.center_z.1.bias', 'decoder.dense_head.heads_list.0.dim.0.0.weight', 'decoder.dense_head.heads_list.0.dim.0.0.bias', 'decoder.dense_head.heads_list.0.dim.0.1.weight', 'decoder.dense_head.heads_list.0.dim.0.1.bias', 'decoder.dense_head.heads_list.0.dim.0.1.running_mean', 'decoder.dense_head.heads_list.0.dim.0.1.running_var', 'decoder.dense_head.heads_list.0.dim.1.weight', 'decoder.dense_head.heads_list.0.dim.1.bias', 'decoder.dense_head.heads_list.0.rot.0.0.weight', 'decoder.dense_head.heads_list.0.rot.0.0.bias', 'decoder.dense_head.heads_list.0.rot.0.1.weight', 'decoder.dense_head.heads_list.0.rot.0.1.bias', 'decoder.dense_head.heads_list.0.rot.0.1.running_mean', 'decoder.dense_head.heads_list.0.rot.0.1.running_var', 'decoder.dense_head.heads_list.0.rot.1.weight', 'decoder.dense_head.heads_list.0.rot.1.bias', 'decoder.dense_head.heads_list.0.vel.0.0.weight', 'decoder.dense_head.heads_list.0.vel.0.0.bias', 'decoder.dense_head.heads_list.0.vel.0.1.weight', 'decoder.dense_head.heads_list.0.vel.0.1.bias', 'decoder.dense_head.heads_list.0.vel.0.1.running_mean', 'decoder.dense_head.heads_list.0.vel.0.1.running_var', 'decoder.dense_head.heads_list.0.vel.1.weight', 'decoder.dense_head.heads_list.0.vel.1.bias', 'decoder.dense_head.heads_list.0.hm.0.0.weight', 'decoder.dense_head.heads_list.0.hm.0.0.bias', 'decoder.dense_head.heads_list.0.hm.0.1.weight', 'decoder.dense_head.heads_list.0.hm.0.1.bias', 'decoder.dense_head.heads_list.0.hm.0.1.running_mean', 'decoder.dense_head.heads_list.0.hm.0.1.running_var', 'decoder.dense_head.heads_list.0.hm.1.weight', 'decoder.dense_head.heads_list.0.hm.1.bias', 'decoder.dense_head.heads_list.1.center.0.0.weight', 'decoder.dense_head.heads_list.1.center.0.0.bias', 'decoder.dense_head.heads_list.1.center.0.1.weight', 'decoder.dense_head.heads_list.1.center.0.1.bias', 'decoder.dense_head.heads_list.1.center.0.1.running_mean', 'decoder.dense_head.heads_list.1.center.0.1.running_var', 'decoder.dense_head.heads_list.1.center.1.weight', 'decoder.dense_head.heads_list.1.center.1.bias', 'decoder.dense_head.heads_list.1.center_z.0.0.weight', 'decoder.dense_head.heads_list.1.center_z.0.0.bias', 'decoder.dense_head.heads_list.1.center_z.0.1.weight', 'decoder.dense_head.heads_list.1.center_z.0.1.bias', 'decoder.dense_head.heads_list.1.center_z.0.1.running_mean', 'decoder.dense_head.heads_list.1.center_z.0.1.running_var', 'decoder.dense_head.heads_list.1.center_z.1.weight', 'decoder.dense_head.heads_list.1.center_z.1.bias', 'decoder.dense_head.heads_list.1.dim.0.0.weight', 'decoder.dense_head.heads_list.1.dim.0.0.bias', 'decoder.dense_head.heads_list.1.dim.0.1.weight', 'decoder.dense_head.heads_list.1.dim.0.1.bias', 'decoder.dense_head.heads_list.1.dim.0.1.running_mean', 'decoder.dense_head.heads_list.1.dim.0.1.running_var', 'decoder.dense_head.heads_list.1.dim.1.weight', 'decoder.dense_head.heads_list.1.dim.1.bias', 'decoder.dense_head.heads_list.1.rot.0.0.weight', 'decoder.dense_head.heads_list.1.rot.0.0.bias', 'decoder.dense_head.heads_list.1.rot.0.1.weight', 'decoder.dense_head.heads_list.1.rot.0.1.bias', 'decoder.dense_head.heads_list.1.rot.0.1.running_mean', 'decoder.dense_head.heads_list.1.rot.0.1.running_var', 'decoder.dense_head.heads_list.1.rot.1.weight', 'decoder.dense_head.heads_list.1.rot.1.bias', 'decoder.dense_head.heads_list.1.vel.0.0.weight', 'decoder.dense_head.heads_list.1.vel.0.0.bias', 'decoder.dense_head.heads_list.1.vel.0.1.weight', 'decoder.dense_head.heads_list.1.vel.0.1.bias', 'decoder.dense_head.heads_list.1.vel.0.1.running_mean', 'decoder.dense_head.heads_list.1.vel.0.1.running_var', 'decoder.dense_head.heads_list.1.vel.1.weight', 'decoder.dense_head.heads_list.1.vel.1.bias', 'decoder.dense_head.heads_list.1.hm.0.0.weight', 'decoder.dense_head.heads_list.1.hm.0.0.bias', 'decoder.dense_head.heads_list.1.hm.0.1.weight', 'decoder.dense_head.heads_list.1.hm.0.1.bias', 'decoder.dense_head.heads_list.1.hm.0.1.running_mean', 'decoder.dense_head.heads_list.1.hm.0.1.running_var', 'decoder.dense_head.heads_list.1.hm.1.weight', 'decoder.dense_head.heads_list.1.hm.1.bias', 'decoder.dense_head.heads_list.2.center.0.0.weight', 'decoder.dense_head.heads_list.2.center.0.0.bias', 'decoder.dense_head.heads_list.2.center.0.1.weight', 'decoder.dense_head.heads_list.2.center.0.1.bias', 'decoder.dense_head.heads_list.2.center.0.1.running_mean', 'decoder.dense_head.heads_list.2.center.0.1.running_var', 'decoder.dense_head.heads_list.2.center.1.weight', 'decoder.dense_head.heads_list.2.center.1.bias', 'decoder.dense_head.heads_list.2.center_z.0.0.weight', 'decoder.dense_head.heads_list.2.center_z.0.0.bias', 'decoder.dense_head.heads_list.2.center_z.0.1.weight', 'decoder.dense_head.heads_list.2.center_z.0.1.bias', 'decoder.dense_head.heads_list.2.center_z.0.1.running_mean', 'decoder.dense_head.heads_list.2.center_z.0.1.running_var', 'decoder.dense_head.heads_list.2.center_z.1.weight', 'decoder.dense_head.heads_list.2.center_z.1.bias', 'decoder.dense_head.heads_list.2.dim.0.0.weight', 'decoder.dense_head.heads_list.2.dim.0.0.bias', 'decoder.dense_head.heads_list.2.dim.0.1.weight', 'decoder.dense_head.heads_list.2.dim.0.1.bias', 'decoder.dense_head.heads_list.2.dim.0.1.running_mean', 'decoder.dense_head.heads_list.2.dim.0.1.running_var', 'decoder.dense_head.heads_list.2.dim.1.weight', 'decoder.dense_head.heads_list.2.dim.1.bias', 'decoder.dense_head.heads_list.2.rot.0.0.weight', 'decoder.dense_head.heads_list.2.rot.0.0.bias', 'decoder.dense_head.heads_list.2.rot.0.1.weight', 'decoder.dense_head.heads_list.2.rot.0.1.bias', 'decoder.dense_head.heads_list.2.rot.0.1.running_mean', 'decoder.dense_head.heads_list.2.rot.0.1.running_var', 'decoder.dense_head.heads_list.2.rot.1.weight', 'decoder.dense_head.heads_list.2.rot.1.bias', 'decoder.dense_head.heads_list.2.vel.0.0.weight', 'decoder.dense_head.heads_list.2.vel.0.0.bias', 'decoder.dense_head.heads_list.2.vel.0.1.weight', 'decoder.dense_head.heads_list.2.vel.0.1.bias', 'decoder.dense_head.heads_list.2.vel.0.1.running_mean', 'decoder.dense_head.heads_list.2.vel.0.1.running_var', 'decoder.dense_head.heads_list.2.vel.1.weight', 'decoder.dense_head.heads_list.2.vel.1.bias', 'decoder.dense_head.heads_list.2.hm.0.0.weight', 'decoder.dense_head.heads_list.2.hm.0.0.bias', 'decoder.dense_head.heads_list.2.hm.0.1.weight', 'decoder.dense_head.heads_list.2.hm.0.1.bias', 'decoder.dense_head.heads_list.2.hm.0.1.running_mean', 'decoder.dense_head.heads_list.2.hm.0.1.running_var', 'decoder.dense_head.heads_list.2.hm.1.weight', 'decoder.dense_head.heads_list.2.hm.1.bias', 'decoder.dense_head.heads_list.3.center.0.0.weight', 'decoder.dense_head.heads_list.3.center.0.0.bias', 'decoder.dense_head.heads_list.3.center.0.1.weight', 'decoder.dense_head.heads_list.3.center.0.1.bias', 'decoder.dense_head.heads_list.3.center.0.1.running_mean', 'decoder.dense_head.heads_list.3.center.0.1.running_var', 'decoder.dense_head.heads_list.3.center.1.weight', 'decoder.dense_head.heads_list.3.center.1.bias', 'decoder.dense_head.heads_list.3.center_z.0.0.weight', 'decoder.dense_head.heads_list.3.center_z.0.0.bias', 'decoder.dense_head.heads_list.3.center_z.0.1.weight', 'decoder.dense_head.heads_list.3.center_z.0.1.bias', 'decoder.dense_head.heads_list.3.center_z.0.1.running_mean', 'decoder.dense_head.heads_list.3.center_z.0.1.running_var', 'decoder.dense_head.heads_list.3.center_z.1.weight', 'decoder.dense_head.heads_list.3.center_z.1.bias', 'decoder.dense_head.heads_list.3.dim.0.0.weight', 'decoder.dense_head.heads_list.3.dim.0.0.bias', 'decoder.dense_head.heads_list.3.dim.0.1.weight', 'decoder.dense_head.heads_list.3.dim.0.1.bias', 'decoder.dense_head.heads_list.3.dim.0.1.running_mean', 'decoder.dense_head.heads_list.3.dim.0.1.running_var', 'decoder.dense_head.heads_list.3.dim.1.weight', 'decoder.dense_head.heads_list.3.dim.1.bias', 'decoder.dense_head.heads_list.3.rot.0.0.weight', 'decoder.dense_head.heads_list.3.rot.0.0.bias', 'decoder.dense_head.heads_list.3.rot.0.1.weight', 'decoder.dense_head.heads_list.3.rot.0.1.bias', 'decoder.dense_head.heads_list.3.rot.0.1.running_mean', 'decoder.dense_head.heads_list.3.rot.0.1.running_var', 'decoder.dense_head.heads_list.3.rot.1.weight', 'decoder.dense_head.heads_list.3.rot.1.bias', 'decoder.dense_head.heads_list.3.vel.0.0.weight', 'decoder.dense_head.heads_list.3.vel.0.0.bias', 'decoder.dense_head.heads_list.3.vel.0.1.weight', 'decoder.dense_head.heads_list.3.vel.0.1.bias', 'decoder.dense_head.heads_list.3.vel.0.1.running_mean', 'decoder.dense_head.heads_list.3.vel.0.1.running_var', 'decoder.dense_head.heads_list.3.vel.1.weight', 'decoder.dense_head.heads_list.3.vel.1.bias', 'decoder.dense_head.heads_list.3.hm.0.0.weight', 'decoder.dense_head.heads_list.3.hm.0.0.bias', 'decoder.dense_head.heads_list.3.hm.0.1.weight', 'decoder.dense_head.heads_list.3.hm.0.1.bias', 'decoder.dense_head.heads_list.3.hm.0.1.running_mean', 'decoder.dense_head.heads_list.3.hm.0.1.running_var', 'decoder.dense_head.heads_list.3.hm.1.weight', 'decoder.dense_head.heads_list.3.hm.1.bias', 'decoder.dense_head.heads_list.4.center.0.0.weight', 'decoder.dense_head.heads_list.4.center.0.0.bias', 'decoder.dense_head.heads_list.4.center.0.1.weight', 'decoder.dense_head.heads_list.4.center.0.1.bias', 'decoder.dense_head.heads_list.4.center.0.1.running_mean', 'decoder.dense_head.heads_list.4.center.0.1.running_var', 'decoder.dense_head.heads_list.4.center.1.weight', 'decoder.dense_head.heads_list.4.center.1.bias', 'decoder.dense_head.heads_list.4.center_z.0.0.weight', 'decoder.dense_head.heads_list.4.center_z.0.0.bias', 'decoder.dense_head.heads_list.4.center_z.0.1.weight', 'decoder.dense_head.heads_list.4.center_z.0.1.bias', 'decoder.dense_head.heads_list.4.center_z.0.1.running_mean', 'decoder.dense_head.heads_list.4.center_z.0.1.running_var', 'decoder.dense_head.heads_list.4.center_z.1.weight', 'decoder.dense_head.heads_list.4.center_z.1.bias', 'decoder.dense_head.heads_list.4.dim.0.0.weight', 'decoder.dense_head.heads_list.4.dim.0.0.bias', 'decoder.dense_head.heads_list.4.dim.0.1.weight', 'decoder.dense_head.heads_list.4.dim.0.1.bias', 'decoder.dense_head.heads_list.4.dim.0.1.running_mean', 'decoder.dense_head.heads_list.4.dim.0.1.running_var', 'decoder.dense_head.heads_list.4.dim.1.weight', 'decoder.dense_head.heads_list.4.dim.1.bias', 'decoder.dense_head.heads_list.4.rot.0.0.weight', 'decoder.dense_head.heads_list.4.rot.0.0.bias', 'decoder.dense_head.heads_list.4.rot.0.1.weight', 'decoder.dense_head.heads_list.4.rot.0.1.bias', 'decoder.dense_head.heads_list.4.rot.0.1.running_mean', 'decoder.dense_head.heads_list.4.rot.0.1.running_var', 'decoder.dense_head.heads_list.4.rot.1.weight', 'decoder.dense_head.heads_list.4.rot.1.bias', 'decoder.dense_head.heads_list.4.vel.0.0.weight', 'decoder.dense_head.heads_list.4.vel.0.0.bias', 'decoder.dense_head.heads_list.4.vel.0.1.weight', 'decoder.dense_head.heads_list.4.vel.0.1.bias', 'decoder.dense_head.heads_list.4.vel.0.1.running_mean', 'decoder.dense_head.heads_list.4.vel.0.1.running_var', 'decoder.dense_head.heads_list.4.vel.1.weight', 'decoder.dense_head.heads_list.4.vel.1.bias', 'decoder.dense_head.heads_list.4.hm.0.0.weight', 'decoder.dense_head.heads_list.4.hm.0.0.bias', 'decoder.dense_head.heads_list.4.hm.0.1.weight', 'decoder.dense_head.heads_list.4.hm.0.1.bias', 'decoder.dense_head.heads_list.4.hm.0.1.running_mean', 'decoder.dense_head.heads_list.4.hm.0.1.running_var', 'decoder.dense_head.heads_list.4.hm.1.weight', 'decoder.dense_head.heads_list.4.hm.1.bias', 'decoder.dense_head.heads_list.5.center.0.0.weight', 'decoder.dense_head.heads_list.5.center.0.0.bias', 'decoder.dense_head.heads_list.5.center.0.1.weight', 'decoder.dense_head.heads_list.5.center.0.1.bias', 'decoder.dense_head.heads_list.5.center.0.1.running_mean', 'decoder.dense_head.heads_list.5.center.0.1.running_var', 'decoder.dense_head.heads_list.5.center.1.weight', 'decoder.dense_head.heads_list.5.center.1.bias', 'decoder.dense_head.heads_list.5.center_z.0.0.weight', 'decoder.dense_head.heads_list.5.center_z.0.0.bias', 'decoder.dense_head.heads_list.5.center_z.0.1.weight', 'decoder.dense_head.heads_list.5.center_z.0.1.bias', 'decoder.dense_head.heads_list.5.center_z.0.1.running_mean', 'decoder.dense_head.heads_list.5.center_z.0.1.running_var', 'decoder.dense_head.heads_list.5.center_z.1.weight', 'decoder.dense_head.heads_list.5.center_z.1.bias', 'decoder.dense_head.heads_list.5.dim.0.0.weight', 'decoder.dense_head.heads_list.5.dim.0.0.bias', 'decoder.dense_head.heads_list.5.dim.0.1.weight', 'decoder.dense_head.heads_list.5.dim.0.1.bias', 'decoder.dense_head.heads_list.5.dim.0.1.running_mean', 'decoder.dense_head.heads_list.5.dim.0.1.running_var', 'decoder.dense_head.heads_list.5.dim.1.weight', 'decoder.dense_head.heads_list.5.dim.1.bias', 'decoder.dense_head.heads_list.5.rot.0.0.weight', 'decoder.dense_head.heads_list.5.rot.0.0.bias', 'decoder.dense_head.heads_list.5.rot.0.1.weight', 'decoder.dense_head.heads_list.5.rot.0.1.bias', 'decoder.dense_head.heads_list.5.rot.0.1.running_mean', 'decoder.dense_head.heads_list.5.rot.0.1.running_var', 'decoder.dense_head.heads_list.5.rot.1.weight', 'decoder.dense_head.heads_list.5.rot.1.bias', 'decoder.dense_head.heads_list.5.vel.0.0.weight', 'decoder.dense_head.heads_list.5.vel.0.0.bias', 'decoder.dense_head.heads_list.5.vel.0.1.weight', 'decoder.dense_head.heads_list.5.vel.0.1.bias', 'decoder.dense_head.heads_list.5.vel.0.1.running_mean', 'decoder.dense_head.heads_list.5.vel.0.1.running_var', 'decoder.dense_head.heads_list.5.vel.1.weight', 'decoder.dense_head.heads_list.5.vel.1.bias', 'decoder.dense_head.heads_list.5.hm.0.0.weight', 'decoder.dense_head.heads_list.5.hm.0.0.bias', 'decoder.dense_head.heads_list.5.hm.0.1.weight', 'decoder.dense_head.heads_list.5.hm.0.1.bias', 'decoder.dense_head.heads_list.5.hm.0.1.running_mean', 'decoder.dense_head.heads_list.5.hm.0.1.running_var', 'decoder.dense_head.heads_list.5.hm.1.weight', 'decoder.dense_head.heads_list.5.hm.1.bias', 'map_decoder.pts_bbox_head.code_weights', 'map_decoder.pts_bbox_head.loss_seg.loss_fn.pos_weight', 'map_decoder.pts_bbox_head.loss_pv_seg.loss_fn.pos_weight', 'map_decoder.pts_bbox_head.map_adapter_layers.0.0.weight', 'map_decoder.pts_bbox_head.map_adapter_layers.0.0.bias', 'map_decoder.pts_bbox_head.map_adapter_layers.0.1.weight', 'map_decoder.pts_bbox_head.map_adapter_layers.0.1.bias', 'map_decoder.pts_bbox_head.map_adapter_layers.0.1.running_mean', 'map_decoder.pts_bbox_head.map_adapter_layers.0.1.running_var', 'map_decoder.pts_bbox_head.map_adapter_layers.1.weight', 'map_decoder.pts_bbox_head.map_adapter_layers.1.bias', 'map_decoder.pts_bbox_head.cls_branches.0.weight', 'map_decoder.pts_bbox_head.cls_branches.0.bias', 'map_decoder.pts_bbox_head.cls_branches.1.weight', 'map_decoder.pts_bbox_head.cls_branches.1.bias', 'map_decoder.pts_bbox_head.cls_branches.3.weight', 'map_decoder.pts_bbox_head.cls_branches.3.bias', 'map_decoder.pts_bbox_head.cls_branches.4.weight', 'map_decoder.pts_bbox_head.cls_branches.4.bias', 'map_decoder.pts_bbox_head.cls_branches.6.weight', 'map_decoder.pts_bbox_head.cls_branches.6.bias', 'map_decoder.pts_bbox_head.reg_branches.0.weight', 'map_decoder.pts_bbox_head.reg_branches.0.bias', 'map_decoder.pts_bbox_head.reg_branches.2.weight', 'map_decoder.pts_bbox_head.reg_branches.2.bias', 'map_decoder.pts_bbox_head.reg_branches.4.weight', 'map_decoder.pts_bbox_head.reg_branches.4.bias', 'map_decoder.pts_bbox_head.reg_branches.6.weight', 'map_decoder.pts_bbox_head.reg_branches.6.bias', 'planner_head.ego_query.weight', 'planner_head.ego_agent_decoder.layers.0.attentions.0.attn.in_proj_weight', 'planner_head.ego_agent_decoder.layers.0.attentions.0.attn.in_proj_bias', 'planner_head.ego_agent_decoder.layers.0.attentions.0.attn.out_proj.weight', 'planner_head.ego_agent_decoder.layers.0.attentions.0.attn.out_proj.bias', 'planner_head.ego_agent_decoder.layers.0.ffns.0.layers.0.0.weight', 'planner_head.ego_agent_decoder.layers.0.ffns.0.layers.0.0.bias', 'planner_head.ego_agent_decoder.layers.0.ffns.0.layers.1.weight', 'planner_head.ego_agent_decoder.layers.0.ffns.0.layers.1.bias', 'planner_head.ego_agent_decoder.layers.0.norms.0.weight', 'planner_head.ego_agent_decoder.layers.0.norms.0.bias', 'planner_head.ego_agent_decoder.layers.0.norms.1.weight', 'planner_head.ego_agent_decoder.layers.0.norms.1.bias', 'planner_head.ego_map_decoder.layers.0.attentions.0.attn.in_proj_weight', 'planner_head.ego_map_decoder.layers.0.attentions.0.attn.in_proj_bias', 'planner_head.ego_map_decoder.layers.0.attentions.0.attn.out_proj.weight', 'planner_head.ego_map_decoder.layers.0.attentions.0.attn.out_proj.bias', 'planner_head.ego_map_decoder.layers.0.ffns.0.layers.0.0.weight', 'planner_head.ego_map_decoder.layers.0.ffns.0.layers.0.0.bias', 'planner_head.ego_map_decoder.layers.0.ffns.0.layers.1.weight', 'planner_head.ego_map_decoder.layers.0.ffns.0.layers.1.bias', 'planner_head.ego_map_decoder.layers.0.norms.0.weight', 'planner_head.ego_map_decoder.layers.0.norms.0.bias', 'planner_head.ego_map_decoder.layers.0.norms.1.weight', 'planner_head.ego_map_decoder.layers.0.norms.1.bias', 'planner_head.ego_gaussian_decoder.layers.0.attentions.0.attn.in_proj_weight', 'planner_head.ego_gaussian_decoder.layers.0.attentions.0.attn.in_proj_bias', 'planner_head.ego_gaussian_decoder.layers.0.attentions.0.attn.out_proj.weight', 'planner_head.ego_gaussian_decoder.layers.0.attentions.0.attn.out_proj.bias', 'planner_head.ego_gaussian_decoder.layers.0.ffns.0.layers.0.0.weight', 'planner_head.ego_gaussian_decoder.layers.0.ffns.0.layers.0.0.bias', 'planner_head.ego_gaussian_decoder.layers.0.ffns.0.layers.1.weight', 'planner_head.ego_gaussian_decoder.layers.0.ffns.0.layers.1.bias', 'planner_head.ego_gaussian_decoder.layers.0.norms.0.weight', 'planner_head.ego_gaussian_decoder.layers.0.norms.0.bias', 'planner_head.ego_gaussian_decoder.layers.0.norms.1.weight', 'planner_head.ego_gaussian_decoder.layers.0.norms.1.bias', 'planner_head.ego_fut_decoder.0.weight', 'planner_head.ego_fut_decoder.0.bias', 'planner_head.ego_fut_decoder.2.weight', 'planner_head.ego_fut_decoder.2.bias', 'planner_head.ego_fut_decoder.4.weight', 'planner_head.ego_fut_decoder.4.bias', 'planner_head.agent_fus_mlp.0.weight', 'planner_head.agent_fus_mlp.0.bias', 'planner_head.agent_fus_mlp.1.weight', 'planner_head.agent_fus_mlp.1.bias', 'planner_head.agent_fus_mlp.3.weight', 'planner_head.agent_fus_mlp.3.bias', 'planner_head.map_fus_mlp.0.weight', 'planner_head.map_fus_mlp.0.bias', 'planner_head.map_fus_mlp.1.weight', 'planner_head.map_fus_mlp.1.bias', 'planner_head.map_fus_mlp.3.weight', 'planner_head.map_fus_mlp.3.bias', 'planner_head.gaussian_fus_mlp.0.weight', 'planner_head.gaussian_fus_mlp.0.bias', 'planner_head.gaussian_fus_mlp.1.weight', 'planner_head.gaussian_fus_mlp.1.bias', 'planner_head.gaussian_fus_mlp.3.weight', 'planner_head.gaussian_fus_mlp.3.bias'], unexpected_keys=['bbox_head.bld_alpha', 'bbox_head.cls_convs.0.conv.weight', 'bbox_head.cls_convs.0.conv.bias', 'bbox_head.cls_convs.0.gn.weight', 'bbox_head.cls_convs.0.gn.bias', 'bbox_head.cls_convs.1.conv.weight', 'bbox_head.cls_convs.1.conv.bias', 'bbox_head.cls_convs.1.conv.conv_offset.weight', 'bbox_head.cls_convs.1.conv.conv_offset.bias', 'bbox_head.cls_convs.1.gn.weight', 'bbox_head.cls_convs.1.gn.bias', 'bbox_head.reg_convs.0.conv.weight', 'bbox_head.reg_convs.0.conv.bias', 'bbox_head.reg_convs.0.gn.weight', 'bbox_head.reg_convs.0.gn.bias', 'bbox_head.reg_convs.1.conv.weight', 'bbox_head.reg_convs.1.conv.bias', 'bbox_head.reg_convs.1.conv.conv_offset.weight', 'bbox_head.reg_convs.1.conv.conv_offset.bias', 'bbox_head.reg_convs.1.gn.weight', 'bbox_head.reg_convs.1.gn.bias', 'bbox_head.conv_cls_prev.0.conv.weight', 'bbox_head.conv_cls_prev.0.conv.bias', 'bbox_head.conv_cls_prev.0.gn.weight', 'bbox_head.conv_cls_prev.0.gn.bias', 'bbox_head.conv_cls.weight', 'bbox_head.conv_cls.bias', 'bbox_head.conv_reg_prevs.0.0.conv.weight', 'bbox_head.conv_reg_prevs.0.0.conv.bias', 'bbox_head.conv_reg_prevs.0.0.gn.weight', 'bbox_head.conv_reg_prevs.0.0.gn.bias', 'bbox_head.conv_reg_prevs.1.0.conv.weight', 'bbox_head.conv_reg_prevs.1.0.conv.bias', 'bbox_head.conv_reg_prevs.1.0.gn.weight', 'bbox_head.conv_reg_prevs.1.0.gn.bias', 'bbox_head.conv_reg_prevs.2.0.conv.weight', 'bbox_head.conv_reg_prevs.2.0.conv.bias', 'bbox_head.conv_reg_prevs.2.0.gn.weight', 'bbox_head.conv_reg_prevs.2.0.gn.bias', 'bbox_head.conv_reg_prevs.3.0.conv.weight', 'bbox_head.conv_reg_prevs.3.0.conv.bias', 'bbox_head.conv_reg_prevs.3.0.gn.weight', 'bbox_head.conv_reg_prevs.3.0.gn.bias', 'bbox_head.conv_reg_prevs.5.0.conv.weight', 'bbox_head.conv_reg_prevs.5.0.conv.bias', 'bbox_head.conv_reg_prevs.5.0.gn.weight', 'bbox_head.conv_reg_prevs.5.0.gn.bias', 'bbox_head.conv_regs.0.weight', 'bbox_head.conv_regs.0.bias', 'bbox_head.conv_regs.1.weight', 'bbox_head.conv_regs.1.bias', 'bbox_head.conv_regs.2.weight', 'bbox_head.conv_regs.2.bias', 'bbox_head.conv_regs.3.weight', 'bbox_head.conv_regs.3.bias', 'bbox_head.conv_regs.4.weight', 'bbox_head.conv_regs.4.bias', 'bbox_head.conv_regs.5.weight', 'bbox_head.conv_regs.5.bias', 'bbox_head.conv_dir_cls_prev.0.conv.weight', 'bbox_head.conv_dir_cls_prev.0.conv.bias', 'bbox_head.conv_dir_cls_prev.0.gn.weight', 'bbox_head.conv_dir_cls_prev.0.gn.bias', 'bbox_head.conv_dir_cls.weight', 'bbox_head.conv_dir_cls.bias', 'bbox_head.conv_attr_prev.0.conv.weight', 'bbox_head.conv_attr_prev.0.conv.bias', 'bbox_head.conv_attr_prev.0.gn.weight', 'bbox_head.conv_attr_prev.0.gn.bias', 'bbox_head.conv_attr.weight', 'bbox_head.conv_attr.bias', 'bbox_head.conv_depth_cls_prev.0.conv.weight', 'bbox_head.conv_depth_cls_prev.0.conv.bias', 'bbox_head.conv_depth_cls_prev.0.gn.weight', 'bbox_head.conv_depth_cls_prev.0.gn.bias', 'bbox_head.conv_depth_cls.weight', 'bbox_head.conv_depth_cls.bias', 'bbox_head.conv_centerness_prev.0.conv.weight', 'bbox_head.conv_centerness_prev.0.conv.bias', 'bbox_head.conv_centerness_prev.0.gn.weight', 'bbox_head.conv_centerness_prev.0.gn.bias', 'bbox_head.conv_centerness.weight', 'bbox_head.conv_centerness.bias', 'bbox_head.scales.0.0.scale', 'bbox_head.scales.0.1.scale', 'bbox_head.scales.0.2.scale', 'bbox_head.scales.0.3.scale', 'bbox_head.scales.1.0.scale', 'bbox_head.scales.1.1.scale', 'bbox_head.scales.1.2.scale', 'bbox_head.scales.1.3.scale', 'bbox_head.scales.2.0.scale', 'bbox_head.scales.2.1.scale', 'bbox_head.scales.2.2.scale', 'bbox_head.scales.2.3.scale', 'bbox_head.scales.3.0.scale', 'bbox_head.scales.3.1.scale', 'bbox_head.scales.3.2.scale', 'bbox_head.scales.3.3.scale', 'bbox_head.scales.4.0.scale', 'bbox_head.scales.4.1.scale', 'bbox_head.scales.4.2.scale', 'bbox_head.scales.4.3.scale'])
tensor([1.0155, 1.0690, 1.3001, 1.0725, 0.9464, 1.1009, 1.2696, 1.0626, 1.1890,
        1.0622, 1.0060, 0.8571, 1.0392, 0.9087, 0.8936, 0.8549, 0.8528, 0.5000])
tensor([1.0155, 1.0690, 1.3001, 1.0725, 0.9464, 1.1009, 1.2696, 1.0626, 1.1890,
        1.0622, 1.0060, 0.8571, 1.0392, 0.9087, 0.8936, 0.8549, 0.8528, 0.5000])
_IncompatibleKeys(missing_keys=['img_neck.lateral_convs.0.conv.weight', 'img_neck.lateral_convs.0.conv.bias', 'img_neck.lateral_convs.1.conv.weight', 'img_neck.lateral_convs.1.conv.bias', 'img_neck.lateral_convs.2.conv.weight', 'img_neck.lateral_convs.2.conv.bias', 'img_neck.fpn_convs.0.conv.weight', 'img_neck.fpn_convs.0.conv.bias', 'img_neck.fpn_convs.1.conv.weight', 'img_neck.fpn_convs.1.conv.bias', 'img_neck.fpn_convs.2.conv.weight', 'img_neck.fpn_convs.2.conv.bias', 'img_neck.fpn_convs.3.conv.weight', 'img_neck.fpn_convs.3.conv.bias', 'lifter.anchor', 'encoder.anchor_encoder.xyz_fc.0.weight', 'encoder.anchor_encoder.xyz_fc.0.bias', 'encoder.anchor_encoder.xyz_fc.2.weight', 'encoder.anchor_encoder.xyz_fc.2.bias', 'encoder.anchor_encoder.xyz_fc.3.weight', 'encoder.anchor_encoder.xyz_fc.3.bias', 'encoder.anchor_encoder.xyz_fc.5.weight', 'encoder.anchor_encoder.xyz_fc.5.bias', 'encoder.anchor_encoder.scale_fc.0.weight', 'encoder.anchor_encoder.scale_fc.0.bias', 'encoder.anchor_encoder.scale_fc.2.weight', 'encoder.anchor_encoder.scale_fc.2.bias', 'encoder.anchor_encoder.scale_fc.3.weight', 'encoder.anchor_encoder.scale_fc.3.bias', 'encoder.anchor_encoder.scale_fc.5.weight', 'encoder.anchor_encoder.scale_fc.5.bias', 'encoder.anchor_encoder.rot_fc.0.weight', 'encoder.anchor_encoder.rot_fc.0.bias', 'encoder.anchor_encoder.rot_fc.2.weight', 'encoder.anchor_encoder.rot_fc.2.bias', 'encoder.anchor_encoder.rot_fc.3.weight', 'encoder.anchor_encoder.rot_fc.3.bias', 'encoder.anchor_encoder.rot_fc.5.weight', 'encoder.anchor_encoder.rot_fc.5.bias', 'encoder.anchor_encoder.opacity_fc.0.weight', 'encoder.anchor_encoder.opacity_fc.0.bias', 'encoder.anchor_encoder.opacity_fc.2.weight', 'encoder.anchor_encoder.opacity_fc.2.bias', 'encoder.anchor_encoder.opacity_fc.3.weight', 'encoder.anchor_encoder.opacity_fc.3.bias', 'encoder.anchor_encoder.opacity_fc.5.weight', 'encoder.anchor_encoder.opacity_fc.5.bias', 'encoder.anchor_encoder.semantics_fc.0.weight', 'encoder.anchor_encoder.semantics_fc.0.bias', 'encoder.anchor_encoder.semantics_fc.2.weight', 'encoder.anchor_encoder.semantics_fc.2.bias', 'encoder.anchor_encoder.semantics_fc.3.weight', 'encoder.anchor_encoder.semantics_fc.3.bias', 'encoder.anchor_encoder.semantics_fc.5.weight', 'encoder.anchor_encoder.semantics_fc.5.bias', 'encoder.anchor_encoder.offset_fc.0.weight', 'encoder.anchor_encoder.offset_fc.0.bias', 'encoder.anchor_encoder.offset_fc.2.weight', 'encoder.anchor_encoder.offset_fc.2.bias', 'encoder.anchor_encoder.offset_fc.3.weight', 'encoder.anchor_encoder.offset_fc.3.bias', 'encoder.anchor_encoder.offset_fc.5.weight', 'encoder.anchor_encoder.offset_fc.5.bias', 'encoder.anchor_encoder.output_fc.0.weight', 'encoder.anchor_encoder.output_fc.0.bias', 'encoder.anchor_encoder.output_fc.2.weight', 'encoder.anchor_encoder.output_fc.2.bias', 'encoder.anchor_encoder.output_fc.3.weight', 'encoder.anchor_encoder.output_fc.3.bias', 'encoder.anchor_encoder.output_fc.5.weight', 'encoder.anchor_encoder.output_fc.5.bias', 'encoder.layers.0.kps_generator.learnable_fc.weight', 'encoder.layers.0.kps_generator.learnable_fc.bias', 'encoder.layers.0.output_proj.weight', 'encoder.layers.0.output_proj.bias', 'encoder.layers.0.camera_encoder.0.weight', 'encoder.layers.0.camera_encoder.0.bias', 'encoder.layers.0.camera_encoder.2.weight', 'encoder.layers.0.camera_encoder.2.bias', 'encoder.layers.0.camera_encoder.3.weight', 'encoder.layers.0.camera_encoder.3.bias', 'encoder.layers.0.camera_encoder.5.weight', 'encoder.layers.0.camera_encoder.5.bias', 'encoder.layers.0.weights_fc.weight', 'encoder.layers.0.weights_fc.bias', 'encoder.layers.1.pre_norm.weight', 'encoder.layers.1.pre_norm.bias', 'encoder.layers.1.layers.0.0.weight', 'encoder.layers.1.layers.0.0.bias', 'encoder.layers.1.layers.1.weight', 'encoder.layers.1.layers.1.bias', 'encoder.layers.1.identity_fc.weight', 'encoder.layers.1.identity_fc.bias', 'encoder.layers.2.weight', 'encoder.layers.2.bias', 'encoder.layers.3.layers.0.weight', 'encoder.layers.3.layers.0.bias', 'encoder.layers.3.layers.2.weight', 'encoder.layers.3.layers.2.bias', 'encoder.layers.3.layers.4.weight', 'encoder.layers.3.layers.4.bias', 'encoder.layers.3.layers.5.weight', 'encoder.layers.3.layers.5.bias', 'encoder.layers.3.layers.7.weight', 'encoder.layers.3.layers.7.bias', 'encoder.layers.3.layers.9.weight', 'encoder.layers.3.layers.9.bias', 'encoder.layers.3.layers.10.weight', 'encoder.layers.3.layers.10.bias', 'encoder.layers.3.layers.11.scale', 'encoder.layers.4.layers.0.weight', 'encoder.layers.4.layers.0.bias', 'encoder.layers.4.layers.1.weight', 'encoder.layers.4.layers.1.bias', 'encoder.layers.4.layers.3.weight', 'encoder.layers.4.layers.3.bias', 'encoder.layers.4.layers.4.weight', 'encoder.layers.4.layers.4.bias', 'encoder.layers.4.layers.6.weight', 'encoder.layers.4.layers.6.bias', 'encoder.layers.4.layers.7.weight', 'encoder.layers.4.layers.7.bias', 'encoder.layers.4.output_proj.weight', 'encoder.layers.4.output_proj.bias', 'encoder.layers.5.weight', 'encoder.layers.5.bias', 'encoder.layers.6.kps_generator.learnable_fc.weight', 'encoder.layers.6.kps_generator.learnable_fc.bias', 'encoder.layers.6.output_proj.weight', 'encoder.layers.6.output_proj.bias', 'encoder.layers.6.camera_encoder.0.weight', 'encoder.layers.6.camera_encoder.0.bias', 'encoder.layers.6.camera_encoder.2.weight', 'encoder.layers.6.camera_encoder.2.bias', 'encoder.layers.6.camera_encoder.3.weight', 'encoder.layers.6.camera_encoder.3.bias', 'encoder.layers.6.camera_encoder.5.weight', 'encoder.layers.6.camera_encoder.5.bias', 'encoder.layers.6.weights_fc.weight', 'encoder.layers.6.weights_fc.bias', 'encoder.layers.7.pre_norm.weight', 'encoder.layers.7.pre_norm.bias', 'encoder.layers.7.layers.0.0.weight', 'encoder.layers.7.layers.0.0.bias', 'encoder.layers.7.layers.1.weight', 'encoder.layers.7.layers.1.bias', 'encoder.layers.7.identity_fc.weight', 'encoder.layers.7.identity_fc.bias', 'encoder.layers.8.weight', 'encoder.layers.8.bias', 'encoder.layers.9.layers.0.weight', 'encoder.layers.9.layers.0.bias', 'encoder.layers.9.layers.2.weight', 'encoder.layers.9.layers.2.bias', 'encoder.layers.9.layers.4.weight', 'encoder.layers.9.layers.4.bias', 'encoder.layers.9.layers.5.weight', 'encoder.layers.9.layers.5.bias', 'encoder.layers.9.layers.7.weight', 'encoder.layers.9.layers.7.bias', 'encoder.layers.9.layers.9.weight', 'encoder.layers.9.layers.9.bias', 'encoder.layers.9.layers.10.weight', 'encoder.layers.9.layers.10.bias', 'encoder.layers.9.layers.11.scale', 'encoder.layers.10.layers.0.weight', 'encoder.layers.10.layers.0.bias', 'encoder.layers.10.layers.1.weight', 'encoder.layers.10.layers.1.bias', 'encoder.layers.10.layers.3.weight', 'encoder.layers.10.layers.3.bias', 'encoder.layers.10.layers.4.weight', 'encoder.layers.10.layers.4.bias', 'encoder.layers.10.layers.6.weight', 'encoder.layers.10.layers.6.bias', 'encoder.layers.10.layers.7.weight', 'encoder.layers.10.layers.7.bias', 'encoder.layers.10.output_proj.weight', 'encoder.layers.10.output_proj.bias', 'encoder.layers.11.weight', 'encoder.layers.11.bias', 'encoder.layers.12.kps_generator.learnable_fc.weight', 'encoder.layers.12.kps_generator.learnable_fc.bias', 'encoder.layers.12.output_proj.weight', 'encoder.layers.12.output_proj.bias', 'encoder.layers.12.camera_encoder.0.weight', 'encoder.layers.12.camera_encoder.0.bias', 'encoder.layers.12.camera_encoder.2.weight', 'encoder.layers.12.camera_encoder.2.bias', 'encoder.layers.12.camera_encoder.3.weight', 'encoder.layers.12.camera_encoder.3.bias', 'encoder.layers.12.camera_encoder.5.weight', 'encoder.layers.12.camera_encoder.5.bias', 'encoder.layers.12.weights_fc.weight', 'encoder.layers.12.weights_fc.bias', 'encoder.layers.13.pre_norm.weight', 'encoder.layers.13.pre_norm.bias', 'encoder.layers.13.layers.0.0.weight', 'encoder.layers.13.layers.0.0.bias', 'encoder.layers.13.layers.1.weight', 'encoder.layers.13.layers.1.bias', 'encoder.layers.13.identity_fc.weight', 'encoder.layers.13.identity_fc.bias', 'encoder.layers.14.weight', 'encoder.layers.14.bias', 'encoder.layers.15.layers.0.weight', 'encoder.layers.15.layers.0.bias', 'encoder.layers.15.layers.2.weight', 'encoder.layers.15.layers.2.bias', 'encoder.layers.15.layers.4.weight', 'encoder.layers.15.layers.4.bias', 'encoder.layers.15.layers.5.weight', 'encoder.layers.15.layers.5.bias', 'encoder.layers.15.layers.7.weight', 'encoder.layers.15.layers.7.bias', 'encoder.layers.15.layers.9.weight', 'encoder.layers.15.layers.9.bias', 'encoder.layers.15.layers.10.weight', 'encoder.layers.15.layers.10.bias', 'encoder.layers.15.layers.11.scale', 'encoder.layers.16.layers.0.weight', 'encoder.layers.16.layers.0.bias', 'encoder.layers.16.layers.1.weight', 'encoder.layers.16.layers.1.bias', 'encoder.layers.16.layers.3.weight', 'encoder.layers.16.layers.3.bias', 'encoder.layers.16.layers.4.weight', 'encoder.layers.16.layers.4.bias', 'encoder.layers.16.layers.6.weight', 'encoder.layers.16.layers.6.bias', 'encoder.layers.16.layers.7.weight', 'encoder.layers.16.layers.7.bias', 'encoder.layers.16.output_proj.weight', 'encoder.layers.16.output_proj.bias', 'encoder.layers.17.weight', 'encoder.layers.17.bias', 'encoder.layers.18.kps_generator.learnable_fc.weight', 'encoder.layers.18.kps_generator.learnable_fc.bias', 'encoder.layers.18.output_proj.weight', 'encoder.layers.18.output_proj.bias', 'encoder.layers.18.camera_encoder.0.weight', 'encoder.layers.18.camera_encoder.0.bias', 'encoder.layers.18.camera_encoder.2.weight', 'encoder.layers.18.camera_encoder.2.bias', 'encoder.layers.18.camera_encoder.3.weight', 'encoder.layers.18.camera_encoder.3.bias', 'encoder.layers.18.camera_encoder.5.weight', 'encoder.layers.18.camera_encoder.5.bias', 'encoder.layers.18.weights_fc.weight', 'encoder.layers.18.weights_fc.bias', 'encoder.layers.19.pre_norm.weight', 'encoder.layers.19.pre_norm.bias', 'encoder.layers.19.layers.0.0.weight', 'encoder.layers.19.layers.0.0.bias', 'encoder.layers.19.layers.1.weight', 'encoder.layers.19.layers.1.bias', 'encoder.layers.19.identity_fc.weight', 'encoder.layers.19.identity_fc.bias', 'encoder.layers.20.weight', 'encoder.layers.20.bias', 'encoder.layers.21.layers.0.weight', 'encoder.layers.21.layers.0.bias', 'encoder.layers.21.layers.2.weight', 'encoder.layers.21.layers.2.bias', 'encoder.layers.21.layers.4.weight', 'encoder.layers.21.layers.4.bias', 'encoder.layers.21.layers.5.weight', 'encoder.layers.21.layers.5.bias', 'encoder.layers.21.layers.7.weight', 'encoder.layers.21.layers.7.bias', 'encoder.layers.21.layers.9.weight', 'encoder.layers.21.layers.9.bias', 'encoder.layers.21.layers.10.weight', 'encoder.layers.21.layers.10.bias', 'encoder.layers.21.layers.11.scale', 'temporal_encoder.anchor_encoder.xyz_fc.0.weight', 'temporal_encoder.anchor_encoder.xyz_fc.0.bias', 'temporal_encoder.anchor_encoder.xyz_fc.2.weight', 'temporal_encoder.anchor_encoder.xyz_fc.2.bias', 'temporal_encoder.anchor_encoder.xyz_fc.3.weight', 'temporal_encoder.anchor_encoder.xyz_fc.3.bias', 'temporal_encoder.anchor_encoder.xyz_fc.5.weight', 'temporal_encoder.anchor_encoder.xyz_fc.5.bias', 'temporal_encoder.anchor_encoder.scale_fc.0.weight', 'temporal_encoder.anchor_encoder.scale_fc.0.bias', 'temporal_encoder.anchor_encoder.scale_fc.2.weight', 'temporal_encoder.anchor_encoder.scale_fc.2.bias', 'temporal_encoder.anchor_encoder.scale_fc.3.weight', 'temporal_encoder.anchor_encoder.scale_fc.3.bias', 'temporal_encoder.anchor_encoder.scale_fc.5.weight', 'temporal_encoder.anchor_encoder.scale_fc.5.bias', 'temporal_encoder.anchor_encoder.rot_fc.0.weight', 'temporal_encoder.anchor_encoder.rot_fc.0.bias', 'temporal_encoder.anchor_encoder.rot_fc.2.weight', 'temporal_encoder.anchor_encoder.rot_fc.2.bias', 'temporal_encoder.anchor_encoder.rot_fc.3.weight', 'temporal_encoder.anchor_encoder.rot_fc.3.bias', 'temporal_encoder.anchor_encoder.rot_fc.5.weight', 'temporal_encoder.anchor_encoder.rot_fc.5.bias', 'temporal_encoder.anchor_encoder.opacity_fc.0.weight', 'temporal_encoder.anchor_encoder.opacity_fc.0.bias', 'temporal_encoder.anchor_encoder.opacity_fc.2.weight', 'temporal_encoder.anchor_encoder.opacity_fc.2.bias', 'temporal_encoder.anchor_encoder.opacity_fc.3.weight', 'temporal_encoder.anchor_encoder.opacity_fc.3.bias', 'temporal_encoder.anchor_encoder.opacity_fc.5.weight', 'temporal_encoder.anchor_encoder.opacity_fc.5.bias', 'temporal_encoder.anchor_encoder.semantics_fc.0.weight', 'temporal_encoder.anchor_encoder.semantics_fc.0.bias', 'temporal_encoder.anchor_encoder.semantics_fc.2.weight', 'temporal_encoder.anchor_encoder.semantics_fc.2.bias', 'temporal_encoder.anchor_encoder.semantics_fc.3.weight', 'temporal_encoder.anchor_encoder.semantics_fc.3.bias', 'temporal_encoder.anchor_encoder.semantics_fc.5.weight', 'temporal_encoder.anchor_encoder.semantics_fc.5.bias', 'temporal_encoder.anchor_encoder.offset_fc.0.weight', 'temporal_encoder.anchor_encoder.offset_fc.0.bias', 'temporal_encoder.anchor_encoder.offset_fc.2.weight', 'temporal_encoder.anchor_encoder.offset_fc.2.bias', 'temporal_encoder.anchor_encoder.offset_fc.3.weight', 'temporal_encoder.anchor_encoder.offset_fc.3.bias', 'temporal_encoder.anchor_encoder.offset_fc.5.weight', 'temporal_encoder.anchor_encoder.offset_fc.5.bias', 'temporal_encoder.anchor_encoder.output_fc.0.weight', 'temporal_encoder.anchor_encoder.output_fc.0.bias', 'temporal_encoder.anchor_encoder.output_fc.2.weight', 'temporal_encoder.anchor_encoder.output_fc.2.bias', 'temporal_encoder.anchor_encoder.output_fc.3.weight', 'temporal_encoder.anchor_encoder.output_fc.3.bias', 'temporal_encoder.anchor_encoder.output_fc.5.weight', 'temporal_encoder.anchor_encoder.output_fc.5.bias', 'temporal_encoder.layers.0.layers.0.weight', 'temporal_encoder.layers.0.layers.1.weight', 'temporal_encoder.layers.0.layers.1.bias', 'temporal_encoder.layers.0.layers.3.weight', 'temporal_encoder.layers.0.layers.4.weight', 'temporal_encoder.layers.0.layers.4.bias', 'temporal_encoder.layers.0.layers.6.weight', 'temporal_encoder.layers.0.layers.7.weight', 'temporal_encoder.layers.0.layers.7.bias', 'temporal_encoder.layers.0.output_proj.weight', 'temporal_encoder.layers.0.output_proj.bias', 'temporal_encoder.layers.1.layers.0.weight', 'temporal_encoder.layers.1.layers.0.bias', 'temporal_encoder.layers.1.layers.2.weight', 'temporal_encoder.layers.1.layers.2.bias', 'temporal_encoder.layers.1.layers.4.weight', 'temporal_encoder.layers.1.layers.4.bias', 'temporal_encoder.layers.1.layers.5.weight', 'temporal_encoder.layers.1.layers.5.bias', 'temporal_encoder.layers.1.layers.7.weight', 'temporal_encoder.layers.1.layers.7.bias', 'temporal_encoder.layers.1.layers.9.weight', 'temporal_encoder.layers.1.layers.9.bias', 'temporal_encoder.layers.1.layers.10.weight', 'temporal_encoder.layers.1.layers.10.bias', 'temporal_encoder.layers.1.layers.11.scale', 'temporal_encoder.layers.2.layers.0.weight', 'temporal_encoder.layers.2.layers.1.weight', 'temporal_encoder.layers.2.layers.1.bias', 'temporal_encoder.layers.2.layers.3.weight', 'temporal_encoder.layers.2.layers.4.weight', 'temporal_encoder.layers.2.layers.4.bias', 'temporal_encoder.layers.2.layers.6.weight', 'temporal_encoder.layers.2.layers.7.weight', 'temporal_encoder.layers.2.layers.7.bias', 'temporal_encoder.layers.2.output_proj.weight', 'temporal_encoder.layers.2.output_proj.bias', 'temporal_encoder.layers.3.layers.0.weight', 'temporal_encoder.layers.3.layers.0.bias', 'temporal_encoder.layers.3.layers.2.weight', 'temporal_encoder.layers.3.layers.2.bias', 'temporal_encoder.layers.3.layers.4.weight', 'temporal_encoder.layers.3.layers.4.bias', 'temporal_encoder.layers.3.layers.5.weight', 'temporal_encoder.layers.3.layers.5.bias', 'temporal_encoder.layers.3.layers.7.weight', 'temporal_encoder.layers.3.layers.7.bias', 'temporal_encoder.layers.3.layers.9.weight', 'temporal_encoder.layers.3.layers.9.bias', 'temporal_encoder.layers.3.layers.10.weight', 'temporal_encoder.layers.3.layers.10.bias', 'temporal_encoder.layers.3.layers.11.scale', 'temporal_encoder.layers.4.layers.0.weight', 'temporal_encoder.layers.4.layers.1.weight', 'temporal_encoder.layers.4.layers.1.bias', 'temporal_encoder.layers.4.layers.3.weight', 'temporal_encoder.layers.4.layers.4.weight', 'temporal_encoder.layers.4.layers.4.bias', 'temporal_encoder.layers.4.layers.6.weight', 'temporal_encoder.layers.4.layers.7.weight', 'temporal_encoder.layers.4.layers.7.bias', 'temporal_encoder.layers.4.output_proj.weight', 'temporal_encoder.layers.4.output_proj.bias', 'temporal_encoder.layers.5.layers.0.weight', 'temporal_encoder.layers.5.layers.0.bias', 'temporal_encoder.layers.5.layers.2.weight', 'temporal_encoder.layers.5.layers.2.bias', 'temporal_encoder.layers.5.layers.4.weight', 'temporal_encoder.layers.5.layers.4.bias', 'temporal_encoder.layers.5.layers.5.weight', 'temporal_encoder.layers.5.layers.5.bias', 'temporal_encoder.layers.5.layers.7.weight', 'temporal_encoder.layers.5.layers.7.bias', 'temporal_encoder.layers.5.layers.9.weight', 'temporal_encoder.layers.5.layers.9.bias', 'temporal_encoder.layers.5.layers.10.weight', 'temporal_encoder.layers.5.layers.10.bias', 'temporal_encoder.layers.5.layers.11.scale', 'head.empty_scalar', 'head.empty_mean', 'head.empty_scale', 'head.empty_rot', 'head.empty_sem', 'head.empty_opa', 'head.pc_min', 'head.grid_size', 'head.zero_tensor', 'head.aggregator.pc_min', 'decoder.global_step', 'decoder.backbone_3d.conv_input.0.weight', 'decoder.backbone_3d.conv_input.1.weight', 'decoder.backbone_3d.conv_input.1.bias', 'decoder.backbone_3d.conv_input.1.running_mean', 'decoder.backbone_3d.conv_input.1.running_var', 'decoder.backbone_3d.conv1.0.conv1.weight', 'decoder.backbone_3d.conv1.0.conv1.bias', 'decoder.backbone_3d.conv1.0.bn1.weight', 'decoder.backbone_3d.conv1.0.bn1.bias', 'decoder.backbone_3d.conv1.0.bn1.running_mean', 'decoder.backbone_3d.conv1.0.bn1.running_var', 'decoder.backbone_3d.conv1.0.conv2.weight', 'decoder.backbone_3d.conv1.0.conv2.bias', 'decoder.backbone_3d.conv1.0.bn2.weight', 'decoder.backbone_3d.conv1.0.bn2.bias', 'decoder.backbone_3d.conv1.0.bn2.running_mean', 'decoder.backbone_3d.conv1.0.bn2.running_var', 'decoder.backbone_3d.conv1.1.conv1.weight', 'decoder.backbone_3d.conv1.1.conv1.bias', 'decoder.backbone_3d.conv1.1.bn1.weight', 'decoder.backbone_3d.conv1.1.bn1.bias', 'decoder.backbone_3d.conv1.1.bn1.running_mean', 'decoder.backbone_3d.conv1.1.bn1.running_var', 'decoder.backbone_3d.conv1.1.conv2.weight', 'decoder.backbone_3d.conv1.1.conv2.bias', 'decoder.backbone_3d.conv1.1.bn2.weight', 'decoder.backbone_3d.conv1.1.bn2.bias', 'decoder.backbone_3d.conv1.1.bn2.running_mean', 'decoder.backbone_3d.conv1.1.bn2.running_var', 'decoder.backbone_3d.conv2.0.0.weight', 'decoder.backbone_3d.conv2.0.1.weight', 'decoder.backbone_3d.conv2.0.1.bias', 'decoder.backbone_3d.conv2.0.1.running_mean', 'decoder.backbone_3d.conv2.0.1.running_var', 'decoder.backbone_3d.conv2.1.conv1.weight', 'decoder.backbone_3d.conv2.1.conv1.bias', 'decoder.backbone_3d.conv2.1.bn1.weight', 'decoder.backbone_3d.conv2.1.bn1.bias', 'decoder.backbone_3d.conv2.1.bn1.running_mean', 'decoder.backbone_3d.conv2.1.bn1.running_var', 'decoder.backbone_3d.conv2.1.conv2.weight', 'decoder.backbone_3d.conv2.1.conv2.bias', 'decoder.backbone_3d.conv2.1.bn2.weight', 'decoder.backbone_3d.conv2.1.bn2.bias', 'decoder.backbone_3d.conv2.1.bn2.running_mean', 'decoder.backbone_3d.conv2.1.bn2.running_var', 'decoder.backbone_3d.conv2.2.conv1.weight', 'decoder.backbone_3d.conv2.2.conv1.bias', 'decoder.backbone_3d.conv2.2.bn1.weight', 'decoder.backbone_3d.conv2.2.bn1.bias', 'decoder.backbone_3d.conv2.2.bn1.running_mean', 'decoder.backbone_3d.conv2.2.bn1.running_var', 'decoder.backbone_3d.conv2.2.conv2.weight', 'decoder.backbone_3d.conv2.2.conv2.bias', 'decoder.backbone_3d.conv2.2.bn2.weight', 'decoder.backbone_3d.conv2.2.bn2.bias', 'decoder.backbone_3d.conv2.2.bn2.running_mean', 'decoder.backbone_3d.conv2.2.bn2.running_var', 'decoder.backbone_3d.conv3.0.0.weight', 'decoder.backbone_3d.conv3.0.1.weight', 'decoder.backbone_3d.conv3.0.1.bias', 'decoder.backbone_3d.conv3.0.1.running_mean', 'decoder.backbone_3d.conv3.0.1.running_var', 'decoder.backbone_3d.conv3.1.conv1.weight', 'decoder.backbone_3d.conv3.1.conv1.bias', 'decoder.backbone_3d.conv3.1.bn1.weight', 'decoder.backbone_3d.conv3.1.bn1.bias', 'decoder.backbone_3d.conv3.1.bn1.running_mean', 'decoder.backbone_3d.conv3.1.bn1.running_var', 'decoder.backbone_3d.conv3.1.conv2.weight', 'decoder.backbone_3d.conv3.1.conv2.bias', 'decoder.backbone_3d.conv3.1.bn2.weight', 'decoder.backbone_3d.conv3.1.bn2.bias', 'decoder.backbone_3d.conv3.1.bn2.running_mean', 'decoder.backbone_3d.conv3.1.bn2.running_var', 'decoder.backbone_3d.conv3.2.conv1.weight', 'decoder.backbone_3d.conv3.2.conv1.bias', 'decoder.backbone_3d.conv3.2.bn1.weight', 'decoder.backbone_3d.conv3.2.bn1.bias', 'decoder.backbone_3d.conv3.2.bn1.running_mean', 'decoder.backbone_3d.conv3.2.bn1.running_var', 'decoder.backbone_3d.conv3.2.conv2.weight', 'decoder.backbone_3d.conv3.2.conv2.bias', 'decoder.backbone_3d.conv3.2.bn2.weight', 'decoder.backbone_3d.conv3.2.bn2.bias', 'decoder.backbone_3d.conv3.2.bn2.running_mean', 'decoder.backbone_3d.conv3.2.bn2.running_var', 'decoder.backbone_3d.conv4.0.0.weight', 'decoder.backbone_3d.conv4.0.1.weight', 'decoder.backbone_3d.conv4.0.1.bias', 'decoder.backbone_3d.conv4.0.1.running_mean', 'decoder.backbone_3d.conv4.0.1.running_var', 'decoder.backbone_3d.conv4.1.conv1.weight', 'decoder.backbone_3d.conv4.1.conv1.bias', 'decoder.backbone_3d.conv4.1.bn1.weight', 'decoder.backbone_3d.conv4.1.bn1.bias', 'decoder.backbone_3d.conv4.1.bn1.running_mean', 'decoder.backbone_3d.conv4.1.bn1.running_var', 'decoder.backbone_3d.conv4.1.conv2.weight', 'decoder.backbone_3d.conv4.1.conv2.bias', 'decoder.backbone_3d.conv4.1.bn2.weight', 'decoder.backbone_3d.conv4.1.bn2.bias', 'decoder.backbone_3d.conv4.1.bn2.running_mean', 'decoder.backbone_3d.conv4.1.bn2.running_var', 'decoder.backbone_3d.conv4.2.conv1.weight', 'decoder.backbone_3d.conv4.2.conv1.bias', 'decoder.backbone_3d.conv4.2.bn1.weight', 'decoder.backbone_3d.conv4.2.bn1.bias', 'decoder.backbone_3d.conv4.2.bn1.running_mean', 'decoder.backbone_3d.conv4.2.bn1.running_var', 'decoder.backbone_3d.conv4.2.conv2.weight', 'decoder.backbone_3d.conv4.2.conv2.bias', 'decoder.backbone_3d.conv4.2.bn2.weight', 'decoder.backbone_3d.conv4.2.bn2.bias', 'decoder.backbone_3d.conv4.2.bn2.running_mean', 'decoder.backbone_3d.conv4.2.bn2.running_var', 'decoder.backbone_3d.conv5.0.0.weight', 'decoder.backbone_3d.conv5.0.1.weight', 'decoder.backbone_3d.conv5.0.1.bias', 'decoder.backbone_3d.conv5.0.1.running_mean', 'decoder.backbone_3d.conv5.0.1.running_var', 'decoder.backbone_3d.conv5.1.conv1.weight', 'decoder.backbone_3d.conv5.1.conv1.bias', 'decoder.backbone_3d.conv5.1.bn1.weight', 'decoder.backbone_3d.conv5.1.bn1.bias', 'decoder.backbone_3d.conv5.1.bn1.running_mean', 'decoder.backbone_3d.conv5.1.bn1.running_var', 'decoder.backbone_3d.conv5.1.conv2.weight', 'decoder.backbone_3d.conv5.1.conv2.bias', 'decoder.backbone_3d.conv5.1.bn2.weight', 'decoder.backbone_3d.conv5.1.bn2.bias', 'decoder.backbone_3d.conv5.1.bn2.running_mean', 'decoder.backbone_3d.conv5.1.bn2.running_var', 'decoder.backbone_3d.conv5.2.conv1.weight', 'decoder.backbone_3d.conv5.2.conv1.bias', 'decoder.backbone_3d.conv5.2.bn1.weight', 'decoder.backbone_3d.conv5.2.bn1.bias', 'decoder.backbone_3d.conv5.2.bn1.running_mean', 'decoder.backbone_3d.conv5.2.bn1.running_var', 'decoder.backbone_3d.conv5.2.conv2.weight', 'decoder.backbone_3d.conv5.2.conv2.bias', 'decoder.backbone_3d.conv5.2.bn2.weight', 'decoder.backbone_3d.conv5.2.bn2.bias', 'decoder.backbone_3d.conv5.2.bn2.running_mean', 'decoder.backbone_3d.conv5.2.bn2.running_var', 'decoder.backbone_3d.conv6.0.0.weight', 'decoder.backbone_3d.conv6.0.1.weight', 'decoder.backbone_3d.conv6.0.1.bias', 'decoder.backbone_3d.conv6.0.1.running_mean', 'decoder.backbone_3d.conv6.0.1.running_var', 'decoder.backbone_3d.conv6.1.conv1.weight', 'decoder.backbone_3d.conv6.1.conv1.bias', 'decoder.backbone_3d.conv6.1.bn1.weight', 'decoder.backbone_3d.conv6.1.bn1.bias', 'decoder.backbone_3d.conv6.1.bn1.running_mean', 'decoder.backbone_3d.conv6.1.bn1.running_var', 'decoder.backbone_3d.conv6.1.conv2.weight', 'decoder.backbone_3d.conv6.1.conv2.bias', 'decoder.backbone_3d.conv6.1.bn2.weight', 'decoder.backbone_3d.conv6.1.bn2.bias', 'decoder.backbone_3d.conv6.1.bn2.running_mean', 'decoder.backbone_3d.conv6.1.bn2.running_var', 'decoder.backbone_3d.conv6.2.conv1.weight', 'decoder.backbone_3d.conv6.2.conv1.bias', 'decoder.backbone_3d.conv6.2.bn1.weight', 'decoder.backbone_3d.conv6.2.bn1.bias', 'decoder.backbone_3d.conv6.2.bn1.running_mean', 'decoder.backbone_3d.conv6.2.bn1.running_var', 'decoder.backbone_3d.conv6.2.conv2.weight', 'decoder.backbone_3d.conv6.2.conv2.bias', 'decoder.backbone_3d.conv6.2.bn2.weight', 'decoder.backbone_3d.conv6.2.bn2.bias', 'decoder.backbone_3d.conv6.2.bn2.running_mean', 'decoder.backbone_3d.conv6.2.bn2.running_var', 'decoder.backbone_3d.conv_out.0.weight', 'decoder.backbone_3d.conv_out.1.weight', 'decoder.backbone_3d.conv_out.1.bias', 'decoder.backbone_3d.conv_out.1.running_mean', 'decoder.backbone_3d.conv_out.1.running_var', 'decoder.backbone_3d.shared_conv.0.weight', 'decoder.backbone_3d.shared_conv.0.bias', 'decoder.backbone_3d.shared_conv.1.weight', 'decoder.backbone_3d.shared_conv.1.bias', 'decoder.backbone_3d.shared_conv.1.running_mean', 'decoder.backbone_3d.shared_conv.1.running_var', 'decoder.dense_head.heads_list.0.center.0.0.weight', 'decoder.dense_head.heads_list.0.center.0.0.bias', 'decoder.dense_head.heads_list.0.center.0.1.weight', 'decoder.dense_head.heads_list.0.center.0.1.bias', 'decoder.dense_head.heads_list.0.center.0.1.running_mean', 'decoder.dense_head.heads_list.0.center.0.1.running_var', 'decoder.dense_head.heads_list.0.center.1.weight', 'decoder.dense_head.heads_list.0.center.1.bias', 'decoder.dense_head.heads_list.0.center_z.0.0.weight', 'decoder.dense_head.heads_list.0.center_z.0.0.bias', 'decoder.dense_head.heads_list.0.center_z.0.1.weight', 'decoder.dense_head.heads_list.0.center_z.0.1.bias', 'decoder.dense_head.heads_list.0.center_z.0.1.running_mean', 'decoder.dense_head.heads_list.0.center_z.0.1.running_var', 'decoder.dense_head.heads_list.0.center_z.1.weight', 'decoder.dense_head.heads_list.0.center_z.1.bias', 'decoder.dense_head.heads_list.0.dim.0.0.weight', 'decoder.dense_head.heads_list.0.dim.0.0.bias', 'decoder.dense_head.heads_list.0.dim.0.1.weight', 'decoder.dense_head.heads_list.0.dim.0.1.bias', 'decoder.dense_head.heads_list.0.dim.0.1.running_mean', 'decoder.dense_head.heads_list.0.dim.0.1.running_var', 'decoder.dense_head.heads_list.0.dim.1.weight', 'decoder.dense_head.heads_list.0.dim.1.bias', 'decoder.dense_head.heads_list.0.rot.0.0.weight', 'decoder.dense_head.heads_list.0.rot.0.0.bias', 'decoder.dense_head.heads_list.0.rot.0.1.weight', 'decoder.dense_head.heads_list.0.rot.0.1.bias', 'decoder.dense_head.heads_list.0.rot.0.1.running_mean', 'decoder.dense_head.heads_list.0.rot.0.1.running_var', 'decoder.dense_head.heads_list.0.rot.1.weight', 'decoder.dense_head.heads_list.0.rot.1.bias', 'decoder.dense_head.heads_list.0.vel.0.0.weight', 'decoder.dense_head.heads_list.0.vel.0.0.bias', 'decoder.dense_head.heads_list.0.vel.0.1.weight', 'decoder.dense_head.heads_list.0.vel.0.1.bias', 'decoder.dense_head.heads_list.0.vel.0.1.running_mean', 'decoder.dense_head.heads_list.0.vel.0.1.running_var', 'decoder.dense_head.heads_list.0.vel.1.weight', 'decoder.dense_head.heads_list.0.vel.1.bias', 'decoder.dense_head.heads_list.0.hm.0.0.weight', 'decoder.dense_head.heads_list.0.hm.0.0.bias', 'decoder.dense_head.heads_list.0.hm.0.1.weight', 'decoder.dense_head.heads_list.0.hm.0.1.bias', 'decoder.dense_head.heads_list.0.hm.0.1.running_mean', 'decoder.dense_head.heads_list.0.hm.0.1.running_var', 'decoder.dense_head.heads_list.0.hm.1.weight', 'decoder.dense_head.heads_list.0.hm.1.bias', 'decoder.dense_head.heads_list.1.center.0.0.weight', 'decoder.dense_head.heads_list.1.center.0.0.bias', 'decoder.dense_head.heads_list.1.center.0.1.weight', 'decoder.dense_head.heads_list.1.center.0.1.bias', 'decoder.dense_head.heads_list.1.center.0.1.running_mean', 'decoder.dense_head.heads_list.1.center.0.1.running_var', 'decoder.dense_head.heads_list.1.center.1.weight', 'decoder.dense_head.heads_list.1.center.1.bias', 'decoder.dense_head.heads_list.1.center_z.0.0.weight', 'decoder.dense_head.heads_list.1.center_z.0.0.bias', 'decoder.dense_head.heads_list.1.center_z.0.1.weight', 'decoder.dense_head.heads_list.1.center_z.0.1.bias', 'decoder.dense_head.heads_list.1.center_z.0.1.running_mean', 'decoder.dense_head.heads_list.1.center_z.0.1.running_var', 'decoder.dense_head.heads_list.1.center_z.1.weight', 'decoder.dense_head.heads_list.1.center_z.1.bias', 'decoder.dense_head.heads_list.1.dim.0.0.weight', 'decoder.dense_head.heads_list.1.dim.0.0.bias', 'decoder.dense_head.heads_list.1.dim.0.1.weight', 'decoder.dense_head.heads_list.1.dim.0.1.bias', 'decoder.dense_head.heads_list.1.dim.0.1.running_mean', 'decoder.dense_head.heads_list.1.dim.0.1.running_var', 'decoder.dense_head.heads_list.1.dim.1.weight', 'decoder.dense_head.heads_list.1.dim.1.bias', 'decoder.dense_head.heads_list.1.rot.0.0.weight', 'decoder.dense_head.heads_list.1.rot.0.0.bias', 'decoder.dense_head.heads_list.1.rot.0.1.weight', 'decoder.dense_head.heads_list.1.rot.0.1.bias', 'decoder.dense_head.heads_list.1.rot.0.1.running_mean', 'decoder.dense_head.heads_list.1.rot.0.1.running_var', 'decoder.dense_head.heads_list.1.rot.1.weight', 'decoder.dense_head.heads_list.1.rot.1.bias', 'decoder.dense_head.heads_list.1.vel.0.0.weight', 'decoder.dense_head.heads_list.1.vel.0.0.bias', 'decoder.dense_head.heads_list.1.vel.0.1.weight', 'decoder.dense_head.heads_list.1.vel.0.1.bias', 'decoder.dense_head.heads_list.1.vel.0.1.running_mean', 'decoder.dense_head.heads_list.1.vel.0.1.running_var', 'decoder.dense_head.heads_list.1.vel.1.weight', 'decoder.dense_head.heads_list.1.vel.1.bias', 'decoder.dense_head.heads_list.1.hm.0.0.weight', 'decoder.dense_head.heads_list.1.hm.0.0.bias', 'decoder.dense_head.heads_list.1.hm.0.1.weight', 'decoder.dense_head.heads_list.1.hm.0.1.bias', 'decoder.dense_head.heads_list.1.hm.0.1.running_mean', 'decoder.dense_head.heads_list.1.hm.0.1.running_var', 'decoder.dense_head.heads_list.1.hm.1.weight', 'decoder.dense_head.heads_list.1.hm.1.bias', 'decoder.dense_head.heads_list.2.center.0.0.weight', 'decoder.dense_head.heads_list.2.center.0.0.bias', 'decoder.dense_head.heads_list.2.center.0.1.weight', 'decoder.dense_head.heads_list.2.center.0.1.bias', 'decoder.dense_head.heads_list.2.center.0.1.running_mean', 'decoder.dense_head.heads_list.2.center.0.1.running_var', 'decoder.dense_head.heads_list.2.center.1.weight', 'decoder.dense_head.heads_list.2.center.1.bias', 'decoder.dense_head.heads_list.2.center_z.0.0.weight', 'decoder.dense_head.heads_list.2.center_z.0.0.bias', 'decoder.dense_head.heads_list.2.center_z.0.1.weight', 'decoder.dense_head.heads_list.2.center_z.0.1.bias', 'decoder.dense_head.heads_list.2.center_z.0.1.running_mean', 'decoder.dense_head.heads_list.2.center_z.0.1.running_var', 'decoder.dense_head.heads_list.2.center_z.1.weight', 'decoder.dense_head.heads_list.2.center_z.1.bias', 'decoder.dense_head.heads_list.2.dim.0.0.weight', 'decoder.dense_head.heads_list.2.dim.0.0.bias', 'decoder.dense_head.heads_list.2.dim.0.1.weight', 'decoder.dense_head.heads_list.2.dim.0.1.bias', 'decoder.dense_head.heads_list.2.dim.0.1.running_mean', 'decoder.dense_head.heads_list.2.dim.0.1.running_var', 'decoder.dense_head.heads_list.2.dim.1.weight', 'decoder.dense_head.heads_list.2.dim.1.bias', 'decoder.dense_head.heads_list.2.rot.0.0.weight', 'decoder.dense_head.heads_list.2.rot.0.0.bias', 'decoder.dense_head.heads_list.2.rot.0.1.weight', 'decoder.dense_head.heads_list.2.rot.0.1.bias', 'decoder.dense_head.heads_list.2.rot.0.1.running_mean', 'decoder.dense_head.heads_list.2.rot.0.1.running_var', 'decoder.dense_head.heads_list.2.rot.1.weight', 'decoder.dense_head.heads_list.2.rot.1.bias', 'decoder.dense_head.heads_list.2.vel.0.0.weight', 'decoder.dense_head.heads_list.2.vel.0.0.bias', 'decoder.dense_head.heads_list.2.vel.0.1.weight', 'decoder.dense_head.heads_list.2.vel.0.1.bias', 'decoder.dense_head.heads_list.2.vel.0.1.running_mean', 'decoder.dense_head.heads_list.2.vel.0.1.running_var', 'decoder.dense_head.heads_list.2.vel.1.weight', 'decoder.dense_head.heads_list.2.vel.1.bias', 'decoder.dense_head.heads_list.2.hm.0.0.weight', 'decoder.dense_head.heads_list.2.hm.0.0.bias', 'decoder.dense_head.heads_list.2.hm.0.1.weight', 'decoder.dense_head.heads_list.2.hm.0.1.bias', 'decoder.dense_head.heads_list.2.hm.0.1.running_mean', 'decoder.dense_head.heads_list.2.hm.0.1.running_var', 'decoder.dense_head.heads_list.2.hm.1.weight', 'decoder.dense_head.heads_list.2.hm.1.bias', 'decoder.dense_head.heads_list.3.center.0.0.weight', 'decoder.dense_head.heads_list.3.center.0.0.bias', 'decoder.dense_head.heads_list.3.center.0.1.weight', 'decoder.dense_head.heads_list.3.center.0.1.bias', 'decoder.dense_head.heads_list.3.center.0.1.running_mean', 'decoder.dense_head.heads_list.3.center.0.1.running_var', 'decoder.dense_head.heads_list.3.center.1.weight', 'decoder.dense_head.heads_list.3.center.1.bias', 'decoder.dense_head.heads_list.3.center_z.0.0.weight', 'decoder.dense_head.heads_list.3.center_z.0.0.bias', 'decoder.dense_head.heads_list.3.center_z.0.1.weight', 'decoder.dense_head.heads_list.3.center_z.0.1.bias', 'decoder.dense_head.heads_list.3.center_z.0.1.running_mean', 'decoder.dense_head.heads_list.3.center_z.0.1.running_var', 'decoder.dense_head.heads_list.3.center_z.1.weight', 'decoder.dense_head.heads_list.3.center_z.1.bias', 'decoder.dense_head.heads_list.3.dim.0.0.weight', 'decoder.dense_head.heads_list.3.dim.0.0.bias', 'decoder.dense_head.heads_list.3.dim.0.1.weight', 'decoder.dense_head.heads_list.3.dim.0.1.bias', 'decoder.dense_head.heads_list.3.dim.0.1.running_mean', 'decoder.dense_head.heads_list.3.dim.0.1.running_var', 'decoder.dense_head.heads_list.3.dim.1.weight', 'decoder.dense_head.heads_list.3.dim.1.bias', 'decoder.dense_head.heads_list.3.rot.0.0.weight', 'decoder.dense_head.heads_list.3.rot.0.0.bias', 'decoder.dense_head.heads_list.3.rot.0.1.weight', 'decoder.dense_head.heads_list.3.rot.0.1.bias', 'decoder.dense_head.heads_list.3.rot.0.1.running_mean', 'decoder.dense_head.heads_list.3.rot.0.1.running_var', 'decoder.dense_head.heads_list.3.rot.1.weight', 'decoder.dense_head.heads_list.3.rot.1.bias', 'decoder.dense_head.heads_list.3.vel.0.0.weight', 'decoder.dense_head.heads_list.3.vel.0.0.bias', 'decoder.dense_head.heads_list.3.vel.0.1.weight', 'decoder.dense_head.heads_list.3.vel.0.1.bias', 'decoder.dense_head.heads_list.3.vel.0.1.running_mean', 'decoder.dense_head.heads_list.3.vel.0.1.running_var', 'decoder.dense_head.heads_list.3.vel.1.weight', 'decoder.dense_head.heads_list.3.vel.1.bias', 'decoder.dense_head.heads_list.3.hm.0.0.weight', 'decoder.dense_head.heads_list.3.hm.0.0.bias', 'decoder.dense_head.heads_list.3.hm.0.1.weight', 'decoder.dense_head.heads_list.3.hm.0.1.bias', 'decoder.dense_head.heads_list.3.hm.0.1.running_mean', 'decoder.dense_head.heads_list.3.hm.0.1.running_var', 'decoder.dense_head.heads_list.3.hm.1.weight', 'decoder.dense_head.heads_list.3.hm.1.bias', 'decoder.dense_head.heads_list.4.center.0.0.weight', 'decoder.dense_head.heads_list.4.center.0.0.bias', 'decoder.dense_head.heads_list.4.center.0.1.weight', 'decoder.dense_head.heads_list.4.center.0.1.bias', 'decoder.dense_head.heads_list.4.center.0.1.running_mean', 'decoder.dense_head.heads_list.4.center.0.1.running_var', 'decoder.dense_head.heads_list.4.center.1.weight', 'decoder.dense_head.heads_list.4.center.1.bias', 'decoder.dense_head.heads_list.4.center_z.0.0.weight', 'decoder.dense_head.heads_list.4.center_z.0.0.bias', 'decoder.dense_head.heads_list.4.center_z.0.1.weight', 'decoder.dense_head.heads_list.4.center_z.0.1.bias', 'decoder.dense_head.heads_list.4.center_z.0.1.running_mean', 'decoder.dense_head.heads_list.4.center_z.0.1.running_var', 'decoder.dense_head.heads_list.4.center_z.1.weight', 'decoder.dense_head.heads_list.4.center_z.1.bias', 'decoder.dense_head.heads_list.4.dim.0.0.weight', 'decoder.dense_head.heads_list.4.dim.0.0.bias', 'decoder.dense_head.heads_list.4.dim.0.1.weight', 'decoder.dense_head.heads_list.4.dim.0.1.bias', 'decoder.dense_head.heads_list.4.dim.0.1.running_mean', 'decoder.dense_head.heads_list.4.dim.0.1.running_var', 'decoder.dense_head.heads_list.4.dim.1.weight', 'decoder.dense_head.heads_list.4.dim.1.bias', 'decoder.dense_head.heads_list.4.rot.0.0.weight', 'decoder.dense_head.heads_list.4.rot.0.0.bias', 'decoder.dense_head.heads_list.4.rot.0.1.weight', 'decoder.dense_head.heads_list.4.rot.0.1.bias', 'decoder.dense_head.heads_list.4.rot.0.1.running_mean', 'decoder.dense_head.heads_list.4.rot.0.1.running_var', 'decoder.dense_head.heads_list.4.rot.1.weight', 'decoder.dense_head.heads_list.4.rot.1.bias', 'decoder.dense_head.heads_list.4.vel.0.0.weight', 'decoder.dense_head.heads_list.4.vel.0.0.bias', 'decoder.dense_head.heads_list.4.vel.0.1.weight', 'decoder.dense_head.heads_list.4.vel.0.1.bias', 'decoder.dense_head.heads_list.4.vel.0.1.running_mean', 'decoder.dense_head.heads_list.4.vel.0.1.running_var', 'decoder.dense_head.heads_list.4.vel.1.weight', 'decoder.dense_head.heads_list.4.vel.1.bias', 'decoder.dense_head.heads_list.4.hm.0.0.weight', 'decoder.dense_head.heads_list.4.hm.0.0.bias', 'decoder.dense_head.heads_list.4.hm.0.1.weight', 'decoder.dense_head.heads_list.4.hm.0.1.bias', 'decoder.dense_head.heads_list.4.hm.0.1.running_mean', 'decoder.dense_head.heads_list.4.hm.0.1.running_var', 'decoder.dense_head.heads_list.4.hm.1.weight', 'decoder.dense_head.heads_list.4.hm.1.bias', 'decoder.dense_head.heads_list.5.center.0.0.weight', 'decoder.dense_head.heads_list.5.center.0.0.bias', 'decoder.dense_head.heads_list.5.center.0.1.weight', 'decoder.dense_head.heads_list.5.center.0.1.bias', 'decoder.dense_head.heads_list.5.center.0.1.running_mean', 'decoder.dense_head.heads_list.5.center.0.1.running_var', 'decoder.dense_head.heads_list.5.center.1.weight', 'decoder.dense_head.heads_list.5.center.1.bias', 'decoder.dense_head.heads_list.5.center_z.0.0.weight', 'decoder.dense_head.heads_list.5.center_z.0.0.bias', 'decoder.dense_head.heads_list.5.center_z.0.1.weight', 'decoder.dense_head.heads_list.5.center_z.0.1.bias', 'decoder.dense_head.heads_list.5.center_z.0.1.running_mean', 'decoder.dense_head.heads_list.5.center_z.0.1.running_var', 'decoder.dense_head.heads_list.5.center_z.1.weight', 'decoder.dense_head.heads_list.5.center_z.1.bias', 'decoder.dense_head.heads_list.5.dim.0.0.weight', 'decoder.dense_head.heads_list.5.dim.0.0.bias', 'decoder.dense_head.heads_list.5.dim.0.1.weight', 'decoder.dense_head.heads_list.5.dim.0.1.bias', 'decoder.dense_head.heads_list.5.dim.0.1.running_mean', 'decoder.dense_head.heads_list.5.dim.0.1.running_var', 'decoder.dense_head.heads_list.5.dim.1.weight', 'decoder.dense_head.heads_list.5.dim.1.bias', 'decoder.dense_head.heads_list.5.rot.0.0.weight', 'decoder.dense_head.heads_list.5.rot.0.0.bias', 'decoder.dense_head.heads_list.5.rot.0.1.weight', 'decoder.dense_head.heads_list.5.rot.0.1.bias', 'decoder.dense_head.heads_list.5.rot.0.1.running_mean', 'decoder.dense_head.heads_list.5.rot.0.1.running_var', 'decoder.dense_head.heads_list.5.rot.1.weight', 'decoder.dense_head.heads_list.5.rot.1.bias', 'decoder.dense_head.heads_list.5.vel.0.0.weight', 'decoder.dense_head.heads_list.5.vel.0.0.bias', 'decoder.dense_head.heads_list.5.vel.0.1.weight', 'decoder.dense_head.heads_list.5.vel.0.1.bias', 'decoder.dense_head.heads_list.5.vel.0.1.running_mean', 'decoder.dense_head.heads_list.5.vel.0.1.running_var', 'decoder.dense_head.heads_list.5.vel.1.weight', 'decoder.dense_head.heads_list.5.vel.1.bias', 'decoder.dense_head.heads_list.5.hm.0.0.weight', 'decoder.dense_head.heads_list.5.hm.0.0.bias', 'decoder.dense_head.heads_list.5.hm.0.1.weight', 'decoder.dense_head.heads_list.5.hm.0.1.bias', 'decoder.dense_head.heads_list.5.hm.0.1.running_mean', 'decoder.dense_head.heads_list.5.hm.0.1.running_var', 'decoder.dense_head.heads_list.5.hm.1.weight', 'decoder.dense_head.heads_list.5.hm.1.bias', 'map_decoder.pts_bbox_head.code_weights', 'map_decoder.pts_bbox_head.loss_seg.loss_fn.pos_weight', 'map_decoder.pts_bbox_head.loss_pv_seg.loss_fn.pos_weight', 'map_decoder.pts_bbox_head.map_adapter_layers.0.0.weight', 'map_decoder.pts_bbox_head.map_adapter_layers.0.0.bias', 'map_decoder.pts_bbox_head.map_adapter_layers.0.1.weight', 'map_decoder.pts_bbox_head.map_adapter_layers.0.1.bias', 'map_decoder.pts_bbox_head.map_adapter_layers.0.1.running_mean', 'map_decoder.pts_bbox_head.map_adapter_layers.0.1.running_var', 'map_decoder.pts_bbox_head.map_adapter_layers.1.weight', 'map_decoder.pts_bbox_head.map_adapter_layers.1.bias', 'map_decoder.pts_bbox_head.cls_branches.0.weight', 'map_decoder.pts_bbox_head.cls_branches.0.bias', 'map_decoder.pts_bbox_head.cls_branches.1.weight', 'map_decoder.pts_bbox_head.cls_branches.1.bias', 'map_decoder.pts_bbox_head.cls_branches.3.weight', 'map_decoder.pts_bbox_head.cls_branches.3.bias', 'map_decoder.pts_bbox_head.cls_branches.4.weight', 'map_decoder.pts_bbox_head.cls_branches.4.bias', 'map_decoder.pts_bbox_head.cls_branches.6.weight', 'map_decoder.pts_bbox_head.cls_branches.6.bias', 'map_decoder.pts_bbox_head.reg_branches.0.weight', 'map_decoder.pts_bbox_head.reg_branches.0.bias', 'map_decoder.pts_bbox_head.reg_branches.2.weight', 'map_decoder.pts_bbox_head.reg_branches.2.bias', 'map_decoder.pts_bbox_head.reg_branches.4.weight', 'map_decoder.pts_bbox_head.reg_branches.4.bias', 'map_decoder.pts_bbox_head.reg_branches.6.weight', 'map_decoder.pts_bbox_head.reg_branches.6.bias', 'planner_head.ego_query.weight', 'planner_head.ego_agent_decoder.layers.0.attentions.0.attn.in_proj_weight', 'planner_head.ego_agent_decoder.layers.0.attentions.0.attn.in_proj_bias', 'planner_head.ego_agent_decoder.layers.0.attentions.0.attn.out_proj.weight', 'planner_head.ego_agent_decoder.layers.0.attentions.0.attn.out_proj.bias', 'planner_head.ego_agent_decoder.layers.0.ffns.0.layers.0.0.weight', 'planner_head.ego_agent_decoder.layers.0.ffns.0.layers.0.0.bias', 'planner_head.ego_agent_decoder.layers.0.ffns.0.layers.1.weight', 'planner_head.ego_agent_decoder.layers.0.ffns.0.layers.1.bias', 'planner_head.ego_agent_decoder.layers.0.norms.0.weight', 'planner_head.ego_agent_decoder.layers.0.norms.0.bias', 'planner_head.ego_agent_decoder.layers.0.norms.1.weight', 'planner_head.ego_agent_decoder.layers.0.norms.1.bias', 'planner_head.ego_map_decoder.layers.0.attentions.0.attn.in_proj_weight', 'planner_head.ego_map_decoder.layers.0.attentions.0.attn.in_proj_bias', 'planner_head.ego_map_decoder.layers.0.attentions.0.attn.out_proj.weight', 'planner_head.ego_map_decoder.layers.0.attentions.0.attn.out_proj.bias', 'planner_head.ego_map_decoder.layers.0.ffns.0.layers.0.0.weight', 'planner_head.ego_map_decoder.layers.0.ffns.0.layers.0.0.bias', 'planner_head.ego_map_decoder.layers.0.ffns.0.layers.1.weight', 'planner_head.ego_map_decoder.layers.0.ffns.0.layers.1.bias', 'planner_head.ego_map_decoder.layers.0.norms.0.weight', 'planner_head.ego_map_decoder.layers.0.norms.0.bias', 'planner_head.ego_map_decoder.layers.0.norms.1.weight', 'planner_head.ego_map_decoder.layers.0.norms.1.bias', 'planner_head.ego_gaussian_decoder.layers.0.attentions.0.attn.in_proj_weight', 'planner_head.ego_gaussian_decoder.layers.0.attentions.0.attn.in_proj_bias', 'planner_head.ego_gaussian_decoder.layers.0.attentions.0.attn.out_proj.weight', 'planner_head.ego_gaussian_decoder.layers.0.attentions.0.attn.out_proj.bias', 'planner_head.ego_gaussian_decoder.layers.0.ffns.0.layers.0.0.weight', 'planner_head.ego_gaussian_decoder.layers.0.ffns.0.layers.0.0.bias', 'planner_head.ego_gaussian_decoder.layers.0.ffns.0.layers.1.weight', 'planner_head.ego_gaussian_decoder.layers.0.ffns.0.layers.1.bias', 'planner_head.ego_gaussian_decoder.layers.0.norms.0.weight', 'planner_head.ego_gaussian_decoder.layers.0.norms.0.bias', 'planner_head.ego_gaussian_decoder.layers.0.norms.1.weight', 'planner_head.ego_gaussian_decoder.layers.0.norms.1.bias', 'planner_head.ego_fut_decoder.0.weight', 'planner_head.ego_fut_decoder.0.bias', 'planner_head.ego_fut_decoder.2.weight', 'planner_head.ego_fut_decoder.2.bias', 'planner_head.ego_fut_decoder.4.weight', 'planner_head.ego_fut_decoder.4.bias', 'planner_head.agent_fus_mlp.0.weight', 'planner_head.agent_fus_mlp.0.bias', 'planner_head.agent_fus_mlp.1.weight', 'planner_head.agent_fus_mlp.1.bias', 'planner_head.agent_fus_mlp.3.weight', 'planner_head.agent_fus_mlp.3.bias', 'planner_head.map_fus_mlp.0.weight', 'planner_head.map_fus_mlp.0.bias', 'planner_head.map_fus_mlp.1.weight', 'planner_head.map_fus_mlp.1.bias', 'planner_head.map_fus_mlp.3.weight', 'planner_head.map_fus_mlp.3.bias', 'planner_head.gaussian_fus_mlp.0.weight', 'planner_head.gaussian_fus_mlp.0.bias', 'planner_head.gaussian_fus_mlp.1.weight', 'planner_head.gaussian_fus_mlp.1.bias', 'planner_head.gaussian_fus_mlp.3.weight', 'planner_head.gaussian_fus_mlp.3.bias'], unexpected_keys=['bbox_head.bld_alpha', 'bbox_head.cls_convs.0.conv.weight', 'bbox_head.cls_convs.0.conv.bias', 'bbox_head.cls_convs.0.gn.weight', 'bbox_head.cls_convs.0.gn.bias', 'bbox_head.cls_convs.1.conv.weight', 'bbox_head.cls_convs.1.conv.bias', 'bbox_head.cls_convs.1.conv.conv_offset.weight', 'bbox_head.cls_convs.1.conv.conv_offset.bias', 'bbox_head.cls_convs.1.gn.weight', 'bbox_head.cls_convs.1.gn.bias', 'bbox_head.reg_convs.0.conv.weight', 'bbox_head.reg_convs.0.conv.bias', 'bbox_head.reg_convs.0.gn.weight', 'bbox_head.reg_convs.0.gn.bias', 'bbox_head.reg_convs.1.conv.weight', 'bbox_head.reg_convs.1.conv.bias', 'bbox_head.reg_convs.1.conv.conv_offset.weight', 'bbox_head.reg_convs.1.conv.conv_offset.bias', 'bbox_head.reg_convs.1.gn.weight', 'bbox_head.reg_convs.1.gn.bias', 'bbox_head.conv_cls_prev.0.conv.weight', 'bbox_head.conv_cls_prev.0.conv.bias', 'bbox_head.conv_cls_prev.0.gn.weight', 'bbox_head.conv_cls_prev.0.gn.bias', 'bbox_head.conv_cls.weight', 'bbox_head.conv_cls.bias', 'bbox_head.conv_reg_prevs.0.0.conv.weight', 'bbox_head.conv_reg_prevs.0.0.conv.bias', 'bbox_head.conv_reg_prevs.0.0.gn.weight', 'bbox_head.conv_reg_prevs.0.0.gn.bias', 'bbox_head.conv_reg_prevs.1.0.conv.weight', 'bbox_head.conv_reg_prevs.1.0.conv.bias', 'bbox_head.conv_reg_prevs.1.0.gn.weight', 'bbox_head.conv_reg_prevs.1.0.gn.bias', 'bbox_head.conv_reg_prevs.2.0.conv.weight', 'bbox_head.conv_reg_prevs.2.0.conv.bias', 'bbox_head.conv_reg_prevs.2.0.gn.weight', 'bbox_head.conv_reg_prevs.2.0.gn.bias', 'bbox_head.conv_reg_prevs.3.0.conv.weight', 'bbox_head.conv_reg_prevs.3.0.conv.bias', 'bbox_head.conv_reg_prevs.3.0.gn.weight', 'bbox_head.conv_reg_prevs.3.0.gn.bias', 'bbox_head.conv_reg_prevs.5.0.conv.weight', 'bbox_head.conv_reg_prevs.5.0.conv.bias', 'bbox_head.conv_reg_prevs.5.0.gn.weight', 'bbox_head.conv_reg_prevs.5.0.gn.bias', 'bbox_head.conv_regs.0.weight', 'bbox_head.conv_regs.0.bias', 'bbox_head.conv_regs.1.weight', 'bbox_head.conv_regs.1.bias', 'bbox_head.conv_regs.2.weight', 'bbox_head.conv_regs.2.bias', 'bbox_head.conv_regs.3.weight', 'bbox_head.conv_regs.3.bias', 'bbox_head.conv_regs.4.weight', 'bbox_head.conv_regs.4.bias', 'bbox_head.conv_regs.5.weight', 'bbox_head.conv_regs.5.bias', 'bbox_head.conv_dir_cls_prev.0.conv.weight', 'bbox_head.conv_dir_cls_prev.0.conv.bias', 'bbox_head.conv_dir_cls_prev.0.gn.weight', 'bbox_head.conv_dir_cls_prev.0.gn.bias', 'bbox_head.conv_dir_cls.weight', 'bbox_head.conv_dir_cls.bias', 'bbox_head.conv_attr_prev.0.conv.weight', 'bbox_head.conv_attr_prev.0.conv.bias', 'bbox_head.conv_attr_prev.0.gn.weight', 'bbox_head.conv_attr_prev.0.gn.bias', 'bbox_head.conv_attr.weight', 'bbox_head.conv_attr.bias', 'bbox_head.conv_depth_cls_prev.0.conv.weight', 'bbox_head.conv_depth_cls_prev.0.conv.bias', 'bbox_head.conv_depth_cls_prev.0.gn.weight', 'bbox_head.conv_depth_cls_prev.0.gn.bias', 'bbox_head.conv_depth_cls.weight', 'bbox_head.conv_depth_cls.bias', 'bbox_head.conv_centerness_prev.0.conv.weight', 'bbox_head.conv_centerness_prev.0.conv.bias', 'bbox_head.conv_centerness_prev.0.gn.weight', 'bbox_head.conv_centerness_prev.0.gn.bias', 'bbox_head.conv_centerness.weight', 'bbox_head.conv_centerness.bias', 'bbox_head.scales.0.0.scale', 'bbox_head.scales.0.1.scale', 'bbox_head.scales.0.2.scale', 'bbox_head.scales.0.3.scale', 'bbox_head.scales.1.0.scale', 'bbox_head.scales.1.1.scale', 'bbox_head.scales.1.2.scale', 'bbox_head.scales.1.3.scale', 'bbox_head.scales.2.0.scale', 'bbox_head.scales.2.1.scale', 'bbox_head.scales.2.2.scale', 'bbox_head.scales.2.3.scale', 'bbox_head.scales.3.0.scale', 'bbox_head.scales.3.1.scale', 'bbox_head.scales.3.2.scale', 'bbox_head.scales.3.3.scale', 'bbox_head.scales.4.0.scale', 'bbox_head.scales.4.1.scale', 'bbox_head.scales.4.2.scale', 'bbox_head.scales.4.3.scale'])
tensor([1.0155, 1.0690, 1.3001, 1.0725, 0.9464, 1.1009, 1.2696, 1.0626, 1.1890,
        1.0622, 1.0060, 0.8571, 1.0392, 0.9087, 0.8936, 0.8549, 0.8528, 0.5000])
tensor([1.0155, 1.0690, 1.3001, 1.0725, 0.9464, 1.1009, 1.2696, 1.0626, 1.1890,
        1.0622, 1.0060, 0.8571, 1.0392, 0.9087, 0.8936, 0.8549, 0.8528, 0.5000])
_IncompatibleKeys(missing_keys=['img_neck.lateral_convs.0.conv.weight', 'img_neck.lateral_convs.0.conv.bias', 'img_neck.lateral_convs.1.conv.weight', 'img_neck.lateral_convs.1.conv.bias', 'img_neck.lateral_convs.2.conv.weight', 'img_neck.lateral_convs.2.conv.bias', 'img_neck.fpn_convs.0.conv.weight', 'img_neck.fpn_convs.0.conv.bias', 'img_neck.fpn_convs.1.conv.weight', 'img_neck.fpn_convs.1.conv.bias', 'img_neck.fpn_convs.2.conv.weight', 'img_neck.fpn_convs.2.conv.bias', 'img_neck.fpn_convs.3.conv.weight', 'img_neck.fpn_convs.3.conv.bias', 'lifter.anchor', 'encoder.anchor_encoder.xyz_fc.0.weight', 'encoder.anchor_encoder.xyz_fc.0.bias', 'encoder.anchor_encoder.xyz_fc.2.weight', 'encoder.anchor_encoder.xyz_fc.2.bias', 'encoder.anchor_encoder.xyz_fc.3.weight', 'encoder.anchor_encoder.xyz_fc.3.bias', 'encoder.anchor_encoder.xyz_fc.5.weight', 'encoder.anchor_encoder.xyz_fc.5.bias', 'encoder.anchor_encoder.scale_fc.0.weight', 'encoder.anchor_encoder.scale_fc.0.bias', 'encoder.anchor_encoder.scale_fc.2.weight', 'encoder.anchor_encoder.scale_fc.2.bias', 'encoder.anchor_encoder.scale_fc.3.weight', 'encoder.anchor_encoder.scale_fc.3.bias', 'encoder.anchor_encoder.scale_fc.5.weight', 'encoder.anchor_encoder.scale_fc.5.bias', 'encoder.anchor_encoder.rot_fc.0.weight', 'encoder.anchor_encoder.rot_fc.0.bias', 'encoder.anchor_encoder.rot_fc.2.weight', 'encoder.anchor_encoder.rot_fc.2.bias', 'encoder.anchor_encoder.rot_fc.3.weight', 'encoder.anchor_encoder.rot_fc.3.bias', 'encoder.anchor_encoder.rot_fc.5.weight', 'encoder.anchor_encoder.rot_fc.5.bias', 'encoder.anchor_encoder.opacity_fc.0.weight', 'encoder.anchor_encoder.opacity_fc.0.bias', 'encoder.anchor_encoder.opacity_fc.2.weight', 'encoder.anchor_encoder.opacity_fc.2.bias', 'encoder.anchor_encoder.opacity_fc.3.weight', 'encoder.anchor_encoder.opacity_fc.3.bias', 'encoder.anchor_encoder.opacity_fc.5.weight', 'encoder.anchor_encoder.opacity_fc.5.bias', 'encoder.anchor_encoder.semantics_fc.0.weight', 'encoder.anchor_encoder.semantics_fc.0.bias', 'encoder.anchor_encoder.semantics_fc.2.weight', 'encoder.anchor_encoder.semantics_fc.2.bias', 'encoder.anchor_encoder.semantics_fc.3.weight', 'encoder.anchor_encoder.semantics_fc.3.bias', 'encoder.anchor_encoder.semantics_fc.5.weight', 'encoder.anchor_encoder.semantics_fc.5.bias', 'encoder.anchor_encoder.offset_fc.0.weight', 'encoder.anchor_encoder.offset_fc.0.bias', 'encoder.anchor_encoder.offset_fc.2.weight', 'encoder.anchor_encoder.offset_fc.2.bias', 'encoder.anchor_encoder.offset_fc.3.weight', 'encoder.anchor_encoder.offset_fc.3.bias', 'encoder.anchor_encoder.offset_fc.5.weight', 'encoder.anchor_encoder.offset_fc.5.bias', 'encoder.anchor_encoder.output_fc.0.weight', 'encoder.anchor_encoder.output_fc.0.bias', 'encoder.anchor_encoder.output_fc.2.weight', 'encoder.anchor_encoder.output_fc.2.bias', 'encoder.anchor_encoder.output_fc.3.weight', 'encoder.anchor_encoder.output_fc.3.bias', 'encoder.anchor_encoder.output_fc.5.weight', 'encoder.anchor_encoder.output_fc.5.bias', 'encoder.layers.0.kps_generator.learnable_fc.weight', 'encoder.layers.0.kps_generator.learnable_fc.bias', 'encoder.layers.0.output_proj.weight', 'encoder.layers.0.output_proj.bias', 'encoder.layers.0.camera_encoder.0.weight', 'encoder.layers.0.camera_encoder.0.bias', 'encoder.layers.0.camera_encoder.2.weight', 'encoder.layers.0.camera_encoder.2.bias', 'encoder.layers.0.camera_encoder.3.weight', 'encoder.layers.0.camera_encoder.3.bias', 'encoder.layers.0.camera_encoder.5.weight', 'encoder.layers.0.camera_encoder.5.bias', 'encoder.layers.0.weights_fc.weight', 'encoder.layers.0.weights_fc.bias', 'encoder.layers.1.pre_norm.weight', 'encoder.layers.1.pre_norm.bias', 'encoder.layers.1.layers.0.0.weight', 'encoder.layers.1.layers.0.0.bias', 'encoder.layers.1.layers.1.weight', 'encoder.layers.1.layers.1.bias', 'encoder.layers.1.identity_fc.weight', 'encoder.layers.1.identity_fc.bias', 'encoder.layers.2.weight', 'encoder.layers.2.bias', 'encoder.layers.3.layers.0.weight', 'encoder.layers.3.layers.0.bias', 'encoder.layers.3.layers.2.weight', 'encoder.layers.3.layers.2.bias', 'encoder.layers.3.layers.4.weight', 'encoder.layers.3.layers.4.bias', 'encoder.layers.3.layers.5.weight', 'encoder.layers.3.layers.5.bias', 'encoder.layers.3.layers.7.weight', 'encoder.layers.3.layers.7.bias', 'encoder.layers.3.layers.9.weight', 'encoder.layers.3.layers.9.bias', 'encoder.layers.3.layers.10.weight', 'encoder.layers.3.layers.10.bias', 'encoder.layers.3.layers.11.scale', 'encoder.layers.4.layers.0.weight', 'encoder.layers.4.layers.0.bias', 'encoder.layers.4.layers.1.weight', 'encoder.layers.4.layers.1.bias', 'encoder.layers.4.layers.3.weight', 'encoder.layers.4.layers.3.bias', 'encoder.layers.4.layers.4.weight', 'encoder.layers.4.layers.4.bias', 'encoder.layers.4.layers.6.weight', 'encoder.layers.4.layers.6.bias', 'encoder.layers.4.layers.7.weight', 'encoder.layers.4.layers.7.bias', 'encoder.layers.4.output_proj.weight', 'encoder.layers.4.output_proj.bias', 'encoder.layers.5.weight', 'encoder.layers.5.bias', 'encoder.layers.6.kps_generator.learnable_fc.weight', 'encoder.layers.6.kps_generator.learnable_fc.bias', 'encoder.layers.6.output_proj.weight', 'encoder.layers.6.output_proj.bias', 'encoder.layers.6.camera_encoder.0.weight', 'encoder.layers.6.camera_encoder.0.bias', 'encoder.layers.6.camera_encoder.2.weight', 'encoder.layers.6.camera_encoder.2.bias', 'encoder.layers.6.camera_encoder.3.weight', 'encoder.layers.6.camera_encoder.3.bias', 'encoder.layers.6.camera_encoder.5.weight', 'encoder.layers.6.camera_encoder.5.bias', 'encoder.layers.6.weights_fc.weight', 'encoder.layers.6.weights_fc.bias', 'encoder.layers.7.pre_norm.weight', 'encoder.layers.7.pre_norm.bias', 'encoder.layers.7.layers.0.0.weight', 'encoder.layers.7.layers.0.0.bias', 'encoder.layers.7.layers.1.weight', 'encoder.layers.7.layers.1.bias', 'encoder.layers.7.identity_fc.weight', 'encoder.layers.7.identity_fc.bias', 'encoder.layers.8.weight', 'encoder.layers.8.bias', 'encoder.layers.9.layers.0.weight', 'encoder.layers.9.layers.0.bias', 'encoder.layers.9.layers.2.weight', 'encoder.layers.9.layers.2.bias', 'encoder.layers.9.layers.4.weight', 'encoder.layers.9.layers.4.bias', 'encoder.layers.9.layers.5.weight', 'encoder.layers.9.layers.5.bias', 'encoder.layers.9.layers.7.weight', 'encoder.layers.9.layers.7.bias', 'encoder.layers.9.layers.9.weight', 'encoder.layers.9.layers.9.bias', 'encoder.layers.9.layers.10.weight', 'encoder.layers.9.layers.10.bias', 'encoder.layers.9.layers.11.scale', 'encoder.layers.10.layers.0.weight', 'encoder.layers.10.layers.0.bias', 'encoder.layers.10.layers.1.weight', 'encoder.layers.10.layers.1.bias', 'encoder.layers.10.layers.3.weight', 'encoder.layers.10.layers.3.bias', 'encoder.layers.10.layers.4.weight', 'encoder.layers.10.layers.4.bias', 'encoder.layers.10.layers.6.weight', 'encoder.layers.10.layers.6.bias', 'encoder.layers.10.layers.7.weight', 'encoder.layers.10.layers.7.bias', 'encoder.layers.10.output_proj.weight', 'encoder.layers.10.output_proj.bias', 'encoder.layers.11.weight', 'encoder.layers.11.bias', 'encoder.layers.12.kps_generator.learnable_fc.weight', 'encoder.layers.12.kps_generator.learnable_fc.bias', 'encoder.layers.12.output_proj.weight', 'encoder.layers.12.output_proj.bias', 'encoder.layers.12.camera_encoder.0.weight', 'encoder.layers.12.camera_encoder.0.bias', 'encoder.layers.12.camera_encoder.2.weight', 'encoder.layers.12.camera_encoder.2.bias', 'encoder.layers.12.camera_encoder.3.weight', 'encoder.layers.12.camera_encoder.3.bias', 'encoder.layers.12.camera_encoder.5.weight', 'encoder.layers.12.camera_encoder.5.bias', 'encoder.layers.12.weights_fc.weight', 'encoder.layers.12.weights_fc.bias', 'encoder.layers.13.pre_norm.weight', 'encoder.layers.13.pre_norm.bias', 'encoder.layers.13.layers.0.0.weight', 'encoder.layers.13.layers.0.0.bias', 'encoder.layers.13.layers.1.weight', 'encoder.layers.13.layers.1.bias', 'encoder.layers.13.identity_fc.weight', 'encoder.layers.13.identity_fc.bias', 'encoder.layers.14.weight', 'encoder.layers.14.bias', 'encoder.layers.15.layers.0.weight', 'encoder.layers.15.layers.0.bias', 'encoder.layers.15.layers.2.weight', 'encoder.layers.15.layers.2.bias', 'encoder.layers.15.layers.4.weight', 'encoder.layers.15.layers.4.bias', 'encoder.layers.15.layers.5.weight', 'encoder.layers.15.layers.5.bias', 'encoder.layers.15.layers.7.weight', 'encoder.layers.15.layers.7.bias', 'encoder.layers.15.layers.9.weight', 'encoder.layers.15.layers.9.bias', 'encoder.layers.15.layers.10.weight', 'encoder.layers.15.layers.10.bias', 'encoder.layers.15.layers.11.scale', 'encoder.layers.16.layers.0.weight', 'encoder.layers.16.layers.0.bias', 'encoder.layers.16.layers.1.weight', 'encoder.layers.16.layers.1.bias', 'encoder.layers.16.layers.3.weight', 'encoder.layers.16.layers.3.bias', 'encoder.layers.16.layers.4.weight', 'encoder.layers.16.layers.4.bias', 'encoder.layers.16.layers.6.weight', 'encoder.layers.16.layers.6.bias', 'encoder.layers.16.layers.7.weight', 'encoder.layers.16.layers.7.bias', 'encoder.layers.16.output_proj.weight', 'encoder.layers.16.output_proj.bias', 'encoder.layers.17.weight', 'encoder.layers.17.bias', 'encoder.layers.18.kps_generator.learnable_fc.weight', 'encoder.layers.18.kps_generator.learnable_fc.bias', 'encoder.layers.18.output_proj.weight', 'encoder.layers.18.output_proj.bias', 'encoder.layers.18.camera_encoder.0.weight', 'encoder.layers.18.camera_encoder.0.bias', 'encoder.layers.18.camera_encoder.2.weight', 'encoder.layers.18.camera_encoder.2.bias', 'encoder.layers.18.camera_encoder.3.weight', 'encoder.layers.18.camera_encoder.3.bias', 'encoder.layers.18.camera_encoder.5.weight', 'encoder.layers.18.camera_encoder.5.bias', 'encoder.layers.18.weights_fc.weight', 'encoder.layers.18.weights_fc.bias', 'encoder.layers.19.pre_norm.weight', 'encoder.layers.19.pre_norm.bias', 'encoder.layers.19.layers.0.0.weight', 'encoder.layers.19.layers.0.0.bias', 'encoder.layers.19.layers.1.weight', 'encoder.layers.19.layers.1.bias', 'encoder.layers.19.identity_fc.weight', 'encoder.layers.19.identity_fc.bias', 'encoder.layers.20.weight', 'encoder.layers.20.bias', 'encoder.layers.21.layers.0.weight', 'encoder.layers.21.layers.0.bias', 'encoder.layers.21.layers.2.weight', 'encoder.layers.21.layers.2.bias', 'encoder.layers.21.layers.4.weight', 'encoder.layers.21.layers.4.bias', 'encoder.layers.21.layers.5.weight', 'encoder.layers.21.layers.5.bias', 'encoder.layers.21.layers.7.weight', 'encoder.layers.21.layers.7.bias', 'encoder.layers.21.layers.9.weight', 'encoder.layers.21.layers.9.bias', 'encoder.layers.21.layers.10.weight', 'encoder.layers.21.layers.10.bias', 'encoder.layers.21.layers.11.scale', 'temporal_encoder.anchor_encoder.xyz_fc.0.weight', 'temporal_encoder.anchor_encoder.xyz_fc.0.bias', 'temporal_encoder.anchor_encoder.xyz_fc.2.weight', 'temporal_encoder.anchor_encoder.xyz_fc.2.bias', 'temporal_encoder.anchor_encoder.xyz_fc.3.weight', 'temporal_encoder.anchor_encoder.xyz_fc.3.bias', 'temporal_encoder.anchor_encoder.xyz_fc.5.weight', 'temporal_encoder.anchor_encoder.xyz_fc.5.bias', 'temporal_encoder.anchor_encoder.scale_fc.0.weight', 'temporal_encoder.anchor_encoder.scale_fc.0.bias', 'temporal_encoder.anchor_encoder.scale_fc.2.weight', 'temporal_encoder.anchor_encoder.scale_fc.2.bias', 'temporal_encoder.anchor_encoder.scale_fc.3.weight', 'temporal_encoder.anchor_encoder.scale_fc.3.bias', 'temporal_encoder.anchor_encoder.scale_fc.5.weight', 'temporal_encoder.anchor_encoder.scale_fc.5.bias', 'temporal_encoder.anchor_encoder.rot_fc.0.weight', 'temporal_encoder.anchor_encoder.rot_fc.0.bias', 'temporal_encoder.anchor_encoder.rot_fc.2.weight', 'temporal_encoder.anchor_encoder.rot_fc.2.bias', 'temporal_encoder.anchor_encoder.rot_fc.3.weight', 'temporal_encoder.anchor_encoder.rot_fc.3.bias', 'temporal_encoder.anchor_encoder.rot_fc.5.weight', 'temporal_encoder.anchor_encoder.rot_fc.5.bias', 'temporal_encoder.anchor_encoder.opacity_fc.0.weight', 'temporal_encoder.anchor_encoder.opacity_fc.0.bias', 'temporal_encoder.anchor_encoder.opacity_fc.2.weight', 'temporal_encoder.anchor_encoder.opacity_fc.2.bias', 'temporal_encoder.anchor_encoder.opacity_fc.3.weight', 'temporal_encoder.anchor_encoder.opacity_fc.3.bias', 'temporal_encoder.anchor_encoder.opacity_fc.5.weight', 'temporal_encoder.anchor_encoder.opacity_fc.5.bias', 'temporal_encoder.anchor_encoder.semantics_fc.0.weight', 'temporal_encoder.anchor_encoder.semantics_fc.0.bias', 'temporal_encoder.anchor_encoder.semantics_fc.2.weight', 'temporal_encoder.anchor_encoder.semantics_fc.2.bias', 'temporal_encoder.anchor_encoder.semantics_fc.3.weight', 'temporal_encoder.anchor_encoder.semantics_fc.3.bias', 'temporal_encoder.anchor_encoder.semantics_fc.5.weight', 'temporal_encoder.anchor_encoder.semantics_fc.5.bias', 'temporal_encoder.anchor_encoder.offset_fc.0.weight', 'temporal_encoder.anchor_encoder.offset_fc.0.bias', 'temporal_encoder.anchor_encoder.offset_fc.2.weight', 'temporal_encoder.anchor_encoder.offset_fc.2.bias', 'temporal_encoder.anchor_encoder.offset_fc.3.weight', 'temporal_encoder.anchor_encoder.offset_fc.3.bias', 'temporal_encoder.anchor_encoder.offset_fc.5.weight', 'temporal_encoder.anchor_encoder.offset_fc.5.bias', 'temporal_encoder.anchor_encoder.output_fc.0.weight', 'temporal_encoder.anchor_encoder.output_fc.0.bias', 'temporal_encoder.anchor_encoder.output_fc.2.weight', 'temporal_encoder.anchor_encoder.output_fc.2.bias', 'temporal_encoder.anchor_encoder.output_fc.3.weight', 'temporal_encoder.anchor_encoder.output_fc.3.bias', 'temporal_encoder.anchor_encoder.output_fc.5.weight', 'temporal_encoder.anchor_encoder.output_fc.5.bias', 'temporal_encoder.layers.0.layers.0.weight', 'temporal_encoder.layers.0.layers.1.weight', 'temporal_encoder.layers.0.layers.1.bias', 'temporal_encoder.layers.0.layers.3.weight', 'temporal_encoder.layers.0.layers.4.weight', 'temporal_encoder.layers.0.layers.4.bias', 'temporal_encoder.layers.0.layers.6.weight', 'temporal_encoder.layers.0.layers.7.weight', 'temporal_encoder.layers.0.layers.7.bias', 'temporal_encoder.layers.0.output_proj.weight', 'temporal_encoder.layers.0.output_proj.bias', 'temporal_encoder.layers.1.layers.0.weight', 'temporal_encoder.layers.1.layers.0.bias', 'temporal_encoder.layers.1.layers.2.weight', 'temporal_encoder.layers.1.layers.2.bias', 'temporal_encoder.layers.1.layers.4.weight', 'temporal_encoder.layers.1.layers.4.bias', 'temporal_encoder.layers.1.layers.5.weight', 'temporal_encoder.layers.1.layers.5.bias', 'temporal_encoder.layers.1.layers.7.weight', 'temporal_encoder.layers.1.layers.7.bias', 'temporal_encoder.layers.1.layers.9.weight', 'temporal_encoder.layers.1.layers.9.bias', 'temporal_encoder.layers.1.layers.10.weight', 'temporal_encoder.layers.1.layers.10.bias', 'temporal_encoder.layers.1.layers.11.scale', 'temporal_encoder.layers.2.layers.0.weight', 'temporal_encoder.layers.2.layers.1.weight', 'temporal_encoder.layers.2.layers.1.bias', 'temporal_encoder.layers.2.layers.3.weight', 'temporal_encoder.layers.2.layers.4.weight', 'temporal_encoder.layers.2.layers.4.bias', 'temporal_encoder.layers.2.layers.6.weight', 'temporal_encoder.layers.2.layers.7.weight', 'temporal_encoder.layers.2.layers.7.bias', 'temporal_encoder.layers.2.output_proj.weight', 'temporal_encoder.layers.2.output_proj.bias', 'temporal_encoder.layers.3.layers.0.weight', 'temporal_encoder.layers.3.layers.0.bias', 'temporal_encoder.layers.3.layers.2.weight', 'temporal_encoder.layers.3.layers.2.bias', 'temporal_encoder.layers.3.layers.4.weight', 'temporal_encoder.layers.3.layers.4.bias', 'temporal_encoder.layers.3.layers.5.weight', 'temporal_encoder.layers.3.layers.5.bias', 'temporal_encoder.layers.3.layers.7.weight', 'temporal_encoder.layers.3.layers.7.bias', 'temporal_encoder.layers.3.layers.9.weight', 'temporal_encoder.layers.3.layers.9.bias', 'temporal_encoder.layers.3.layers.10.weight', 'temporal_encoder.layers.3.layers.10.bias', 'temporal_encoder.layers.3.layers.11.scale', 'temporal_encoder.layers.4.layers.0.weight', 'temporal_encoder.layers.4.layers.1.weight', 'temporal_encoder.layers.4.layers.1.bias', 'temporal_encoder.layers.4.layers.3.weight', 'temporal_encoder.layers.4.layers.4.weight', 'temporal_encoder.layers.4.layers.4.bias', 'temporal_encoder.layers.4.layers.6.weight', 'temporal_encoder.layers.4.layers.7.weight', 'temporal_encoder.layers.4.layers.7.bias', 'temporal_encoder.layers.4.output_proj.weight', 'temporal_encoder.layers.4.output_proj.bias', 'temporal_encoder.layers.5.layers.0.weight', 'temporal_encoder.layers.5.layers.0.bias', 'temporal_encoder.layers.5.layers.2.weight', 'temporal_encoder.layers.5.layers.2.bias', 'temporal_encoder.layers.5.layers.4.weight', 'temporal_encoder.layers.5.layers.4.bias', 'temporal_encoder.layers.5.layers.5.weight', 'temporal_encoder.layers.5.layers.5.bias', 'temporal_encoder.layers.5.layers.7.weight', 'temporal_encoder.layers.5.layers.7.bias', 'temporal_encoder.layers.5.layers.9.weight', 'temporal_encoder.layers.5.layers.9.bias', 'temporal_encoder.layers.5.layers.10.weight', 'temporal_encoder.layers.5.layers.10.bias', 'temporal_encoder.layers.5.layers.11.scale', 'head.empty_scalar', 'head.empty_mean', 'head.empty_scale', 'head.empty_rot', 'head.empty_sem', 'head.empty_opa', 'head.pc_min', 'head.grid_size', 'head.zero_tensor', 'head.aggregator.pc_min', 'decoder.global_step', 'decoder.backbone_3d.conv_input.0.weight', 'decoder.backbone_3d.conv_input.1.weight', 'decoder.backbone_3d.conv_input.1.bias', 'decoder.backbone_3d.conv_input.1.running_mean', 'decoder.backbone_3d.conv_input.1.running_var', 'decoder.backbone_3d.conv1.0.conv1.weight', 'decoder.backbone_3d.conv1.0.conv1.bias', 'decoder.backbone_3d.conv1.0.bn1.weight', 'decoder.backbone_3d.conv1.0.bn1.bias', 'decoder.backbone_3d.conv1.0.bn1.running_mean', 'decoder.backbone_3d.conv1.0.bn1.running_var', 'decoder.backbone_3d.conv1.0.conv2.weight', 'decoder.backbone_3d.conv1.0.conv2.bias', 'decoder.backbone_3d.conv1.0.bn2.weight', 'decoder.backbone_3d.conv1.0.bn2.bias', 'decoder.backbone_3d.conv1.0.bn2.running_mean', 'decoder.backbone_3d.conv1.0.bn2.running_var', 'decoder.backbone_3d.conv1.1.conv1.weight', 'decoder.backbone_3d.conv1.1.conv1.bias', 'decoder.backbone_3d.conv1.1.bn1.weight', 'decoder.backbone_3d.conv1.1.bn1.bias', 'decoder.backbone_3d.conv1.1.bn1.running_mean', 'decoder.backbone_3d.conv1.1.bn1.running_var', 'decoder.backbone_3d.conv1.1.conv2.weight', 'decoder.backbone_3d.conv1.1.conv2.bias', 'decoder.backbone_3d.conv1.1.bn2.weight', 'decoder.backbone_3d.conv1.1.bn2.bias', 'decoder.backbone_3d.conv1.1.bn2.running_mean', 'decoder.backbone_3d.conv1.1.bn2.running_var', 'decoder.backbone_3d.conv2.0.0.weight', 'decoder.backbone_3d.conv2.0.1.weight', 'decoder.backbone_3d.conv2.0.1.bias', 'decoder.backbone_3d.conv2.0.1.running_mean', 'decoder.backbone_3d.conv2.0.1.running_var', 'decoder.backbone_3d.conv2.1.conv1.weight', 'decoder.backbone_3d.conv2.1.conv1.bias', 'decoder.backbone_3d.conv2.1.bn1.weight', 'decoder.backbone_3d.conv2.1.bn1.bias', 'decoder.backbone_3d.conv2.1.bn1.running_mean', 'decoder.backbone_3d.conv2.1.bn1.running_var', 'decoder.backbone_3d.conv2.1.conv2.weight', 'decoder.backbone_3d.conv2.1.conv2.bias', 'decoder.backbone_3d.conv2.1.bn2.weight', 'decoder.backbone_3d.conv2.1.bn2.bias', 'decoder.backbone_3d.conv2.1.bn2.running_mean', 'decoder.backbone_3d.conv2.1.bn2.running_var', 'decoder.backbone_3d.conv2.2.conv1.weight', 'decoder.backbone_3d.conv2.2.conv1.bias', 'decoder.backbone_3d.conv2.2.bn1.weight', 'decoder.backbone_3d.conv2.2.bn1.bias', 'decoder.backbone_3d.conv2.2.bn1.running_mean', 'decoder.backbone_3d.conv2.2.bn1.running_var', 'decoder.backbone_3d.conv2.2.conv2.weight', 'decoder.backbone_3d.conv2.2.conv2.bias', 'decoder.backbone_3d.conv2.2.bn2.weight', 'decoder.backbone_3d.conv2.2.bn2.bias', 'decoder.backbone_3d.conv2.2.bn2.running_mean', 'decoder.backbone_3d.conv2.2.bn2.running_var', 'decoder.backbone_3d.conv3.0.0.weight', 'decoder.backbone_3d.conv3.0.1.weight', 'decoder.backbone_3d.conv3.0.1.bias', 'decoder.backbone_3d.conv3.0.1.running_mean', 'decoder.backbone_3d.conv3.0.1.running_var', 'decoder.backbone_3d.conv3.1.conv1.weight', 'decoder.backbone_3d.conv3.1.conv1.bias', 'decoder.backbone_3d.conv3.1.bn1.weight', 'decoder.backbone_3d.conv3.1.bn1.bias', 'decoder.backbone_3d.conv3.1.bn1.running_mean', 'decoder.backbone_3d.conv3.1.bn1.running_var', 'decoder.backbone_3d.conv3.1.conv2.weight', 'decoder.backbone_3d.conv3.1.conv2.bias', 'decoder.backbone_3d.conv3.1.bn2.weight', 'decoder.backbone_3d.conv3.1.bn2.bias', 'decoder.backbone_3d.conv3.1.bn2.running_mean', 'decoder.backbone_3d.conv3.1.bn2.running_var', 'decoder.backbone_3d.conv3.2.conv1.weight', 'decoder.backbone_3d.conv3.2.conv1.bias', 'decoder.backbone_3d.conv3.2.bn1.weight', 'decoder.backbone_3d.conv3.2.bn1.bias', 'decoder.backbone_3d.conv3.2.bn1.running_mean', 'decoder.backbone_3d.conv3.2.bn1.running_var', 'decoder.backbone_3d.conv3.2.conv2.weight', 'decoder.backbone_3d.conv3.2.conv2.bias', 'decoder.backbone_3d.conv3.2.bn2.weight', 'decoder.backbone_3d.conv3.2.bn2.bias', 'decoder.backbone_3d.conv3.2.bn2.running_mean', 'decoder.backbone_3d.conv3.2.bn2.running_var', 'decoder.backbone_3d.conv4.0.0.weight', 'decoder.backbone_3d.conv4.0.1.weight', 'decoder.backbone_3d.conv4.0.1.bias', 'decoder.backbone_3d.conv4.0.1.running_mean', 'decoder.backbone_3d.conv4.0.1.running_var', 'decoder.backbone_3d.conv4.1.conv1.weight', 'decoder.backbone_3d.conv4.1.conv1.bias', 'decoder.backbone_3d.conv4.1.bn1.weight', 'decoder.backbone_3d.conv4.1.bn1.bias', 'decoder.backbone_3d.conv4.1.bn1.running_mean', 'decoder.backbone_3d.conv4.1.bn1.running_var', 'decoder.backbone_3d.conv4.1.conv2.weight', 'decoder.backbone_3d.conv4.1.conv2.bias', 'decoder.backbone_3d.conv4.1.bn2.weight', 'decoder.backbone_3d.conv4.1.bn2.bias', 'decoder.backbone_3d.conv4.1.bn2.running_mean', 'decoder.backbone_3d.conv4.1.bn2.running_var', 'decoder.backbone_3d.conv4.2.conv1.weight', 'decoder.backbone_3d.conv4.2.conv1.bias', 'decoder.backbone_3d.conv4.2.bn1.weight', 'decoder.backbone_3d.conv4.2.bn1.bias', 'decoder.backbone_3d.conv4.2.bn1.running_mean', 'decoder.backbone_3d.conv4.2.bn1.running_var', 'decoder.backbone_3d.conv4.2.conv2.weight', 'decoder.backbone_3d.conv4.2.conv2.bias', 'decoder.backbone_3d.conv4.2.bn2.weight', 'decoder.backbone_3d.conv4.2.bn2.bias', 'decoder.backbone_3d.conv4.2.bn2.running_mean', 'decoder.backbone_3d.conv4.2.bn2.running_var', 'decoder.backbone_3d.conv5.0.0.weight', 'decoder.backbone_3d.conv5.0.1.weight', 'decoder.backbone_3d.conv5.0.1.bias', 'decoder.backbone_3d.conv5.0.1.running_mean', 'decoder.backbone_3d.conv5.0.1.running_var', 'decoder.backbone_3d.conv5.1.conv1.weight', 'decoder.backbone_3d.conv5.1.conv1.bias', 'decoder.backbone_3d.conv5.1.bn1.weight', 'decoder.backbone_3d.conv5.1.bn1.bias', 'decoder.backbone_3d.conv5.1.bn1.running_mean', 'decoder.backbone_3d.conv5.1.bn1.running_var', 'decoder.backbone_3d.conv5.1.conv2.weight', 'decoder.backbone_3d.conv5.1.conv2.bias', 'decoder.backbone_3d.conv5.1.bn2.weight', 'decoder.backbone_3d.conv5.1.bn2.bias', 'decoder.backbone_3d.conv5.1.bn2.running_mean', 'decoder.backbone_3d.conv5.1.bn2.running_var', 'decoder.backbone_3d.conv5.2.conv1.weight', 'decoder.backbone_3d.conv5.2.conv1.bias', 'decoder.backbone_3d.conv5.2.bn1.weight', 'decoder.backbone_3d.conv5.2.bn1.bias', 'decoder.backbone_3d.conv5.2.bn1.running_mean', 'decoder.backbone_3d.conv5.2.bn1.running_var', 'decoder.backbone_3d.conv5.2.conv2.weight', 'decoder.backbone_3d.conv5.2.conv2.bias', 'decoder.backbone_3d.conv5.2.bn2.weight', 'decoder.backbone_3d.conv5.2.bn2.bias', 'decoder.backbone_3d.conv5.2.bn2.running_mean', 'decoder.backbone_3d.conv5.2.bn2.running_var', 'decoder.backbone_3d.conv6.0.0.weight', 'decoder.backbone_3d.conv6.0.1.weight', 'decoder.backbone_3d.conv6.0.1.bias', 'decoder.backbone_3d.conv6.0.1.running_mean', 'decoder.backbone_3d.conv6.0.1.running_var', 'decoder.backbone_3d.conv6.1.conv1.weight', 'decoder.backbone_3d.conv6.1.conv1.bias', 'decoder.backbone_3d.conv6.1.bn1.weight', 'decoder.backbone_3d.conv6.1.bn1.bias', 'decoder.backbone_3d.conv6.1.bn1.running_mean', 'decoder.backbone_3d.conv6.1.bn1.running_var', 'decoder.backbone_3d.conv6.1.conv2.weight', 'decoder.backbone_3d.conv6.1.conv2.bias', 'decoder.backbone_3d.conv6.1.bn2.weight', 'decoder.backbone_3d.conv6.1.bn2.bias', 'decoder.backbone_3d.conv6.1.bn2.running_mean', 'decoder.backbone_3d.conv6.1.bn2.running_var', 'decoder.backbone_3d.conv6.2.conv1.weight', 'decoder.backbone_3d.conv6.2.conv1.bias', 'decoder.backbone_3d.conv6.2.bn1.weight', 'decoder.backbone_3d.conv6.2.bn1.bias', 'decoder.backbone_3d.conv6.2.bn1.running_mean', 'decoder.backbone_3d.conv6.2.bn1.running_var', 'decoder.backbone_3d.conv6.2.conv2.weight', 'decoder.backbone_3d.conv6.2.conv2.bias', 'decoder.backbone_3d.conv6.2.bn2.weight', 'decoder.backbone_3d.conv6.2.bn2.bias', 'decoder.backbone_3d.conv6.2.bn2.running_mean', 'decoder.backbone_3d.conv6.2.bn2.running_var', 'decoder.backbone_3d.conv_out.0.weight', 'decoder.backbone_3d.conv_out.1.weight', 'decoder.backbone_3d.conv_out.1.bias', 'decoder.backbone_3d.conv_out.1.running_mean', 'decoder.backbone_3d.conv_out.1.running_var', 'decoder.backbone_3d.shared_conv.0.weight', 'decoder.backbone_3d.shared_conv.0.bias', 'decoder.backbone_3d.shared_conv.1.weight', 'decoder.backbone_3d.shared_conv.1.bias', 'decoder.backbone_3d.shared_conv.1.running_mean', 'decoder.backbone_3d.shared_conv.1.running_var', 'decoder.dense_head.heads_list.0.center.0.0.weight', 'decoder.dense_head.heads_list.0.center.0.0.bias', 'decoder.dense_head.heads_list.0.center.0.1.weight', 'decoder.dense_head.heads_list.0.center.0.1.bias', 'decoder.dense_head.heads_list.0.center.0.1.running_mean', 'decoder.dense_head.heads_list.0.center.0.1.running_var', 'decoder.dense_head.heads_list.0.center.1.weight', 'decoder.dense_head.heads_list.0.center.1.bias', 'decoder.dense_head.heads_list.0.center_z.0.0.weight', 'decoder.dense_head.heads_list.0.center_z.0.0.bias', 'decoder.dense_head.heads_list.0.center_z.0.1.weight', 'decoder.dense_head.heads_list.0.center_z.0.1.bias', 'decoder.dense_head.heads_list.0.center_z.0.1.running_mean', 'decoder.dense_head.heads_list.0.center_z.0.1.running_var', 'decoder.dense_head.heads_list.0.center_z.1.weight', 'decoder.dense_head.heads_list.0.center_z.1.bias', 'decoder.dense_head.heads_list.0.dim.0.0.weight', 'decoder.dense_head.heads_list.0.dim.0.0.bias', 'decoder.dense_head.heads_list.0.dim.0.1.weight', 'decoder.dense_head.heads_list.0.dim.0.1.bias', 'decoder.dense_head.heads_list.0.dim.0.1.running_mean', 'decoder.dense_head.heads_list.0.dim.0.1.running_var', 'decoder.dense_head.heads_list.0.dim.1.weight', 'decoder.dense_head.heads_list.0.dim.1.bias', 'decoder.dense_head.heads_list.0.rot.0.0.weight', 'decoder.dense_head.heads_list.0.rot.0.0.bias', 'decoder.dense_head.heads_list.0.rot.0.1.weight', 'decoder.dense_head.heads_list.0.rot.0.1.bias', 'decoder.dense_head.heads_list.0.rot.0.1.running_mean', 'decoder.dense_head.heads_list.0.rot.0.1.running_var', 'decoder.dense_head.heads_list.0.rot.1.weight', 'decoder.dense_head.heads_list.0.rot.1.bias', 'decoder.dense_head.heads_list.0.vel.0.0.weight', 'decoder.dense_head.heads_list.0.vel.0.0.bias', 'decoder.dense_head.heads_list.0.vel.0.1.weight', 'decoder.dense_head.heads_list.0.vel.0.1.bias', 'decoder.dense_head.heads_list.0.vel.0.1.running_mean', 'decoder.dense_head.heads_list.0.vel.0.1.running_var', 'decoder.dense_head.heads_list.0.vel.1.weight', 'decoder.dense_head.heads_list.0.vel.1.bias', 'decoder.dense_head.heads_list.0.hm.0.0.weight', 'decoder.dense_head.heads_list.0.hm.0.0.bias', 'decoder.dense_head.heads_list.0.hm.0.1.weight', 'decoder.dense_head.heads_list.0.hm.0.1.bias', 'decoder.dense_head.heads_list.0.hm.0.1.running_mean', 'decoder.dense_head.heads_list.0.hm.0.1.running_var', 'decoder.dense_head.heads_list.0.hm.1.weight', 'decoder.dense_head.heads_list.0.hm.1.bias', 'decoder.dense_head.heads_list.1.center.0.0.weight', 'decoder.dense_head.heads_list.1.center.0.0.bias', 'decoder.dense_head.heads_list.1.center.0.1.weight', 'decoder.dense_head.heads_list.1.center.0.1.bias', 'decoder.dense_head.heads_list.1.center.0.1.running_mean', 'decoder.dense_head.heads_list.1.center.0.1.running_var', 'decoder.dense_head.heads_list.1.center.1.weight', 'decoder.dense_head.heads_list.1.center.1.bias', 'decoder.dense_head.heads_list.1.center_z.0.0.weight', 'decoder.dense_head.heads_list.1.center_z.0.0.bias', 'decoder.dense_head.heads_list.1.center_z.0.1.weight', 'decoder.dense_head.heads_list.1.center_z.0.1.bias', 'decoder.dense_head.heads_list.1.center_z.0.1.running_mean', 'decoder.dense_head.heads_list.1.center_z.0.1.running_var', 'decoder.dense_head.heads_list.1.center_z.1.weight', 'decoder.dense_head.heads_list.1.center_z.1.bias', 'decoder.dense_head.heads_list.1.dim.0.0.weight', 'decoder.dense_head.heads_list.1.dim.0.0.bias', 'decoder.dense_head.heads_list.1.dim.0.1.weight', 'decoder.dense_head.heads_list.1.dim.0.1.bias', 'decoder.dense_head.heads_list.1.dim.0.1.running_mean', 'decoder.dense_head.heads_list.1.dim.0.1.running_var', 'decoder.dense_head.heads_list.1.dim.1.weight', 'decoder.dense_head.heads_list.1.dim.1.bias', 'decoder.dense_head.heads_list.1.rot.0.0.weight', 'decoder.dense_head.heads_list.1.rot.0.0.bias', 'decoder.dense_head.heads_list.1.rot.0.1.weight', 'decoder.dense_head.heads_list.1.rot.0.1.bias', 'decoder.dense_head.heads_list.1.rot.0.1.running_mean', 'decoder.dense_head.heads_list.1.rot.0.1.running_var', 'decoder.dense_head.heads_list.1.rot.1.weight', 'decoder.dense_head.heads_list.1.rot.1.bias', 'decoder.dense_head.heads_list.1.vel.0.0.weight', 'decoder.dense_head.heads_list.1.vel.0.0.bias', 'decoder.dense_head.heads_list.1.vel.0.1.weight', 'decoder.dense_head.heads_list.1.vel.0.1.bias', 'decoder.dense_head.heads_list.1.vel.0.1.running_mean', 'decoder.dense_head.heads_list.1.vel.0.1.running_var', 'decoder.dense_head.heads_list.1.vel.1.weight', 'decoder.dense_head.heads_list.1.vel.1.bias', 'decoder.dense_head.heads_list.1.hm.0.0.weight', 'decoder.dense_head.heads_list.1.hm.0.0.bias', 'decoder.dense_head.heads_list.1.hm.0.1.weight', 'decoder.dense_head.heads_list.1.hm.0.1.bias', 'decoder.dense_head.heads_list.1.hm.0.1.running_mean', 'decoder.dense_head.heads_list.1.hm.0.1.running_var', 'decoder.dense_head.heads_list.1.hm.1.weight', 'decoder.dense_head.heads_list.1.hm.1.bias', 'decoder.dense_head.heads_list.2.center.0.0.weight', 'decoder.dense_head.heads_list.2.center.0.0.bias', 'decoder.dense_head.heads_list.2.center.0.1.weight', 'decoder.dense_head.heads_list.2.center.0.1.bias', 'decoder.dense_head.heads_list.2.center.0.1.running_mean', 'decoder.dense_head.heads_list.2.center.0.1.running_var', 'decoder.dense_head.heads_list.2.center.1.weight', 'decoder.dense_head.heads_list.2.center.1.bias', 'decoder.dense_head.heads_list.2.center_z.0.0.weight', 'decoder.dense_head.heads_list.2.center_z.0.0.bias', 'decoder.dense_head.heads_list.2.center_z.0.1.weight', 'decoder.dense_head.heads_list.2.center_z.0.1.bias', 'decoder.dense_head.heads_list.2.center_z.0.1.running_mean', 'decoder.dense_head.heads_list.2.center_z.0.1.running_var', 'decoder.dense_head.heads_list.2.center_z.1.weight', 'decoder.dense_head.heads_list.2.center_z.1.bias', 'decoder.dense_head.heads_list.2.dim.0.0.weight', 'decoder.dense_head.heads_list.2.dim.0.0.bias', 'decoder.dense_head.heads_list.2.dim.0.1.weight', 'decoder.dense_head.heads_list.2.dim.0.1.bias', 'decoder.dense_head.heads_list.2.dim.0.1.running_mean', 'decoder.dense_head.heads_list.2.dim.0.1.running_var', 'decoder.dense_head.heads_list.2.dim.1.weight', 'decoder.dense_head.heads_list.2.dim.1.bias', 'decoder.dense_head.heads_list.2.rot.0.0.weight', 'decoder.dense_head.heads_list.2.rot.0.0.bias', 'decoder.dense_head.heads_list.2.rot.0.1.weight', 'decoder.dense_head.heads_list.2.rot.0.1.bias', 'decoder.dense_head.heads_list.2.rot.0.1.running_mean', 'decoder.dense_head.heads_list.2.rot.0.1.running_var', 'decoder.dense_head.heads_list.2.rot.1.weight', 'decoder.dense_head.heads_list.2.rot.1.bias', 'decoder.dense_head.heads_list.2.vel.0.0.weight', 'decoder.dense_head.heads_list.2.vel.0.0.bias', 'decoder.dense_head.heads_list.2.vel.0.1.weight', 'decoder.dense_head.heads_list.2.vel.0.1.bias', 'decoder.dense_head.heads_list.2.vel.0.1.running_mean', 'decoder.dense_head.heads_list.2.vel.0.1.running_var', 'decoder.dense_head.heads_list.2.vel.1.weight', 'decoder.dense_head.heads_list.2.vel.1.bias', 'decoder.dense_head.heads_list.2.hm.0.0.weight', 'decoder.dense_head.heads_list.2.hm.0.0.bias', 'decoder.dense_head.heads_list.2.hm.0.1.weight', 'decoder.dense_head.heads_list.2.hm.0.1.bias', 'decoder.dense_head.heads_list.2.hm.0.1.running_mean', 'decoder.dense_head.heads_list.2.hm.0.1.running_var', 'decoder.dense_head.heads_list.2.hm.1.weight', 'decoder.dense_head.heads_list.2.hm.1.bias', 'decoder.dense_head.heads_list.3.center.0.0.weight', 'decoder.dense_head.heads_list.3.center.0.0.bias', 'decoder.dense_head.heads_list.3.center.0.1.weight', 'decoder.dense_head.heads_list.3.center.0.1.bias', 'decoder.dense_head.heads_list.3.center.0.1.running_mean', 'decoder.dense_head.heads_list.3.center.0.1.running_var', 'decoder.dense_head.heads_list.3.center.1.weight', 'decoder.dense_head.heads_list.3.center.1.bias', 'decoder.dense_head.heads_list.3.center_z.0.0.weight', 'decoder.dense_head.heads_list.3.center_z.0.0.bias', 'decoder.dense_head.heads_list.3.center_z.0.1.weight', 'decoder.dense_head.heads_list.3.center_z.0.1.bias', 'decoder.dense_head.heads_list.3.center_z.0.1.running_mean', 'decoder.dense_head.heads_list.3.center_z.0.1.running_var', 'decoder.dense_head.heads_list.3.center_z.1.weight', 'decoder.dense_head.heads_list.3.center_z.1.bias', 'decoder.dense_head.heads_list.3.dim.0.0.weight', 'decoder.dense_head.heads_list.3.dim.0.0.bias', 'decoder.dense_head.heads_list.3.dim.0.1.weight', 'decoder.dense_head.heads_list.3.dim.0.1.bias', 'decoder.dense_head.heads_list.3.dim.0.1.running_mean', 'decoder.dense_head.heads_list.3.dim.0.1.running_var', 'decoder.dense_head.heads_list.3.dim.1.weight', 'decoder.dense_head.heads_list.3.dim.1.bias', 'decoder.dense_head.heads_list.3.rot.0.0.weight', 'decoder.dense_head.heads_list.3.rot.0.0.bias', 'decoder.dense_head.heads_list.3.rot.0.1.weight', 'decoder.dense_head.heads_list.3.rot.0.1.bias', 'decoder.dense_head.heads_list.3.rot.0.1.running_mean', 'decoder.dense_head.heads_list.3.rot.0.1.running_var', 'decoder.dense_head.heads_list.3.rot.1.weight', 'decoder.dense_head.heads_list.3.rot.1.bias', 'decoder.dense_head.heads_list.3.vel.0.0.weight', 'decoder.dense_head.heads_list.3.vel.0.0.bias', 'decoder.dense_head.heads_list.3.vel.0.1.weight', 'decoder.dense_head.heads_list.3.vel.0.1.bias', 'decoder.dense_head.heads_list.3.vel.0.1.running_mean', 'decoder.dense_head.heads_list.3.vel.0.1.running_var', 'decoder.dense_head.heads_list.3.vel.1.weight', 'decoder.dense_head.heads_list.3.vel.1.bias', 'decoder.dense_head.heads_list.3.hm.0.0.weight', 'decoder.dense_head.heads_list.3.hm.0.0.bias', 'decoder.dense_head.heads_list.3.hm.0.1.weight', 'decoder.dense_head.heads_list.3.hm.0.1.bias', 'decoder.dense_head.heads_list.3.hm.0.1.running_mean', 'decoder.dense_head.heads_list.3.hm.0.1.running_var', 'decoder.dense_head.heads_list.3.hm.1.weight', 'decoder.dense_head.heads_list.3.hm.1.bias', 'decoder.dense_head.heads_list.4.center.0.0.weight', 'decoder.dense_head.heads_list.4.center.0.0.bias', 'decoder.dense_head.heads_list.4.center.0.1.weight', 'decoder.dense_head.heads_list.4.center.0.1.bias', 'decoder.dense_head.heads_list.4.center.0.1.running_mean', 'decoder.dense_head.heads_list.4.center.0.1.running_var', 'decoder.dense_head.heads_list.4.center.1.weight', 'decoder.dense_head.heads_list.4.center.1.bias', 'decoder.dense_head.heads_list.4.center_z.0.0.weight', 'decoder.dense_head.heads_list.4.center_z.0.0.bias', 'decoder.dense_head.heads_list.4.center_z.0.1.weight', 'decoder.dense_head.heads_list.4.center_z.0.1.bias', 'decoder.dense_head.heads_list.4.center_z.0.1.running_mean', 'decoder.dense_head.heads_list.4.center_z.0.1.running_var', 'decoder.dense_head.heads_list.4.center_z.1.weight', 'decoder.dense_head.heads_list.4.center_z.1.bias', 'decoder.dense_head.heads_list.4.dim.0.0.weight', 'decoder.dense_head.heads_list.4.dim.0.0.bias', 'decoder.dense_head.heads_list.4.dim.0.1.weight', 'decoder.dense_head.heads_list.4.dim.0.1.bias', 'decoder.dense_head.heads_list.4.dim.0.1.running_mean', 'decoder.dense_head.heads_list.4.dim.0.1.running_var', 'decoder.dense_head.heads_list.4.dim.1.weight', 'decoder.dense_head.heads_list.4.dim.1.bias', 'decoder.dense_head.heads_list.4.rot.0.0.weight', 'decoder.dense_head.heads_list.4.rot.0.0.bias', 'decoder.dense_head.heads_list.4.rot.0.1.weight', 'decoder.dense_head.heads_list.4.rot.0.1.bias', 'decoder.dense_head.heads_list.4.rot.0.1.running_mean', 'decoder.dense_head.heads_list.4.rot.0.1.running_var', 'decoder.dense_head.heads_list.4.rot.1.weight', 'decoder.dense_head.heads_list.4.rot.1.bias', 'decoder.dense_head.heads_list.4.vel.0.0.weight', 'decoder.dense_head.heads_list.4.vel.0.0.bias', 'decoder.dense_head.heads_list.4.vel.0.1.weight', 'decoder.dense_head.heads_list.4.vel.0.1.bias', 'decoder.dense_head.heads_list.4.vel.0.1.running_mean', 'decoder.dense_head.heads_list.4.vel.0.1.running_var', 'decoder.dense_head.heads_list.4.vel.1.weight', 'decoder.dense_head.heads_list.4.vel.1.bias', 'decoder.dense_head.heads_list.4.hm.0.0.weight', 'decoder.dense_head.heads_list.4.hm.0.0.bias', 'decoder.dense_head.heads_list.4.hm.0.1.weight', 'decoder.dense_head.heads_list.4.hm.0.1.bias', 'decoder.dense_head.heads_list.4.hm.0.1.running_mean', 'decoder.dense_head.heads_list.4.hm.0.1.running_var', 'decoder.dense_head.heads_list.4.hm.1.weight', 'decoder.dense_head.heads_list.4.hm.1.bias', 'decoder.dense_head.heads_list.5.center.0.0.weight', 'decoder.dense_head.heads_list.5.center.0.0.bias', 'decoder.dense_head.heads_list.5.center.0.1.weight', 'decoder.dense_head.heads_list.5.center.0.1.bias', 'decoder.dense_head.heads_list.5.center.0.1.running_mean', 'decoder.dense_head.heads_list.5.center.0.1.running_var', 'decoder.dense_head.heads_list.5.center.1.weight', 'decoder.dense_head.heads_list.5.center.1.bias', 'decoder.dense_head.heads_list.5.center_z.0.0.weight', 'decoder.dense_head.heads_list.5.center_z.0.0.bias', 'decoder.dense_head.heads_list.5.center_z.0.1.weight', 'decoder.dense_head.heads_list.5.center_z.0.1.bias', 'decoder.dense_head.heads_list.5.center_z.0.1.running_mean', 'decoder.dense_head.heads_list.5.center_z.0.1.running_var', 'decoder.dense_head.heads_list.5.center_z.1.weight', 'decoder.dense_head.heads_list.5.center_z.1.bias', 'decoder.dense_head.heads_list.5.dim.0.0.weight', 'decoder.dense_head.heads_list.5.dim.0.0.bias', 'decoder.dense_head.heads_list.5.dim.0.1.weight', 'decoder.dense_head.heads_list.5.dim.0.1.bias', 'decoder.dense_head.heads_list.5.dim.0.1.running_mean', 'decoder.dense_head.heads_list.5.dim.0.1.running_var', 'decoder.dense_head.heads_list.5.dim.1.weight', 'decoder.dense_head.heads_list.5.dim.1.bias', 'decoder.dense_head.heads_list.5.rot.0.0.weight', 'decoder.dense_head.heads_list.5.rot.0.0.bias', 'decoder.dense_head.heads_list.5.rot.0.1.weight', 'decoder.dense_head.heads_list.5.rot.0.1.bias', 'decoder.dense_head.heads_list.5.rot.0.1.running_mean', 'decoder.dense_head.heads_list.5.rot.0.1.running_var', 'decoder.dense_head.heads_list.5.rot.1.weight', 'decoder.dense_head.heads_list.5.rot.1.bias', 'decoder.dense_head.heads_list.5.vel.0.0.weight', 'decoder.dense_head.heads_list.5.vel.0.0.bias', 'decoder.dense_head.heads_list.5.vel.0.1.weight', 'decoder.dense_head.heads_list.5.vel.0.1.bias', 'decoder.dense_head.heads_list.5.vel.0.1.running_mean', 'decoder.dense_head.heads_list.5.vel.0.1.running_var', 'decoder.dense_head.heads_list.5.vel.1.weight', 'decoder.dense_head.heads_list.5.vel.1.bias', 'decoder.dense_head.heads_list.5.hm.0.0.weight', 'decoder.dense_head.heads_list.5.hm.0.0.bias', 'decoder.dense_head.heads_list.5.hm.0.1.weight', 'decoder.dense_head.heads_list.5.hm.0.1.bias', 'decoder.dense_head.heads_list.5.hm.0.1.running_mean', 'decoder.dense_head.heads_list.5.hm.0.1.running_var', 'decoder.dense_head.heads_list.5.hm.1.weight', 'decoder.dense_head.heads_list.5.hm.1.bias', 'map_decoder.pts_bbox_head.code_weights', 'map_decoder.pts_bbox_head.loss_seg.loss_fn.pos_weight', 'map_decoder.pts_bbox_head.loss_pv_seg.loss_fn.pos_weight', 'map_decoder.pts_bbox_head.map_adapter_layers.0.0.weight', 'map_decoder.pts_bbox_head.map_adapter_layers.0.0.bias', 'map_decoder.pts_bbox_head.map_adapter_layers.0.1.weight', 'map_decoder.pts_bbox_head.map_adapter_layers.0.1.bias', 'map_decoder.pts_bbox_head.map_adapter_layers.0.1.running_mean', 'map_decoder.pts_bbox_head.map_adapter_layers.0.1.running_var', 'map_decoder.pts_bbox_head.map_adapter_layers.1.weight', 'map_decoder.pts_bbox_head.map_adapter_layers.1.bias', 'map_decoder.pts_bbox_head.cls_branches.0.weight', 'map_decoder.pts_bbox_head.cls_branches.0.bias', 'map_decoder.pts_bbox_head.cls_branches.1.weight', 'map_decoder.pts_bbox_head.cls_branches.1.bias', 'map_decoder.pts_bbox_head.cls_branches.3.weight', 'map_decoder.pts_bbox_head.cls_branches.3.bias', 'map_decoder.pts_bbox_head.cls_branches.4.weight', 'map_decoder.pts_bbox_head.cls_branches.4.bias', 'map_decoder.pts_bbox_head.cls_branches.6.weight', 'map_decoder.pts_bbox_head.cls_branches.6.bias', 'map_decoder.pts_bbox_head.reg_branches.0.weight', 'map_decoder.pts_bbox_head.reg_branches.0.bias', 'map_decoder.pts_bbox_head.reg_branches.2.weight', 'map_decoder.pts_bbox_head.reg_branches.2.bias', 'map_decoder.pts_bbox_head.reg_branches.4.weight', 'map_decoder.pts_bbox_head.reg_branches.4.bias', 'map_decoder.pts_bbox_head.reg_branches.6.weight', 'map_decoder.pts_bbox_head.reg_branches.6.bias', 'planner_head.ego_query.weight', 'planner_head.ego_agent_decoder.layers.0.attentions.0.attn.in_proj_weight', 'planner_head.ego_agent_decoder.layers.0.attentions.0.attn.in_proj_bias', 'planner_head.ego_agent_decoder.layers.0.attentions.0.attn.out_proj.weight', 'planner_head.ego_agent_decoder.layers.0.attentions.0.attn.out_proj.bias', 'planner_head.ego_agent_decoder.layers.0.ffns.0.layers.0.0.weight', 'planner_head.ego_agent_decoder.layers.0.ffns.0.layers.0.0.bias', 'planner_head.ego_agent_decoder.layers.0.ffns.0.layers.1.weight', 'planner_head.ego_agent_decoder.layers.0.ffns.0.layers.1.bias', 'planner_head.ego_agent_decoder.layers.0.norms.0.weight', 'planner_head.ego_agent_decoder.layers.0.norms.0.bias', 'planner_head.ego_agent_decoder.layers.0.norms.1.weight', 'planner_head.ego_agent_decoder.layers.0.norms.1.bias', 'planner_head.ego_map_decoder.layers.0.attentions.0.attn.in_proj_weight', 'planner_head.ego_map_decoder.layers.0.attentions.0.attn.in_proj_bias', 'planner_head.ego_map_decoder.layers.0.attentions.0.attn.out_proj.weight', 'planner_head.ego_map_decoder.layers.0.attentions.0.attn.out_proj.bias', 'planner_head.ego_map_decoder.layers.0.ffns.0.layers.0.0.weight', 'planner_head.ego_map_decoder.layers.0.ffns.0.layers.0.0.bias', 'planner_head.ego_map_decoder.layers.0.ffns.0.layers.1.weight', 'planner_head.ego_map_decoder.layers.0.ffns.0.layers.1.bias', 'planner_head.ego_map_decoder.layers.0.norms.0.weight', 'planner_head.ego_map_decoder.layers.0.norms.0.bias', 'planner_head.ego_map_decoder.layers.0.norms.1.weight', 'planner_head.ego_map_decoder.layers.0.norms.1.bias', 'planner_head.ego_gaussian_decoder.layers.0.attentions.0.attn.in_proj_weight', 'planner_head.ego_gaussian_decoder.layers.0.attentions.0.attn.in_proj_bias', 'planner_head.ego_gaussian_decoder.layers.0.attentions.0.attn.out_proj.weight', 'planner_head.ego_gaussian_decoder.layers.0.attentions.0.attn.out_proj.bias', 'planner_head.ego_gaussian_decoder.layers.0.ffns.0.layers.0.0.weight', 'planner_head.ego_gaussian_decoder.layers.0.ffns.0.layers.0.0.bias', 'planner_head.ego_gaussian_decoder.layers.0.ffns.0.layers.1.weight', 'planner_head.ego_gaussian_decoder.layers.0.ffns.0.layers.1.bias', 'planner_head.ego_gaussian_decoder.layers.0.norms.0.weight', 'planner_head.ego_gaussian_decoder.layers.0.norms.0.bias', 'planner_head.ego_gaussian_decoder.layers.0.norms.1.weight', 'planner_head.ego_gaussian_decoder.layers.0.norms.1.bias', 'planner_head.ego_fut_decoder.0.weight', 'planner_head.ego_fut_decoder.0.bias', 'planner_head.ego_fut_decoder.2.weight', 'planner_head.ego_fut_decoder.2.bias', 'planner_head.ego_fut_decoder.4.weight', 'planner_head.ego_fut_decoder.4.bias', 'planner_head.agent_fus_mlp.0.weight', 'planner_head.agent_fus_mlp.0.bias', 'planner_head.agent_fus_mlp.1.weight', 'planner_head.agent_fus_mlp.1.bias', 'planner_head.agent_fus_mlp.3.weight', 'planner_head.agent_fus_mlp.3.bias', 'planner_head.map_fus_mlp.0.weight', 'planner_head.map_fus_mlp.0.bias', 'planner_head.map_fus_mlp.1.weight', 'planner_head.map_fus_mlp.1.bias', 'planner_head.map_fus_mlp.3.weight', 'planner_head.map_fus_mlp.3.bias', 'planner_head.gaussian_fus_mlp.0.weight', 'planner_head.gaussian_fus_mlp.0.bias', 'planner_head.gaussian_fus_mlp.1.weight', 'planner_head.gaussian_fus_mlp.1.bias', 'planner_head.gaussian_fus_mlp.3.weight', 'planner_head.gaussian_fus_mlp.3.bias'], unexpected_keys=['bbox_head.bld_alpha', 'bbox_head.cls_convs.0.conv.weight', 'bbox_head.cls_convs.0.conv.bias', 'bbox_head.cls_convs.0.gn.weight', 'bbox_head.cls_convs.0.gn.bias', 'bbox_head.cls_convs.1.conv.weight', 'bbox_head.cls_convs.1.conv.bias', 'bbox_head.cls_convs.1.conv.conv_offset.weight', 'bbox_head.cls_convs.1.conv.conv_offset.bias', 'bbox_head.cls_convs.1.gn.weight', 'bbox_head.cls_convs.1.gn.bias', 'bbox_head.reg_convs.0.conv.weight', 'bbox_head.reg_convs.0.conv.bias', 'bbox_head.reg_convs.0.gn.weight', 'bbox_head.reg_convs.0.gn.bias', 'bbox_head.reg_convs.1.conv.weight', 'bbox_head.reg_convs.1.conv.bias', 'bbox_head.reg_convs.1.conv.conv_offset.weight', 'bbox_head.reg_convs.1.conv.conv_offset.bias', 'bbox_head.reg_convs.1.gn.weight', 'bbox_head.reg_convs.1.gn.bias', 'bbox_head.conv_cls_prev.0.conv.weight', 'bbox_head.conv_cls_prev.0.conv.bias', 'bbox_head.conv_cls_prev.0.gn.weight', 'bbox_head.conv_cls_prev.0.gn.bias', 'bbox_head.conv_cls.weight', 'bbox_head.conv_cls.bias', 'bbox_head.conv_reg_prevs.0.0.conv.weight', 'bbox_head.conv_reg_prevs.0.0.conv.bias', 'bbox_head.conv_reg_prevs.0.0.gn.weight', 'bbox_head.conv_reg_prevs.0.0.gn.bias', 'bbox_head.conv_reg_prevs.1.0.conv.weight', 'bbox_head.conv_reg_prevs.1.0.conv.bias', 'bbox_head.conv_reg_prevs.1.0.gn.weight', 'bbox_head.conv_reg_prevs.1.0.gn.bias', 'bbox_head.conv_reg_prevs.2.0.conv.weight', 'bbox_head.conv_reg_prevs.2.0.conv.bias', 'bbox_head.conv_reg_prevs.2.0.gn.weight', 'bbox_head.conv_reg_prevs.2.0.gn.bias', 'bbox_head.conv_reg_prevs.3.0.conv.weight', 'bbox_head.conv_reg_prevs.3.0.conv.bias', 'bbox_head.conv_reg_prevs.3.0.gn.weight', 'bbox_head.conv_reg_prevs.3.0.gn.bias', 'bbox_head.conv_reg_prevs.5.0.conv.weight', 'bbox_head.conv_reg_prevs.5.0.conv.bias', 'bbox_head.conv_reg_prevs.5.0.gn.weight', 'bbox_head.conv_reg_prevs.5.0.gn.bias', 'bbox_head.conv_regs.0.weight', 'bbox_head.conv_regs.0.bias', 'bbox_head.conv_regs.1.weight', 'bbox_head.conv_regs.1.bias', 'bbox_head.conv_regs.2.weight', 'bbox_head.conv_regs.2.bias', 'bbox_head.conv_regs.3.weight', 'bbox_head.conv_regs.3.bias', 'bbox_head.conv_regs.4.weight', 'bbox_head.conv_regs.4.bias', 'bbox_head.conv_regs.5.weight', 'bbox_head.conv_regs.5.bias', 'bbox_head.conv_dir_cls_prev.0.conv.weight', 'bbox_head.conv_dir_cls_prev.0.conv.bias', 'bbox_head.conv_dir_cls_prev.0.gn.weight', 'bbox_head.conv_dir_cls_prev.0.gn.bias', 'bbox_head.conv_dir_cls.weight', 'bbox_head.conv_dir_cls.bias', 'bbox_head.conv_attr_prev.0.conv.weight', 'bbox_head.conv_attr_prev.0.conv.bias', 'bbox_head.conv_attr_prev.0.gn.weight', 'bbox_head.conv_attr_prev.0.gn.bias', 'bbox_head.conv_attr.weight', 'bbox_head.conv_attr.bias', 'bbox_head.conv_depth_cls_prev.0.conv.weight', 'bbox_head.conv_depth_cls_prev.0.conv.bias', 'bbox_head.conv_depth_cls_prev.0.gn.weight', 'bbox_head.conv_depth_cls_prev.0.gn.bias', 'bbox_head.conv_depth_cls.weight', 'bbox_head.conv_depth_cls.bias', 'bbox_head.conv_centerness_prev.0.conv.weight', 'bbox_head.conv_centerness_prev.0.conv.bias', 'bbox_head.conv_centerness_prev.0.gn.weight', 'bbox_head.conv_centerness_prev.0.gn.bias', 'bbox_head.conv_centerness.weight', 'bbox_head.conv_centerness.bias', 'bbox_head.scales.0.0.scale', 'bbox_head.scales.0.1.scale', 'bbox_head.scales.0.2.scale', 'bbox_head.scales.0.3.scale', 'bbox_head.scales.1.0.scale', 'bbox_head.scales.1.1.scale', 'bbox_head.scales.1.2.scale', 'bbox_head.scales.1.3.scale', 'bbox_head.scales.2.0.scale', 'bbox_head.scales.2.1.scale', 'bbox_head.scales.2.2.scale', 'bbox_head.scales.2.3.scale', 'bbox_head.scales.3.0.scale', 'bbox_head.scales.3.1.scale', 'bbox_head.scales.3.2.scale', 'bbox_head.scales.3.3.scale', 'bbox_head.scales.4.0.scale', 'bbox_head.scales.4.1.scale', 'bbox_head.scales.4.2.scale', 'bbox_head.scales.4.3.scale'])
06/30 03:44:45 - mmengine - INFO - [TRAIN] Epoch 0 Iter     0/750: Loss: 58.244 (58.244), grad_norm: 428.070, lr: 0.0000010, time: 23.525 (4.242)
06/30 03:44:45 - mmengine - INFO - OccupancyLoss: 21.49877, OccupancyFlowLoss: 19.86252, DetectionLoss: 16.88271
06/30 03:49:59 - mmengine - INFO - [TRAIN] Epoch 0 Iter    50/750: Loss: 62.464 (50.430), grad_norm: 399.912, lr: 0.0000029, time: 5.560 (0.008)
06/30 03:49:59 - mmengine - INFO - OccupancyLoss: 31.52707, OccupancyFlowLoss: 17.99869, DetectionLoss: 12.93785
06/30 03:54:10 - mmengine - INFO - [TRAIN] Epoch 0 Iter   100/750: Loss: 54.896 (49.880), grad_norm: 237.727, lr: 0.0000048, time: 5.128 (0.008)
06/30 03:54:10 - mmengine - INFO - OccupancyLoss: 22.69676, OccupancyFlowLoss: 18.90824, DetectionLoss: 13.29060
06/30 03:58:30 - mmengine - INFO - [TRAIN] Epoch 0 Iter   150/750: Loss: 47.934 (48.643), grad_norm: 129.096, lr: 0.0000067, time: 10.163 (0.015)
06/30 03:58:30 - mmengine - INFO - OccupancyLoss: 13.90152, OccupancyFlowLoss: 22.23620, DetectionLoss: 11.79623
06/30 04:04:47 - mmengine - INFO - [TRAIN] Epoch 0 Iter   200/750: Loss: 51.681 (43.572), grad_norm: 37.794, lr: 0.0000086, time: 4.996 (0.008)
06/30 04:04:47 - mmengine - INFO - OccupancyLoss: 20.93245, OccupancyFlowLoss: 19.37584, DetectionLoss: 11.37245
06/30 04:08:57 - mmengine - INFO - [TRAIN] Epoch 0 Iter   250/750: Loss: 43.511 (44.941), grad_norm: 38.629, lr: 0.0000105, time: 5.078 (0.008)
06/30 04:08:57 - mmengine - INFO - OccupancyLoss: 7.35829, OccupancyFlowLoss: 20.25779, DetectionLoss: 15.89533
06/30 04:13:48 - mmengine - INFO - [TRAIN] Epoch 0 Iter   300/750: Loss: 39.103 (42.426), grad_norm: 26.644, lr: 0.0000124, time: 4.963 (0.008)
06/30 04:13:48 - mmengine - INFO - OccupancyLoss: 11.08366, OccupancyFlowLoss: 20.29535, DetectionLoss: 7.72406
06/30 04:17:58 - mmengine - INFO - [TRAIN] Epoch 0 Iter   350/750: Loss: 44.632 (44.128), grad_norm: 21.209, lr: 0.0000143, time: 4.979 (0.008)
06/30 04:17:58 - mmengine - INFO - OccupancyLoss: 14.76341, OccupancyFlowLoss: 13.03371, DetectionLoss: 16.83497
06/30 04:22:07 - mmengine - INFO - [TRAIN] Epoch 0 Iter   400/750: Loss: 32.692 (40.701), grad_norm: 21.585, lr: 0.0000162, time: 4.983 (0.008)
06/30 04:22:07 - mmengine - INFO - OccupancyLoss: 10.28446, OccupancyFlowLoss: 20.48157, DetectionLoss: 1.92607
06/30 04:29:14 - mmengine - INFO - [TRAIN] Epoch 0 Iter   450/750: Loss: 44.730 (42.764), grad_norm: 53.126, lr: 0.0000181, time: 4.957 (0.008)
06/30 04:29:14 - mmengine - INFO - OccupancyLoss: 12.40895, OccupancyFlowLoss: 20.93353, DetectionLoss: 11.38777
06/30 04:33:32 - mmengine - INFO - [TRAIN] Epoch 0 Iter   500/750: Loss: 40.910 (40.324), grad_norm: 21.533, lr: 0.0000200, time: 4.955 (0.008)
06/30 04:33:32 - mmengine - INFO - OccupancyLoss: 12.35826, OccupancyFlowLoss: 20.56183, DetectionLoss: 7.98976
06/30 04:39:10 - mmengine - INFO - [TRAIN] Epoch 0 Iter   550/750: Loss: 38.875 (41.657), grad_norm: 37.888, lr: 0.0000200, time: 5.673 (0.010)
06/30 04:39:10 - mmengine - INFO - OccupancyLoss: 9.40109, OccupancyFlowLoss: 18.52855, DetectionLoss: 10.94511
06/30 04:43:16 - mmengine - INFO - [TRAIN] Epoch 0 Iter   600/750: Loss: 41.399 (41.309), grad_norm: 28.381, lr: 0.0000200, time: 4.951 (0.008)
06/30 04:43:16 - mmengine - INFO - OccupancyLoss: 7.96379, OccupancyFlowLoss: 21.22024, DetectionLoss: 12.21480
06/30 04:47:22 - mmengine - INFO - [TRAIN] Epoch 0 Iter   650/750: Loss: 37.686 (39.567), grad_norm: 19.170, lr: 0.0000200, time: 4.807 (0.008)
06/30 04:47:22 - mmengine - INFO - OccupancyLoss: 13.68759, OccupancyFlowLoss: 18.94198, DetectionLoss: 5.05655
06/30 04:53:40 - mmengine - INFO - [TRAIN] Epoch 0 Iter   700/750: Loss: 46.020 (38.134), grad_norm: 32.394, lr: 0.0000200, time: 11.945 (0.020)
06/30 04:53:40 - mmengine - INFO - OccupancyLoss: 17.76679, OccupancyFlowLoss: 17.68210, DetectionLoss: 10.57136
06/30 04:58:08 - mmengine - INFO - [EVAL] Epoch 1 Iter     0: Loss: 38.703 (38.703)
06/30 04:58:08 - mmengine - INFO - OccupancyLoss: 9.26275, OccupancyFlowLoss: 20.25415, DetectionLoss: 9.18606
06/30 04:59:23 - mmengine - INFO - [EVAL] Epoch 1 Iter    50: Loss: 33.286 (36.687)
06/30 04:59:23 - mmengine - INFO - OccupancyLoss: 7.87393, OccupancyFlowLoss: 19.66228, DetectionLoss: 5.75019
06/30 05:00:28 - mmengine - INFO - [EVAL] Epoch 1 Iter   100: Loss: 37.430 (36.542)
06/30 05:00:28 - mmengine - INFO - OccupancyLoss: 11.30454, OccupancyFlowLoss: 19.03654, DetectionLoss: 7.08889
06/30 05:01:32 - mmengine - INFO - [EVAL] Epoch 1 Iter   150: Loss: 16.176 (37.153)
06/30 05:01:32 - mmengine - INFO - OccupancyLoss: 7.78785, OccupancyFlowLoss: 6.63145, DetectionLoss: 1.75674
06/30 05:02:32 - mmengine - INFO - [EVAL] Epoch 1 Iter   200: Loss: 29.809 (37.353)
06/30 05:02:32 - mmengine - INFO - OccupancyLoss: 14.07646, OccupancyFlowLoss: 9.36010, DetectionLoss: 6.37280
06/30 05:03:43 - mmengine - INFO - [EVAL] Epoch 1 Iter   250: Loss: 41.399 (37.618)
06/30 05:03:43 - mmengine - INFO - OccupancyLoss: 11.77400, OccupancyFlowLoss: 19.56388, DetectionLoss: 10.06136
06/30 05:06:14 - mmengine - INFO - [EVAL] Epoch 1 Iter   300: Loss: 35.302 (37.431)
06/30 05:06:14 - mmengine - INFO - OccupancyLoss: 10.16661, OccupancyFlowLoss: 19.11985, DetectionLoss: 6.01540
06/30 05:07:13 - mmengine - INFO - [EVAL] Epoch 1 Iter   350: Loss: 28.653 (37.635)
06/30 05:07:13 - mmengine - INFO - OccupancyLoss: 10.27881, OccupancyFlowLoss: 9.64859, DetectionLoss: 8.72511
06/30 05:08:10 - mmengine - INFO - [EVAL] Epoch 1 Iter   400: Loss: 25.687 (37.456)
06/30 05:08:10 - mmengine - INFO - OccupancyLoss: 9.98253, OccupancyFlowLoss: 3.27683, DetectionLoss: 12.42784
06/30 05:09:08 - mmengine - INFO - [EVAL] Epoch 1 Iter   450: Loss: 46.629 (37.503)
06/30 05:09:08 - mmengine - INFO - OccupancyLoss: 11.85894, OccupancyFlowLoss: 19.07185, DetectionLoss: 15.69850
06/30 05:10:04 - mmengine - INFO - Validation per class iou none:
06/30 05:10:04 - mmengine - INFO - barrier : 0.00%, 0.00, 0.00
06/30 05:10:04 - mmengine - INFO - bicycle : 0.00%, 0.00, 0.00
06/30 05:10:04 - mmengine - INFO - bus : 0.00%, 0.00, 0.00
06/30 05:10:04 - mmengine - INFO - car : 0.01%, 0.06, 0.00
06/30 05:10:04 - mmengine - INFO - construction_vehicle : 0.00%, 0.00, 0.00
06/30 05:10:04 - mmengine - INFO - motorcycle : 0.00%, 0.00, 0.00
06/30 05:10:04 - mmengine - INFO - pedestrian : 0.00%, 0.00, 0.00
06/30 05:10:04 - mmengine - INFO - traffic_cone : 0.00%, 0.00, 0.00
06/30 05:10:04 - mmengine - INFO - trailer : 0.00%, 0.00, 0.00
06/30 05:10:04 - mmengine - INFO - truck : 0.00%, 0.00, 0.00
06/30 05:10:04 - mmengine - INFO - driveable_surface : 22.43%, 0.51, 0.29
06/30 05:10:04 - mmengine - INFO - other_flat : 0.00%, 0.00, 0.00
06/30 05:10:04 - mmengine - INFO - sidewalk : 2.16%, 0.17, 0.02
06/30 05:10:04 - mmengine - INFO - terrain : 0.06%, 0.19, 0.00
06/30 05:10:04 - mmengine - INFO - manmade : 0.01%, 0.08, 0.00
06/30 05:10:04 - mmengine - INFO - vegetation : 0.25%, 0.22, 0.00
06/30 05:10:04 - mmengine - INFO - tensor([  213109,    14566,   204192,  1435223,   106632,    22025,   206833,
           42653,   134799,   555406,  7051599,   345594,  2482869,  3418334,
         7852446,  8317553, 32659904], device='cuda:0', dtype=torch.int32)
06/30 05:10:04 - mmengine - INFO - tensor([      0,       0,       0,     124,       0,       0,       0,       0,
              0,       0, 2015713,       0,   60071,    2209,     687,   21393,
        2982890], device='cuda:0', dtype=torch.int32)
06/30 05:10:04 - mmengine - INFO - tensor([      0,       0,       0,    2129,       0,       0,       0,       0,
              0,       0, 3951066,       0,  356051,   11579,    8515,   96903,
        4426243], device='cuda:0', dtype=torch.int32)
06/30 05:10:04 - mmengine - INFO - mIoU: 1.5579846257423924, iou2: 8.74664306640625
06/30 05:10:04 - mmengine - INFO - Current val loss is 37.566
06/30 05:10:23 - mmengine - INFO - [TRAIN] Epoch 1 Iter     0/750: Loss: 40.122 (40.122), grad_norm: 22.823, lr: 0.0000200, time: 8.493 (3.483)
06/30 05:10:23 - mmengine - INFO - OccupancyLoss: 10.28630, OccupancyFlowLoss: 19.35100, DetectionLoss: 10.48495
06/30 05:14:29 - mmengine - INFO - [TRAIN] Epoch 1 Iter    50/750: Loss: 23.617 (36.562), grad_norm: 26.318, lr: 0.0000200, time: 4.902 (0.008)
06/30 05:14:29 - mmengine - INFO - OccupancyLoss: 8.96804, OccupancyFlowLoss: 9.43153, DetectionLoss: 5.21713
06/30 05:19:24 - mmengine - INFO - [TRAIN] Epoch 1 Iter   100/750: Loss: 35.826 (35.438), grad_norm: 22.891, lr: 0.0000200, time: 5.012 (0.008)
06/30 05:19:24 - mmengine - INFO - OccupancyLoss: 9.83060, OccupancyFlowLoss: 18.75357, DetectionLoss: 7.24187
06/30 05:23:30 - mmengine - INFO - [TRAIN] Epoch 1 Iter   150/750: Loss: 32.263 (36.826), grad_norm: 22.233, lr: 0.0000200, time: 4.897 (0.008)
06/30 05:23:30 - mmengine - INFO - OccupancyLoss: 9.18031, OccupancyFlowLoss: 18.26507, DetectionLoss: 4.81747
06/30 05:27:36 - mmengine - INFO - [TRAIN] Epoch 1 Iter   200/750: Loss: 29.220 (34.033), grad_norm: 34.514, lr: 0.0000200, time: 4.952 (0.008)
06/30 05:27:36 - mmengine - INFO - OccupancyLoss: 6.70778, OccupancyFlowLoss: 18.41845, DetectionLoss: 4.09397
06/30 05:31:42 - mmengine - INFO - [TRAIN] Epoch 1 Iter   250/750: Loss: 35.331 (36.655), grad_norm: 32.148, lr: 0.0000200, time: 4.914 (0.008)
06/30 05:31:42 - mmengine - INFO - OccupancyLoss: 6.91425, OccupancyFlowLoss: 18.35109, DetectionLoss: 10.06570
06/30 05:35:48 - mmengine - INFO - [TRAIN] Epoch 1 Iter   300/750: Loss: 38.720 (34.805), grad_norm: 18.113, lr: 0.0000200, time: 4.958 (0.008)
06/30 05:35:48 - mmengine - INFO - OccupancyLoss: 10.37581, OccupancyFlowLoss: 17.95085, DetectionLoss: 10.39336
06/30 05:39:54 - mmengine - INFO - [TRAIN] Epoch 1 Iter   350/750: Loss: 37.770 (35.724), grad_norm: 15.847, lr: 0.0000200, time: 4.841 (0.008)
06/30 05:39:54 - mmengine - INFO - OccupancyLoss: 14.69884, OccupancyFlowLoss: 17.40193, DetectionLoss: 5.66877
06/30 05:43:58 - mmengine - INFO - [TRAIN] Epoch 1 Iter   400/750: Loss: 31.324 (34.626), grad_norm: 25.892, lr: 0.0000200, time: 4.949 (0.008)
06/30 05:43:58 - mmengine - INFO - OccupancyLoss: 8.14554, OccupancyFlowLoss: 17.99805, DetectionLoss: 5.18027
06/30 05:48:04 - mmengine - INFO - [TRAIN] Epoch 1 Iter   450/750: Loss: 34.036 (34.787), grad_norm: 15.658, lr: 0.0000200, time: 4.913 (0.008)
06/30 05:48:04 - mmengine - INFO - OccupancyLoss: 9.02952, OccupancyFlowLoss: 17.84621, DetectionLoss: 7.16070
06/30 05:52:10 - mmengine - INFO - [TRAIN] Epoch 1 Iter   500/750: Loss: 38.798 (35.181), grad_norm: 23.209, lr: 0.0000200, time: 4.893 (0.008)
06/30 05:52:10 - mmengine - INFO - OccupancyLoss: 10.32029, OccupancyFlowLoss: 17.85454, DetectionLoss: 10.62337
06/30 05:56:15 - mmengine - INFO - [TRAIN] Epoch 1 Iter   550/750: Loss: 34.135 (34.713), grad_norm: 23.352, lr: 0.0000200, time: 4.930 (0.008)
06/30 05:56:15 - mmengine - INFO - OccupancyLoss: 9.35584, OccupancyFlowLoss: 17.68523, DetectionLoss: 7.09388
06/30 06:00:21 - mmengine - INFO - [TRAIN] Epoch 1 Iter   600/750: Loss: 40.937 (35.162), grad_norm: 17.930, lr: 0.0000200, time: 4.911 (0.008)
06/30 06:00:21 - mmengine - INFO - OccupancyLoss: 9.07479, OccupancyFlowLoss: 17.52831, DetectionLoss: 14.33389
06/30 06:04:26 - mmengine - INFO - [TRAIN] Epoch 1 Iter   650/750: Loss: 38.334 (35.548), grad_norm: 23.599, lr: 0.0000200, time: 4.945 (0.008)
06/30 06:04:26 - mmengine - INFO - OccupancyLoss: 9.89338, OccupancyFlowLoss: 17.60395, DetectionLoss: 10.83676
06/30 06:08:32 - mmengine - INFO - [TRAIN] Epoch 1 Iter   700/750: Loss: 38.480 (33.435), grad_norm: 21.718, lr: 0.0000200, time: 4.937 (0.008)
06/30 06:08:32 - mmengine - INFO - OccupancyLoss: 13.52486, OccupancyFlowLoss: 17.62625, DetectionLoss: 7.32896
06/30 06:12:43 - mmengine - INFO - [EVAL] Epoch 2 Iter     0: Loss: 33.967 (33.967)
06/30 06:12:43 - mmengine - INFO - OccupancyLoss: 7.06613, OccupancyFlowLoss: 17.93790, DetectionLoss: 8.96286
06/30 06:13:39 - mmengine - INFO - [EVAL] Epoch 2 Iter    50: Loss: 30.800 (33.669)
06/30 06:13:39 - mmengine - INFO - OccupancyLoss: 6.73650, OccupancyFlowLoss: 17.82559, DetectionLoss: 6.23793
06/30 06:14:35 - mmengine - INFO - [EVAL] Epoch 2 Iter   100: Loss: 33.730 (33.379)
06/30 06:14:35 - mmengine - INFO - OccupancyLoss: 9.84386, OccupancyFlowLoss: 17.72967, DetectionLoss: 6.15598
06/30 06:15:32 - mmengine - INFO - [EVAL] Epoch 2 Iter   150: Loss: 14.274 (33.953)
06/30 06:15:32 - mmengine - INFO - OccupancyLoss: 6.90634, OccupancyFlowLoss: 5.94944, DetectionLoss: 1.41814
06/30 06:16:28 - mmengine - INFO - [EVAL] Epoch 2 Iter   200: Loss: 25.421 (34.221)
06/30 06:16:28 - mmengine - INFO - OccupancyLoss: 10.90431, OccupancyFlowLoss: 8.85123, DetectionLoss: 5.66509
06/30 06:17:25 - mmengine - INFO - [EVAL] Epoch 2 Iter   250: Loss: 37.565 (34.456)
06/30 06:17:25 - mmengine - INFO - OccupancyLoss: 9.72534, OccupancyFlowLoss: 17.73734, DetectionLoss: 10.10196
06/30 06:18:21 - mmengine - INFO - [EVAL] Epoch 2 Iter   300: Loss: 32.668 (34.276)
06/30 06:18:21 - mmengine - INFO - OccupancyLoss: 8.91666, OccupancyFlowLoss: 17.62410, DetectionLoss: 6.12728
06/30 06:19:18 - mmengine - INFO - [EVAL] Epoch 2 Iter   350: Loss: 26.613 (34.445)
06/30 06:19:18 - mmengine - INFO - OccupancyLoss: 8.77195, OccupancyFlowLoss: 8.99647, DetectionLoss: 8.84464
06/30 06:20:14 - mmengine - INFO - [EVAL] Epoch 2 Iter   400: Loss: 23.613 (34.282)
06/30 06:20:14 - mmengine - INFO - OccupancyLoss: 8.17548, OccupancyFlowLoss: 2.98364, DetectionLoss: 12.45379
06/30 06:21:11 - mmengine - INFO - [EVAL] Epoch 2 Iter   450: Loss: 43.061 (34.305)
06/30 06:21:11 - mmengine - INFO - OccupancyLoss: 10.39138, OccupancyFlowLoss: 17.78157, DetectionLoss: 14.88841
06/30 06:22:07 - mmengine - INFO - Validation per class iou none:
06/30 06:22:07 - mmengine - INFO - barrier : 0.00%, 0.00, 0.00
06/30 06:22:07 - mmengine - INFO - bicycle : 0.00%, 0.00, 0.00
06/30 06:22:07 - mmengine - INFO - bus : 0.00%, 0.00, 0.00
06/30 06:22:07 - mmengine - INFO - car : 0.17%, 0.19, 0.00
06/30 06:22:07 - mmengine - INFO - construction_vehicle : 0.00%, 0.00, 0.00
06/30 06:22:07 - mmengine - INFO - motorcycle : 0.00%, 0.00, 0.00
06/30 06:22:07 - mmengine - INFO - pedestrian : 0.00%, 0.00, 0.00
06/30 06:22:07 - mmengine - INFO - traffic_cone : 0.00%, 0.00, 0.00
06/30 06:22:07 - mmengine - INFO - trailer : 0.00%, 0.00, 0.00
06/30 06:22:07 - mmengine - INFO - truck : 0.01%, 0.18, 0.00
06/30 06:22:07 - mmengine - INFO - driveable_surface : 29.63%, 0.52, 0.41
06/30 06:22:07 - mmengine - INFO - other_flat : 0.00%, 0.00, 0.00
06/30 06:22:07 - mmengine - INFO - sidewalk : 0.75%, 0.21, 0.01
06/30 06:22:07 - mmengine - INFO - terrain : 6.10%, 0.24, 0.08
06/30 06:22:07 - mmengine - INFO - manmade : 0.26%, 0.10, 0.00
06/30 06:22:07 - mmengine - INFO - vegetation : 4.65%, 0.27, 0.05
06/30 06:22:07 - mmengine - INFO - tensor([  213109,    14566,   204192,  1435223,   106632,    22025,   206833,
           42653,   134799,   555406,  7051599,   345594,  2482869,  3418334,
         7852446,  8317553, 32659904], device='cuda:0', dtype=torch.int32)
06/30 06:22:07 - mmengine - INFO - tensor([      0,       0,       0,    2401,       0,       0,       0,       0,
              0,      31, 2889086,       0,   19108,  259124,   20594,  443731,
        5152401], device='cuda:0', dtype=torch.int32)
06/30 06:22:07 - mmengine - INFO - tensor([      0,       0,       0,   12607,       0,       0,       0,       0,
              0,     172, 5589412,       0,   89606, 1087191,  209681, 1671644,
        8660313], device='cuda:0', dtype=torch.int32)
06/30 06:22:07 - mmengine - INFO - mIoU: 2.5970463537078103, iou2: 14.245817184448242
06/30 06:22:07 - mmengine - INFO - Current val loss is 34.364
06/30 06:22:25 - mmengine - INFO - [TRAIN] Epoch 2 Iter     0/750: Loss: 50.435 (50.435), grad_norm: 29.617, lr: 0.0000200, time: 8.113 (3.150)
06/30 06:22:25 - mmengine - INFO - OccupancyLoss: 22.36709, OccupancyFlowLoss: 17.49813, DetectionLoss: 10.57005
06/30 06:26:31 - mmengine - INFO - [TRAIN] Epoch 2 Iter    50/750: Loss: 37.919 (35.100), grad_norm: 26.585, lr: 0.0000200, time: 4.822 (0.008)
06/30 06:26:31 - mmengine - INFO - OccupancyLoss: 8.53624, OccupancyFlowLoss: 17.76962, DetectionLoss: 11.61269
06/30 06:30:36 - mmengine - INFO - [TRAIN] Epoch 2 Iter   100/750: Loss: 30.878 (33.973), grad_norm: 23.480, lr: 0.0000200, time: 4.922 (0.008)
06/30 06:30:36 - mmengine - INFO - OccupancyLoss: 9.93180, OccupancyFlowLoss: 17.64956, DetectionLoss: 3.29680
06/30 06:34:42 - mmengine - INFO - [TRAIN] Epoch 2 Iter   150/750: Loss: 14.237 (34.092), grad_norm: 25.221, lr: 0.0000200, time: 4.803 (0.008)
06/30 06:34:42 - mmengine - INFO - OccupancyLoss: 9.61313, OccupancyFlowLoss: 0.00000, DetectionLoss: 4.62397
06/30 06:38:48 - mmengine - INFO - [TRAIN] Epoch 2 Iter   200/750: Loss: 31.091 (34.030), grad_norm: 16.898, lr: 0.0000200, time: 4.972 (0.008)
06/30 06:38:48 - mmengine - INFO - OccupancyLoss: 8.61976, OccupancyFlowLoss: 17.46360, DetectionLoss: 5.00729
06/30 06:43:24 - mmengine - INFO - [TRAIN] Epoch 2 Iter   250/750: Loss: 33.142 (33.978), grad_norm: 14.695, lr: 0.0000200, time: 5.002 (0.008)
06/30 06:43:24 - mmengine - INFO - OccupancyLoss: 8.27518, OccupancyFlowLoss: 17.75166, DetectionLoss: 7.11536
06/30 06:47:30 - mmengine - INFO - [TRAIN] Epoch 2 Iter   300/750: Loss: 30.890 (33.708), grad_norm: 18.964, lr: 0.0000200, time: 4.939 (0.008)
06/30 06:47:30 - mmengine - INFO - OccupancyLoss: 9.96105, OccupancyFlowLoss: 17.83513, DetectionLoss: 3.09358
06/30 06:51:34 - mmengine - INFO - [TRAIN] Epoch 2 Iter   350/750: Loss: 25.621 (32.974), grad_norm: 26.772, lr: 0.0000200, time: 4.932 (0.008)
06/30 06:51:34 - mmengine - INFO - OccupancyLoss: 8.83986, OccupancyFlowLoss: 11.85277, DetectionLoss: 4.92792
06/30 06:55:40 - mmengine - INFO - [TRAIN] Epoch 2 Iter   400/750: Loss: 26.360 (31.904), grad_norm: 23.730, lr: 0.0000200, time: 4.842 (0.008)
06/30 06:55:40 - mmengine - INFO - OccupancyLoss: 7.63860, OccupancyFlowLoss: 8.91335, DetectionLoss: 9.80835
06/30 06:59:45 - mmengine - INFO - [TRAIN] Epoch 2 Iter   450/750: Loss: 37.116 (32.590), grad_norm: 22.296, lr: 0.0000200, time: 4.896 (0.008)
06/30 06:59:45 - mmengine - INFO - OccupancyLoss: 7.68778, OccupancyFlowLoss: 17.95367, DetectionLoss: 11.47433
06/30 07:03:50 - mmengine - INFO - [TRAIN] Epoch 2 Iter   500/750: Loss: 27.200 (32.372), grad_norm: 30.977, lr: 0.0000200, time: 4.919 (0.008)
06/30 07:03:50 - mmengine - INFO - OccupancyLoss: 5.07149, OccupancyFlowLoss: 17.49940, DetectionLoss: 4.62923
06/30 07:07:56 - mmengine - INFO - [TRAIN] Epoch 2 Iter   550/750: Loss: 26.337 (34.009), grad_norm: 26.952, lr: 0.0000200, time: 4.927 (0.008)
06/30 07:07:56 - mmengine - INFO - OccupancyLoss: 7.46822, OccupancyFlowLoss: 11.65304, DetectionLoss: 7.21530
06/30 07:12:02 - mmengine - INFO - [TRAIN] Epoch 2 Iter   600/750: Loss: 36.700 (33.648), grad_norm: 14.978, lr: 0.0000200, time: 4.938 (0.008)
06/30 07:12:02 - mmengine - INFO - OccupancyLoss: 9.07348, OccupancyFlowLoss: 17.74451, DetectionLoss: 9.88229
06/30 07:16:08 - mmengine - INFO - [TRAIN] Epoch 2 Iter   650/750: Loss: 32.933 (31.436), grad_norm: 17.489, lr: 0.0000200, time: 4.879 (0.008)
06/30 07:16:08 - mmengine - INFO - OccupancyLoss: 6.96839, OccupancyFlowLoss: 17.64075, DetectionLoss: 8.32422
06/30 07:20:14 - mmengine - INFO - [TRAIN] Epoch 2 Iter   700/750: Loss: 27.764 (32.022), grad_norm: 24.392, lr: 0.0000200, time: 4.882 (0.008)
06/30 07:20:14 - mmengine - INFO - OccupancyLoss: 9.37541, OccupancyFlowLoss: 14.59936, DetectionLoss: 3.78916
06/30 07:24:23 - mmengine - INFO - [EVAL] Epoch 3 Iter     0: Loss: 33.086 (33.086)
06/30 07:24:23 - mmengine - INFO - OccupancyLoss: 7.55994, OccupancyFlowLoss: 17.73417, DetectionLoss: 7.79158
06/30 07:25:19 - mmengine - INFO - [EVAL] Epoch 3 Iter    50: Loss: 30.096 (32.642)
06/30 07:25:19 - mmengine - INFO - OccupancyLoss: 6.49897, OccupancyFlowLoss: 17.69164, DetectionLoss: 5.90581
06/30 07:26:16 - mmengine - INFO - [EVAL] Epoch 3 Iter   100: Loss: 33.262 (32.333)
06/30 07:26:16 - mmengine - INFO - OccupancyLoss: 9.61563, OccupancyFlowLoss: 17.62638, DetectionLoss: 6.01969
06/30 07:27:12 - mmengine - INFO - [EVAL] Epoch 3 Iter   150: Loss: 13.391 (32.806)
06/30 07:27:12 - mmengine - INFO - OccupancyLoss: 6.90247, OccupancyFlowLoss: 5.93182, DetectionLoss: 0.55681
06/30 07:28:08 - mmengine - INFO - [EVAL] Epoch 3 Iter   200: Loss: 24.629 (32.959)
06/30 07:28:08 - mmengine - INFO - OccupancyLoss: 10.54485, OccupancyFlowLoss: 8.80471, DetectionLoss: 5.27985
06/30 07:29:05 - mmengine - INFO - [EVAL] Epoch 3 Iter   250: Loss: 37.110 (33.175)
06/30 07:29:05 - mmengine - INFO - OccupancyLoss: 9.51495, OccupancyFlowLoss: 17.72670, DetectionLoss: 9.86819
06/30 07:30:02 - mmengine - INFO - [EVAL] Epoch 3 Iter   300: Loss: 31.774 (33.016)
06/30 07:30:02 - mmengine - INFO - OccupancyLoss: 8.96938, OccupancyFlowLoss: 17.53045, DetectionLoss: 5.27451
06/30 07:30:59 - mmengine - INFO - [EVAL] Epoch 3 Iter   350: Loss: 25.728 (33.177)
06/30 07:30:59 - mmengine - INFO - OccupancyLoss: 7.90344, OccupancyFlowLoss: 8.90438, DetectionLoss: 8.92001
06/30 07:32:07 - mmengine - INFO - [EVAL] Epoch 3 Iter   400: Loss: 22.611 (33.038)
06/30 07:32:07 - mmengine - INFO - OccupancyLoss: 8.07610, OccupancyFlowLoss: 2.95724, DetectionLoss: 11.57742
06/30 07:33:03 - mmengine - INFO - [EVAL] Epoch 3 Iter   450: Loss: 43.361 (33.080)
06/30 07:33:03 - mmengine - INFO - OccupancyLoss: 10.05610, OccupancyFlowLoss: 17.64815, DetectionLoss: 15.65642
06/30 07:33:58 - mmengine - INFO - Validation per class iou none:
06/30 07:33:58 - mmengine - INFO - barrier : 0.00%, 0.00, 0.00
06/30 07:33:58 - mmengine - INFO - bicycle : 0.00%, 0.00, 0.00
06/30 07:33:58 - mmengine - INFO - bus : 0.00%, 0.00, 0.00
06/30 07:33:58 - mmengine - INFO - car : 7.87%, 0.31, 0.10
06/30 07:33:58 - mmengine - INFO - construction_vehicle : 0.00%, 0.00, 0.00
06/30 07:33:58 - mmengine - INFO - motorcycle : 0.00%, 0.00, 0.00
06/30 07:33:58 - mmengine - INFO - pedestrian : 0.00%, 0.00, 0.00
06/30 07:33:58 - mmengine - INFO - traffic_cone : 0.00%, 0.00, 0.00
06/30 07:33:58 - mmengine - INFO - trailer : 0.00%, 0.00, 0.00
06/30 07:33:58 - mmengine - INFO - truck : 0.00%, 0.00, 0.00
06/30 07:33:58 - mmengine - INFO - driveable_surface : 27.84%, 0.66, 0.32
06/30 07:33:58 - mmengine - INFO - other_flat : 0.00%, 0.00, 0.00
06/30 07:33:58 - mmengine - INFO - sidewalk : 7.45%, 0.18, 0.11
06/30 07:33:58 - mmengine - INFO - terrain : 12.53%, 0.20, 0.25
06/30 07:33:58 - mmengine - INFO - manmade : 1.56%, 0.15, 0.02
06/30 07:33:58 - mmengine - INFO - vegetation : 11.46%, 0.25, 0.17
06/30 07:33:58 - mmengine - INFO - tensor([  213109,    14566,   204192,  1435223,   106632,    22025,   206833,
           42653,   134799,   555406,  7051599,   345594,  2482869,  3418334,
         7852446,  8317553, 32659904], device='cuda:0', dtype=torch.int32)
06/30 07:33:58 - mmengine - INFO - tensor([      0,       0,       0,  137185,       0,       0,       0,       0,
              0,       0, 2288396,       0,  276378,  864692,  133759, 1443099,
        7991193], device='cuda:0', dtype=torch.int32)
06/30 07:33:58 - mmengine - INFO - tensor([       0,        0,        0,   444449,        0,        0,        0,
               0,        0,        0,  3457806,        0,  1505178,  4344679,
          864468,  5715069, 16331649], device='cuda:0', dtype=torch.int32)
06/30 07:33:58 - mmengine - INFO - mIoU: 4.294436948839575, iou2: 19.490543365478516
06/30 07:33:59 - mmengine - INFO - Current val loss is 33.150
06/30 07:34:17 - mmengine - INFO - [TRAIN] Epoch 3 Iter     0/750: Loss: 35.571 (35.571), grad_norm: 33.621, lr: 0.0000200, time: 8.370 (3.286)
06/30 07:34:17 - mmengine - INFO - OccupancyLoss: 7.35892, OccupancyFlowLoss: 17.74885, DetectionLoss: 10.46356
06/30 07:38:22 - mmengine - INFO - [TRAIN] Epoch 3 Iter    50/750: Loss: 30.310 (33.084), grad_norm: 27.903, lr: 0.0000200, time: 4.832 (0.008)
06/30 07:38:22 - mmengine - INFO - OccupancyLoss: 7.57820, OccupancyFlowLoss: 17.68377, DetectionLoss: 5.04817
06/30 07:42:27 - mmengine - INFO - [TRAIN] Epoch 3 Iter   100/750: Loss: 31.091 (32.208), grad_norm: 22.062, lr: 0.0000200, time: 4.951 (0.008)
06/30 07:42:27 - mmengine - INFO - OccupancyLoss: 7.21264, OccupancyFlowLoss: 14.49917, DetectionLoss: 9.37920
06/30 07:46:33 - mmengine - INFO - [TRAIN] Epoch 3 Iter   150/750: Loss: 33.919 (32.039), grad_norm: 22.649, lr: 0.0000200, time: 4.959 (0.008)
06/30 07:46:33 - mmengine - INFO - OccupancyLoss: 6.49216, OccupancyFlowLoss: 17.67754, DetectionLoss: 9.74917
06/30 07:50:40 - mmengine - INFO - [TRAIN] Epoch 3 Iter   200/750: Loss: 32.671 (32.859), grad_norm: 20.307, lr: 0.0000200, time: 4.955 (0.008)
06/30 07:50:40 - mmengine - INFO - OccupancyLoss: 5.44761, OccupancyFlowLoss: 17.91414, DetectionLoss: 9.30896
06/30 07:54:45 - mmengine - INFO - [TRAIN] Epoch 3 Iter   250/750: Loss: 22.700 (32.165), grad_norm: 19.609, lr: 0.0000200, time: 4.907 (0.008)
06/30 07:54:45 - mmengine - INFO - OccupancyLoss: 8.42269, OccupancyFlowLoss: 5.99027, DetectionLoss: 8.28704
06/30 07:58:51 - mmengine - INFO - [TRAIN] Epoch 3 Iter   300/750: Loss: 40.629 (30.952), grad_norm: 23.797, lr: 0.0000200, time: 4.859 (0.008)
06/30 07:58:51 - mmengine - INFO - OccupancyLoss: 14.05238, OccupancyFlowLoss: 16.86533, DetectionLoss: 9.71117
06/30 08:02:56 - mmengine - INFO - [TRAIN] Epoch 3 Iter   350/750: Loss: 38.075 (31.205), grad_norm: 21.468, lr: 0.0000200, time: 4.937 (0.008)
06/30 08:02:56 - mmengine - INFO - OccupancyLoss: 12.76798, OccupancyFlowLoss: 17.40534, DetectionLoss: 7.90135
06/30 08:07:01 - mmengine - INFO - [TRAIN] Epoch 3 Iter   400/750: Loss: 36.437 (32.027), grad_norm: 21.062, lr: 0.0000200, time: 4.946 (0.008)
06/30 08:07:01 - mmengine - INFO - OccupancyLoss: 12.68444, OccupancyFlowLoss: 17.41064, DetectionLoss: 6.34221
06/30 08:11:07 - mmengine - INFO - [TRAIN] Epoch 3 Iter   450/750: Loss: 32.861 (32.794), grad_norm: 26.334, lr: 0.0000200, time: 4.970 (0.008)
06/30 08:11:07 - mmengine - INFO - OccupancyLoss: 10.17654, OccupancyFlowLoss: 17.35394, DetectionLoss: 5.33082
06/30 08:15:12 - mmengine - INFO - [TRAIN] Epoch 3 Iter   500/750: Loss: 33.149 (31.739), grad_norm: 31.179, lr: 0.0000200, time: 4.834 (0.008)
06/30 08:15:12 - mmengine - INFO - OccupancyLoss: 10.78965, OccupancyFlowLoss: 17.76900, DetectionLoss: 4.59063
06/30 08:19:17 - mmengine - INFO - [TRAIN] Epoch 3 Iter   550/750: Loss: 35.676 (32.060), grad_norm: 27.887, lr: 0.0000200, time: 4.792 (0.008)
06/30 08:19:17 - mmengine - INFO - OccupancyLoss: 10.55831, OccupancyFlowLoss: 17.43192, DetectionLoss: 7.68608
06/30 08:23:22 - mmengine - INFO - [TRAIN] Epoch 3 Iter   600/750: Loss: 34.800 (32.002), grad_norm: 21.448, lr: 0.0000200, time: 4.971 (0.008)
06/30 08:23:22 - mmengine - INFO - OccupancyLoss: 6.24446, OccupancyFlowLoss: 17.75648, DetectionLoss: 10.79872
06/30 08:27:28 - mmengine - INFO - [TRAIN] Epoch 3 Iter   650/750: Loss: 42.392 (31.924), grad_norm: 49.814, lr: 0.0000200, time: 4.800 (0.008)
06/30 08:27:28 - mmengine - INFO - OccupancyLoss: 21.74969, OccupancyFlowLoss: 16.44454, DetectionLoss: 4.19733
06/30 08:31:33 - mmengine - INFO - [TRAIN] Epoch 3 Iter   700/750: Loss: 23.057 (30.266), grad_norm: 22.680, lr: 0.0000200, time: 4.944 (0.008)
06/30 08:31:33 - mmengine - INFO - OccupancyLoss: 5.31735, OccupancyFlowLoss: 11.74838, DetectionLoss: 5.99136
06/30 08:35:42 - mmengine - INFO - [EVAL] Epoch 4 Iter     0: Loss: 30.127 (30.127)
06/30 08:35:42 - mmengine - INFO - OccupancyLoss: 6.20655, OccupancyFlowLoss: 17.70949, DetectionLoss: 6.21076
06/30 08:36:38 - mmengine - INFO - [EVAL] Epoch 4 Iter    50: Loss: 29.227 (31.588)
06/30 08:36:38 - mmengine - INFO - OccupancyLoss: 6.15074, OccupancyFlowLoss: 17.63794, DetectionLoss: 5.43796
06/30 08:37:34 - mmengine - INFO - [EVAL] Epoch 4 Iter   100: Loss: 31.802 (31.204)
06/30 08:37:34 - mmengine - INFO - OccupancyLoss: 9.23838, OccupancyFlowLoss: 17.43894, DetectionLoss: 5.12481
06/30 08:38:30 - mmengine - INFO - [EVAL] Epoch 4 Iter   150: Loss: 12.752 (31.666)
06/30 08:38:30 - mmengine - INFO - OccupancyLoss: 6.37081, OccupancyFlowLoss: 5.87845, DetectionLoss: 0.50225
06/30 08:39:26 - mmengine - INFO - [EVAL] Epoch 4 Iter   200: Loss: 24.163 (31.846)
06/30 08:39:26 - mmengine - INFO - OccupancyLoss: 10.75606, OccupancyFlowLoss: 8.79958, DetectionLoss: 4.60748
06/30 08:40:23 - mmengine - INFO - [EVAL] Epoch 4 Iter   250: Loss: 34.339 (32.061)
06/30 08:40:23 - mmengine - INFO - OccupancyLoss: 8.20757, OccupancyFlowLoss: 17.50209, DetectionLoss: 8.62958
06/30 08:41:19 - mmengine - INFO - [EVAL] Epoch 4 Iter   300: Loss: 30.737 (31.860)
06/30 08:41:19 - mmengine - INFO - OccupancyLoss: 8.14971, OccupancyFlowLoss: 17.48704, DetectionLoss: 5.10040
06/30 08:42:16 - mmengine - INFO - [EVAL] Epoch 4 Iter   350: Loss: 25.047 (32.019)
06/30 08:42:16 - mmengine - INFO - OccupancyLoss: 7.63642, OccupancyFlowLoss: 8.83517, DetectionLoss: 8.57513
06/30 08:43:12 - mmengine - INFO - [EVAL] Epoch 4 Iter   400: Loss: 20.735 (31.867)
06/30 08:43:12 - mmengine - INFO - OccupancyLoss: 7.38259, OccupancyFlowLoss: 2.95652, DetectionLoss: 10.39578
06/30 08:44:08 - mmengine - INFO - [EVAL] Epoch 4 Iter   450: Loss: 41.212 (31.902)
06/30 08:44:08 - mmengine - INFO - OccupancyLoss: 9.27978, OccupancyFlowLoss: 17.52142, DetectionLoss: 14.41060
06/30 08:45:04 - mmengine - INFO - Validation per class iou none:
06/30 08:45:04 - mmengine - INFO - barrier : 0.74%, 0.24, 0.01
06/30 08:45:04 - mmengine - INFO - bicycle : 0.00%, 0.00, 0.00
06/30 08:45:04 - mmengine - INFO - bus : 0.00%, 0.00, 0.00
06/30 08:45:04 - mmengine - INFO - car : 14.90%, 0.34, 0.21
06/30 08:45:04 - mmengine - INFO - construction_vehicle : 0.00%, 0.00, 0.00
06/30 08:45:04 - mmengine - INFO - motorcycle : 0.00%, 0.00, 0.00
06/30 08:45:04 - mmengine - INFO - pedestrian : 0.00%, 0.00, 0.00
06/30 08:45:04 - mmengine - INFO - traffic_cone : 0.00%, 0.00, 0.00
06/30 08:45:04 - mmengine - INFO - trailer : 0.00%, 0.00, 0.00
06/30 08:45:04 - mmengine - INFO - truck : 3.44%, 0.21, 0.04
06/30 08:45:04 - mmengine - INFO - driveable_surface : 28.85%, 0.61, 0.35
06/30 08:45:04 - mmengine - INFO - other_flat : 0.01%, 0.20, 0.00
06/30 08:45:04 - mmengine - INFO - sidewalk : 6.91%, 0.27, 0.09
06/30 08:45:04 - mmengine - INFO - terrain : 14.24%, 0.24, 0.26
06/30 08:45:04 - mmengine - INFO - manmade : 1.13%, 0.21, 0.01
06/30 08:45:04 - mmengine - INFO - vegetation : 12.06%, 0.31, 0.17
06/30 08:45:04 - mmengine - INFO - tensor([  213109,    14566,   204192,  1435223,   106632,    22025,   206833,
           42653,   134799,   555406,  7051599,   345594,  2482869,  3418334,
         7852446,  8317553, 32659904], device='cuda:0', dtype=torch.int32)
06/30 08:45:04 - mmengine - INFO - tensor([   1624,       0,       0,  298642,       0,       0,       0,       0,
              0,   21945, 2492329,      18,  211747,  904626,   92730, 1377981,
        7755478], device='cuda:0', dtype=torch.int32)
06/30 08:45:04 - mmengine - INFO - tensor([    6727,        0,      118,   867313,        0,        0,       57,
               0,     1380,   103957,  4080821,       89,   793183,  3840586,
          440889,  4486778, 14621898], device='cuda:0', dtype=torch.int32)
06/30 08:45:04 - mmengine - INFO - mIoU: 5.142401808052455, iou2: 19.621047973632812
06/30 08:45:04 - mmengine - INFO - Current val loss is 31.979
06/30 08:45:22 - mmengine - INFO - [TRAIN] Epoch 4 Iter     0/750: Loss: 31.272 (31.272), grad_norm: 25.383, lr: 0.0000200, time: 8.271 (3.374)
06/30 08:45:22 - mmengine - INFO - OccupancyLoss: 7.71338, OccupancyFlowLoss: 17.65753, DetectionLoss: 5.90090
06/30 08:49:28 - mmengine - INFO - [TRAIN] Epoch 4 Iter    50/750: Loss: 31.447 (31.632), grad_norm: 20.311, lr: 0.0000200, time: 4.973 (0.008)
06/30 08:49:28 - mmengine - INFO - OccupancyLoss: 7.20338, OccupancyFlowLoss: 17.81950, DetectionLoss: 6.42384
06/30 08:53:34 - mmengine - INFO - [TRAIN] Epoch 4 Iter   100/750: Loss: 27.663 (31.376), grad_norm: 34.718, lr: 0.0000200, time: 4.858 (0.008)
06/30 08:53:34 - mmengine - INFO - OccupancyLoss: 7.19643, OccupancyFlowLoss: 17.51940, DetectionLoss: 2.94676
06/30 08:57:39 - mmengine - INFO - [TRAIN] Epoch 4 Iter   150/750: Loss: 26.519 (32.040), grad_norm: 22.919, lr: 0.0000200, time: 4.914 (0.008)
06/30 08:57:39 - mmengine - INFO - OccupancyLoss: 9.19081, OccupancyFlowLoss: 14.41822, DetectionLoss: 2.90963
06/30 09:01:44 - mmengine - INFO - [TRAIN] Epoch 4 Iter   200/750: Loss: 29.675 (31.711), grad_norm: 59.248, lr: 0.0000200, time: 4.912 (0.008)
06/30 09:01:44 - mmengine - INFO - OccupancyLoss: 9.08376, OccupancyFlowLoss: 17.37508, DetectionLoss: 3.21647
06/30 09:05:48 - mmengine - INFO - [TRAIN] Epoch 4 Iter   250/750: Loss: 32.923 (31.198), grad_norm: 24.901, lr: 0.0000200, time: 4.851 (0.008)
06/30 09:05:48 - mmengine - INFO - OccupancyLoss: 7.74298, OccupancyFlowLoss: 17.71405, DetectionLoss: 7.46636
06/30 09:09:53 - mmengine - INFO - [TRAIN] Epoch 4 Iter   300/750: Loss: 31.545 (30.391), grad_norm: 32.142, lr: 0.0000200, time: 4.889 (0.008)
06/30 09:09:53 - mmengine - INFO - OccupancyLoss: 10.14844, OccupancyFlowLoss: 17.39228, DetectionLoss: 4.00404
06/30 09:13:58 - mmengine - INFO - [TRAIN] Epoch 4 Iter   350/750: Loss: 36.473 (31.305), grad_norm: 34.308, lr: 0.0000200, time: 4.954 (0.008)
06/30 09:13:58 - mmengine - INFO - OccupancyLoss: 8.57154, OccupancyFlowLoss: 17.59620, DetectionLoss: 10.30519
06/30 09:18:03 - mmengine - INFO - [TRAIN] Epoch 4 Iter   400/750: Loss: 35.920 (30.748), grad_norm: 27.199, lr: 0.0000200, time: 4.978 (0.008)
06/30 09:18:03 - mmengine - INFO - OccupancyLoss: 8.34939, OccupancyFlowLoss: 17.25247, DetectionLoss: 10.31788
06/30 09:22:09 - mmengine - INFO - [TRAIN] Epoch 4 Iter   450/750: Loss: 32.224 (29.959), grad_norm: 22.951, lr: 0.0000200, time: 4.893 (0.008)
06/30 09:22:09 - mmengine - INFO - OccupancyLoss: 11.14504, OccupancyFlowLoss: 17.11469, DetectionLoss: 3.96415
06/30 09:26:14 - mmengine - INFO - [TRAIN] Epoch 4 Iter   500/750: Loss: 34.871 (30.909), grad_norm: 35.503, lr: 0.0000200, time: 4.791 (0.008)
06/30 09:26:14 - mmengine - INFO - OccupancyLoss: 13.28497, OccupancyFlowLoss: 17.70040, DetectionLoss: 3.88557
06/30 09:30:20 - mmengine - INFO - [TRAIN] Epoch 4 Iter   550/750: Loss: 35.187 (29.776), grad_norm: 23.592, lr: 0.0000200, time: 4.963 (0.008)
06/30 09:30:20 - mmengine - INFO - OccupancyLoss: 8.78905, OccupancyFlowLoss: 17.10273, DetectionLoss: 9.29483
06/30 09:34:26 - mmengine - INFO - [TRAIN] Epoch 4 Iter   600/750: Loss: 29.576 (31.127), grad_norm: 31.461, lr: 0.0000200, time: 4.938 (0.008)
06/30 09:34:26 - mmengine - INFO - OccupancyLoss: 8.42241, OccupancyFlowLoss: 16.76339, DetectionLoss: 4.39026
06/30 09:38:32 - mmengine - INFO - [TRAIN] Epoch 4 Iter   650/750: Loss: 27.339 (31.276), grad_norm: 23.425, lr: 0.0000200, time: 4.922 (0.008)
06/30 09:38:32 - mmengine - INFO - OccupancyLoss: 4.69195, OccupancyFlowLoss: 17.56208, DetectionLoss: 5.08497
06/30 09:43:08 - mmengine - INFO - [TRAIN] Epoch 4 Iter   700/750: Loss: 33.918 (30.353), grad_norm: 25.261, lr: 0.0000200, time: 4.878 (0.008)
06/30 09:43:08 - mmengine - INFO - OccupancyLoss: 7.02652, OccupancyFlowLoss: 17.05831, DetectionLoss: 9.83310
06/30 09:47:18 - mmengine - INFO - [EVAL] Epoch 5 Iter     0: Loss: 30.633 (30.633)
06/30 09:47:18 - mmengine - INFO - OccupancyLoss: 6.89492, OccupancyFlowLoss: 17.79527, DetectionLoss: 5.94327
06/30 09:48:14 - mmengine - INFO - [EVAL] Epoch 5 Iter    50: Loss: 28.052 (30.626)
06/30 09:48:14 - mmengine - INFO - OccupancyLoss: 5.84561, OccupancyFlowLoss: 17.64441, DetectionLoss: 4.56203
06/30 09:49:11 - mmengine - INFO - [EVAL] Epoch 5 Iter   100: Loss: 31.634 (30.366)
06/30 09:49:11 - mmengine - INFO - OccupancyLoss: 9.37650, OccupancyFlowLoss: 17.44507, DetectionLoss: 4.81214
06/30 09:50:08 - mmengine - INFO - [EVAL] Epoch 5 Iter   150: Loss: 13.417 (30.841)
06/30 09:50:08 - mmengine - INFO - OccupancyLoss: 6.91065, OccupancyFlowLoss: 5.91471, DetectionLoss: 0.59189
06/30 09:51:04 - mmengine - INFO - [EVAL] Epoch 5 Iter   200: Loss: 23.234 (31.011)
06/30 09:51:04 - mmengine - INFO - OccupancyLoss: 10.17572, OccupancyFlowLoss: 8.75483, DetectionLoss: 4.30360
06/30 09:52:01 - mmengine - INFO - [EVAL] Epoch 5 Iter   250: Loss: 32.662 (31.229)
06/30 09:52:01 - mmengine - INFO - OccupancyLoss: 7.92627, OccupancyFlowLoss: 17.49073, DetectionLoss: 7.24476
06/30 09:52:58 - mmengine - INFO - [EVAL] Epoch 5 Iter   300: Loss: 31.416 (31.031)
06/30 09:52:58 - mmengine - INFO - OccupancyLoss: 8.79171, OccupancyFlowLoss: 17.53290, DetectionLoss: 5.09137
06/30 09:53:55 - mmengine - INFO - [EVAL] Epoch 5 Iter   350: Loss: 22.708 (31.213)
06/30 09:53:55 - mmengine - INFO - OccupancyLoss: 7.18190, OccupancyFlowLoss: 8.81740, DetectionLoss: 6.70865
06/30 09:54:51 - mmengine - INFO - [EVAL] Epoch 5 Iter   400: Loss: 19.396 (31.089)
06/30 09:54:51 - mmengine - INFO - OccupancyLoss: 7.51213, OccupancyFlowLoss: 2.96031, DetectionLoss: 8.92407
06/30 09:55:48 - mmengine - INFO - [EVAL] Epoch 5 Iter   450: Loss: 40.984 (31.133)
06/30 09:55:48 - mmengine - INFO - OccupancyLoss: 9.26146, OccupancyFlowLoss: 17.66155, DetectionLoss: 14.06101
06/30 09:56:44 - mmengine - INFO - Validation per class iou none:
06/30 09:56:44 - mmengine - INFO - barrier : 0.44%, 0.14, 0.00
06/30 09:56:44 - mmengine - INFO - bicycle : 0.00%, 0.00, 0.00
06/30 09:56:44 - mmengine - INFO - bus : 4.84%, 0.09, 0.09
06/30 09:56:44 - mmengine - INFO - car : 21.18%, 0.29, 0.43
06/30 09:56:44 - mmengine - INFO - construction_vehicle : 0.01%, 0.01, 0.00
06/30 09:56:44 - mmengine - INFO - motorcycle : 0.00%, 0.00, 0.00
06/30 09:56:44 - mmengine - INFO - pedestrian : 0.00%, 0.00, 0.00
06/30 09:56:44 - mmengine - INFO - traffic_cone : 0.00%, 0.00, 0.00
06/30 09:56:44 - mmengine - INFO - trailer : 2.26%, 0.10, 0.03
06/30 09:56:44 - mmengine - INFO - truck : 7.39%, 0.19, 0.11
06/30 09:56:44 - mmengine - INFO - driveable_surface : 32.80%, 0.61, 0.42
06/30 09:56:44 - mmengine - INFO - other_flat : 1.02%, 0.34, 0.01
06/30 09:56:44 - mmengine - INFO - sidewalk : 12.29%, 0.21, 0.22
06/30 09:56:44 - mmengine - INFO - terrain : 13.54%, 0.29, 0.20
06/30 09:56:44 - mmengine - INFO - manmade : 2.47%, 0.19, 0.03
06/30 09:56:44 - mmengine - INFO - vegetation : 16.97%, 0.26, 0.32
06/30 09:56:44 - mmengine - INFO - tensor([  213109,    14566,   204192,  1435223,   106632,    22025,   206833,
           42653,   134799,   555406,  7051599,   345594,  2482869,  3418334,
         7852446,  8317553, 32659904], device='cuda:0', dtype=torch.int32)
06/30 09:56:44 - mmengine - INFO - tensor([     957,        0,    18714,   622664,       12,        0,        0,
               0,     3892,    59939,  2932358,     3583,   558103,   684981,
          217761,  2668370, 11475641], device='cuda:0', dtype=torch.int32)
06/30 09:56:44 - mmengine - INFO - tensor([    6953,        0,   201061,  2127957,     2250,        0,        6,
               1,    40966,   316080,  4821965,    10680,  2616640,  2326376,
         1170369, 10074247, 23715552], device='cuda:0', dtype=torch.int32)
06/30 09:56:44 - mmengine - INFO - mIoU: 7.199850185224932, iou2: 25.558324813842773
06/30 09:56:44 - mmengine - INFO - Current val loss is 31.201
06/30 09:57:02 - mmengine - INFO - [TRAIN] Epoch 5 Iter     0/750: Loss: 25.607 (25.607), grad_norm: 25.063, lr: 0.0000200, time: 8.406 (3.378)
06/30 09:57:02 - mmengine - INFO - OccupancyLoss: 5.18809, OccupancyFlowLoss: 17.66185, DetectionLoss: 2.75745
06/30 10:01:08 - mmengine - INFO - [TRAIN] Epoch 5 Iter    50/750: Loss: 27.356 (29.075), grad_norm: 27.752, lr: 0.0000200, time: 4.968 (0.008)
06/30 10:01:08 - mmengine - INFO - OccupancyLoss: 6.60485, OccupancyFlowLoss: 17.19463, DetectionLoss: 3.55613
06/30 10:05:13 - mmengine - INFO - [TRAIN] Epoch 5 Iter   100/750: Loss: 34.517 (31.316), grad_norm: 27.859, lr: 0.0000200, time: 4.956 (0.008)
06/30 10:05:13 - mmengine - INFO - OccupancyLoss: 7.82368, OccupancyFlowLoss: 17.35007, DetectionLoss: 9.34342
06/30 10:09:18 - mmengine - INFO - [TRAIN] Epoch 5 Iter   150/750: Loss: 26.102 (30.981), grad_norm: 24.686, lr: 0.0000200, time: 4.913 (0.008)
06/30 10:09:18 - mmengine - INFO - OccupancyLoss: 7.27403, OccupancyFlowLoss: 17.47562, DetectionLoss: 1.35191
06/30 10:13:23 - mmengine - INFO - [TRAIN] Epoch 5 Iter   200/750: Loss: 27.650 (31.568), grad_norm: 15.021, lr: 0.0000200, time: 4.801 (0.008)
06/30 10:13:23 - mmengine - INFO - OccupancyLoss: 7.53974, OccupancyFlowLoss: 17.65390, DetectionLoss: 2.45630
06/30 10:17:29 - mmengine - INFO - [TRAIN] Epoch 5 Iter   250/750: Loss: 27.542 (29.570), grad_norm: 33.933, lr: 0.0000200, time: 4.948 (0.008)
06/30 10:17:29 - mmengine - INFO - OccupancyLoss: 8.35164, OccupancyFlowLoss: 17.46965, DetectionLoss: 1.72073
06/30 10:21:34 - mmengine - INFO - [TRAIN] Epoch 5 Iter   300/750: Loss: 33.020 (30.354), grad_norm: 20.873, lr: 0.0000200, time: 4.891 (0.008)
06/30 10:21:34 - mmengine - INFO - OccupancyLoss: 8.23552, OccupancyFlowLoss: 16.95633, DetectionLoss: 7.82781
06/30 10:25:39 - mmengine - INFO - [TRAIN] Epoch 5 Iter   350/750: Loss: 28.737 (31.299), grad_norm: 22.290, lr: 0.0000200, time: 4.831 (0.008)
06/30 10:25:39 - mmengine - INFO - OccupancyLoss: 6.06693, OccupancyFlowLoss: 17.60337, DetectionLoss: 5.06648
06/30 10:29:53 - mmengine - INFO - [TRAIN] Epoch 5 Iter   400/750: Loss: 31.344 (30.402), grad_norm: 34.865, lr: 0.0000200, time: 4.939 (0.008)
06/30 10:29:53 - mmengine - INFO - OccupancyLoss: 6.05286, OccupancyFlowLoss: 17.69775, DetectionLoss: 7.59380
06/30 10:33:58 - mmengine - INFO - [TRAIN] Epoch 5 Iter   450/750: Loss: 19.710 (30.741), grad_norm: 23.709, lr: 0.0000200, time: 4.788 (0.008)
06/30 10:33:58 - mmengine - INFO - OccupancyLoss: 5.82149, OccupancyFlowLoss: 5.87201, DetectionLoss: 8.01677
06/30 10:38:03 - mmengine - INFO - [TRAIN] Epoch 5 Iter   500/750: Loss: 28.235 (30.347), grad_norm: 17.523, lr: 0.0000200, time: 4.833 (0.008)
06/30 10:38:03 - mmengine - INFO - OccupancyLoss: 7.30855, OccupancyFlowLoss: 16.93948, DetectionLoss: 3.98740
06/30 10:42:08 - mmengine - INFO - [TRAIN] Epoch 5 Iter   550/750: Loss: 27.070 (28.554), grad_norm: 31.068, lr: 0.0000200, time: 4.934 (0.008)
06/30 10:42:08 - mmengine - INFO - OccupancyLoss: 7.83987, OccupancyFlowLoss: 17.20128, DetectionLoss: 2.02883
06/30 10:46:14 - mmengine - INFO - [TRAIN] Epoch 5 Iter   600/750: Loss: 17.719 (29.808), grad_norm: 25.088, lr: 0.0000200, time: 4.921 (0.008)
06/30 10:46:14 - mmengine - INFO - OccupancyLoss: 5.48462, OccupancyFlowLoss: 0.00000, DetectionLoss: 12.23454
06/30 10:50:19 - mmengine - INFO - [TRAIN] Epoch 5 Iter   650/750: Loss: 25.879 (29.989), grad_norm: 19.695, lr: 0.0000200, time: 4.971 (0.008)
06/30 10:50:19 - mmengine - INFO - OccupancyLoss: 3.50613, OccupancyFlowLoss: 17.65228, DetectionLoss: 4.72028
06/30 10:54:23 - mmengine - INFO - [TRAIN] Epoch 5 Iter   700/750: Loss: 30.841 (30.093), grad_norm: 29.516, lr: 0.0000200, time: 4.915 (0.008)
06/30 10:54:23 - mmengine - INFO - OccupancyLoss: 7.06107, OccupancyFlowLoss: 17.47485, DetectionLoss: 6.30469
06/30 10:58:32 - mmengine - INFO - [EVAL] Epoch 6 Iter     0: Loss: 28.388 (28.388)
06/30 10:58:32 - mmengine - INFO - OccupancyLoss: 5.42159, OccupancyFlowLoss: 17.61888, DetectionLoss: 5.34730
06/30 10:59:28 - mmengine - INFO - [EVAL] Epoch 6 Iter    50: Loss: 27.272 (30.069)
06/30 10:59:28 - mmengine - INFO - OccupancyLoss: 5.64735, OccupancyFlowLoss: 17.55711, DetectionLoss: 4.06773
06/30 11:00:24 - mmengine - INFO - [EVAL] Epoch 6 Iter   100: Loss: 31.013 (29.800)
06/30 11:00:24 - mmengine - INFO - OccupancyLoss: 8.78302, OccupancyFlowLoss: 17.38782, DetectionLoss: 4.84234
06/30 11:01:21 - mmengine - INFO - [EVAL] Epoch 6 Iter   150: Loss: 12.697 (30.293)
06/30 11:01:21 - mmengine - INFO - OccupancyLoss: 6.43200, OccupancyFlowLoss: 5.90163, DetectionLoss: 0.36360
06/30 11:02:17 - mmengine - INFO - [EVAL] Epoch 6 Iter   200: Loss: 22.793 (30.451)
06/30 11:02:17 - mmengine - INFO - OccupancyLoss: 10.01997, OccupancyFlowLoss: 8.72422, DetectionLoss: 4.04854
06/30 11:03:14 - mmengine - INFO - [EVAL] Epoch 6 Iter   250: Loss: 33.104 (30.658)
06/30 11:03:14 - mmengine - INFO - OccupancyLoss: 7.69584, OccupancyFlowLoss: 17.31521, DetectionLoss: 8.09267
06/30 11:04:10 - mmengine - INFO - [EVAL] Epoch 6 Iter   300: Loss: 31.073 (30.478)
06/30 11:04:10 - mmengine - INFO - OccupancyLoss: 8.29412, OccupancyFlowLoss: 17.44590, DetectionLoss: 5.33266
06/30 11:05:07 - mmengine - INFO - [EVAL] Epoch 6 Iter   350: Loss: 21.992 (30.660)
06/30 11:05:07 - mmengine - INFO - OccupancyLoss: 6.86557, OccupancyFlowLoss: 8.80392, DetectionLoss: 6.32289
06/30 11:06:03 - mmengine - INFO - [EVAL] Epoch 6 Iter   400: Loss: 19.271 (30.539)
06/30 11:06:03 - mmengine - INFO - OccupancyLoss: 7.34266, OccupancyFlowLoss: 2.93671, DetectionLoss: 8.99203
06/30 11:07:00 - mmengine - INFO - [EVAL] Epoch 6 Iter   450: Loss: 39.888 (30.583)
06/30 11:07:00 - mmengine - INFO - OccupancyLoss: 8.34923, OccupancyFlowLoss: 17.47708, DetectionLoss: 14.06196
06/30 11:07:55 - mmengine - INFO - Validation per class iou none:
06/30 11:07:55 - mmengine - INFO - barrier : 1.38%, 0.34, 0.01
06/30 11:07:55 - mmengine - INFO - bicycle : 0.00%, 0.00, 0.00
06/30 11:07:55 - mmengine - INFO - bus : 3.73%, 0.16, 0.05
06/30 11:07:55 - mmengine - INFO - car : 25.12%, 0.43, 0.38
06/30 11:07:55 - mmengine - INFO - construction_vehicle : 0.00%, 0.01, 0.00
06/30 11:07:55 - mmengine - INFO - motorcycle : 0.00%, 0.00, 0.00
06/30 11:07:55 - mmengine - INFO - pedestrian : 0.00%, 0.00, 0.00
06/30 11:07:55 - mmengine - INFO - traffic_cone : 0.00%, 0.00, 0.00
06/30 11:07:55 - mmengine - INFO - trailer : 1.99%, 0.09, 0.02
06/30 11:07:55 - mmengine - INFO - truck : 10.79%, 0.26, 0.16
06/30 11:07:55 - mmengine - INFO - driveable_surface : 36.04%, 0.64, 0.45
06/30 11:07:55 - mmengine - INFO - other_flat : 7.52%, 0.27, 0.09
06/30 11:07:55 - mmengine - INFO - sidewalk : 14.37%, 0.31, 0.21
06/30 11:07:55 - mmengine - INFO - terrain : 15.54%, 0.34, 0.22
06/30 11:07:55 - mmengine - INFO - manmade : 1.75%, 0.25, 0.02
06/30 11:07:55 - mmengine - INFO - vegetation : 17.05%, 0.33, 0.26
06/30 11:07:55 - mmengine - INFO - tensor([  213109,    14566,   204192,  1435223,   106632,    22025,   206833,
           42653,   134799,   555406,  7051599,   345594,  2482869,  3418334,
         7852446,  8317553, 32659904], device='cuda:0', dtype=torch.int32)
06/30 11:07:55 - mmengine - INFO - tensor([    3030,        0,     9406,   545682,        1,        0,        0,
               0,     3352,    86107,  3191560,    32580,   521590,   767462,
          145347,  2178830, 10036633], device='cuda:0', dtype=torch.int32)
06/30 11:07:55 - mmengine - INFO - tensor([    8834,        0,    57551,  1282877,      157,        0,        0,
               0,    37019,   328721,  4994840,   120251,  1667294,  2288760,
          583636,  6641698, 18011638], device='cuda:0', dtype=torch.int32)
06/30 11:07:55 - mmengine - INFO - mIoU: 8.455394376608183, iou2: 24.69953155517578
06/30 11:07:55 - mmengine - INFO - Current val loss is 30.652
06/30 11:08:13 - mmengine - INFO - [TRAIN] Epoch 6 Iter     0/750: Loss: 28.363 (28.363), grad_norm: 33.118, lr: 0.0000200, time: 8.105 (3.226)
06/30 11:08:13 - mmengine - INFO - OccupancyLoss: 9.67181, OccupancyFlowLoss: 16.58824, DetectionLoss: 2.10329
06/30 11:12:19 - mmengine - INFO - [TRAIN] Epoch 6 Iter    50/750: Loss: 31.951 (28.288), grad_norm: 58.795, lr: 0.0000200, time: 4.796 (0.008)
06/30 11:12:19 - mmengine - INFO - OccupancyLoss: 9.72127, OccupancyFlowLoss: 14.27096, DetectionLoss: 7.95884
06/30 11:16:24 - mmengine - INFO - [TRAIN] Epoch 6 Iter   100/750: Loss: 25.533 (28.379), grad_norm: 30.237, lr: 0.0000200, time: 4.820 (0.008)
06/30 11:16:24 - mmengine - INFO - OccupancyLoss: 10.30830, OccupancyFlowLoss: 11.30568, DetectionLoss: 3.91889
06/30 11:20:29 - mmengine - INFO - [TRAIN] Epoch 6 Iter   150/750: Loss: 28.355 (30.405), grad_norm: 19.931, lr: 0.0000200, time: 4.956 (0.008)
06/30 11:20:29 - mmengine - INFO - OccupancyLoss: 5.14369, OccupancyFlowLoss: 17.36821, DetectionLoss: 5.84291
06/30 11:24:35 - mmengine - INFO - [TRAIN] Epoch 6 Iter   200/750: Loss: 38.425 (29.391), grad_norm: 25.214, lr: 0.0000200, time: 4.901 (0.008)
06/30 11:24:35 - mmengine - INFO - OccupancyLoss: 10.79900, OccupancyFlowLoss: 17.31456, DetectionLoss: 10.31098
06/30 11:28:40 - mmengine - INFO - [TRAIN] Epoch 6 Iter   250/750: Loss: 31.677 (29.360), grad_norm: 22.085, lr: 0.0000200, time: 4.906 (0.008)
06/30 11:28:40 - mmengine - INFO - OccupancyLoss: 5.66590, OccupancyFlowLoss: 17.64697, DetectionLoss: 8.36393
06/30 11:32:47 - mmengine - INFO - [TRAIN] Epoch 6 Iter   300/750: Loss: 26.468 (29.947), grad_norm: 17.908, lr: 0.0000200, time: 4.988 (0.008)
06/30 11:32:47 - mmengine - INFO - OccupancyLoss: 6.35028, OccupancyFlowLoss: 17.56537, DetectionLoss: 2.55267
06/30 11:36:52 - mmengine - INFO - [TRAIN] Epoch 6 Iter   350/750: Loss: 27.805 (29.816), grad_norm: 28.080, lr: 0.0000200, time: 4.904 (0.008)
06/30 11:36:52 - mmengine - INFO - OccupancyLoss: 7.46170, OccupancyFlowLoss: 17.23225, DetectionLoss: 3.11102
06/30 11:40:58 - mmengine - INFO - [TRAIN] Epoch 6 Iter   400/750: Loss: 30.779 (28.707), grad_norm: 33.610, lr: 0.0000200, time: 4.890 (0.008)
06/30 11:40:58 - mmengine - INFO - OccupancyLoss: 7.11740, OccupancyFlowLoss: 17.33514, DetectionLoss: 6.32680
06/30 11:45:04 - mmengine - INFO - [TRAIN] Epoch 6 Iter   450/750: Loss: 34.398 (29.660), grad_norm: 36.063, lr: 0.0000200, time: 4.870 (0.008)
06/30 11:45:04 - mmengine - INFO - OccupancyLoss: 9.37047, OccupancyFlowLoss: 16.40457, DetectionLoss: 8.62324
06/30 11:49:09 - mmengine - INFO - [TRAIN] Epoch 6 Iter   500/750: Loss: 27.090 (29.193), grad_norm: 20.538, lr: 0.0000200, time: 4.996 (0.008)
06/30 11:49:09 - mmengine - INFO - OccupancyLoss: 5.05303, OccupancyFlowLoss: 17.41698, DetectionLoss: 4.62034
06/30 11:53:15 - mmengine - INFO - [TRAIN] Epoch 6 Iter   550/750: Loss: 24.967 (27.919), grad_norm: 25.176, lr: 0.0000200, time: 5.002 (0.008)
06/30 11:53:15 - mmengine - INFO - OccupancyLoss: 6.10811, OccupancyFlowLoss: 17.55994, DetectionLoss: 1.29938
06/30 11:57:21 - mmengine - INFO - [TRAIN] Epoch 6 Iter   600/750: Loss: 33.603 (29.454), grad_norm: 20.456, lr: 0.0000200, time: 4.882 (0.008)
06/30 11:57:21 - mmengine - INFO - OccupancyLoss: 7.87206, OccupancyFlowLoss: 17.65568, DetectionLoss: 8.07483
06/30 12:01:27 - mmengine - INFO - [TRAIN] Epoch 6 Iter   650/750: Loss: 30.147 (29.415), grad_norm: 35.375, lr: 0.0000200, time: 4.875 (0.008)
06/30 12:01:27 - mmengine - INFO - OccupancyLoss: 7.16718, OccupancyFlowLoss: 16.98888, DetectionLoss: 5.99123
06/30 12:05:32 - mmengine - INFO - [TRAIN] Epoch 6 Iter   700/750: Loss: 25.707 (29.105), grad_norm: 21.709, lr: 0.0000200, time: 4.958 (0.008)
06/30 12:05:32 - mmengine - INFO - OccupancyLoss: 5.02864, OccupancyFlowLoss: 17.57911, DetectionLoss: 3.09900
06/30 12:09:41 - mmengine - INFO - [EVAL] Epoch 7 Iter     0: Loss: 26.992 (26.992)
06/30 12:09:41 - mmengine - INFO - OccupancyLoss: 5.37733, OccupancyFlowLoss: 17.64395, DetectionLoss: 3.97051
06/30 12:10:37 - mmengine - INFO - [EVAL] Epoch 7 Iter    50: Loss: 28.548 (29.894)
06/30 12:10:37 - mmengine - INFO - OccupancyLoss: 5.57360, OccupancyFlowLoss: 17.52244, DetectionLoss: 5.45146
06/30 12:11:34 - mmengine - INFO - [EVAL] Epoch 7 Iter   100: Loss: 31.412 (29.553)
06/30 12:11:34 - mmengine - INFO - OccupancyLoss: 8.69417, OccupancyFlowLoss: 17.33524, DetectionLoss: 5.38285
06/30 12:12:30 - mmengine - INFO - [EVAL] Epoch 7 Iter   150: Loss: 12.862 (30.031)
06/30 12:12:30 - mmengine - INFO - OccupancyLoss: 6.40145, OccupancyFlowLoss: 5.88340, DetectionLoss: 0.57743
06/30 12:13:26 - mmengine - INFO - [EVAL] Epoch 7 Iter   200: Loss: 22.680 (30.198)
06/30 12:13:26 - mmengine - INFO - OccupancyLoss: 9.76815, OccupancyFlowLoss: 8.71651, DetectionLoss: 4.19484
06/30 12:14:23 - mmengine - INFO - [EVAL] Epoch 7 Iter   250: Loss: 31.119 (30.439)
06/30 12:14:23 - mmengine - INFO - OccupancyLoss: 7.38147, OccupancyFlowLoss: 17.26444, DetectionLoss: 6.47309
06/30 12:15:20 - mmengine - INFO - [EVAL] Epoch 7 Iter   300: Loss: 31.395 (30.279)
06/30 12:15:20 - mmengine - INFO - OccupancyLoss: 8.01022, OccupancyFlowLoss: 17.35100, DetectionLoss: 6.03358
06/30 12:16:16 - mmengine - INFO - [EVAL] Epoch 7 Iter   350: Loss: 22.131 (30.427)
06/30 12:16:16 - mmengine - INFO - OccupancyLoss: 6.79840, OccupancyFlowLoss: 8.79026, DetectionLoss: 6.54192
06/30 12:17:13 - mmengine - INFO - [EVAL] Epoch 7 Iter   400: Loss: 19.152 (30.302)
06/30 12:17:13 - mmengine - INFO - OccupancyLoss: 7.38431, OccupancyFlowLoss: 2.93200, DetectionLoss: 8.83618
06/30 12:18:10 - mmengine - INFO - [EVAL] Epoch 7 Iter   450: Loss: 38.918 (30.316)
06/30 12:18:10 - mmengine - INFO - OccupancyLoss: 8.15320, OccupancyFlowLoss: 17.47611, DetectionLoss: 13.28895
06/30 12:19:05 - mmengine - INFO - Validation per class iou none:
06/30 12:19:05 - mmengine - INFO - barrier : 4.21%, 0.19, 0.05
06/30 12:19:05 - mmengine - INFO - bicycle : 0.00%, 0.00, 0.00
06/30 12:19:05 - mmengine - INFO - bus : 0.48%, 0.22, 0.00
06/30 12:19:05 - mmengine - INFO - car : 23.33%, 0.42, 0.34
06/30 12:19:05 - mmengine - INFO - construction_vehicle : 0.00%, 0.01, 0.00
06/30 12:19:05 - mmengine - INFO - motorcycle : 0.00%, 0.00, 0.00
06/30 12:19:05 - mmengine - INFO - pedestrian : 0.00%, 0.00, 0.00
06/30 12:19:05 - mmengine - INFO - traffic_cone : 0.00%, 0.00, 0.00
06/30 12:19:05 - mmengine - INFO - trailer : 3.49%, 0.07, 0.06
06/30 12:19:05 - mmengine - INFO - truck : 13.96%, 0.22, 0.27
06/30 12:19:05 - mmengine - INFO - driveable_surface : 36.80%, 0.59, 0.50
06/30 12:19:05 - mmengine - INFO - other_flat : 9.21%, 0.34, 0.11
06/30 12:19:05 - mmengine - INFO - sidewalk : 15.13%, 0.34, 0.21
06/30 12:19:05 - mmengine - INFO - terrain : 12.97%, 0.37, 0.17
06/30 12:19:05 - mmengine - INFO - manmade : 3.74%, 0.24, 0.04
06/30 12:19:05 - mmengine - INFO - vegetation : 16.70%, 0.38, 0.23
06/30 12:19:05 - mmengine - INFO - tensor([  213109,    14566,   204192,  1435223,   106632,    22025,   206833,
           42653,   134799,   555406,  7051599,   345594,  2482869,  3418334,
         7852446,  8317553, 32659904], device='cuda:0', dtype=torch.int32)
06/30 12:19:05 - mmengine - INFO - tensor([  10994,       0,     999,  493451,       1,       0,       0,       0,
           8579,  149973, 3501359,   38823,  531701,  570667,  332542, 1907530,
        9850391], device='cuda:0', dtype=torch.int32)
06/30 12:19:05 - mmengine - INFO - tensor([   58849,        0,     4570,  1173170,      192,        0,        2,
               0,   119623,   669105,  5964112,   114546,  1563212,  1552150,
         1369933,  5009995, 17599460], device='cuda:0', dtype=torch.int32)
06/30 12:19:05 - mmengine - INFO - mIoU: 8.751999357468776, iou2: 24.37674331665039
06/30 12:19:05 - mmengine - INFO - Current val loss is 30.389
06/30 12:19:23 - mmengine - INFO - [TRAIN] Epoch 7 Iter     0/750: Loss: 21.325 (21.325), grad_norm: 27.006, lr: 0.0000200, time: 8.371 (3.391)
06/30 12:19:23 - mmengine - INFO - OccupancyLoss: 5.46604, OccupancyFlowLoss: 11.51232, DetectionLoss: 4.34626
06/30 12:23:28 - mmengine - INFO - [TRAIN] Epoch 7 Iter    50/750: Loss: 38.639 (28.498), grad_norm: 28.927, lr: 0.0000200, time: 4.884 (0.008)
06/30 12:23:28 - mmengine - INFO - OccupancyLoss: 8.50243, OccupancyFlowLoss: 17.50208, DetectionLoss: 12.63495
06/30 12:27:43 - mmengine - INFO - [TRAIN] Epoch 7 Iter   100/750: Loss: 33.091 (28.854), grad_norm: 42.380, lr: 0.0000200, time: 4.780 (0.008)
06/30 12:27:43 - mmengine - INFO - OccupancyLoss: 7.49666, OccupancyFlowLoss: 17.49925, DetectionLoss: 8.09491
06/30 12:32:10 - mmengine - INFO - [TRAIN] Epoch 7 Iter   150/750: Loss: 19.790 (28.675), grad_norm: 21.853, lr: 0.0000200, time: 4.973 (0.008)
06/30 12:32:10 - mmengine - INFO - OccupancyLoss: 5.80414, OccupancyFlowLoss: 8.70207, DetectionLoss: 5.28410
06/30 12:36:16 - mmengine - INFO - [TRAIN] Epoch 7 Iter   200/750: Loss: 33.538 (29.271), grad_norm: 27.594, lr: 0.0000200, time: 4.814 (0.008)
06/30 12:36:16 - mmengine - INFO - OccupancyLoss: 9.02847, OccupancyFlowLoss: 16.32759, DetectionLoss: 8.18182
06/30 12:40:21 - mmengine - INFO - [TRAIN] Epoch 7 Iter   250/750: Loss: 38.234 (28.800), grad_norm: 26.877, lr: 0.0000200, time: 4.898 (0.008)
06/30 12:40:21 - mmengine - INFO - OccupancyLoss: 10.11198, OccupancyFlowLoss: 16.29400, DetectionLoss: 11.82788
06/30 12:44:27 - mmengine - INFO - [TRAIN] Epoch 7 Iter   300/750: Loss: 17.923 (29.569), grad_norm: 26.305, lr: 0.0000200, time: 4.804 (0.008)
06/30 12:44:27 - mmengine - INFO - OccupancyLoss: 5.94089, OccupancyFlowLoss: 5.77879, DetectionLoss: 6.20296
06/30 12:48:33 - mmengine - INFO - [TRAIN] Epoch 7 Iter   350/750: Loss: 37.392 (28.997), grad_norm: 25.289, lr: 0.0000200, time: 4.828 (0.008)
06/30 12:48:33 - mmengine - INFO - OccupancyLoss: 12.99311, OccupancyFlowLoss: 16.80731, DetectionLoss: 7.59157
06/30 12:52:39 - mmengine - INFO - [TRAIN] Epoch 7 Iter   400/750: Loss: 32.064 (29.090), grad_norm: 31.915, lr: 0.0000200, time: 4.954 (0.008)
06/30 12:52:39 - mmengine - INFO - OccupancyLoss: 6.14725, OccupancyFlowLoss: 16.86508, DetectionLoss: 9.05185
06/30 12:56:45 - mmengine - INFO - [TRAIN] Epoch 7 Iter   450/750: Loss: 37.532 (30.464), grad_norm: 27.914, lr: 0.0000200, time: 4.947 (0.008)
06/30 12:56:45 - mmengine - INFO - OccupancyLoss: 6.71054, OccupancyFlowLoss: 17.61052, DetectionLoss: 13.21073
06/30 13:00:50 - mmengine - INFO - [TRAIN] Epoch 7 Iter   500/750: Loss: 32.990 (28.252), grad_norm: 20.695, lr: 0.0000200, time: 4.929 (0.008)
06/30 13:00:50 - mmengine - INFO - OccupancyLoss: 8.22261, OccupancyFlowLoss: 17.24231, DetectionLoss: 7.52505
06/30 13:04:56 - mmengine - INFO - [TRAIN] Epoch 7 Iter   550/750: Loss: 33.576 (29.432), grad_norm: 30.041, lr: 0.0000200, time: 4.990 (0.008)
06/30 13:04:56 - mmengine - INFO - OccupancyLoss: 7.48565, OccupancyFlowLoss: 16.39706, DetectionLoss: 9.69285
06/30 13:09:02 - mmengine - INFO - [TRAIN] Epoch 7 Iter   600/750: Loss: 36.503 (30.730), grad_norm: 25.254, lr: 0.0000200, time: 4.866 (0.008)
06/30 13:09:02 - mmengine - INFO - OccupancyLoss: 6.73251, OccupancyFlowLoss: 17.59724, DetectionLoss: 12.17290
06/30 13:13:09 - mmengine - INFO - [TRAIN] Epoch 7 Iter   650/750: Loss: 30.895 (28.786), grad_norm: 28.060, lr: 0.0000200, time: 4.947 (0.008)
06/30 13:13:09 - mmengine - INFO - OccupancyLoss: 9.59561, OccupancyFlowLoss: 16.72506, DetectionLoss: 4.57416
06/30 13:17:14 - mmengine - INFO - [TRAIN] Epoch 7 Iter   700/750: Loss: 33.678 (30.323), grad_norm: 23.926, lr: 0.0000200, time: 5.011 (0.008)
06/30 13:17:14 - mmengine - INFO - OccupancyLoss: 8.18980, OccupancyFlowLoss: 17.55314, DetectionLoss: 7.93507
06/30 13:21:25 - mmengine - INFO - [EVAL] Epoch 8 Iter     0: Loss: 27.168 (27.168)
06/30 13:21:25 - mmengine - INFO - OccupancyLoss: 5.21392, OccupancyFlowLoss: 17.61836, DetectionLoss: 4.33569
06/30 13:22:46 - mmengine - INFO - [EVAL] Epoch 8 Iter    50: Loss: 27.622 (29.409)
06/30 13:22:46 - mmengine - INFO - OccupancyLoss: 5.40058, OccupancyFlowLoss: 17.49321, DetectionLoss: 4.72857
06/30 13:24:00 - mmengine - INFO - [EVAL] Epoch 8 Iter   100: Loss: 30.590 (29.070)
06/30 13:24:00 - mmengine - INFO - OccupancyLoss: 8.57510, OccupancyFlowLoss: 17.38199, DetectionLoss: 4.63280
06/30 13:25:14 - mmengine - INFO - [EVAL] Epoch 8 Iter   150: Loss: 12.814 (29.552)
06/30 13:25:14 - mmengine - INFO - OccupancyLoss: 6.49827, OccupancyFlowLoss: 5.87958, DetectionLoss: 0.43569
06/30 13:26:30 - mmengine - INFO - [EVAL] Epoch 8 Iter   200: Loss: 22.323 (29.677)
06/30 13:26:30 - mmengine - INFO - OccupancyLoss: 9.48684, OccupancyFlowLoss: 8.70389, DetectionLoss: 4.13260
06/30 13:27:47 - mmengine - INFO - [EVAL] Epoch 8 Iter   250: Loss: 30.669 (29.913)
06/30 13:27:47 - mmengine - INFO - OccupancyLoss: 7.35271, OccupancyFlowLoss: 17.25900, DetectionLoss: 6.05748
06/30 13:29:01 - mmengine - INFO - [EVAL] Epoch 8 Iter   300: Loss: 30.735 (29.742)
06/30 13:29:01 - mmengine - INFO - OccupancyLoss: 7.96514, OccupancyFlowLoss: 17.41953, DetectionLoss: 5.35070
06/30 13:30:16 - mmengine - INFO - [EVAL] Epoch 8 Iter   350: Loss: 22.051 (29.886)
06/30 13:30:16 - mmengine - INFO - OccupancyLoss: 6.54421, OccupancyFlowLoss: 8.74729, DetectionLoss: 6.75911
06/30 13:31:30 - mmengine - INFO - [EVAL] Epoch 8 Iter   400: Loss: 17.443 (29.772)
06/30 13:31:30 - mmengine - INFO - OccupancyLoss: 7.29059, OccupancyFlowLoss: 2.91854, DetectionLoss: 7.23357
06/30 13:32:46 - mmengine - INFO - [EVAL] Epoch 8 Iter   450: Loss: 38.806 (29.827)
06/30 13:32:46 - mmengine - INFO - OccupancyLoss: 8.22624, OccupancyFlowLoss: 17.49339, DetectionLoss: 13.08681
06/30 13:34:07 - mmengine - INFO - Validation per class iou none:
06/30 13:34:07 - mmengine - INFO - barrier : 2.97%, 0.38, 0.03
06/30 13:34:07 - mmengine - INFO - bicycle : 0.00%, 0.00, 0.00
06/30 13:34:07 - mmengine - INFO - bus : 1.57%, 0.20, 0.02
06/30 13:34:07 - mmengine - INFO - car : 25.07%, 0.40, 0.40
06/30 13:34:07 - mmengine - INFO - construction_vehicle : 0.06%, 0.19, 0.00
06/30 13:34:07 - mmengine - INFO - motorcycle : 0.00%, 0.00, 0.00
06/30 13:34:07 - mmengine - INFO - pedestrian : 0.00%, 0.00, 0.00
06/30 13:34:07 - mmengine - INFO - traffic_cone : 0.00%, 0.00, 0.00
06/30 13:34:07 - mmengine - INFO - trailer : 1.15%, 0.12, 0.01
06/30 13:34:07 - mmengine - INFO - truck : 12.15%, 0.27, 0.18
06/30 13:34:07 - mmengine - INFO - driveable_surface : 36.34%, 0.61, 0.47
06/30 13:34:07 - mmengine - INFO - other_flat : 9.81%, 0.41, 0.11
06/30 13:34:07 - mmengine - INFO - sidewalk : 15.95%, 0.35, 0.23
06/30 13:34:07 - mmengine - INFO - terrain : 17.45%, 0.35, 0.26
06/30 13:34:07 - mmengine - INFO - manmade : 6.89%, 0.22, 0.09
06/30 13:34:07 - mmengine - INFO - vegetation : 17.93%, 0.35, 0.27
06/30 13:34:07 - mmengine - INFO - tensor([  213109,    14566,   204192,  1435223,   106632,    22025,   206833,
           42653,   134799,   555406,  7051599,   345594,  2482869,  3418334,
         7852446,  8317553, 32659904], device='cuda:0', dtype=torch.int32)
06/30 13:34:07 - mmengine - INFO - tensor([    6657,        0,     3410,   572395,       60,        0,        0,
               0,     1693,    99592,  3343378,    39554,   562846,   890894,
          717607,  2234320, 10989325], device='cuda:0', dtype=torch.int32)
06/30 13:34:07 - mmengine - INFO - tensor([   17703,        0,    17096,  1420008,      313,        0,        0,
               0,    13882,   364106,  5491523,    96979,  1609766,  2576690,
         3283554,  6378146, 21269766], device='cuda:0', dtype=torch.int32)
06/30 13:34:07 - mmengine - INFO - mIoU: 9.208598238183185, iou2: 25.592073440551758
06/30 13:34:07 - mmengine - INFO - Current val loss is 29.915
06/30 13:34:28 - mmengine - INFO - [TRAIN] Epoch 8 Iter     0/750: Loss: 28.331 (28.331), grad_norm: 33.546, lr: 0.0000200, time: 11.319 (6.342)
06/30 13:34:28 - mmengine - INFO - OccupancyLoss: 6.87652, OccupancyFlowLoss: 17.73206, DetectionLoss: 3.72194
06/30 13:38:35 - mmengine - INFO - [TRAIN] Epoch 8 Iter    50/750: Loss: 9.314 (29.096), grad_norm: 28.278, lr: 0.0000200, time: 4.935 (0.008)
06/30 13:38:35 - mmengine - INFO - OccupancyLoss: 5.15010, OccupancyFlowLoss: 0.00000, DetectionLoss: 4.16424
06/30 13:42:42 - mmengine - INFO - [TRAIN] Epoch 8 Iter   100/750: Loss: 14.873 (28.019), grad_norm: 29.742, lr: 0.0000200, time: 4.982 (0.008)
06/30 13:42:42 - mmengine - INFO - OccupancyLoss: 4.01920, OccupancyFlowLoss: 5.84520, DetectionLoss: 5.00899
06/30 13:46:48 - mmengine - INFO - [TRAIN] Epoch 8 Iter   150/750: Loss: 29.119 (27.884), grad_norm: 33.499, lr: 0.0000200, time: 4.958 (0.008)
06/30 13:46:48 - mmengine - INFO - OccupancyLoss: 6.93218, OccupancyFlowLoss: 16.65466, DetectionLoss: 5.53182
06/30 13:50:54 - mmengine - INFO - [TRAIN] Epoch 8 Iter   200/750: Loss: 23.918 (29.514), grad_norm: 27.891, lr: 0.0000200, time: 4.954 (0.008)
06/30 13:50:54 - mmengine - INFO - OccupancyLoss: 3.91102, OccupancyFlowLoss: 17.67517, DetectionLoss: 2.33230
06/30 13:55:00 - mmengine - INFO - [TRAIN] Epoch 8 Iter   250/750: Loss: 32.848 (28.349), grad_norm: 34.060, lr: 0.0000200, time: 4.830 (0.008)
06/30 13:55:00 - mmengine - INFO - OccupancyLoss: 14.15661, OccupancyFlowLoss: 16.98512, DetectionLoss: 1.70615
06/30 13:59:05 - mmengine - INFO - [TRAIN] Epoch 8 Iter   300/750: Loss: 32.904 (29.593), grad_norm: 22.841, lr: 0.0000200, time: 4.954 (0.008)
06/30 13:59:05 - mmengine - INFO - OccupancyLoss: 7.93069, OccupancyFlowLoss: 17.31822, DetectionLoss: 7.65538
06/30 14:03:10 - mmengine - INFO - [TRAIN] Epoch 8 Iter   350/750: Loss: 27.056 (28.001), grad_norm: 26.245, lr: 0.0000200, time: 4.909 (0.008)
06/30 14:03:10 - mmengine - INFO - OccupancyLoss: 7.69375, OccupancyFlowLoss: 17.03003, DetectionLoss: 2.33173
06/30 14:07:15 - mmengine - INFO - [TRAIN] Epoch 8 Iter   400/750: Loss: 30.975 (29.006), grad_norm: 25.794, lr: 0.0000200, time: 4.994 (0.008)
06/30 14:07:15 - mmengine - INFO - OccupancyLoss: 7.42556, OccupancyFlowLoss: 17.10944, DetectionLoss: 6.44032
06/30 14:11:21 - mmengine - INFO - [TRAIN] Epoch 8 Iter   450/750: Loss: 29.660 (28.295), grad_norm: 25.087, lr: 0.0000200, time: 4.968 (0.008)
06/30 14:11:21 - mmengine - INFO - OccupancyLoss: 11.68029, OccupancyFlowLoss: 11.89714, DetectionLoss: 6.08257
06/30 14:15:28 - mmengine - INFO - [TRAIN] Epoch 8 Iter   500/750: Loss: 33.156 (27.625), grad_norm: 22.828, lr: 0.0000200, time: 4.920 (0.008)
06/30 14:15:28 - mmengine - INFO - OccupancyLoss: 7.47697, OccupancyFlowLoss: 17.37185, DetectionLoss: 8.30670
06/30 14:19:34 - mmengine - INFO - [TRAIN] Epoch 8 Iter   550/750: Loss: 27.473 (28.003), grad_norm: 32.644, lr: 0.0000200, time: 4.842 (0.008)
06/30 14:19:34 - mmengine - INFO - OccupancyLoss: 6.52397, OccupancyFlowLoss: 17.29795, DetectionLoss: 3.65152
06/30 14:23:41 - mmengine - INFO - [TRAIN] Epoch 8 Iter   600/750: Loss: 28.962 (28.303), grad_norm: 26.901, lr: 0.0000200, time: 4.991 (0.008)
06/30 14:23:41 - mmengine - INFO - OccupancyLoss: 5.16756, OccupancyFlowLoss: 17.06386, DetectionLoss: 6.73088
06/30 14:27:48 - mmengine - INFO - [TRAIN] Epoch 8 Iter   650/750: Loss: 28.668 (27.302), grad_norm: 48.760, lr: 0.0000200, time: 4.911 (0.008)
06/30 14:27:48 - mmengine - INFO - OccupancyLoss: 7.94549, OccupancyFlowLoss: 14.46047, DetectionLoss: 6.26211
06/30 14:31:54 - mmengine - INFO - [TRAIN] Epoch 8 Iter   700/750: Loss: 31.701 (27.823), grad_norm: 41.142, lr: 0.0000200, time: 4.951 (0.008)
06/30 14:31:54 - mmengine - INFO - OccupancyLoss: 9.00951, OccupancyFlowLoss: 16.92296, DetectionLoss: 5.76810
06/30 14:36:05 - mmengine - INFO - [EVAL] Epoch 9 Iter     0: Loss: 27.702 (27.702)
06/30 14:36:05 - mmengine - INFO - OccupancyLoss: 5.43951, OccupancyFlowLoss: 17.61905, DetectionLoss: 4.64350
06/30 14:37:25 - mmengine - INFO - [EVAL] Epoch 9 Iter    50: Loss: 26.885 (29.356)
06/30 14:37:25 - mmengine - INFO - OccupancyLoss: 5.48457, OccupancyFlowLoss: 17.44855, DetectionLoss: 3.95187
06/30 14:38:42 - mmengine - INFO - [EVAL] Epoch 9 Iter   100: Loss: 30.207 (29.131)
06/30 14:38:42 - mmengine - INFO - OccupancyLoss: 8.65188, OccupancyFlowLoss: 17.34927, DetectionLoss: 4.20588
06/30 14:40:00 - mmengine - INFO - [EVAL] Epoch 9 Iter   150: Loss: 12.890 (29.681)
06/30 14:40:00 - mmengine - INFO - OccupancyLoss: 6.48363, OccupancyFlowLoss: 5.88077, DetectionLoss: 0.52547
06/30 14:41:15 - mmengine - INFO - [EVAL] Epoch 9 Iter   200: Loss: 23.121 (29.842)
06/30 14:41:15 - mmengine - INFO - OccupancyLoss: 10.09356, OccupancyFlowLoss: 8.68307, DetectionLoss: 4.34419
06/30 14:42:31 - mmengine - INFO - [EVAL] Epoch 9 Iter   250: Loss: 30.999 (30.078)
06/30 14:42:31 - mmengine - INFO - OccupancyLoss: 7.60484, OccupancyFlowLoss: 17.22763, DetectionLoss: 6.16676
06/30 14:43:44 - mmengine - INFO - [EVAL] Epoch 9 Iter   300: Loss: 31.537 (29.911)
06/30 14:43:44 - mmengine - INFO - OccupancyLoss: 8.14704, OccupancyFlowLoss: 17.39883, DetectionLoss: 5.99065
06/30 14:44:57 - mmengine - INFO - [EVAL] Epoch 9 Iter   350: Loss: 21.759 (30.093)
06/30 14:44:57 - mmengine - INFO - OccupancyLoss: 6.51421, OccupancyFlowLoss: 8.78360, DetectionLoss: 6.46141
06/30 14:46:09 - mmengine - INFO - [EVAL] Epoch 9 Iter   400: Loss: 17.469 (29.991)
06/30 14:46:09 - mmengine - INFO - OccupancyLoss: 7.39438, OccupancyFlowLoss: 2.93051, DetectionLoss: 7.14381
06/30 14:47:23 - mmengine - INFO - [EVAL] Epoch 9 Iter   450: Loss: 39.072 (30.028)
06/30 14:47:23 - mmengine - INFO - OccupancyLoss: 7.95818, OccupancyFlowLoss: 17.49667, DetectionLoss: 13.61718
06/30 14:48:46 - mmengine - INFO - Validation per class iou none:
06/30 14:48:46 - mmengine - INFO - barrier : 5.38%, 0.27, 0.06
06/30 14:48:46 - mmengine - INFO - bicycle : 0.00%, 0.00, 0.00
06/30 14:48:46 - mmengine - INFO - bus : 9.90%, 0.26, 0.14
06/30 14:48:46 - mmengine - INFO - car : 27.21%, 0.42, 0.44
06/30 14:48:46 - mmengine - INFO - construction_vehicle : 1.86%, 0.08, 0.02
06/30 14:48:46 - mmengine - INFO - motorcycle : 0.00%, 0.00, 0.00
06/30 14:48:46 - mmengine - INFO - pedestrian : 0.00%, 0.00, 0.00
06/30 14:48:46 - mmengine - INFO - traffic_cone : 0.00%, 0.00, 0.00
06/30 14:48:46 - mmengine - INFO - trailer : 2.47%, 0.09, 0.03
06/30 14:48:46 - mmengine - INFO - truck : 12.81%, 0.26, 0.20
06/30 14:48:46 - mmengine - INFO - driveable_surface : 37.03%, 0.67, 0.45
06/30 14:48:46 - mmengine - INFO - other_flat : 9.80%, 0.46, 0.11
06/30 14:48:46 - mmengine - INFO - sidewalk : 17.51%, 0.33, 0.27
06/30 14:48:46 - mmengine - INFO - terrain : 19.30%, 0.28, 0.39
06/30 14:48:46 - mmengine - INFO - manmade : 5.74%, 0.24, 0.07
06/30 14:48:46 - mmengine - INFO - vegetation : 17.53%, 0.35, 0.26
06/30 14:48:46 - mmengine - INFO - tensor([  213109,    14566,   204192,  1435223,   106632,    22025,   206833,
           42653,   134799,   555406,  7051599,   345594,  2482869,  3418334,
         7852446,  8317553, 32659904], device='cuda:0', dtype=torch.int32)
06/30 14:48:46 - mmengine - INFO - tensor([   13379,        0,    28193,   633313,     2521,        0,        0,
               0,     4519,   110406,  3207574,    38198,   667801,  1318881,
          551031,  2155536, 11872688], device='cuda:0', dtype=torch.int32)
06/30 14:48:46 - mmengine - INFO - tensor([   48743,        0,   108712,  1525831,    31191,        0,       49,
               0,    52482,   416684,  4817927,    82497,  1998142,  4735186,
         2306547,  6136623, 22260614], device='cuda:0', dtype=torch.int32)
06/30 14:48:46 - mmengine - INFO - mIoU: 10.40887163253501, iou2: 27.580223083496094
06/30 14:48:46 - mmengine - INFO - Current val loss is 30.101
06/30 14:49:07 - mmengine - INFO - [TRAIN] Epoch 9 Iter     0/750: Loss: 8.748 (8.748), grad_norm: 24.649, lr: 0.0000200, time: 10.632 (5.545)
06/30 14:49:07 - mmengine - INFO - OccupancyLoss: 5.20505, OccupancyFlowLoss: 0.00000, DetectionLoss: 3.54278
06/30 14:53:13 - mmengine - INFO - [TRAIN] Epoch 9 Iter    50/750: Loss: 32.618 (28.527), grad_norm: 36.563, lr: 0.0000200, time: 4.939 (0.008)
06/30 14:53:13 - mmengine - INFO - OccupancyLoss: 7.98307, OccupancyFlowLoss: 17.13723, DetectionLoss: 7.49760
06/30 14:57:19 - mmengine - INFO - [TRAIN] Epoch 9 Iter   100/750: Loss: 26.300 (27.737), grad_norm: 34.158, lr: 0.0000200, time: 4.937 (0.008)
06/30 14:57:19 - mmengine - INFO - OccupancyLoss: 4.82046, OccupancyFlowLoss: 17.19924, DetectionLoss: 4.28072
06/30 15:01:26 - mmengine - INFO - [TRAIN] Epoch 9 Iter   150/750: Loss: 31.610 (26.821), grad_norm: 27.406, lr: 0.0000200, time: 4.946 (0.008)
06/30 15:01:26 - mmengine - INFO - OccupancyLoss: 6.28957, OccupancyFlowLoss: 17.56503, DetectionLoss: 7.75550
06/30 15:05:33 - mmengine - INFO - [TRAIN] Epoch 9 Iter   200/750: Loss: 27.473 (27.620), grad_norm: 32.389, lr: 0.0000200, time: 4.901 (0.008)
06/30 15:05:33 - mmengine - INFO - OccupancyLoss: 5.74176, OccupancyFlowLoss: 17.38128, DetectionLoss: 4.35021
06/30 15:09:39 - mmengine - INFO - [TRAIN] Epoch 9 Iter   250/750: Loss: 8.064 (27.115), grad_norm: 28.431, lr: 0.0000200, time: 4.884 (0.008)
06/30 15:09:39 - mmengine - INFO - OccupancyLoss: 5.05239, OccupancyFlowLoss: 0.00000, DetectionLoss: 3.01159
06/30 15:13:46 - mmengine - INFO - [TRAIN] Epoch 9 Iter   300/750: Loss: 24.683 (27.813), grad_norm: 32.397, lr: 0.0000200, time: 4.974 (0.008)
06/30 15:13:46 - mmengine - INFO - OccupancyLoss: 4.84997, OccupancyFlowLoss: 17.18329, DetectionLoss: 2.64962
06/30 15:17:55 - mmengine - INFO - [TRAIN] Epoch 9 Iter   350/750: Loss: 26.164 (28.170), grad_norm: 29.458, lr: 0.0000200, time: 4.878 (0.008)
06/30 15:17:55 - mmengine - INFO - OccupancyLoss: 5.28748, OccupancyFlowLoss: 17.52775, DetectionLoss: 3.34864
06/30 15:22:02 - mmengine - INFO - [TRAIN] Epoch 9 Iter   400/750: Loss: 23.646 (27.943), grad_norm: 22.238, lr: 0.0000200, time: 5.039 (0.008)
06/30 15:22:02 - mmengine - INFO - OccupancyLoss: 3.56691, OccupancyFlowLoss: 17.34282, DetectionLoss: 2.73601
06/30 15:26:09 - mmengine - INFO - [TRAIN] Epoch 9 Iter   450/750: Loss: 32.919 (28.960), grad_norm: 45.273, lr: 0.0000200, time: 4.980 (0.008)
06/30 15:26:09 - mmengine - INFO - OccupancyLoss: 6.27195, OccupancyFlowLoss: 17.12957, DetectionLoss: 9.51746
06/30 15:30:15 - mmengine - INFO - [TRAIN] Epoch 9 Iter   500/750: Loss: 33.425 (26.818), grad_norm: 43.367, lr: 0.0000200, time: 4.914 (0.008)
06/30 15:30:15 - mmengine - INFO - OccupancyLoss: 10.02737, OccupancyFlowLoss: 16.71948, DetectionLoss: 6.67854
06/30 15:34:21 - mmengine - INFO - [TRAIN] Epoch 9 Iter   550/750: Loss: 30.665 (28.352), grad_norm: 25.707, lr: 0.0000200, time: 4.891 (0.008)
06/30 15:34:21 - mmengine - INFO - OccupancyLoss: 8.88535, OccupancyFlowLoss: 17.40762, DetectionLoss: 4.37199
06/30 15:38:29 - mmengine - INFO - [TRAIN] Epoch 9 Iter   600/750: Loss: 34.790 (27.423), grad_norm: 36.238, lr: 0.0000200, time: 4.920 (0.008)
06/30 15:38:29 - mmengine - INFO - OccupancyLoss: 7.65160, OccupancyFlowLoss: 17.38440, DetectionLoss: 9.75408
06/30 15:42:35 - mmengine - INFO - [TRAIN] Epoch 9 Iter   650/750: Loss: 29.185 (28.146), grad_norm: 28.802, lr: 0.0000200, time: 4.807 (0.008)
06/30 15:42:35 - mmengine - INFO - OccupancyLoss: 8.39504, OccupancyFlowLoss: 17.73066, DetectionLoss: 3.05973
06/30 15:46:52 - mmengine - INFO - [TRAIN] Epoch 9 Iter   700/750: Loss: 10.570 (27.858), grad_norm: 27.691, lr: 0.0000200, time: 4.929 (0.008)
06/30 15:46:52 - mmengine - INFO - OccupancyLoss: 3.60708, OccupancyFlowLoss: 0.00000, DetectionLoss: 6.96258
06/30 15:51:14 - mmengine - INFO - [EVAL] Epoch 10 Iter     0: Loss: 26.724 (26.724)
06/30 15:51:14 - mmengine - INFO - OccupancyLoss: 4.90931, OccupancyFlowLoss: 17.56923, DetectionLoss: 4.24518
06/30 15:52:21 - mmengine - INFO - [EVAL] Epoch 10 Iter    50: Loss: 27.703 (28.997)
06/30 15:52:21 - mmengine - INFO - OccupancyLoss: 5.67282, OccupancyFlowLoss: 17.49393, DetectionLoss: 4.53652
06/30 15:53:30 - mmengine - INFO - [EVAL] Epoch 10 Iter   100: Loss: 30.358 (28.722)
06/30 15:53:30 - mmengine - INFO - OccupancyLoss: 8.46850, OccupancyFlowLoss: 17.27498, DetectionLoss: 4.61418
06/30 15:54:35 - mmengine - INFO - [EVAL] Epoch 10 Iter   150: Loss: 12.794 (29.276)
06/30 15:54:35 - mmengine - INFO - OccupancyLoss: 6.55939, OccupancyFlowLoss: 5.86388, DetectionLoss: 0.37034
06/30 15:55:41 - mmengine - INFO - [EVAL] Epoch 10 Iter   200: Loss: 22.419 (29.448)
06/30 15:55:41 - mmengine - INFO - OccupancyLoss: 9.68105, OccupancyFlowLoss: 8.67855, DetectionLoss: 4.05963
06/30 15:56:50 - mmengine - INFO - [EVAL] Epoch 10 Iter   250: Loss: 30.953 (29.722)
06/30 15:56:50 - mmengine - INFO - OccupancyLoss: 7.60132, OccupancyFlowLoss: 17.21605, DetectionLoss: 6.13606
06/30 15:57:58 - mmengine - INFO - [EVAL] Epoch 10 Iter   300: Loss: 32.178 (29.557)
06/30 15:57:58 - mmengine - INFO - OccupancyLoss: 8.34085, OccupancyFlowLoss: 17.43245, DetectionLoss: 6.40444
06/30 15:59:12 - mmengine - INFO - [EVAL] Epoch 10 Iter   350: Loss: 21.811 (29.718)
06/30 15:59:12 - mmengine - INFO - OccupancyLoss: 6.24224, OccupancyFlowLoss: 8.71143, DetectionLoss: 6.85718
06/30 16:00:25 - mmengine - INFO - [EVAL] Epoch 10 Iter   400: Loss: 18.280 (29.606)
06/30 16:00:25 - mmengine - INFO - OccupancyLoss: 7.38759, OccupancyFlowLoss: 2.91506, DetectionLoss: 7.97727
06/30 16:01:36 - mmengine - INFO - [EVAL] Epoch 10 Iter   450: Loss: 38.434 (29.664)
06/30 16:01:36 - mmengine - INFO - OccupancyLoss: 7.78821, OccupancyFlowLoss: 17.40989, DetectionLoss: 13.23565
06/30 16:02:32 - mmengine - INFO - Validation per class iou none:
06/30 16:02:32 - mmengine - INFO - barrier : 5.67%, 0.29, 0.07
06/30 16:02:32 - mmengine - INFO - bicycle : 0.00%, 0.00, 0.00
06/30 16:02:32 - mmengine - INFO - bus : 4.46%, 0.28, 0.05
06/30 16:02:32 - mmengine - INFO - car : 27.21%, 0.45, 0.41
06/30 16:02:32 - mmengine - INFO - construction_vehicle : 0.55%, 0.12, 0.01
06/30 16:02:32 - mmengine - INFO - motorcycle : 0.00%, 0.00, 0.00
06/30 16:02:32 - mmengine - INFO - pedestrian : 0.00%, 0.01, 0.00
06/30 16:02:32 - mmengine - INFO - traffic_cone : 0.00%, 0.00, 0.00
06/30 16:02:32 - mmengine - INFO - trailer : 2.00%, 0.07, 0.03
06/30 16:02:32 - mmengine - INFO - truck : 14.63%, 0.28, 0.24
06/30 16:02:32 - mmengine - INFO - driveable_surface : 37.58%, 0.66, 0.47
06/30 16:02:32 - mmengine - INFO - other_flat : 12.15%, 0.48, 0.14
06/30 16:02:32 - mmengine - INFO - sidewalk : 17.78%, 0.40, 0.24
06/30 16:02:32 - mmengine - INFO - terrain : 16.42%, 0.40, 0.22
06/30 16:02:32 - mmengine - INFO - manmade : 3.39%, 0.27, 0.04
06/30 16:02:32 - mmengine - INFO - vegetation : 16.12%, 0.42, 0.21
06/30 16:02:32 - mmengine - INFO - tensor([  213109,    14566,   204192,  1435223,   106632,    22025,   206833,
           42653,   134799,   555406,  7051599,   345594,  2482869,  3418334,
         7852446,  8317553, 32659904], device='cuda:0', dtype=torch.int32)
06/30 16:02:32 - mmengine - INFO - tensor([  14038,       0,   10311,  583918,     615,       0,       1,       0,
           3616,  132069, 3281208,   48400,  603398,  744273,  294200, 1715361,
        9439437], device='cuda:0', dtype=torch.int32)
06/30 16:02:32 - mmengine - INFO - tensor([   48518,        0,    37114,  1294448,     5112,        0,       89,
               0,    49736,   479644,  4960907,   101038,  1514116,  1858701,
         1107646,  4037770, 15494839], device='cuda:0', dtype=torch.int32)
06/30 16:02:32 - mmengine - INFO - mIoU: 9.873472419795348, iou2: 24.38166618347168
06/30 16:02:32 - mmengine - INFO - Current val loss is 29.760
06/30 16:02:52 - mmengine - INFO - [TRAIN] Epoch 10 Iter     0/750: Loss: 32.344 (32.344), grad_norm: 26.172, lr: 0.0000200, time: 9.388 (4.538)
06/30 16:02:52 - mmengine - INFO - OccupancyLoss: 6.43785, OccupancyFlowLoss: 17.39484, DetectionLoss: 8.51118
06/30 16:06:58 - mmengine - INFO - [TRAIN] Epoch 10 Iter    50/750: Loss: 26.401 (26.504), grad_norm: 35.773, lr: 0.0000200, time: 4.993 (0.008)
06/30 16:06:58 - mmengine - INFO - OccupancyLoss: 5.64721, OccupancyFlowLoss: 17.34553, DetectionLoss: 3.40862
06/30 16:11:05 - mmengine - INFO - [TRAIN] Epoch 10 Iter   100/750: Loss: 26.684 (27.409), grad_norm: 18.223, lr: 0.0000200, time: 4.894 (0.008)
06/30 16:11:05 - mmengine - INFO - OccupancyLoss: 9.60145, OccupancyFlowLoss: 16.65544, DetectionLoss: 0.42690
06/30 16:15:11 - mmengine - INFO - [TRAIN] Epoch 10 Iter   150/750: Loss: 29.845 (25.958), grad_norm: 29.998, lr: 0.0000200, time: 4.997 (0.008)
06/30 16:15:11 - mmengine - INFO - OccupancyLoss: 5.33707, OccupancyFlowLoss: 17.46385, DetectionLoss: 7.04428
06/30 16:19:17 - mmengine - INFO - [TRAIN] Epoch 10 Iter   200/750: Loss: 25.191 (27.355), grad_norm: 22.138, lr: 0.0000200, time: 4.955 (0.008)
06/30 16:19:17 - mmengine - INFO - OccupancyLoss: 7.13859, OccupancyFlowLoss: 16.95566, DetectionLoss: 1.09672
06/30 16:23:24 - mmengine - INFO - [TRAIN] Epoch 10 Iter   250/750: Loss: 27.932 (26.919), grad_norm: 26.670, lr: 0.0000200, time: 4.966 (0.008)
06/30 16:23:24 - mmengine - INFO - OccupancyLoss: 7.31491, OccupancyFlowLoss: 17.06575, DetectionLoss: 3.55092
06/30 16:27:31 - mmengine - INFO - [TRAIN] Epoch 10 Iter   300/750: Loss: 18.479 (27.948), grad_norm: 31.546, lr: 0.0000200, time: 4.848 (0.008)
06/30 16:27:31 - mmengine - INFO - OccupancyLoss: 6.09860, OccupancyFlowLoss: 5.74053, DetectionLoss: 6.63955
06/30 16:31:37 - mmengine - INFO - [TRAIN] Epoch 10 Iter   350/750: Loss: 23.845 (28.072), grad_norm: 31.998, lr: 0.0000200, time: 4.994 (0.008)
06/30 16:31:37 - mmengine - INFO - OccupancyLoss: 3.65819, OccupancyFlowLoss: 17.19461, DetectionLoss: 2.99172
06/30 16:35:54 - mmengine - INFO - [TRAIN] Epoch 10 Iter   400/750: Loss: 22.057 (26.792), grad_norm: 31.601, lr: 0.0000200, time: 4.886 (0.008)
06/30 16:35:54 - mmengine - INFO - OccupancyLoss: 7.40742, OccupancyFlowLoss: 11.55847, DetectionLoss: 3.09092
06/30 16:40:01 - mmengine - INFO - [TRAIN] Epoch 10 Iter   450/750: Loss: 35.810 (26.271), grad_norm: 28.027, lr: 0.0000200, time: 4.955 (0.008)
06/30 16:40:01 - mmengine - INFO - OccupancyLoss: 13.79731, OccupancyFlowLoss: 17.07724, DetectionLoss: 4.93588
06/30 16:44:09 - mmengine - INFO - [TRAIN] Epoch 10 Iter   500/750: Loss: 32.244 (28.020), grad_norm: 33.875, lr: 0.0000200, time: 5.022 (0.008)
06/30 16:44:09 - mmengine - INFO - OccupancyLoss: 7.28695, OccupancyFlowLoss: 17.20029, DetectionLoss: 7.75637
06/30 16:48:17 - mmengine - INFO - [TRAIN] Epoch 10 Iter   550/750: Loss: 31.805 (27.747), grad_norm: 27.499, lr: 0.0000200, time: 4.958 (0.008)
06/30 16:48:17 - mmengine - INFO - OccupancyLoss: 7.64554, OccupancyFlowLoss: 17.02307, DetectionLoss: 7.13671
06/30 16:52:25 - mmengine - INFO - [TRAIN] Epoch 10 Iter   600/750: Loss: 30.583 (27.221), grad_norm: 36.197, lr: 0.0000200, time: 4.923 (0.008)
06/30 16:52:25 - mmengine - INFO - OccupancyLoss: 8.94667, OccupancyFlowLoss: 11.73355, DetectionLoss: 9.90316
06/30 16:56:32 - mmengine - INFO - [TRAIN] Epoch 10 Iter   650/750: Loss: 30.418 (26.989), grad_norm: 23.727, lr: 0.0000200, time: 5.017 (0.008)
06/30 16:56:32 - mmengine - INFO - OccupancyLoss: 7.19358, OccupancyFlowLoss: 17.20843, DetectionLoss: 6.01623
06/30 17:00:39 - mmengine - INFO - [TRAIN] Epoch 10 Iter   700/750: Loss: 27.484 (26.593), grad_norm: 34.570, lr: 0.0000200, time: 5.001 (0.008)
06/30 17:00:39 - mmengine - INFO - OccupancyLoss: 6.53619, OccupancyFlowLoss: 16.30568, DetectionLoss: 4.64246
06/30 17:04:51 - mmengine - INFO - [EVAL] Epoch 11 Iter     0: Loss: 27.237 (27.237)
06/30 17:04:51 - mmengine - INFO - OccupancyLoss: 5.17996, OccupancyFlowLoss: 17.55080, DetectionLoss: 4.50592
06/30 17:06:00 - mmengine - INFO - [EVAL] Epoch 11 Iter    50: Loss: 27.895 (29.321)
06/30 17:06:00 - mmengine - INFO - OccupancyLoss: 5.42270, OccupancyFlowLoss: 17.36696, DetectionLoss: 5.10510
06/30 17:07:04 - mmengine - INFO - [EVAL] Epoch 11 Iter   100: Loss: 30.503 (28.994)
06/30 17:07:04 - mmengine - INFO - OccupancyLoss: 8.39169, OccupancyFlowLoss: 17.25622, DetectionLoss: 4.85476
06/30 17:08:09 - mmengine - INFO - [EVAL] Epoch 11 Iter   150: Loss: 12.699 (29.543)
06/30 17:08:09 - mmengine - INFO - OccupancyLoss: 6.33901, OccupancyFlowLoss: 5.87081, DetectionLoss: 0.48901
06/30 17:09:17 - mmengine - INFO - [EVAL] Epoch 11 Iter   200: Loss: 22.199 (29.637)
06/30 17:09:17 - mmengine - INFO - OccupancyLoss: 9.27371, OccupancyFlowLoss: 8.59605, DetectionLoss: 4.32936
06/30 17:10:26 - mmengine - INFO - [EVAL] Epoch 11 Iter   250: Loss: 30.746 (29.873)
06/30 17:10:26 - mmengine - INFO - OccupancyLoss: 7.36901, OccupancyFlowLoss: 17.20245, DetectionLoss: 6.17416
06/30 17:11:33 - mmengine - INFO - [EVAL] Epoch 11 Iter   300: Loss: 31.302 (29.687)
06/30 17:11:33 - mmengine - INFO - OccupancyLoss: 8.20412, OccupancyFlowLoss: 17.39115, DetectionLoss: 5.70690
06/30 17:12:43 - mmengine - INFO - [EVAL] Epoch 11 Iter   350: Loss: 22.763 (29.839)
06/30 17:12:43 - mmengine - INFO - OccupancyLoss: 6.27335, OccupancyFlowLoss: 8.73528, DetectionLoss: 7.75444
06/30 17:13:53 - mmengine - INFO - [EVAL] Epoch 11 Iter   400: Loss: 18.498 (29.759)
06/30 17:13:53 - mmengine - INFO - OccupancyLoss: 7.31462, OccupancyFlowLoss: 2.91162, DetectionLoss: 8.27194
06/30 17:15:02 - mmengine - INFO - [EVAL] Epoch 11 Iter   450: Loss: 38.761 (29.800)
06/30 17:15:02 - mmengine - INFO - OccupancyLoss: 7.62526, OccupancyFlowLoss: 17.44119, DetectionLoss: 13.69479
06/30 17:16:11 - mmengine - INFO - Validation per class iou none:
06/30 17:16:11 - mmengine - INFO - barrier : 10.93%, 0.19, 0.21
06/30 17:16:11 - mmengine - INFO - bicycle : 0.00%, 0.00, 0.00
06/30 17:16:11 - mmengine - INFO - bus : 13.13%, 0.20, 0.28
06/30 17:16:11 - mmengine - INFO - car : 27.90%, 0.42, 0.45
06/30 17:16:11 - mmengine - INFO - construction_vehicle : 1.40%, 0.07, 0.02
06/30 17:16:11 - mmengine - INFO - motorcycle : 0.00%, 0.00, 0.00
06/30 17:16:11 - mmengine - INFO - pedestrian : 0.08%, 0.04, 0.00
06/30 17:16:11 - mmengine - INFO - traffic_cone : 0.00%, 0.00, 0.00
06/30 17:16:11 - mmengine - INFO - trailer : 6.45%, 0.12, 0.12
06/30 17:16:11 - mmengine - INFO - truck : 14.46%, 0.24, 0.26
06/30 17:16:11 - mmengine - INFO - driveable_surface : 39.50%, 0.58, 0.55
06/30 17:16:11 - mmengine - INFO - other_flat : 14.90%, 0.37, 0.20
06/30 17:16:11 - mmengine - INFO - sidewalk : 19.45%, 0.37, 0.29
06/30 17:16:11 - mmengine - INFO - terrain : 20.07%, 0.32, 0.35
06/30 17:16:11 - mmengine - INFO - manmade : 5.22%, 0.28, 0.06
06/30 17:16:11 - mmengine - INFO - vegetation : 16.25%, 0.41, 0.21
06/30 17:16:11 - mmengine - INFO - tensor([  213109,    14566,   204192,  1435223,   106632,    22025,   206833,
           42653,   134799,   555406,  7051599,   345594,  2482869,  3418334,
         7852446,  8317553, 32659904], device='cuda:0', dtype=torch.int32)
06/30 17:16:11 - mmengine - INFO - tensor([   44622,        0,    56399,   643812,     1838,        0,      165,
               0,    16643,   146833,  3906158,    68845,   716318,  1183625,
          473350,  1770630, 11840769], device='cuda:0', dtype=torch.int32)
06/30 17:16:11 - mmengine - INFO - tensor([  239801,        0,   281828,  1516159,    26275,        2,     3904,
               6,   139946,   606659,  6742624,   185372,  1915929,  3661518,
         1685173,  4346062, 21351258], device='cuda:0', dtype=torch.int32)
06/30 17:16:11 - mmengine - INFO - mIoU: 11.859575074413442, iou2: 28.07839584350586
06/30 17:16:11 - mmengine - INFO - Current val loss is 29.898
06/30 17:16:31 - mmengine - INFO - [TRAIN] Epoch 11 Iter     0/750: Loss: 24.826 (24.826), grad_norm: 32.989, lr: 0.0000200, time: 10.470 (5.386)
06/30 17:16:31 - mmengine - INFO - OccupancyLoss: 5.03972, OccupancyFlowLoss: 17.20490, DetectionLoss: 2.58174
06/30 17:20:38 - mmengine - INFO - [TRAIN] Epoch 11 Iter    50/750: Loss: 30.082 (27.361), grad_norm: 28.765, lr: 0.0000200, time: 4.920 (0.008)
06/30 17:20:38 - mmengine - INFO - OccupancyLoss: 8.80186, OccupancyFlowLoss: 16.48269, DetectionLoss: 4.79752
06/30 17:24:46 - mmengine - INFO - [TRAIN] Epoch 11 Iter   100/750: Loss: 24.880 (26.471), grad_norm: 27.986, lr: 0.0000200, time: 5.000 (0.008)
06/30 17:24:46 - mmengine - INFO - OccupancyLoss: 6.31718, OccupancyFlowLoss: 16.85593, DetectionLoss: 1.70661
06/30 17:28:53 - mmengine - INFO - [TRAIN] Epoch 11 Iter   150/750: Loss: 29.432 (27.511), grad_norm: 28.984, lr: 0.0000200, time: 4.935 (0.008)
06/30 17:28:53 - mmengine - INFO - OccupancyLoss: 7.56395, OccupancyFlowLoss: 17.48999, DetectionLoss: 4.37773
06/30 17:32:59 - mmengine - INFO - [TRAIN] Epoch 11 Iter   200/750: Loss: 31.131 (26.045), grad_norm: 35.488, lr: 0.0000200, time: 4.803 (0.008)
06/30 17:32:59 - mmengine - INFO - OccupancyLoss: 6.71955, OccupancyFlowLoss: 18.05292, DetectionLoss: 6.35889
06/30 17:37:06 - mmengine - INFO - [TRAIN] Epoch 11 Iter   250/750: Loss: 33.130 (27.204), grad_norm: 35.139, lr: 0.0000200, time: 4.880 (0.008)
06/30 17:37:06 - mmengine - INFO - OccupancyLoss: 10.75210, OccupancyFlowLoss: 16.31483, DetectionLoss: 6.06315
06/30 17:41:13 - mmengine - INFO - [TRAIN] Epoch 11 Iter   300/750: Loss: 33.115 (27.431), grad_norm: 35.972, lr: 0.0000200, time: 4.947 (0.008)
06/30 17:41:13 - mmengine - INFO - OccupancyLoss: 10.30092, OccupancyFlowLoss: 14.43783, DetectionLoss: 8.37654
06/30 17:45:20 - mmengine - INFO - [TRAIN] Epoch 11 Iter   350/750: Loss: 26.165 (28.074), grad_norm: 34.125, lr: 0.0000200, time: 4.893 (0.008)
06/30 17:45:20 - mmengine - INFO - OccupancyLoss: 6.99724, OccupancyFlowLoss: 16.10443, DetectionLoss: 3.06353
06/30 17:49:27 - mmengine - INFO - [TRAIN] Epoch 11 Iter   400/750: Loss: 30.395 (27.530), grad_norm: 34.110, lr: 0.0000200, time: 4.951 (0.008)
06/30 17:49:27 - mmengine - INFO - OccupancyLoss: 9.40865, OccupancyFlowLoss: 17.08603, DetectionLoss: 3.89984
06/30 17:53:35 - mmengine - INFO - [TRAIN] Epoch 11 Iter   450/750: Loss: 34.070 (27.291), grad_norm: 35.098, lr: 0.0000200, time: 4.939 (0.008)
06/30 17:53:35 - mmengine - INFO - OccupancyLoss: 6.07547, OccupancyFlowLoss: 17.31730, DetectionLoss: 10.67678
06/30 17:57:43 - mmengine - INFO - [TRAIN] Epoch 11 Iter   500/750: Loss: 29.852 (26.535), grad_norm: 34.793, lr: 0.0000200, time: 4.891 (0.008)
06/30 17:57:43 - mmengine - INFO - OccupancyLoss: 7.68264, OccupancyFlowLoss: 16.99465, DetectionLoss: 5.17506
06/30 18:01:50 - mmengine - INFO - [TRAIN] Epoch 11 Iter   550/750: Loss: 33.587 (28.106), grad_norm: 30.025, lr: 0.0000200, time: 4.950 (0.008)
06/30 18:01:50 - mmengine - INFO - OccupancyLoss: 10.96220, OccupancyFlowLoss: 17.21706, DetectionLoss: 5.40792
06/30 18:05:57 - mmengine - INFO - [TRAIN] Epoch 11 Iter   600/750: Loss: 32.130 (26.166), grad_norm: 24.474, lr: 0.0000200, time: 4.960 (0.008)
06/30 18:05:57 - mmengine - INFO - OccupancyLoss: 11.54296, OccupancyFlowLoss: 17.21995, DetectionLoss: 3.36665
06/30 18:10:04 - mmengine - INFO - [TRAIN] Epoch 11 Iter   650/750: Loss: 33.498 (27.086), grad_norm: 41.141, lr: 0.0000200, time: 4.881 (0.008)
06/30 18:10:04 - mmengine - INFO - OccupancyLoss: 11.45940, OccupancyFlowLoss: 16.97172, DetectionLoss: 5.06660
06/30 18:14:12 - mmengine - INFO - [TRAIN] Epoch 11 Iter   700/750: Loss: 26.415 (26.097), grad_norm: 33.019, lr: 0.0000200, time: 4.870 (0.008)
06/30 18:14:12 - mmengine - INFO - OccupancyLoss: 4.97445, OccupancyFlowLoss: 17.37325, DetectionLoss: 4.06704
06/30 18:18:25 - mmengine - INFO - [EVAL] Epoch 12 Iter     0: Loss: 26.466 (26.466)
06/30 18:18:25 - mmengine - INFO - OccupancyLoss: 4.94485, OccupancyFlowLoss: 17.53594, DetectionLoss: 3.98499
06/30 18:19:56 - mmengine - INFO - [EVAL] Epoch 12 Iter    50: Loss: 27.173 (29.136)
06/30 18:19:56 - mmengine - INFO - OccupancyLoss: 5.35457, OccupancyFlowLoss: 17.33072, DetectionLoss: 4.48784
06/30 18:21:18 - mmengine - INFO - [EVAL] Epoch 12 Iter   100: Loss: 30.578 (28.777)
06/30 18:21:18 - mmengine - INFO - OccupancyLoss: 8.25525, OccupancyFlowLoss: 17.20935, DetectionLoss: 5.11319
06/30 18:22:41 - mmengine - INFO - [EVAL] Epoch 12 Iter   150: Loss: 12.670 (29.382)
06/30 18:22:41 - mmengine - INFO - OccupancyLoss: 6.37150, OccupancyFlowLoss: 5.88660, DetectionLoss: 0.41223
06/30 18:24:05 - mmengine - INFO - [EVAL] Epoch 12 Iter   200: Loss: 22.063 (29.484)
06/30 18:24:05 - mmengine - INFO - OccupancyLoss: 9.40395, OccupancyFlowLoss: 8.61217, DetectionLoss: 4.04656
06/30 18:25:28 - mmengine - INFO - [EVAL] Epoch 12 Iter   250: Loss: 31.419 (29.751)
06/30 18:25:28 - mmengine - INFO - OccupancyLoss: 7.38226, OccupancyFlowLoss: 17.09501, DetectionLoss: 6.94169
06/30 18:26:55 - mmengine - INFO - [EVAL] Epoch 12 Iter   300: Loss: 32.422 (29.591)
06/30 18:26:55 - mmengine - INFO - OccupancyLoss: 8.11454, OccupancyFlowLoss: 17.36608, DetectionLoss: 6.94174
06/30 18:28:26 - mmengine - INFO - [EVAL] Epoch 12 Iter   350: Loss: 22.201 (29.759)
06/30 18:28:26 - mmengine - INFO - OccupancyLoss: 6.06803, OccupancyFlowLoss: 8.72785, DetectionLoss: 7.40517
06/30 18:29:57 - mmengine - INFO - [EVAL] Epoch 12 Iter   400: Loss: 17.592 (29.659)
06/30 18:29:57 - mmengine - INFO - OccupancyLoss: 7.38130, OccupancyFlowLoss: 2.92922, DetectionLoss: 7.28163
06/30 18:31:21 - mmengine - INFO - [EVAL] Epoch 12 Iter   450: Loss: 38.923 (29.708)
06/30 18:31:21 - mmengine - INFO - OccupancyLoss: 7.89177, OccupancyFlowLoss: 17.44307, DetectionLoss: 13.58863
06/30 18:32:32 - mmengine - INFO - Validation per class iou none:
06/30 18:32:32 - mmengine - INFO - barrier : 9.51%, 0.25, 0.13
06/30 18:32:32 - mmengine - INFO - bicycle : 0.00%, 0.00, 0.00
06/30 18:32:32 - mmengine - INFO - bus : 13.26%, 0.34, 0.18
06/30 18:32:32 - mmengine - INFO - car : 28.80%, 0.44, 0.45
06/30 18:32:32 - mmengine - INFO - construction_vehicle : 1.49%, 0.11, 0.02
06/30 18:32:32 - mmengine - INFO - motorcycle : 0.00%, 0.00, 0.00
06/30 18:32:32 - mmengine - INFO - pedestrian : 0.01%, 0.05, 0.00
06/30 18:32:32 - mmengine - INFO - traffic_cone : 0.00%, 0.00, 0.00
06/30 18:32:32 - mmengine - INFO - trailer : 4.93%, 0.12, 0.08
06/30 18:32:32 - mmengine - INFO - truck : 16.92%, 0.29, 0.29
06/30 18:32:32 - mmengine - INFO - driveable_surface : 38.74%, 0.64, 0.49
06/30 18:32:32 - mmengine - INFO - other_flat : 13.52%, 0.47, 0.16
06/30 18:32:32 - mmengine - INFO - sidewalk : 17.96%, 0.44, 0.23
06/30 18:32:32 - mmengine - INFO - terrain : 17.58%, 0.38, 0.24
06/30 18:32:32 - mmengine - INFO - manmade : 5.65%, 0.28, 0.07
06/30 18:32:32 - mmengine - INFO - vegetation : 18.13%, 0.39, 0.25
06/30 18:32:32 - mmengine - INFO - tensor([  213109,    14566,   204192,  1435223,   106632,    22025,   206833,
           42653,   134799,   555406,  7051599,   345594,  2482869,  3418334,
         7852446,  8317553, 32659904], device='cuda:0', dtype=torch.int32)
06/30 18:32:32 - mmengine - INFO - tensor([   28183,        0,    36683,   652131,     1811,        0,       18,
               0,    10306,   160625,  3479149,    55139,   578991,   837447,
          519648,  2098701, 10603398], device='cuda:0', dtype=torch.int32)
06/30 18:32:32 - mmengine - INFO - tensor([  111385,        0,   109186,  1481363,    16514,        0,      345,
               0,    84434,   554345,  5408085,   117334,  1320510,  2183759,
         1870058,  5354524, 18611842], device='cuda:0', dtype=torch.int32)
06/30 18:32:32 - mmengine - INFO - mIoU: 11.65629857418935, iou2: 26.072853088378906
06/30 18:32:32 - mmengine - INFO - Current val loss is 29.802
06/30 18:32:53 - mmengine - INFO - [TRAIN] Epoch 12 Iter     0/750: Loss: 10.923 (10.923), grad_norm: 27.093, lr: 0.0000200, time: 10.615 (5.281)
06/30 18:32:53 - mmengine - INFO - OccupancyLoss: 5.47011, OccupancyFlowLoss: 0.00000, DetectionLoss: 5.45292
06/30 18:37:00 - mmengine - INFO - [TRAIN] Epoch 12 Iter    50/750: Loss: 31.626 (27.411), grad_norm: 25.428, lr: 0.0000200, time: 4.960 (0.008)
06/30 18:37:00 - mmengine - INFO - OccupancyLoss: 11.19189, OccupancyFlowLoss: 16.66710, DetectionLoss: 3.76699
06/30 18:41:07 - mmengine - INFO - [TRAIN] Epoch 12 Iter   100/750: Loss: 34.308 (26.782), grad_norm: 31.292, lr: 0.0000200, time: 4.953 (0.008)
06/30 18:41:07 - mmengine - INFO - OccupancyLoss: 10.78387, OccupancyFlowLoss: 16.90242, DetectionLoss: 6.62148
06/30 18:45:15 - mmengine - INFO - [TRAIN] Epoch 12 Iter   150/750: Loss: 15.838 (26.281), grad_norm: 40.564, lr: 0.0000200, time: 4.980 (0.008)
06/30 18:45:15 - mmengine - INFO - OccupancyLoss: 5.46905, OccupancyFlowLoss: 2.96567, DetectionLoss: 7.40336
06/30 18:49:23 - mmengine - INFO - [TRAIN] Epoch 12 Iter   200/750: Loss: 22.736 (25.560), grad_norm: 31.150, lr: 0.0000200, time: 4.826 (0.008)
06/30 18:49:23 - mmengine - INFO - OccupancyLoss: 4.49728, OccupancyFlowLoss: 17.00447, DetectionLoss: 1.23389
06/30 18:53:30 - mmengine - INFO - [TRAIN] Epoch 12 Iter   250/750: Loss: 25.777 (26.354), grad_norm: 29.152, lr: 0.0000200, time: 4.793 (0.008)
06/30 18:53:30 - mmengine - INFO - OccupancyLoss: 5.23848, OccupancyFlowLoss: 17.39875, DetectionLoss: 3.13934
06/30 18:57:49 - mmengine - INFO - [TRAIN] Epoch 12 Iter   300/750: Loss: 25.829 (27.298), grad_norm: 27.333, lr: 0.0000200, time: 4.990 (0.008)
06/30 18:57:49 - mmengine - INFO - OccupancyLoss: 5.46319, OccupancyFlowLoss: 16.63472, DetectionLoss: 3.73073
06/30 19:02:08 - mmengine - INFO - [TRAIN] Epoch 12 Iter   350/750: Loss: 26.486 (26.910), grad_norm: 38.760, lr: 0.0000200, time: 4.945 (0.008)
06/30 19:02:08 - mmengine - INFO - OccupancyLoss: 7.65113, OccupancyFlowLoss: 16.72773, DetectionLoss: 2.10726
06/30 19:06:14 - mmengine - INFO - [TRAIN] Epoch 12 Iter   400/750: Loss: 31.384 (27.133), grad_norm: 27.928, lr: 0.0000200, time: 4.930 (0.008)
06/30 19:06:14 - mmengine - INFO - OccupancyLoss: 7.25945, OccupancyFlowLoss: 17.14586, DetectionLoss: 6.97822
06/30 19:10:33 - mmengine - INFO - [TRAIN] Epoch 12 Iter   450/750: Loss: 27.350 (26.632), grad_norm: 31.392, lr: 0.0000200, time: 4.965 (0.008)
06/30 19:10:33 - mmengine - INFO - OccupancyLoss: 4.88061, OccupancyFlowLoss: 17.04536, DetectionLoss: 5.42406
06/30 19:14:40 - mmengine - INFO - [TRAIN] Epoch 12 Iter   500/750: Loss: 31.038 (27.255), grad_norm: 34.007, lr: 0.0000200, time: 4.792 (0.008)
06/30 19:14:40 - mmengine - INFO - OccupancyLoss: 11.06805, OccupancyFlowLoss: 17.07802, DetectionLoss: 2.89170
06/30 19:18:47 - mmengine - INFO - [TRAIN] Epoch 12 Iter   550/750: Loss: 27.068 (27.147), grad_norm: 42.547, lr: 0.0000200, time: 4.861 (0.008)
06/30 19:18:47 - mmengine - INFO - OccupancyLoss: 6.95685, OccupancyFlowLoss: 16.71154, DetectionLoss: 3.39938
06/30 19:22:55 - mmengine - INFO - [TRAIN] Epoch 12 Iter   600/750: Loss: 27.689 (26.324), grad_norm: 40.895, lr: 0.0000200, time: 4.945 (0.008)
06/30 19:22:55 - mmengine - INFO - OccupancyLoss: 5.58465, OccupancyFlowLoss: 16.85439, DetectionLoss: 5.24991
06/30 19:27:03 - mmengine - INFO - [TRAIN] Epoch 12 Iter   650/750: Loss: 30.762 (26.635), grad_norm: 39.590, lr: 0.0000200, time: 4.920 (0.008)
06/30 19:27:03 - mmengine - INFO - OccupancyLoss: 8.59980, OccupancyFlowLoss: 17.23482, DetectionLoss: 4.92717
06/30 19:31:11 - mmengine - INFO - [TRAIN] Epoch 12 Iter   700/750: Loss: 25.569 (26.486), grad_norm: 27.013, lr: 0.0000200, time: 4.922 (0.008)
06/30 19:31:11 - mmengine - INFO - OccupancyLoss: 5.31718, OccupancyFlowLoss: 17.06288, DetectionLoss: 3.18906
06/30 19:35:24 - mmengine - INFO - [EVAL] Epoch 13 Iter     0: Loss: 26.814 (26.814)
06/30 19:35:24 - mmengine - INFO - OccupancyLoss: 4.89554, OccupancyFlowLoss: 17.54759, DetectionLoss: 4.37041
06/30 19:37:00 - mmengine - INFO - [EVAL] Epoch 13 Iter    50: Loss: 26.977 (29.140)
06/30 19:37:00 - mmengine - INFO - OccupancyLoss: 5.24181, OccupancyFlowLoss: 17.31860, DetectionLoss: 4.41696
06/30 19:38:33 - mmengine - INFO - [EVAL] Epoch 13 Iter   100: Loss: 30.267 (28.857)
06/30 19:38:33 - mmengine - INFO - OccupancyLoss: 8.47117, OccupancyFlowLoss: 17.30429, DetectionLoss: 4.49165
06/30 19:40:05 - mmengine - INFO - [EVAL] Epoch 13 Iter   150: Loss: 12.540 (29.447)
06/30 19:40:05 - mmengine - INFO - OccupancyLoss: 6.43209, OccupancyFlowLoss: 5.86026, DetectionLoss: 0.24807
06/30 19:41:39 - mmengine - INFO - [EVAL] Epoch 13 Iter   200: Loss: 22.303 (29.549)
06/30 19:41:39 - mmengine - INFO - OccupancyLoss: 9.40147, OccupancyFlowLoss: 8.60362, DetectionLoss: 4.29755
06/30 19:43:13 - mmengine - INFO - [EVAL] Epoch 13 Iter   250: Loss: 30.811 (29.838)
06/30 19:43:13 - mmengine - INFO - OccupancyLoss: 7.35202, OccupancyFlowLoss: 17.18670, DetectionLoss: 6.27265
06/30 19:44:48 - mmengine - INFO - [EVAL] Epoch 13 Iter   300: Loss: 32.977 (29.669)
06/30 19:44:48 - mmengine - INFO - OccupancyLoss: 8.42252, OccupancyFlowLoss: 17.48174, DetectionLoss: 7.07231
06/30 19:46:22 - mmengine - INFO - [EVAL] Epoch 13 Iter   350: Loss: 22.553 (29.848)
06/30 19:46:22 - mmengine - INFO - OccupancyLoss: 6.05670, OccupancyFlowLoss: 8.71703, DetectionLoss: 7.77928
06/30 19:47:55 - mmengine - INFO - [EVAL] Epoch 13 Iter   400: Loss: 18.489 (29.751)
06/30 19:47:55 - mmengine - INFO - OccupancyLoss: 7.48092, OccupancyFlowLoss: 2.91537, DetectionLoss: 8.09303
06/30 19:49:04 - mmengine - INFO - [EVAL] Epoch 13 Iter   450: Loss: 39.526 (29.809)
06/30 19:49:04 - mmengine - INFO - OccupancyLoss: 7.63095, OccupancyFlowLoss: 17.44010, DetectionLoss: 14.45481
06/30 19:50:11 - mmengine - INFO - Validation per class iou none:
06/30 19:50:11 - mmengine - INFO - barrier : 10.89%, 0.28, 0.15
06/30 19:50:11 - mmengine - INFO - bicycle : 0.00%, 0.00, 0.00
06/30 19:50:11 - mmengine - INFO - bus : 16.17%, 0.29, 0.27
06/30 19:50:11 - mmengine - INFO - car : 28.33%, 0.47, 0.42
06/30 19:50:11 - mmengine - INFO - construction_vehicle : 1.12%, 0.17, 0.01
06/30 19:50:11 - mmengine - INFO - motorcycle : 0.00%, 0.00, 0.00
06/30 19:50:11 - mmengine - INFO - pedestrian : 0.01%, 0.04, 0.00
06/30 19:50:11 - mmengine - INFO - traffic_cone : 0.00%, 0.00, 0.00
06/30 19:50:11 - mmengine - INFO - trailer : 4.81%, 0.14, 0.07
06/30 19:50:11 - mmengine - INFO - truck : 14.84%, 0.32, 0.22
06/30 19:50:11 - mmengine - INFO - driveable_surface : 39.56%, 0.59, 0.54
06/30 19:50:11 - mmengine - INFO - other_flat : 13.50%, 0.49, 0.16
06/30 19:50:11 - mmengine - INFO - sidewalk : 19.71%, 0.40, 0.28
06/30 19:50:11 - mmengine - INFO - terrain : 19.78%, 0.37, 0.30
06/30 19:50:11 - mmengine - INFO - manmade : 7.41%, 0.27, 0.09
06/30 19:50:11 - mmengine - INFO - vegetation : 18.49%, 0.40, 0.25
06/30 19:50:11 - mmengine - INFO - tensor([  213109,    14566,   204192,  1435223,   106632,    22025,   206833,
           42653,   134799,   555406,  7051599,   345594,  2482869,  3418334,
         7852446,  8317553, 32659904], device='cuda:0', dtype=torch.int32)
06/30 19:50:11 - mmengine - INFO - tensor([   32490,        0,    54219,   601416,     1266,        0,       15,
               0,     9228,   119694,  3819478,    54422,   690396,  1017576,
          727191,  2114498, 11746735], device='cuda:0', dtype=torch.int32)
06/30 19:50:11 - mmengine - INFO - tensor([  117845,        0,   185297,  1289295,     7505,        0,      373,
               0,    66173,   370998,  6422594,   111984,  1710323,  2743115,
         2683796,  5235123, 20944420], device='cuda:0', dtype=torch.int32)
06/30 19:50:11 - mmengine - INFO - mIoU: 12.163451928927316, iou2: 28.063573837280273
06/30 19:50:11 - mmengine - INFO - Current val loss is 29.912
06/30 19:50:32 - mmengine - INFO - [TRAIN] Epoch 13 Iter     0/750: Loss: 26.739 (26.739), grad_norm: 28.573, lr: 0.0000200, time: 10.265 (5.361)
06/30 19:50:32 - mmengine - INFO - OccupancyLoss: 9.17125, OccupancyFlowLoss: 17.27435, DetectionLoss: 0.29382
06/30 19:54:48 - mmengine - INFO - [TRAIN] Epoch 13 Iter    50/750: Loss: 29.528 (27.104), grad_norm: 52.549, lr: 0.0000200, time: 4.934 (0.008)
06/30 19:54:48 - mmengine - INFO - OccupancyLoss: 9.66667, OccupancyFlowLoss: 17.13613, DetectionLoss: 2.72562
06/30 19:58:56 - mmengine - INFO - [TRAIN] Epoch 13 Iter   100/750: Loss: 16.558 (26.065), grad_norm: 29.718, lr: 0.0000200, time: 5.012 (0.008)
06/30 19:58:56 - mmengine - INFO - OccupancyLoss: 3.37087, OccupancyFlowLoss: 11.69489, DetectionLoss: 1.49258
06/30 20:03:03 - mmengine - INFO - [TRAIN] Epoch 13 Iter   150/750: Loss: 26.946 (25.265), grad_norm: 35.859, lr: 0.0000200, time: 4.911 (0.008)
06/30 20:03:03 - mmengine - INFO - OccupancyLoss: 7.06278, OccupancyFlowLoss: 16.75877, DetectionLoss: 3.12402
06/30 20:07:10 - mmengine - INFO - [TRAIN] Epoch 13 Iter   200/750: Loss: 24.738 (27.027), grad_norm: 40.112, lr: 0.0000200, time: 4.888 (0.008)
06/30 20:07:10 - mmengine - INFO - OccupancyLoss: 6.00541, OccupancyFlowLoss: 16.81301, DetectionLoss: 1.91995
06/30 20:11:18 - mmengine - INFO - [TRAIN] Epoch 13 Iter   250/750: Loss: 26.765 (25.057), grad_norm: 33.381, lr: 0.0000200, time: 4.999 (0.008)
06/30 20:11:18 - mmengine - INFO - OccupancyLoss: 5.22957, OccupancyFlowLoss: 17.03208, DetectionLoss: 4.50318
06/30 20:15:25 - mmengine - INFO - [TRAIN] Epoch 13 Iter   300/750: Loss: 31.701 (26.712), grad_norm: 33.061, lr: 0.0000200, time: 4.964 (0.008)
06/30 20:15:25 - mmengine - INFO - OccupancyLoss: 6.66873, OccupancyFlowLoss: 17.15857, DetectionLoss: 7.87346
06/30 20:19:33 - mmengine - INFO - [TRAIN] Epoch 13 Iter   350/750: Loss: 29.929 (26.356), grad_norm: 39.073, lr: 0.0000200, time: 4.949 (0.008)
06/30 20:19:33 - mmengine - INFO - OccupancyLoss: 7.82126, OccupancyFlowLoss: 17.53979, DetectionLoss: 4.56843
06/30 20:23:41 - mmengine - INFO - [TRAIN] Epoch 13 Iter   400/750: Loss: 17.667 (26.658), grad_norm: 29.564, lr: 0.0000200, time: 5.035 (0.008)
06/30 20:23:41 - mmengine - INFO - OccupancyLoss: 5.49557, OccupancyFlowLoss: 8.34567, DetectionLoss: 3.82575
06/30 20:27:48 - mmengine - INFO - [TRAIN] Epoch 13 Iter   450/750: Loss: 23.888 (25.994), grad_norm: 29.366, lr: 0.0000200, time: 4.976 (0.008)
06/30 20:27:48 - mmengine - INFO - OccupancyLoss: 4.44725, OccupancyFlowLoss: 16.75664, DetectionLoss: 2.68365
06/30 20:31:55 - mmengine - INFO - [TRAIN] Epoch 13 Iter   500/750: Loss: 26.339 (26.758), grad_norm: 34.971, lr: 0.0000200, time: 4.858 (0.008)
06/30 20:31:55 - mmengine - INFO - OccupancyLoss: 6.16535, OccupancyFlowLoss: 17.31003, DetectionLoss: 2.86396
06/30 20:36:03 - mmengine - INFO - [TRAIN] Epoch 13 Iter   550/750: Loss: 27.216 (25.805), grad_norm: 31.395, lr: 0.0000200, time: 4.920 (0.008)
06/30 20:36:03 - mmengine - INFO - OccupancyLoss: 6.71916, OccupancyFlowLoss: 17.11941, DetectionLoss: 3.37717
06/30 20:40:11 - mmengine - INFO - [TRAIN] Epoch 13 Iter   600/750: Loss: 28.908 (26.584), grad_norm: 44.969, lr: 0.0000200, time: 4.786 (0.008)
06/30 20:40:11 - mmengine - INFO - OccupancyLoss: 6.49118, OccupancyFlowLoss: 17.50732, DetectionLoss: 4.90947
06/30 20:44:18 - mmengine - INFO - [TRAIN] Epoch 13 Iter   650/750: Loss: 28.877 (25.037), grad_norm: 31.714, lr: 0.0000200, time: 4.955 (0.008)
06/30 20:44:18 - mmengine - INFO - OccupancyLoss: 10.10921, OccupancyFlowLoss: 16.10637, DetectionLoss: 2.66182
06/30 20:48:25 - mmengine - INFO - [TRAIN] Epoch 13 Iter   700/750: Loss: 31.579 (26.561), grad_norm: 30.626, lr: 0.0000200, time: 4.855 (0.008)
06/30 20:48:25 - mmengine - INFO - OccupancyLoss: 7.87620, OccupancyFlowLoss: 17.17004, DetectionLoss: 6.53313
06/30 20:52:38 - mmengine - INFO - [EVAL] Epoch 14 Iter     0: Loss: 27.625 (27.625)
06/30 20:52:38 - mmengine - INFO - OccupancyLoss: 4.99006, OccupancyFlowLoss: 17.53123, DetectionLoss: 5.10398
06/30 20:53:55 - mmengine - INFO - [EVAL] Epoch 14 Iter    50: Loss: 27.169 (29.696)
06/30 20:53:55 - mmengine - INFO - OccupancyLoss: 5.14426, OccupancyFlowLoss: 17.28111, DetectionLoss: 4.74399
06/30 20:55:10 - mmengine - INFO - [EVAL] Epoch 14 Iter   100: Loss: 30.222 (29.225)
06/30 20:55:10 - mmengine - INFO - OccupancyLoss: 8.31442, OccupancyFlowLoss: 17.20470, DetectionLoss: 4.70317
06/30 20:56:28 - mmengine - INFO - [EVAL] Epoch 14 Iter   150: Loss: 12.665 (29.718)
06/30 20:56:28 - mmengine - INFO - OccupancyLoss: 6.40658, OccupancyFlowLoss: 5.88736, DetectionLoss: 0.37131
06/30 20:57:45 - mmengine - INFO - [EVAL] Epoch 14 Iter   200: Loss: 21.618 (29.749)
06/30 20:57:45 - mmengine - INFO - OccupancyLoss: 9.16125, OccupancyFlowLoss: 8.59253, DetectionLoss: 3.86428
06/30 20:59:03 - mmengine - INFO - [EVAL] Epoch 14 Iter   250: Loss: 31.650 (30.033)
06/30 20:59:03 - mmengine - INFO - OccupancyLoss: 7.27324, OccupancyFlowLoss: 17.10500, DetectionLoss: 7.27144
06/30 21:00:20 - mmengine - INFO - [EVAL] Epoch 14 Iter   300: Loss: 32.887 (29.853)
06/30 21:00:20 - mmengine - INFO - OccupancyLoss: 8.18704, OccupancyFlowLoss: 17.40037, DetectionLoss: 7.30009
06/30 21:01:37 - mmengine - INFO - [EVAL] Epoch 14 Iter   350: Loss: 23.338 (30.054)
06/30 21:01:37 - mmengine - INFO - OccupancyLoss: 6.27498, OccupancyFlowLoss: 8.76059, DetectionLoss: 8.30291
06/30 21:02:56 - mmengine - INFO - [EVAL] Epoch 14 Iter   400: Loss: 17.391 (29.942)
06/30 21:02:56 - mmengine - INFO - OccupancyLoss: 7.37010, OccupancyFlowLoss: 2.91697, DetectionLoss: 7.10374
06/30 21:04:07 - mmengine - INFO - [EVAL] Epoch 14 Iter   450: Loss: 40.072 (30.000)
06/30 21:04:07 - mmengine - INFO - OccupancyLoss: 7.68063, OccupancyFlowLoss: 17.44431, DetectionLoss: 14.94753
06/30 21:05:04 - mmengine - INFO - Validation per class iou none:
06/30 21:05:04 - mmengine - INFO - barrier : 12.13%, 0.19, 0.25
06/30 21:05:04 - mmengine - INFO - bicycle : 0.00%, 0.00, 0.00
06/30 21:05:04 - mmengine - INFO - bus : 16.89%, 0.27, 0.32
06/30 21:05:04 - mmengine - INFO - car : 28.85%, 0.42, 0.48
06/30 21:05:04 - mmengine - INFO - construction_vehicle : 2.81%, 0.08, 0.04
06/30 21:05:04 - mmengine - INFO - motorcycle : 0.00%, 0.00, 0.00
06/30 21:05:04 - mmengine - INFO - pedestrian : 0.10%, 0.04, 0.00
06/30 21:05:04 - mmengine - INFO - traffic_cone : 0.00%, 0.00, 0.00
06/30 21:05:04 - mmengine - INFO - trailer : 7.74%, 0.16, 0.13
06/30 21:05:04 - mmengine - INFO - truck : 16.37%, 0.29, 0.28
06/30 21:05:04 - mmengine - INFO - driveable_surface : 39.51%, 0.61, 0.53
06/30 21:05:04 - mmengine - INFO - other_flat : 15.31%, 0.46, 0.19
06/30 21:05:04 - mmengine - INFO - sidewalk : 21.11%, 0.35, 0.35
06/30 21:05:04 - mmengine - INFO - terrain : 20.85%, 0.33, 0.36
06/30 21:05:04 - mmengine - INFO - manmade : 8.43%, 0.25, 0.11
06/30 21:05:04 - mmengine - INFO - vegetation : 18.73%, 0.39, 0.27
06/30 21:05:04 - mmengine - INFO - tensor([  213109,    14566,   204192,  1435223,   106632,    22025,   206833,
           42653,   134799,   555406,  7051599,   345594,  2482869,  3418334,
         7852446,  8317553, 32659904], device='cuda:0', dtype=torch.int32)
06/30 21:05:04 - mmengine - INFO - tensor([   52456,        0,    64750,   686764,     4344,        0,      215,
               0,    17908,   153414,  3705844,    64310,   861362,  1234979,
          891807,  2220385, 13023799], device='cuda:0', dtype=torch.int32)
06/30 21:05:04 - mmengine - INFO - tensor([  271871,        0,   243966,  1631972,    52211,        4,     5010,
               4,   114499,   535232,  6034742,   138809,  2459458,  3739469,
         3624513,  5758493, 24610252], device='cuda:0', dtype=torch.int32)
06/30 21:05:04 - mmengine - INFO - mIoU: 13.050861006922787, iou2: 29.434738159179688
06/30 21:05:04 - mmengine - INFO - Current val loss is 30.105
06/30 21:05:24 - mmengine - INFO - [TRAIN] Epoch 14 Iter     0/750: Loss: 26.390 (26.390), grad_norm: 30.652, lr: 0.0000200, time: 10.063 (5.076)
06/30 21:05:24 - mmengine - INFO - OccupancyLoss: 6.93556, OccupancyFlowLoss: 16.73141, DetectionLoss: 2.72325
06/30 21:09:31 - mmengine - INFO - [TRAIN] Epoch 14 Iter    50/750: Loss: 28.081 (24.650), grad_norm: 25.944, lr: 0.0000200, time: 4.952 (0.008)
06/30 21:09:31 - mmengine - INFO - OccupancyLoss: 6.12908, OccupancyFlowLoss: 17.52655, DetectionLoss: 4.42536
06/30 21:13:37 - mmengine - INFO - [TRAIN] Epoch 14 Iter   100/750: Loss: 30.624 (26.026), grad_norm: 34.278, lr: 0.0000200, time: 5.013 (0.008)
06/30 21:13:37 - mmengine - INFO - OccupancyLoss: 5.11308, OccupancyFlowLoss: 17.45273, DetectionLoss: 8.05818
06/30 21:17:45 - mmengine - INFO - [TRAIN] Epoch 14 Iter   150/750: Loss: 23.219 (24.811), grad_norm: 24.795, lr: 0.0000200, time: 5.022 (0.008)
06/30 21:17:45 - mmengine - INFO - OccupancyLoss: 4.52935, OccupancyFlowLoss: 16.28510, DetectionLoss: 2.40447
06/30 21:21:52 - mmengine - INFO - [TRAIN] Epoch 14 Iter   200/750: Loss: 26.910 (25.209), grad_norm: 27.506, lr: 0.0000200, time: 5.015 (0.008)
06/30 21:21:52 - mmengine - INFO - OccupancyLoss: 5.34706, OccupancyFlowLoss: 17.45441, DetectionLoss: 4.10820
06/30 21:25:58 - mmengine - INFO - [TRAIN] Epoch 14 Iter   250/750: Loss: 23.001 (25.848), grad_norm: 27.379, lr: 0.0000200, time: 4.981 (0.008)
06/30 21:25:58 - mmengine - INFO - OccupancyLoss: 4.92944, OccupancyFlowLoss: 16.99651, DetectionLoss: 1.07549
06/30 21:30:06 - mmengine - INFO - [TRAIN] Epoch 14 Iter   300/750: Loss: 29.299 (25.370), grad_norm: 33.610, lr: 0.0000200, time: 4.932 (0.008)
06/30 21:30:06 - mmengine - INFO - OccupancyLoss: 7.32634, OccupancyFlowLoss: 17.40561, DetectionLoss: 4.56728
06/30 21:34:13 - mmengine - INFO - [TRAIN] Epoch 14 Iter   350/750: Loss: 19.069 (25.602), grad_norm: 26.763, lr: 0.0000200, time: 4.960 (0.008)
06/30 21:34:13 - mmengine - INFO - OccupancyLoss: 5.96105, OccupancyFlowLoss: 5.79106, DetectionLoss: 7.31659
06/30 21:38:20 - mmengine - INFO - [TRAIN] Epoch 14 Iter   400/750: Loss: 25.276 (25.447), grad_norm: 21.520, lr: 0.0000200, time: 4.980 (0.008)
06/30 21:38:20 - mmengine - INFO - OccupancyLoss: 7.21476, OccupancyFlowLoss: 16.81445, DetectionLoss: 1.24667
06/30 21:42:27 - mmengine - INFO - [TRAIN] Epoch 14 Iter   450/750: Loss: 28.027 (25.420), grad_norm: 30.642, lr: 0.0000200, time: 4.922 (0.008)
06/30 21:42:27 - mmengine - INFO - OccupancyLoss: 7.77855, OccupancyFlowLoss: 17.08790, DetectionLoss: 3.16019
06/30 21:46:33 - mmengine - INFO - [TRAIN] Epoch 14 Iter   500/750: Loss: 27.194 (25.156), grad_norm: 34.569, lr: 0.0000200, time: 5.020 (0.008)
06/30 21:46:33 - mmengine - INFO - OccupancyLoss: 6.30797, OccupancyFlowLoss: 16.82349, DetectionLoss: 4.06303
06/30 21:50:40 - mmengine - INFO - [TRAIN] Epoch 14 Iter   550/750: Loss: 29.135 (25.266), grad_norm: 40.360, lr: 0.0000200, time: 5.052 (0.008)
06/30 21:50:40 - mmengine - INFO - OccupancyLoss: 4.96441, OccupancyFlowLoss: 17.46947, DetectionLoss: 6.70117
06/30 21:54:47 - mmengine - INFO - [TRAIN] Epoch 14 Iter   600/750: Loss: 29.274 (26.472), grad_norm: 31.145, lr: 0.0000200, time: 5.027 (0.008)
06/30 21:54:47 - mmengine - INFO - OccupancyLoss: 6.19286, OccupancyFlowLoss: 17.50799, DetectionLoss: 5.57276
06/30 21:58:55 - mmengine - INFO - [TRAIN] Epoch 14 Iter   650/750: Loss: 29.812 (26.733), grad_norm: 38.593, lr: 0.0000200, time: 4.952 (0.008)
06/30 21:58:55 - mmengine - INFO - OccupancyLoss: 6.15249, OccupancyFlowLoss: 17.39929, DetectionLoss: 6.26053
06/30 22:03:02 - mmengine - INFO - [TRAIN] Epoch 14 Iter   700/750: Loss: 30.603 (27.469), grad_norm: 35.894, lr: 0.0000200, time: 4.972 (0.008)
06/30 22:03:02 - mmengine - INFO - OccupancyLoss: 7.15962, OccupancyFlowLoss: 17.05523, DetectionLoss: 6.38800
06/30 22:07:13 - mmengine - INFO - [EVAL] Epoch 15 Iter     0: Loss: 26.713 (26.713)
06/30 22:07:13 - mmengine - INFO - OccupancyLoss: 4.89852, OccupancyFlowLoss: 17.51826, DetectionLoss: 4.29589
06/30 22:08:15 - mmengine - INFO - [EVAL] Epoch 15 Iter    50: Loss: 28.460 (29.459)
06/30 22:08:15 - mmengine - INFO - OccupancyLoss: 5.28866, OccupancyFlowLoss: 17.26470, DetectionLoss: 5.90707
06/30 22:09:19 - mmengine - INFO - [EVAL] Epoch 15 Iter   100: Loss: 30.052 (29.112)
06/30 22:09:19 - mmengine - INFO - OccupancyLoss: 8.41172, OccupancyFlowLoss: 17.25635, DetectionLoss: 4.38443
06/30 22:10:22 - mmengine - INFO - [EVAL] Epoch 15 Iter   150: Loss: 12.497 (29.719)
06/30 22:10:22 - mmengine - INFO - OccupancyLoss: 6.37241, OccupancyFlowLoss: 5.85124, DetectionLoss: 0.27299
06/30 22:11:26 - mmengine - INFO - [EVAL] Epoch 15 Iter   200: Loss: 22.973 (29.822)
06/30 22:11:26 - mmengine - INFO - OccupancyLoss: 9.76646, OccupancyFlowLoss: 8.65773, DetectionLoss: 4.54929
06/30 22:12:32 - mmengine - INFO - [EVAL] Epoch 15 Iter   250: Loss: 31.390 (30.117)
06/30 22:12:32 - mmengine - INFO - OccupancyLoss: 7.27131, OccupancyFlowLoss: 17.16134, DetectionLoss: 6.95686
06/30 22:13:35 - mmengine - INFO - [EVAL] Epoch 15 Iter   300: Loss: 32.971 (29.956)
06/30 22:13:35 - mmengine - INFO - OccupancyLoss: 8.41026, OccupancyFlowLoss: 17.47463, DetectionLoss: 7.08587
06/30 22:14:38 - mmengine - INFO - [EVAL] Epoch 15 Iter   350: Loss: 23.007 (30.145)
06/30 22:14:38 - mmengine - INFO - OccupancyLoss: 6.19033, OccupancyFlowLoss: 8.72718, DetectionLoss: 8.08961
06/30 22:15:41 - mmengine - INFO - [EVAL] Epoch 15 Iter   400: Loss: 19.948 (30.051)
06/30 22:15:41 - mmengine - INFO - OccupancyLoss: 7.51528, OccupancyFlowLoss: 2.91330, DetectionLoss: 9.51909
06/30 22:16:44 - mmengine - INFO - [EVAL] Epoch 15 Iter   450: Loss: 39.033 (30.124)
06/30 22:16:44 - mmengine - INFO - OccupancyLoss: 7.75001, OccupancyFlowLoss: 17.43948, DetectionLoss: 13.84376
06/30 22:18:23 - mmengine - INFO - Validation per class iou none:
06/30 22:18:23 - mmengine - INFO - barrier : 11.14%, 0.21, 0.19
06/30 22:18:23 - mmengine - INFO - bicycle : 0.00%, 0.00, 0.00
06/30 22:18:23 - mmengine - INFO - bus : 16.47%, 0.23, 0.38
06/30 22:18:23 - mmengine - INFO - car : 28.04%, 0.45, 0.42
06/30 22:18:23 - mmengine - INFO - construction_vehicle : 1.55%, 0.07, 0.02
06/30 22:18:23 - mmengine - INFO - motorcycle : 0.00%, 0.00, 0.00
06/30 22:18:23 - mmengine - INFO - pedestrian : 0.06%, 0.07, 0.00
06/30 22:18:23 - mmengine - INFO - traffic_cone : 0.00%, 0.00, 0.00
06/30 22:18:23 - mmengine - INFO - trailer : 6.98%, 0.17, 0.11
06/30 22:18:23 - mmengine - INFO - truck : 15.50%, 0.26, 0.28
06/30 22:18:23 - mmengine - INFO - driveable_surface : 39.85%, 0.63, 0.52
06/30 22:18:23 - mmengine - INFO - other_flat : 15.15%, 0.48, 0.18
06/30 22:18:23 - mmengine - INFO - sidewalk : 20.16%, 0.40, 0.29
06/30 22:18:23 - mmengine - INFO - terrain : 20.54%, 0.37, 0.31
06/30 22:18:23 - mmengine - INFO - manmade : 5.59%, 0.28, 0.07
06/30 22:18:23 - mmengine - INFO - vegetation : 18.94%, 0.38, 0.28
06/30 22:18:23 - mmengine - INFO - tensor([  213109,    14566,   204192,  1435223,   106632,    22025,   206833,
           42653,   134799,   555406,  7051599,   345594,  2482869,  3418334,
         7852446,  8317553, 32659904], device='cuda:0', dtype=torch.int32)
06/30 22:18:23 - mmengine - INFO - tensor([   41315,        0,    77098,   608107,     2055,        0,      135,
               0,    14466,   156416,  3682004,    62812,   714437,  1074487,
          510723,  2288694, 11845047], device='cuda:0', dtype=torch.int32)
06/30 22:18:23 - mmengine - INFO - tensor([  198959,        0,   341066,  1341939,    28412,        8,     1986,
               1,    87054,   610078,  5870131,   131726,  1774631,  2887093,
         1796511,  6055246, 21124840], device='cuda:0', dtype=torch.int32)
06/30 22:18:23 - mmengine - INFO - mIoU: 12.49817433708813, iou2: 28.243043899536133
06/30 22:18:23 - mmengine - INFO - Current val loss is 30.232
