Name of parameter - Initialization information

img_backbone.conv1.weight - torch.Size([64, 3, 7, 7]): 
KaimingInit: a=0, mode=fan_out, nonlinearity=relu, distribution =normal, bias=0 

img_backbone.bn1.weight - torch.Size([64]): 
The value is the same before and after calling `init_weights` of BEVSegmentor  

img_backbone.bn1.bias - torch.Size([64]): 
The value is the same before and after calling `init_weights` of BEVSegmentor  

img_backbone.layer1.0.conv1.weight - torch.Size([64, 64, 1, 1]): 
KaimingInit: a=0, mode=fan_out, nonlinearity=relu, distribution =normal, bias=0 

img_backbone.layer1.0.bn1.weight - torch.Size([64]): 
The value is the same before and after calling `init_weights` of BEVSegmentor  

img_backbone.layer1.0.bn1.bias - torch.Size([64]): 
The value is the same before and after calling `init_weights` of BEVSegmentor  

img_backbone.layer1.0.conv2.weight - torch.Size([64, 64, 3, 3]): 
KaimingInit: a=0, mode=fan_out, nonlinearity=relu, distribution =normal, bias=0 

img_backbone.layer1.0.bn2.weight - torch.Size([64]): 
The value is the same before and after calling `init_weights` of BEVSegmentor  

img_backbone.layer1.0.bn2.bias - torch.Size([64]): 
The value is the same before and after calling `init_weights` of BEVSegmentor  

img_backbone.layer1.0.conv3.weight - torch.Size([256, 64, 1, 1]): 
KaimingInit: a=0, mode=fan_out, nonlinearity=relu, distribution =normal, bias=0 

img_backbone.layer1.0.bn3.weight - torch.Size([256]): 
ConstantInit: val=0, bias=0 

img_backbone.layer1.0.bn3.bias - torch.Size([256]): 
The value is the same before and after calling `init_weights` of BEVSegmentor  

img_backbone.layer1.0.downsample.0.weight - torch.Size([256, 64, 1, 1]): 
KaimingInit: a=0, mode=fan_out, nonlinearity=relu, distribution =normal, bias=0 

img_backbone.layer1.0.downsample.1.weight - torch.Size([256]): 
The value is the same before and after calling `init_weights` of BEVSegmentor  

img_backbone.layer1.0.downsample.1.bias - torch.Size([256]): 
The value is the same before and after calling `init_weights` of BEVSegmentor  

img_backbone.layer1.1.conv1.weight - torch.Size([64, 256, 1, 1]): 
KaimingInit: a=0, mode=fan_out, nonlinearity=relu, distribution =normal, bias=0 

img_backbone.layer1.1.bn1.weight - torch.Size([64]): 
The value is the same before and after calling `init_weights` of BEVSegmentor  

img_backbone.layer1.1.bn1.bias - torch.Size([64]): 
The value is the same before and after calling `init_weights` of BEVSegmentor  

img_backbone.layer1.1.conv2.weight - torch.Size([64, 64, 3, 3]): 
KaimingInit: a=0, mode=fan_out, nonlinearity=relu, distribution =normal, bias=0 

img_backbone.layer1.1.bn2.weight - torch.Size([64]): 
The value is the same before and after calling `init_weights` of BEVSegmentor  

img_backbone.layer1.1.bn2.bias - torch.Size([64]): 
The value is the same before and after calling `init_weights` of BEVSegmentor  

img_backbone.layer1.1.conv3.weight - torch.Size([256, 64, 1, 1]): 
KaimingInit: a=0, mode=fan_out, nonlinearity=relu, distribution =normal, bias=0 

img_backbone.layer1.1.bn3.weight - torch.Size([256]): 
ConstantInit: val=0, bias=0 

img_backbone.layer1.1.bn3.bias - torch.Size([256]): 
The value is the same before and after calling `init_weights` of BEVSegmentor  

img_backbone.layer1.2.conv1.weight - torch.Size([64, 256, 1, 1]): 
KaimingInit: a=0, mode=fan_out, nonlinearity=relu, distribution =normal, bias=0 

img_backbone.layer1.2.bn1.weight - torch.Size([64]): 
The value is the same before and after calling `init_weights` of BEVSegmentor  

img_backbone.layer1.2.bn1.bias - torch.Size([64]): 
The value is the same before and after calling `init_weights` of BEVSegmentor  

img_backbone.layer1.2.conv2.weight - torch.Size([64, 64, 3, 3]): 
KaimingInit: a=0, mode=fan_out, nonlinearity=relu, distribution =normal, bias=0 

img_backbone.layer1.2.bn2.weight - torch.Size([64]): 
The value is the same before and after calling `init_weights` of BEVSegmentor  

img_backbone.layer1.2.bn2.bias - torch.Size([64]): 
The value is the same before and after calling `init_weights` of BEVSegmentor  

img_backbone.layer1.2.conv3.weight - torch.Size([256, 64, 1, 1]): 
KaimingInit: a=0, mode=fan_out, nonlinearity=relu, distribution =normal, bias=0 

img_backbone.layer1.2.bn3.weight - torch.Size([256]): 
ConstantInit: val=0, bias=0 

img_backbone.layer1.2.bn3.bias - torch.Size([256]): 
The value is the same before and after calling `init_weights` of BEVSegmentor  

img_backbone.layer2.0.conv1.weight - torch.Size([128, 256, 1, 1]): 
KaimingInit: a=0, mode=fan_out, nonlinearity=relu, distribution =normal, bias=0 

img_backbone.layer2.0.bn1.weight - torch.Size([128]): 
The value is the same before and after calling `init_weights` of BEVSegmentor  

img_backbone.layer2.0.bn1.bias - torch.Size([128]): 
The value is the same before and after calling `init_weights` of BEVSegmentor  

img_backbone.layer2.0.conv2.weight - torch.Size([128, 128, 3, 3]): 
KaimingInit: a=0, mode=fan_out, nonlinearity=relu, distribution =normal, bias=0 

img_backbone.layer2.0.bn2.weight - torch.Size([128]): 
The value is the same before and after calling `init_weights` of BEVSegmentor  

img_backbone.layer2.0.bn2.bias - torch.Size([128]): 
The value is the same before and after calling `init_weights` of BEVSegmentor  

img_backbone.layer2.0.conv3.weight - torch.Size([512, 128, 1, 1]): 
KaimingInit: a=0, mode=fan_out, nonlinearity=relu, distribution =normal, bias=0 

img_backbone.layer2.0.bn3.weight - torch.Size([512]): 
ConstantInit: val=0, bias=0 

img_backbone.layer2.0.bn3.bias - torch.Size([512]): 
The value is the same before and after calling `init_weights` of BEVSegmentor  

img_backbone.layer2.0.downsample.0.weight - torch.Size([512, 256, 1, 1]): 
KaimingInit: a=0, mode=fan_out, nonlinearity=relu, distribution =normal, bias=0 

img_backbone.layer2.0.downsample.1.weight - torch.Size([512]): 
The value is the same before and after calling `init_weights` of BEVSegmentor  

img_backbone.layer2.0.downsample.1.bias - torch.Size([512]): 
The value is the same before and after calling `init_weights` of BEVSegmentor  

img_backbone.layer2.1.conv1.weight - torch.Size([128, 512, 1, 1]): 
KaimingInit: a=0, mode=fan_out, nonlinearity=relu, distribution =normal, bias=0 

img_backbone.layer2.1.bn1.weight - torch.Size([128]): 
The value is the same before and after calling `init_weights` of BEVSegmentor  

img_backbone.layer2.1.bn1.bias - torch.Size([128]): 
The value is the same before and after calling `init_weights` of BEVSegmentor  

img_backbone.layer2.1.conv2.weight - torch.Size([128, 128, 3, 3]): 
KaimingInit: a=0, mode=fan_out, nonlinearity=relu, distribution =normal, bias=0 

img_backbone.layer2.1.bn2.weight - torch.Size([128]): 
The value is the same before and after calling `init_weights` of BEVSegmentor  

img_backbone.layer2.1.bn2.bias - torch.Size([128]): 
The value is the same before and after calling `init_weights` of BEVSegmentor  

img_backbone.layer2.1.conv3.weight - torch.Size([512, 128, 1, 1]): 
KaimingInit: a=0, mode=fan_out, nonlinearity=relu, distribution =normal, bias=0 

img_backbone.layer2.1.bn3.weight - torch.Size([512]): 
ConstantInit: val=0, bias=0 

img_backbone.layer2.1.bn3.bias - torch.Size([512]): 
The value is the same before and after calling `init_weights` of BEVSegmentor  

img_backbone.layer2.2.conv1.weight - torch.Size([128, 512, 1, 1]): 
KaimingInit: a=0, mode=fan_out, nonlinearity=relu, distribution =normal, bias=0 

img_backbone.layer2.2.bn1.weight - torch.Size([128]): 
The value is the same before and after calling `init_weights` of BEVSegmentor  

img_backbone.layer2.2.bn1.bias - torch.Size([128]): 
The value is the same before and after calling `init_weights` of BEVSegmentor  

img_backbone.layer2.2.conv2.weight - torch.Size([128, 128, 3, 3]): 
KaimingInit: a=0, mode=fan_out, nonlinearity=relu, distribution =normal, bias=0 

img_backbone.layer2.2.bn2.weight - torch.Size([128]): 
The value is the same before and after calling `init_weights` of BEVSegmentor  

img_backbone.layer2.2.bn2.bias - torch.Size([128]): 
The value is the same before and after calling `init_weights` of BEVSegmentor  

img_backbone.layer2.2.conv3.weight - torch.Size([512, 128, 1, 1]): 
KaimingInit: a=0, mode=fan_out, nonlinearity=relu, distribution =normal, bias=0 

img_backbone.layer2.2.bn3.weight - torch.Size([512]): 
ConstantInit: val=0, bias=0 

img_backbone.layer2.2.bn3.bias - torch.Size([512]): 
The value is the same before and after calling `init_weights` of BEVSegmentor  

img_backbone.layer2.3.conv1.weight - torch.Size([128, 512, 1, 1]): 
KaimingInit: a=0, mode=fan_out, nonlinearity=relu, distribution =normal, bias=0 

img_backbone.layer2.3.bn1.weight - torch.Size([128]): 
The value is the same before and after calling `init_weights` of BEVSegmentor  

img_backbone.layer2.3.bn1.bias - torch.Size([128]): 
The value is the same before and after calling `init_weights` of BEVSegmentor  

img_backbone.layer2.3.conv2.weight - torch.Size([128, 128, 3, 3]): 
KaimingInit: a=0, mode=fan_out, nonlinearity=relu, distribution =normal, bias=0 

img_backbone.layer2.3.bn2.weight - torch.Size([128]): 
The value is the same before and after calling `init_weights` of BEVSegmentor  

img_backbone.layer2.3.bn2.bias - torch.Size([128]): 
The value is the same before and after calling `init_weights` of BEVSegmentor  

img_backbone.layer2.3.conv3.weight - torch.Size([512, 128, 1, 1]): 
KaimingInit: a=0, mode=fan_out, nonlinearity=relu, distribution =normal, bias=0 

img_backbone.layer2.3.bn3.weight - torch.Size([512]): 
ConstantInit: val=0, bias=0 

img_backbone.layer2.3.bn3.bias - torch.Size([512]): 
The value is the same before and after calling `init_weights` of BEVSegmentor  

img_backbone.layer3.0.conv1.weight - torch.Size([256, 512, 1, 1]): 
KaimingInit: a=0, mode=fan_out, nonlinearity=relu, distribution =normal, bias=0 

img_backbone.layer3.0.bn1.weight - torch.Size([256]): 
The value is the same before and after calling `init_weights` of BEVSegmentor  

img_backbone.layer3.0.bn1.bias - torch.Size([256]): 
The value is the same before and after calling `init_weights` of BEVSegmentor  

img_backbone.layer3.0.conv2.weight - torch.Size([256, 256, 3, 3]): 
Initialized by user-defined `init_weights` in ModulatedDeformConv2dPack  

img_backbone.layer3.0.conv2.conv_offset.weight - torch.Size([27, 256, 3, 3]): 
Initialized by user-defined `init_weights` in ModulatedDeformConv2dPack  

img_backbone.layer3.0.conv2.conv_offset.bias - torch.Size([27]): 
The value is the same before and after calling `init_weights` of BEVSegmentor  

img_backbone.layer3.0.bn2.weight - torch.Size([256]): 
The value is the same before and after calling `init_weights` of BEVSegmentor  

img_backbone.layer3.0.bn2.bias - torch.Size([256]): 
The value is the same before and after calling `init_weights` of BEVSegmentor  

img_backbone.layer3.0.conv3.weight - torch.Size([1024, 256, 1, 1]): 
KaimingInit: a=0, mode=fan_out, nonlinearity=relu, distribution =normal, bias=0 

img_backbone.layer3.0.bn3.weight - torch.Size([1024]): 
ConstantInit: val=0, bias=0 

img_backbone.layer3.0.bn3.bias - torch.Size([1024]): 
The value is the same before and after calling `init_weights` of BEVSegmentor  

img_backbone.layer3.0.downsample.0.weight - torch.Size([1024, 512, 1, 1]): 
KaimingInit: a=0, mode=fan_out, nonlinearity=relu, distribution =normal, bias=0 

img_backbone.layer3.0.downsample.1.weight - torch.Size([1024]): 
The value is the same before and after calling `init_weights` of BEVSegmentor  

img_backbone.layer3.0.downsample.1.bias - torch.Size([1024]): 
The value is the same before and after calling `init_weights` of BEVSegmentor  

img_backbone.layer3.1.conv1.weight - torch.Size([256, 1024, 1, 1]): 
KaimingInit: a=0, mode=fan_out, nonlinearity=relu, distribution =normal, bias=0 

img_backbone.layer3.1.bn1.weight - torch.Size([256]): 
The value is the same before and after calling `init_weights` of BEVSegmentor  

img_backbone.layer3.1.bn1.bias - torch.Size([256]): 
The value is the same before and after calling `init_weights` of BEVSegmentor  

img_backbone.layer3.1.conv2.weight - torch.Size([256, 256, 3, 3]): 
Initialized by user-defined `init_weights` in ModulatedDeformConv2dPack  

img_backbone.layer3.1.conv2.conv_offset.weight - torch.Size([27, 256, 3, 3]): 
Initialized by user-defined `init_weights` in ModulatedDeformConv2dPack  

img_backbone.layer3.1.conv2.conv_offset.bias - torch.Size([27]): 
The value is the same before and after calling `init_weights` of BEVSegmentor  

img_backbone.layer3.1.bn2.weight - torch.Size([256]): 
The value is the same before and after calling `init_weights` of BEVSegmentor  

img_backbone.layer3.1.bn2.bias - torch.Size([256]): 
The value is the same before and after calling `init_weights` of BEVSegmentor  

img_backbone.layer3.1.conv3.weight - torch.Size([1024, 256, 1, 1]): 
KaimingInit: a=0, mode=fan_out, nonlinearity=relu, distribution =normal, bias=0 

img_backbone.layer3.1.bn3.weight - torch.Size([1024]): 
ConstantInit: val=0, bias=0 

img_backbone.layer3.1.bn3.bias - torch.Size([1024]): 
The value is the same before and after calling `init_weights` of BEVSegmentor  

img_backbone.layer3.2.conv1.weight - torch.Size([256, 1024, 1, 1]): 
KaimingInit: a=0, mode=fan_out, nonlinearity=relu, distribution =normal, bias=0 

img_backbone.layer3.2.bn1.weight - torch.Size([256]): 
The value is the same before and after calling `init_weights` of BEVSegmentor  

img_backbone.layer3.2.bn1.bias - torch.Size([256]): 
The value is the same before and after calling `init_weights` of BEVSegmentor  

img_backbone.layer3.2.conv2.weight - torch.Size([256, 256, 3, 3]): 
Initialized by user-defined `init_weights` in ModulatedDeformConv2dPack  

img_backbone.layer3.2.conv2.conv_offset.weight - torch.Size([27, 256, 3, 3]): 
Initialized by user-defined `init_weights` in ModulatedDeformConv2dPack  

img_backbone.layer3.2.conv2.conv_offset.bias - torch.Size([27]): 
The value is the same before and after calling `init_weights` of BEVSegmentor  

img_backbone.layer3.2.bn2.weight - torch.Size([256]): 
The value is the same before and after calling `init_weights` of BEVSegmentor  

img_backbone.layer3.2.bn2.bias - torch.Size([256]): 
The value is the same before and after calling `init_weights` of BEVSegmentor  

img_backbone.layer3.2.conv3.weight - torch.Size([1024, 256, 1, 1]): 
KaimingInit: a=0, mode=fan_out, nonlinearity=relu, distribution =normal, bias=0 

img_backbone.layer3.2.bn3.weight - torch.Size([1024]): 
ConstantInit: val=0, bias=0 

img_backbone.layer3.2.bn3.bias - torch.Size([1024]): 
The value is the same before and after calling `init_weights` of BEVSegmentor  

img_backbone.layer3.3.conv1.weight - torch.Size([256, 1024, 1, 1]): 
KaimingInit: a=0, mode=fan_out, nonlinearity=relu, distribution =normal, bias=0 

img_backbone.layer3.3.bn1.weight - torch.Size([256]): 
The value is the same before and after calling `init_weights` of BEVSegmentor  

img_backbone.layer3.3.bn1.bias - torch.Size([256]): 
The value is the same before and after calling `init_weights` of BEVSegmentor  

img_backbone.layer3.3.conv2.weight - torch.Size([256, 256, 3, 3]): 
Initialized by user-defined `init_weights` in ModulatedDeformConv2dPack  

img_backbone.layer3.3.conv2.conv_offset.weight - torch.Size([27, 256, 3, 3]): 
Initialized by user-defined `init_weights` in ModulatedDeformConv2dPack  

img_backbone.layer3.3.conv2.conv_offset.bias - torch.Size([27]): 
The value is the same before and after calling `init_weights` of BEVSegmentor  

img_backbone.layer3.3.bn2.weight - torch.Size([256]): 
The value is the same before and after calling `init_weights` of BEVSegmentor  

img_backbone.layer3.3.bn2.bias - torch.Size([256]): 
The value is the same before and after calling `init_weights` of BEVSegmentor  

img_backbone.layer3.3.conv3.weight - torch.Size([1024, 256, 1, 1]): 
KaimingInit: a=0, mode=fan_out, nonlinearity=relu, distribution =normal, bias=0 

img_backbone.layer3.3.bn3.weight - torch.Size([1024]): 
ConstantInit: val=0, bias=0 

img_backbone.layer3.3.bn3.bias - torch.Size([1024]): 
The value is the same before and after calling `init_weights` of BEVSegmentor  

img_backbone.layer3.4.conv1.weight - torch.Size([256, 1024, 1, 1]): 
KaimingInit: a=0, mode=fan_out, nonlinearity=relu, distribution =normal, bias=0 

img_backbone.layer3.4.bn1.weight - torch.Size([256]): 
The value is the same before and after calling `init_weights` of BEVSegmentor  

img_backbone.layer3.4.bn1.bias - torch.Size([256]): 
The value is the same before and after calling `init_weights` of BEVSegmentor  

img_backbone.layer3.4.conv2.weight - torch.Size([256, 256, 3, 3]): 
Initialized by user-defined `init_weights` in ModulatedDeformConv2dPack  

img_backbone.layer3.4.conv2.conv_offset.weight - torch.Size([27, 256, 3, 3]): 
Initialized by user-defined `init_weights` in ModulatedDeformConv2dPack  

img_backbone.layer3.4.conv2.conv_offset.bias - torch.Size([27]): 
The value is the same before and after calling `init_weights` of BEVSegmentor  

img_backbone.layer3.4.bn2.weight - torch.Size([256]): 
The value is the same before and after calling `init_weights` of BEVSegmentor  

img_backbone.layer3.4.bn2.bias - torch.Size([256]): 
The value is the same before and after calling `init_weights` of BEVSegmentor  

img_backbone.layer3.4.conv3.weight - torch.Size([1024, 256, 1, 1]): 
KaimingInit: a=0, mode=fan_out, nonlinearity=relu, distribution =normal, bias=0 

img_backbone.layer3.4.bn3.weight - torch.Size([1024]): 
ConstantInit: val=0, bias=0 

img_backbone.layer3.4.bn3.bias - torch.Size([1024]): 
The value is the same before and after calling `init_weights` of BEVSegmentor  

img_backbone.layer3.5.conv1.weight - torch.Size([256, 1024, 1, 1]): 
KaimingInit: a=0, mode=fan_out, nonlinearity=relu, distribution =normal, bias=0 

img_backbone.layer3.5.bn1.weight - torch.Size([256]): 
The value is the same before and after calling `init_weights` of BEVSegmentor  

img_backbone.layer3.5.bn1.bias - torch.Size([256]): 
The value is the same before and after calling `init_weights` of BEVSegmentor  

img_backbone.layer3.5.conv2.weight - torch.Size([256, 256, 3, 3]): 
Initialized by user-defined `init_weights` in ModulatedDeformConv2dPack  

img_backbone.layer3.5.conv2.conv_offset.weight - torch.Size([27, 256, 3, 3]): 
Initialized by user-defined `init_weights` in ModulatedDeformConv2dPack  

img_backbone.layer3.5.conv2.conv_offset.bias - torch.Size([27]): 
The value is the same before and after calling `init_weights` of BEVSegmentor  

img_backbone.layer3.5.bn2.weight - torch.Size([256]): 
The value is the same before and after calling `init_weights` of BEVSegmentor  

img_backbone.layer3.5.bn2.bias - torch.Size([256]): 
The value is the same before and after calling `init_weights` of BEVSegmentor  

img_backbone.layer3.5.conv3.weight - torch.Size([1024, 256, 1, 1]): 
KaimingInit: a=0, mode=fan_out, nonlinearity=relu, distribution =normal, bias=0 

img_backbone.layer3.5.bn3.weight - torch.Size([1024]): 
ConstantInit: val=0, bias=0 

img_backbone.layer3.5.bn3.bias - torch.Size([1024]): 
The value is the same before and after calling `init_weights` of BEVSegmentor  

img_backbone.layer3.6.conv1.weight - torch.Size([256, 1024, 1, 1]): 
KaimingInit: a=0, mode=fan_out, nonlinearity=relu, distribution =normal, bias=0 

img_backbone.layer3.6.bn1.weight - torch.Size([256]): 
The value is the same before and after calling `init_weights` of BEVSegmentor  

img_backbone.layer3.6.bn1.bias - torch.Size([256]): 
The value is the same before and after calling `init_weights` of BEVSegmentor  

img_backbone.layer3.6.conv2.weight - torch.Size([256, 256, 3, 3]): 
Initialized by user-defined `init_weights` in ModulatedDeformConv2dPack  

img_backbone.layer3.6.conv2.conv_offset.weight - torch.Size([27, 256, 3, 3]): 
Initialized by user-defined `init_weights` in ModulatedDeformConv2dPack  

img_backbone.layer3.6.conv2.conv_offset.bias - torch.Size([27]): 
The value is the same before and after calling `init_weights` of BEVSegmentor  

img_backbone.layer3.6.bn2.weight - torch.Size([256]): 
The value is the same before and after calling `init_weights` of BEVSegmentor  

img_backbone.layer3.6.bn2.bias - torch.Size([256]): 
The value is the same before and after calling `init_weights` of BEVSegmentor  

img_backbone.layer3.6.conv3.weight - torch.Size([1024, 256, 1, 1]): 
KaimingInit: a=0, mode=fan_out, nonlinearity=relu, distribution =normal, bias=0 

img_backbone.layer3.6.bn3.weight - torch.Size([1024]): 
ConstantInit: val=0, bias=0 

img_backbone.layer3.6.bn3.bias - torch.Size([1024]): 
The value is the same before and after calling `init_weights` of BEVSegmentor  

img_backbone.layer3.7.conv1.weight - torch.Size([256, 1024, 1, 1]): 
KaimingInit: a=0, mode=fan_out, nonlinearity=relu, distribution =normal, bias=0 

img_backbone.layer3.7.bn1.weight - torch.Size([256]): 
The value is the same before and after calling `init_weights` of BEVSegmentor  

img_backbone.layer3.7.bn1.bias - torch.Size([256]): 
The value is the same before and after calling `init_weights` of BEVSegmentor  

img_backbone.layer3.7.conv2.weight - torch.Size([256, 256, 3, 3]): 
Initialized by user-defined `init_weights` in ModulatedDeformConv2dPack  

img_backbone.layer3.7.conv2.conv_offset.weight - torch.Size([27, 256, 3, 3]): 
Initialized by user-defined `init_weights` in ModulatedDeformConv2dPack  

img_backbone.layer3.7.conv2.conv_offset.bias - torch.Size([27]): 
The value is the same before and after calling `init_weights` of BEVSegmentor  

img_backbone.layer3.7.bn2.weight - torch.Size([256]): 
The value is the same before and after calling `init_weights` of BEVSegmentor  

img_backbone.layer3.7.bn2.bias - torch.Size([256]): 
The value is the same before and after calling `init_weights` of BEVSegmentor  

img_backbone.layer3.7.conv3.weight - torch.Size([1024, 256, 1, 1]): 
KaimingInit: a=0, mode=fan_out, nonlinearity=relu, distribution =normal, bias=0 

img_backbone.layer3.7.bn3.weight - torch.Size([1024]): 
ConstantInit: val=0, bias=0 

img_backbone.layer3.7.bn3.bias - torch.Size([1024]): 
The value is the same before and after calling `init_weights` of BEVSegmentor  

img_backbone.layer3.8.conv1.weight - torch.Size([256, 1024, 1, 1]): 
KaimingInit: a=0, mode=fan_out, nonlinearity=relu, distribution =normal, bias=0 

img_backbone.layer3.8.bn1.weight - torch.Size([256]): 
The value is the same before and after calling `init_weights` of BEVSegmentor  

img_backbone.layer3.8.bn1.bias - torch.Size([256]): 
The value is the same before and after calling `init_weights` of BEVSegmentor  

img_backbone.layer3.8.conv2.weight - torch.Size([256, 256, 3, 3]): 
Initialized by user-defined `init_weights` in ModulatedDeformConv2dPack  

img_backbone.layer3.8.conv2.conv_offset.weight - torch.Size([27, 256, 3, 3]): 
Initialized by user-defined `init_weights` in ModulatedDeformConv2dPack  

img_backbone.layer3.8.conv2.conv_offset.bias - torch.Size([27]): 
The value is the same before and after calling `init_weights` of BEVSegmentor  

img_backbone.layer3.8.bn2.weight - torch.Size([256]): 
The value is the same before and after calling `init_weights` of BEVSegmentor  

img_backbone.layer3.8.bn2.bias - torch.Size([256]): 
The value is the same before and after calling `init_weights` of BEVSegmentor  

img_backbone.layer3.8.conv3.weight - torch.Size([1024, 256, 1, 1]): 
KaimingInit: a=0, mode=fan_out, nonlinearity=relu, distribution =normal, bias=0 

img_backbone.layer3.8.bn3.weight - torch.Size([1024]): 
ConstantInit: val=0, bias=0 

img_backbone.layer3.8.bn3.bias - torch.Size([1024]): 
The value is the same before and after calling `init_weights` of BEVSegmentor  

img_backbone.layer3.9.conv1.weight - torch.Size([256, 1024, 1, 1]): 
KaimingInit: a=0, mode=fan_out, nonlinearity=relu, distribution =normal, bias=0 

img_backbone.layer3.9.bn1.weight - torch.Size([256]): 
The value is the same before and after calling `init_weights` of BEVSegmentor  

img_backbone.layer3.9.bn1.bias - torch.Size([256]): 
The value is the same before and after calling `init_weights` of BEVSegmentor  

img_backbone.layer3.9.conv2.weight - torch.Size([256, 256, 3, 3]): 
Initialized by user-defined `init_weights` in ModulatedDeformConv2dPack  

img_backbone.layer3.9.conv2.conv_offset.weight - torch.Size([27, 256, 3, 3]): 
Initialized by user-defined `init_weights` in ModulatedDeformConv2dPack  

img_backbone.layer3.9.conv2.conv_offset.bias - torch.Size([27]): 
The value is the same before and after calling `init_weights` of BEVSegmentor  

img_backbone.layer3.9.bn2.weight - torch.Size([256]): 
The value is the same before and after calling `init_weights` of BEVSegmentor  

img_backbone.layer3.9.bn2.bias - torch.Size([256]): 
The value is the same before and after calling `init_weights` of BEVSegmentor  

img_backbone.layer3.9.conv3.weight - torch.Size([1024, 256, 1, 1]): 
KaimingInit: a=0, mode=fan_out, nonlinearity=relu, distribution =normal, bias=0 

img_backbone.layer3.9.bn3.weight - torch.Size([1024]): 
ConstantInit: val=0, bias=0 

img_backbone.layer3.9.bn3.bias - torch.Size([1024]): 
The value is the same before and after calling `init_weights` of BEVSegmentor  

img_backbone.layer3.10.conv1.weight - torch.Size([256, 1024, 1, 1]): 
KaimingInit: a=0, mode=fan_out, nonlinearity=relu, distribution =normal, bias=0 

img_backbone.layer3.10.bn1.weight - torch.Size([256]): 
The value is the same before and after calling `init_weights` of BEVSegmentor  

img_backbone.layer3.10.bn1.bias - torch.Size([256]): 
The value is the same before and after calling `init_weights` of BEVSegmentor  

img_backbone.layer3.10.conv2.weight - torch.Size([256, 256, 3, 3]): 
Initialized by user-defined `init_weights` in ModulatedDeformConv2dPack  

img_backbone.layer3.10.conv2.conv_offset.weight - torch.Size([27, 256, 3, 3]): 
Initialized by user-defined `init_weights` in ModulatedDeformConv2dPack  

img_backbone.layer3.10.conv2.conv_offset.bias - torch.Size([27]): 
The value is the same before and after calling `init_weights` of BEVSegmentor  

img_backbone.layer3.10.bn2.weight - torch.Size([256]): 
The value is the same before and after calling `init_weights` of BEVSegmentor  

img_backbone.layer3.10.bn2.bias - torch.Size([256]): 
The value is the same before and after calling `init_weights` of BEVSegmentor  

img_backbone.layer3.10.conv3.weight - torch.Size([1024, 256, 1, 1]): 
KaimingInit: a=0, mode=fan_out, nonlinearity=relu, distribution =normal, bias=0 

img_backbone.layer3.10.bn3.weight - torch.Size([1024]): 
ConstantInit: val=0, bias=0 

img_backbone.layer3.10.bn3.bias - torch.Size([1024]): 
The value is the same before and after calling `init_weights` of BEVSegmentor  

img_backbone.layer3.11.conv1.weight - torch.Size([256, 1024, 1, 1]): 
KaimingInit: a=0, mode=fan_out, nonlinearity=relu, distribution =normal, bias=0 

img_backbone.layer3.11.bn1.weight - torch.Size([256]): 
The value is the same before and after calling `init_weights` of BEVSegmentor  

img_backbone.layer3.11.bn1.bias - torch.Size([256]): 
The value is the same before and after calling `init_weights` of BEVSegmentor  

img_backbone.layer3.11.conv2.weight - torch.Size([256, 256, 3, 3]): 
Initialized by user-defined `init_weights` in ModulatedDeformConv2dPack  

img_backbone.layer3.11.conv2.conv_offset.weight - torch.Size([27, 256, 3, 3]): 
Initialized by user-defined `init_weights` in ModulatedDeformConv2dPack  

img_backbone.layer3.11.conv2.conv_offset.bias - torch.Size([27]): 
The value is the same before and after calling `init_weights` of BEVSegmentor  

img_backbone.layer3.11.bn2.weight - torch.Size([256]): 
The value is the same before and after calling `init_weights` of BEVSegmentor  

img_backbone.layer3.11.bn2.bias - torch.Size([256]): 
The value is the same before and after calling `init_weights` of BEVSegmentor  

img_backbone.layer3.11.conv3.weight - torch.Size([1024, 256, 1, 1]): 
KaimingInit: a=0, mode=fan_out, nonlinearity=relu, distribution =normal, bias=0 

img_backbone.layer3.11.bn3.weight - torch.Size([1024]): 
ConstantInit: val=0, bias=0 

img_backbone.layer3.11.bn3.bias - torch.Size([1024]): 
The value is the same before and after calling `init_weights` of BEVSegmentor  

img_backbone.layer3.12.conv1.weight - torch.Size([256, 1024, 1, 1]): 
KaimingInit: a=0, mode=fan_out, nonlinearity=relu, distribution =normal, bias=0 

img_backbone.layer3.12.bn1.weight - torch.Size([256]): 
The value is the same before and after calling `init_weights` of BEVSegmentor  

img_backbone.layer3.12.bn1.bias - torch.Size([256]): 
The value is the same before and after calling `init_weights` of BEVSegmentor  

img_backbone.layer3.12.conv2.weight - torch.Size([256, 256, 3, 3]): 
Initialized by user-defined `init_weights` in ModulatedDeformConv2dPack  

img_backbone.layer3.12.conv2.conv_offset.weight - torch.Size([27, 256, 3, 3]): 
Initialized by user-defined `init_weights` in ModulatedDeformConv2dPack  

img_backbone.layer3.12.conv2.conv_offset.bias - torch.Size([27]): 
The value is the same before and after calling `init_weights` of BEVSegmentor  

img_backbone.layer3.12.bn2.weight - torch.Size([256]): 
The value is the same before and after calling `init_weights` of BEVSegmentor  

img_backbone.layer3.12.bn2.bias - torch.Size([256]): 
The value is the same before and after calling `init_weights` of BEVSegmentor  

img_backbone.layer3.12.conv3.weight - torch.Size([1024, 256, 1, 1]): 
KaimingInit: a=0, mode=fan_out, nonlinearity=relu, distribution =normal, bias=0 

img_backbone.layer3.12.bn3.weight - torch.Size([1024]): 
ConstantInit: val=0, bias=0 

img_backbone.layer3.12.bn3.bias - torch.Size([1024]): 
The value is the same before and after calling `init_weights` of BEVSegmentor  

img_backbone.layer3.13.conv1.weight - torch.Size([256, 1024, 1, 1]): 
KaimingInit: a=0, mode=fan_out, nonlinearity=relu, distribution =normal, bias=0 

img_backbone.layer3.13.bn1.weight - torch.Size([256]): 
The value is the same before and after calling `init_weights` of BEVSegmentor  

img_backbone.layer3.13.bn1.bias - torch.Size([256]): 
The value is the same before and after calling `init_weights` of BEVSegmentor  

img_backbone.layer3.13.conv2.weight - torch.Size([256, 256, 3, 3]): 
Initialized by user-defined `init_weights` in ModulatedDeformConv2dPack  

img_backbone.layer3.13.conv2.conv_offset.weight - torch.Size([27, 256, 3, 3]): 
Initialized by user-defined `init_weights` in ModulatedDeformConv2dPack  

img_backbone.layer3.13.conv2.conv_offset.bias - torch.Size([27]): 
The value is the same before and after calling `init_weights` of BEVSegmentor  

img_backbone.layer3.13.bn2.weight - torch.Size([256]): 
The value is the same before and after calling `init_weights` of BEVSegmentor  

img_backbone.layer3.13.bn2.bias - torch.Size([256]): 
The value is the same before and after calling `init_weights` of BEVSegmentor  

img_backbone.layer3.13.conv3.weight - torch.Size([1024, 256, 1, 1]): 
KaimingInit: a=0, mode=fan_out, nonlinearity=relu, distribution =normal, bias=0 

img_backbone.layer3.13.bn3.weight - torch.Size([1024]): 
ConstantInit: val=0, bias=0 

img_backbone.layer3.13.bn3.bias - torch.Size([1024]): 
The value is the same before and after calling `init_weights` of BEVSegmentor  

img_backbone.layer3.14.conv1.weight - torch.Size([256, 1024, 1, 1]): 
KaimingInit: a=0, mode=fan_out, nonlinearity=relu, distribution =normal, bias=0 

img_backbone.layer3.14.bn1.weight - torch.Size([256]): 
The value is the same before and after calling `init_weights` of BEVSegmentor  

img_backbone.layer3.14.bn1.bias - torch.Size([256]): 
The value is the same before and after calling `init_weights` of BEVSegmentor  

img_backbone.layer3.14.conv2.weight - torch.Size([256, 256, 3, 3]): 
Initialized by user-defined `init_weights` in ModulatedDeformConv2dPack  

img_backbone.layer3.14.conv2.conv_offset.weight - torch.Size([27, 256, 3, 3]): 
Initialized by user-defined `init_weights` in ModulatedDeformConv2dPack  

img_backbone.layer3.14.conv2.conv_offset.bias - torch.Size([27]): 
The value is the same before and after calling `init_weights` of BEVSegmentor  

img_backbone.layer3.14.bn2.weight - torch.Size([256]): 
The value is the same before and after calling `init_weights` of BEVSegmentor  

img_backbone.layer3.14.bn2.bias - torch.Size([256]): 
The value is the same before and after calling `init_weights` of BEVSegmentor  

img_backbone.layer3.14.conv3.weight - torch.Size([1024, 256, 1, 1]): 
KaimingInit: a=0, mode=fan_out, nonlinearity=relu, distribution =normal, bias=0 

img_backbone.layer3.14.bn3.weight - torch.Size([1024]): 
ConstantInit: val=0, bias=0 

img_backbone.layer3.14.bn3.bias - torch.Size([1024]): 
The value is the same before and after calling `init_weights` of BEVSegmentor  

img_backbone.layer3.15.conv1.weight - torch.Size([256, 1024, 1, 1]): 
KaimingInit: a=0, mode=fan_out, nonlinearity=relu, distribution =normal, bias=0 

img_backbone.layer3.15.bn1.weight - torch.Size([256]): 
The value is the same before and after calling `init_weights` of BEVSegmentor  

img_backbone.layer3.15.bn1.bias - torch.Size([256]): 
The value is the same before and after calling `init_weights` of BEVSegmentor  

img_backbone.layer3.15.conv2.weight - torch.Size([256, 256, 3, 3]): 
Initialized by user-defined `init_weights` in ModulatedDeformConv2dPack  

img_backbone.layer3.15.conv2.conv_offset.weight - torch.Size([27, 256, 3, 3]): 
Initialized by user-defined `init_weights` in ModulatedDeformConv2dPack  

img_backbone.layer3.15.conv2.conv_offset.bias - torch.Size([27]): 
The value is the same before and after calling `init_weights` of BEVSegmentor  

img_backbone.layer3.15.bn2.weight - torch.Size([256]): 
The value is the same before and after calling `init_weights` of BEVSegmentor  

img_backbone.layer3.15.bn2.bias - torch.Size([256]): 
The value is the same before and after calling `init_weights` of BEVSegmentor  

img_backbone.layer3.15.conv3.weight - torch.Size([1024, 256, 1, 1]): 
KaimingInit: a=0, mode=fan_out, nonlinearity=relu, distribution =normal, bias=0 

img_backbone.layer3.15.bn3.weight - torch.Size([1024]): 
ConstantInit: val=0, bias=0 

img_backbone.layer3.15.bn3.bias - torch.Size([1024]): 
The value is the same before and after calling `init_weights` of BEVSegmentor  

img_backbone.layer3.16.conv1.weight - torch.Size([256, 1024, 1, 1]): 
KaimingInit: a=0, mode=fan_out, nonlinearity=relu, distribution =normal, bias=0 

img_backbone.layer3.16.bn1.weight - torch.Size([256]): 
The value is the same before and after calling `init_weights` of BEVSegmentor  

img_backbone.layer3.16.bn1.bias - torch.Size([256]): 
The value is the same before and after calling `init_weights` of BEVSegmentor  

img_backbone.layer3.16.conv2.weight - torch.Size([256, 256, 3, 3]): 
Initialized by user-defined `init_weights` in ModulatedDeformConv2dPack  

img_backbone.layer3.16.conv2.conv_offset.weight - torch.Size([27, 256, 3, 3]): 
Initialized by user-defined `init_weights` in ModulatedDeformConv2dPack  

img_backbone.layer3.16.conv2.conv_offset.bias - torch.Size([27]): 
The value is the same before and after calling `init_weights` of BEVSegmentor  

img_backbone.layer3.16.bn2.weight - torch.Size([256]): 
The value is the same before and after calling `init_weights` of BEVSegmentor  

img_backbone.layer3.16.bn2.bias - torch.Size([256]): 
The value is the same before and after calling `init_weights` of BEVSegmentor  

img_backbone.layer3.16.conv3.weight - torch.Size([1024, 256, 1, 1]): 
KaimingInit: a=0, mode=fan_out, nonlinearity=relu, distribution =normal, bias=0 

img_backbone.layer3.16.bn3.weight - torch.Size([1024]): 
ConstantInit: val=0, bias=0 

img_backbone.layer3.16.bn3.bias - torch.Size([1024]): 
The value is the same before and after calling `init_weights` of BEVSegmentor  

img_backbone.layer3.17.conv1.weight - torch.Size([256, 1024, 1, 1]): 
KaimingInit: a=0, mode=fan_out, nonlinearity=relu, distribution =normal, bias=0 

img_backbone.layer3.17.bn1.weight - torch.Size([256]): 
The value is the same before and after calling `init_weights` of BEVSegmentor  

img_backbone.layer3.17.bn1.bias - torch.Size([256]): 
The value is the same before and after calling `init_weights` of BEVSegmentor  

img_backbone.layer3.17.conv2.weight - torch.Size([256, 256, 3, 3]): 
Initialized by user-defined `init_weights` in ModulatedDeformConv2dPack  

img_backbone.layer3.17.conv2.conv_offset.weight - torch.Size([27, 256, 3, 3]): 
Initialized by user-defined `init_weights` in ModulatedDeformConv2dPack  

img_backbone.layer3.17.conv2.conv_offset.bias - torch.Size([27]): 
The value is the same before and after calling `init_weights` of BEVSegmentor  

img_backbone.layer3.17.bn2.weight - torch.Size([256]): 
The value is the same before and after calling `init_weights` of BEVSegmentor  

img_backbone.layer3.17.bn2.bias - torch.Size([256]): 
The value is the same before and after calling `init_weights` of BEVSegmentor  

img_backbone.layer3.17.conv3.weight - torch.Size([1024, 256, 1, 1]): 
KaimingInit: a=0, mode=fan_out, nonlinearity=relu, distribution =normal, bias=0 

img_backbone.layer3.17.bn3.weight - torch.Size([1024]): 
ConstantInit: val=0, bias=0 

img_backbone.layer3.17.bn3.bias - torch.Size([1024]): 
The value is the same before and after calling `init_weights` of BEVSegmentor  

img_backbone.layer3.18.conv1.weight - torch.Size([256, 1024, 1, 1]): 
KaimingInit: a=0, mode=fan_out, nonlinearity=relu, distribution =normal, bias=0 

img_backbone.layer3.18.bn1.weight - torch.Size([256]): 
The value is the same before and after calling `init_weights` of BEVSegmentor  

img_backbone.layer3.18.bn1.bias - torch.Size([256]): 
The value is the same before and after calling `init_weights` of BEVSegmentor  

img_backbone.layer3.18.conv2.weight - torch.Size([256, 256, 3, 3]): 
Initialized by user-defined `init_weights` in ModulatedDeformConv2dPack  

img_backbone.layer3.18.conv2.conv_offset.weight - torch.Size([27, 256, 3, 3]): 
Initialized by user-defined `init_weights` in ModulatedDeformConv2dPack  

img_backbone.layer3.18.conv2.conv_offset.bias - torch.Size([27]): 
The value is the same before and after calling `init_weights` of BEVSegmentor  

img_backbone.layer3.18.bn2.weight - torch.Size([256]): 
The value is the same before and after calling `init_weights` of BEVSegmentor  

img_backbone.layer3.18.bn2.bias - torch.Size([256]): 
The value is the same before and after calling `init_weights` of BEVSegmentor  

img_backbone.layer3.18.conv3.weight - torch.Size([1024, 256, 1, 1]): 
KaimingInit: a=0, mode=fan_out, nonlinearity=relu, distribution =normal, bias=0 

img_backbone.layer3.18.bn3.weight - torch.Size([1024]): 
ConstantInit: val=0, bias=0 

img_backbone.layer3.18.bn3.bias - torch.Size([1024]): 
The value is the same before and after calling `init_weights` of BEVSegmentor  

img_backbone.layer3.19.conv1.weight - torch.Size([256, 1024, 1, 1]): 
KaimingInit: a=0, mode=fan_out, nonlinearity=relu, distribution =normal, bias=0 

img_backbone.layer3.19.bn1.weight - torch.Size([256]): 
The value is the same before and after calling `init_weights` of BEVSegmentor  

img_backbone.layer3.19.bn1.bias - torch.Size([256]): 
The value is the same before and after calling `init_weights` of BEVSegmentor  

img_backbone.layer3.19.conv2.weight - torch.Size([256, 256, 3, 3]): 
Initialized by user-defined `init_weights` in ModulatedDeformConv2dPack  

img_backbone.layer3.19.conv2.conv_offset.weight - torch.Size([27, 256, 3, 3]): 
Initialized by user-defined `init_weights` in ModulatedDeformConv2dPack  

img_backbone.layer3.19.conv2.conv_offset.bias - torch.Size([27]): 
The value is the same before and after calling `init_weights` of BEVSegmentor  

img_backbone.layer3.19.bn2.weight - torch.Size([256]): 
The value is the same before and after calling `init_weights` of BEVSegmentor  

img_backbone.layer3.19.bn2.bias - torch.Size([256]): 
The value is the same before and after calling `init_weights` of BEVSegmentor  

img_backbone.layer3.19.conv3.weight - torch.Size([1024, 256, 1, 1]): 
KaimingInit: a=0, mode=fan_out, nonlinearity=relu, distribution =normal, bias=0 

img_backbone.layer3.19.bn3.weight - torch.Size([1024]): 
ConstantInit: val=0, bias=0 

img_backbone.layer3.19.bn3.bias - torch.Size([1024]): 
The value is the same before and after calling `init_weights` of BEVSegmentor  

img_backbone.layer3.20.conv1.weight - torch.Size([256, 1024, 1, 1]): 
KaimingInit: a=0, mode=fan_out, nonlinearity=relu, distribution =normal, bias=0 

img_backbone.layer3.20.bn1.weight - torch.Size([256]): 
The value is the same before and after calling `init_weights` of BEVSegmentor  

img_backbone.layer3.20.bn1.bias - torch.Size([256]): 
The value is the same before and after calling `init_weights` of BEVSegmentor  

img_backbone.layer3.20.conv2.weight - torch.Size([256, 256, 3, 3]): 
Initialized by user-defined `init_weights` in ModulatedDeformConv2dPack  

img_backbone.layer3.20.conv2.conv_offset.weight - torch.Size([27, 256, 3, 3]): 
Initialized by user-defined `init_weights` in ModulatedDeformConv2dPack  

img_backbone.layer3.20.conv2.conv_offset.bias - torch.Size([27]): 
The value is the same before and after calling `init_weights` of BEVSegmentor  

img_backbone.layer3.20.bn2.weight - torch.Size([256]): 
The value is the same before and after calling `init_weights` of BEVSegmentor  

img_backbone.layer3.20.bn2.bias - torch.Size([256]): 
The value is the same before and after calling `init_weights` of BEVSegmentor  

img_backbone.layer3.20.conv3.weight - torch.Size([1024, 256, 1, 1]): 
KaimingInit: a=0, mode=fan_out, nonlinearity=relu, distribution =normal, bias=0 

img_backbone.layer3.20.bn3.weight - torch.Size([1024]): 
ConstantInit: val=0, bias=0 

img_backbone.layer3.20.bn3.bias - torch.Size([1024]): 
The value is the same before and after calling `init_weights` of BEVSegmentor  

img_backbone.layer3.21.conv1.weight - torch.Size([256, 1024, 1, 1]): 
KaimingInit: a=0, mode=fan_out, nonlinearity=relu, distribution =normal, bias=0 

img_backbone.layer3.21.bn1.weight - torch.Size([256]): 
The value is the same before and after calling `init_weights` of BEVSegmentor  

img_backbone.layer3.21.bn1.bias - torch.Size([256]): 
The value is the same before and after calling `init_weights` of BEVSegmentor  

img_backbone.layer3.21.conv2.weight - torch.Size([256, 256, 3, 3]): 
Initialized by user-defined `init_weights` in ModulatedDeformConv2dPack  

img_backbone.layer3.21.conv2.conv_offset.weight - torch.Size([27, 256, 3, 3]): 
Initialized by user-defined `init_weights` in ModulatedDeformConv2dPack  

img_backbone.layer3.21.conv2.conv_offset.bias - torch.Size([27]): 
The value is the same before and after calling `init_weights` of BEVSegmentor  

img_backbone.layer3.21.bn2.weight - torch.Size([256]): 
The value is the same before and after calling `init_weights` of BEVSegmentor  

img_backbone.layer3.21.bn2.bias - torch.Size([256]): 
The value is the same before and after calling `init_weights` of BEVSegmentor  

img_backbone.layer3.21.conv3.weight - torch.Size([1024, 256, 1, 1]): 
KaimingInit: a=0, mode=fan_out, nonlinearity=relu, distribution =normal, bias=0 

img_backbone.layer3.21.bn3.weight - torch.Size([1024]): 
ConstantInit: val=0, bias=0 

img_backbone.layer3.21.bn3.bias - torch.Size([1024]): 
The value is the same before and after calling `init_weights` of BEVSegmentor  

img_backbone.layer3.22.conv1.weight - torch.Size([256, 1024, 1, 1]): 
KaimingInit: a=0, mode=fan_out, nonlinearity=relu, distribution =normal, bias=0 

img_backbone.layer3.22.bn1.weight - torch.Size([256]): 
The value is the same before and after calling `init_weights` of BEVSegmentor  

img_backbone.layer3.22.bn1.bias - torch.Size([256]): 
The value is the same before and after calling `init_weights` of BEVSegmentor  

img_backbone.layer3.22.conv2.weight - torch.Size([256, 256, 3, 3]): 
Initialized by user-defined `init_weights` in ModulatedDeformConv2dPack  

img_backbone.layer3.22.conv2.conv_offset.weight - torch.Size([27, 256, 3, 3]): 
Initialized by user-defined `init_weights` in ModulatedDeformConv2dPack  

img_backbone.layer3.22.conv2.conv_offset.bias - torch.Size([27]): 
The value is the same before and after calling `init_weights` of BEVSegmentor  

img_backbone.layer3.22.bn2.weight - torch.Size([256]): 
The value is the same before and after calling `init_weights` of BEVSegmentor  

img_backbone.layer3.22.bn2.bias - torch.Size([256]): 
The value is the same before and after calling `init_weights` of BEVSegmentor  

img_backbone.layer3.22.conv3.weight - torch.Size([1024, 256, 1, 1]): 
KaimingInit: a=0, mode=fan_out, nonlinearity=relu, distribution =normal, bias=0 

img_backbone.layer3.22.bn3.weight - torch.Size([1024]): 
ConstantInit: val=0, bias=0 

img_backbone.layer3.22.bn3.bias - torch.Size([1024]): 
The value is the same before and after calling `init_weights` of BEVSegmentor  

img_backbone.layer4.0.conv1.weight - torch.Size([512, 1024, 1, 1]): 
KaimingInit: a=0, mode=fan_out, nonlinearity=relu, distribution =normal, bias=0 

img_backbone.layer4.0.bn1.weight - torch.Size([512]): 
The value is the same before and after calling `init_weights` of BEVSegmentor  

img_backbone.layer4.0.bn1.bias - torch.Size([512]): 
The value is the same before and after calling `init_weights` of BEVSegmentor  

img_backbone.layer4.0.conv2.weight - torch.Size([512, 512, 3, 3]): 
Initialized by user-defined `init_weights` in ModulatedDeformConv2dPack  

img_backbone.layer4.0.conv2.conv_offset.weight - torch.Size([27, 512, 3, 3]): 
Initialized by user-defined `init_weights` in ModulatedDeformConv2dPack  

img_backbone.layer4.0.conv2.conv_offset.bias - torch.Size([27]): 
The value is the same before and after calling `init_weights` of BEVSegmentor  

img_backbone.layer4.0.bn2.weight - torch.Size([512]): 
The value is the same before and after calling `init_weights` of BEVSegmentor  

img_backbone.layer4.0.bn2.bias - torch.Size([512]): 
The value is the same before and after calling `init_weights` of BEVSegmentor  

img_backbone.layer4.0.conv3.weight - torch.Size([2048, 512, 1, 1]): 
KaimingInit: a=0, mode=fan_out, nonlinearity=relu, distribution =normal, bias=0 

img_backbone.layer4.0.bn3.weight - torch.Size([2048]): 
ConstantInit: val=0, bias=0 

img_backbone.layer4.0.bn3.bias - torch.Size([2048]): 
The value is the same before and after calling `init_weights` of BEVSegmentor  

img_backbone.layer4.0.downsample.0.weight - torch.Size([2048, 1024, 1, 1]): 
KaimingInit: a=0, mode=fan_out, nonlinearity=relu, distribution =normal, bias=0 

img_backbone.layer4.0.downsample.1.weight - torch.Size([2048]): 
The value is the same before and after calling `init_weights` of BEVSegmentor  

img_backbone.layer4.0.downsample.1.bias - torch.Size([2048]): 
The value is the same before and after calling `init_weights` of BEVSegmentor  

img_backbone.layer4.1.conv1.weight - torch.Size([512, 2048, 1, 1]): 
KaimingInit: a=0, mode=fan_out, nonlinearity=relu, distribution =normal, bias=0 

img_backbone.layer4.1.bn1.weight - torch.Size([512]): 
The value is the same before and after calling `init_weights` of BEVSegmentor  

img_backbone.layer4.1.bn1.bias - torch.Size([512]): 
The value is the same before and after calling `init_weights` of BEVSegmentor  

img_backbone.layer4.1.conv2.weight - torch.Size([512, 512, 3, 3]): 
Initialized by user-defined `init_weights` in ModulatedDeformConv2dPack  

img_backbone.layer4.1.conv2.conv_offset.weight - torch.Size([27, 512, 3, 3]): 
Initialized by user-defined `init_weights` in ModulatedDeformConv2dPack  

img_backbone.layer4.1.conv2.conv_offset.bias - torch.Size([27]): 
The value is the same before and after calling `init_weights` of BEVSegmentor  

img_backbone.layer4.1.bn2.weight - torch.Size([512]): 
The value is the same before and after calling `init_weights` of BEVSegmentor  

img_backbone.layer4.1.bn2.bias - torch.Size([512]): 
The value is the same before and after calling `init_weights` of BEVSegmentor  

img_backbone.layer4.1.conv3.weight - torch.Size([2048, 512, 1, 1]): 
KaimingInit: a=0, mode=fan_out, nonlinearity=relu, distribution =normal, bias=0 

img_backbone.layer4.1.bn3.weight - torch.Size([2048]): 
ConstantInit: val=0, bias=0 

img_backbone.layer4.1.bn3.bias - torch.Size([2048]): 
The value is the same before and after calling `init_weights` of BEVSegmentor  

img_backbone.layer4.2.conv1.weight - torch.Size([512, 2048, 1, 1]): 
KaimingInit: a=0, mode=fan_out, nonlinearity=relu, distribution =normal, bias=0 

img_backbone.layer4.2.bn1.weight - torch.Size([512]): 
The value is the same before and after calling `init_weights` of BEVSegmentor  

img_backbone.layer4.2.bn1.bias - torch.Size([512]): 
The value is the same before and after calling `init_weights` of BEVSegmentor  

img_backbone.layer4.2.conv2.weight - torch.Size([512, 512, 3, 3]): 
Initialized by user-defined `init_weights` in ModulatedDeformConv2dPack  

img_backbone.layer4.2.conv2.conv_offset.weight - torch.Size([27, 512, 3, 3]): 
Initialized by user-defined `init_weights` in ModulatedDeformConv2dPack  

img_backbone.layer4.2.conv2.conv_offset.bias - torch.Size([27]): 
The value is the same before and after calling `init_weights` of BEVSegmentor  

img_backbone.layer4.2.bn2.weight - torch.Size([512]): 
The value is the same before and after calling `init_weights` of BEVSegmentor  

img_backbone.layer4.2.bn2.bias - torch.Size([512]): 
The value is the same before and after calling `init_weights` of BEVSegmentor  

img_backbone.layer4.2.conv3.weight - torch.Size([2048, 512, 1, 1]): 
KaimingInit: a=0, mode=fan_out, nonlinearity=relu, distribution =normal, bias=0 

img_backbone.layer4.2.bn3.weight - torch.Size([2048]): 
ConstantInit: val=0, bias=0 

img_backbone.layer4.2.bn3.bias - torch.Size([2048]): 
The value is the same before and after calling `init_weights` of BEVSegmentor  

img_neck.lateral_convs.0.conv.weight - torch.Size([128, 512, 1, 1]): 
XavierInit: gain=1, distribution=uniform, bias=0 

img_neck.lateral_convs.0.conv.bias - torch.Size([128]): 
The value is the same before and after calling `init_weights` of BEVSegmentor  

img_neck.lateral_convs.1.conv.weight - torch.Size([128, 1024, 1, 1]): 
XavierInit: gain=1, distribution=uniform, bias=0 

img_neck.lateral_convs.1.conv.bias - torch.Size([128]): 
The value is the same before and after calling `init_weights` of BEVSegmentor  

img_neck.lateral_convs.2.conv.weight - torch.Size([128, 2048, 1, 1]): 
XavierInit: gain=1, distribution=uniform, bias=0 

img_neck.lateral_convs.2.conv.bias - torch.Size([128]): 
The value is the same before and after calling `init_weights` of BEVSegmentor  

img_neck.fpn_convs.0.conv.weight - torch.Size([128, 128, 3, 3]): 
XavierInit: gain=1, distribution=uniform, bias=0 

img_neck.fpn_convs.0.conv.bias - torch.Size([128]): 
The value is the same before and after calling `init_weights` of BEVSegmentor  

img_neck.fpn_convs.1.conv.weight - torch.Size([128, 128, 3, 3]): 
XavierInit: gain=1, distribution=uniform, bias=0 

img_neck.fpn_convs.1.conv.bias - torch.Size([128]): 
The value is the same before and after calling `init_weights` of BEVSegmentor  

img_neck.fpn_convs.2.conv.weight - torch.Size([128, 128, 3, 3]): 
XavierInit: gain=1, distribution=uniform, bias=0 

img_neck.fpn_convs.2.conv.bias - torch.Size([128]): 
The value is the same before and after calling `init_weights` of BEVSegmentor  

img_neck.fpn_convs.3.conv.weight - torch.Size([128, 128, 3, 3]): 
XavierInit: gain=1, distribution=uniform, bias=0 

img_neck.fpn_convs.3.conv.bias - torch.Size([128]): 
The value is the same before and after calling `init_weights` of BEVSegmentor  

lifter.anchor - torch.Size([25600, 40]): 
The value is the same before and after calling `init_weights` of BEVSegmentor  

encoder.anchor_encoder.xyz_fc.0.weight - torch.Size([128, 3]): 
The value is the same before and after calling `init_weights` of BEVSegmentor  

encoder.anchor_encoder.xyz_fc.0.bias - torch.Size([128]): 
The value is the same before and after calling `init_weights` of BEVSegmentor  

encoder.anchor_encoder.xyz_fc.2.weight - torch.Size([128]): 
The value is the same before and after calling `init_weights` of BEVSegmentor  

encoder.anchor_encoder.xyz_fc.2.bias - torch.Size([128]): 
The value is the same before and after calling `init_weights` of BEVSegmentor  

encoder.anchor_encoder.xyz_fc.3.weight - torch.Size([128, 128]): 
The value is the same before and after calling `init_weights` of BEVSegmentor  

encoder.anchor_encoder.xyz_fc.3.bias - torch.Size([128]): 
The value is the same before and after calling `init_weights` of BEVSegmentor  

encoder.anchor_encoder.xyz_fc.5.weight - torch.Size([128]): 
The value is the same before and after calling `init_weights` of BEVSegmentor  

encoder.anchor_encoder.xyz_fc.5.bias - torch.Size([128]): 
The value is the same before and after calling `init_weights` of BEVSegmentor  

encoder.anchor_encoder.scale_fc.0.weight - torch.Size([128, 3]): 
The value is the same before and after calling `init_weights` of BEVSegmentor  

encoder.anchor_encoder.scale_fc.0.bias - torch.Size([128]): 
The value is the same before and after calling `init_weights` of BEVSegmentor  

encoder.anchor_encoder.scale_fc.2.weight - torch.Size([128]): 
The value is the same before and after calling `init_weights` of BEVSegmentor  

encoder.anchor_encoder.scale_fc.2.bias - torch.Size([128]): 
The value is the same before and after calling `init_weights` of BEVSegmentor  

encoder.anchor_encoder.scale_fc.3.weight - torch.Size([128, 128]): 
The value is the same before and after calling `init_weights` of BEVSegmentor  

encoder.anchor_encoder.scale_fc.3.bias - torch.Size([128]): 
The value is the same before and after calling `init_weights` of BEVSegmentor  

encoder.anchor_encoder.scale_fc.5.weight - torch.Size([128]): 
The value is the same before and after calling `init_weights` of BEVSegmentor  

encoder.anchor_encoder.scale_fc.5.bias - torch.Size([128]): 
The value is the same before and after calling `init_weights` of BEVSegmentor  

encoder.anchor_encoder.rot_fc.0.weight - torch.Size([128, 4]): 
The value is the same before and after calling `init_weights` of BEVSegmentor  

encoder.anchor_encoder.rot_fc.0.bias - torch.Size([128]): 
The value is the same before and after calling `init_weights` of BEVSegmentor  

encoder.anchor_encoder.rot_fc.2.weight - torch.Size([128]): 
The value is the same before and after calling `init_weights` of BEVSegmentor  

encoder.anchor_encoder.rot_fc.2.bias - torch.Size([128]): 
The value is the same before and after calling `init_weights` of BEVSegmentor  

encoder.anchor_encoder.rot_fc.3.weight - torch.Size([128, 128]): 
The value is the same before and after calling `init_weights` of BEVSegmentor  

encoder.anchor_encoder.rot_fc.3.bias - torch.Size([128]): 
The value is the same before and after calling `init_weights` of BEVSegmentor  

encoder.anchor_encoder.rot_fc.5.weight - torch.Size([128]): 
The value is the same before and after calling `init_weights` of BEVSegmentor  

encoder.anchor_encoder.rot_fc.5.bias - torch.Size([128]): 
The value is the same before and after calling `init_weights` of BEVSegmentor  

encoder.anchor_encoder.opacity_fc.0.weight - torch.Size([128, 1]): 
The value is the same before and after calling `init_weights` of BEVSegmentor  

encoder.anchor_encoder.opacity_fc.0.bias - torch.Size([128]): 
The value is the same before and after calling `init_weights` of BEVSegmentor  

encoder.anchor_encoder.opacity_fc.2.weight - torch.Size([128]): 
The value is the same before and after calling `init_weights` of BEVSegmentor  

encoder.anchor_encoder.opacity_fc.2.bias - torch.Size([128]): 
The value is the same before and after calling `init_weights` of BEVSegmentor  

encoder.anchor_encoder.opacity_fc.3.weight - torch.Size([128, 128]): 
The value is the same before and after calling `init_weights` of BEVSegmentor  

encoder.anchor_encoder.opacity_fc.3.bias - torch.Size([128]): 
The value is the same before and after calling `init_weights` of BEVSegmentor  

encoder.anchor_encoder.opacity_fc.5.weight - torch.Size([128]): 
The value is the same before and after calling `init_weights` of BEVSegmentor  

encoder.anchor_encoder.opacity_fc.5.bias - torch.Size([128]): 
The value is the same before and after calling `init_weights` of BEVSegmentor  

encoder.anchor_encoder.semantics_fc.0.weight - torch.Size([128, 17]): 
The value is the same before and after calling `init_weights` of BEVSegmentor  

encoder.anchor_encoder.semantics_fc.0.bias - torch.Size([128]): 
The value is the same before and after calling `init_weights` of BEVSegmentor  

encoder.anchor_encoder.semantics_fc.2.weight - torch.Size([128]): 
The value is the same before and after calling `init_weights` of BEVSegmentor  

encoder.anchor_encoder.semantics_fc.2.bias - torch.Size([128]): 
The value is the same before and after calling `init_weights` of BEVSegmentor  

encoder.anchor_encoder.semantics_fc.3.weight - torch.Size([128, 128]): 
The value is the same before and after calling `init_weights` of BEVSegmentor  

encoder.anchor_encoder.semantics_fc.3.bias - torch.Size([128]): 
The value is the same before and after calling `init_weights` of BEVSegmentor  

encoder.anchor_encoder.semantics_fc.5.weight - torch.Size([128]): 
The value is the same before and after calling `init_weights` of BEVSegmentor  

encoder.anchor_encoder.semantics_fc.5.bias - torch.Size([128]): 
The value is the same before and after calling `init_weights` of BEVSegmentor  

encoder.anchor_encoder.offset_fc.0.weight - torch.Size([128, 12]): 
The value is the same before and after calling `init_weights` of BEVSegmentor  

encoder.anchor_encoder.offset_fc.0.bias - torch.Size([128]): 
The value is the same before and after calling `init_weights` of BEVSegmentor  

encoder.anchor_encoder.offset_fc.2.weight - torch.Size([128]): 
The value is the same before and after calling `init_weights` of BEVSegmentor  

encoder.anchor_encoder.offset_fc.2.bias - torch.Size([128]): 
The value is the same before and after calling `init_weights` of BEVSegmentor  

encoder.anchor_encoder.offset_fc.3.weight - torch.Size([128, 128]): 
The value is the same before and after calling `init_weights` of BEVSegmentor  

encoder.anchor_encoder.offset_fc.3.bias - torch.Size([128]): 
The value is the same before and after calling `init_weights` of BEVSegmentor  

encoder.anchor_encoder.offset_fc.5.weight - torch.Size([128]): 
The value is the same before and after calling `init_weights` of BEVSegmentor  

encoder.anchor_encoder.offset_fc.5.bias - torch.Size([128]): 
The value is the same before and after calling `init_weights` of BEVSegmentor  

encoder.anchor_encoder.output_fc.0.weight - torch.Size([128, 128]): 
The value is the same before and after calling `init_weights` of BEVSegmentor  

encoder.anchor_encoder.output_fc.0.bias - torch.Size([128]): 
The value is the same before and after calling `init_weights` of BEVSegmentor  

encoder.anchor_encoder.output_fc.2.weight - torch.Size([128]): 
The value is the same before and after calling `init_weights` of BEVSegmentor  

encoder.anchor_encoder.output_fc.2.bias - torch.Size([128]): 
The value is the same before and after calling `init_weights` of BEVSegmentor  

encoder.anchor_encoder.output_fc.3.weight - torch.Size([128, 128]): 
The value is the same before and after calling `init_weights` of BEVSegmentor  

encoder.anchor_encoder.output_fc.3.bias - torch.Size([128]): 
The value is the same before and after calling `init_weights` of BEVSegmentor  

encoder.anchor_encoder.output_fc.5.weight - torch.Size([128]): 
The value is the same before and after calling `init_weights` of BEVSegmentor  

encoder.anchor_encoder.output_fc.5.bias - torch.Size([128]): 
The value is the same before and after calling `init_weights` of BEVSegmentor  

encoder.layers.0.kps_generator.learnable_fc.weight - torch.Size([18, 128]): 
Initialized by user-defined `init_weights` in GaussianOccEncoder  

encoder.layers.0.kps_generator.learnable_fc.bias - torch.Size([18]): 
Initialized by user-defined `init_weights` in GaussianOccEncoder  

encoder.layers.0.output_proj.weight - torch.Size([128, 128]): 
Initialized by user-defined `init_weights` in GaussianOccEncoder  

encoder.layers.0.output_proj.bias - torch.Size([128]): 
Initialized by user-defined `init_weights` in GaussianOccEncoder  

encoder.layers.0.camera_encoder.0.weight - torch.Size([128, 12]): 
Initialized by user-defined `init_weights` in GaussianOccEncoder  

encoder.layers.0.camera_encoder.0.bias - torch.Size([128]): 
The value is the same before and after calling `init_weights` of BEVSegmentor  

encoder.layers.0.camera_encoder.2.weight - torch.Size([128]): 
The value is the same before and after calling `init_weights` of BEVSegmentor  

encoder.layers.0.camera_encoder.2.bias - torch.Size([128]): 
The value is the same before and after calling `init_weights` of BEVSegmentor  

encoder.layers.0.camera_encoder.3.weight - torch.Size([128, 128]): 
Initialized by user-defined `init_weights` in GaussianOccEncoder  

encoder.layers.0.camera_encoder.3.bias - torch.Size([128]): 
The value is the same before and after calling `init_weights` of BEVSegmentor  

encoder.layers.0.camera_encoder.5.weight - torch.Size([128]): 
The value is the same before and after calling `init_weights` of BEVSegmentor  

encoder.layers.0.camera_encoder.5.bias - torch.Size([128]): 
The value is the same before and after calling `init_weights` of BEVSegmentor  

encoder.layers.0.weights_fc.weight - torch.Size([208, 128]): 
Initialized by user-defined `init_weights` in GaussianOccEncoder  

encoder.layers.0.weights_fc.bias - torch.Size([208]): 
Initialized by user-defined `init_weights` in GaussianOccEncoder  

encoder.layers.1.pre_norm.weight - torch.Size([256]): 
The value is the same before and after calling `init_weights` of BEVSegmentor  

encoder.layers.1.pre_norm.bias - torch.Size([256]): 
The value is the same before and after calling `init_weights` of BEVSegmentor  

encoder.layers.1.layers.0.0.weight - torch.Size([512, 256]): 
Initialized by user-defined `init_weights` in GaussianOccEncoder  

encoder.layers.1.layers.0.0.bias - torch.Size([512]): 
The value is the same before and after calling `init_weights` of BEVSegmentor  

encoder.layers.1.layers.1.weight - torch.Size([128, 512]): 
Initialized by user-defined `init_weights` in GaussianOccEncoder  

encoder.layers.1.layers.1.bias - torch.Size([128]): 
The value is the same before and after calling `init_weights` of BEVSegmentor  

encoder.layers.1.identity_fc.weight - torch.Size([128, 256]): 
Initialized by user-defined `init_weights` in GaussianOccEncoder  

encoder.layers.1.identity_fc.bias - torch.Size([128]): 
The value is the same before and after calling `init_weights` of BEVSegmentor  

encoder.layers.2.weight - torch.Size([128]): 
The value is the same before and after calling `init_weights` of BEVSegmentor  

encoder.layers.2.bias - torch.Size([128]): 
The value is the same before and after calling `init_weights` of BEVSegmentor  

encoder.layers.3.layers.0.weight - torch.Size([128, 128]): 
The value is the same before and after calling `init_weights` of BEVSegmentor  

encoder.layers.3.layers.0.bias - torch.Size([128]): 
The value is the same before and after calling `init_weights` of BEVSegmentor  

encoder.layers.3.layers.2.weight - torch.Size([128, 128]): 
The value is the same before and after calling `init_weights` of BEVSegmentor  

encoder.layers.3.layers.2.bias - torch.Size([128]): 
The value is the same before and after calling `init_weights` of BEVSegmentor  

encoder.layers.3.layers.4.weight - torch.Size([128]): 
The value is the same before and after calling `init_weights` of BEVSegmentor  

encoder.layers.3.layers.4.bias - torch.Size([128]): 
The value is the same before and after calling `init_weights` of BEVSegmentor  

encoder.layers.3.layers.5.weight - torch.Size([128, 128]): 
The value is the same before and after calling `init_weights` of BEVSegmentor  

encoder.layers.3.layers.5.bias - torch.Size([128]): 
The value is the same before and after calling `init_weights` of BEVSegmentor  

encoder.layers.3.layers.7.weight - torch.Size([128, 128]): 
The value is the same before and after calling `init_weights` of BEVSegmentor  

encoder.layers.3.layers.7.bias - torch.Size([128]): 
The value is the same before and after calling `init_weights` of BEVSegmentor  

encoder.layers.3.layers.9.weight - torch.Size([128]): 
The value is the same before and after calling `init_weights` of BEVSegmentor  

encoder.layers.3.layers.9.bias - torch.Size([128]): 
The value is the same before and after calling `init_weights` of BEVSegmentor  

encoder.layers.3.layers.10.weight - torch.Size([40, 128]): 
The value is the same before and after calling `init_weights` of BEVSegmentor  

encoder.layers.3.layers.10.bias - torch.Size([40]): 
The value is the same before and after calling `init_weights` of BEVSegmentor  

encoder.layers.3.layers.11.scale - torch.Size([40]): 
The value is the same before and after calling `init_weights` of BEVSegmentor  

encoder.layers.4.layers.0.weight - torch.Size([128, 5, 5, 5, 128]): 
Initialized by user-defined `init_weights` in GaussianOccEncoder  

encoder.layers.4.layers.0.bias - torch.Size([128]): 
The value is the same before and after calling `init_weights` of BEVSegmentor  

encoder.layers.4.layers.1.weight - torch.Size([128]): 
The value is the same before and after calling `init_weights` of BEVSegmentor  

encoder.layers.4.layers.1.bias - torch.Size([128]): 
The value is the same before and after calling `init_weights` of BEVSegmentor  

encoder.layers.4.layers.3.weight - torch.Size([128, 5, 5, 5, 128]): 
Initialized by user-defined `init_weights` in GaussianOccEncoder  

encoder.layers.4.layers.3.bias - torch.Size([128]): 
The value is the same before and after calling `init_weights` of BEVSegmentor  

encoder.layers.4.layers.4.weight - torch.Size([128]): 
The value is the same before and after calling `init_weights` of BEVSegmentor  

encoder.layers.4.layers.4.bias - torch.Size([128]): 
The value is the same before and after calling `init_weights` of BEVSegmentor  

encoder.layers.4.layers.6.weight - torch.Size([128, 5, 5, 5, 128]): 
Initialized by user-defined `init_weights` in GaussianOccEncoder  

encoder.layers.4.layers.6.bias - torch.Size([128]): 
The value is the same before and after calling `init_weights` of BEVSegmentor  

encoder.layers.4.layers.7.weight - torch.Size([128]): 
The value is the same before and after calling `init_weights` of BEVSegmentor  

encoder.layers.4.layers.7.bias - torch.Size([128]): 
The value is the same before and after calling `init_weights` of BEVSegmentor  

encoder.layers.4.output_proj.weight - torch.Size([128, 128]): 
Initialized by user-defined `init_weights` in GaussianOccEncoder  

encoder.layers.4.output_proj.bias - torch.Size([128]): 
The value is the same before and after calling `init_weights` of BEVSegmentor  

encoder.layers.5.weight - torch.Size([128]): 
The value is the same before and after calling `init_weights` of BEVSegmentor  

encoder.layers.5.bias - torch.Size([128]): 
The value is the same before and after calling `init_weights` of BEVSegmentor  

encoder.layers.6.kps_generator.learnable_fc.weight - torch.Size([18, 128]): 
Initialized by user-defined `init_weights` in GaussianOccEncoder  

encoder.layers.6.kps_generator.learnable_fc.bias - torch.Size([18]): 
Initialized by user-defined `init_weights` in GaussianOccEncoder  

encoder.layers.6.output_proj.weight - torch.Size([128, 128]): 
Initialized by user-defined `init_weights` in GaussianOccEncoder  

encoder.layers.6.output_proj.bias - torch.Size([128]): 
Initialized by user-defined `init_weights` in GaussianOccEncoder  

encoder.layers.6.camera_encoder.0.weight - torch.Size([128, 12]): 
Initialized by user-defined `init_weights` in GaussianOccEncoder  

encoder.layers.6.camera_encoder.0.bias - torch.Size([128]): 
The value is the same before and after calling `init_weights` of BEVSegmentor  

encoder.layers.6.camera_encoder.2.weight - torch.Size([128]): 
The value is the same before and after calling `init_weights` of BEVSegmentor  

encoder.layers.6.camera_encoder.2.bias - torch.Size([128]): 
The value is the same before and after calling `init_weights` of BEVSegmentor  

encoder.layers.6.camera_encoder.3.weight - torch.Size([128, 128]): 
Initialized by user-defined `init_weights` in GaussianOccEncoder  

encoder.layers.6.camera_encoder.3.bias - torch.Size([128]): 
The value is the same before and after calling `init_weights` of BEVSegmentor  

encoder.layers.6.camera_encoder.5.weight - torch.Size([128]): 
The value is the same before and after calling `init_weights` of BEVSegmentor  

encoder.layers.6.camera_encoder.5.bias - torch.Size([128]): 
The value is the same before and after calling `init_weights` of BEVSegmentor  

encoder.layers.6.weights_fc.weight - torch.Size([208, 128]): 
Initialized by user-defined `init_weights` in GaussianOccEncoder  

encoder.layers.6.weights_fc.bias - torch.Size([208]): 
Initialized by user-defined `init_weights` in GaussianOccEncoder  

encoder.layers.7.pre_norm.weight - torch.Size([256]): 
The value is the same before and after calling `init_weights` of BEVSegmentor  

encoder.layers.7.pre_norm.bias - torch.Size([256]): 
The value is the same before and after calling `init_weights` of BEVSegmentor  

encoder.layers.7.layers.0.0.weight - torch.Size([512, 256]): 
Initialized by user-defined `init_weights` in GaussianOccEncoder  

encoder.layers.7.layers.0.0.bias - torch.Size([512]): 
The value is the same before and after calling `init_weights` of BEVSegmentor  

encoder.layers.7.layers.1.weight - torch.Size([128, 512]): 
Initialized by user-defined `init_weights` in GaussianOccEncoder  

encoder.layers.7.layers.1.bias - torch.Size([128]): 
The value is the same before and after calling `init_weights` of BEVSegmentor  

encoder.layers.7.identity_fc.weight - torch.Size([128, 256]): 
Initialized by user-defined `init_weights` in GaussianOccEncoder  

encoder.layers.7.identity_fc.bias - torch.Size([128]): 
The value is the same before and after calling `init_weights` of BEVSegmentor  

encoder.layers.8.weight - torch.Size([128]): 
The value is the same before and after calling `init_weights` of BEVSegmentor  

encoder.layers.8.bias - torch.Size([128]): 
The value is the same before and after calling `init_weights` of BEVSegmentor  

encoder.layers.9.layers.0.weight - torch.Size([128, 128]): 
The value is the same before and after calling `init_weights` of BEVSegmentor  

encoder.layers.9.layers.0.bias - torch.Size([128]): 
The value is the same before and after calling `init_weights` of BEVSegmentor  

encoder.layers.9.layers.2.weight - torch.Size([128, 128]): 
The value is the same before and after calling `init_weights` of BEVSegmentor  

encoder.layers.9.layers.2.bias - torch.Size([128]): 
The value is the same before and after calling `init_weights` of BEVSegmentor  

encoder.layers.9.layers.4.weight - torch.Size([128]): 
The value is the same before and after calling `init_weights` of BEVSegmentor  

encoder.layers.9.layers.4.bias - torch.Size([128]): 
The value is the same before and after calling `init_weights` of BEVSegmentor  

encoder.layers.9.layers.5.weight - torch.Size([128, 128]): 
The value is the same before and after calling `init_weights` of BEVSegmentor  

encoder.layers.9.layers.5.bias - torch.Size([128]): 
The value is the same before and after calling `init_weights` of BEVSegmentor  

encoder.layers.9.layers.7.weight - torch.Size([128, 128]): 
The value is the same before and after calling `init_weights` of BEVSegmentor  

encoder.layers.9.layers.7.bias - torch.Size([128]): 
The value is the same before and after calling `init_weights` of BEVSegmentor  

encoder.layers.9.layers.9.weight - torch.Size([128]): 
The value is the same before and after calling `init_weights` of BEVSegmentor  

encoder.layers.9.layers.9.bias - torch.Size([128]): 
The value is the same before and after calling `init_weights` of BEVSegmentor  

encoder.layers.9.layers.10.weight - torch.Size([40, 128]): 
The value is the same before and after calling `init_weights` of BEVSegmentor  

encoder.layers.9.layers.10.bias - torch.Size([40]): 
The value is the same before and after calling `init_weights` of BEVSegmentor  

encoder.layers.9.layers.11.scale - torch.Size([40]): 
The value is the same before and after calling `init_weights` of BEVSegmentor  

encoder.layers.10.layers.0.weight - torch.Size([128, 5, 5, 5, 128]): 
Initialized by user-defined `init_weights` in GaussianOccEncoder  

encoder.layers.10.layers.0.bias - torch.Size([128]): 
The value is the same before and after calling `init_weights` of BEVSegmentor  

encoder.layers.10.layers.1.weight - torch.Size([128]): 
The value is the same before and after calling `init_weights` of BEVSegmentor  

encoder.layers.10.layers.1.bias - torch.Size([128]): 
The value is the same before and after calling `init_weights` of BEVSegmentor  

encoder.layers.10.layers.3.weight - torch.Size([128, 5, 5, 5, 128]): 
Initialized by user-defined `init_weights` in GaussianOccEncoder  

encoder.layers.10.layers.3.bias - torch.Size([128]): 
The value is the same before and after calling `init_weights` of BEVSegmentor  

encoder.layers.10.layers.4.weight - torch.Size([128]): 
The value is the same before and after calling `init_weights` of BEVSegmentor  

encoder.layers.10.layers.4.bias - torch.Size([128]): 
The value is the same before and after calling `init_weights` of BEVSegmentor  

encoder.layers.10.layers.6.weight - torch.Size([128, 5, 5, 5, 128]): 
Initialized by user-defined `init_weights` in GaussianOccEncoder  

encoder.layers.10.layers.6.bias - torch.Size([128]): 
The value is the same before and after calling `init_weights` of BEVSegmentor  

encoder.layers.10.layers.7.weight - torch.Size([128]): 
The value is the same before and after calling `init_weights` of BEVSegmentor  

encoder.layers.10.layers.7.bias - torch.Size([128]): 
The value is the same before and after calling `init_weights` of BEVSegmentor  

encoder.layers.10.output_proj.weight - torch.Size([128, 128]): 
Initialized by user-defined `init_weights` in GaussianOccEncoder  

encoder.layers.10.output_proj.bias - torch.Size([128]): 
The value is the same before and after calling `init_weights` of BEVSegmentor  

encoder.layers.11.weight - torch.Size([128]): 
The value is the same before and after calling `init_weights` of BEVSegmentor  

encoder.layers.11.bias - torch.Size([128]): 
The value is the same before and after calling `init_weights` of BEVSegmentor  

encoder.layers.12.kps_generator.learnable_fc.weight - torch.Size([18, 128]): 
Initialized by user-defined `init_weights` in GaussianOccEncoder  

encoder.layers.12.kps_generator.learnable_fc.bias - torch.Size([18]): 
Initialized by user-defined `init_weights` in GaussianOccEncoder  

encoder.layers.12.output_proj.weight - torch.Size([128, 128]): 
Initialized by user-defined `init_weights` in GaussianOccEncoder  

encoder.layers.12.output_proj.bias - torch.Size([128]): 
Initialized by user-defined `init_weights` in GaussianOccEncoder  

encoder.layers.12.camera_encoder.0.weight - torch.Size([128, 12]): 
Initialized by user-defined `init_weights` in GaussianOccEncoder  

encoder.layers.12.camera_encoder.0.bias - torch.Size([128]): 
The value is the same before and after calling `init_weights` of BEVSegmentor  

encoder.layers.12.camera_encoder.2.weight - torch.Size([128]): 
The value is the same before and after calling `init_weights` of BEVSegmentor  

encoder.layers.12.camera_encoder.2.bias - torch.Size([128]): 
The value is the same before and after calling `init_weights` of BEVSegmentor  

encoder.layers.12.camera_encoder.3.weight - torch.Size([128, 128]): 
Initialized by user-defined `init_weights` in GaussianOccEncoder  

encoder.layers.12.camera_encoder.3.bias - torch.Size([128]): 
The value is the same before and after calling `init_weights` of BEVSegmentor  

encoder.layers.12.camera_encoder.5.weight - torch.Size([128]): 
The value is the same before and after calling `init_weights` of BEVSegmentor  

encoder.layers.12.camera_encoder.5.bias - torch.Size([128]): 
The value is the same before and after calling `init_weights` of BEVSegmentor  

encoder.layers.12.weights_fc.weight - torch.Size([208, 128]): 
Initialized by user-defined `init_weights` in GaussianOccEncoder  

encoder.layers.12.weights_fc.bias - torch.Size([208]): 
Initialized by user-defined `init_weights` in GaussianOccEncoder  

encoder.layers.13.pre_norm.weight - torch.Size([256]): 
The value is the same before and after calling `init_weights` of BEVSegmentor  

encoder.layers.13.pre_norm.bias - torch.Size([256]): 
The value is the same before and after calling `init_weights` of BEVSegmentor  

encoder.layers.13.layers.0.0.weight - torch.Size([512, 256]): 
Initialized by user-defined `init_weights` in GaussianOccEncoder  

encoder.layers.13.layers.0.0.bias - torch.Size([512]): 
The value is the same before and after calling `init_weights` of BEVSegmentor  

encoder.layers.13.layers.1.weight - torch.Size([128, 512]): 
Initialized by user-defined `init_weights` in GaussianOccEncoder  

encoder.layers.13.layers.1.bias - torch.Size([128]): 
The value is the same before and after calling `init_weights` of BEVSegmentor  

encoder.layers.13.identity_fc.weight - torch.Size([128, 256]): 
Initialized by user-defined `init_weights` in GaussianOccEncoder  

encoder.layers.13.identity_fc.bias - torch.Size([128]): 
The value is the same before and after calling `init_weights` of BEVSegmentor  

encoder.layers.14.weight - torch.Size([128]): 
The value is the same before and after calling `init_weights` of BEVSegmentor  

encoder.layers.14.bias - torch.Size([128]): 
The value is the same before and after calling `init_weights` of BEVSegmentor  

encoder.layers.15.layers.0.weight - torch.Size([128, 128]): 
The value is the same before and after calling `init_weights` of BEVSegmentor  

encoder.layers.15.layers.0.bias - torch.Size([128]): 
The value is the same before and after calling `init_weights` of BEVSegmentor  

encoder.layers.15.layers.2.weight - torch.Size([128, 128]): 
The value is the same before and after calling `init_weights` of BEVSegmentor  

encoder.layers.15.layers.2.bias - torch.Size([128]): 
The value is the same before and after calling `init_weights` of BEVSegmentor  

encoder.layers.15.layers.4.weight - torch.Size([128]): 
The value is the same before and after calling `init_weights` of BEVSegmentor  

encoder.layers.15.layers.4.bias - torch.Size([128]): 
The value is the same before and after calling `init_weights` of BEVSegmentor  

encoder.layers.15.layers.5.weight - torch.Size([128, 128]): 
The value is the same before and after calling `init_weights` of BEVSegmentor  

encoder.layers.15.layers.5.bias - torch.Size([128]): 
The value is the same before and after calling `init_weights` of BEVSegmentor  

encoder.layers.15.layers.7.weight - torch.Size([128, 128]): 
The value is the same before and after calling `init_weights` of BEVSegmentor  

encoder.layers.15.layers.7.bias - torch.Size([128]): 
The value is the same before and after calling `init_weights` of BEVSegmentor  

encoder.layers.15.layers.9.weight - torch.Size([128]): 
The value is the same before and after calling `init_weights` of BEVSegmentor  

encoder.layers.15.layers.9.bias - torch.Size([128]): 
The value is the same before and after calling `init_weights` of BEVSegmentor  

encoder.layers.15.layers.10.weight - torch.Size([40, 128]): 
The value is the same before and after calling `init_weights` of BEVSegmentor  

encoder.layers.15.layers.10.bias - torch.Size([40]): 
The value is the same before and after calling `init_weights` of BEVSegmentor  

encoder.layers.15.layers.11.scale - torch.Size([40]): 
The value is the same before and after calling `init_weights` of BEVSegmentor  

encoder.layers.16.layers.0.weight - torch.Size([128, 5, 5, 5, 128]): 
Initialized by user-defined `init_weights` in GaussianOccEncoder  

encoder.layers.16.layers.0.bias - torch.Size([128]): 
The value is the same before and after calling `init_weights` of BEVSegmentor  

encoder.layers.16.layers.1.weight - torch.Size([128]): 
The value is the same before and after calling `init_weights` of BEVSegmentor  

encoder.layers.16.layers.1.bias - torch.Size([128]): 
The value is the same before and after calling `init_weights` of BEVSegmentor  

encoder.layers.16.layers.3.weight - torch.Size([128, 5, 5, 5, 128]): 
Initialized by user-defined `init_weights` in GaussianOccEncoder  

encoder.layers.16.layers.3.bias - torch.Size([128]): 
The value is the same before and after calling `init_weights` of BEVSegmentor  

encoder.layers.16.layers.4.weight - torch.Size([128]): 
The value is the same before and after calling `init_weights` of BEVSegmentor  

encoder.layers.16.layers.4.bias - torch.Size([128]): 
The value is the same before and after calling `init_weights` of BEVSegmentor  

encoder.layers.16.layers.6.weight - torch.Size([128, 5, 5, 5, 128]): 
Initialized by user-defined `init_weights` in GaussianOccEncoder  

encoder.layers.16.layers.6.bias - torch.Size([128]): 
The value is the same before and after calling `init_weights` of BEVSegmentor  

encoder.layers.16.layers.7.weight - torch.Size([128]): 
The value is the same before and after calling `init_weights` of BEVSegmentor  

encoder.layers.16.layers.7.bias - torch.Size([128]): 
The value is the same before and after calling `init_weights` of BEVSegmentor  

encoder.layers.16.output_proj.weight - torch.Size([128, 128]): 
Initialized by user-defined `init_weights` in GaussianOccEncoder  

encoder.layers.16.output_proj.bias - torch.Size([128]): 
The value is the same before and after calling `init_weights` of BEVSegmentor  

encoder.layers.17.weight - torch.Size([128]): 
The value is the same before and after calling `init_weights` of BEVSegmentor  

encoder.layers.17.bias - torch.Size([128]): 
The value is the same before and after calling `init_weights` of BEVSegmentor  

encoder.layers.18.kps_generator.learnable_fc.weight - torch.Size([18, 128]): 
Initialized by user-defined `init_weights` in GaussianOccEncoder  

encoder.layers.18.kps_generator.learnable_fc.bias - torch.Size([18]): 
Initialized by user-defined `init_weights` in GaussianOccEncoder  

encoder.layers.18.output_proj.weight - torch.Size([128, 128]): 
Initialized by user-defined `init_weights` in GaussianOccEncoder  

encoder.layers.18.output_proj.bias - torch.Size([128]): 
Initialized by user-defined `init_weights` in GaussianOccEncoder  

encoder.layers.18.camera_encoder.0.weight - torch.Size([128, 12]): 
Initialized by user-defined `init_weights` in GaussianOccEncoder  

encoder.layers.18.camera_encoder.0.bias - torch.Size([128]): 
The value is the same before and after calling `init_weights` of BEVSegmentor  

encoder.layers.18.camera_encoder.2.weight - torch.Size([128]): 
The value is the same before and after calling `init_weights` of BEVSegmentor  

encoder.layers.18.camera_encoder.2.bias - torch.Size([128]): 
The value is the same before and after calling `init_weights` of BEVSegmentor  

encoder.layers.18.camera_encoder.3.weight - torch.Size([128, 128]): 
Initialized by user-defined `init_weights` in GaussianOccEncoder  

encoder.layers.18.camera_encoder.3.bias - torch.Size([128]): 
The value is the same before and after calling `init_weights` of BEVSegmentor  

encoder.layers.18.camera_encoder.5.weight - torch.Size([128]): 
The value is the same before and after calling `init_weights` of BEVSegmentor  

encoder.layers.18.camera_encoder.5.bias - torch.Size([128]): 
The value is the same before and after calling `init_weights` of BEVSegmentor  

encoder.layers.18.weights_fc.weight - torch.Size([208, 128]): 
Initialized by user-defined `init_weights` in GaussianOccEncoder  

encoder.layers.18.weights_fc.bias - torch.Size([208]): 
Initialized by user-defined `init_weights` in GaussianOccEncoder  

encoder.layers.19.pre_norm.weight - torch.Size([256]): 
The value is the same before and after calling `init_weights` of BEVSegmentor  

encoder.layers.19.pre_norm.bias - torch.Size([256]): 
The value is the same before and after calling `init_weights` of BEVSegmentor  

encoder.layers.19.layers.0.0.weight - torch.Size([512, 256]): 
Initialized by user-defined `init_weights` in GaussianOccEncoder  

encoder.layers.19.layers.0.0.bias - torch.Size([512]): 
The value is the same before and after calling `init_weights` of BEVSegmentor  

encoder.layers.19.layers.1.weight - torch.Size([128, 512]): 
Initialized by user-defined `init_weights` in GaussianOccEncoder  

encoder.layers.19.layers.1.bias - torch.Size([128]): 
The value is the same before and after calling `init_weights` of BEVSegmentor  

encoder.layers.19.identity_fc.weight - torch.Size([128, 256]): 
Initialized by user-defined `init_weights` in GaussianOccEncoder  

encoder.layers.19.identity_fc.bias - torch.Size([128]): 
The value is the same before and after calling `init_weights` of BEVSegmentor  

encoder.layers.20.weight - torch.Size([128]): 
The value is the same before and after calling `init_weights` of BEVSegmentor  

encoder.layers.20.bias - torch.Size([128]): 
The value is the same before and after calling `init_weights` of BEVSegmentor  

encoder.layers.21.layers.0.weight - torch.Size([128, 128]): 
The value is the same before and after calling `init_weights` of BEVSegmentor  

encoder.layers.21.layers.0.bias - torch.Size([128]): 
The value is the same before and after calling `init_weights` of BEVSegmentor  

encoder.layers.21.layers.2.weight - torch.Size([128, 128]): 
The value is the same before and after calling `init_weights` of BEVSegmentor  

encoder.layers.21.layers.2.bias - torch.Size([128]): 
The value is the same before and after calling `init_weights` of BEVSegmentor  

encoder.layers.21.layers.4.weight - torch.Size([128]): 
The value is the same before and after calling `init_weights` of BEVSegmentor  

encoder.layers.21.layers.4.bias - torch.Size([128]): 
The value is the same before and after calling `init_weights` of BEVSegmentor  

encoder.layers.21.layers.5.weight - torch.Size([128, 128]): 
The value is the same before and after calling `init_weights` of BEVSegmentor  

encoder.layers.21.layers.5.bias - torch.Size([128]): 
The value is the same before and after calling `init_weights` of BEVSegmentor  

encoder.layers.21.layers.7.weight - torch.Size([128, 128]): 
The value is the same before and after calling `init_weights` of BEVSegmentor  

encoder.layers.21.layers.7.bias - torch.Size([128]): 
The value is the same before and after calling `init_weights` of BEVSegmentor  

encoder.layers.21.layers.9.weight - torch.Size([128]): 
The value is the same before and after calling `init_weights` of BEVSegmentor  

encoder.layers.21.layers.9.bias - torch.Size([128]): 
The value is the same before and after calling `init_weights` of BEVSegmentor  

encoder.layers.21.layers.10.weight - torch.Size([40, 128]): 
The value is the same before and after calling `init_weights` of BEVSegmentor  

encoder.layers.21.layers.10.bias - torch.Size([40]): 
The value is the same before and after calling `init_weights` of BEVSegmentor  

encoder.layers.21.layers.11.scale - torch.Size([40]): 
The value is the same before and after calling `init_weights` of BEVSegmentor  

temporal_encoder.anchor_encoder.xyz_fc.0.weight - torch.Size([128, 3]): 
The value is the same before and after calling `init_weights` of BEVSegmentor  

temporal_encoder.anchor_encoder.xyz_fc.0.bias - torch.Size([128]): 
The value is the same before and after calling `init_weights` of BEVSegmentor  

temporal_encoder.anchor_encoder.xyz_fc.2.weight - torch.Size([128]): 
The value is the same before and after calling `init_weights` of BEVSegmentor  

temporal_encoder.anchor_encoder.xyz_fc.2.bias - torch.Size([128]): 
The value is the same before and after calling `init_weights` of BEVSegmentor  

temporal_encoder.anchor_encoder.xyz_fc.3.weight - torch.Size([128, 128]): 
The value is the same before and after calling `init_weights` of BEVSegmentor  

temporal_encoder.anchor_encoder.xyz_fc.3.bias - torch.Size([128]): 
The value is the same before and after calling `init_weights` of BEVSegmentor  

temporal_encoder.anchor_encoder.xyz_fc.5.weight - torch.Size([128]): 
The value is the same before and after calling `init_weights` of BEVSegmentor  

temporal_encoder.anchor_encoder.xyz_fc.5.bias - torch.Size([128]): 
The value is the same before and after calling `init_weights` of BEVSegmentor  

temporal_encoder.anchor_encoder.scale_fc.0.weight - torch.Size([128, 3]): 
The value is the same before and after calling `init_weights` of BEVSegmentor  

temporal_encoder.anchor_encoder.scale_fc.0.bias - torch.Size([128]): 
The value is the same before and after calling `init_weights` of BEVSegmentor  

temporal_encoder.anchor_encoder.scale_fc.2.weight - torch.Size([128]): 
The value is the same before and after calling `init_weights` of BEVSegmentor  

temporal_encoder.anchor_encoder.scale_fc.2.bias - torch.Size([128]): 
The value is the same before and after calling `init_weights` of BEVSegmentor  

temporal_encoder.anchor_encoder.scale_fc.3.weight - torch.Size([128, 128]): 
The value is the same before and after calling `init_weights` of BEVSegmentor  

temporal_encoder.anchor_encoder.scale_fc.3.bias - torch.Size([128]): 
The value is the same before and after calling `init_weights` of BEVSegmentor  

temporal_encoder.anchor_encoder.scale_fc.5.weight - torch.Size([128]): 
The value is the same before and after calling `init_weights` of BEVSegmentor  

temporal_encoder.anchor_encoder.scale_fc.5.bias - torch.Size([128]): 
The value is the same before and after calling `init_weights` of BEVSegmentor  

temporal_encoder.anchor_encoder.rot_fc.0.weight - torch.Size([128, 4]): 
The value is the same before and after calling `init_weights` of BEVSegmentor  

temporal_encoder.anchor_encoder.rot_fc.0.bias - torch.Size([128]): 
The value is the same before and after calling `init_weights` of BEVSegmentor  

temporal_encoder.anchor_encoder.rot_fc.2.weight - torch.Size([128]): 
The value is the same before and after calling `init_weights` of BEVSegmentor  

temporal_encoder.anchor_encoder.rot_fc.2.bias - torch.Size([128]): 
The value is the same before and after calling `init_weights` of BEVSegmentor  

temporal_encoder.anchor_encoder.rot_fc.3.weight - torch.Size([128, 128]): 
The value is the same before and after calling `init_weights` of BEVSegmentor  

temporal_encoder.anchor_encoder.rot_fc.3.bias - torch.Size([128]): 
The value is the same before and after calling `init_weights` of BEVSegmentor  

temporal_encoder.anchor_encoder.rot_fc.5.weight - torch.Size([128]): 
The value is the same before and after calling `init_weights` of BEVSegmentor  

temporal_encoder.anchor_encoder.rot_fc.5.bias - torch.Size([128]): 
The value is the same before and after calling `init_weights` of BEVSegmentor  

temporal_encoder.anchor_encoder.opacity_fc.0.weight - torch.Size([128, 1]): 
The value is the same before and after calling `init_weights` of BEVSegmentor  

temporal_encoder.anchor_encoder.opacity_fc.0.bias - torch.Size([128]): 
The value is the same before and after calling `init_weights` of BEVSegmentor  

temporal_encoder.anchor_encoder.opacity_fc.2.weight - torch.Size([128]): 
The value is the same before and after calling `init_weights` of BEVSegmentor  

temporal_encoder.anchor_encoder.opacity_fc.2.bias - torch.Size([128]): 
The value is the same before and after calling `init_weights` of BEVSegmentor  

temporal_encoder.anchor_encoder.opacity_fc.3.weight - torch.Size([128, 128]): 
The value is the same before and after calling `init_weights` of BEVSegmentor  

temporal_encoder.anchor_encoder.opacity_fc.3.bias - torch.Size([128]): 
The value is the same before and after calling `init_weights` of BEVSegmentor  

temporal_encoder.anchor_encoder.opacity_fc.5.weight - torch.Size([128]): 
The value is the same before and after calling `init_weights` of BEVSegmentor  

temporal_encoder.anchor_encoder.opacity_fc.5.bias - torch.Size([128]): 
The value is the same before and after calling `init_weights` of BEVSegmentor  

temporal_encoder.anchor_encoder.semantics_fc.0.weight - torch.Size([128, 17]): 
The value is the same before and after calling `init_weights` of BEVSegmentor  

temporal_encoder.anchor_encoder.semantics_fc.0.bias - torch.Size([128]): 
The value is the same before and after calling `init_weights` of BEVSegmentor  

temporal_encoder.anchor_encoder.semantics_fc.2.weight - torch.Size([128]): 
The value is the same before and after calling `init_weights` of BEVSegmentor  

temporal_encoder.anchor_encoder.semantics_fc.2.bias - torch.Size([128]): 
The value is the same before and after calling `init_weights` of BEVSegmentor  

temporal_encoder.anchor_encoder.semantics_fc.3.weight - torch.Size([128, 128]): 
The value is the same before and after calling `init_weights` of BEVSegmentor  

temporal_encoder.anchor_encoder.semantics_fc.3.bias - torch.Size([128]): 
The value is the same before and after calling `init_weights` of BEVSegmentor  

temporal_encoder.anchor_encoder.semantics_fc.5.weight - torch.Size([128]): 
The value is the same before and after calling `init_weights` of BEVSegmentor  

temporal_encoder.anchor_encoder.semantics_fc.5.bias - torch.Size([128]): 
The value is the same before and after calling `init_weights` of BEVSegmentor  

temporal_encoder.anchor_encoder.offset_fc.0.weight - torch.Size([128, 12]): 
The value is the same before and after calling `init_weights` of BEVSegmentor  

temporal_encoder.anchor_encoder.offset_fc.0.bias - torch.Size([128]): 
The value is the same before and after calling `init_weights` of BEVSegmentor  

temporal_encoder.anchor_encoder.offset_fc.2.weight - torch.Size([128]): 
The value is the same before and after calling `init_weights` of BEVSegmentor  

temporal_encoder.anchor_encoder.offset_fc.2.bias - torch.Size([128]): 
The value is the same before and after calling `init_weights` of BEVSegmentor  

temporal_encoder.anchor_encoder.offset_fc.3.weight - torch.Size([128, 128]): 
The value is the same before and after calling `init_weights` of BEVSegmentor  

temporal_encoder.anchor_encoder.offset_fc.3.bias - torch.Size([128]): 
The value is the same before and after calling `init_weights` of BEVSegmentor  

temporal_encoder.anchor_encoder.offset_fc.5.weight - torch.Size([128]): 
The value is the same before and after calling `init_weights` of BEVSegmentor  

temporal_encoder.anchor_encoder.offset_fc.5.bias - torch.Size([128]): 
The value is the same before and after calling `init_weights` of BEVSegmentor  

temporal_encoder.anchor_encoder.output_fc.0.weight - torch.Size([128, 128]): 
The value is the same before and after calling `init_weights` of BEVSegmentor  

temporal_encoder.anchor_encoder.output_fc.0.bias - torch.Size([128]): 
The value is the same before and after calling `init_weights` of BEVSegmentor  

temporal_encoder.anchor_encoder.output_fc.2.weight - torch.Size([128]): 
The value is the same before and after calling `init_weights` of BEVSegmentor  

temporal_encoder.anchor_encoder.output_fc.2.bias - torch.Size([128]): 
The value is the same before and after calling `init_weights` of BEVSegmentor  

temporal_encoder.anchor_encoder.output_fc.3.weight - torch.Size([128, 128]): 
The value is the same before and after calling `init_weights` of BEVSegmentor  

temporal_encoder.anchor_encoder.output_fc.3.bias - torch.Size([128]): 
The value is the same before and after calling `init_weights` of BEVSegmentor  

temporal_encoder.anchor_encoder.output_fc.5.weight - torch.Size([128]): 
The value is the same before and after calling `init_weights` of BEVSegmentor  

temporal_encoder.anchor_encoder.output_fc.5.bias - torch.Size([128]): 
The value is the same before and after calling `init_weights` of BEVSegmentor  

temporal_encoder.layers.0.layers.0.weight - torch.Size([128, 5, 5, 5, 5, 128]): 
Initialized by user-defined `init_weights` in GaussianTemporalEncoder  

temporal_encoder.layers.0.layers.1.weight - torch.Size([128]): 
The value is the same before and after calling `init_weights` of BEVSegmentor  

temporal_encoder.layers.0.layers.1.bias - torch.Size([128]): 
The value is the same before and after calling `init_weights` of BEVSegmentor  

temporal_encoder.layers.0.layers.3.weight - torch.Size([128, 5, 5, 5, 5, 128]): 
Initialized by user-defined `init_weights` in GaussianTemporalEncoder  

temporal_encoder.layers.0.layers.4.weight - torch.Size([128]): 
The value is the same before and after calling `init_weights` of BEVSegmentor  

temporal_encoder.layers.0.layers.4.bias - torch.Size([128]): 
The value is the same before and after calling `init_weights` of BEVSegmentor  

temporal_encoder.layers.0.layers.6.weight - torch.Size([128, 5, 5, 5, 5, 128]): 
Initialized by user-defined `init_weights` in GaussianTemporalEncoder  

temporal_encoder.layers.0.layers.7.weight - torch.Size([128]): 
The value is the same before and after calling `init_weights` of BEVSegmentor  

temporal_encoder.layers.0.layers.7.bias - torch.Size([128]): 
The value is the same before and after calling `init_weights` of BEVSegmentor  

temporal_encoder.layers.0.output_proj.weight - torch.Size([128, 128]): 
Initialized by user-defined `init_weights` in GaussianTemporalEncoder  

temporal_encoder.layers.0.output_proj.bias - torch.Size([128]): 
The value is the same before and after calling `init_weights` of BEVSegmentor  

temporal_encoder.layers.1.layers.0.weight - torch.Size([128, 128]): 
The value is the same before and after calling `init_weights` of BEVSegmentor  

temporal_encoder.layers.1.layers.0.bias - torch.Size([128]): 
The value is the same before and after calling `init_weights` of BEVSegmentor  

temporal_encoder.layers.1.layers.2.weight - torch.Size([128, 128]): 
The value is the same before and after calling `init_weights` of BEVSegmentor  

temporal_encoder.layers.1.layers.2.bias - torch.Size([128]): 
The value is the same before and after calling `init_weights` of BEVSegmentor  

temporal_encoder.layers.1.layers.4.weight - torch.Size([128]): 
The value is the same before and after calling `init_weights` of BEVSegmentor  

temporal_encoder.layers.1.layers.4.bias - torch.Size([128]): 
The value is the same before and after calling `init_weights` of BEVSegmentor  

temporal_encoder.layers.1.layers.5.weight - torch.Size([128, 128]): 
The value is the same before and after calling `init_weights` of BEVSegmentor  

temporal_encoder.layers.1.layers.5.bias - torch.Size([128]): 
The value is the same before and after calling `init_weights` of BEVSegmentor  

temporal_encoder.layers.1.layers.7.weight - torch.Size([128, 128]): 
The value is the same before and after calling `init_weights` of BEVSegmentor  

temporal_encoder.layers.1.layers.7.bias - torch.Size([128]): 
The value is the same before and after calling `init_weights` of BEVSegmentor  

temporal_encoder.layers.1.layers.9.weight - torch.Size([128]): 
The value is the same before and after calling `init_weights` of BEVSegmentor  

temporal_encoder.layers.1.layers.9.bias - torch.Size([128]): 
The value is the same before and after calling `init_weights` of BEVSegmentor  

temporal_encoder.layers.1.layers.10.weight - torch.Size([40, 128]): 
The value is the same before and after calling `init_weights` of BEVSegmentor  

temporal_encoder.layers.1.layers.10.bias - torch.Size([40]): 
The value is the same before and after calling `init_weights` of BEVSegmentor  

temporal_encoder.layers.1.layers.11.scale - torch.Size([40]): 
The value is the same before and after calling `init_weights` of BEVSegmentor  

temporal_encoder.layers.2.layers.0.weight - torch.Size([128, 5, 5, 5, 5, 128]): 
Initialized by user-defined `init_weights` in GaussianTemporalEncoder  

temporal_encoder.layers.2.layers.1.weight - torch.Size([128]): 
The value is the same before and after calling `init_weights` of BEVSegmentor  

temporal_encoder.layers.2.layers.1.bias - torch.Size([128]): 
The value is the same before and after calling `init_weights` of BEVSegmentor  

temporal_encoder.layers.2.layers.3.weight - torch.Size([128, 5, 5, 5, 5, 128]): 
Initialized by user-defined `init_weights` in GaussianTemporalEncoder  

temporal_encoder.layers.2.layers.4.weight - torch.Size([128]): 
The value is the same before and after calling `init_weights` of BEVSegmentor  

temporal_encoder.layers.2.layers.4.bias - torch.Size([128]): 
The value is the same before and after calling `init_weights` of BEVSegmentor  

temporal_encoder.layers.2.layers.6.weight - torch.Size([128, 5, 5, 5, 5, 128]): 
Initialized by user-defined `init_weights` in GaussianTemporalEncoder  

temporal_encoder.layers.2.layers.7.weight - torch.Size([128]): 
The value is the same before and after calling `init_weights` of BEVSegmentor  

temporal_encoder.layers.2.layers.7.bias - torch.Size([128]): 
The value is the same before and after calling `init_weights` of BEVSegmentor  

temporal_encoder.layers.2.output_proj.weight - torch.Size([128, 128]): 
Initialized by user-defined `init_weights` in GaussianTemporalEncoder  

temporal_encoder.layers.2.output_proj.bias - torch.Size([128]): 
The value is the same before and after calling `init_weights` of BEVSegmentor  

temporal_encoder.layers.3.layers.0.weight - torch.Size([128, 128]): 
The value is the same before and after calling `init_weights` of BEVSegmentor  

temporal_encoder.layers.3.layers.0.bias - torch.Size([128]): 
The value is the same before and after calling `init_weights` of BEVSegmentor  

temporal_encoder.layers.3.layers.2.weight - torch.Size([128, 128]): 
The value is the same before and after calling `init_weights` of BEVSegmentor  

temporal_encoder.layers.3.layers.2.bias - torch.Size([128]): 
The value is the same before and after calling `init_weights` of BEVSegmentor  

temporal_encoder.layers.3.layers.4.weight - torch.Size([128]): 
The value is the same before and after calling `init_weights` of BEVSegmentor  

temporal_encoder.layers.3.layers.4.bias - torch.Size([128]): 
The value is the same before and after calling `init_weights` of BEVSegmentor  

temporal_encoder.layers.3.layers.5.weight - torch.Size([128, 128]): 
The value is the same before and after calling `init_weights` of BEVSegmentor  

temporal_encoder.layers.3.layers.5.bias - torch.Size([128]): 
The value is the same before and after calling `init_weights` of BEVSegmentor  

temporal_encoder.layers.3.layers.7.weight - torch.Size([128, 128]): 
The value is the same before and after calling `init_weights` of BEVSegmentor  

temporal_encoder.layers.3.layers.7.bias - torch.Size([128]): 
The value is the same before and after calling `init_weights` of BEVSegmentor  

temporal_encoder.layers.3.layers.9.weight - torch.Size([128]): 
The value is the same before and after calling `init_weights` of BEVSegmentor  

temporal_encoder.layers.3.layers.9.bias - torch.Size([128]): 
The value is the same before and after calling `init_weights` of BEVSegmentor  

temporal_encoder.layers.3.layers.10.weight - torch.Size([40, 128]): 
The value is the same before and after calling `init_weights` of BEVSegmentor  

temporal_encoder.layers.3.layers.10.bias - torch.Size([40]): 
The value is the same before and after calling `init_weights` of BEVSegmentor  

temporal_encoder.layers.3.layers.11.scale - torch.Size([40]): 
The value is the same before and after calling `init_weights` of BEVSegmentor  

temporal_encoder.layers.4.layers.0.weight - torch.Size([128, 5, 5, 5, 5, 128]): 
Initialized by user-defined `init_weights` in GaussianTemporalEncoder  

temporal_encoder.layers.4.layers.1.weight - torch.Size([128]): 
The value is the same before and after calling `init_weights` of BEVSegmentor  

temporal_encoder.layers.4.layers.1.bias - torch.Size([128]): 
The value is the same before and after calling `init_weights` of BEVSegmentor  

temporal_encoder.layers.4.layers.3.weight - torch.Size([128, 5, 5, 5, 5, 128]): 
Initialized by user-defined `init_weights` in GaussianTemporalEncoder  

temporal_encoder.layers.4.layers.4.weight - torch.Size([128]): 
The value is the same before and after calling `init_weights` of BEVSegmentor  

temporal_encoder.layers.4.layers.4.bias - torch.Size([128]): 
The value is the same before and after calling `init_weights` of BEVSegmentor  

temporal_encoder.layers.4.layers.6.weight - torch.Size([128, 5, 5, 5, 5, 128]): 
Initialized by user-defined `init_weights` in GaussianTemporalEncoder  

temporal_encoder.layers.4.layers.7.weight - torch.Size([128]): 
The value is the same before and after calling `init_weights` of BEVSegmentor  

temporal_encoder.layers.4.layers.7.bias - torch.Size([128]): 
The value is the same before and after calling `init_weights` of BEVSegmentor  

temporal_encoder.layers.4.output_proj.weight - torch.Size([128, 128]): 
Initialized by user-defined `init_weights` in GaussianTemporalEncoder  

temporal_encoder.layers.4.output_proj.bias - torch.Size([128]): 
The value is the same before and after calling `init_weights` of BEVSegmentor  

temporal_encoder.layers.5.layers.0.weight - torch.Size([128, 128]): 
The value is the same before and after calling `init_weights` of BEVSegmentor  

temporal_encoder.layers.5.layers.0.bias - torch.Size([128]): 
The value is the same before and after calling `init_weights` of BEVSegmentor  

temporal_encoder.layers.5.layers.2.weight - torch.Size([128, 128]): 
The value is the same before and after calling `init_weights` of BEVSegmentor  

temporal_encoder.layers.5.layers.2.bias - torch.Size([128]): 
The value is the same before and after calling `init_weights` of BEVSegmentor  

temporal_encoder.layers.5.layers.4.weight - torch.Size([128]): 
The value is the same before and after calling `init_weights` of BEVSegmentor  

temporal_encoder.layers.5.layers.4.bias - torch.Size([128]): 
The value is the same before and after calling `init_weights` of BEVSegmentor  

temporal_encoder.layers.5.layers.5.weight - torch.Size([128, 128]): 
The value is the same before and after calling `init_weights` of BEVSegmentor  

temporal_encoder.layers.5.layers.5.bias - torch.Size([128]): 
The value is the same before and after calling `init_weights` of BEVSegmentor  

temporal_encoder.layers.5.layers.7.weight - torch.Size([128, 128]): 
The value is the same before and after calling `init_weights` of BEVSegmentor  

temporal_encoder.layers.5.layers.7.bias - torch.Size([128]): 
The value is the same before and after calling `init_weights` of BEVSegmentor  

temporal_encoder.layers.5.layers.9.weight - torch.Size([128]): 
The value is the same before and after calling `init_weights` of BEVSegmentor  

temporal_encoder.layers.5.layers.9.bias - torch.Size([128]): 
The value is the same before and after calling `init_weights` of BEVSegmentor  

temporal_encoder.layers.5.layers.10.weight - torch.Size([40, 128]): 
The value is the same before and after calling `init_weights` of BEVSegmentor  

temporal_encoder.layers.5.layers.10.bias - torch.Size([40]): 
The value is the same before and after calling `init_weights` of BEVSegmentor  

temporal_encoder.layers.5.layers.11.scale - torch.Size([40]): 
The value is the same before and after calling `init_weights` of BEVSegmentor  

head.empty_scalar - torch.Size([1]): 
The value is the same before and after calling `init_weights` of BEVSegmentor  

decoder.backbone_3d.conv_input.0.weight - torch.Size([16, 3, 3, 3, 28]): 
The value is the same before and after calling `init_weights` of BEVSegmentor  

decoder.backbone_3d.conv_input.1.weight - torch.Size([16]): 
The value is the same before and after calling `init_weights` of BEVSegmentor  

decoder.backbone_3d.conv_input.1.bias - torch.Size([16]): 
The value is the same before and after calling `init_weights` of BEVSegmentor  

decoder.backbone_3d.conv1.0.conv1.weight - torch.Size([16, 3, 3, 3, 16]): 
The value is the same before and after calling `init_weights` of BEVSegmentor  

decoder.backbone_3d.conv1.0.conv1.bias - torch.Size([16]): 
The value is the same before and after calling `init_weights` of BEVSegmentor  

decoder.backbone_3d.conv1.0.bn1.weight - torch.Size([16]): 
The value is the same before and after calling `init_weights` of BEVSegmentor  

decoder.backbone_3d.conv1.0.bn1.bias - torch.Size([16]): 
The value is the same before and after calling `init_weights` of BEVSegmentor  

decoder.backbone_3d.conv1.0.conv2.weight - torch.Size([16, 3, 3, 3, 16]): 
The value is the same before and after calling `init_weights` of BEVSegmentor  

decoder.backbone_3d.conv1.0.conv2.bias - torch.Size([16]): 
The value is the same before and after calling `init_weights` of BEVSegmentor  

decoder.backbone_3d.conv1.0.bn2.weight - torch.Size([16]): 
The value is the same before and after calling `init_weights` of BEVSegmentor  

decoder.backbone_3d.conv1.0.bn2.bias - torch.Size([16]): 
The value is the same before and after calling `init_weights` of BEVSegmentor  

decoder.backbone_3d.conv1.1.conv1.weight - torch.Size([16, 3, 3, 3, 16]): 
The value is the same before and after calling `init_weights` of BEVSegmentor  

decoder.backbone_3d.conv1.1.conv1.bias - torch.Size([16]): 
The value is the same before and after calling `init_weights` of BEVSegmentor  

decoder.backbone_3d.conv1.1.bn1.weight - torch.Size([16]): 
The value is the same before and after calling `init_weights` of BEVSegmentor  

decoder.backbone_3d.conv1.1.bn1.bias - torch.Size([16]): 
The value is the same before and after calling `init_weights` of BEVSegmentor  

decoder.backbone_3d.conv1.1.conv2.weight - torch.Size([16, 3, 3, 3, 16]): 
The value is the same before and after calling `init_weights` of BEVSegmentor  

decoder.backbone_3d.conv1.1.conv2.bias - torch.Size([16]): 
The value is the same before and after calling `init_weights` of BEVSegmentor  

decoder.backbone_3d.conv1.1.bn2.weight - torch.Size([16]): 
The value is the same before and after calling `init_weights` of BEVSegmentor  

decoder.backbone_3d.conv1.1.bn2.bias - torch.Size([16]): 
The value is the same before and after calling `init_weights` of BEVSegmentor  

decoder.backbone_3d.conv2.0.0.weight - torch.Size([32, 3, 3, 3, 16]): 
The value is the same before and after calling `init_weights` of BEVSegmentor  

decoder.backbone_3d.conv2.0.1.weight - torch.Size([32]): 
The value is the same before and after calling `init_weights` of BEVSegmentor  

decoder.backbone_3d.conv2.0.1.bias - torch.Size([32]): 
The value is the same before and after calling `init_weights` of BEVSegmentor  

decoder.backbone_3d.conv2.1.conv1.weight - torch.Size([32, 3, 3, 3, 32]): 
The value is the same before and after calling `init_weights` of BEVSegmentor  

decoder.backbone_3d.conv2.1.conv1.bias - torch.Size([32]): 
The value is the same before and after calling `init_weights` of BEVSegmentor  

decoder.backbone_3d.conv2.1.bn1.weight - torch.Size([32]): 
The value is the same before and after calling `init_weights` of BEVSegmentor  

decoder.backbone_3d.conv2.1.bn1.bias - torch.Size([32]): 
The value is the same before and after calling `init_weights` of BEVSegmentor  

decoder.backbone_3d.conv2.1.conv2.weight - torch.Size([32, 3, 3, 3, 32]): 
The value is the same before and after calling `init_weights` of BEVSegmentor  

decoder.backbone_3d.conv2.1.conv2.bias - torch.Size([32]): 
The value is the same before and after calling `init_weights` of BEVSegmentor  

decoder.backbone_3d.conv2.1.bn2.weight - torch.Size([32]): 
The value is the same before and after calling `init_weights` of BEVSegmentor  

decoder.backbone_3d.conv2.1.bn2.bias - torch.Size([32]): 
The value is the same before and after calling `init_weights` of BEVSegmentor  

decoder.backbone_3d.conv2.2.conv1.weight - torch.Size([32, 3, 3, 3, 32]): 
The value is the same before and after calling `init_weights` of BEVSegmentor  

decoder.backbone_3d.conv2.2.conv1.bias - torch.Size([32]): 
The value is the same before and after calling `init_weights` of BEVSegmentor  

decoder.backbone_3d.conv2.2.bn1.weight - torch.Size([32]): 
The value is the same before and after calling `init_weights` of BEVSegmentor  

decoder.backbone_3d.conv2.2.bn1.bias - torch.Size([32]): 
The value is the same before and after calling `init_weights` of BEVSegmentor  

decoder.backbone_3d.conv2.2.conv2.weight - torch.Size([32, 3, 3, 3, 32]): 
The value is the same before and after calling `init_weights` of BEVSegmentor  

decoder.backbone_3d.conv2.2.conv2.bias - torch.Size([32]): 
The value is the same before and after calling `init_weights` of BEVSegmentor  

decoder.backbone_3d.conv2.2.bn2.weight - torch.Size([32]): 
The value is the same before and after calling `init_weights` of BEVSegmentor  

decoder.backbone_3d.conv2.2.bn2.bias - torch.Size([32]): 
The value is the same before and after calling `init_weights` of BEVSegmentor  

decoder.backbone_3d.conv3.0.0.weight - torch.Size([64, 3, 3, 3, 32]): 
The value is the same before and after calling `init_weights` of BEVSegmentor  

decoder.backbone_3d.conv3.0.1.weight - torch.Size([64]): 
The value is the same before and after calling `init_weights` of BEVSegmentor  

decoder.backbone_3d.conv3.0.1.bias - torch.Size([64]): 
The value is the same before and after calling `init_weights` of BEVSegmentor  

decoder.backbone_3d.conv3.1.conv1.weight - torch.Size([64, 3, 3, 3, 64]): 
The value is the same before and after calling `init_weights` of BEVSegmentor  

decoder.backbone_3d.conv3.1.conv1.bias - torch.Size([64]): 
The value is the same before and after calling `init_weights` of BEVSegmentor  

decoder.backbone_3d.conv3.1.bn1.weight - torch.Size([64]): 
The value is the same before and after calling `init_weights` of BEVSegmentor  

decoder.backbone_3d.conv3.1.bn1.bias - torch.Size([64]): 
The value is the same before and after calling `init_weights` of BEVSegmentor  

decoder.backbone_3d.conv3.1.conv2.weight - torch.Size([64, 3, 3, 3, 64]): 
The value is the same before and after calling `init_weights` of BEVSegmentor  

decoder.backbone_3d.conv3.1.conv2.bias - torch.Size([64]): 
The value is the same before and after calling `init_weights` of BEVSegmentor  

decoder.backbone_3d.conv3.1.bn2.weight - torch.Size([64]): 
The value is the same before and after calling `init_weights` of BEVSegmentor  

decoder.backbone_3d.conv3.1.bn2.bias - torch.Size([64]): 
The value is the same before and after calling `init_weights` of BEVSegmentor  

decoder.backbone_3d.conv3.2.conv1.weight - torch.Size([64, 3, 3, 3, 64]): 
The value is the same before and after calling `init_weights` of BEVSegmentor  

decoder.backbone_3d.conv3.2.conv1.bias - torch.Size([64]): 
The value is the same before and after calling `init_weights` of BEVSegmentor  

decoder.backbone_3d.conv3.2.bn1.weight - torch.Size([64]): 
The value is the same before and after calling `init_weights` of BEVSegmentor  

decoder.backbone_3d.conv3.2.bn1.bias - torch.Size([64]): 
The value is the same before and after calling `init_weights` of BEVSegmentor  

decoder.backbone_3d.conv3.2.conv2.weight - torch.Size([64, 3, 3, 3, 64]): 
The value is the same before and after calling `init_weights` of BEVSegmentor  

decoder.backbone_3d.conv3.2.conv2.bias - torch.Size([64]): 
The value is the same before and after calling `init_weights` of BEVSegmentor  

decoder.backbone_3d.conv3.2.bn2.weight - torch.Size([64]): 
The value is the same before and after calling `init_weights` of BEVSegmentor  

decoder.backbone_3d.conv3.2.bn2.bias - torch.Size([64]): 
The value is the same before and after calling `init_weights` of BEVSegmentor  

decoder.backbone_3d.conv4.0.0.weight - torch.Size([128, 3, 3, 3, 64]): 
The value is the same before and after calling `init_weights` of BEVSegmentor  

decoder.backbone_3d.conv4.0.1.weight - torch.Size([128]): 
The value is the same before and after calling `init_weights` of BEVSegmentor  

decoder.backbone_3d.conv4.0.1.bias - torch.Size([128]): 
The value is the same before and after calling `init_weights` of BEVSegmentor  

decoder.backbone_3d.conv4.1.conv1.weight - torch.Size([128, 3, 3, 3, 128]): 
The value is the same before and after calling `init_weights` of BEVSegmentor  

decoder.backbone_3d.conv4.1.conv1.bias - torch.Size([128]): 
The value is the same before and after calling `init_weights` of BEVSegmentor  

decoder.backbone_3d.conv4.1.bn1.weight - torch.Size([128]): 
The value is the same before and after calling `init_weights` of BEVSegmentor  

decoder.backbone_3d.conv4.1.bn1.bias - torch.Size([128]): 
The value is the same before and after calling `init_weights` of BEVSegmentor  

decoder.backbone_3d.conv4.1.conv2.weight - torch.Size([128, 3, 3, 3, 128]): 
The value is the same before and after calling `init_weights` of BEVSegmentor  

decoder.backbone_3d.conv4.1.conv2.bias - torch.Size([128]): 
The value is the same before and after calling `init_weights` of BEVSegmentor  

decoder.backbone_3d.conv4.1.bn2.weight - torch.Size([128]): 
The value is the same before and after calling `init_weights` of BEVSegmentor  

decoder.backbone_3d.conv4.1.bn2.bias - torch.Size([128]): 
The value is the same before and after calling `init_weights` of BEVSegmentor  

decoder.backbone_3d.conv4.2.conv1.weight - torch.Size([128, 3, 3, 3, 128]): 
The value is the same before and after calling `init_weights` of BEVSegmentor  

decoder.backbone_3d.conv4.2.conv1.bias - torch.Size([128]): 
The value is the same before and after calling `init_weights` of BEVSegmentor  

decoder.backbone_3d.conv4.2.bn1.weight - torch.Size([128]): 
The value is the same before and after calling `init_weights` of BEVSegmentor  

decoder.backbone_3d.conv4.2.bn1.bias - torch.Size([128]): 
The value is the same before and after calling `init_weights` of BEVSegmentor  

decoder.backbone_3d.conv4.2.conv2.weight - torch.Size([128, 3, 3, 3, 128]): 
The value is the same before and after calling `init_weights` of BEVSegmentor  

decoder.backbone_3d.conv4.2.conv2.bias - torch.Size([128]): 
The value is the same before and after calling `init_weights` of BEVSegmentor  

decoder.backbone_3d.conv4.2.bn2.weight - torch.Size([128]): 
The value is the same before and after calling `init_weights` of BEVSegmentor  

decoder.backbone_3d.conv4.2.bn2.bias - torch.Size([128]): 
The value is the same before and after calling `init_weights` of BEVSegmentor  

decoder.backbone_3d.conv5.0.0.weight - torch.Size([128, 3, 3, 3, 128]): 
The value is the same before and after calling `init_weights` of BEVSegmentor  

decoder.backbone_3d.conv5.0.1.weight - torch.Size([128]): 
The value is the same before and after calling `init_weights` of BEVSegmentor  

decoder.backbone_3d.conv5.0.1.bias - torch.Size([128]): 
The value is the same before and after calling `init_weights` of BEVSegmentor  

decoder.backbone_3d.conv5.1.conv1.weight - torch.Size([128, 3, 3, 3, 128]): 
The value is the same before and after calling `init_weights` of BEVSegmentor  

decoder.backbone_3d.conv5.1.conv1.bias - torch.Size([128]): 
The value is the same before and after calling `init_weights` of BEVSegmentor  

decoder.backbone_3d.conv5.1.bn1.weight - torch.Size([128]): 
The value is the same before and after calling `init_weights` of BEVSegmentor  

decoder.backbone_3d.conv5.1.bn1.bias - torch.Size([128]): 
The value is the same before and after calling `init_weights` of BEVSegmentor  

decoder.backbone_3d.conv5.1.conv2.weight - torch.Size([128, 3, 3, 3, 128]): 
The value is the same before and after calling `init_weights` of BEVSegmentor  

decoder.backbone_3d.conv5.1.conv2.bias - torch.Size([128]): 
The value is the same before and after calling `init_weights` of BEVSegmentor  

decoder.backbone_3d.conv5.1.bn2.weight - torch.Size([128]): 
The value is the same before and after calling `init_weights` of BEVSegmentor  

decoder.backbone_3d.conv5.1.bn2.bias - torch.Size([128]): 
The value is the same before and after calling `init_weights` of BEVSegmentor  

decoder.backbone_3d.conv5.2.conv1.weight - torch.Size([128, 3, 3, 3, 128]): 
The value is the same before and after calling `init_weights` of BEVSegmentor  

decoder.backbone_3d.conv5.2.conv1.bias - torch.Size([128]): 
The value is the same before and after calling `init_weights` of BEVSegmentor  

decoder.backbone_3d.conv5.2.bn1.weight - torch.Size([128]): 
The value is the same before and after calling `init_weights` of BEVSegmentor  

decoder.backbone_3d.conv5.2.bn1.bias - torch.Size([128]): 
The value is the same before and after calling `init_weights` of BEVSegmentor  

decoder.backbone_3d.conv5.2.conv2.weight - torch.Size([128, 3, 3, 3, 128]): 
The value is the same before and after calling `init_weights` of BEVSegmentor  

decoder.backbone_3d.conv5.2.conv2.bias - torch.Size([128]): 
The value is the same before and after calling `init_weights` of BEVSegmentor  

decoder.backbone_3d.conv5.2.bn2.weight - torch.Size([128]): 
The value is the same before and after calling `init_weights` of BEVSegmentor  

decoder.backbone_3d.conv5.2.bn2.bias - torch.Size([128]): 
The value is the same before and after calling `init_weights` of BEVSegmentor  

decoder.backbone_3d.conv6.0.0.weight - torch.Size([128, 3, 3, 3, 128]): 
The value is the same before and after calling `init_weights` of BEVSegmentor  

decoder.backbone_3d.conv6.0.1.weight - torch.Size([128]): 
The value is the same before and after calling `init_weights` of BEVSegmentor  

decoder.backbone_3d.conv6.0.1.bias - torch.Size([128]): 
The value is the same before and after calling `init_weights` of BEVSegmentor  

decoder.backbone_3d.conv6.1.conv1.weight - torch.Size([128, 3, 3, 3, 128]): 
The value is the same before and after calling `init_weights` of BEVSegmentor  

decoder.backbone_3d.conv6.1.conv1.bias - torch.Size([128]): 
The value is the same before and after calling `init_weights` of BEVSegmentor  

decoder.backbone_3d.conv6.1.bn1.weight - torch.Size([128]): 
The value is the same before and after calling `init_weights` of BEVSegmentor  

decoder.backbone_3d.conv6.1.bn1.bias - torch.Size([128]): 
The value is the same before and after calling `init_weights` of BEVSegmentor  

decoder.backbone_3d.conv6.1.conv2.weight - torch.Size([128, 3, 3, 3, 128]): 
The value is the same before and after calling `init_weights` of BEVSegmentor  

decoder.backbone_3d.conv6.1.conv2.bias - torch.Size([128]): 
The value is the same before and after calling `init_weights` of BEVSegmentor  

decoder.backbone_3d.conv6.1.bn2.weight - torch.Size([128]): 
The value is the same before and after calling `init_weights` of BEVSegmentor  

decoder.backbone_3d.conv6.1.bn2.bias - torch.Size([128]): 
The value is the same before and after calling `init_weights` of BEVSegmentor  

decoder.backbone_3d.conv6.2.conv1.weight - torch.Size([128, 3, 3, 3, 128]): 
The value is the same before and after calling `init_weights` of BEVSegmentor  

decoder.backbone_3d.conv6.2.conv1.bias - torch.Size([128]): 
The value is the same before and after calling `init_weights` of BEVSegmentor  

decoder.backbone_3d.conv6.2.bn1.weight - torch.Size([128]): 
The value is the same before and after calling `init_weights` of BEVSegmentor  

decoder.backbone_3d.conv6.2.bn1.bias - torch.Size([128]): 
The value is the same before and after calling `init_weights` of BEVSegmentor  

decoder.backbone_3d.conv6.2.conv2.weight - torch.Size([128, 3, 3, 3, 128]): 
The value is the same before and after calling `init_weights` of BEVSegmentor  

decoder.backbone_3d.conv6.2.conv2.bias - torch.Size([128]): 
The value is the same before and after calling `init_weights` of BEVSegmentor  

decoder.backbone_3d.conv6.2.bn2.weight - torch.Size([128]): 
The value is the same before and after calling `init_weights` of BEVSegmentor  

decoder.backbone_3d.conv6.2.bn2.bias - torch.Size([128]): 
The value is the same before and after calling `init_weights` of BEVSegmentor  

decoder.backbone_3d.conv_out.0.weight - torch.Size([128, 3, 3, 128]): 
The value is the same before and after calling `init_weights` of BEVSegmentor  

decoder.backbone_3d.conv_out.1.weight - torch.Size([128]): 
The value is the same before and after calling `init_weights` of BEVSegmentor  

decoder.backbone_3d.conv_out.1.bias - torch.Size([128]): 
The value is the same before and after calling `init_weights` of BEVSegmentor  

decoder.backbone_3d.shared_conv.0.weight - torch.Size([128, 3, 3, 128]): 
The value is the same before and after calling `init_weights` of BEVSegmentor  

decoder.backbone_3d.shared_conv.0.bias - torch.Size([128]): 
The value is the same before and after calling `init_weights` of BEVSegmentor  

decoder.backbone_3d.shared_conv.1.weight - torch.Size([128]): 
The value is the same before and after calling `init_weights` of BEVSegmentor  

decoder.backbone_3d.shared_conv.1.bias - torch.Size([128]): 
The value is the same before and after calling `init_weights` of BEVSegmentor  

decoder.dense_head.heads_list.0.center.0.0.weight - torch.Size([128, 1, 1, 128]): 
The value is the same before and after calling `init_weights` of BEVSegmentor  

decoder.dense_head.heads_list.0.center.0.0.bias - torch.Size([128]): 
The value is the same before and after calling `init_weights` of BEVSegmentor  

decoder.dense_head.heads_list.0.center.0.1.weight - torch.Size([128]): 
The value is the same before and after calling `init_weights` of BEVSegmentor  

decoder.dense_head.heads_list.0.center.0.1.bias - torch.Size([128]): 
The value is the same before and after calling `init_weights` of BEVSegmentor  

decoder.dense_head.heads_list.0.center.1.weight - torch.Size([2, 1, 1, 128]): 
The value is the same before and after calling `init_weights` of BEVSegmentor  

decoder.dense_head.heads_list.0.center.1.bias - torch.Size([2]): 
The value is the same before and after calling `init_weights` of BEVSegmentor  

decoder.dense_head.heads_list.0.center_z.0.0.weight - torch.Size([128, 1, 1, 128]): 
The value is the same before and after calling `init_weights` of BEVSegmentor  

decoder.dense_head.heads_list.0.center_z.0.0.bias - torch.Size([128]): 
The value is the same before and after calling `init_weights` of BEVSegmentor  

decoder.dense_head.heads_list.0.center_z.0.1.weight - torch.Size([128]): 
The value is the same before and after calling `init_weights` of BEVSegmentor  

decoder.dense_head.heads_list.0.center_z.0.1.bias - torch.Size([128]): 
The value is the same before and after calling `init_weights` of BEVSegmentor  

decoder.dense_head.heads_list.0.center_z.1.weight - torch.Size([1, 1, 1, 128]): 
The value is the same before and after calling `init_weights` of BEVSegmentor  

decoder.dense_head.heads_list.0.center_z.1.bias - torch.Size([1]): 
The value is the same before and after calling `init_weights` of BEVSegmentor  

decoder.dense_head.heads_list.0.dim.0.0.weight - torch.Size([128, 1, 1, 128]): 
The value is the same before and after calling `init_weights` of BEVSegmentor  

decoder.dense_head.heads_list.0.dim.0.0.bias - torch.Size([128]): 
The value is the same before and after calling `init_weights` of BEVSegmentor  

decoder.dense_head.heads_list.0.dim.0.1.weight - torch.Size([128]): 
The value is the same before and after calling `init_weights` of BEVSegmentor  

decoder.dense_head.heads_list.0.dim.0.1.bias - torch.Size([128]): 
The value is the same before and after calling `init_weights` of BEVSegmentor  

decoder.dense_head.heads_list.0.dim.1.weight - torch.Size([3, 1, 1, 128]): 
The value is the same before and after calling `init_weights` of BEVSegmentor  

decoder.dense_head.heads_list.0.dim.1.bias - torch.Size([3]): 
The value is the same before and after calling `init_weights` of BEVSegmentor  

decoder.dense_head.heads_list.0.rot.0.0.weight - torch.Size([128, 1, 1, 128]): 
The value is the same before and after calling `init_weights` of BEVSegmentor  

decoder.dense_head.heads_list.0.rot.0.0.bias - torch.Size([128]): 
The value is the same before and after calling `init_weights` of BEVSegmentor  

decoder.dense_head.heads_list.0.rot.0.1.weight - torch.Size([128]): 
The value is the same before and after calling `init_weights` of BEVSegmentor  

decoder.dense_head.heads_list.0.rot.0.1.bias - torch.Size([128]): 
The value is the same before and after calling `init_weights` of BEVSegmentor  

decoder.dense_head.heads_list.0.rot.1.weight - torch.Size([2, 1, 1, 128]): 
The value is the same before and after calling `init_weights` of BEVSegmentor  

decoder.dense_head.heads_list.0.rot.1.bias - torch.Size([2]): 
The value is the same before and after calling `init_weights` of BEVSegmentor  

decoder.dense_head.heads_list.0.vel.0.0.weight - torch.Size([128, 1, 1, 128]): 
The value is the same before and after calling `init_weights` of BEVSegmentor  

decoder.dense_head.heads_list.0.vel.0.0.bias - torch.Size([128]): 
The value is the same before and after calling `init_weights` of BEVSegmentor  

decoder.dense_head.heads_list.0.vel.0.1.weight - torch.Size([128]): 
The value is the same before and after calling `init_weights` of BEVSegmentor  

decoder.dense_head.heads_list.0.vel.0.1.bias - torch.Size([128]): 
The value is the same before and after calling `init_weights` of BEVSegmentor  

decoder.dense_head.heads_list.0.vel.1.weight - torch.Size([2, 1, 1, 128]): 
The value is the same before and after calling `init_weights` of BEVSegmentor  

decoder.dense_head.heads_list.0.vel.1.bias - torch.Size([2]): 
The value is the same before and after calling `init_weights` of BEVSegmentor  

decoder.dense_head.heads_list.0.hm.0.0.weight - torch.Size([128, 1, 1, 128]): 
The value is the same before and after calling `init_weights` of BEVSegmentor  

decoder.dense_head.heads_list.0.hm.0.0.bias - torch.Size([128]): 
The value is the same before and after calling `init_weights` of BEVSegmentor  

decoder.dense_head.heads_list.0.hm.0.1.weight - torch.Size([128]): 
The value is the same before and after calling `init_weights` of BEVSegmentor  

decoder.dense_head.heads_list.0.hm.0.1.bias - torch.Size([128]): 
The value is the same before and after calling `init_weights` of BEVSegmentor  

decoder.dense_head.heads_list.0.hm.1.weight - torch.Size([1, 1, 1, 128]): 
The value is the same before and after calling `init_weights` of BEVSegmentor  

decoder.dense_head.heads_list.0.hm.1.bias - torch.Size([1]): 
The value is the same before and after calling `init_weights` of BEVSegmentor  

decoder.dense_head.heads_list.1.center.0.0.weight - torch.Size([128, 1, 1, 128]): 
The value is the same before and after calling `init_weights` of BEVSegmentor  

decoder.dense_head.heads_list.1.center.0.0.bias - torch.Size([128]): 
The value is the same before and after calling `init_weights` of BEVSegmentor  

decoder.dense_head.heads_list.1.center.0.1.weight - torch.Size([128]): 
The value is the same before and after calling `init_weights` of BEVSegmentor  

decoder.dense_head.heads_list.1.center.0.1.bias - torch.Size([128]): 
The value is the same before and after calling `init_weights` of BEVSegmentor  

decoder.dense_head.heads_list.1.center.1.weight - torch.Size([2, 1, 1, 128]): 
The value is the same before and after calling `init_weights` of BEVSegmentor  

decoder.dense_head.heads_list.1.center.1.bias - torch.Size([2]): 
The value is the same before and after calling `init_weights` of BEVSegmentor  

decoder.dense_head.heads_list.1.center_z.0.0.weight - torch.Size([128, 1, 1, 128]): 
The value is the same before and after calling `init_weights` of BEVSegmentor  

decoder.dense_head.heads_list.1.center_z.0.0.bias - torch.Size([128]): 
The value is the same before and after calling `init_weights` of BEVSegmentor  

decoder.dense_head.heads_list.1.center_z.0.1.weight - torch.Size([128]): 
The value is the same before and after calling `init_weights` of BEVSegmentor  

decoder.dense_head.heads_list.1.center_z.0.1.bias - torch.Size([128]): 
The value is the same before and after calling `init_weights` of BEVSegmentor  

decoder.dense_head.heads_list.1.center_z.1.weight - torch.Size([1, 1, 1, 128]): 
The value is the same before and after calling `init_weights` of BEVSegmentor  

decoder.dense_head.heads_list.1.center_z.1.bias - torch.Size([1]): 
The value is the same before and after calling `init_weights` of BEVSegmentor  

decoder.dense_head.heads_list.1.dim.0.0.weight - torch.Size([128, 1, 1, 128]): 
The value is the same before and after calling `init_weights` of BEVSegmentor  

decoder.dense_head.heads_list.1.dim.0.0.bias - torch.Size([128]): 
The value is the same before and after calling `init_weights` of BEVSegmentor  

decoder.dense_head.heads_list.1.dim.0.1.weight - torch.Size([128]): 
The value is the same before and after calling `init_weights` of BEVSegmentor  

decoder.dense_head.heads_list.1.dim.0.1.bias - torch.Size([128]): 
The value is the same before and after calling `init_weights` of BEVSegmentor  

decoder.dense_head.heads_list.1.dim.1.weight - torch.Size([3, 1, 1, 128]): 
The value is the same before and after calling `init_weights` of BEVSegmentor  

decoder.dense_head.heads_list.1.dim.1.bias - torch.Size([3]): 
The value is the same before and after calling `init_weights` of BEVSegmentor  

decoder.dense_head.heads_list.1.rot.0.0.weight - torch.Size([128, 1, 1, 128]): 
The value is the same before and after calling `init_weights` of BEVSegmentor  

decoder.dense_head.heads_list.1.rot.0.0.bias - torch.Size([128]): 
The value is the same before and after calling `init_weights` of BEVSegmentor  

decoder.dense_head.heads_list.1.rot.0.1.weight - torch.Size([128]): 
The value is the same before and after calling `init_weights` of BEVSegmentor  

decoder.dense_head.heads_list.1.rot.0.1.bias - torch.Size([128]): 
The value is the same before and after calling `init_weights` of BEVSegmentor  

decoder.dense_head.heads_list.1.rot.1.weight - torch.Size([2, 1, 1, 128]): 
The value is the same before and after calling `init_weights` of BEVSegmentor  

decoder.dense_head.heads_list.1.rot.1.bias - torch.Size([2]): 
The value is the same before and after calling `init_weights` of BEVSegmentor  

decoder.dense_head.heads_list.1.vel.0.0.weight - torch.Size([128, 1, 1, 128]): 
The value is the same before and after calling `init_weights` of BEVSegmentor  

decoder.dense_head.heads_list.1.vel.0.0.bias - torch.Size([128]): 
The value is the same before and after calling `init_weights` of BEVSegmentor  

decoder.dense_head.heads_list.1.vel.0.1.weight - torch.Size([128]): 
The value is the same before and after calling `init_weights` of BEVSegmentor  

decoder.dense_head.heads_list.1.vel.0.1.bias - torch.Size([128]): 
The value is the same before and after calling `init_weights` of BEVSegmentor  

decoder.dense_head.heads_list.1.vel.1.weight - torch.Size([2, 1, 1, 128]): 
The value is the same before and after calling `init_weights` of BEVSegmentor  

decoder.dense_head.heads_list.1.vel.1.bias - torch.Size([2]): 
The value is the same before and after calling `init_weights` of BEVSegmentor  

decoder.dense_head.heads_list.1.hm.0.0.weight - torch.Size([128, 1, 1, 128]): 
The value is the same before and after calling `init_weights` of BEVSegmentor  

decoder.dense_head.heads_list.1.hm.0.0.bias - torch.Size([128]): 
The value is the same before and after calling `init_weights` of BEVSegmentor  

decoder.dense_head.heads_list.1.hm.0.1.weight - torch.Size([128]): 
The value is the same before and after calling `init_weights` of BEVSegmentor  

decoder.dense_head.heads_list.1.hm.0.1.bias - torch.Size([128]): 
The value is the same before and after calling `init_weights` of BEVSegmentor  

decoder.dense_head.heads_list.1.hm.1.weight - torch.Size([2, 1, 1, 128]): 
The value is the same before and after calling `init_weights` of BEVSegmentor  

decoder.dense_head.heads_list.1.hm.1.bias - torch.Size([2]): 
The value is the same before and after calling `init_weights` of BEVSegmentor  

decoder.dense_head.heads_list.2.center.0.0.weight - torch.Size([128, 1, 1, 128]): 
The value is the same before and after calling `init_weights` of BEVSegmentor  

decoder.dense_head.heads_list.2.center.0.0.bias - torch.Size([128]): 
The value is the same before and after calling `init_weights` of BEVSegmentor  

decoder.dense_head.heads_list.2.center.0.1.weight - torch.Size([128]): 
The value is the same before and after calling `init_weights` of BEVSegmentor  

decoder.dense_head.heads_list.2.center.0.1.bias - torch.Size([128]): 
The value is the same before and after calling `init_weights` of BEVSegmentor  

decoder.dense_head.heads_list.2.center.1.weight - torch.Size([2, 1, 1, 128]): 
The value is the same before and after calling `init_weights` of BEVSegmentor  

decoder.dense_head.heads_list.2.center.1.bias - torch.Size([2]): 
The value is the same before and after calling `init_weights` of BEVSegmentor  

decoder.dense_head.heads_list.2.center_z.0.0.weight - torch.Size([128, 1, 1, 128]): 
The value is the same before and after calling `init_weights` of BEVSegmentor  

decoder.dense_head.heads_list.2.center_z.0.0.bias - torch.Size([128]): 
The value is the same before and after calling `init_weights` of BEVSegmentor  

decoder.dense_head.heads_list.2.center_z.0.1.weight - torch.Size([128]): 
The value is the same before and after calling `init_weights` of BEVSegmentor  

decoder.dense_head.heads_list.2.center_z.0.1.bias - torch.Size([128]): 
The value is the same before and after calling `init_weights` of BEVSegmentor  

decoder.dense_head.heads_list.2.center_z.1.weight - torch.Size([1, 1, 1, 128]): 
The value is the same before and after calling `init_weights` of BEVSegmentor  

decoder.dense_head.heads_list.2.center_z.1.bias - torch.Size([1]): 
The value is the same before and after calling `init_weights` of BEVSegmentor  

decoder.dense_head.heads_list.2.dim.0.0.weight - torch.Size([128, 1, 1, 128]): 
The value is the same before and after calling `init_weights` of BEVSegmentor  

decoder.dense_head.heads_list.2.dim.0.0.bias - torch.Size([128]): 
The value is the same before and after calling `init_weights` of BEVSegmentor  

decoder.dense_head.heads_list.2.dim.0.1.weight - torch.Size([128]): 
The value is the same before and after calling `init_weights` of BEVSegmentor  

decoder.dense_head.heads_list.2.dim.0.1.bias - torch.Size([128]): 
The value is the same before and after calling `init_weights` of BEVSegmentor  

decoder.dense_head.heads_list.2.dim.1.weight - torch.Size([3, 1, 1, 128]): 
The value is the same before and after calling `init_weights` of BEVSegmentor  

decoder.dense_head.heads_list.2.dim.1.bias - torch.Size([3]): 
The value is the same before and after calling `init_weights` of BEVSegmentor  

decoder.dense_head.heads_list.2.rot.0.0.weight - torch.Size([128, 1, 1, 128]): 
The value is the same before and after calling `init_weights` of BEVSegmentor  

decoder.dense_head.heads_list.2.rot.0.0.bias - torch.Size([128]): 
The value is the same before and after calling `init_weights` of BEVSegmentor  

decoder.dense_head.heads_list.2.rot.0.1.weight - torch.Size([128]): 
The value is the same before and after calling `init_weights` of BEVSegmentor  

decoder.dense_head.heads_list.2.rot.0.1.bias - torch.Size([128]): 
The value is the same before and after calling `init_weights` of BEVSegmentor  

decoder.dense_head.heads_list.2.rot.1.weight - torch.Size([2, 1, 1, 128]): 
The value is the same before and after calling `init_weights` of BEVSegmentor  

decoder.dense_head.heads_list.2.rot.1.bias - torch.Size([2]): 
The value is the same before and after calling `init_weights` of BEVSegmentor  

decoder.dense_head.heads_list.2.vel.0.0.weight - torch.Size([128, 1, 1, 128]): 
The value is the same before and after calling `init_weights` of BEVSegmentor  

decoder.dense_head.heads_list.2.vel.0.0.bias - torch.Size([128]): 
The value is the same before and after calling `init_weights` of BEVSegmentor  

decoder.dense_head.heads_list.2.vel.0.1.weight - torch.Size([128]): 
The value is the same before and after calling `init_weights` of BEVSegmentor  

decoder.dense_head.heads_list.2.vel.0.1.bias - torch.Size([128]): 
The value is the same before and after calling `init_weights` of BEVSegmentor  

decoder.dense_head.heads_list.2.vel.1.weight - torch.Size([2, 1, 1, 128]): 
The value is the same before and after calling `init_weights` of BEVSegmentor  

decoder.dense_head.heads_list.2.vel.1.bias - torch.Size([2]): 
The value is the same before and after calling `init_weights` of BEVSegmentor  

decoder.dense_head.heads_list.2.hm.0.0.weight - torch.Size([128, 1, 1, 128]): 
The value is the same before and after calling `init_weights` of BEVSegmentor  

decoder.dense_head.heads_list.2.hm.0.0.bias - torch.Size([128]): 
The value is the same before and after calling `init_weights` of BEVSegmentor  

decoder.dense_head.heads_list.2.hm.0.1.weight - torch.Size([128]): 
The value is the same before and after calling `init_weights` of BEVSegmentor  

decoder.dense_head.heads_list.2.hm.0.1.bias - torch.Size([128]): 
The value is the same before and after calling `init_weights` of BEVSegmentor  

decoder.dense_head.heads_list.2.hm.1.weight - torch.Size([2, 1, 1, 128]): 
The value is the same before and after calling `init_weights` of BEVSegmentor  

decoder.dense_head.heads_list.2.hm.1.bias - torch.Size([2]): 
The value is the same before and after calling `init_weights` of BEVSegmentor  

decoder.dense_head.heads_list.3.center.0.0.weight - torch.Size([128, 1, 1, 128]): 
The value is the same before and after calling `init_weights` of BEVSegmentor  

decoder.dense_head.heads_list.3.center.0.0.bias - torch.Size([128]): 
The value is the same before and after calling `init_weights` of BEVSegmentor  

decoder.dense_head.heads_list.3.center.0.1.weight - torch.Size([128]): 
The value is the same before and after calling `init_weights` of BEVSegmentor  

decoder.dense_head.heads_list.3.center.0.1.bias - torch.Size([128]): 
The value is the same before and after calling `init_weights` of BEVSegmentor  

decoder.dense_head.heads_list.3.center.1.weight - torch.Size([2, 1, 1, 128]): 
The value is the same before and after calling `init_weights` of BEVSegmentor  

decoder.dense_head.heads_list.3.center.1.bias - torch.Size([2]): 
The value is the same before and after calling `init_weights` of BEVSegmentor  

decoder.dense_head.heads_list.3.center_z.0.0.weight - torch.Size([128, 1, 1, 128]): 
The value is the same before and after calling `init_weights` of BEVSegmentor  

decoder.dense_head.heads_list.3.center_z.0.0.bias - torch.Size([128]): 
The value is the same before and after calling `init_weights` of BEVSegmentor  

decoder.dense_head.heads_list.3.center_z.0.1.weight - torch.Size([128]): 
The value is the same before and after calling `init_weights` of BEVSegmentor  

decoder.dense_head.heads_list.3.center_z.0.1.bias - torch.Size([128]): 
The value is the same before and after calling `init_weights` of BEVSegmentor  

decoder.dense_head.heads_list.3.center_z.1.weight - torch.Size([1, 1, 1, 128]): 
The value is the same before and after calling `init_weights` of BEVSegmentor  

decoder.dense_head.heads_list.3.center_z.1.bias - torch.Size([1]): 
The value is the same before and after calling `init_weights` of BEVSegmentor  

decoder.dense_head.heads_list.3.dim.0.0.weight - torch.Size([128, 1, 1, 128]): 
The value is the same before and after calling `init_weights` of BEVSegmentor  

decoder.dense_head.heads_list.3.dim.0.0.bias - torch.Size([128]): 
The value is the same before and after calling `init_weights` of BEVSegmentor  

decoder.dense_head.heads_list.3.dim.0.1.weight - torch.Size([128]): 
The value is the same before and after calling `init_weights` of BEVSegmentor  

decoder.dense_head.heads_list.3.dim.0.1.bias - torch.Size([128]): 
The value is the same before and after calling `init_weights` of BEVSegmentor  

decoder.dense_head.heads_list.3.dim.1.weight - torch.Size([3, 1, 1, 128]): 
The value is the same before and after calling `init_weights` of BEVSegmentor  

decoder.dense_head.heads_list.3.dim.1.bias - torch.Size([3]): 
The value is the same before and after calling `init_weights` of BEVSegmentor  

decoder.dense_head.heads_list.3.rot.0.0.weight - torch.Size([128, 1, 1, 128]): 
The value is the same before and after calling `init_weights` of BEVSegmentor  

decoder.dense_head.heads_list.3.rot.0.0.bias - torch.Size([128]): 
The value is the same before and after calling `init_weights` of BEVSegmentor  

decoder.dense_head.heads_list.3.rot.0.1.weight - torch.Size([128]): 
The value is the same before and after calling `init_weights` of BEVSegmentor  

decoder.dense_head.heads_list.3.rot.0.1.bias - torch.Size([128]): 
The value is the same before and after calling `init_weights` of BEVSegmentor  

decoder.dense_head.heads_list.3.rot.1.weight - torch.Size([2, 1, 1, 128]): 
The value is the same before and after calling `init_weights` of BEVSegmentor  

decoder.dense_head.heads_list.3.rot.1.bias - torch.Size([2]): 
The value is the same before and after calling `init_weights` of BEVSegmentor  

decoder.dense_head.heads_list.3.vel.0.0.weight - torch.Size([128, 1, 1, 128]): 
The value is the same before and after calling `init_weights` of BEVSegmentor  

decoder.dense_head.heads_list.3.vel.0.0.bias - torch.Size([128]): 
The value is the same before and after calling `init_weights` of BEVSegmentor  

decoder.dense_head.heads_list.3.vel.0.1.weight - torch.Size([128]): 
The value is the same before and after calling `init_weights` of BEVSegmentor  

decoder.dense_head.heads_list.3.vel.0.1.bias - torch.Size([128]): 
The value is the same before and after calling `init_weights` of BEVSegmentor  

decoder.dense_head.heads_list.3.vel.1.weight - torch.Size([2, 1, 1, 128]): 
The value is the same before and after calling `init_weights` of BEVSegmentor  

decoder.dense_head.heads_list.3.vel.1.bias - torch.Size([2]): 
The value is the same before and after calling `init_weights` of BEVSegmentor  

decoder.dense_head.heads_list.3.hm.0.0.weight - torch.Size([128, 1, 1, 128]): 
The value is the same before and after calling `init_weights` of BEVSegmentor  

decoder.dense_head.heads_list.3.hm.0.0.bias - torch.Size([128]): 
The value is the same before and after calling `init_weights` of BEVSegmentor  

decoder.dense_head.heads_list.3.hm.0.1.weight - torch.Size([128]): 
The value is the same before and after calling `init_weights` of BEVSegmentor  

decoder.dense_head.heads_list.3.hm.0.1.bias - torch.Size([128]): 
The value is the same before and after calling `init_weights` of BEVSegmentor  

decoder.dense_head.heads_list.3.hm.1.weight - torch.Size([1, 1, 1, 128]): 
The value is the same before and after calling `init_weights` of BEVSegmentor  

decoder.dense_head.heads_list.3.hm.1.bias - torch.Size([1]): 
The value is the same before and after calling `init_weights` of BEVSegmentor  

decoder.dense_head.heads_list.4.center.0.0.weight - torch.Size([128, 1, 1, 128]): 
The value is the same before and after calling `init_weights` of BEVSegmentor  

decoder.dense_head.heads_list.4.center.0.0.bias - torch.Size([128]): 
The value is the same before and after calling `init_weights` of BEVSegmentor  

decoder.dense_head.heads_list.4.center.0.1.weight - torch.Size([128]): 
The value is the same before and after calling `init_weights` of BEVSegmentor  

decoder.dense_head.heads_list.4.center.0.1.bias - torch.Size([128]): 
The value is the same before and after calling `init_weights` of BEVSegmentor  

decoder.dense_head.heads_list.4.center.1.weight - torch.Size([2, 1, 1, 128]): 
The value is the same before and after calling `init_weights` of BEVSegmentor  

decoder.dense_head.heads_list.4.center.1.bias - torch.Size([2]): 
The value is the same before and after calling `init_weights` of BEVSegmentor  

decoder.dense_head.heads_list.4.center_z.0.0.weight - torch.Size([128, 1, 1, 128]): 
The value is the same before and after calling `init_weights` of BEVSegmentor  

decoder.dense_head.heads_list.4.center_z.0.0.bias - torch.Size([128]): 
The value is the same before and after calling `init_weights` of BEVSegmentor  

decoder.dense_head.heads_list.4.center_z.0.1.weight - torch.Size([128]): 
The value is the same before and after calling `init_weights` of BEVSegmentor  

decoder.dense_head.heads_list.4.center_z.0.1.bias - torch.Size([128]): 
The value is the same before and after calling `init_weights` of BEVSegmentor  

decoder.dense_head.heads_list.4.center_z.1.weight - torch.Size([1, 1, 1, 128]): 
The value is the same before and after calling `init_weights` of BEVSegmentor  

decoder.dense_head.heads_list.4.center_z.1.bias - torch.Size([1]): 
The value is the same before and after calling `init_weights` of BEVSegmentor  

decoder.dense_head.heads_list.4.dim.0.0.weight - torch.Size([128, 1, 1, 128]): 
The value is the same before and after calling `init_weights` of BEVSegmentor  

decoder.dense_head.heads_list.4.dim.0.0.bias - torch.Size([128]): 
The value is the same before and after calling `init_weights` of BEVSegmentor  

decoder.dense_head.heads_list.4.dim.0.1.weight - torch.Size([128]): 
The value is the same before and after calling `init_weights` of BEVSegmentor  

decoder.dense_head.heads_list.4.dim.0.1.bias - torch.Size([128]): 
The value is the same before and after calling `init_weights` of BEVSegmentor  

decoder.dense_head.heads_list.4.dim.1.weight - torch.Size([3, 1, 1, 128]): 
The value is the same before and after calling `init_weights` of BEVSegmentor  

decoder.dense_head.heads_list.4.dim.1.bias - torch.Size([3]): 
The value is the same before and after calling `init_weights` of BEVSegmentor  

decoder.dense_head.heads_list.4.rot.0.0.weight - torch.Size([128, 1, 1, 128]): 
The value is the same before and after calling `init_weights` of BEVSegmentor  

decoder.dense_head.heads_list.4.rot.0.0.bias - torch.Size([128]): 
The value is the same before and after calling `init_weights` of BEVSegmentor  

decoder.dense_head.heads_list.4.rot.0.1.weight - torch.Size([128]): 
The value is the same before and after calling `init_weights` of BEVSegmentor  

decoder.dense_head.heads_list.4.rot.0.1.bias - torch.Size([128]): 
The value is the same before and after calling `init_weights` of BEVSegmentor  

decoder.dense_head.heads_list.4.rot.1.weight - torch.Size([2, 1, 1, 128]): 
The value is the same before and after calling `init_weights` of BEVSegmentor  

decoder.dense_head.heads_list.4.rot.1.bias - torch.Size([2]): 
The value is the same before and after calling `init_weights` of BEVSegmentor  

decoder.dense_head.heads_list.4.vel.0.0.weight - torch.Size([128, 1, 1, 128]): 
The value is the same before and after calling `init_weights` of BEVSegmentor  

decoder.dense_head.heads_list.4.vel.0.0.bias - torch.Size([128]): 
The value is the same before and after calling `init_weights` of BEVSegmentor  

decoder.dense_head.heads_list.4.vel.0.1.weight - torch.Size([128]): 
The value is the same before and after calling `init_weights` of BEVSegmentor  

decoder.dense_head.heads_list.4.vel.0.1.bias - torch.Size([128]): 
The value is the same before and after calling `init_weights` of BEVSegmentor  

decoder.dense_head.heads_list.4.vel.1.weight - torch.Size([2, 1, 1, 128]): 
The value is the same before and after calling `init_weights` of BEVSegmentor  

decoder.dense_head.heads_list.4.vel.1.bias - torch.Size([2]): 
The value is the same before and after calling `init_weights` of BEVSegmentor  

decoder.dense_head.heads_list.4.hm.0.0.weight - torch.Size([128, 1, 1, 128]): 
The value is the same before and after calling `init_weights` of BEVSegmentor  

decoder.dense_head.heads_list.4.hm.0.0.bias - torch.Size([128]): 
The value is the same before and after calling `init_weights` of BEVSegmentor  

decoder.dense_head.heads_list.4.hm.0.1.weight - torch.Size([128]): 
The value is the same before and after calling `init_weights` of BEVSegmentor  

decoder.dense_head.heads_list.4.hm.0.1.bias - torch.Size([128]): 
The value is the same before and after calling `init_weights` of BEVSegmentor  

decoder.dense_head.heads_list.4.hm.1.weight - torch.Size([2, 1, 1, 128]): 
The value is the same before and after calling `init_weights` of BEVSegmentor  

decoder.dense_head.heads_list.4.hm.1.bias - torch.Size([2]): 
The value is the same before and after calling `init_weights` of BEVSegmentor  

decoder.dense_head.heads_list.5.center.0.0.weight - torch.Size([128, 1, 1, 128]): 
The value is the same before and after calling `init_weights` of BEVSegmentor  

decoder.dense_head.heads_list.5.center.0.0.bias - torch.Size([128]): 
The value is the same before and after calling `init_weights` of BEVSegmentor  

decoder.dense_head.heads_list.5.center.0.1.weight - torch.Size([128]): 
The value is the same before and after calling `init_weights` of BEVSegmentor  

decoder.dense_head.heads_list.5.center.0.1.bias - torch.Size([128]): 
The value is the same before and after calling `init_weights` of BEVSegmentor  

decoder.dense_head.heads_list.5.center.1.weight - torch.Size([2, 1, 1, 128]): 
The value is the same before and after calling `init_weights` of BEVSegmentor  

decoder.dense_head.heads_list.5.center.1.bias - torch.Size([2]): 
The value is the same before and after calling `init_weights` of BEVSegmentor  

decoder.dense_head.heads_list.5.center_z.0.0.weight - torch.Size([128, 1, 1, 128]): 
The value is the same before and after calling `init_weights` of BEVSegmentor  

decoder.dense_head.heads_list.5.center_z.0.0.bias - torch.Size([128]): 
The value is the same before and after calling `init_weights` of BEVSegmentor  

decoder.dense_head.heads_list.5.center_z.0.1.weight - torch.Size([128]): 
The value is the same before and after calling `init_weights` of BEVSegmentor  

decoder.dense_head.heads_list.5.center_z.0.1.bias - torch.Size([128]): 
The value is the same before and after calling `init_weights` of BEVSegmentor  

decoder.dense_head.heads_list.5.center_z.1.weight - torch.Size([1, 1, 1, 128]): 
The value is the same before and after calling `init_weights` of BEVSegmentor  

decoder.dense_head.heads_list.5.center_z.1.bias - torch.Size([1]): 
The value is the same before and after calling `init_weights` of BEVSegmentor  

decoder.dense_head.heads_list.5.dim.0.0.weight - torch.Size([128, 1, 1, 128]): 
The value is the same before and after calling `init_weights` of BEVSegmentor  

decoder.dense_head.heads_list.5.dim.0.0.bias - torch.Size([128]): 
The value is the same before and after calling `init_weights` of BEVSegmentor  

decoder.dense_head.heads_list.5.dim.0.1.weight - torch.Size([128]): 
The value is the same before and after calling `init_weights` of BEVSegmentor  

decoder.dense_head.heads_list.5.dim.0.1.bias - torch.Size([128]): 
The value is the same before and after calling `init_weights` of BEVSegmentor  

decoder.dense_head.heads_list.5.dim.1.weight - torch.Size([3, 1, 1, 128]): 
The value is the same before and after calling `init_weights` of BEVSegmentor  

decoder.dense_head.heads_list.5.dim.1.bias - torch.Size([3]): 
The value is the same before and after calling `init_weights` of BEVSegmentor  

decoder.dense_head.heads_list.5.rot.0.0.weight - torch.Size([128, 1, 1, 128]): 
The value is the same before and after calling `init_weights` of BEVSegmentor  

decoder.dense_head.heads_list.5.rot.0.0.bias - torch.Size([128]): 
The value is the same before and after calling `init_weights` of BEVSegmentor  

decoder.dense_head.heads_list.5.rot.0.1.weight - torch.Size([128]): 
The value is the same before and after calling `init_weights` of BEVSegmentor  

decoder.dense_head.heads_list.5.rot.0.1.bias - torch.Size([128]): 
The value is the same before and after calling `init_weights` of BEVSegmentor  

decoder.dense_head.heads_list.5.rot.1.weight - torch.Size([2, 1, 1, 128]): 
The value is the same before and after calling `init_weights` of BEVSegmentor  

decoder.dense_head.heads_list.5.rot.1.bias - torch.Size([2]): 
The value is the same before and after calling `init_weights` of BEVSegmentor  

decoder.dense_head.heads_list.5.vel.0.0.weight - torch.Size([128, 1, 1, 128]): 
The value is the same before and after calling `init_weights` of BEVSegmentor  

decoder.dense_head.heads_list.5.vel.0.0.bias - torch.Size([128]): 
The value is the same before and after calling `init_weights` of BEVSegmentor  

decoder.dense_head.heads_list.5.vel.0.1.weight - torch.Size([128]): 
The value is the same before and after calling `init_weights` of BEVSegmentor  

decoder.dense_head.heads_list.5.vel.0.1.bias - torch.Size([128]): 
The value is the same before and after calling `init_weights` of BEVSegmentor  

decoder.dense_head.heads_list.5.vel.1.weight - torch.Size([2, 1, 1, 128]): 
The value is the same before and after calling `init_weights` of BEVSegmentor  

decoder.dense_head.heads_list.5.vel.1.bias - torch.Size([2]): 
The value is the same before and after calling `init_weights` of BEVSegmentor  

decoder.dense_head.heads_list.5.hm.0.0.weight - torch.Size([128, 1, 1, 128]): 
The value is the same before and after calling `init_weights` of BEVSegmentor  

decoder.dense_head.heads_list.5.hm.0.0.bias - torch.Size([128]): 
The value is the same before and after calling `init_weights` of BEVSegmentor  

decoder.dense_head.heads_list.5.hm.0.1.weight - torch.Size([128]): 
The value is the same before and after calling `init_weights` of BEVSegmentor  

decoder.dense_head.heads_list.5.hm.0.1.bias - torch.Size([128]): 
The value is the same before and after calling `init_weights` of BEVSegmentor  

decoder.dense_head.heads_list.5.hm.1.weight - torch.Size([2, 1, 1, 128]): 
The value is the same before and after calling `init_weights` of BEVSegmentor  

decoder.dense_head.heads_list.5.hm.1.bias - torch.Size([2]): 
The value is the same before and after calling `init_weights` of BEVSegmentor  

map_decoder.pts_bbox_head.code_weights - torch.Size([4]): 
The value is the same before and after calling `init_weights` of BEVSegmentor  

map_decoder.pts_bbox_head.map_adapter_layers.0.0.weight - torch.Size([128, 1, 1, 128]): 
The value is the same before and after calling `init_weights` of BEVSegmentor  

map_decoder.pts_bbox_head.map_adapter_layers.0.0.bias - torch.Size([128]): 
The value is the same before and after calling `init_weights` of BEVSegmentor  

map_decoder.pts_bbox_head.map_adapter_layers.0.1.weight - torch.Size([128]): 
The value is the same before and after calling `init_weights` of BEVSegmentor  

map_decoder.pts_bbox_head.map_adapter_layers.0.1.bias - torch.Size([128]): 
The value is the same before and after calling `init_weights` of BEVSegmentor  

map_decoder.pts_bbox_head.map_adapter_layers.1.weight - torch.Size([256, 1, 1, 128]): 
The value is the same before and after calling `init_weights` of BEVSegmentor  

map_decoder.pts_bbox_head.map_adapter_layers.1.bias - torch.Size([256]): 
The value is the same before and after calling `init_weights` of BEVSegmentor  

map_decoder.pts_bbox_head.cls_branches.0.weight - torch.Size([256, 256]): 
The value is the same before and after calling `init_weights` of BEVSegmentor  

map_decoder.pts_bbox_head.cls_branches.0.bias - torch.Size([256]): 
The value is the same before and after calling `init_weights` of BEVSegmentor  

map_decoder.pts_bbox_head.cls_branches.1.weight - torch.Size([256]): 
The value is the same before and after calling `init_weights` of BEVSegmentor  

map_decoder.pts_bbox_head.cls_branches.1.bias - torch.Size([256]): 
The value is the same before and after calling `init_weights` of BEVSegmentor  

map_decoder.pts_bbox_head.cls_branches.3.weight - torch.Size([256, 256]): 
The value is the same before and after calling `init_weights` of BEVSegmentor  

map_decoder.pts_bbox_head.cls_branches.3.bias - torch.Size([256]): 
The value is the same before and after calling `init_weights` of BEVSegmentor  

map_decoder.pts_bbox_head.cls_branches.4.weight - torch.Size([256]): 
The value is the same before and after calling `init_weights` of BEVSegmentor  

map_decoder.pts_bbox_head.cls_branches.4.bias - torch.Size([256]): 
The value is the same before and after calling `init_weights` of BEVSegmentor  

map_decoder.pts_bbox_head.cls_branches.6.weight - torch.Size([3, 256]): 
The value is the same before and after calling `init_weights` of BEVSegmentor  

map_decoder.pts_bbox_head.cls_branches.6.bias - torch.Size([3]): 
Initialized by user-defined `init_weights` in MapTRv2Head  

map_decoder.pts_bbox_head.reg_branches.0.weight - torch.Size([512, 256]): 
The value is the same before and after calling `init_weights` of BEVSegmentor  

map_decoder.pts_bbox_head.reg_branches.0.bias - torch.Size([512]): 
The value is the same before and after calling `init_weights` of BEVSegmentor  

map_decoder.pts_bbox_head.reg_branches.2.weight - torch.Size([512, 512]): 
The value is the same before and after calling `init_weights` of BEVSegmentor  

map_decoder.pts_bbox_head.reg_branches.2.bias - torch.Size([512]): 
The value is the same before and after calling `init_weights` of BEVSegmentor  

map_decoder.pts_bbox_head.reg_branches.4.weight - torch.Size([512, 512]): 
The value is the same before and after calling `init_weights` of BEVSegmentor  

map_decoder.pts_bbox_head.reg_branches.4.bias - torch.Size([512]): 
The value is the same before and after calling `init_weights` of BEVSegmentor  

map_decoder.pts_bbox_head.reg_branches.6.weight - torch.Size([40, 512]): 
The value is the same before and after calling `init_weights` of BEVSegmentor  

map_decoder.pts_bbox_head.reg_branches.6.bias - torch.Size([40]): 
The value is the same before and after calling `init_weights` of BEVSegmentor  

planner_head.ego_query.weight - torch.Size([1, 128]): 
The value is the same before and after calling `init_weights` of BEVSegmentor  

planner_head.ego_agent_decoder.layers.0.attentions.0.attn.in_proj_weight - torch.Size([384, 128]): 
Initialized by user-defined `init_weights` in VADHead  

planner_head.ego_agent_decoder.layers.0.attentions.0.attn.in_proj_bias - torch.Size([384]): 
The value is the same before and after calling `init_weights` of BEVSegmentor  

planner_head.ego_agent_decoder.layers.0.attentions.0.attn.out_proj.weight - torch.Size([128, 128]): 
Initialized by user-defined `init_weights` in VADHead  

planner_head.ego_agent_decoder.layers.0.attentions.0.attn.out_proj.bias - torch.Size([128]): 
The value is the same before and after calling `init_weights` of BEVSegmentor  

planner_head.ego_agent_decoder.layers.0.ffns.0.layers.0.0.weight - torch.Size([256, 128]): 
Initialized by user-defined `init_weights` in VADHead  

planner_head.ego_agent_decoder.layers.0.ffns.0.layers.0.0.bias - torch.Size([256]): 
The value is the same before and after calling `init_weights` of BEVSegmentor  

planner_head.ego_agent_decoder.layers.0.ffns.0.layers.1.weight - torch.Size([128, 256]): 
Initialized by user-defined `init_weights` in VADHead  

planner_head.ego_agent_decoder.layers.0.ffns.0.layers.1.bias - torch.Size([128]): 
The value is the same before and after calling `init_weights` of BEVSegmentor  

planner_head.ego_agent_decoder.layers.0.norms.0.weight - torch.Size([128]): 
The value is the same before and after calling `init_weights` of BEVSegmentor  

planner_head.ego_agent_decoder.layers.0.norms.0.bias - torch.Size([128]): 
The value is the same before and after calling `init_weights` of BEVSegmentor  

planner_head.ego_agent_decoder.layers.0.norms.1.weight - torch.Size([128]): 
The value is the same before and after calling `init_weights` of BEVSegmentor  

planner_head.ego_agent_decoder.layers.0.norms.1.bias - torch.Size([128]): 
The value is the same before and after calling `init_weights` of BEVSegmentor  

planner_head.ego_map_decoder.layers.0.attentions.0.attn.in_proj_weight - torch.Size([384, 128]): 
Initialized by user-defined `init_weights` in VADHead  

planner_head.ego_map_decoder.layers.0.attentions.0.attn.in_proj_bias - torch.Size([384]): 
The value is the same before and after calling `init_weights` of BEVSegmentor  

planner_head.ego_map_decoder.layers.0.attentions.0.attn.out_proj.weight - torch.Size([128, 128]): 
Initialized by user-defined `init_weights` in VADHead  

planner_head.ego_map_decoder.layers.0.attentions.0.attn.out_proj.bias - torch.Size([128]): 
The value is the same before and after calling `init_weights` of BEVSegmentor  

planner_head.ego_map_decoder.layers.0.ffns.0.layers.0.0.weight - torch.Size([256, 128]): 
Initialized by user-defined `init_weights` in VADHead  

planner_head.ego_map_decoder.layers.0.ffns.0.layers.0.0.bias - torch.Size([256]): 
The value is the same before and after calling `init_weights` of BEVSegmentor  

planner_head.ego_map_decoder.layers.0.ffns.0.layers.1.weight - torch.Size([128, 256]): 
Initialized by user-defined `init_weights` in VADHead  

planner_head.ego_map_decoder.layers.0.ffns.0.layers.1.bias - torch.Size([128]): 
The value is the same before and after calling `init_weights` of BEVSegmentor  

planner_head.ego_map_decoder.layers.0.norms.0.weight - torch.Size([128]): 
The value is the same before and after calling `init_weights` of BEVSegmentor  

planner_head.ego_map_decoder.layers.0.norms.0.bias - torch.Size([128]): 
The value is the same before and after calling `init_weights` of BEVSegmentor  

planner_head.ego_map_decoder.layers.0.norms.1.weight - torch.Size([128]): 
The value is the same before and after calling `init_weights` of BEVSegmentor  

planner_head.ego_map_decoder.layers.0.norms.1.bias - torch.Size([128]): 
The value is the same before and after calling `init_weights` of BEVSegmentor  

planner_head.ego_gaussian_decoder.layers.0.attentions.0.attn.in_proj_weight - torch.Size([384, 128]): 
Initialized by user-defined `init_weights` in VADHead  

planner_head.ego_gaussian_decoder.layers.0.attentions.0.attn.in_proj_bias - torch.Size([384]): 
The value is the same before and after calling `init_weights` of BEVSegmentor  

planner_head.ego_gaussian_decoder.layers.0.attentions.0.attn.out_proj.weight - torch.Size([128, 128]): 
Initialized by user-defined `init_weights` in VADHead  

planner_head.ego_gaussian_decoder.layers.0.attentions.0.attn.out_proj.bias - torch.Size([128]): 
The value is the same before and after calling `init_weights` of BEVSegmentor  

planner_head.ego_gaussian_decoder.layers.0.ffns.0.layers.0.0.weight - torch.Size([256, 128]): 
Initialized by user-defined `init_weights` in VADHead  

planner_head.ego_gaussian_decoder.layers.0.ffns.0.layers.0.0.bias - torch.Size([256]): 
The value is the same before and after calling `init_weights` of BEVSegmentor  

planner_head.ego_gaussian_decoder.layers.0.ffns.0.layers.1.weight - torch.Size([128, 256]): 
Initialized by user-defined `init_weights` in VADHead  

planner_head.ego_gaussian_decoder.layers.0.ffns.0.layers.1.bias - torch.Size([128]): 
The value is the same before and after calling `init_weights` of BEVSegmentor  

planner_head.ego_gaussian_decoder.layers.0.norms.0.weight - torch.Size([128]): 
The value is the same before and after calling `init_weights` of BEVSegmentor  

planner_head.ego_gaussian_decoder.layers.0.norms.0.bias - torch.Size([128]): 
The value is the same before and after calling `init_weights` of BEVSegmentor  

planner_head.ego_gaussian_decoder.layers.0.norms.1.weight - torch.Size([128]): 
The value is the same before and after calling `init_weights` of BEVSegmentor  

planner_head.ego_gaussian_decoder.layers.0.norms.1.bias - torch.Size([128]): 
The value is the same before and after calling `init_weights` of BEVSegmentor  

planner_head.ego_fut_decoder.0.weight - torch.Size([384, 384]): 
The value is the same before and after calling `init_weights` of BEVSegmentor  

planner_head.ego_fut_decoder.0.bias - torch.Size([384]): 
The value is the same before and after calling `init_weights` of BEVSegmentor  

planner_head.ego_fut_decoder.2.weight - torch.Size([384, 384]): 
The value is the same before and after calling `init_weights` of BEVSegmentor  

planner_head.ego_fut_decoder.2.bias - torch.Size([384]): 
The value is the same before and after calling `init_weights` of BEVSegmentor  

planner_head.ego_fut_decoder.4.weight - torch.Size([36, 384]): 
The value is the same before and after calling `init_weights` of BEVSegmentor  

planner_head.ego_fut_decoder.4.bias - torch.Size([36]): 
The value is the same before and after calling `init_weights` of BEVSegmentor  

planner_head.agent_fus_mlp.0.weight - torch.Size([128, 10]): 
The value is the same before and after calling `init_weights` of BEVSegmentor  

planner_head.agent_fus_mlp.0.bias - torch.Size([128]): 
The value is the same before and after calling `init_weights` of BEVSegmentor  

planner_head.agent_fus_mlp.1.weight - torch.Size([128]): 
The value is the same before and after calling `init_weights` of BEVSegmentor  

planner_head.agent_fus_mlp.1.bias - torch.Size([128]): 
The value is the same before and after calling `init_weights` of BEVSegmentor  

planner_head.agent_fus_mlp.3.weight - torch.Size([128, 128]): 
The value is the same before and after calling `init_weights` of BEVSegmentor  

planner_head.agent_fus_mlp.3.bias - torch.Size([128]): 
The value is the same before and after calling `init_weights` of BEVSegmentor  

planner_head.map_fus_mlp.0.weight - torch.Size([128, 43]): 
The value is the same before and after calling `init_weights` of BEVSegmentor  

planner_head.map_fus_mlp.0.bias - torch.Size([128]): 
The value is the same before and after calling `init_weights` of BEVSegmentor  

planner_head.map_fus_mlp.1.weight - torch.Size([128]): 
The value is the same before and after calling `init_weights` of BEVSegmentor  

planner_head.map_fus_mlp.1.bias - torch.Size([128]): 
The value is the same before and after calling `init_weights` of BEVSegmentor  

planner_head.map_fus_mlp.3.weight - torch.Size([128, 128]): 
The value is the same before and after calling `init_weights` of BEVSegmentor  

planner_head.map_fus_mlp.3.bias - torch.Size([128]): 
The value is the same before and after calling `init_weights` of BEVSegmentor  

planner_head.gaussian_fus_mlp.0.weight - torch.Size([128, 28]): 
The value is the same before and after calling `init_weights` of BEVSegmentor  

planner_head.gaussian_fus_mlp.0.bias - torch.Size([128]): 
The value is the same before and after calling `init_weights` of BEVSegmentor  

planner_head.gaussian_fus_mlp.1.weight - torch.Size([128]): 
The value is the same before and after calling `init_weights` of BEVSegmentor  

planner_head.gaussian_fus_mlp.1.bias - torch.Size([128]): 
The value is the same before and after calling `init_weights` of BEVSegmentor  

planner_head.gaussian_fus_mlp.3.weight - torch.Size([128, 128]): 
The value is the same before and after calling `init_weights` of BEVSegmentor  

planner_head.gaussian_fus_mlp.3.bias - torch.Size([128]): 
The value is the same before and after calling `init_weights` of BEVSegmentor  
2026/07/27 05:54:42 - mmengine - INFO - Frozen module: map_decoder
2026/07/27 05:54:42 - mmengine - INFO - Frozen module: planner_head
2026/07/27 05:54:42 - mmengine - INFO - Number of params: 166706077
2026/07/27 05:54:42 - mmengine - INFO - converted sync bn.
2026/07/27 05:54:50 - mmengine - INFO - done ddp model
2026/07/27 05:59:31 - mmengine - WARNING - img_backbone.conv1.weight is skipped since its requires_grad=False
2026/07/27 05:59:31 - mmengine - WARNING - img_backbone.bn1.weight is skipped since its requires_grad=False
2026/07/27 05:59:31 - mmengine - WARNING - img_backbone.bn1.bias is skipped since its requires_grad=False
2026/07/27 05:59:31 - mmengine - WARNING - img_backbone.layer1.0.conv1.weight is skipped since its requires_grad=False
2026/07/27 05:59:31 - mmengine - WARNING - img_backbone.layer1.0.bn1.weight is skipped since its requires_grad=False
2026/07/27 05:59:31 - mmengine - WARNING - img_backbone.layer1.0.bn1.bias is skipped since its requires_grad=False
2026/07/27 05:59:31 - mmengine - WARNING - img_backbone.layer1.0.conv2.weight is skipped since its requires_grad=False
2026/07/27 05:59:31 - mmengine - WARNING - img_backbone.layer1.0.bn2.weight is skipped since its requires_grad=False
2026/07/27 05:59:31 - mmengine - WARNING - img_backbone.layer1.0.bn2.bias is skipped since its requires_grad=False
2026/07/27 05:59:31 - mmengine - WARNING - img_backbone.layer1.0.conv3.weight is skipped since its requires_grad=False
2026/07/27 05:59:31 - mmengine - WARNING - img_backbone.layer1.0.bn3.weight is skipped since its requires_grad=False
2026/07/27 05:59:31 - mmengine - WARNING - img_backbone.layer1.0.bn3.bias is skipped since its requires_grad=False
2026/07/27 05:59:31 - mmengine - WARNING - img_backbone.layer1.0.downsample.0.weight is skipped since its requires_grad=False
2026/07/27 05:59:31 - mmengine - WARNING - img_backbone.layer1.0.downsample.1.weight is skipped since its requires_grad=False
2026/07/27 05:59:31 - mmengine - WARNING - img_backbone.layer1.0.downsample.1.bias is skipped since its requires_grad=False
2026/07/27 05:59:31 - mmengine - WARNING - img_backbone.layer1.1.conv1.weight is skipped since its requires_grad=False
2026/07/27 05:59:31 - mmengine - WARNING - img_backbone.layer1.1.bn1.weight is skipped since its requires_grad=False
2026/07/27 05:59:31 - mmengine - WARNING - img_backbone.layer1.1.bn1.bias is skipped since its requires_grad=False
2026/07/27 05:59:31 - mmengine - WARNING - img_backbone.layer1.1.conv2.weight is skipped since its requires_grad=False
2026/07/27 05:59:31 - mmengine - WARNING - img_backbone.layer1.1.bn2.weight is skipped since its requires_grad=False
2026/07/27 05:59:31 - mmengine - WARNING - img_backbone.layer1.1.bn2.bias is skipped since its requires_grad=False
2026/07/27 05:59:31 - mmengine - WARNING - img_backbone.layer1.1.conv3.weight is skipped since its requires_grad=False
2026/07/27 05:59:31 - mmengine - WARNING - img_backbone.layer1.1.bn3.weight is skipped since its requires_grad=False
2026/07/27 05:59:31 - mmengine - WARNING - img_backbone.layer1.1.bn3.bias is skipped since its requires_grad=False
2026/07/27 05:59:31 - mmengine - WARNING - img_backbone.layer1.2.conv1.weight is skipped since its requires_grad=False
2026/07/27 05:59:31 - mmengine - WARNING - img_backbone.layer1.2.bn1.weight is skipped since its requires_grad=False
2026/07/27 05:59:31 - mmengine - WARNING - img_backbone.layer1.2.bn1.bias is skipped since its requires_grad=False
2026/07/27 05:59:31 - mmengine - WARNING - img_backbone.layer1.2.conv2.weight is skipped since its requires_grad=False
2026/07/27 05:59:31 - mmengine - WARNING - img_backbone.layer1.2.bn2.weight is skipped since its requires_grad=False
2026/07/27 05:59:31 - mmengine - WARNING - img_backbone.layer1.2.bn2.bias is skipped since its requires_grad=False
2026/07/27 05:59:31 - mmengine - WARNING - img_backbone.layer1.2.conv3.weight is skipped since its requires_grad=False
2026/07/27 05:59:31 - mmengine - WARNING - img_backbone.layer1.2.bn3.weight is skipped since its requires_grad=False
2026/07/27 05:59:31 - mmengine - WARNING - img_backbone.layer1.2.bn3.bias is skipped since its requires_grad=False
2026/07/27 05:59:31 - mmengine - INFO - paramwise_options -- img_backbone.layer2.0.conv1.weight:lr=2e-05
2026/07/27 05:59:31 - mmengine - INFO - paramwise_options -- img_backbone.layer2.0.conv1.weight:weight_decay=0.01
2026/07/27 05:59:31 - mmengine - INFO - paramwise_options -- img_backbone.layer2.0.conv1.weight:lr_mult=0.1
2026/07/27 05:59:31 - mmengine - WARNING - img_backbone.layer2.0.bn1.weight is skipped since its requires_grad=False
2026/07/27 05:59:31 - mmengine - WARNING - img_backbone.layer2.0.bn1.bias is skipped since its requires_grad=False
2026/07/27 05:59:31 - mmengine - INFO - paramwise_options -- img_backbone.layer2.0.conv2.weight:lr=2e-05
2026/07/27 05:59:31 - mmengine - INFO - paramwise_options -- img_backbone.layer2.0.conv2.weight:weight_decay=0.01
2026/07/27 05:59:31 - mmengine - INFO - paramwise_options -- img_backbone.layer2.0.conv2.weight:lr_mult=0.1
2026/07/27 05:59:31 - mmengine - WARNING - img_backbone.layer2.0.bn2.weight is skipped since its requires_grad=False
2026/07/27 05:59:31 - mmengine - WARNING - img_backbone.layer2.0.bn2.bias is skipped since its requires_grad=False
2026/07/27 05:59:31 - mmengine - INFO - paramwise_options -- img_backbone.layer2.0.conv3.weight:lr=2e-05
2026/07/27 05:59:31 - mmengine - INFO - paramwise_options -- img_backbone.layer2.0.conv3.weight:weight_decay=0.01
2026/07/27 05:59:31 - mmengine - INFO - paramwise_options -- img_backbone.layer2.0.conv3.weight:lr_mult=0.1
2026/07/27 05:59:31 - mmengine - WARNING - img_backbone.layer2.0.bn3.weight is skipped since its requires_grad=False
2026/07/27 05:59:31 - mmengine - WARNING - img_backbone.layer2.0.bn3.bias is skipped since its requires_grad=False
2026/07/27 05:59:31 - mmengine - INFO - paramwise_options -- img_backbone.layer2.0.downsample.0.weight:lr=2e-05
2026/07/27 05:59:31 - mmengine - INFO - paramwise_options -- img_backbone.layer2.0.downsample.0.weight:weight_decay=0.01
2026/07/27 05:59:31 - mmengine - INFO - paramwise_options -- img_backbone.layer2.0.downsample.0.weight:lr_mult=0.1
2026/07/27 05:59:31 - mmengine - WARNING - img_backbone.layer2.0.downsample.1.weight is skipped since its requires_grad=False
2026/07/27 05:59:31 - mmengine - WARNING - img_backbone.layer2.0.downsample.1.bias is skipped since its requires_grad=False
2026/07/27 05:59:31 - mmengine - INFO - paramwise_options -- img_backbone.layer2.1.conv1.weight:lr=2e-05
2026/07/27 05:59:31 - mmengine - INFO - paramwise_options -- img_backbone.layer2.1.conv1.weight:weight_decay=0.01
2026/07/27 05:59:31 - mmengine - INFO - paramwise_options -- img_backbone.layer2.1.conv1.weight:lr_mult=0.1
2026/07/27 05:59:31 - mmengine - WARNING - img_backbone.layer2.1.bn1.weight is skipped since its requires_grad=False
2026/07/27 05:59:31 - mmengine - WARNING - img_backbone.layer2.1.bn1.bias is skipped since its requires_grad=False
2026/07/27 05:59:31 - mmengine - INFO - paramwise_options -- img_backbone.layer2.1.conv2.weight:lr=2e-05
2026/07/27 05:59:31 - mmengine - INFO - paramwise_options -- img_backbone.layer2.1.conv2.weight:weight_decay=0.01
2026/07/27 05:59:31 - mmengine - INFO - paramwise_options -- img_backbone.layer2.1.conv2.weight:lr_mult=0.1
2026/07/27 05:59:31 - mmengine - WARNING - img_backbone.layer2.1.bn2.weight is skipped since its requires_grad=False
2026/07/27 05:59:31 - mmengine - WARNING - img_backbone.layer2.1.bn2.bias is skipped since its requires_grad=False
2026/07/27 05:59:31 - mmengine - INFO - paramwise_options -- img_backbone.layer2.1.conv3.weight:lr=2e-05
2026/07/27 05:59:31 - mmengine - INFO - paramwise_options -- img_backbone.layer2.1.conv3.weight:weight_decay=0.01
2026/07/27 05:59:31 - mmengine - INFO - paramwise_options -- img_backbone.layer2.1.conv3.weight:lr_mult=0.1
2026/07/27 05:59:31 - mmengine - WARNING - img_backbone.layer2.1.bn3.weight is skipped since its requires_grad=False
2026/07/27 05:59:31 - mmengine - WARNING - img_backbone.layer2.1.bn3.bias is skipped since its requires_grad=False
2026/07/27 05:59:31 - mmengine - INFO - paramwise_options -- img_backbone.layer2.2.conv1.weight:lr=2e-05
2026/07/27 05:59:31 - mmengine - INFO - paramwise_options -- img_backbone.layer2.2.conv1.weight:weight_decay=0.01
2026/07/27 05:59:31 - mmengine - INFO - paramwise_options -- img_backbone.layer2.2.conv1.weight:lr_mult=0.1
2026/07/27 05:59:31 - mmengine - WARNING - img_backbone.layer2.2.bn1.weight is skipped since its requires_grad=False
2026/07/27 05:59:31 - mmengine - WARNING - img_backbone.layer2.2.bn1.bias is skipped since its requires_grad=False
2026/07/27 05:59:31 - mmengine - INFO - paramwise_options -- img_backbone.layer2.2.conv2.weight:lr=2e-05
2026/07/27 05:59:31 - mmengine - INFO - paramwise_options -- img_backbone.layer2.2.conv2.weight:weight_decay=0.01
2026/07/27 05:59:31 - mmengine - INFO - paramwise_options -- img_backbone.layer2.2.conv2.weight:lr_mult=0.1
2026/07/27 05:59:31 - mmengine - WARNING - img_backbone.layer2.2.bn2.weight is skipped since its requires_grad=False
2026/07/27 05:59:31 - mmengine - WARNING - img_backbone.layer2.2.bn2.bias is skipped since its requires_grad=False
2026/07/27 05:59:31 - mmengine - INFO - paramwise_options -- img_backbone.layer2.2.conv3.weight:lr=2e-05
2026/07/27 05:59:31 - mmengine - INFO - paramwise_options -- img_backbone.layer2.2.conv3.weight:weight_decay=0.01
2026/07/27 05:59:31 - mmengine - INFO - paramwise_options -- img_backbone.layer2.2.conv3.weight:lr_mult=0.1
2026/07/27 05:59:31 - mmengine - WARNING - img_backbone.layer2.2.bn3.weight is skipped since its requires_grad=False
2026/07/27 05:59:31 - mmengine - WARNING - img_backbone.layer2.2.bn3.bias is skipped since its requires_grad=False
2026/07/27 05:59:31 - mmengine - INFO - paramwise_options -- img_backbone.layer2.3.conv1.weight:lr=2e-05
2026/07/27 05:59:31 - mmengine - INFO - paramwise_options -- img_backbone.layer2.3.conv1.weight:weight_decay=0.01
2026/07/27 05:59:31 - mmengine - INFO - paramwise_options -- img_backbone.layer2.3.conv1.weight:lr_mult=0.1
2026/07/27 05:59:31 - mmengine - WARNING - img_backbone.layer2.3.bn1.weight is skipped since its requires_grad=False
2026/07/27 05:59:31 - mmengine - WARNING - img_backbone.layer2.3.bn1.bias is skipped since its requires_grad=False
2026/07/27 05:59:31 - mmengine - INFO - paramwise_options -- img_backbone.layer2.3.conv2.weight:lr=2e-05
2026/07/27 05:59:31 - mmengine - INFO - paramwise_options -- img_backbone.layer2.3.conv2.weight:weight_decay=0.01
2026/07/27 05:59:31 - mmengine - INFO - paramwise_options -- img_backbone.layer2.3.conv2.weight:lr_mult=0.1
2026/07/27 05:59:31 - mmengine - WARNING - img_backbone.layer2.3.bn2.weight is skipped since its requires_grad=False
2026/07/27 05:59:31 - mmengine - WARNING - img_backbone.layer2.3.bn2.bias is skipped since its requires_grad=False
2026/07/27 05:59:31 - mmengine - INFO - paramwise_options -- img_backbone.layer2.3.conv3.weight:lr=2e-05
2026/07/27 05:59:31 - mmengine - INFO - paramwise_options -- img_backbone.layer2.3.conv3.weight:weight_decay=0.01
2026/07/27 05:59:31 - mmengine - INFO - paramwise_options -- img_backbone.layer2.3.conv3.weight:lr_mult=0.1
2026/07/27 05:59:31 - mmengine - WARNING - img_backbone.layer2.3.bn3.weight is skipped since its requires_grad=False
2026/07/27 05:59:31 - mmengine - WARNING - img_backbone.layer2.3.bn3.bias is skipped since its requires_grad=False
2026/07/27 05:59:31 - mmengine - INFO - paramwise_options -- img_backbone.layer3.0.conv1.weight:lr=2e-05
2026/07/27 05:59:31 - mmengine - INFO - paramwise_options -- img_backbone.layer3.0.conv1.weight:weight_decay=0.01
2026/07/27 05:59:31 - mmengine - INFO - paramwise_options -- img_backbone.layer3.0.conv1.weight:lr_mult=0.1
2026/07/27 05:59:31 - mmengine - WARNING - img_backbone.layer3.0.bn1.weight is skipped since its requires_grad=False
2026/07/27 05:59:31 - mmengine - WARNING - img_backbone.layer3.0.bn1.bias is skipped since its requires_grad=False
2026/07/27 05:59:31 - mmengine - INFO - paramwise_options -- img_backbone.layer3.0.conv2.weight:lr=2e-05
2026/07/27 05:59:31 - mmengine - INFO - paramwise_options -- img_backbone.layer3.0.conv2.weight:weight_decay=0.01
2026/07/27 05:59:31 - mmengine - INFO - paramwise_options -- img_backbone.layer3.0.conv2.weight:lr_mult=0.1
2026/07/27 05:59:31 - mmengine - INFO - paramwise_options -- img_backbone.layer3.0.conv2.conv_offset.weight:lr=2e-05
2026/07/27 05:59:31 - mmengine - INFO - paramwise_options -- img_backbone.layer3.0.conv2.conv_offset.weight:weight_decay=0.01
2026/07/27 05:59:31 - mmengine - INFO - paramwise_options -- img_backbone.layer3.0.conv2.conv_offset.weight:lr_mult=0.1
2026/07/27 05:59:31 - mmengine - INFO - paramwise_options -- img_backbone.layer3.0.conv2.conv_offset.bias:lr=2e-05
2026/07/27 05:59:31 - mmengine - INFO - paramwise_options -- img_backbone.layer3.0.conv2.conv_offset.bias:weight_decay=0.01
2026/07/27 05:59:31 - mmengine - INFO - paramwise_options -- img_backbone.layer3.0.conv2.conv_offset.bias:lr_mult=0.1
2026/07/27 05:59:31 - mmengine - WARNING - img_backbone.layer3.0.bn2.weight is skipped since its requires_grad=False
2026/07/27 05:59:31 - mmengine - WARNING - img_backbone.layer3.0.bn2.bias is skipped since its requires_grad=False
2026/07/27 05:59:31 - mmengine - INFO - paramwise_options -- img_backbone.layer3.0.conv3.weight:lr=2e-05
2026/07/27 05:59:31 - mmengine - INFO - paramwise_options -- img_backbone.layer3.0.conv3.weight:weight_decay=0.01
2026/07/27 05:59:31 - mmengine - INFO - paramwise_options -- img_backbone.layer3.0.conv3.weight:lr_mult=0.1
2026/07/27 05:59:31 - mmengine - WARNING - img_backbone.layer3.0.bn3.weight is skipped since its requires_grad=False
2026/07/27 05:59:31 - mmengine - WARNING - img_backbone.layer3.0.bn3.bias is skipped since its requires_grad=False
2026/07/27 05:59:31 - mmengine - INFO - paramwise_options -- img_backbone.layer3.0.downsample.0.weight:lr=2e-05
2026/07/27 05:59:31 - mmengine - INFO - paramwise_options -- img_backbone.layer3.0.downsample.0.weight:weight_decay=0.01
2026/07/27 05:59:31 - mmengine - INFO - paramwise_options -- img_backbone.layer3.0.downsample.0.weight:lr_mult=0.1
2026/07/27 05:59:31 - mmengine - WARNING - img_backbone.layer3.0.downsample.1.weight is skipped since its requires_grad=False
2026/07/27 05:59:31 - mmengine - WARNING - img_backbone.layer3.0.downsample.1.bias is skipped since its requires_grad=False
2026/07/27 05:59:31 - mmengine - INFO - paramwise_options -- img_backbone.layer3.1.conv1.weight:lr=2e-05
2026/07/27 05:59:31 - mmengine - INFO - paramwise_options -- img_backbone.layer3.1.conv1.weight:weight_decay=0.01
2026/07/27 05:59:31 - mmengine - INFO - paramwise_options -- img_backbone.layer3.1.conv1.weight:lr_mult=0.1
2026/07/27 05:59:31 - mmengine - WARNING - img_backbone.layer3.1.bn1.weight is skipped since its requires_grad=False
2026/07/27 05:59:31 - mmengine - WARNING - img_backbone.layer3.1.bn1.bias is skipped since its requires_grad=False
2026/07/27 05:59:31 - mmengine - INFO - paramwise_options -- img_backbone.layer3.1.conv2.weight:lr=2e-05
2026/07/27 05:59:31 - mmengine - INFO - paramwise_options -- img_backbone.layer3.1.conv2.weight:weight_decay=0.01
2026/07/27 05:59:31 - mmengine - INFO - paramwise_options -- img_backbone.layer3.1.conv2.weight:lr_mult=0.1
2026/07/27 05:59:31 - mmengine - INFO - paramwise_options -- img_backbone.layer3.1.conv2.conv_offset.weight:lr=2e-05
2026/07/27 05:59:31 - mmengine - INFO - paramwise_options -- img_backbone.layer3.1.conv2.conv_offset.weight:weight_decay=0.01
2026/07/27 05:59:31 - mmengine - INFO - paramwise_options -- img_backbone.layer3.1.conv2.conv_offset.weight:lr_mult=0.1
2026/07/27 05:59:31 - mmengine - INFO - paramwise_options -- img_backbone.layer3.1.conv2.conv_offset.bias:lr=2e-05
2026/07/27 05:59:31 - mmengine - INFO - paramwise_options -- img_backbone.layer3.1.conv2.conv_offset.bias:weight_decay=0.01
2026/07/27 05:59:31 - mmengine - INFO - paramwise_options -- img_backbone.layer3.1.conv2.conv_offset.bias:lr_mult=0.1
2026/07/27 05:59:31 - mmengine - WARNING - img_backbone.layer3.1.bn2.weight is skipped since its requires_grad=False
2026/07/27 05:59:31 - mmengine - WARNING - img_backbone.layer3.1.bn2.bias is skipped since its requires_grad=False
2026/07/27 05:59:31 - mmengine - INFO - paramwise_options -- img_backbone.layer3.1.conv3.weight:lr=2e-05
2026/07/27 05:59:31 - mmengine - INFO - paramwise_options -- img_backbone.layer3.1.conv3.weight:weight_decay=0.01
2026/07/27 05:59:31 - mmengine - INFO - paramwise_options -- img_backbone.layer3.1.conv3.weight:lr_mult=0.1
2026/07/27 05:59:31 - mmengine - WARNING - img_backbone.layer3.1.bn3.weight is skipped since its requires_grad=False
2026/07/27 05:59:31 - mmengine - WARNING - img_backbone.layer3.1.bn3.bias is skipped since its requires_grad=False
2026/07/27 05:59:31 - mmengine - INFO - paramwise_options -- img_backbone.layer3.2.conv1.weight:lr=2e-05
2026/07/27 05:59:31 - mmengine - INFO - paramwise_options -- img_backbone.layer3.2.conv1.weight:weight_decay=0.01
2026/07/27 05:59:31 - mmengine - INFO - paramwise_options -- img_backbone.layer3.2.conv1.weight:lr_mult=0.1
2026/07/27 05:59:31 - mmengine - WARNING - img_backbone.layer3.2.bn1.weight is skipped since its requires_grad=False
2026/07/27 05:59:31 - mmengine - WARNING - img_backbone.layer3.2.bn1.bias is skipped since its requires_grad=False
2026/07/27 05:59:31 - mmengine - INFO - paramwise_options -- img_backbone.layer3.2.conv2.weight:lr=2e-05
2026/07/27 05:59:31 - mmengine - INFO - paramwise_options -- img_backbone.layer3.2.conv2.weight:weight_decay=0.01
2026/07/27 05:59:31 - mmengine - INFO - paramwise_options -- img_backbone.layer3.2.conv2.weight:lr_mult=0.1
2026/07/27 05:59:31 - mmengine - INFO - paramwise_options -- img_backbone.layer3.2.conv2.conv_offset.weight:lr=2e-05
2026/07/27 05:59:31 - mmengine - INFO - paramwise_options -- img_backbone.layer3.2.conv2.conv_offset.weight:weight_decay=0.01
2026/07/27 05:59:31 - mmengine - INFO - paramwise_options -- img_backbone.layer3.2.conv2.conv_offset.weight:lr_mult=0.1
2026/07/27 05:59:31 - mmengine - INFO - paramwise_options -- img_backbone.layer3.2.conv2.conv_offset.bias:lr=2e-05
2026/07/27 05:59:31 - mmengine - INFO - paramwise_options -- img_backbone.layer3.2.conv2.conv_offset.bias:weight_decay=0.01
2026/07/27 05:59:31 - mmengine - INFO - paramwise_options -- img_backbone.layer3.2.conv2.conv_offset.bias:lr_mult=0.1
2026/07/27 05:59:31 - mmengine - WARNING - img_backbone.layer3.2.bn2.weight is skipped since its requires_grad=False
2026/07/27 05:59:31 - mmengine - WARNING - img_backbone.layer3.2.bn2.bias is skipped since its requires_grad=False
2026/07/27 05:59:31 - mmengine - INFO - paramwise_options -- img_backbone.layer3.2.conv3.weight:lr=2e-05
2026/07/27 05:59:31 - mmengine - INFO - paramwise_options -- img_backbone.layer3.2.conv3.weight:weight_decay=0.01
2026/07/27 05:59:31 - mmengine - INFO - paramwise_options -- img_backbone.layer3.2.conv3.weight:lr_mult=0.1
2026/07/27 05:59:31 - mmengine - WARNING - img_backbone.layer3.2.bn3.weight is skipped since its requires_grad=False
2026/07/27 05:59:31 - mmengine - WARNING - img_backbone.layer3.2.bn3.bias is skipped since its requires_grad=False
2026/07/27 05:59:31 - mmengine - INFO - paramwise_options -- img_backbone.layer3.3.conv1.weight:lr=2e-05
2026/07/27 05:59:31 - mmengine - INFO - paramwise_options -- img_backbone.layer3.3.conv1.weight:weight_decay=0.01
2026/07/27 05:59:31 - mmengine - INFO - paramwise_options -- img_backbone.layer3.3.conv1.weight:lr_mult=0.1
2026/07/27 05:59:31 - mmengine - WARNING - img_backbone.layer3.3.bn1.weight is skipped since its requires_grad=False
2026/07/27 05:59:31 - mmengine - WARNING - img_backbone.layer3.3.bn1.bias is skipped since its requires_grad=False
2026/07/27 05:59:31 - mmengine - INFO - paramwise_options -- img_backbone.layer3.3.conv2.weight:lr=2e-05
2026/07/27 05:59:31 - mmengine - INFO - paramwise_options -- img_backbone.layer3.3.conv2.weight:weight_decay=0.01
2026/07/27 05:59:31 - mmengine - INFO - paramwise_options -- img_backbone.layer3.3.conv2.weight:lr_mult=0.1
2026/07/27 05:59:31 - mmengine - INFO - paramwise_options -- img_backbone.layer3.3.conv2.conv_offset.weight:lr=2e-05
2026/07/27 05:59:31 - mmengine - INFO - paramwise_options -- img_backbone.layer3.3.conv2.conv_offset.weight:weight_decay=0.01
2026/07/27 05:59:31 - mmengine - INFO - paramwise_options -- img_backbone.layer3.3.conv2.conv_offset.weight:lr_mult=0.1
2026/07/27 05:59:31 - mmengine - INFO - paramwise_options -- img_backbone.layer3.3.conv2.conv_offset.bias:lr=2e-05
2026/07/27 05:59:31 - mmengine - INFO - paramwise_options -- img_backbone.layer3.3.conv2.conv_offset.bias:weight_decay=0.01
2026/07/27 05:59:31 - mmengine - INFO - paramwise_options -- img_backbone.layer3.3.conv2.conv_offset.bias:lr_mult=0.1
2026/07/27 05:59:31 - mmengine - WARNING - img_backbone.layer3.3.bn2.weight is skipped since its requires_grad=False
2026/07/27 05:59:31 - mmengine - WARNING - img_backbone.layer3.3.bn2.bias is skipped since its requires_grad=False
2026/07/27 05:59:31 - mmengine - INFO - paramwise_options -- img_backbone.layer3.3.conv3.weight:lr=2e-05
2026/07/27 05:59:31 - mmengine - INFO - paramwise_options -- img_backbone.layer3.3.conv3.weight:weight_decay=0.01
2026/07/27 05:59:31 - mmengine - INFO - paramwise_options -- img_backbone.layer3.3.conv3.weight:lr_mult=0.1
2026/07/27 05:59:31 - mmengine - WARNING - img_backbone.layer3.3.bn3.weight is skipped since its requires_grad=False
2026/07/27 05:59:31 - mmengine - WARNING - img_backbone.layer3.3.bn3.bias is skipped since its requires_grad=False
2026/07/27 05:59:31 - mmengine - INFO - paramwise_options -- img_backbone.layer3.4.conv1.weight:lr=2e-05
2026/07/27 05:59:31 - mmengine - INFO - paramwise_options -- img_backbone.layer3.4.conv1.weight:weight_decay=0.01
2026/07/27 05:59:31 - mmengine - INFO - paramwise_options -- img_backbone.layer3.4.conv1.weight:lr_mult=0.1
2026/07/27 05:59:31 - mmengine - WARNING - img_backbone.layer3.4.bn1.weight is skipped since its requires_grad=False
2026/07/27 05:59:31 - mmengine - WARNING - img_backbone.layer3.4.bn1.bias is skipped since its requires_grad=False
2026/07/27 05:59:31 - mmengine - INFO - paramwise_options -- img_backbone.layer3.4.conv2.weight:lr=2e-05
2026/07/27 05:59:31 - mmengine - INFO - paramwise_options -- img_backbone.layer3.4.conv2.weight:weight_decay=0.01
2026/07/27 05:59:31 - mmengine - INFO - paramwise_options -- img_backbone.layer3.4.conv2.weight:lr_mult=0.1
2026/07/27 05:59:31 - mmengine - INFO - paramwise_options -- img_backbone.layer3.4.conv2.conv_offset.weight:lr=2e-05
2026/07/27 05:59:31 - mmengine - INFO - paramwise_options -- img_backbone.layer3.4.conv2.conv_offset.weight:weight_decay=0.01
2026/07/27 05:59:31 - mmengine - INFO - paramwise_options -- img_backbone.layer3.4.conv2.conv_offset.weight:lr_mult=0.1
2026/07/27 05:59:31 - mmengine - INFO - paramwise_options -- img_backbone.layer3.4.conv2.conv_offset.bias:lr=2e-05
2026/07/27 05:59:31 - mmengine - INFO - paramwise_options -- img_backbone.layer3.4.conv2.conv_offset.bias:weight_decay=0.01
2026/07/27 05:59:31 - mmengine - INFO - paramwise_options -- img_backbone.layer3.4.conv2.conv_offset.bias:lr_mult=0.1
2026/07/27 05:59:31 - mmengine - WARNING - img_backbone.layer3.4.bn2.weight is skipped since its requires_grad=False
2026/07/27 05:59:31 - mmengine - WARNING - img_backbone.layer3.4.bn2.bias is skipped since its requires_grad=False
2026/07/27 05:59:31 - mmengine - INFO - paramwise_options -- img_backbone.layer3.4.conv3.weight:lr=2e-05
2026/07/27 05:59:31 - mmengine - INFO - paramwise_options -- img_backbone.layer3.4.conv3.weight:weight_decay=0.01
2026/07/27 05:59:31 - mmengine - INFO - paramwise_options -- img_backbone.layer3.4.conv3.weight:lr_mult=0.1
2026/07/27 05:59:31 - mmengine - WARNING - img_backbone.layer3.4.bn3.weight is skipped since its requires_grad=False
2026/07/27 05:59:31 - mmengine - WARNING - img_backbone.layer3.4.bn3.bias is skipped since its requires_grad=False
2026/07/27 05:59:31 - mmengine - INFO - paramwise_options -- img_backbone.layer3.5.conv1.weight:lr=2e-05
2026/07/27 05:59:31 - mmengine - INFO - paramwise_options -- img_backbone.layer3.5.conv1.weight:weight_decay=0.01
2026/07/27 05:59:31 - mmengine - INFO - paramwise_options -- img_backbone.layer3.5.conv1.weight:lr_mult=0.1
2026/07/27 05:59:31 - mmengine - WARNING - img_backbone.layer3.5.bn1.weight is skipped since its requires_grad=False
2026/07/27 05:59:31 - mmengine - WARNING - img_backbone.layer3.5.bn1.bias is skipped since its requires_grad=False
2026/07/27 05:59:31 - mmengine - INFO - paramwise_options -- img_backbone.layer3.5.conv2.weight:lr=2e-05
2026/07/27 05:59:31 - mmengine - INFO - paramwise_options -- img_backbone.layer3.5.conv2.weight:weight_decay=0.01
2026/07/27 05:59:31 - mmengine - INFO - paramwise_options -- img_backbone.layer3.5.conv2.weight:lr_mult=0.1
2026/07/27 05:59:31 - mmengine - INFO - paramwise_options -- img_backbone.layer3.5.conv2.conv_offset.weight:lr=2e-05
2026/07/27 05:59:31 - mmengine - INFO - paramwise_options -- img_backbone.layer3.5.conv2.conv_offset.weight:weight_decay=0.01
2026/07/27 05:59:31 - mmengine - INFO - paramwise_options -- img_backbone.layer3.5.conv2.conv_offset.weight:lr_mult=0.1
2026/07/27 05:59:31 - mmengine - INFO - paramwise_options -- img_backbone.layer3.5.conv2.conv_offset.bias:lr=2e-05
2026/07/27 05:59:31 - mmengine - INFO - paramwise_options -- img_backbone.layer3.5.conv2.conv_offset.bias:weight_decay=0.01
2026/07/27 05:59:31 - mmengine - INFO - paramwise_options -- img_backbone.layer3.5.conv2.conv_offset.bias:lr_mult=0.1
2026/07/27 05:59:31 - mmengine - WARNING - img_backbone.layer3.5.bn2.weight is skipped since its requires_grad=False
2026/07/27 05:59:31 - mmengine - WARNING - img_backbone.layer3.5.bn2.bias is skipped since its requires_grad=False
2026/07/27 05:59:31 - mmengine - INFO - paramwise_options -- img_backbone.layer3.5.conv3.weight:lr=2e-05
2026/07/27 05:59:31 - mmengine - INFO - paramwise_options -- img_backbone.layer3.5.conv3.weight:weight_decay=0.01
2026/07/27 05:59:31 - mmengine - INFO - paramwise_options -- img_backbone.layer3.5.conv3.weight:lr_mult=0.1
2026/07/27 05:59:31 - mmengine - WARNING - img_backbone.layer3.5.bn3.weight is skipped since its requires_grad=False
2026/07/27 05:59:31 - mmengine - WARNING - img_backbone.layer3.5.bn3.bias is skipped since its requires_grad=False
2026/07/27 05:59:31 - mmengine - INFO - paramwise_options -- img_backbone.layer3.6.conv1.weight:lr=2e-05
2026/07/27 05:59:31 - mmengine - INFO - paramwise_options -- img_backbone.layer3.6.conv1.weight:weight_decay=0.01
2026/07/27 05:59:31 - mmengine - INFO - paramwise_options -- img_backbone.layer3.6.conv1.weight:lr_mult=0.1
2026/07/27 05:59:31 - mmengine - WARNING - img_backbone.layer3.6.bn1.weight is skipped since its requires_grad=False
2026/07/27 05:59:31 - mmengine - WARNING - img_backbone.layer3.6.bn1.bias is skipped since its requires_grad=False
2026/07/27 05:59:31 - mmengine - INFO - paramwise_options -- img_backbone.layer3.6.conv2.weight:lr=2e-05
2026/07/27 05:59:31 - mmengine - INFO - paramwise_options -- img_backbone.layer3.6.conv2.weight:weight_decay=0.01
2026/07/27 05:59:31 - mmengine - INFO - paramwise_options -- img_backbone.layer3.6.conv2.weight:lr_mult=0.1
2026/07/27 05:59:31 - mmengine - INFO - paramwise_options -- img_backbone.layer3.6.conv2.conv_offset.weight:lr=2e-05
2026/07/27 05:59:31 - mmengine - INFO - paramwise_options -- img_backbone.layer3.6.conv2.conv_offset.weight:weight_decay=0.01
2026/07/27 05:59:31 - mmengine - INFO - paramwise_options -- img_backbone.layer3.6.conv2.conv_offset.weight:lr_mult=0.1
2026/07/27 05:59:31 - mmengine - INFO - paramwise_options -- img_backbone.layer3.6.conv2.conv_offset.bias:lr=2e-05
2026/07/27 05:59:31 - mmengine - INFO - paramwise_options -- img_backbone.layer3.6.conv2.conv_offset.bias:weight_decay=0.01
2026/07/27 05:59:31 - mmengine - INFO - paramwise_options -- img_backbone.layer3.6.conv2.conv_offset.bias:lr_mult=0.1
2026/07/27 05:59:31 - mmengine - WARNING - img_backbone.layer3.6.bn2.weight is skipped since its requires_grad=False
2026/07/27 05:59:31 - mmengine - WARNING - img_backbone.layer3.6.bn2.bias is skipped since its requires_grad=False
2026/07/27 05:59:31 - mmengine - INFO - paramwise_options -- img_backbone.layer3.6.conv3.weight:lr=2e-05
2026/07/27 05:59:31 - mmengine - INFO - paramwise_options -- img_backbone.layer3.6.conv3.weight:weight_decay=0.01
2026/07/27 05:59:31 - mmengine - INFO - paramwise_options -- img_backbone.layer3.6.conv3.weight:lr_mult=0.1
2026/07/27 05:59:31 - mmengine - WARNING - img_backbone.layer3.6.bn3.weight is skipped since its requires_grad=False
2026/07/27 05:59:31 - mmengine - WARNING - img_backbone.layer3.6.bn3.bias is skipped since its requires_grad=False
2026/07/27 05:59:31 - mmengine - INFO - paramwise_options -- img_backbone.layer3.7.conv1.weight:lr=2e-05
2026/07/27 05:59:31 - mmengine - INFO - paramwise_options -- img_backbone.layer3.7.conv1.weight:weight_decay=0.01
2026/07/27 05:59:31 - mmengine - INFO - paramwise_options -- img_backbone.layer3.7.conv1.weight:lr_mult=0.1
2026/07/27 05:59:31 - mmengine - WARNING - img_backbone.layer3.7.bn1.weight is skipped since its requires_grad=False
2026/07/27 05:59:31 - mmengine - WARNING - img_backbone.layer3.7.bn1.bias is skipped since its requires_grad=False
2026/07/27 05:59:31 - mmengine - INFO - paramwise_options -- img_backbone.layer3.7.conv2.weight:lr=2e-05
2026/07/27 05:59:31 - mmengine - INFO - paramwise_options -- img_backbone.layer3.7.conv2.weight:weight_decay=0.01
2026/07/27 05:59:31 - mmengine - INFO - paramwise_options -- img_backbone.layer3.7.conv2.weight:lr_mult=0.1
2026/07/27 05:59:31 - mmengine - INFO - paramwise_options -- img_backbone.layer3.7.conv2.conv_offset.weight:lr=2e-05
2026/07/27 05:59:31 - mmengine - INFO - paramwise_options -- img_backbone.layer3.7.conv2.conv_offset.weight:weight_decay=0.01
2026/07/27 05:59:31 - mmengine - INFO - paramwise_options -- img_backbone.layer3.7.conv2.conv_offset.weight:lr_mult=0.1
2026/07/27 05:59:31 - mmengine - INFO - paramwise_options -- img_backbone.layer3.7.conv2.conv_offset.bias:lr=2e-05
2026/07/27 05:59:31 - mmengine - INFO - paramwise_options -- img_backbone.layer3.7.conv2.conv_offset.bias:weight_decay=0.01
2026/07/27 05:59:31 - mmengine - INFO - paramwise_options -- img_backbone.layer3.7.conv2.conv_offset.bias:lr_mult=0.1
2026/07/27 05:59:31 - mmengine - WARNING - img_backbone.layer3.7.bn2.weight is skipped since its requires_grad=False
2026/07/27 05:59:31 - mmengine - WARNING - img_backbone.layer3.7.bn2.bias is skipped since its requires_grad=False
2026/07/27 05:59:31 - mmengine - INFO - paramwise_options -- img_backbone.layer3.7.conv3.weight:lr=2e-05
2026/07/27 05:59:31 - mmengine - INFO - paramwise_options -- img_backbone.layer3.7.conv3.weight:weight_decay=0.01
2026/07/27 05:59:31 - mmengine - INFO - paramwise_options -- img_backbone.layer3.7.conv3.weight:lr_mult=0.1
2026/07/27 05:59:31 - mmengine - WARNING - img_backbone.layer3.7.bn3.weight is skipped since its requires_grad=False
2026/07/27 05:59:31 - mmengine - WARNING - img_backbone.layer3.7.bn3.bias is skipped since its requires_grad=False
2026/07/27 05:59:31 - mmengine - INFO - paramwise_options -- img_backbone.layer3.8.conv1.weight:lr=2e-05
2026/07/27 05:59:31 - mmengine - INFO - paramwise_options -- img_backbone.layer3.8.conv1.weight:weight_decay=0.01
2026/07/27 05:59:31 - mmengine - INFO - paramwise_options -- img_backbone.layer3.8.conv1.weight:lr_mult=0.1
2026/07/27 05:59:31 - mmengine - WARNING - img_backbone.layer3.8.bn1.weight is skipped since its requires_grad=False
2026/07/27 05:59:31 - mmengine - WARNING - img_backbone.layer3.8.bn1.bias is skipped since its requires_grad=False
2026/07/27 05:59:31 - mmengine - INFO - paramwise_options -- img_backbone.layer3.8.conv2.weight:lr=2e-05
2026/07/27 05:59:31 - mmengine - INFO - paramwise_options -- img_backbone.layer3.8.conv2.weight:weight_decay=0.01
2026/07/27 05:59:31 - mmengine - INFO - paramwise_options -- img_backbone.layer3.8.conv2.weight:lr_mult=0.1
2026/07/27 05:59:31 - mmengine - INFO - paramwise_options -- img_backbone.layer3.8.conv2.conv_offset.weight:lr=2e-05
2026/07/27 05:59:31 - mmengine - INFO - paramwise_options -- img_backbone.layer3.8.conv2.conv_offset.weight:weight_decay=0.01
2026/07/27 05:59:31 - mmengine - INFO - paramwise_options -- img_backbone.layer3.8.conv2.conv_offset.weight:lr_mult=0.1
2026/07/27 05:59:31 - mmengine - INFO - paramwise_options -- img_backbone.layer3.8.conv2.conv_offset.bias:lr=2e-05
2026/07/27 05:59:31 - mmengine - INFO - paramwise_options -- img_backbone.layer3.8.conv2.conv_offset.bias:weight_decay=0.01
2026/07/27 05:59:31 - mmengine - INFO - paramwise_options -- img_backbone.layer3.8.conv2.conv_offset.bias:lr_mult=0.1
2026/07/27 05:59:31 - mmengine - WARNING - img_backbone.layer3.8.bn2.weight is skipped since its requires_grad=False
2026/07/27 05:59:31 - mmengine - WARNING - img_backbone.layer3.8.bn2.bias is skipped since its requires_grad=False
2026/07/27 05:59:31 - mmengine - INFO - paramwise_options -- img_backbone.layer3.8.conv3.weight:lr=2e-05
2026/07/27 05:59:31 - mmengine - INFO - paramwise_options -- img_backbone.layer3.8.conv3.weight:weight_decay=0.01
2026/07/27 05:59:31 - mmengine - INFO - paramwise_options -- img_backbone.layer3.8.conv3.weight:lr_mult=0.1
2026/07/27 05:59:31 - mmengine - WARNING - img_backbone.layer3.8.bn3.weight is skipped since its requires_grad=False
2026/07/27 05:59:31 - mmengine - WARNING - img_backbone.layer3.8.bn3.bias is skipped since its requires_grad=False
2026/07/27 05:59:31 - mmengine - INFO - paramwise_options -- img_backbone.layer3.9.conv1.weight:lr=2e-05
2026/07/27 05:59:31 - mmengine - INFO - paramwise_options -- img_backbone.layer3.9.conv1.weight:weight_decay=0.01
2026/07/27 05:59:31 - mmengine - INFO - paramwise_options -- img_backbone.layer3.9.conv1.weight:lr_mult=0.1
2026/07/27 05:59:31 - mmengine - WARNING - img_backbone.layer3.9.bn1.weight is skipped since its requires_grad=False
2026/07/27 05:59:31 - mmengine - WARNING - img_backbone.layer3.9.bn1.bias is skipped since its requires_grad=False
2026/07/27 05:59:31 - mmengine - INFO - paramwise_options -- img_backbone.layer3.9.conv2.weight:lr=2e-05
2026/07/27 05:59:31 - mmengine - INFO - paramwise_options -- img_backbone.layer3.9.conv2.weight:weight_decay=0.01
2026/07/27 05:59:31 - mmengine - INFO - paramwise_options -- img_backbone.layer3.9.conv2.weight:lr_mult=0.1
2026/07/27 05:59:31 - mmengine - INFO - paramwise_options -- img_backbone.layer3.9.conv2.conv_offset.weight:lr=2e-05
2026/07/27 05:59:31 - mmengine - INFO - paramwise_options -- img_backbone.layer3.9.conv2.conv_offset.weight:weight_decay=0.01
2026/07/27 05:59:31 - mmengine - INFO - paramwise_options -- img_backbone.layer3.9.conv2.conv_offset.weight:lr_mult=0.1
2026/07/27 05:59:31 - mmengine - INFO - paramwise_options -- img_backbone.layer3.9.conv2.conv_offset.bias:lr=2e-05
2026/07/27 05:59:31 - mmengine - INFO - paramwise_options -- img_backbone.layer3.9.conv2.conv_offset.bias:weight_decay=0.01
2026/07/27 05:59:31 - mmengine - INFO - paramwise_options -- img_backbone.layer3.9.conv2.conv_offset.bias:lr_mult=0.1
2026/07/27 05:59:31 - mmengine - WARNING - img_backbone.layer3.9.bn2.weight is skipped since its requires_grad=False
2026/07/27 05:59:31 - mmengine - WARNING - img_backbone.layer3.9.bn2.bias is skipped since its requires_grad=False
2026/07/27 05:59:31 - mmengine - INFO - paramwise_options -- img_backbone.layer3.9.conv3.weight:lr=2e-05
2026/07/27 05:59:31 - mmengine - INFO - paramwise_options -- img_backbone.layer3.9.conv3.weight:weight_decay=0.01
2026/07/27 05:59:31 - mmengine - INFO - paramwise_options -- img_backbone.layer3.9.conv3.weight:lr_mult=0.1
2026/07/27 05:59:31 - mmengine - WARNING - img_backbone.layer3.9.bn3.weight is skipped since its requires_grad=False
2026/07/27 05:59:31 - mmengine - WARNING - img_backbone.layer3.9.bn3.bias is skipped since its requires_grad=False
2026/07/27 05:59:31 - mmengine - INFO - paramwise_options -- img_backbone.layer3.10.conv1.weight:lr=2e-05
2026/07/27 05:59:31 - mmengine - INFO - paramwise_options -- img_backbone.layer3.10.conv1.weight:weight_decay=0.01
2026/07/27 05:59:31 - mmengine - INFO - paramwise_options -- img_backbone.layer3.10.conv1.weight:lr_mult=0.1
2026/07/27 05:59:31 - mmengine - WARNING - img_backbone.layer3.10.bn1.weight is skipped since its requires_grad=False
2026/07/27 05:59:31 - mmengine - WARNING - img_backbone.layer3.10.bn1.bias is skipped since its requires_grad=False
2026/07/27 05:59:31 - mmengine - INFO - paramwise_options -- img_backbone.layer3.10.conv2.weight:lr=2e-05
2026/07/27 05:59:31 - mmengine - INFO - paramwise_options -- img_backbone.layer3.10.conv2.weight:weight_decay=0.01
2026/07/27 05:59:31 - mmengine - INFO - paramwise_options -- img_backbone.layer3.10.conv2.weight:lr_mult=0.1
2026/07/27 05:59:31 - mmengine - INFO - paramwise_options -- img_backbone.layer3.10.conv2.conv_offset.weight:lr=2e-05
2026/07/27 05:59:31 - mmengine - INFO - paramwise_options -- img_backbone.layer3.10.conv2.conv_offset.weight:weight_decay=0.01
2026/07/27 05:59:31 - mmengine - INFO - paramwise_options -- img_backbone.layer3.10.conv2.conv_offset.weight:lr_mult=0.1
2026/07/27 05:59:31 - mmengine - INFO - paramwise_options -- img_backbone.layer3.10.conv2.conv_offset.bias:lr=2e-05
2026/07/27 05:59:31 - mmengine - INFO - paramwise_options -- img_backbone.layer3.10.conv2.conv_offset.bias:weight_decay=0.01
2026/07/27 05:59:31 - mmengine - INFO - paramwise_options -- img_backbone.layer3.10.conv2.conv_offset.bias:lr_mult=0.1
2026/07/27 05:59:31 - mmengine - WARNING - img_backbone.layer3.10.bn2.weight is skipped since its requires_grad=False
2026/07/27 05:59:31 - mmengine - WARNING - img_backbone.layer3.10.bn2.bias is skipped since its requires_grad=False
2026/07/27 05:59:31 - mmengine - INFO - paramwise_options -- img_backbone.layer3.10.conv3.weight:lr=2e-05
2026/07/27 05:59:31 - mmengine - INFO - paramwise_options -- img_backbone.layer3.10.conv3.weight:weight_decay=0.01
2026/07/27 05:59:31 - mmengine - INFO - paramwise_options -- img_backbone.layer3.10.conv3.weight:lr_mult=0.1
2026/07/27 05:59:31 - mmengine - WARNING - img_backbone.layer3.10.bn3.weight is skipped since its requires_grad=False
2026/07/27 05:59:31 - mmengine - WARNING - img_backbone.layer3.10.bn3.bias is skipped since its requires_grad=False
2026/07/27 05:59:31 - mmengine - INFO - paramwise_options -- img_backbone.layer3.11.conv1.weight:lr=2e-05
2026/07/27 05:59:31 - mmengine - INFO - paramwise_options -- img_backbone.layer3.11.conv1.weight:weight_decay=0.01
2026/07/27 05:59:31 - mmengine - INFO - paramwise_options -- img_backbone.layer3.11.conv1.weight:lr_mult=0.1
2026/07/27 05:59:31 - mmengine - WARNING - img_backbone.layer3.11.bn1.weight is skipped since its requires_grad=False
2026/07/27 05:59:31 - mmengine - WARNING - img_backbone.layer3.11.bn1.bias is skipped since its requires_grad=False
2026/07/27 05:59:31 - mmengine - INFO - paramwise_options -- img_backbone.layer3.11.conv2.weight:lr=2e-05
2026/07/27 05:59:31 - mmengine - INFO - paramwise_options -- img_backbone.layer3.11.conv2.weight:weight_decay=0.01
2026/07/27 05:59:31 - mmengine - INFO - paramwise_options -- img_backbone.layer3.11.conv2.weight:lr_mult=0.1
2026/07/27 05:59:31 - mmengine - INFO - paramwise_options -- img_backbone.layer3.11.conv2.conv_offset.weight:lr=2e-05
2026/07/27 05:59:31 - mmengine - INFO - paramwise_options -- img_backbone.layer3.11.conv2.conv_offset.weight:weight_decay=0.01
2026/07/27 05:59:31 - mmengine - INFO - paramwise_options -- img_backbone.layer3.11.conv2.conv_offset.weight:lr_mult=0.1
2026/07/27 05:59:31 - mmengine - INFO - paramwise_options -- img_backbone.layer3.11.conv2.conv_offset.bias:lr=2e-05
2026/07/27 05:59:31 - mmengine - INFO - paramwise_options -- img_backbone.layer3.11.conv2.conv_offset.bias:weight_decay=0.01
2026/07/27 05:59:31 - mmengine - INFO - paramwise_options -- img_backbone.layer3.11.conv2.conv_offset.bias:lr_mult=0.1
2026/07/27 05:59:31 - mmengine - WARNING - img_backbone.layer3.11.bn2.weight is skipped since its requires_grad=False
2026/07/27 05:59:31 - mmengine - WARNING - img_backbone.layer3.11.bn2.bias is skipped since its requires_grad=False
2026/07/27 05:59:31 - mmengine - INFO - paramwise_options -- img_backbone.layer3.11.conv3.weight:lr=2e-05
2026/07/27 05:59:31 - mmengine - INFO - paramwise_options -- img_backbone.layer3.11.conv3.weight:weight_decay=0.01
2026/07/27 05:59:31 - mmengine - INFO - paramwise_options -- img_backbone.layer3.11.conv3.weight:lr_mult=0.1
2026/07/27 05:59:31 - mmengine - WARNING - img_backbone.layer3.11.bn3.weight is skipped since its requires_grad=False
2026/07/27 05:59:31 - mmengine - WARNING - img_backbone.layer3.11.bn3.bias is skipped since its requires_grad=False
2026/07/27 05:59:31 - mmengine - INFO - paramwise_options -- img_backbone.layer3.12.conv1.weight:lr=2e-05
2026/07/27 05:59:31 - mmengine - INFO - paramwise_options -- img_backbone.layer3.12.conv1.weight:weight_decay=0.01
2026/07/27 05:59:31 - mmengine - INFO - paramwise_options -- img_backbone.layer3.12.conv1.weight:lr_mult=0.1
2026/07/27 05:59:31 - mmengine - WARNING - img_backbone.layer3.12.bn1.weight is skipped since its requires_grad=False
2026/07/27 05:59:31 - mmengine - WARNING - img_backbone.layer3.12.bn1.bias is skipped since its requires_grad=False
2026/07/27 05:59:31 - mmengine - INFO - paramwise_options -- img_backbone.layer3.12.conv2.weight:lr=2e-05
2026/07/27 05:59:31 - mmengine - INFO - paramwise_options -- img_backbone.layer3.12.conv2.weight:weight_decay=0.01
2026/07/27 05:59:31 - mmengine - INFO - paramwise_options -- img_backbone.layer3.12.conv2.weight:lr_mult=0.1
2026/07/27 05:59:31 - mmengine - INFO - paramwise_options -- img_backbone.layer3.12.conv2.conv_offset.weight:lr=2e-05
2026/07/27 05:59:31 - mmengine - INFO - paramwise_options -- img_backbone.layer3.12.conv2.conv_offset.weight:weight_decay=0.01
2026/07/27 05:59:31 - mmengine - INFO - paramwise_options -- img_backbone.layer3.12.conv2.conv_offset.weight:lr_mult=0.1
2026/07/27 05:59:31 - mmengine - INFO - paramwise_options -- img_backbone.layer3.12.conv2.conv_offset.bias:lr=2e-05
2026/07/27 05:59:31 - mmengine - INFO - paramwise_options -- img_backbone.layer3.12.conv2.conv_offset.bias:weight_decay=0.01
2026/07/27 05:59:31 - mmengine - INFO - paramwise_options -- img_backbone.layer3.12.conv2.conv_offset.bias:lr_mult=0.1
2026/07/27 05:59:31 - mmengine - WARNING - img_backbone.layer3.12.bn2.weight is skipped since its requires_grad=False
2026/07/27 05:59:31 - mmengine - WARNING - img_backbone.layer3.12.bn2.bias is skipped since its requires_grad=False
2026/07/27 05:59:31 - mmengine - INFO - paramwise_options -- img_backbone.layer3.12.conv3.weight:lr=2e-05
2026/07/27 05:59:31 - mmengine - INFO - paramwise_options -- img_backbone.layer3.12.conv3.weight:weight_decay=0.01
2026/07/27 05:59:31 - mmengine - INFO - paramwise_options -- img_backbone.layer3.12.conv3.weight:lr_mult=0.1
2026/07/27 05:59:31 - mmengine - WARNING - img_backbone.layer3.12.bn3.weight is skipped since its requires_grad=False
2026/07/27 05:59:31 - mmengine - WARNING - img_backbone.layer3.12.bn3.bias is skipped since its requires_grad=False
2026/07/27 05:59:31 - mmengine - INFO - paramwise_options -- img_backbone.layer3.13.conv1.weight:lr=2e-05
2026/07/27 05:59:31 - mmengine - INFO - paramwise_options -- img_backbone.layer3.13.conv1.weight:weight_decay=0.01
2026/07/27 05:59:31 - mmengine - INFO - paramwise_options -- img_backbone.layer3.13.conv1.weight:lr_mult=0.1
2026/07/27 05:59:31 - mmengine - WARNING - img_backbone.layer3.13.bn1.weight is skipped since its requires_grad=False
2026/07/27 05:59:31 - mmengine - WARNING - img_backbone.layer3.13.bn1.bias is skipped since its requires_grad=False
2026/07/27 05:59:31 - mmengine - INFO - paramwise_options -- img_backbone.layer3.13.conv2.weight:lr=2e-05
2026/07/27 05:59:31 - mmengine - INFO - paramwise_options -- img_backbone.layer3.13.conv2.weight:weight_decay=0.01
2026/07/27 05:59:31 - mmengine - INFO - paramwise_options -- img_backbone.layer3.13.conv2.weight:lr_mult=0.1
2026/07/27 05:59:31 - mmengine - INFO - paramwise_options -- img_backbone.layer3.13.conv2.conv_offset.weight:lr=2e-05
2026/07/27 05:59:31 - mmengine - INFO - paramwise_options -- img_backbone.layer3.13.conv2.conv_offset.weight:weight_decay=0.01
2026/07/27 05:59:31 - mmengine - INFO - paramwise_options -- img_backbone.layer3.13.conv2.conv_offset.weight:lr_mult=0.1
2026/07/27 05:59:31 - mmengine - INFO - paramwise_options -- img_backbone.layer3.13.conv2.conv_offset.bias:lr=2e-05
2026/07/27 05:59:31 - mmengine - INFO - paramwise_options -- img_backbone.layer3.13.conv2.conv_offset.bias:weight_decay=0.01
2026/07/27 05:59:31 - mmengine - INFO - paramwise_options -- img_backbone.layer3.13.conv2.conv_offset.bias:lr_mult=0.1
2026/07/27 05:59:31 - mmengine - WARNING - img_backbone.layer3.13.bn2.weight is skipped since its requires_grad=False
2026/07/27 05:59:31 - mmengine - WARNING - img_backbone.layer3.13.bn2.bias is skipped since its requires_grad=False
2026/07/27 05:59:31 - mmengine - INFO - paramwise_options -- img_backbone.layer3.13.conv3.weight:lr=2e-05
2026/07/27 05:59:31 - mmengine - INFO - paramwise_options -- img_backbone.layer3.13.conv3.weight:weight_decay=0.01
2026/07/27 05:59:31 - mmengine - INFO - paramwise_options -- img_backbone.layer3.13.conv3.weight:lr_mult=0.1
2026/07/27 05:59:31 - mmengine - WARNING - img_backbone.layer3.13.bn3.weight is skipped since its requires_grad=False
2026/07/27 05:59:31 - mmengine - WARNING - img_backbone.layer3.13.bn3.bias is skipped since its requires_grad=False
2026/07/27 05:59:31 - mmengine - INFO - paramwise_options -- img_backbone.layer3.14.conv1.weight:lr=2e-05
2026/07/27 05:59:31 - mmengine - INFO - paramwise_options -- img_backbone.layer3.14.conv1.weight:weight_decay=0.01
2026/07/27 05:59:31 - mmengine - INFO - paramwise_options -- img_backbone.layer3.14.conv1.weight:lr_mult=0.1
2026/07/27 05:59:31 - mmengine - WARNING - img_backbone.layer3.14.bn1.weight is skipped since its requires_grad=False
2026/07/27 05:59:31 - mmengine - WARNING - img_backbone.layer3.14.bn1.bias is skipped since its requires_grad=False
2026/07/27 05:59:31 - mmengine - INFO - paramwise_options -- img_backbone.layer3.14.conv2.weight:lr=2e-05
2026/07/27 05:59:31 - mmengine - INFO - paramwise_options -- img_backbone.layer3.14.conv2.weight:weight_decay=0.01
2026/07/27 05:59:31 - mmengine - INFO - paramwise_options -- img_backbone.layer3.14.conv2.weight:lr_mult=0.1
2026/07/27 05:59:31 - mmengine - INFO - paramwise_options -- img_backbone.layer3.14.conv2.conv_offset.weight:lr=2e-05
2026/07/27 05:59:31 - mmengine - INFO - paramwise_options -- img_backbone.layer3.14.conv2.conv_offset.weight:weight_decay=0.01
2026/07/27 05:59:31 - mmengine - INFO - paramwise_options -- img_backbone.layer3.14.conv2.conv_offset.weight:lr_mult=0.1
2026/07/27 05:59:31 - mmengine - INFO - paramwise_options -- img_backbone.layer3.14.conv2.conv_offset.bias:lr=2e-05
2026/07/27 05:59:31 - mmengine - INFO - paramwise_options -- img_backbone.layer3.14.conv2.conv_offset.bias:weight_decay=0.01
2026/07/27 05:59:31 - mmengine - INFO - paramwise_options -- img_backbone.layer3.14.conv2.conv_offset.bias:lr_mult=0.1
2026/07/27 05:59:31 - mmengine - WARNING - img_backbone.layer3.14.bn2.weight is skipped since its requires_grad=False
2026/07/27 05:59:31 - mmengine - WARNING - img_backbone.layer3.14.bn2.bias is skipped since its requires_grad=False
2026/07/27 05:59:31 - mmengine - INFO - paramwise_options -- img_backbone.layer3.14.conv3.weight:lr=2e-05
2026/07/27 05:59:31 - mmengine - INFO - paramwise_options -- img_backbone.layer3.14.conv3.weight:weight_decay=0.01
2026/07/27 05:59:31 - mmengine - INFO - paramwise_options -- img_backbone.layer3.14.conv3.weight:lr_mult=0.1
2026/07/27 05:59:31 - mmengine - WARNING - img_backbone.layer3.14.bn3.weight is skipped since its requires_grad=False
2026/07/27 05:59:31 - mmengine - WARNING - img_backbone.layer3.14.bn3.bias is skipped since its requires_grad=False
2026/07/27 05:59:31 - mmengine - INFO - paramwise_options -- img_backbone.layer3.15.conv1.weight:lr=2e-05
2026/07/27 05:59:31 - mmengine - INFO - paramwise_options -- img_backbone.layer3.15.conv1.weight:weight_decay=0.01
2026/07/27 05:59:31 - mmengine - INFO - paramwise_options -- img_backbone.layer3.15.conv1.weight:lr_mult=0.1
2026/07/27 05:59:31 - mmengine - WARNING - img_backbone.layer3.15.bn1.weight is skipped since its requires_grad=False
2026/07/27 05:59:31 - mmengine - WARNING - img_backbone.layer3.15.bn1.bias is skipped since its requires_grad=False
2026/07/27 05:59:31 - mmengine - INFO - paramwise_options -- img_backbone.layer3.15.conv2.weight:lr=2e-05
2026/07/27 05:59:31 - mmengine - INFO - paramwise_options -- img_backbone.layer3.15.conv2.weight:weight_decay=0.01
2026/07/27 05:59:31 - mmengine - INFO - paramwise_options -- img_backbone.layer3.15.conv2.weight:lr_mult=0.1
2026/07/27 05:59:31 - mmengine - INFO - paramwise_options -- img_backbone.layer3.15.conv2.conv_offset.weight:lr=2e-05
2026/07/27 05:59:31 - mmengine - INFO - paramwise_options -- img_backbone.layer3.15.conv2.conv_offset.weight:weight_decay=0.01
2026/07/27 05:59:31 - mmengine - INFO - paramwise_options -- img_backbone.layer3.15.conv2.conv_offset.weight:lr_mult=0.1
2026/07/27 05:59:31 - mmengine - INFO - paramwise_options -- img_backbone.layer3.15.conv2.conv_offset.bias:lr=2e-05
2026/07/27 05:59:31 - mmengine - INFO - paramwise_options -- img_backbone.layer3.15.conv2.conv_offset.bias:weight_decay=0.01
2026/07/27 05:59:31 - mmengine - INFO - paramwise_options -- img_backbone.layer3.15.conv2.conv_offset.bias:lr_mult=0.1
2026/07/27 05:59:31 - mmengine - WARNING - img_backbone.layer3.15.bn2.weight is skipped since its requires_grad=False
2026/07/27 05:59:31 - mmengine - WARNING - img_backbone.layer3.15.bn2.bias is skipped since its requires_grad=False
2026/07/27 05:59:31 - mmengine - INFO - paramwise_options -- img_backbone.layer3.15.conv3.weight:lr=2e-05
2026/07/27 05:59:31 - mmengine - INFO - paramwise_options -- img_backbone.layer3.15.conv3.weight:weight_decay=0.01
2026/07/27 05:59:31 - mmengine - INFO - paramwise_options -- img_backbone.layer3.15.conv3.weight:lr_mult=0.1
2026/07/27 05:59:31 - mmengine - WARNING - img_backbone.layer3.15.bn3.weight is skipped since its requires_grad=False
2026/07/27 05:59:31 - mmengine - WARNING - img_backbone.layer3.15.bn3.bias is skipped since its requires_grad=False
2026/07/27 05:59:31 - mmengine - INFO - paramwise_options -- img_backbone.layer3.16.conv1.weight:lr=2e-05
2026/07/27 05:59:31 - mmengine - INFO - paramwise_options -- img_backbone.layer3.16.conv1.weight:weight_decay=0.01
2026/07/27 05:59:31 - mmengine - INFO - paramwise_options -- img_backbone.layer3.16.conv1.weight:lr_mult=0.1
2026/07/27 05:59:31 - mmengine - WARNING - img_backbone.layer3.16.bn1.weight is skipped since its requires_grad=False
2026/07/27 05:59:31 - mmengine - WARNING - img_backbone.layer3.16.bn1.bias is skipped since its requires_grad=False
2026/07/27 05:59:31 - mmengine - INFO - paramwise_options -- img_backbone.layer3.16.conv2.weight:lr=2e-05
2026/07/27 05:59:31 - mmengine - INFO - paramwise_options -- img_backbone.layer3.16.conv2.weight:weight_decay=0.01
2026/07/27 05:59:31 - mmengine - INFO - paramwise_options -- img_backbone.layer3.16.conv2.weight:lr_mult=0.1
2026/07/27 05:59:31 - mmengine - INFO - paramwise_options -- img_backbone.layer3.16.conv2.conv_offset.weight:lr=2e-05
2026/07/27 05:59:31 - mmengine - INFO - paramwise_options -- img_backbone.layer3.16.conv2.conv_offset.weight:weight_decay=0.01
2026/07/27 05:59:31 - mmengine - INFO - paramwise_options -- img_backbone.layer3.16.conv2.conv_offset.weight:lr_mult=0.1
2026/07/27 05:59:31 - mmengine - INFO - paramwise_options -- img_backbone.layer3.16.conv2.conv_offset.bias:lr=2e-05
2026/07/27 05:59:31 - mmengine - INFO - paramwise_options -- img_backbone.layer3.16.conv2.conv_offset.bias:weight_decay=0.01
2026/07/27 05:59:31 - mmengine - INFO - paramwise_options -- img_backbone.layer3.16.conv2.conv_offset.bias:lr_mult=0.1
2026/07/27 05:59:31 - mmengine - WARNING - img_backbone.layer3.16.bn2.weight is skipped since its requires_grad=False
2026/07/27 05:59:31 - mmengine - WARNING - img_backbone.layer3.16.bn2.bias is skipped since its requires_grad=False
2026/07/27 05:59:31 - mmengine - INFO - paramwise_options -- img_backbone.layer3.16.conv3.weight:lr=2e-05
2026/07/27 05:59:31 - mmengine - INFO - paramwise_options -- img_backbone.layer3.16.conv3.weight:weight_decay=0.01
2026/07/27 05:59:31 - mmengine - INFO - paramwise_options -- img_backbone.layer3.16.conv3.weight:lr_mult=0.1
2026/07/27 05:59:31 - mmengine - WARNING - img_backbone.layer3.16.bn3.weight is skipped since its requires_grad=False
2026/07/27 05:59:31 - mmengine - WARNING - img_backbone.layer3.16.bn3.bias is skipped since its requires_grad=False
2026/07/27 05:59:31 - mmengine - INFO - paramwise_options -- img_backbone.layer3.17.conv1.weight:lr=2e-05
2026/07/27 05:59:31 - mmengine - INFO - paramwise_options -- img_backbone.layer3.17.conv1.weight:weight_decay=0.01
2026/07/27 05:59:31 - mmengine - INFO - paramwise_options -- img_backbone.layer3.17.conv1.weight:lr_mult=0.1
2026/07/27 05:59:31 - mmengine - WARNING - img_backbone.layer3.17.bn1.weight is skipped since its requires_grad=False
2026/07/27 05:59:31 - mmengine - WARNING - img_backbone.layer3.17.bn1.bias is skipped since its requires_grad=False
2026/07/27 05:59:31 - mmengine - INFO - paramwise_options -- img_backbone.layer3.17.conv2.weight:lr=2e-05
2026/07/27 05:59:31 - mmengine - INFO - paramwise_options -- img_backbone.layer3.17.conv2.weight:weight_decay=0.01
2026/07/27 05:59:31 - mmengine - INFO - paramwise_options -- img_backbone.layer3.17.conv2.weight:lr_mult=0.1
2026/07/27 05:59:31 - mmengine - INFO - paramwise_options -- img_backbone.layer3.17.conv2.conv_offset.weight:lr=2e-05
2026/07/27 05:59:31 - mmengine - INFO - paramwise_options -- img_backbone.layer3.17.conv2.conv_offset.weight:weight_decay=0.01
2026/07/27 05:59:31 - mmengine - INFO - paramwise_options -- img_backbone.layer3.17.conv2.conv_offset.weight:lr_mult=0.1
2026/07/27 05:59:31 - mmengine - INFO - paramwise_options -- img_backbone.layer3.17.conv2.conv_offset.bias:lr=2e-05
2026/07/27 05:59:31 - mmengine - INFO - paramwise_options -- img_backbone.layer3.17.conv2.conv_offset.bias:weight_decay=0.01
2026/07/27 05:59:31 - mmengine - INFO - paramwise_options -- img_backbone.layer3.17.conv2.conv_offset.bias:lr_mult=0.1
2026/07/27 05:59:31 - mmengine - WARNING - img_backbone.layer3.17.bn2.weight is skipped since its requires_grad=False
2026/07/27 05:59:31 - mmengine - WARNING - img_backbone.layer3.17.bn2.bias is skipped since its requires_grad=False
2026/07/27 05:59:31 - mmengine - INFO - paramwise_options -- img_backbone.layer3.17.conv3.weight:lr=2e-05
2026/07/27 05:59:31 - mmengine - INFO - paramwise_options -- img_backbone.layer3.17.conv3.weight:weight_decay=0.01
2026/07/27 05:59:31 - mmengine - INFO - paramwise_options -- img_backbone.layer3.17.conv3.weight:lr_mult=0.1
2026/07/27 05:59:31 - mmengine - WARNING - img_backbone.layer3.17.bn3.weight is skipped since its requires_grad=False
2026/07/27 05:59:31 - mmengine - WARNING - img_backbone.layer3.17.bn3.bias is skipped since its requires_grad=False
2026/07/27 05:59:31 - mmengine - INFO - paramwise_options -- img_backbone.layer3.18.conv1.weight:lr=2e-05
2026/07/27 05:59:31 - mmengine - INFO - paramwise_options -- img_backbone.layer3.18.conv1.weight:weight_decay=0.01
2026/07/27 05:59:31 - mmengine - INFO - paramwise_options -- img_backbone.layer3.18.conv1.weight:lr_mult=0.1
2026/07/27 05:59:31 - mmengine - WARNING - img_backbone.layer3.18.bn1.weight is skipped since its requires_grad=False
2026/07/27 05:59:31 - mmengine - WARNING - img_backbone.layer3.18.bn1.bias is skipped since its requires_grad=False
2026/07/27 05:59:31 - mmengine - INFO - paramwise_options -- img_backbone.layer3.18.conv2.weight:lr=2e-05
2026/07/27 05:59:31 - mmengine - INFO - paramwise_options -- img_backbone.layer3.18.conv2.weight:weight_decay=0.01
2026/07/27 05:59:31 - mmengine - INFO - paramwise_options -- img_backbone.layer3.18.conv2.weight:lr_mult=0.1
2026/07/27 05:59:31 - mmengine - INFO - paramwise_options -- img_backbone.layer3.18.conv2.conv_offset.weight:lr=2e-05
2026/07/27 05:59:31 - mmengine - INFO - paramwise_options -- img_backbone.layer3.18.conv2.conv_offset.weight:weight_decay=0.01
2026/07/27 05:59:31 - mmengine - INFO - paramwise_options -- img_backbone.layer3.18.conv2.conv_offset.weight:lr_mult=0.1
2026/07/27 05:59:31 - mmengine - INFO - paramwise_options -- img_backbone.layer3.18.conv2.conv_offset.bias:lr=2e-05
2026/07/27 05:59:31 - mmengine - INFO - paramwise_options -- img_backbone.layer3.18.conv2.conv_offset.bias:weight_decay=0.01
2026/07/27 05:59:31 - mmengine - INFO - paramwise_options -- img_backbone.layer3.18.conv2.conv_offset.bias:lr_mult=0.1
2026/07/27 05:59:31 - mmengine - WARNING - img_backbone.layer3.18.bn2.weight is skipped since its requires_grad=False
2026/07/27 05:59:31 - mmengine - WARNING - img_backbone.layer3.18.bn2.bias is skipped since its requires_grad=False
2026/07/27 05:59:31 - mmengine - INFO - paramwise_options -- img_backbone.layer3.18.conv3.weight:lr=2e-05
2026/07/27 05:59:31 - mmengine - INFO - paramwise_options -- img_backbone.layer3.18.conv3.weight:weight_decay=0.01
2026/07/27 05:59:31 - mmengine - INFO - paramwise_options -- img_backbone.layer3.18.conv3.weight:lr_mult=0.1
2026/07/27 05:59:31 - mmengine - WARNING - img_backbone.layer3.18.bn3.weight is skipped since its requires_grad=False
2026/07/27 05:59:31 - mmengine - WARNING - img_backbone.layer3.18.bn3.bias is skipped since its requires_grad=False
2026/07/27 05:59:31 - mmengine - INFO - paramwise_options -- img_backbone.layer3.19.conv1.weight:lr=2e-05
2026/07/27 05:59:31 - mmengine - INFO - paramwise_options -- img_backbone.layer3.19.conv1.weight:weight_decay=0.01
2026/07/27 05:59:31 - mmengine - INFO - paramwise_options -- img_backbone.layer3.19.conv1.weight:lr_mult=0.1
2026/07/27 05:59:31 - mmengine - WARNING - img_backbone.layer3.19.bn1.weight is skipped since its requires_grad=False
2026/07/27 05:59:31 - mmengine - WARNING - img_backbone.layer3.19.bn1.bias is skipped since its requires_grad=False
2026/07/27 05:59:31 - mmengine - INFO - paramwise_options -- img_backbone.layer3.19.conv2.weight:lr=2e-05
2026/07/27 05:59:31 - mmengine - INFO - paramwise_options -- img_backbone.layer3.19.conv2.weight:weight_decay=0.01
2026/07/27 05:59:31 - mmengine - INFO - paramwise_options -- img_backbone.layer3.19.conv2.weight:lr_mult=0.1
2026/07/27 05:59:31 - mmengine - INFO - paramwise_options -- img_backbone.layer3.19.conv2.conv_offset.weight:lr=2e-05
2026/07/27 05:59:31 - mmengine - INFO - paramwise_options -- img_backbone.layer3.19.conv2.conv_offset.weight:weight_decay=0.01
2026/07/27 05:59:31 - mmengine - INFO - paramwise_options -- img_backbone.layer3.19.conv2.conv_offset.weight:lr_mult=0.1
2026/07/27 05:59:31 - mmengine - INFO - paramwise_options -- img_backbone.layer3.19.conv2.conv_offset.bias:lr=2e-05
2026/07/27 05:59:31 - mmengine - INFO - paramwise_options -- img_backbone.layer3.19.conv2.conv_offset.bias:weight_decay=0.01
2026/07/27 05:59:31 - mmengine - INFO - paramwise_options -- img_backbone.layer3.19.conv2.conv_offset.bias:lr_mult=0.1
2026/07/27 05:59:31 - mmengine - WARNING - img_backbone.layer3.19.bn2.weight is skipped since its requires_grad=False
2026/07/27 05:59:31 - mmengine - WARNING - img_backbone.layer3.19.bn2.bias is skipped since its requires_grad=False
2026/07/27 05:59:31 - mmengine - INFO - paramwise_options -- img_backbone.layer3.19.conv3.weight:lr=2e-05
2026/07/27 05:59:31 - mmengine - INFO - paramwise_options -- img_backbone.layer3.19.conv3.weight:weight_decay=0.01
2026/07/27 05:59:31 - mmengine - INFO - paramwise_options -- img_backbone.layer3.19.conv3.weight:lr_mult=0.1
2026/07/27 05:59:31 - mmengine - WARNING - img_backbone.layer3.19.bn3.weight is skipped since its requires_grad=False
2026/07/27 05:59:31 - mmengine - WARNING - img_backbone.layer3.19.bn3.bias is skipped since its requires_grad=False
2026/07/27 05:59:31 - mmengine - INFO - paramwise_options -- img_backbone.layer3.20.conv1.weight:lr=2e-05
2026/07/27 05:59:31 - mmengine - INFO - paramwise_options -- img_backbone.layer3.20.conv1.weight:weight_decay=0.01
2026/07/27 05:59:31 - mmengine - INFO - paramwise_options -- img_backbone.layer3.20.conv1.weight:lr_mult=0.1
2026/07/27 05:59:31 - mmengine - WARNING - img_backbone.layer3.20.bn1.weight is skipped since its requires_grad=False
2026/07/27 05:59:31 - mmengine - WARNING - img_backbone.layer3.20.bn1.bias is skipped since its requires_grad=False
2026/07/27 05:59:31 - mmengine - INFO - paramwise_options -- img_backbone.layer3.20.conv2.weight:lr=2e-05
2026/07/27 05:59:31 - mmengine - INFO - paramwise_options -- img_backbone.layer3.20.conv2.weight:weight_decay=0.01
2026/07/27 05:59:31 - mmengine - INFO - paramwise_options -- img_backbone.layer3.20.conv2.weight:lr_mult=0.1
2026/07/27 05:59:31 - mmengine - INFO - paramwise_options -- img_backbone.layer3.20.conv2.conv_offset.weight:lr=2e-05
2026/07/27 05:59:31 - mmengine - INFO - paramwise_options -- img_backbone.layer3.20.conv2.conv_offset.weight:weight_decay=0.01
2026/07/27 05:59:31 - mmengine - INFO - paramwise_options -- img_backbone.layer3.20.conv2.conv_offset.weight:lr_mult=0.1
2026/07/27 05:59:31 - mmengine - INFO - paramwise_options -- img_backbone.layer3.20.conv2.conv_offset.bias:lr=2e-05
2026/07/27 05:59:31 - mmengine - INFO - paramwise_options -- img_backbone.layer3.20.conv2.conv_offset.bias:weight_decay=0.01
2026/07/27 05:59:31 - mmengine - INFO - paramwise_options -- img_backbone.layer3.20.conv2.conv_offset.bias:lr_mult=0.1
2026/07/27 05:59:31 - mmengine - WARNING - img_backbone.layer3.20.bn2.weight is skipped since its requires_grad=False
2026/07/27 05:59:31 - mmengine - WARNING - img_backbone.layer3.20.bn2.bias is skipped since its requires_grad=False
2026/07/27 05:59:31 - mmengine - INFO - paramwise_options -- img_backbone.layer3.20.conv3.weight:lr=2e-05
2026/07/27 05:59:31 - mmengine - INFO - paramwise_options -- img_backbone.layer3.20.conv3.weight:weight_decay=0.01
2026/07/27 05:59:31 - mmengine - INFO - paramwise_options -- img_backbone.layer3.20.conv3.weight:lr_mult=0.1
2026/07/27 05:59:31 - mmengine - WARNING - img_backbone.layer3.20.bn3.weight is skipped since its requires_grad=False
2026/07/27 05:59:31 - mmengine - WARNING - img_backbone.layer3.20.bn3.bias is skipped since its requires_grad=False
2026/07/27 05:59:31 - mmengine - INFO - paramwise_options -- img_backbone.layer3.21.conv1.weight:lr=2e-05
2026/07/27 05:59:31 - mmengine - INFO - paramwise_options -- img_backbone.layer3.21.conv1.weight:weight_decay=0.01
2026/07/27 05:59:31 - mmengine - INFO - paramwise_options -- img_backbone.layer3.21.conv1.weight:lr_mult=0.1
2026/07/27 05:59:31 - mmengine - WARNING - img_backbone.layer3.21.bn1.weight is skipped since its requires_grad=False
2026/07/27 05:59:31 - mmengine - WARNING - img_backbone.layer3.21.bn1.bias is skipped since its requires_grad=False
2026/07/27 05:59:31 - mmengine - INFO - paramwise_options -- img_backbone.layer3.21.conv2.weight:lr=2e-05
2026/07/27 05:59:31 - mmengine - INFO - paramwise_options -- img_backbone.layer3.21.conv2.weight:weight_decay=0.01
2026/07/27 05:59:31 - mmengine - INFO - paramwise_options -- img_backbone.layer3.21.conv2.weight:lr_mult=0.1
2026/07/27 05:59:31 - mmengine - INFO - paramwise_options -- img_backbone.layer3.21.conv2.conv_offset.weight:lr=2e-05
2026/07/27 05:59:31 - mmengine - INFO - paramwise_options -- img_backbone.layer3.21.conv2.conv_offset.weight:weight_decay=0.01
2026/07/27 05:59:31 - mmengine - INFO - paramwise_options -- img_backbone.layer3.21.conv2.conv_offset.weight:lr_mult=0.1
2026/07/27 05:59:31 - mmengine - INFO - paramwise_options -- img_backbone.layer3.21.conv2.conv_offset.bias:lr=2e-05
2026/07/27 05:59:31 - mmengine - INFO - paramwise_options -- img_backbone.layer3.21.conv2.conv_offset.bias:weight_decay=0.01
2026/07/27 05:59:31 - mmengine - INFO - paramwise_options -- img_backbone.layer3.21.conv2.conv_offset.bias:lr_mult=0.1
2026/07/27 05:59:31 - mmengine - WARNING - img_backbone.layer3.21.bn2.weight is skipped since its requires_grad=False
2026/07/27 05:59:31 - mmengine - WARNING - img_backbone.layer3.21.bn2.bias is skipped since its requires_grad=False
2026/07/27 05:59:31 - mmengine - INFO - paramwise_options -- img_backbone.layer3.21.conv3.weight:lr=2e-05
2026/07/27 05:59:31 - mmengine - INFO - paramwise_options -- img_backbone.layer3.21.conv3.weight:weight_decay=0.01
2026/07/27 05:59:31 - mmengine - INFO - paramwise_options -- img_backbone.layer3.21.conv3.weight:lr_mult=0.1
2026/07/27 05:59:31 - mmengine - WARNING - img_backbone.layer3.21.bn3.weight is skipped since its requires_grad=False
2026/07/27 05:59:31 - mmengine - WARNING - img_backbone.layer3.21.bn3.bias is skipped since its requires_grad=False
2026/07/27 05:59:31 - mmengine - INFO - paramwise_options -- img_backbone.layer3.22.conv1.weight:lr=2e-05
2026/07/27 05:59:31 - mmengine - INFO - paramwise_options -- img_backbone.layer3.22.conv1.weight:weight_decay=0.01
2026/07/27 05:59:31 - mmengine - INFO - paramwise_options -- img_backbone.layer3.22.conv1.weight:lr_mult=0.1
2026/07/27 05:59:31 - mmengine - WARNING - img_backbone.layer3.22.bn1.weight is skipped since its requires_grad=False
2026/07/27 05:59:31 - mmengine - WARNING - img_backbone.layer3.22.bn1.bias is skipped since its requires_grad=False
2026/07/27 05:59:31 - mmengine - INFO - paramwise_options -- img_backbone.layer3.22.conv2.weight:lr=2e-05
2026/07/27 05:59:31 - mmengine - INFO - paramwise_options -- img_backbone.layer3.22.conv2.weight:weight_decay=0.01
2026/07/27 05:59:31 - mmengine - INFO - paramwise_options -- img_backbone.layer3.22.conv2.weight:lr_mult=0.1
2026/07/27 05:59:31 - mmengine - INFO - paramwise_options -- img_backbone.layer3.22.conv2.conv_offset.weight:lr=2e-05
2026/07/27 05:59:31 - mmengine - INFO - paramwise_options -- img_backbone.layer3.22.conv2.conv_offset.weight:weight_decay=0.01
2026/07/27 05:59:31 - mmengine - INFO - paramwise_options -- img_backbone.layer3.22.conv2.conv_offset.weight:lr_mult=0.1
2026/07/27 05:59:31 - mmengine - INFO - paramwise_options -- img_backbone.layer3.22.conv2.conv_offset.bias:lr=2e-05
2026/07/27 05:59:31 - mmengine - INFO - paramwise_options -- img_backbone.layer3.22.conv2.conv_offset.bias:weight_decay=0.01
2026/07/27 05:59:31 - mmengine - INFO - paramwise_options -- img_backbone.layer3.22.conv2.conv_offset.bias:lr_mult=0.1
2026/07/27 05:59:31 - mmengine - WARNING - img_backbone.layer3.22.bn2.weight is skipped since its requires_grad=False
2026/07/27 05:59:31 - mmengine - WARNING - img_backbone.layer3.22.bn2.bias is skipped since its requires_grad=False
2026/07/27 05:59:31 - mmengine - INFO - paramwise_options -- img_backbone.layer3.22.conv3.weight:lr=2e-05
2026/07/27 05:59:31 - mmengine - INFO - paramwise_options -- img_backbone.layer3.22.conv3.weight:weight_decay=0.01
2026/07/27 05:59:31 - mmengine - INFO - paramwise_options -- img_backbone.layer3.22.conv3.weight:lr_mult=0.1
2026/07/27 05:59:31 - mmengine - WARNING - img_backbone.layer3.22.bn3.weight is skipped since its requires_grad=False
2026/07/27 05:59:31 - mmengine - WARNING - img_backbone.layer3.22.bn3.bias is skipped since its requires_grad=False
2026/07/27 05:59:31 - mmengine - INFO - paramwise_options -- img_backbone.layer4.0.conv1.weight:lr=2e-05
2026/07/27 05:59:31 - mmengine - INFO - paramwise_options -- img_backbone.layer4.0.conv1.weight:weight_decay=0.01
2026/07/27 05:59:31 - mmengine - INFO - paramwise_options -- img_backbone.layer4.0.conv1.weight:lr_mult=0.1
2026/07/27 05:59:31 - mmengine - WARNING - img_backbone.layer4.0.bn1.weight is skipped since its requires_grad=False
2026/07/27 05:59:31 - mmengine - WARNING - img_backbone.layer4.0.bn1.bias is skipped since its requires_grad=False
2026/07/27 05:59:31 - mmengine - INFO - paramwise_options -- img_backbone.layer4.0.conv2.weight:lr=2e-05
2026/07/27 05:59:31 - mmengine - INFO - paramwise_options -- img_backbone.layer4.0.conv2.weight:weight_decay=0.01
2026/07/27 05:59:31 - mmengine - INFO - paramwise_options -- img_backbone.layer4.0.conv2.weight:lr_mult=0.1
2026/07/27 05:59:31 - mmengine - INFO - paramwise_options -- img_backbone.layer4.0.conv2.conv_offset.weight:lr=2e-05
2026/07/27 05:59:31 - mmengine - INFO - paramwise_options -- img_backbone.layer4.0.conv2.conv_offset.weight:weight_decay=0.01
2026/07/27 05:59:31 - mmengine - INFO - paramwise_options -- img_backbone.layer4.0.conv2.conv_offset.weight:lr_mult=0.1
2026/07/27 05:59:31 - mmengine - INFO - paramwise_options -- img_backbone.layer4.0.conv2.conv_offset.bias:lr=2e-05
2026/07/27 05:59:31 - mmengine - INFO - paramwise_options -- img_backbone.layer4.0.conv2.conv_offset.bias:weight_decay=0.01
2026/07/27 05:59:31 - mmengine - INFO - paramwise_options -- img_backbone.layer4.0.conv2.conv_offset.bias:lr_mult=0.1
2026/07/27 05:59:31 - mmengine - WARNING - img_backbone.layer4.0.bn2.weight is skipped since its requires_grad=False
2026/07/27 05:59:31 - mmengine - WARNING - img_backbone.layer4.0.bn2.bias is skipped since its requires_grad=False
2026/07/27 05:59:31 - mmengine - INFO - paramwise_options -- img_backbone.layer4.0.conv3.weight:lr=2e-05
2026/07/27 05:59:31 - mmengine - INFO - paramwise_options -- img_backbone.layer4.0.conv3.weight:weight_decay=0.01
2026/07/27 05:59:31 - mmengine - INFO - paramwise_options -- img_backbone.layer4.0.conv3.weight:lr_mult=0.1
2026/07/27 05:59:31 - mmengine - WARNING - img_backbone.layer4.0.bn3.weight is skipped since its requires_grad=False
2026/07/27 05:59:31 - mmengine - WARNING - img_backbone.layer4.0.bn3.bias is skipped since its requires_grad=False
2026/07/27 05:59:31 - mmengine - INFO - paramwise_options -- img_backbone.layer4.0.downsample.0.weight:lr=2e-05
2026/07/27 05:59:31 - mmengine - INFO - paramwise_options -- img_backbone.layer4.0.downsample.0.weight:weight_decay=0.01
2026/07/27 05:59:31 - mmengine - INFO - paramwise_options -- img_backbone.layer4.0.downsample.0.weight:lr_mult=0.1
2026/07/27 05:59:31 - mmengine - WARNING - img_backbone.layer4.0.downsample.1.weight is skipped since its requires_grad=False
2026/07/27 05:59:31 - mmengine - WARNING - img_backbone.layer4.0.downsample.1.bias is skipped since its requires_grad=False
2026/07/27 05:59:31 - mmengine - INFO - paramwise_options -- img_backbone.layer4.1.conv1.weight:lr=2e-05
2026/07/27 05:59:31 - mmengine - INFO - paramwise_options -- img_backbone.layer4.1.conv1.weight:weight_decay=0.01
2026/07/27 05:59:31 - mmengine - INFO - paramwise_options -- img_backbone.layer4.1.conv1.weight:lr_mult=0.1
2026/07/27 05:59:31 - mmengine - WARNING - img_backbone.layer4.1.bn1.weight is skipped since its requires_grad=False
2026/07/27 05:59:31 - mmengine - WARNING - img_backbone.layer4.1.bn1.bias is skipped since its requires_grad=False
2026/07/27 05:59:31 - mmengine - INFO - paramwise_options -- img_backbone.layer4.1.conv2.weight:lr=2e-05
2026/07/27 05:59:31 - mmengine - INFO - paramwise_options -- img_backbone.layer4.1.conv2.weight:weight_decay=0.01
2026/07/27 05:59:31 - mmengine - INFO - paramwise_options -- img_backbone.layer4.1.conv2.weight:lr_mult=0.1
2026/07/27 05:59:31 - mmengine - INFO - paramwise_options -- img_backbone.layer4.1.conv2.conv_offset.weight:lr=2e-05
2026/07/27 05:59:31 - mmengine - INFO - paramwise_options -- img_backbone.layer4.1.conv2.conv_offset.weight:weight_decay=0.01
2026/07/27 05:59:31 - mmengine - INFO - paramwise_options -- img_backbone.layer4.1.conv2.conv_offset.weight:lr_mult=0.1
2026/07/27 05:59:31 - mmengine - INFO - paramwise_options -- img_backbone.layer4.1.conv2.conv_offset.bias:lr=2e-05
2026/07/27 05:59:31 - mmengine - INFO - paramwise_options -- img_backbone.layer4.1.conv2.conv_offset.bias:weight_decay=0.01
2026/07/27 05:59:31 - mmengine - INFO - paramwise_options -- img_backbone.layer4.1.conv2.conv_offset.bias:lr_mult=0.1
2026/07/27 05:59:31 - mmengine - WARNING - img_backbone.layer4.1.bn2.weight is skipped since its requires_grad=False
2026/07/27 05:59:31 - mmengine - WARNING - img_backbone.layer4.1.bn2.bias is skipped since its requires_grad=False
2026/07/27 05:59:31 - mmengine - INFO - paramwise_options -- img_backbone.layer4.1.conv3.weight:lr=2e-05
2026/07/27 05:59:31 - mmengine - INFO - paramwise_options -- img_backbone.layer4.1.conv3.weight:weight_decay=0.01
2026/07/27 05:59:31 - mmengine - INFO - paramwise_options -- img_backbone.layer4.1.conv3.weight:lr_mult=0.1
2026/07/27 05:59:31 - mmengine - WARNING - img_backbone.layer4.1.bn3.weight is skipped since its requires_grad=False
2026/07/27 05:59:31 - mmengine - WARNING - img_backbone.layer4.1.bn3.bias is skipped since its requires_grad=False
2026/07/27 05:59:31 - mmengine - INFO - paramwise_options -- img_backbone.layer4.2.conv1.weight:lr=2e-05
2026/07/27 05:59:31 - mmengine - INFO - paramwise_options -- img_backbone.layer4.2.conv1.weight:weight_decay=0.01
2026/07/27 05:59:31 - mmengine - INFO - paramwise_options -- img_backbone.layer4.2.conv1.weight:lr_mult=0.1
2026/07/27 05:59:31 - mmengine - WARNING - img_backbone.layer4.2.bn1.weight is skipped since its requires_grad=False
2026/07/27 05:59:31 - mmengine - WARNING - img_backbone.layer4.2.bn1.bias is skipped since its requires_grad=False
2026/07/27 05:59:31 - mmengine - INFO - paramwise_options -- img_backbone.layer4.2.conv2.weight:lr=2e-05
2026/07/27 05:59:31 - mmengine - INFO - paramwise_options -- img_backbone.layer4.2.conv2.weight:weight_decay=0.01
2026/07/27 05:59:31 - mmengine - INFO - paramwise_options -- img_backbone.layer4.2.conv2.weight:lr_mult=0.1
2026/07/27 05:59:31 - mmengine - INFO - paramwise_options -- img_backbone.layer4.2.conv2.conv_offset.weight:lr=2e-05
2026/07/27 05:59:31 - mmengine - INFO - paramwise_options -- img_backbone.layer4.2.conv2.conv_offset.weight:weight_decay=0.01
2026/07/27 05:59:31 - mmengine - INFO - paramwise_options -- img_backbone.layer4.2.conv2.conv_offset.weight:lr_mult=0.1
2026/07/27 05:59:31 - mmengine - INFO - paramwise_options -- img_backbone.layer4.2.conv2.conv_offset.bias:lr=2e-05
2026/07/27 05:59:31 - mmengine - INFO - paramwise_options -- img_backbone.layer4.2.conv2.conv_offset.bias:weight_decay=0.01
2026/07/27 05:59:31 - mmengine - INFO - paramwise_options -- img_backbone.layer4.2.conv2.conv_offset.bias:lr_mult=0.1
2026/07/27 05:59:31 - mmengine - WARNING - img_backbone.layer4.2.bn2.weight is skipped since its requires_grad=False
2026/07/27 05:59:31 - mmengine - WARNING - img_backbone.layer4.2.bn2.bias is skipped since its requires_grad=False
2026/07/27 05:59:31 - mmengine - INFO - paramwise_options -- img_backbone.layer4.2.conv3.weight:lr=2e-05
2026/07/27 05:59:31 - mmengine - INFO - paramwise_options -- img_backbone.layer4.2.conv3.weight:weight_decay=0.01
2026/07/27 05:59:31 - mmengine - INFO - paramwise_options -- img_backbone.layer4.2.conv3.weight:lr_mult=0.1
2026/07/27 05:59:31 - mmengine - WARNING - img_backbone.layer4.2.bn3.weight is skipped since its requires_grad=False
2026/07/27 05:59:31 - mmengine - WARNING - img_backbone.layer4.2.bn3.bias is skipped since its requires_grad=False
2026/07/27 05:59:31 - mmengine - WARNING - map_decoder.pts_bbox_head.code_weights is skipped since its requires_grad=False
2026/07/27 05:59:31 - mmengine - WARNING - map_decoder.pts_bbox_head.map_adapter_layers.0.0.weight is skipped since its requires_grad=False
2026/07/27 05:59:31 - mmengine - WARNING - map_decoder.pts_bbox_head.map_adapter_layers.0.0.bias is skipped since its requires_grad=False
2026/07/27 05:59:31 - mmengine - WARNING - map_decoder.pts_bbox_head.map_adapter_layers.0.1.weight is skipped since its requires_grad=False
2026/07/27 05:59:31 - mmengine - WARNING - map_decoder.pts_bbox_head.map_adapter_layers.0.1.bias is skipped since its requires_grad=False
2026/07/27 05:59:31 - mmengine - WARNING - map_decoder.pts_bbox_head.map_adapter_layers.1.weight is skipped since its requires_grad=False
2026/07/27 05:59:31 - mmengine - WARNING - map_decoder.pts_bbox_head.map_adapter_layers.1.bias is skipped since its requires_grad=False
2026/07/27 05:59:31 - mmengine - WARNING - map_decoder.pts_bbox_head.cls_branches.0.weight is skipped since its requires_grad=False
2026/07/27 05:59:31 - mmengine - WARNING - map_decoder.pts_bbox_head.cls_branches.0.bias is skipped since its requires_grad=False
2026/07/27 05:59:31 - mmengine - WARNING - map_decoder.pts_bbox_head.cls_branches.1.weight is skipped since its requires_grad=False
2026/07/27 05:59:31 - mmengine - WARNING - map_decoder.pts_bbox_head.cls_branches.1.bias is skipped since its requires_grad=False
2026/07/27 05:59:31 - mmengine - WARNING - map_decoder.pts_bbox_head.cls_branches.3.weight is skipped since its requires_grad=False
2026/07/27 05:59:31 - mmengine - WARNING - map_decoder.pts_bbox_head.cls_branches.3.bias is skipped since its requires_grad=False
2026/07/27 05:59:31 - mmengine - WARNING - map_decoder.pts_bbox_head.cls_branches.4.weight is skipped since its requires_grad=False
2026/07/27 05:59:31 - mmengine - WARNING - map_decoder.pts_bbox_head.cls_branches.4.bias is skipped since its requires_grad=False
2026/07/27 05:59:31 - mmengine - WARNING - map_decoder.pts_bbox_head.cls_branches.6.weight is skipped since its requires_grad=False
2026/07/27 05:59:31 - mmengine - WARNING - map_decoder.pts_bbox_head.cls_branches.6.bias is skipped since its requires_grad=False
2026/07/27 05:59:31 - mmengine - WARNING - map_decoder.pts_bbox_head.reg_branches.0.weight is skipped since its requires_grad=False
2026/07/27 05:59:31 - mmengine - WARNING - map_decoder.pts_bbox_head.reg_branches.0.bias is skipped since its requires_grad=False
2026/07/27 05:59:31 - mmengine - WARNING - map_decoder.pts_bbox_head.reg_branches.2.weight is skipped since its requires_grad=False
2026/07/27 05:59:31 - mmengine - WARNING - map_decoder.pts_bbox_head.reg_branches.2.bias is skipped since its requires_grad=False
2026/07/27 05:59:31 - mmengine - WARNING - map_decoder.pts_bbox_head.reg_branches.4.weight is skipped since its requires_grad=False
2026/07/27 05:59:31 - mmengine - WARNING - map_decoder.pts_bbox_head.reg_branches.4.bias is skipped since its requires_grad=False
2026/07/27 05:59:31 - mmengine - WARNING - map_decoder.pts_bbox_head.reg_branches.6.weight is skipped since its requires_grad=False
2026/07/27 05:59:31 - mmengine - WARNING - map_decoder.pts_bbox_head.reg_branches.6.bias is skipped since its requires_grad=False
2026/07/27 05:59:31 - mmengine - WARNING - planner_head.ego_query.weight is skipped since its requires_grad=False
2026/07/27 05:59:31 - mmengine - WARNING - planner_head.ego_agent_decoder.layers.0.attentions.0.attn.in_proj_weight is skipped since its requires_grad=False
2026/07/27 05:59:31 - mmengine - WARNING - planner_head.ego_agent_decoder.layers.0.attentions.0.attn.in_proj_bias is skipped since its requires_grad=False
2026/07/27 05:59:31 - mmengine - WARNING - planner_head.ego_agent_decoder.layers.0.attentions.0.attn.out_proj.weight is skipped since its requires_grad=False
2026/07/27 05:59:31 - mmengine - WARNING - planner_head.ego_agent_decoder.layers.0.attentions.0.attn.out_proj.bias is skipped since its requires_grad=False
2026/07/27 05:59:31 - mmengine - WARNING - planner_head.ego_agent_decoder.layers.0.ffns.0.layers.0.0.weight is skipped since its requires_grad=False
2026/07/27 05:59:31 - mmengine - WARNING - planner_head.ego_agent_decoder.layers.0.ffns.0.layers.0.0.bias is skipped since its requires_grad=False
2026/07/27 05:59:31 - mmengine - WARNING - planner_head.ego_agent_decoder.layers.0.ffns.0.layers.1.weight is skipped since its requires_grad=False
2026/07/27 05:59:31 - mmengine - WARNING - planner_head.ego_agent_decoder.layers.0.ffns.0.layers.1.bias is skipped since its requires_grad=False
2026/07/27 05:59:31 - mmengine - WARNING - planner_head.ego_agent_decoder.layers.0.norms.0.weight is skipped since its requires_grad=False
2026/07/27 05:59:31 - mmengine - WARNING - planner_head.ego_agent_decoder.layers.0.norms.0.bias is skipped since its requires_grad=False
2026/07/27 05:59:31 - mmengine - WARNING - planner_head.ego_agent_decoder.layers.0.norms.1.weight is skipped since its requires_grad=False
2026/07/27 05:59:31 - mmengine - WARNING - planner_head.ego_agent_decoder.layers.0.norms.1.bias is skipped since its requires_grad=False
2026/07/27 05:59:31 - mmengine - WARNING - planner_head.ego_map_decoder.layers.0.attentions.0.attn.in_proj_weight is skipped since its requires_grad=False
2026/07/27 05:59:31 - mmengine - WARNING - planner_head.ego_map_decoder.layers.0.attentions.0.attn.in_proj_bias is skipped since its requires_grad=False
2026/07/27 05:59:31 - mmengine - WARNING - planner_head.ego_map_decoder.layers.0.attentions.0.attn.out_proj.weight is skipped since its requires_grad=False
2026/07/27 05:59:31 - mmengine - WARNING - planner_head.ego_map_decoder.layers.0.attentions.0.attn.out_proj.bias is skipped since its requires_grad=False
2026/07/27 05:59:31 - mmengine - WARNING - planner_head.ego_map_decoder.layers.0.ffns.0.layers.0.0.weight is skipped since its requires_grad=False
2026/07/27 05:59:31 - mmengine - WARNING - planner_head.ego_map_decoder.layers.0.ffns.0.layers.0.0.bias is skipped since its requires_grad=False
2026/07/27 05:59:31 - mmengine - WARNING - planner_head.ego_map_decoder.layers.0.ffns.0.layers.1.weight is skipped since its requires_grad=False
2026/07/27 05:59:31 - mmengine - WARNING - planner_head.ego_map_decoder.layers.0.ffns.0.layers.1.bias is skipped since its requires_grad=False
2026/07/27 05:59:31 - mmengine - WARNING - planner_head.ego_map_decoder.layers.0.norms.0.weight is skipped since its requires_grad=False
2026/07/27 05:59:31 - mmengine - WARNING - planner_head.ego_map_decoder.layers.0.norms.0.bias is skipped since its requires_grad=False
2026/07/27 05:59:31 - mmengine - WARNING - planner_head.ego_map_decoder.layers.0.norms.1.weight is skipped since its requires_grad=False
2026/07/27 05:59:31 - mmengine - WARNING - planner_head.ego_map_decoder.layers.0.norms.1.bias is skipped since its requires_grad=False
2026/07/27 05:59:31 - mmengine - WARNING - planner_head.ego_gaussian_decoder.layers.0.attentions.0.attn.in_proj_weight is skipped since its requires_grad=False
2026/07/27 05:59:31 - mmengine - WARNING - planner_head.ego_gaussian_decoder.layers.0.attentions.0.attn.in_proj_bias is skipped since its requires_grad=False
2026/07/27 05:59:31 - mmengine - WARNING - planner_head.ego_gaussian_decoder.layers.0.attentions.0.attn.out_proj.weight is skipped since its requires_grad=False
2026/07/27 05:59:31 - mmengine - WARNING - planner_head.ego_gaussian_decoder.layers.0.attentions.0.attn.out_proj.bias is skipped since its requires_grad=False
2026/07/27 05:59:31 - mmengine - WARNING - planner_head.ego_gaussian_decoder.layers.0.ffns.0.layers.0.0.weight is skipped since its requires_grad=False
2026/07/27 05:59:31 - mmengine - WARNING - planner_head.ego_gaussian_decoder.layers.0.ffns.0.layers.0.0.bias is skipped since its requires_grad=False
2026/07/27 05:59:31 - mmengine - WARNING - planner_head.ego_gaussian_decoder.layers.0.ffns.0.layers.1.weight is skipped since its requires_grad=False
2026/07/27 05:59:31 - mmengine - WARNING - planner_head.ego_gaussian_decoder.layers.0.ffns.0.layers.1.bias is skipped since its requires_grad=False
2026/07/27 05:59:31 - mmengine - WARNING - planner_head.ego_gaussian_decoder.layers.0.norms.0.weight is skipped since its requires_grad=False
2026/07/27 05:59:31 - mmengine - WARNING - planner_head.ego_gaussian_decoder.layers.0.norms.0.bias is skipped since its requires_grad=False
2026/07/27 05:59:31 - mmengine - WARNING - planner_head.ego_gaussian_decoder.layers.0.norms.1.weight is skipped since its requires_grad=False
2026/07/27 05:59:31 - mmengine - WARNING - planner_head.ego_gaussian_decoder.layers.0.norms.1.bias is skipped since its requires_grad=False
2026/07/27 05:59:31 - mmengine - WARNING - planner_head.ego_fut_decoder.0.weight is skipped since its requires_grad=False
2026/07/27 05:59:31 - mmengine - WARNING - planner_head.ego_fut_decoder.0.bias is skipped since its requires_grad=False
2026/07/27 05:59:31 - mmengine - WARNING - planner_head.ego_fut_decoder.2.weight is skipped since its requires_grad=False
2026/07/27 05:59:31 - mmengine - WARNING - planner_head.ego_fut_decoder.2.bias is skipped since its requires_grad=False
2026/07/27 05:59:31 - mmengine - WARNING - planner_head.ego_fut_decoder.4.weight is skipped since its requires_grad=False
2026/07/27 05:59:31 - mmengine - WARNING - planner_head.ego_fut_decoder.4.bias is skipped since its requires_grad=False
2026/07/27 05:59:31 - mmengine - WARNING - planner_head.agent_fus_mlp.0.weight is skipped since its requires_grad=False
2026/07/27 05:59:31 - mmengine - WARNING - planner_head.agent_fus_mlp.0.bias is skipped since its requires_grad=False
2026/07/27 05:59:31 - mmengine - WARNING - planner_head.agent_fus_mlp.1.weight is skipped since its requires_grad=False
2026/07/27 05:59:31 - mmengine - WARNING - planner_head.agent_fus_mlp.1.bias is skipped since its requires_grad=False
2026/07/27 05:59:31 - mmengine - WARNING - planner_head.agent_fus_mlp.3.weight is skipped since its requires_grad=False
2026/07/27 05:59:31 - mmengine - WARNING - planner_head.agent_fus_mlp.3.bias is skipped since its requires_grad=False
2026/07/27 05:59:31 - mmengine - WARNING - planner_head.map_fus_mlp.0.weight is skipped since its requires_grad=False
2026/07/27 05:59:31 - mmengine - WARNING - planner_head.map_fus_mlp.0.bias is skipped since its requires_grad=False
2026/07/27 05:59:31 - mmengine - WARNING - planner_head.map_fus_mlp.1.weight is skipped since its requires_grad=False
2026/07/27 05:59:31 - mmengine - WARNING - planner_head.map_fus_mlp.1.bias is skipped since its requires_grad=False
2026/07/27 05:59:31 - mmengine - WARNING - planner_head.map_fus_mlp.3.weight is skipped since its requires_grad=False
2026/07/27 05:59:31 - mmengine - WARNING - planner_head.map_fus_mlp.3.bias is skipped since its requires_grad=False
2026/07/27 05:59:31 - mmengine - WARNING - planner_head.gaussian_fus_mlp.0.weight is skipped since its requires_grad=False
2026/07/27 05:59:31 - mmengine - WARNING - planner_head.gaussian_fus_mlp.0.bias is skipped since its requires_grad=False
2026/07/27 05:59:31 - mmengine - WARNING - planner_head.gaussian_fus_mlp.1.weight is skipped since its requires_grad=False
2026/07/27 05:59:31 - mmengine - WARNING - planner_head.gaussian_fus_mlp.1.bias is skipped since its requires_grad=False
2026/07/27 05:59:31 - mmengine - WARNING - planner_head.gaussian_fus_mlp.3.weight is skipped since its requires_grad=False
2026/07/27 05:59:31 - mmengine - WARNING - planner_head.gaussian_fus_mlp.3.bias is skipped since its requires_grad=False
2026/07/27 05:59:32 - mmengine - INFO - resume from: 
2026/07/27 05:59:32 - mmengine - INFO - work dir: out/nuscenes_gs25600_base_gt_ego
2026/07/27 06:01:57 - mmengine - INFO - [TRAIN] Epoch 0 Iter     0/750: Loss: 60.223 (60.223), grad_norm: 411.227, lr: 0.0000010, time: 121.548 (4.799)
2026/07/27 06:01:57 - mmengine - INFO - OccupancyLoss: 22.11254, OccupancyFlowLoss: 18.97606, DetectionLoss: 19.13447
2026/07/27 06:06:00 - mmengine - INFO - [TRAIN] Epoch 0 Iter    50/750: Loss: 59.284 (48.758), grad_norm: 416.024, lr: 0.0000029, time: 4.801 (0.008)
2026/07/27 06:06:00 - mmengine - INFO - OccupancyLoss: 32.15207, OccupancyFlowLoss: 15.18234, DetectionLoss: 11.94937
2026/07/27 06:10:03 - mmengine - INFO - [TRAIN] Epoch 0 Iter   100/750: Loss: 53.015 (48.875), grad_norm: 178.614, lr: 0.0000048, time: 4.881 (0.008)
2026/07/27 06:10:03 - mmengine - INFO - OccupancyLoss: 22.71705, OccupancyFlowLoss: 18.83534, DetectionLoss: 11.46282
2026/07/27 06:14:08 - mmengine - INFO - [TRAIN] Epoch 0 Iter   150/750: Loss: 46.236 (47.482), grad_norm: 157.041, lr: 0.0000067, time: 4.911 (0.008)
2026/07/27 06:14:08 - mmengine - INFO - OccupancyLoss: 13.41154, OccupancyFlowLoss: 22.03858, DetectionLoss: 10.78626
2026/07/27 06:18:12 - mmengine - INFO - [TRAIN] Epoch 0 Iter   200/750: Loss: 51.330 (42.601), grad_norm: 40.017, lr: 0.0000086, time: 4.912 (0.008)
2026/07/27 06:18:12 - mmengine - INFO - OccupancyLoss: 20.56797, OccupancyFlowLoss: 19.59688, DetectionLoss: 11.16506
2026/07/27 06:22:16 - mmengine - INFO - [TRAIN] Epoch 0 Iter   250/750: Loss: 44.793 (44.914), grad_norm: 44.111, lr: 0.0000105, time: 4.925 (0.008)
2026/07/27 06:22:16 - mmengine - INFO - OccupancyLoss: 7.01564, OccupancyFlowLoss: 21.48548, DetectionLoss: 16.29209
2026/07/27 06:26:21 - mmengine - INFO - [TRAIN] Epoch 0 Iter   300/750: Loss: 39.858 (42.498), grad_norm: 29.379, lr: 0.0000124, time: 4.840 (0.008)
2026/07/27 06:26:21 - mmengine - INFO - OccupancyLoss: 11.34367, OccupancyFlowLoss: 20.98804, DetectionLoss: 7.52646
2026/07/27 06:30:26 - mmengine - INFO - [TRAIN] Epoch 0 Iter   350/750: Loss: 44.067 (43.793), grad_norm: 21.960, lr: 0.0000143, time: 4.896 (0.008)
2026/07/27 06:30:26 - mmengine - INFO - OccupancyLoss: 14.24320, OccupancyFlowLoss: 13.19434, DetectionLoss: 16.62915
2026/07/27 06:34:29 - mmengine - INFO - [TRAIN] Epoch 0 Iter   400/750: Loss: 32.466 (40.277), grad_norm: 30.144, lr: 0.0000162, time: 4.855 (0.008)
2026/07/27 06:34:29 - mmengine - INFO - OccupancyLoss: 9.67166, OccupancyFlowLoss: 20.68575, DetectionLoss: 2.10822
2026/07/27 06:38:34 - mmengine - INFO - [TRAIN] Epoch 0 Iter   450/750: Loss: 54.773 (42.527), grad_norm: 50.849, lr: 0.0000181, time: 4.923 (0.008)
2026/07/27 06:38:34 - mmengine - INFO - OccupancyLoss: 16.68983, OccupancyFlowLoss: 20.86706, DetectionLoss: 17.21604
2026/07/27 06:42:39 - mmengine - INFO - [TRAIN] Epoch 0 Iter   500/750: Loss: 40.030 (39.646), grad_norm: 19.164, lr: 0.0000200, time: 4.915 (0.008)
2026/07/27 06:42:39 - mmengine - INFO - OccupancyLoss: 11.78384, OccupancyFlowLoss: 20.12555, DetectionLoss: 8.12100
2026/07/27 06:46:43 - mmengine - INFO - [TRAIN] Epoch 0 Iter   550/750: Loss: 39.316 (40.885), grad_norm: 29.657, lr: 0.0000200, time: 4.907 (0.008)
2026/07/27 06:46:43 - mmengine - INFO - OccupancyLoss: 9.58433, OccupancyFlowLoss: 18.57331, DetectionLoss: 11.15823
2026/07/27 06:50:47 - mmengine - INFO - [TRAIN] Epoch 0 Iter   600/750: Loss: 42.095 (40.627), grad_norm: 30.438, lr: 0.0000200, time: 4.954 (0.008)
2026/07/27 06:50:47 - mmengine - INFO - OccupancyLoss: 8.24587, OccupancyFlowLoss: 21.48097, DetectionLoss: 12.36856
2026/07/27 06:54:50 - mmengine - INFO - [TRAIN] Epoch 0 Iter   650/750: Loss: 37.298 (38.541), grad_norm: 18.674, lr: 0.0000200, time: 4.803 (0.008)
2026/07/27 06:54:50 - mmengine - INFO - OccupancyLoss: 13.30363, OccupancyFlowLoss: 19.01896, DetectionLoss: 4.97576
2026/07/27 06:59:17 - mmengine - INFO - [TRAIN] Epoch 0 Iter   700/750: Loss: 44.686 (37.686), grad_norm: 30.979, lr: 0.0000200, time: 4.891 (0.008)
2026/07/27 06:59:17 - mmengine - INFO - OccupancyLoss: 16.12004, OccupancyFlowLoss: 17.87658, DetectionLoss: 10.68893
2026/07/27 07:03:25 - mmengine - INFO - [EVAL] Epoch 1 Iter     0: Loss: 38.611 (38.611)
2026/07/27 07:03:25 - mmengine - INFO - OccupancyLoss: 8.99411, OccupancyFlowLoss: 20.53808, DetectionLoss: 9.07905
2026/07/27 07:04:49 - mmengine - INFO - [EVAL] Epoch 1 Iter    50: Loss: 34.314 (36.575)
2026/07/27 07:04:49 - mmengine - INFO - OccupancyLoss: 8.11223, OccupancyFlowLoss: 19.99005, DetectionLoss: 6.21175
2026/07/27 07:06:01 - mmengine - INFO - [EVAL] Epoch 1 Iter   100: Loss: 36.730 (36.418)
2026/07/27 07:06:01 - mmengine - INFO - OccupancyLoss: 11.10694, OccupancyFlowLoss: 19.06569, DetectionLoss: 6.55773
2026/07/27 07:07:15 - mmengine - INFO - [EVAL] Epoch 1 Iter   150: Loss: 16.326 (36.976)
2026/07/27 07:07:15 - mmengine - INFO - OccupancyLoss: 7.66278, OccupancyFlowLoss: 6.49998, DetectionLoss: 2.16305
2026/07/27 07:08:21 - mmengine - INFO - [EVAL] Epoch 1 Iter   200: Loss: 28.606 (37.187)
2026/07/27 07:08:21 - mmengine - INFO - OccupancyLoss: 12.75008, OccupancyFlowLoss: 9.35475, DetectionLoss: 6.50096
2026/07/27 07:09:28 - mmengine - INFO - [EVAL] Epoch 1 Iter   250: Loss: 41.462 (37.439)
2026/07/27 07:09:28 - mmengine - INFO - OccupancyLoss: 11.25650, OccupancyFlowLoss: 19.80994, DetectionLoss: 10.39535
2026/07/27 07:10:30 - mmengine - INFO - [EVAL] Epoch 1 Iter   300: Loss: 35.608 (37.256)
2026/07/27 07:10:30 - mmengine - INFO - OccupancyLoss: 10.20505, OccupancyFlowLoss: 19.29390, DetectionLoss: 6.10927
2026/07/27 07:11:34 - mmengine - INFO - [EVAL] Epoch 1 Iter   350: Loss: 27.924 (37.488)
2026/07/27 07:11:34 - mmengine - INFO - OccupancyLoss: 9.62323, OccupancyFlowLoss: 9.48588, DetectionLoss: 8.81518
2026/07/27 07:12:33 - mmengine - INFO - [EVAL] Epoch 1 Iter   400: Loss: 25.619 (37.353)
2026/07/27 07:12:33 - mmengine - INFO - OccupancyLoss: 9.85406, OccupancyFlowLoss: 3.31098, DetectionLoss: 12.45375
2026/07/27 07:13:31 - mmengine - INFO - [EVAL] Epoch 1 Iter   450: Loss: 46.418 (37.425)
2026/07/27 07:13:31 - mmengine - INFO - OccupancyLoss: 11.96690, OccupancyFlowLoss: 19.42439, DetectionLoss: 15.02700
2026/07/27 07:14:27 - mmengine - INFO - Validation per class iou none:
2026/07/27 07:14:27 - mmengine - INFO - barrier : 0.00%, 0.00, 0.00
2026/07/27 07:14:27 - mmengine - INFO - bicycle : 0.00%, 0.00, 0.00
2026/07/27 07:14:27 - mmengine - INFO - bus : 0.00%, 0.00, 0.00
2026/07/27 07:14:27 - mmengine - INFO - car : 0.00%, 0.00, 0.00
2026/07/27 07:14:27 - mmengine - INFO - construction_vehicle : 0.00%, 0.00, 0.00
2026/07/27 07:14:27 - mmengine - INFO - motorcycle : 0.00%, 0.00, 0.00
2026/07/27 07:14:27 - mmengine - INFO - pedestrian : 0.00%, 0.00, 0.00
2026/07/27 07:14:27 - mmengine - INFO - traffic_cone : 0.00%, 0.00, 0.00
2026/07/27 07:14:27 - mmengine - INFO - trailer : 0.00%, 0.00, 0.00
2026/07/27 07:14:27 - mmengine - INFO - truck : 0.00%, 0.00, 0.00
2026/07/27 07:14:27 - mmengine - INFO - driveable_surface : 23.81%, 0.41, 0.36
2026/07/27 07:14:27 - mmengine - INFO - other_flat : 0.00%, 0.00, 0.00
2026/07/27 07:14:27 - mmengine - INFO - sidewalk : 1.26%, 0.19, 0.01
2026/07/27 07:14:27 - mmengine - INFO - terrain : 0.14%, 0.14, 0.00
2026/07/27 07:14:27 - mmengine - INFO - manmade : 0.02%, 0.06, 0.00
2026/07/27 07:14:27 - mmengine - INFO - vegetation : 0.13%, 0.14, 0.00
2026/07/27 07:14:27 - mmengine - INFO - tensor([  213109,    14566,   204192,  1435223,   106632,    22025,   206833,
           42653,   134799,   555406,  7051599,   345594,  2482869,  3418334,
         7852446,  8317553, 32659904], device='cuda:0', dtype=torch.int32)
2026/07/27 07:14:27 - mmengine - INFO - tensor([      0,       0,       0,       0,       0,       0,       0,       0,
              0,       0, 2543632,       0,   33098,    4870,    1859,   11115,
        4133813], device='cuda:0', dtype=torch.int32)
2026/07/27 07:14:27 - mmengine - INFO - tensor([      0,       0,       0,       0,       0,       0,       0,       0,
              0,       0, 6175306,       0,  173172,   35499,   33142,   80545,
        6497664], device='cuda:0', dtype=torch.int32)
2026/07/27 07:14:27 - mmengine - INFO - mIoU: 1.5855410003496218, iou2: 11.80288314819336
2026/07/27 07:14:27 - mmengine - INFO - Current val loss is 37.478
2026/07/27 07:14:45 - mmengine - INFO - [TRAIN] Epoch 1 Iter     0/750: Loss: 40.282 (40.282), grad_norm: 21.502, lr: 0.0000200, time: 7.969 (3.010)
2026/07/27 07:14:45 - mmengine - INFO - OccupancyLoss: 9.83604, OccupancyFlowLoss: 19.45929, DetectionLoss: 10.98672
2026/07/27 07:18:52 - mmengine - INFO - [TRAIN] Epoch 1 Iter    50/750: Loss: 23.284 (36.580), grad_norm: 23.069, lr: 0.0000200, time: 4.856 (0.008)
2026/07/27 07:18:52 - mmengine - INFO - OccupancyLoss: 8.62615, OccupancyFlowLoss: 9.35846, DetectionLoss: 5.29950
2026/07/27 07:22:56 - mmengine - INFO - [TRAIN] Epoch 1 Iter   100/750: Loss: 35.960 (35.356), grad_norm: 22.622, lr: 0.0000200, time: 4.928 (0.008)
2026/07/27 07:22:56 - mmengine - INFO - OccupancyLoss: 9.86245, OccupancyFlowLoss: 18.89245, DetectionLoss: 7.20470
2026/07/27 07:27:01 - mmengine - INFO - [TRAIN] Epoch 1 Iter   150/750: Loss: 32.287 (36.934), grad_norm: 20.836, lr: 0.0000200, time: 4.831 (0.008)
2026/07/27 07:27:01 - mmengine - INFO - OccupancyLoss: 9.14257, OccupancyFlowLoss: 18.41822, DetectionLoss: 4.72587
2026/07/27 07:31:06 - mmengine - INFO - [TRAIN] Epoch 1 Iter   200/750: Loss: 29.432 (34.184), grad_norm: 18.588, lr: 0.0000200, time: 4.900 (0.008)
2026/07/27 07:31:06 - mmengine - INFO - OccupancyLoss: 6.85316, OccupancyFlowLoss: 18.42604, DetectionLoss: 4.15304
2026/07/27 07:35:21 - mmengine - INFO - [TRAIN] Epoch 1 Iter   250/750: Loss: 35.164 (36.707), grad_norm: 20.253, lr: 0.0000200, time: 4.870 (0.008)
2026/07/27 07:35:21 - mmengine - INFO - OccupancyLoss: 6.64797, OccupancyFlowLoss: 18.39463, DetectionLoss: 10.12136
2026/07/27 07:39:24 - mmengine - INFO - [TRAIN] Epoch 1 Iter   300/750: Loss: 39.565 (34.759), grad_norm: 13.736, lr: 0.0000200, time: 4.873 (0.008)
2026/07/27 07:39:24 - mmengine - INFO - OccupancyLoss: 10.92388, OccupancyFlowLoss: 18.54201, DetectionLoss: 10.09914
2026/07/27 07:43:41 - mmengine - INFO - [TRAIN] Epoch 1 Iter   350/750: Loss: 38.937 (35.637), grad_norm: 16.081, lr: 0.0000200, time: 5.014 (0.008)
2026/07/27 07:43:41 - mmengine - INFO - OccupancyLoss: 15.66289, OccupancyFlowLoss: 17.67075, DetectionLoss: 5.60343
2026/07/27 07:47:57 - mmengine - INFO - [TRAIN] Epoch 1 Iter   400/750: Loss: 31.474 (34.595), grad_norm: 26.693, lr: 0.0000200, time: 5.135 (0.008)
2026/07/27 07:47:57 - mmengine - INFO - OccupancyLoss: 8.05363, OccupancyFlowLoss: 18.16790, DetectionLoss: 5.25273
2026/07/27 07:52:14 - mmengine - INFO - [TRAIN] Epoch 1 Iter   450/750: Loss: 33.884 (34.753), grad_norm: 16.946, lr: 0.0000200, time: 5.076 (0.008)
2026/07/27 07:52:14 - mmengine - INFO - OccupancyLoss: 8.88881, OccupancyFlowLoss: 17.88002, DetectionLoss: 7.11498
2026/07/27 07:56:31 - mmengine - INFO - [TRAIN] Epoch 1 Iter   500/750: Loss: 38.591 (34.983), grad_norm: 26.326, lr: 0.0000200, time: 5.071 (0.008)
2026/07/27 07:56:31 - mmengine - INFO - OccupancyLoss: 10.01512, OccupancyFlowLoss: 17.95178, DetectionLoss: 10.62394
2026/07/27 08:00:47 - mmengine - INFO - [TRAIN] Epoch 1 Iter   550/750: Loss: 33.539 (34.506), grad_norm: 32.886, lr: 0.0000200, time: 5.242 (0.008)
2026/07/27 08:00:47 - mmengine - INFO - OccupancyLoss: 8.72397, OccupancyFlowLoss: 17.81694, DetectionLoss: 6.99786
2026/07/27 08:05:04 - mmengine - INFO - [TRAIN] Epoch 1 Iter   600/750: Loss: 40.152 (34.987), grad_norm: 18.075, lr: 0.0000200, time: 5.165 (0.020)
2026/07/27 08:05:04 - mmengine - INFO - OccupancyLoss: 8.59992, OccupancyFlowLoss: 17.62781, DetectionLoss: 13.92381
2026/07/27 08:09:20 - mmengine - INFO - [TRAIN] Epoch 1 Iter   650/750: Loss: 37.671 (35.227), grad_norm: 30.117, lr: 0.0000200, time: 5.087 (0.008)
2026/07/27 08:09:20 - mmengine - INFO - OccupancyLoss: 9.09100, OccupancyFlowLoss: 17.77578, DetectionLoss: 10.80451
2026/07/27 08:13:37 - mmengine - INFO - [TRAIN] Epoch 1 Iter   700/750: Loss: 37.940 (33.223), grad_norm: 27.287, lr: 0.0000200, time: 5.128 (0.008)
2026/07/27 08:13:37 - mmengine - INFO - OccupancyLoss: 13.15797, OccupancyFlowLoss: 17.64628, DetectionLoss: 7.13620
2026/07/27 08:17:58 - mmengine - INFO - [EVAL] Epoch 2 Iter     0: Loss: 32.570 (32.570)
2026/07/27 08:17:58 - mmengine - INFO - OccupancyLoss: 7.00042, OccupancyFlowLoss: 18.29455, DetectionLoss: 7.27468
2026/07/27 08:18:56 - mmengine - INFO - [EVAL] Epoch 2 Iter    50: Loss: 30.739 (33.084)
2026/07/27 08:18:56 - mmengine - INFO - OccupancyLoss: 6.89471, OccupancyFlowLoss: 18.05261, DetectionLoss: 5.79183
2026/07/27 08:19:54 - mmengine - INFO - [EVAL] Epoch 2 Iter   100: Loss: 33.947 (32.794)
2026/07/27 08:19:54 - mmengine - INFO - OccupancyLoss: 9.73430, OccupancyFlowLoss: 17.80812, DetectionLoss: 6.40494
2026/07/27 08:20:51 - mmengine - INFO - [EVAL] Epoch 2 Iter   150: Loss: 14.149 (33.379)
2026/07/27 08:20:51 - mmengine - INFO - OccupancyLoss: 6.78856, OccupancyFlowLoss: 5.92246, DetectionLoss: 1.43813
2026/07/27 08:21:47 - mmengine - INFO - [EVAL] Epoch 2 Iter   200: Loss: 25.983 (33.566)
2026/07/27 08:21:47 - mmengine - INFO - OccupancyLoss: 11.19850, OccupancyFlowLoss: 8.79357, DetectionLoss: 5.99065
2026/07/27 08:22:43 - mmengine - INFO - [EVAL] Epoch 2 Iter   250: Loss: 36.525 (33.810)
2026/07/27 08:22:43 - mmengine - INFO - OccupancyLoss: 8.91778, OccupancyFlowLoss: 17.82972, DetectionLoss: 9.77787
2026/07/27 08:23:48 - mmengine - INFO - [EVAL] Epoch 2 Iter   300: Loss: 31.859 (33.639)
2026/07/27 08:23:48 - mmengine - INFO - OccupancyLoss: 8.69796, OccupancyFlowLoss: 17.64733, DetectionLoss: 5.51389
2026/07/27 08:24:46 - mmengine - INFO - [EVAL] Epoch 2 Iter   350: Loss: 25.665 (33.806)
2026/07/27 08:24:46 - mmengine - INFO - OccupancyLoss: 8.33705, OccupancyFlowLoss: 8.90890, DetectionLoss: 8.41866
2026/07/27 08:25:44 - mmengine - INFO - [EVAL] Epoch 2 Iter   400: Loss: 23.908 (33.669)
2026/07/27 08:25:44 - mmengine - INFO - OccupancyLoss: 8.71144, OccupancyFlowLoss: 3.01167, DetectionLoss: 12.18459
2026/07/27 08:26:40 - mmengine - INFO - [EVAL] Epoch 2 Iter   450: Loss: 41.952 (33.705)
2026/07/27 08:26:40 - mmengine - INFO - OccupancyLoss: 9.71633, OccupancyFlowLoss: 17.81903, DetectionLoss: 14.41676
2026/07/27 08:27:36 - mmengine - INFO - Validation per class iou none:
2026/07/27 08:27:36 - mmengine - INFO - barrier : 0.00%, 0.00, 0.00
2026/07/27 08:27:36 - mmengine - INFO - bicycle : 0.00%, 0.00, 0.00
2026/07/27 08:27:36 - mmengine - INFO - bus : 0.00%, 0.00, 0.00
2026/07/27 08:27:36 - mmengine - INFO - car : 6.80%, 0.26, 0.08
2026/07/27 08:27:36 - mmengine - INFO - construction_vehicle : 0.00%, 0.00, 0.00
2026/07/27 08:27:36 - mmengine - INFO - motorcycle : 0.00%, 0.00, 0.00
2026/07/27 08:27:36 - mmengine - INFO - pedestrian : 0.00%, 0.00, 0.00
2026/07/27 08:27:36 - mmengine - INFO - traffic_cone : 0.00%, 0.00, 0.00
2026/07/27 08:27:36 - mmengine - INFO - trailer : 0.00%, 0.00, 0.00
2026/07/27 08:27:36 - mmengine - INFO - truck : 0.17%, 0.08, 0.00
2026/07/27 08:27:36 - mmengine - INFO - driveable_surface : 30.41%, 0.53, 0.41
2026/07/27 08:27:36 - mmengine - INFO - other_flat : 0.08%, 0.09, 0.00
2026/07/27 08:27:36 - mmengine - INFO - sidewalk : 2.73%, 0.29, 0.03
2026/07/27 08:27:36 - mmengine - INFO - terrain : 8.23%, 0.24, 0.11
2026/07/27 08:27:36 - mmengine - INFO - manmade : 0.46%, 0.14, 0.00
2026/07/27 08:27:36 - mmengine - INFO - vegetation : 8.42%, 0.27, 0.11
2026/07/27 08:27:36 - mmengine - INFO - tensor([  213109,    14566,   204192,  1435223,   106632,    22025,   206833,
           42653,   134799,   555406,  7051599,   345594,  2482869,  3418334,
         7852446,  8317553, 32659904], device='cuda:0', dtype=torch.int32)
2026/07/27 08:27:36 - mmengine - INFO - tensor([      0,       0,       0,  121316,       0,       0,       0,       0,
              0,     988, 2917234,     284,   72538,  377118,   37194,  909792,
        6118073], device='cuda:0', dtype=torch.int32)
2026/07/27 08:27:36 - mmengine - INFO - tensor([       0,        0,        0,   468998,        0,        0,        0,
               0,        0,    11778,  5457266,     3284,   250842,  1542197,
          256880,  3392410, 11383655], device='cuda:0', dtype=torch.int32)
2026/07/27 08:27:36 - mmengine - INFO - mIoU: 3.582065742375562, iou2: 16.131824493408203
2026/07/27 08:27:36 - mmengine - INFO - Current val loss is 33.781
2026/07/27 08:27:54 - mmengine - INFO - [TRAIN] Epoch 2 Iter     0/750: Loss: 51.110 (51.110), grad_norm: 30.619, lr: 0.0000200, time: 7.939 (3.104)
2026/07/27 08:27:54 - mmengine - INFO - OccupancyLoss: 22.94097, OccupancyFlowLoss: 17.56536, DetectionLoss: 10.60345
2026/07/27 08:32:05 - mmengine - INFO - [TRAIN] Epoch 2 Iter    50/750: Loss: 37.776 (34.425), grad_norm: 24.142, lr: 0.0000200, time: 4.965 (0.008)
2026/07/27 08:32:05 - mmengine - INFO - OccupancyLoss: 8.42632, OccupancyFlowLoss: 17.84198, DetectionLoss: 11.50816
2026/07/27 08:36:22 - mmengine - INFO - [TRAIN] Epoch 2 Iter   100/750: Loss: 30.549 (33.500), grad_norm: 33.538, lr: 0.0000200, time: 5.125 (0.008)
2026/07/27 08:36:22 - mmengine - INFO - OccupancyLoss: 9.55953, OccupancyFlowLoss: 17.77720, DetectionLoss: 3.21213
2026/07/27 08:40:39 - mmengine - INFO - [TRAIN] Epoch 2 Iter   150/750: Loss: 13.381 (33.444), grad_norm: 34.548, lr: 0.0000200, time: 5.002 (0.008)
2026/07/27 08:40:39 - mmengine - INFO - OccupancyLoss: 9.65909, OccupancyFlowLoss: 0.00000, DetectionLoss: 3.72152
2026/07/27 08:44:57 - mmengine - INFO - [TRAIN] Epoch 2 Iter   200/750: Loss: 30.135 (33.514), grad_norm: 20.623, lr: 0.0000200, time: 5.208 (0.008)
2026/07/27 08:44:57 - mmengine - INFO - OccupancyLoss: 8.99258, OccupancyFlowLoss: 17.47313, DetectionLoss: 3.66891
2026/07/27 08:49:14 - mmengine - INFO - [TRAIN] Epoch 2 Iter   250/750: Loss: 31.923 (33.244), grad_norm: 15.684, lr: 0.0000200, time: 5.169 (0.008)
2026/07/27 08:49:14 - mmengine - INFO - OccupancyLoss: 7.91418, OccupancyFlowLoss: 17.74130, DetectionLoss: 6.26781
2026/07/27 08:53:33 - mmengine - INFO - [TRAIN] Epoch 2 Iter   300/750: Loss: 29.771 (32.944), grad_norm: 23.496, lr: 0.0000200, time: 5.137 (0.008)
2026/07/27 08:53:33 - mmengine - INFO - OccupancyLoss: 9.20693, OccupancyFlowLoss: 17.79505, DetectionLoss: 2.76910
2026/07/27 08:57:49 - mmengine - INFO - [TRAIN] Epoch 2 Iter   350/750: Loss: 25.058 (32.338), grad_norm: 24.531, lr: 0.0000200, time: 5.126 (0.008)
2026/07/27 08:57:49 - mmengine - INFO - OccupancyLoss: 8.42932, OccupancyFlowLoss: 11.88986, DetectionLoss: 4.73887
2026/07/27 09:02:07 - mmengine - INFO - [TRAIN] Epoch 2 Iter   400/750: Loss: 25.773 (31.028), grad_norm: 27.712, lr: 0.0000200, time: 5.055 (0.008)
2026/07/27 09:02:07 - mmengine - INFO - OccupancyLoss: 7.56111, OccupancyFlowLoss: 8.95589, DetectionLoss: 9.25624
2026/07/27 09:06:25 - mmengine - INFO - [TRAIN] Epoch 2 Iter   450/750: Loss: 37.702 (31.866), grad_norm: 23.963, lr: 0.0000200, time: 5.156 (0.008)
2026/07/27 09:06:25 - mmengine - INFO - OccupancyLoss: 7.40734, OccupancyFlowLoss: 17.97584, DetectionLoss: 12.31904
2026/07/27 09:10:43 - mmengine - INFO - [TRAIN] Epoch 2 Iter   500/750: Loss: 26.632 (31.835), grad_norm: 33.033, lr: 0.0000200, time: 5.193 (0.008)
2026/07/27 09:10:43 - mmengine - INFO - OccupancyLoss: 4.93247, OccupancyFlowLoss: 17.42864, DetectionLoss: 4.27131
2026/07/27 09:15:00 - mmengine - INFO - [TRAIN] Epoch 2 Iter   550/750: Loss: 24.155 (33.119), grad_norm: 20.434, lr: 0.0000200, time: 5.213 (0.008)
2026/07/27 09:15:00 - mmengine - INFO - OccupancyLoss: 6.85505, OccupancyFlowLoss: 11.68690, DetectionLoss: 5.61308
2026/07/27 09:19:16 - mmengine - INFO - [TRAIN] Epoch 2 Iter   600/750: Loss: 36.345 (32.904), grad_norm: 18.445, lr: 0.0000200, time: 5.238 (0.008)
2026/07/27 09:19:16 - mmengine - INFO - OccupancyLoss: 9.05492, OccupancyFlowLoss: 17.78195, DetectionLoss: 9.50813
2026/07/27 09:23:32 - mmengine - INFO - [TRAIN] Epoch 2 Iter   650/750: Loss: 32.381 (30.659), grad_norm: 16.301, lr: 0.0000200, time: 5.096 (0.010)
2026/07/27 09:23:32 - mmengine - INFO - OccupancyLoss: 6.77767, OccupancyFlowLoss: 17.59286, DetectionLoss: 8.01081
2026/07/27 09:27:43 - mmengine - INFO - [TRAIN] Epoch 2 Iter   700/750: Loss: 27.067 (31.307), grad_norm: 20.716, lr: 0.0000200, time: 4.879 (0.008)
2026/07/27 09:27:43 - mmengine - INFO - OccupancyLoss: 9.14559, OccupancyFlowLoss: 14.72577, DetectionLoss: 3.19599
2026/07/27 09:31:53 - mmengine - INFO - [EVAL] Epoch 3 Iter     0: Loss: 31.175 (31.175)
2026/07/27 09:31:53 - mmengine - INFO - OccupancyLoss: 6.67755, OccupancyFlowLoss: 17.78694, DetectionLoss: 6.71050
2026/07/27 09:32:50 - mmengine - INFO - [EVAL] Epoch 3 Iter    50: Loss: 28.782 (31.465)
2026/07/27 09:32:50 - mmengine - INFO - OccupancyLoss: 6.08296, OccupancyFlowLoss: 17.71616, DetectionLoss: 4.98273
2026/07/27 09:33:47 - mmengine - INFO - [EVAL] Epoch 3 Iter   100: Loss: 33.042 (31.174)
2026/07/27 09:33:47 - mmengine - INFO - OccupancyLoss: 9.34142, OccupancyFlowLoss: 17.67488, DetectionLoss: 6.02537
2026/07/27 09:34:45 - mmengine - INFO - [EVAL] Epoch 3 Iter   150: Loss: 13.186 (31.671)
2026/07/27 09:34:45 - mmengine - INFO - OccupancyLoss: 6.81378, OccupancyFlowLoss: 5.89906, DetectionLoss: 0.47328
2026/07/27 09:35:42 - mmengine - INFO - [EVAL] Epoch 3 Iter   200: Loss: 24.288 (31.844)
2026/07/27 09:35:42 - mmengine - INFO - OccupancyLoss: 10.48038, OccupancyFlowLoss: 8.79679, DetectionLoss: 5.01083
2026/07/27 09:36:40 - mmengine - INFO - [EVAL] Epoch 3 Iter   250: Loss: 34.965 (32.061)
2026/07/27 09:36:40 - mmengine - INFO - OccupancyLoss: 8.64110, OccupancyFlowLoss: 17.56291, DetectionLoss: 8.76098
2026/07/27 09:37:38 - mmengine - INFO - [EVAL] Epoch 3 Iter   300: Loss: 31.257 (31.885)
2026/07/27 09:37:38 - mmengine - INFO - OccupancyLoss: 8.51280, OccupancyFlowLoss: 17.60621, DetectionLoss: 5.13763
2026/07/27 09:38:36 - mmengine - INFO - [EVAL] Epoch 3 Iter   350: Loss: 23.793 (32.065)
2026/07/27 09:38:36 - mmengine - INFO - OccupancyLoss: 7.54165, OccupancyFlowLoss: 8.83117, DetectionLoss: 7.42030
2026/07/27 09:39:34 - mmengine - INFO - [EVAL] Epoch 3 Iter   400: Loss: 21.640 (31.938)
2026/07/27 09:39:34 - mmengine - INFO - OccupancyLoss: 7.56975, OccupancyFlowLoss: 2.97567, DetectionLoss: 11.09506
2026/07/27 09:40:32 - mmengine - INFO - [EVAL] Epoch 3 Iter   450: Loss: 41.299 (31.973)
2026/07/27 09:40:32 - mmengine - INFO - OccupancyLoss: 9.32969, OccupancyFlowLoss: 17.73818, DetectionLoss: 14.23156
2026/07/27 09:41:29 - mmengine - INFO - Validation per class iou none:
2026/07/27 09:41:29 - mmengine - INFO - barrier : 0.00%, 0.00, 0.00
2026/07/27 09:41:29 - mmengine - INFO - bicycle : 0.00%, 0.00, 0.00
2026/07/27 09:41:29 - mmengine - INFO - bus : 0.00%, 0.00, 0.00
2026/07/27 09:41:29 - mmengine - INFO - car : 12.85%, 0.34, 0.17
2026/07/27 09:41:29 - mmengine - INFO - construction_vehicle : 0.00%, 0.00, 0.00
2026/07/27 09:41:29 - mmengine - INFO - motorcycle : 0.00%, 0.00, 0.00
2026/07/27 09:41:29 - mmengine - INFO - pedestrian : 0.00%, 0.00, 0.00
2026/07/27 09:41:29 - mmengine - INFO - traffic_cone : 0.00%, 0.00, 0.00
2026/07/27 09:41:29 - mmengine - INFO - trailer : 0.00%, 0.00, 0.00
2026/07/27 09:41:29 - mmengine - INFO - truck : 0.01%, 0.26, 0.00
2026/07/27 09:41:29 - mmengine - INFO - driveable_surface : 30.36%, 0.68, 0.36
2026/07/27 09:41:29 - mmengine - INFO - other_flat : 0.33%, 0.40, 0.00
2026/07/27 09:41:29 - mmengine - INFO - sidewalk : 11.70%, 0.20, 0.22
2026/07/27 09:41:29 - mmengine - INFO - terrain : 12.39%, 0.25, 0.20
2026/07/27 09:41:29 - mmengine - INFO - manmade : 1.22%, 0.19, 0.01
2026/07/27 09:41:29 - mmengine - INFO - vegetation : 11.59%, 0.30, 0.16
2026/07/27 09:41:29 - mmengine - INFO - tensor([  213109,    14566,   204192,  1435223,   106632,    22025,   206833,
           42653,   134799,   555406,  7051599,   345594,  2482869,  3418334,
         7852446,  8317553, 32659904], device='cuda:0', dtype=torch.int32)
2026/07/27 09:41:29 - mmengine - INFO - tensor([      0,       0,       0,  246650,       0,       0,       0,       0,
              0,      50, 2503419,    1130,  533839,  668309,  100976, 1314299,
        7912132], device='cuda:0', dtype=torch.int32)
2026/07/27 09:41:29 - mmengine - INFO - tensor([       0,        0,        0,   731110,        0,        0,        0,
               0,        0,      194,  3696464,     2839,  2613636,  2641768,
          523895,  4332018, 14541924], device='cuda:0', dtype=torch.int32)
2026/07/27 09:41:29 - mmengine - INFO - mIoU: 5.028567692988872, iou2: 20.13793182373047
2026/07/27 09:41:29 - mmengine - INFO - Current val loss is 32.049
2026/07/27 09:41:47 - mmengine - INFO - [TRAIN] Epoch 3 Iter     0/750: Loss: 33.985 (33.985), grad_norm: 20.151, lr: 0.0000200, time: 8.548 (3.255)
2026/07/27 09:41:47 - mmengine - INFO - OccupancyLoss: 6.47832, OccupancyFlowLoss: 17.73828, DetectionLoss: 9.76824
2026/07/27 09:46:03 - mmengine - INFO - [TRAIN] Epoch 3 Iter    50/750: Loss: 29.567 (32.291), grad_norm: 32.709, lr: 0.0000200, time: 5.076 (0.008)
2026/07/27 09:46:03 - mmengine - INFO - OccupancyLoss: 7.40613, OccupancyFlowLoss: 17.58053, DetectionLoss: 4.58033
2026/07/27 09:50:42 - mmengine - INFO - [TRAIN] Epoch 3 Iter   100/750: Loss: 30.421 (31.535), grad_norm: 29.261, lr: 0.0000200, time: 5.172 (0.008)
2026/07/27 09:50:42 - mmengine - INFO - OccupancyLoss: 6.89580, OccupancyFlowLoss: 14.51583, DetectionLoss: 9.00968
2026/07/27 09:55:10 - mmengine - INFO - [TRAIN] Epoch 3 Iter   150/750: Loss: 32.992 (31.328), grad_norm: 21.636, lr: 0.0000200, time: 5.114 (0.008)
2026/07/27 09:55:10 - mmengine - INFO - OccupancyLoss: 6.06429, OccupancyFlowLoss: 17.56753, DetectionLoss: 9.36030
2026/07/27 09:59:26 - mmengine - INFO - [TRAIN] Epoch 3 Iter   200/750: Loss: 32.386 (31.961), grad_norm: 20.539, lr: 0.0000200, time: 5.283 (0.008)
2026/07/27 09:59:26 - mmengine - INFO - OccupancyLoss: 5.39101, OccupancyFlowLoss: 17.88740, DetectionLoss: 9.10790
