Name of parameter - Initialization information

img_backbone.conv1.weight - torch.Size([64, 3, 7, 7]): 
KaimingInit: a=0, mode=fan_out, nonlinearity=relu, distribution =normal, bias=0 

img_backbone.bn1.weight - torch.Size([64]): 
The value is the same before and after calling `init_weights` of BEVSegmentor  

img_backbone.bn1.bias - torch.Size([64]): 
The value is the same before and after calling `init_weights` of BEVSegmentor  

img_backbone.layer1.0.conv1.weight - torch.Size([64, 64, 1, 1]): 
KaimingInit: a=0, mode=fan_out, nonlinearity=relu, distribution =normal, bias=0 

img_backbone.layer1.0.bn1.weight - torch.Size([64]): 
The value is the same before and after calling `init_weights` of BEVSegmentor  

img_backbone.layer1.0.bn1.bias - torch.Size([64]): 
The value is the same before and after calling `init_weights` of BEVSegmentor  

img_backbone.layer1.0.conv2.weight - torch.Size([64, 64, 3, 3]): 
KaimingInit: a=0, mode=fan_out, nonlinearity=relu, distribution =normal, bias=0 

img_backbone.layer1.0.bn2.weight - torch.Size([64]): 
The value is the same before and after calling `init_weights` of BEVSegmentor  

img_backbone.layer1.0.bn2.bias - torch.Size([64]): 
The value is the same before and after calling `init_weights` of BEVSegmentor  

img_backbone.layer1.0.conv3.weight - torch.Size([256, 64, 1, 1]): 
KaimingInit: a=0, mode=fan_out, nonlinearity=relu, distribution =normal, bias=0 

img_backbone.layer1.0.bn3.weight - torch.Size([256]): 
ConstantInit: val=0, bias=0 

img_backbone.layer1.0.bn3.bias - torch.Size([256]): 
The value is the same before and after calling `init_weights` of BEVSegmentor  

img_backbone.layer1.0.downsample.0.weight - torch.Size([256, 64, 1, 1]): 
KaimingInit: a=0, mode=fan_out, nonlinearity=relu, distribution =normal, bias=0 

img_backbone.layer1.0.downsample.1.weight - torch.Size([256]): 
The value is the same before and after calling `init_weights` of BEVSegmentor  

img_backbone.layer1.0.downsample.1.bias - torch.Size([256]): 
The value is the same before and after calling `init_weights` of BEVSegmentor  

img_backbone.layer1.1.conv1.weight - torch.Size([64, 256, 1, 1]): 
KaimingInit: a=0, mode=fan_out, nonlinearity=relu, distribution =normal, bias=0 

img_backbone.layer1.1.bn1.weight - torch.Size([64]): 
The value is the same before and after calling `init_weights` of BEVSegmentor  

img_backbone.layer1.1.bn1.bias - torch.Size([64]): 
The value is the same before and after calling `init_weights` of BEVSegmentor  

img_backbone.layer1.1.conv2.weight - torch.Size([64, 64, 3, 3]): 
KaimingInit: a=0, mode=fan_out, nonlinearity=relu, distribution =normal, bias=0 

img_backbone.layer1.1.bn2.weight - torch.Size([64]): 
The value is the same before and after calling `init_weights` of BEVSegmentor  

img_backbone.layer1.1.bn2.bias - torch.Size([64]): 
The value is the same before and after calling `init_weights` of BEVSegmentor  

img_backbone.layer1.1.conv3.weight - torch.Size([256, 64, 1, 1]): 
KaimingInit: a=0, mode=fan_out, nonlinearity=relu, distribution =normal, bias=0 

img_backbone.layer1.1.bn3.weight - torch.Size([256]): 
ConstantInit: val=0, bias=0 

img_backbone.layer1.1.bn3.bias - torch.Size([256]): 
The value is the same before and after calling `init_weights` of BEVSegmentor  

img_backbone.layer1.2.conv1.weight - torch.Size([64, 256, 1, 1]): 
KaimingInit: a=0, mode=fan_out, nonlinearity=relu, distribution =normal, bias=0 

img_backbone.layer1.2.bn1.weight - torch.Size([64]): 
The value is the same before and after calling `init_weights` of BEVSegmentor  

img_backbone.layer1.2.bn1.bias - torch.Size([64]): 
The value is the same before and after calling `init_weights` of BEVSegmentor  

img_backbone.layer1.2.conv2.weight - torch.Size([64, 64, 3, 3]): 
KaimingInit: a=0, mode=fan_out, nonlinearity=relu, distribution =normal, bias=0 

img_backbone.layer1.2.bn2.weight - torch.Size([64]): 
The value is the same before and after calling `init_weights` of BEVSegmentor  

img_backbone.layer1.2.bn2.bias - torch.Size([64]): 
The value is the same before and after calling `init_weights` of BEVSegmentor  

img_backbone.layer1.2.conv3.weight - torch.Size([256, 64, 1, 1]): 
KaimingInit: a=0, mode=fan_out, nonlinearity=relu, distribution =normal, bias=0 

img_backbone.layer1.2.bn3.weight - torch.Size([256]): 
ConstantInit: val=0, bias=0 

img_backbone.layer1.2.bn3.bias - torch.Size([256]): 
The value is the same before and after calling `init_weights` of BEVSegmentor  

img_backbone.layer2.0.conv1.weight - torch.Size([128, 256, 1, 1]): 
KaimingInit: a=0, mode=fan_out, nonlinearity=relu, distribution =normal, bias=0 

img_backbone.layer2.0.bn1.weight - torch.Size([128]): 
The value is the same before and after calling `init_weights` of BEVSegmentor  

img_backbone.layer2.0.bn1.bias - torch.Size([128]): 
The value is the same before and after calling `init_weights` of BEVSegmentor  

img_backbone.layer2.0.conv2.weight - torch.Size([128, 128, 3, 3]): 
KaimingInit: a=0, mode=fan_out, nonlinearity=relu, distribution =normal, bias=0 

img_backbone.layer2.0.bn2.weight - torch.Size([128]): 
The value is the same before and after calling `init_weights` of BEVSegmentor  

img_backbone.layer2.0.bn2.bias - torch.Size([128]): 
The value is the same before and after calling `init_weights` of BEVSegmentor  

img_backbone.layer2.0.conv3.weight - torch.Size([512, 128, 1, 1]): 
KaimingInit: a=0, mode=fan_out, nonlinearity=relu, distribution =normal, bias=0 

img_backbone.layer2.0.bn3.weight - torch.Size([512]): 
ConstantInit: val=0, bias=0 

img_backbone.layer2.0.bn3.bias - torch.Size([512]): 
The value is the same before and after calling `init_weights` of BEVSegmentor  

img_backbone.layer2.0.downsample.0.weight - torch.Size([512, 256, 1, 1]): 
KaimingInit: a=0, mode=fan_out, nonlinearity=relu, distribution =normal, bias=0 

img_backbone.layer2.0.downsample.1.weight - torch.Size([512]): 
The value is the same before and after calling `init_weights` of BEVSegmentor  

img_backbone.layer2.0.downsample.1.bias - torch.Size([512]): 
The value is the same before and after calling `init_weights` of BEVSegmentor  

img_backbone.layer2.1.conv1.weight - torch.Size([128, 512, 1, 1]): 
KaimingInit: a=0, mode=fan_out, nonlinearity=relu, distribution =normal, bias=0 

img_backbone.layer2.1.bn1.weight - torch.Size([128]): 
The value is the same before and after calling `init_weights` of BEVSegmentor  

img_backbone.layer2.1.bn1.bias - torch.Size([128]): 
The value is the same before and after calling `init_weights` of BEVSegmentor  

img_backbone.layer2.1.conv2.weight - torch.Size([128, 128, 3, 3]): 
KaimingInit: a=0, mode=fan_out, nonlinearity=relu, distribution =normal, bias=0 

img_backbone.layer2.1.bn2.weight - torch.Size([128]): 
The value is the same before and after calling `init_weights` of BEVSegmentor  

img_backbone.layer2.1.bn2.bias - torch.Size([128]): 
The value is the same before and after calling `init_weights` of BEVSegmentor  

img_backbone.layer2.1.conv3.weight - torch.Size([512, 128, 1, 1]): 
KaimingInit: a=0, mode=fan_out, nonlinearity=relu, distribution =normal, bias=0 

img_backbone.layer2.1.bn3.weight - torch.Size([512]): 
ConstantInit: val=0, bias=0 

img_backbone.layer2.1.bn3.bias - torch.Size([512]): 
The value is the same before and after calling `init_weights` of BEVSegmentor  

img_backbone.layer2.2.conv1.weight - torch.Size([128, 512, 1, 1]): 
KaimingInit: a=0, mode=fan_out, nonlinearity=relu, distribution =normal, bias=0 

img_backbone.layer2.2.bn1.weight - torch.Size([128]): 
The value is the same before and after calling `init_weights` of BEVSegmentor  

img_backbone.layer2.2.bn1.bias - torch.Size([128]): 
The value is the same before and after calling `init_weights` of BEVSegmentor  

img_backbone.layer2.2.conv2.weight - torch.Size([128, 128, 3, 3]): 
KaimingInit: a=0, mode=fan_out, nonlinearity=relu, distribution =normal, bias=0 

img_backbone.layer2.2.bn2.weight - torch.Size([128]): 
The value is the same before and after calling `init_weights` of BEVSegmentor  

img_backbone.layer2.2.bn2.bias - torch.Size([128]): 
The value is the same before and after calling `init_weights` of BEVSegmentor  

img_backbone.layer2.2.conv3.weight - torch.Size([512, 128, 1, 1]): 
KaimingInit: a=0, mode=fan_out, nonlinearity=relu, distribution =normal, bias=0 

img_backbone.layer2.2.bn3.weight - torch.Size([512]): 
ConstantInit: val=0, bias=0 

img_backbone.layer2.2.bn3.bias - torch.Size([512]): 
The value is the same before and after calling `init_weights` of BEVSegmentor  

img_backbone.layer2.3.conv1.weight - torch.Size([128, 512, 1, 1]): 
KaimingInit: a=0, mode=fan_out, nonlinearity=relu, distribution =normal, bias=0 

img_backbone.layer2.3.bn1.weight - torch.Size([128]): 
The value is the same before and after calling `init_weights` of BEVSegmentor  

img_backbone.layer2.3.bn1.bias - torch.Size([128]): 
The value is the same before and after calling `init_weights` of BEVSegmentor  

img_backbone.layer2.3.conv2.weight - torch.Size([128, 128, 3, 3]): 
KaimingInit: a=0, mode=fan_out, nonlinearity=relu, distribution =normal, bias=0 

img_backbone.layer2.3.bn2.weight - torch.Size([128]): 
The value is the same before and after calling `init_weights` of BEVSegmentor  

img_backbone.layer2.3.bn2.bias - torch.Size([128]): 
The value is the same before and after calling `init_weights` of BEVSegmentor  

img_backbone.layer2.3.conv3.weight - torch.Size([512, 128, 1, 1]): 
KaimingInit: a=0, mode=fan_out, nonlinearity=relu, distribution =normal, bias=0 

img_backbone.layer2.3.bn3.weight - torch.Size([512]): 
ConstantInit: val=0, bias=0 

img_backbone.layer2.3.bn3.bias - torch.Size([512]): 
The value is the same before and after calling `init_weights` of BEVSegmentor  

img_backbone.layer3.0.conv1.weight - torch.Size([256, 512, 1, 1]): 
KaimingInit: a=0, mode=fan_out, nonlinearity=relu, distribution =normal, bias=0 

img_backbone.layer3.0.bn1.weight - torch.Size([256]): 
The value is the same before and after calling `init_weights` of BEVSegmentor  

img_backbone.layer3.0.bn1.bias - torch.Size([256]): 
The value is the same before and after calling `init_weights` of BEVSegmentor  

img_backbone.layer3.0.conv2.weight - torch.Size([256, 256, 3, 3]): 
Initialized by user-defined `init_weights` in ModulatedDeformConv2dPack  

img_backbone.layer3.0.conv2.conv_offset.weight - torch.Size([27, 256, 3, 3]): 
Initialized by user-defined `init_weights` in ModulatedDeformConv2dPack  

img_backbone.layer3.0.conv2.conv_offset.bias - torch.Size([27]): 
The value is the same before and after calling `init_weights` of BEVSegmentor  

img_backbone.layer3.0.bn2.weight - torch.Size([256]): 
The value is the same before and after calling `init_weights` of BEVSegmentor  

img_backbone.layer3.0.bn2.bias - torch.Size([256]): 
The value is the same before and after calling `init_weights` of BEVSegmentor  

img_backbone.layer3.0.conv3.weight - torch.Size([1024, 256, 1, 1]): 
KaimingInit: a=0, mode=fan_out, nonlinearity=relu, distribution =normal, bias=0 

img_backbone.layer3.0.bn3.weight - torch.Size([1024]): 
ConstantInit: val=0, bias=0 

img_backbone.layer3.0.bn3.bias - torch.Size([1024]): 
The value is the same before and after calling `init_weights` of BEVSegmentor  

img_backbone.layer3.0.downsample.0.weight - torch.Size([1024, 512, 1, 1]): 
KaimingInit: a=0, mode=fan_out, nonlinearity=relu, distribution =normal, bias=0 

img_backbone.layer3.0.downsample.1.weight - torch.Size([1024]): 
The value is the same before and after calling `init_weights` of BEVSegmentor  

img_backbone.layer3.0.downsample.1.bias - torch.Size([1024]): 
The value is the same before and after calling `init_weights` of BEVSegmentor  

img_backbone.layer3.1.conv1.weight - torch.Size([256, 1024, 1, 1]): 
KaimingInit: a=0, mode=fan_out, nonlinearity=relu, distribution =normal, bias=0 

img_backbone.layer3.1.bn1.weight - torch.Size([256]): 
The value is the same before and after calling `init_weights` of BEVSegmentor  

img_backbone.layer3.1.bn1.bias - torch.Size([256]): 
The value is the same before and after calling `init_weights` of BEVSegmentor  

img_backbone.layer3.1.conv2.weight - torch.Size([256, 256, 3, 3]): 
Initialized by user-defined `init_weights` in ModulatedDeformConv2dPack  

img_backbone.layer3.1.conv2.conv_offset.weight - torch.Size([27, 256, 3, 3]): 
Initialized by user-defined `init_weights` in ModulatedDeformConv2dPack  

img_backbone.layer3.1.conv2.conv_offset.bias - torch.Size([27]): 
The value is the same before and after calling `init_weights` of BEVSegmentor  

img_backbone.layer3.1.bn2.weight - torch.Size([256]): 
The value is the same before and after calling `init_weights` of BEVSegmentor  

img_backbone.layer3.1.bn2.bias - torch.Size([256]): 
The value is the same before and after calling `init_weights` of BEVSegmentor  

img_backbone.layer3.1.conv3.weight - torch.Size([1024, 256, 1, 1]): 
KaimingInit: a=0, mode=fan_out, nonlinearity=relu, distribution =normal, bias=0 

img_backbone.layer3.1.bn3.weight - torch.Size([1024]): 
ConstantInit: val=0, bias=0 

img_backbone.layer3.1.bn3.bias - torch.Size([1024]): 
The value is the same before and after calling `init_weights` of BEVSegmentor  

img_backbone.layer3.2.conv1.weight - torch.Size([256, 1024, 1, 1]): 
KaimingInit: a=0, mode=fan_out, nonlinearity=relu, distribution =normal, bias=0 

img_backbone.layer3.2.bn1.weight - torch.Size([256]): 
The value is the same before and after calling `init_weights` of BEVSegmentor  

img_backbone.layer3.2.bn1.bias - torch.Size([256]): 
The value is the same before and after calling `init_weights` of BEVSegmentor  

img_backbone.layer3.2.conv2.weight - torch.Size([256, 256, 3, 3]): 
Initialized by user-defined `init_weights` in ModulatedDeformConv2dPack  

img_backbone.layer3.2.conv2.conv_offset.weight - torch.Size([27, 256, 3, 3]): 
Initialized by user-defined `init_weights` in ModulatedDeformConv2dPack  

img_backbone.layer3.2.conv2.conv_offset.bias - torch.Size([27]): 
The value is the same before and after calling `init_weights` of BEVSegmentor  

img_backbone.layer3.2.bn2.weight - torch.Size([256]): 
The value is the same before and after calling `init_weights` of BEVSegmentor  

img_backbone.layer3.2.bn2.bias - torch.Size([256]): 
The value is the same before and after calling `init_weights` of BEVSegmentor  

img_backbone.layer3.2.conv3.weight - torch.Size([1024, 256, 1, 1]): 
KaimingInit: a=0, mode=fan_out, nonlinearity=relu, distribution =normal, bias=0 

img_backbone.layer3.2.bn3.weight - torch.Size([1024]): 
ConstantInit: val=0, bias=0 

img_backbone.layer3.2.bn3.bias - torch.Size([1024]): 
The value is the same before and after calling `init_weights` of BEVSegmentor  

img_backbone.layer3.3.conv1.weight - torch.Size([256, 1024, 1, 1]): 
KaimingInit: a=0, mode=fan_out, nonlinearity=relu, distribution =normal, bias=0 

img_backbone.layer3.3.bn1.weight - torch.Size([256]): 
The value is the same before and after calling `init_weights` of BEVSegmentor  

img_backbone.layer3.3.bn1.bias - torch.Size([256]): 
The value is the same before and after calling `init_weights` of BEVSegmentor  

img_backbone.layer3.3.conv2.weight - torch.Size([256, 256, 3, 3]): 
Initialized by user-defined `init_weights` in ModulatedDeformConv2dPack  

img_backbone.layer3.3.conv2.conv_offset.weight - torch.Size([27, 256, 3, 3]): 
Initialized by user-defined `init_weights` in ModulatedDeformConv2dPack  

img_backbone.layer3.3.conv2.conv_offset.bias - torch.Size([27]): 
The value is the same before and after calling `init_weights` of BEVSegmentor  

img_backbone.layer3.3.bn2.weight - torch.Size([256]): 
The value is the same before and after calling `init_weights` of BEVSegmentor  

img_backbone.layer3.3.bn2.bias - torch.Size([256]): 
The value is the same before and after calling `init_weights` of BEVSegmentor  

img_backbone.layer3.3.conv3.weight - torch.Size([1024, 256, 1, 1]): 
KaimingInit: a=0, mode=fan_out, nonlinearity=relu, distribution =normal, bias=0 

img_backbone.layer3.3.bn3.weight - torch.Size([1024]): 
ConstantInit: val=0, bias=0 

img_backbone.layer3.3.bn3.bias - torch.Size([1024]): 
The value is the same before and after calling `init_weights` of BEVSegmentor  

img_backbone.layer3.4.conv1.weight - torch.Size([256, 1024, 1, 1]): 
KaimingInit: a=0, mode=fan_out, nonlinearity=relu, distribution =normal, bias=0 

img_backbone.layer3.4.bn1.weight - torch.Size([256]): 
The value is the same before and after calling `init_weights` of BEVSegmentor  

img_backbone.layer3.4.bn1.bias - torch.Size([256]): 
The value is the same before and after calling `init_weights` of BEVSegmentor  

img_backbone.layer3.4.conv2.weight - torch.Size([256, 256, 3, 3]): 
Initialized by user-defined `init_weights` in ModulatedDeformConv2dPack  

img_backbone.layer3.4.conv2.conv_offset.weight - torch.Size([27, 256, 3, 3]): 
Initialized by user-defined `init_weights` in ModulatedDeformConv2dPack  

img_backbone.layer3.4.conv2.conv_offset.bias - torch.Size([27]): 
The value is the same before and after calling `init_weights` of BEVSegmentor  

img_backbone.layer3.4.bn2.weight - torch.Size([256]): 
The value is the same before and after calling `init_weights` of BEVSegmentor  

img_backbone.layer3.4.bn2.bias - torch.Size([256]): 
The value is the same before and after calling `init_weights` of BEVSegmentor  

img_backbone.layer3.4.conv3.weight - torch.Size([1024, 256, 1, 1]): 
KaimingInit: a=0, mode=fan_out, nonlinearity=relu, distribution =normal, bias=0 

img_backbone.layer3.4.bn3.weight - torch.Size([1024]): 
ConstantInit: val=0, bias=0 

img_backbone.layer3.4.bn3.bias - torch.Size([1024]): 
The value is the same before and after calling `init_weights` of BEVSegmentor  

img_backbone.layer3.5.conv1.weight - torch.Size([256, 1024, 1, 1]): 
KaimingInit: a=0, mode=fan_out, nonlinearity=relu, distribution =normal, bias=0 

img_backbone.layer3.5.bn1.weight - torch.Size([256]): 
The value is the same before and after calling `init_weights` of BEVSegmentor  

img_backbone.layer3.5.bn1.bias - torch.Size([256]): 
The value is the same before and after calling `init_weights` of BEVSegmentor  

img_backbone.layer3.5.conv2.weight - torch.Size([256, 256, 3, 3]): 
Initialized by user-defined `init_weights` in ModulatedDeformConv2dPack  

img_backbone.layer3.5.conv2.conv_offset.weight - torch.Size([27, 256, 3, 3]): 
Initialized by user-defined `init_weights` in ModulatedDeformConv2dPack  

img_backbone.layer3.5.conv2.conv_offset.bias - torch.Size([27]): 
The value is the same before and after calling `init_weights` of BEVSegmentor  

img_backbone.layer3.5.bn2.weight - torch.Size([256]): 
The value is the same before and after calling `init_weights` of BEVSegmentor  

img_backbone.layer3.5.bn2.bias - torch.Size([256]): 
The value is the same before and after calling `init_weights` of BEVSegmentor  

img_backbone.layer3.5.conv3.weight - torch.Size([1024, 256, 1, 1]): 
KaimingInit: a=0, mode=fan_out, nonlinearity=relu, distribution =normal, bias=0 

img_backbone.layer3.5.bn3.weight - torch.Size([1024]): 
ConstantInit: val=0, bias=0 

img_backbone.layer3.5.bn3.bias - torch.Size([1024]): 
The value is the same before and after calling `init_weights` of BEVSegmentor  

img_backbone.layer3.6.conv1.weight - torch.Size([256, 1024, 1, 1]): 
KaimingInit: a=0, mode=fan_out, nonlinearity=relu, distribution =normal, bias=0 

img_backbone.layer3.6.bn1.weight - torch.Size([256]): 
The value is the same before and after calling `init_weights` of BEVSegmentor  

img_backbone.layer3.6.bn1.bias - torch.Size([256]): 
The value is the same before and after calling `init_weights` of BEVSegmentor  

img_backbone.layer3.6.conv2.weight - torch.Size([256, 256, 3, 3]): 
Initialized by user-defined `init_weights` in ModulatedDeformConv2dPack  

img_backbone.layer3.6.conv2.conv_offset.weight - torch.Size([27, 256, 3, 3]): 
Initialized by user-defined `init_weights` in ModulatedDeformConv2dPack  

img_backbone.layer3.6.conv2.conv_offset.bias - torch.Size([27]): 
The value is the same before and after calling `init_weights` of BEVSegmentor  

img_backbone.layer3.6.bn2.weight - torch.Size([256]): 
The value is the same before and after calling `init_weights` of BEVSegmentor  

img_backbone.layer3.6.bn2.bias - torch.Size([256]): 
The value is the same before and after calling `init_weights` of BEVSegmentor  

img_backbone.layer3.6.conv3.weight - torch.Size([1024, 256, 1, 1]): 
KaimingInit: a=0, mode=fan_out, nonlinearity=relu, distribution =normal, bias=0 

img_backbone.layer3.6.bn3.weight - torch.Size([1024]): 
ConstantInit: val=0, bias=0 

img_backbone.layer3.6.bn3.bias - torch.Size([1024]): 
The value is the same before and after calling `init_weights` of BEVSegmentor  

img_backbone.layer3.7.conv1.weight - torch.Size([256, 1024, 1, 1]): 
KaimingInit: a=0, mode=fan_out, nonlinearity=relu, distribution =normal, bias=0 

img_backbone.layer3.7.bn1.weight - torch.Size([256]): 
The value is the same before and after calling `init_weights` of BEVSegmentor  

img_backbone.layer3.7.bn1.bias - torch.Size([256]): 
The value is the same before and after calling `init_weights` of BEVSegmentor  

img_backbone.layer3.7.conv2.weight - torch.Size([256, 256, 3, 3]): 
Initialized by user-defined `init_weights` in ModulatedDeformConv2dPack  

img_backbone.layer3.7.conv2.conv_offset.weight - torch.Size([27, 256, 3, 3]): 
Initialized by user-defined `init_weights` in ModulatedDeformConv2dPack  

img_backbone.layer3.7.conv2.conv_offset.bias - torch.Size([27]): 
The value is the same before and after calling `init_weights` of BEVSegmentor  

img_backbone.layer3.7.bn2.weight - torch.Size([256]): 
The value is the same before and after calling `init_weights` of BEVSegmentor  

img_backbone.layer3.7.bn2.bias - torch.Size([256]): 
The value is the same before and after calling `init_weights` of BEVSegmentor  

img_backbone.layer3.7.conv3.weight - torch.Size([1024, 256, 1, 1]): 
KaimingInit: a=0, mode=fan_out, nonlinearity=relu, distribution =normal, bias=0 

img_backbone.layer3.7.bn3.weight - torch.Size([1024]): 
ConstantInit: val=0, bias=0 

img_backbone.layer3.7.bn3.bias - torch.Size([1024]): 
The value is the same before and after calling `init_weights` of BEVSegmentor  

img_backbone.layer3.8.conv1.weight - torch.Size([256, 1024, 1, 1]): 
KaimingInit: a=0, mode=fan_out, nonlinearity=relu, distribution =normal, bias=0 

img_backbone.layer3.8.bn1.weight - torch.Size([256]): 
The value is the same before and after calling `init_weights` of BEVSegmentor  

img_backbone.layer3.8.bn1.bias - torch.Size([256]): 
The value is the same before and after calling `init_weights` of BEVSegmentor  

img_backbone.layer3.8.conv2.weight - torch.Size([256, 256, 3, 3]): 
Initialized by user-defined `init_weights` in ModulatedDeformConv2dPack  

img_backbone.layer3.8.conv2.conv_offset.weight - torch.Size([27, 256, 3, 3]): 
Initialized by user-defined `init_weights` in ModulatedDeformConv2dPack  

img_backbone.layer3.8.conv2.conv_offset.bias - torch.Size([27]): 
The value is the same before and after calling `init_weights` of BEVSegmentor  

img_backbone.layer3.8.bn2.weight - torch.Size([256]): 
The value is the same before and after calling `init_weights` of BEVSegmentor  

img_backbone.layer3.8.bn2.bias - torch.Size([256]): 
The value is the same before and after calling `init_weights` of BEVSegmentor  

img_backbone.layer3.8.conv3.weight - torch.Size([1024, 256, 1, 1]): 
KaimingInit: a=0, mode=fan_out, nonlinearity=relu, distribution =normal, bias=0 

img_backbone.layer3.8.bn3.weight - torch.Size([1024]): 
ConstantInit: val=0, bias=0 

img_backbone.layer3.8.bn3.bias - torch.Size([1024]): 
The value is the same before and after calling `init_weights` of BEVSegmentor  

img_backbone.layer3.9.conv1.weight - torch.Size([256, 1024, 1, 1]): 
KaimingInit: a=0, mode=fan_out, nonlinearity=relu, distribution =normal, bias=0 

img_backbone.layer3.9.bn1.weight - torch.Size([256]): 
The value is the same before and after calling `init_weights` of BEVSegmentor  

img_backbone.layer3.9.bn1.bias - torch.Size([256]): 
The value is the same before and after calling `init_weights` of BEVSegmentor  

img_backbone.layer3.9.conv2.weight - torch.Size([256, 256, 3, 3]): 
Initialized by user-defined `init_weights` in ModulatedDeformConv2dPack  

img_backbone.layer3.9.conv2.conv_offset.weight - torch.Size([27, 256, 3, 3]): 
Initialized by user-defined `init_weights` in ModulatedDeformConv2dPack  

img_backbone.layer3.9.conv2.conv_offset.bias - torch.Size([27]): 
The value is the same before and after calling `init_weights` of BEVSegmentor  

img_backbone.layer3.9.bn2.weight - torch.Size([256]): 
The value is the same before and after calling `init_weights` of BEVSegmentor  

img_backbone.layer3.9.bn2.bias - torch.Size([256]): 
The value is the same before and after calling `init_weights` of BEVSegmentor  

img_backbone.layer3.9.conv3.weight - torch.Size([1024, 256, 1, 1]): 
KaimingInit: a=0, mode=fan_out, nonlinearity=relu, distribution =normal, bias=0 

img_backbone.layer3.9.bn3.weight - torch.Size([1024]): 
ConstantInit: val=0, bias=0 

img_backbone.layer3.9.bn3.bias - torch.Size([1024]): 
The value is the same before and after calling `init_weights` of BEVSegmentor  

img_backbone.layer3.10.conv1.weight - torch.Size([256, 1024, 1, 1]): 
KaimingInit: a=0, mode=fan_out, nonlinearity=relu, distribution =normal, bias=0 

img_backbone.layer3.10.bn1.weight - torch.Size([256]): 
The value is the same before and after calling `init_weights` of BEVSegmentor  

img_backbone.layer3.10.bn1.bias - torch.Size([256]): 
The value is the same before and after calling `init_weights` of BEVSegmentor  

img_backbone.layer3.10.conv2.weight - torch.Size([256, 256, 3, 3]): 
Initialized by user-defined `init_weights` in ModulatedDeformConv2dPack  

img_backbone.layer3.10.conv2.conv_offset.weight - torch.Size([27, 256, 3, 3]): 
Initialized by user-defined `init_weights` in ModulatedDeformConv2dPack  

img_backbone.layer3.10.conv2.conv_offset.bias - torch.Size([27]): 
The value is the same before and after calling `init_weights` of BEVSegmentor  

img_backbone.layer3.10.bn2.weight - torch.Size([256]): 
The value is the same before and after calling `init_weights` of BEVSegmentor  

img_backbone.layer3.10.bn2.bias - torch.Size([256]): 
The value is the same before and after calling `init_weights` of BEVSegmentor  

img_backbone.layer3.10.conv3.weight - torch.Size([1024, 256, 1, 1]): 
KaimingInit: a=0, mode=fan_out, nonlinearity=relu, distribution =normal, bias=0 

img_backbone.layer3.10.bn3.weight - torch.Size([1024]): 
ConstantInit: val=0, bias=0 

img_backbone.layer3.10.bn3.bias - torch.Size([1024]): 
The value is the same before and after calling `init_weights` of BEVSegmentor  

img_backbone.layer3.11.conv1.weight - torch.Size([256, 1024, 1, 1]): 
KaimingInit: a=0, mode=fan_out, nonlinearity=relu, distribution =normal, bias=0 

img_backbone.layer3.11.bn1.weight - torch.Size([256]): 
The value is the same before and after calling `init_weights` of BEVSegmentor  

img_backbone.layer3.11.bn1.bias - torch.Size([256]): 
The value is the same before and after calling `init_weights` of BEVSegmentor  

img_backbone.layer3.11.conv2.weight - torch.Size([256, 256, 3, 3]): 
Initialized by user-defined `init_weights` in ModulatedDeformConv2dPack  

img_backbone.layer3.11.conv2.conv_offset.weight - torch.Size([27, 256, 3, 3]): 
Initialized by user-defined `init_weights` in ModulatedDeformConv2dPack  

img_backbone.layer3.11.conv2.conv_offset.bias - torch.Size([27]): 
The value is the same before and after calling `init_weights` of BEVSegmentor  

img_backbone.layer3.11.bn2.weight - torch.Size([256]): 
The value is the same before and after calling `init_weights` of BEVSegmentor  

img_backbone.layer3.11.bn2.bias - torch.Size([256]): 
The value is the same before and after calling `init_weights` of BEVSegmentor  

img_backbone.layer3.11.conv3.weight - torch.Size([1024, 256, 1, 1]): 
KaimingInit: a=0, mode=fan_out, nonlinearity=relu, distribution =normal, bias=0 

img_backbone.layer3.11.bn3.weight - torch.Size([1024]): 
ConstantInit: val=0, bias=0 

img_backbone.layer3.11.bn3.bias - torch.Size([1024]): 
The value is the same before and after calling `init_weights` of BEVSegmentor  

img_backbone.layer3.12.conv1.weight - torch.Size([256, 1024, 1, 1]): 
KaimingInit: a=0, mode=fan_out, nonlinearity=relu, distribution =normal, bias=0 

img_backbone.layer3.12.bn1.weight - torch.Size([256]): 
The value is the same before and after calling `init_weights` of BEVSegmentor  

img_backbone.layer3.12.bn1.bias - torch.Size([256]): 
The value is the same before and after calling `init_weights` of BEVSegmentor  

img_backbone.layer3.12.conv2.weight - torch.Size([256, 256, 3, 3]): 
Initialized by user-defined `init_weights` in ModulatedDeformConv2dPack  

img_backbone.layer3.12.conv2.conv_offset.weight - torch.Size([27, 256, 3, 3]): 
Initialized by user-defined `init_weights` in ModulatedDeformConv2dPack  

img_backbone.layer3.12.conv2.conv_offset.bias - torch.Size([27]): 
The value is the same before and after calling `init_weights` of BEVSegmentor  

img_backbone.layer3.12.bn2.weight - torch.Size([256]): 
The value is the same before and after calling `init_weights` of BEVSegmentor  

img_backbone.layer3.12.bn2.bias - torch.Size([256]): 
The value is the same before and after calling `init_weights` of BEVSegmentor  

img_backbone.layer3.12.conv3.weight - torch.Size([1024, 256, 1, 1]): 
KaimingInit: a=0, mode=fan_out, nonlinearity=relu, distribution =normal, bias=0 

img_backbone.layer3.12.bn3.weight - torch.Size([1024]): 
ConstantInit: val=0, bias=0 

img_backbone.layer3.12.bn3.bias - torch.Size([1024]): 
The value is the same before and after calling `init_weights` of BEVSegmentor  

img_backbone.layer3.13.conv1.weight - torch.Size([256, 1024, 1, 1]): 
KaimingInit: a=0, mode=fan_out, nonlinearity=relu, distribution =normal, bias=0 

img_backbone.layer3.13.bn1.weight - torch.Size([256]): 
The value is the same before and after calling `init_weights` of BEVSegmentor  

img_backbone.layer3.13.bn1.bias - torch.Size([256]): 
The value is the same before and after calling `init_weights` of BEVSegmentor  

img_backbone.layer3.13.conv2.weight - torch.Size([256, 256, 3, 3]): 
Initialized by user-defined `init_weights` in ModulatedDeformConv2dPack  

img_backbone.layer3.13.conv2.conv_offset.weight - torch.Size([27, 256, 3, 3]): 
Initialized by user-defined `init_weights` in ModulatedDeformConv2dPack  

img_backbone.layer3.13.conv2.conv_offset.bias - torch.Size([27]): 
The value is the same before and after calling `init_weights` of BEVSegmentor  

img_backbone.layer3.13.bn2.weight - torch.Size([256]): 
The value is the same before and after calling `init_weights` of BEVSegmentor  

img_backbone.layer3.13.bn2.bias - torch.Size([256]): 
The value is the same before and after calling `init_weights` of BEVSegmentor  

img_backbone.layer3.13.conv3.weight - torch.Size([1024, 256, 1, 1]): 
KaimingInit: a=0, mode=fan_out, nonlinearity=relu, distribution =normal, bias=0 

img_backbone.layer3.13.bn3.weight - torch.Size([1024]): 
ConstantInit: val=0, bias=0 

img_backbone.layer3.13.bn3.bias - torch.Size([1024]): 
The value is the same before and after calling `init_weights` of BEVSegmentor  

img_backbone.layer3.14.conv1.weight - torch.Size([256, 1024, 1, 1]): 
KaimingInit: a=0, mode=fan_out, nonlinearity=relu, distribution =normal, bias=0 

img_backbone.layer3.14.bn1.weight - torch.Size([256]): 
The value is the same before and after calling `init_weights` of BEVSegmentor  

img_backbone.layer3.14.bn1.bias - torch.Size([256]): 
The value is the same before and after calling `init_weights` of BEVSegmentor  

img_backbone.layer3.14.conv2.weight - torch.Size([256, 256, 3, 3]): 
Initialized by user-defined `init_weights` in ModulatedDeformConv2dPack  

img_backbone.layer3.14.conv2.conv_offset.weight - torch.Size([27, 256, 3, 3]): 
Initialized by user-defined `init_weights` in ModulatedDeformConv2dPack  

img_backbone.layer3.14.conv2.conv_offset.bias - torch.Size([27]): 
The value is the same before and after calling `init_weights` of BEVSegmentor  

img_backbone.layer3.14.bn2.weight - torch.Size([256]): 
The value is the same before and after calling `init_weights` of BEVSegmentor  

img_backbone.layer3.14.bn2.bias - torch.Size([256]): 
The value is the same before and after calling `init_weights` of BEVSegmentor  

img_backbone.layer3.14.conv3.weight - torch.Size([1024, 256, 1, 1]): 
KaimingInit: a=0, mode=fan_out, nonlinearity=relu, distribution =normal, bias=0 

img_backbone.layer3.14.bn3.weight - torch.Size([1024]): 
ConstantInit: val=0, bias=0 

img_backbone.layer3.14.bn3.bias - torch.Size([1024]): 
The value is the same before and after calling `init_weights` of BEVSegmentor  

img_backbone.layer3.15.conv1.weight - torch.Size([256, 1024, 1, 1]): 
KaimingInit: a=0, mode=fan_out, nonlinearity=relu, distribution =normal, bias=0 

img_backbone.layer3.15.bn1.weight - torch.Size([256]): 
The value is the same before and after calling `init_weights` of BEVSegmentor  

img_backbone.layer3.15.bn1.bias - torch.Size([256]): 
The value is the same before and after calling `init_weights` of BEVSegmentor  

img_backbone.layer3.15.conv2.weight - torch.Size([256, 256, 3, 3]): 
Initialized by user-defined `init_weights` in ModulatedDeformConv2dPack  

img_backbone.layer3.15.conv2.conv_offset.weight - torch.Size([27, 256, 3, 3]): 
Initialized by user-defined `init_weights` in ModulatedDeformConv2dPack  

img_backbone.layer3.15.conv2.conv_offset.bias - torch.Size([27]): 
The value is the same before and after calling `init_weights` of BEVSegmentor  

img_backbone.layer3.15.bn2.weight - torch.Size([256]): 
The value is the same before and after calling `init_weights` of BEVSegmentor  

img_backbone.layer3.15.bn2.bias - torch.Size([256]): 
The value is the same before and after calling `init_weights` of BEVSegmentor  

img_backbone.layer3.15.conv3.weight - torch.Size([1024, 256, 1, 1]): 
KaimingInit: a=0, mode=fan_out, nonlinearity=relu, distribution =normal, bias=0 

img_backbone.layer3.15.bn3.weight - torch.Size([1024]): 
ConstantInit: val=0, bias=0 

img_backbone.layer3.15.bn3.bias - torch.Size([1024]): 
The value is the same before and after calling `init_weights` of BEVSegmentor  

img_backbone.layer3.16.conv1.weight - torch.Size([256, 1024, 1, 1]): 
KaimingInit: a=0, mode=fan_out, nonlinearity=relu, distribution =normal, bias=0 

img_backbone.layer3.16.bn1.weight - torch.Size([256]): 
The value is the same before and after calling `init_weights` of BEVSegmentor  

img_backbone.layer3.16.bn1.bias - torch.Size([256]): 
The value is the same before and after calling `init_weights` of BEVSegmentor  

img_backbone.layer3.16.conv2.weight - torch.Size([256, 256, 3, 3]): 
Initialized by user-defined `init_weights` in ModulatedDeformConv2dPack  

img_backbone.layer3.16.conv2.conv_offset.weight - torch.Size([27, 256, 3, 3]): 
Initialized by user-defined `init_weights` in ModulatedDeformConv2dPack  

img_backbone.layer3.16.conv2.conv_offset.bias - torch.Size([27]): 
The value is the same before and after calling `init_weights` of BEVSegmentor  

img_backbone.layer3.16.bn2.weight - torch.Size([256]): 
The value is the same before and after calling `init_weights` of BEVSegmentor  

img_backbone.layer3.16.bn2.bias - torch.Size([256]): 
The value is the same before and after calling `init_weights` of BEVSegmentor  

img_backbone.layer3.16.conv3.weight - torch.Size([1024, 256, 1, 1]): 
KaimingInit: a=0, mode=fan_out, nonlinearity=relu, distribution =normal, bias=0 

img_backbone.layer3.16.bn3.weight - torch.Size([1024]): 
ConstantInit: val=0, bias=0 

img_backbone.layer3.16.bn3.bias - torch.Size([1024]): 
The value is the same before and after calling `init_weights` of BEVSegmentor  

img_backbone.layer3.17.conv1.weight - torch.Size([256, 1024, 1, 1]): 
KaimingInit: a=0, mode=fan_out, nonlinearity=relu, distribution =normal, bias=0 

img_backbone.layer3.17.bn1.weight - torch.Size([256]): 
The value is the same before and after calling `init_weights` of BEVSegmentor  

img_backbone.layer3.17.bn1.bias - torch.Size([256]): 
The value is the same before and after calling `init_weights` of BEVSegmentor  

img_backbone.layer3.17.conv2.weight - torch.Size([256, 256, 3, 3]): 
Initialized by user-defined `init_weights` in ModulatedDeformConv2dPack  

img_backbone.layer3.17.conv2.conv_offset.weight - torch.Size([27, 256, 3, 3]): 
Initialized by user-defined `init_weights` in ModulatedDeformConv2dPack  

img_backbone.layer3.17.conv2.conv_offset.bias - torch.Size([27]): 
The value is the same before and after calling `init_weights` of BEVSegmentor  

img_backbone.layer3.17.bn2.weight - torch.Size([256]): 
The value is the same before and after calling `init_weights` of BEVSegmentor  

img_backbone.layer3.17.bn2.bias - torch.Size([256]): 
The value is the same before and after calling `init_weights` of BEVSegmentor  

img_backbone.layer3.17.conv3.weight - torch.Size([1024, 256, 1, 1]): 
KaimingInit: a=0, mode=fan_out, nonlinearity=relu, distribution =normal, bias=0 

img_backbone.layer3.17.bn3.weight - torch.Size([1024]): 
ConstantInit: val=0, bias=0 

img_backbone.layer3.17.bn3.bias - torch.Size([1024]): 
The value is the same before and after calling `init_weights` of BEVSegmentor  

img_backbone.layer3.18.conv1.weight - torch.Size([256, 1024, 1, 1]): 
KaimingInit: a=0, mode=fan_out, nonlinearity=relu, distribution =normal, bias=0 

img_backbone.layer3.18.bn1.weight - torch.Size([256]): 
The value is the same before and after calling `init_weights` of BEVSegmentor  

img_backbone.layer3.18.bn1.bias - torch.Size([256]): 
The value is the same before and after calling `init_weights` of BEVSegmentor  

img_backbone.layer3.18.conv2.weight - torch.Size([256, 256, 3, 3]): 
Initialized by user-defined `init_weights` in ModulatedDeformConv2dPack  

img_backbone.layer3.18.conv2.conv_offset.weight - torch.Size([27, 256, 3, 3]): 
Initialized by user-defined `init_weights` in ModulatedDeformConv2dPack  

img_backbone.layer3.18.conv2.conv_offset.bias - torch.Size([27]): 
The value is the same before and after calling `init_weights` of BEVSegmentor  

img_backbone.layer3.18.bn2.weight - torch.Size([256]): 
The value is the same before and after calling `init_weights` of BEVSegmentor  

img_backbone.layer3.18.bn2.bias - torch.Size([256]): 
The value is the same before and after calling `init_weights` of BEVSegmentor  

img_backbone.layer3.18.conv3.weight - torch.Size([1024, 256, 1, 1]): 
KaimingInit: a=0, mode=fan_out, nonlinearity=relu, distribution =normal, bias=0 

img_backbone.layer3.18.bn3.weight - torch.Size([1024]): 
ConstantInit: val=0, bias=0 

img_backbone.layer3.18.bn3.bias - torch.Size([1024]): 
The value is the same before and after calling `init_weights` of BEVSegmentor  

img_backbone.layer3.19.conv1.weight - torch.Size([256, 1024, 1, 1]): 
KaimingInit: a=0, mode=fan_out, nonlinearity=relu, distribution =normal, bias=0 

img_backbone.layer3.19.bn1.weight - torch.Size([256]): 
The value is the same before and after calling `init_weights` of BEVSegmentor  

img_backbone.layer3.19.bn1.bias - torch.Size([256]): 
The value is the same before and after calling `init_weights` of BEVSegmentor  

img_backbone.layer3.19.conv2.weight - torch.Size([256, 256, 3, 3]): 
Initialized by user-defined `init_weights` in ModulatedDeformConv2dPack  

img_backbone.layer3.19.conv2.conv_offset.weight - torch.Size([27, 256, 3, 3]): 
Initialized by user-defined `init_weights` in ModulatedDeformConv2dPack  

img_backbone.layer3.19.conv2.conv_offset.bias - torch.Size([27]): 
The value is the same before and after calling `init_weights` of BEVSegmentor  

img_backbone.layer3.19.bn2.weight - torch.Size([256]): 
The value is the same before and after calling `init_weights` of BEVSegmentor  

img_backbone.layer3.19.bn2.bias - torch.Size([256]): 
The value is the same before and after calling `init_weights` of BEVSegmentor  

img_backbone.layer3.19.conv3.weight - torch.Size([1024, 256, 1, 1]): 
KaimingInit: a=0, mode=fan_out, nonlinearity=relu, distribution =normal, bias=0 

img_backbone.layer3.19.bn3.weight - torch.Size([1024]): 
ConstantInit: val=0, bias=0 

img_backbone.layer3.19.bn3.bias - torch.Size([1024]): 
The value is the same before and after calling `init_weights` of BEVSegmentor  

img_backbone.layer3.20.conv1.weight - torch.Size([256, 1024, 1, 1]): 
KaimingInit: a=0, mode=fan_out, nonlinearity=relu, distribution =normal, bias=0 

img_backbone.layer3.20.bn1.weight - torch.Size([256]): 
The value is the same before and after calling `init_weights` of BEVSegmentor  

img_backbone.layer3.20.bn1.bias - torch.Size([256]): 
The value is the same before and after calling `init_weights` of BEVSegmentor  

img_backbone.layer3.20.conv2.weight - torch.Size([256, 256, 3, 3]): 
Initialized by user-defined `init_weights` in ModulatedDeformConv2dPack  

img_backbone.layer3.20.conv2.conv_offset.weight - torch.Size([27, 256, 3, 3]): 
Initialized by user-defined `init_weights` in ModulatedDeformConv2dPack  

img_backbone.layer3.20.conv2.conv_offset.bias - torch.Size([27]): 
The value is the same before and after calling `init_weights` of BEVSegmentor  

img_backbone.layer3.20.bn2.weight - torch.Size([256]): 
The value is the same before and after calling `init_weights` of BEVSegmentor  

img_backbone.layer3.20.bn2.bias - torch.Size([256]): 
The value is the same before and after calling `init_weights` of BEVSegmentor  

img_backbone.layer3.20.conv3.weight - torch.Size([1024, 256, 1, 1]): 
KaimingInit: a=0, mode=fan_out, nonlinearity=relu, distribution =normal, bias=0 

img_backbone.layer3.20.bn3.weight - torch.Size([1024]): 
ConstantInit: val=0, bias=0 

img_backbone.layer3.20.bn3.bias - torch.Size([1024]): 
The value is the same before and after calling `init_weights` of BEVSegmentor  

img_backbone.layer3.21.conv1.weight - torch.Size([256, 1024, 1, 1]): 
KaimingInit: a=0, mode=fan_out, nonlinearity=relu, distribution =normal, bias=0 

img_backbone.layer3.21.bn1.weight - torch.Size([256]): 
The value is the same before and after calling `init_weights` of BEVSegmentor  

img_backbone.layer3.21.bn1.bias - torch.Size([256]): 
The value is the same before and after calling `init_weights` of BEVSegmentor  

img_backbone.layer3.21.conv2.weight - torch.Size([256, 256, 3, 3]): 
Initialized by user-defined `init_weights` in ModulatedDeformConv2dPack  

img_backbone.layer3.21.conv2.conv_offset.weight - torch.Size([27, 256, 3, 3]): 
Initialized by user-defined `init_weights` in ModulatedDeformConv2dPack  

img_backbone.layer3.21.conv2.conv_offset.bias - torch.Size([27]): 
The value is the same before and after calling `init_weights` of BEVSegmentor  

img_backbone.layer3.21.bn2.weight - torch.Size([256]): 
The value is the same before and after calling `init_weights` of BEVSegmentor  

img_backbone.layer3.21.bn2.bias - torch.Size([256]): 
The value is the same before and after calling `init_weights` of BEVSegmentor  

img_backbone.layer3.21.conv3.weight - torch.Size([1024, 256, 1, 1]): 
KaimingInit: a=0, mode=fan_out, nonlinearity=relu, distribution =normal, bias=0 

img_backbone.layer3.21.bn3.weight - torch.Size([1024]): 
ConstantInit: val=0, bias=0 

img_backbone.layer3.21.bn3.bias - torch.Size([1024]): 
The value is the same before and after calling `init_weights` of BEVSegmentor  

img_backbone.layer3.22.conv1.weight - torch.Size([256, 1024, 1, 1]): 
KaimingInit: a=0, mode=fan_out, nonlinearity=relu, distribution =normal, bias=0 

img_backbone.layer3.22.bn1.weight - torch.Size([256]): 
The value is the same before and after calling `init_weights` of BEVSegmentor  

img_backbone.layer3.22.bn1.bias - torch.Size([256]): 
The value is the same before and after calling `init_weights` of BEVSegmentor  

img_backbone.layer3.22.conv2.weight - torch.Size([256, 256, 3, 3]): 
Initialized by user-defined `init_weights` in ModulatedDeformConv2dPack  

img_backbone.layer3.22.conv2.conv_offset.weight - torch.Size([27, 256, 3, 3]): 
Initialized by user-defined `init_weights` in ModulatedDeformConv2dPack  

img_backbone.layer3.22.conv2.conv_offset.bias - torch.Size([27]): 
The value is the same before and after calling `init_weights` of BEVSegmentor  

img_backbone.layer3.22.bn2.weight - torch.Size([256]): 
The value is the same before and after calling `init_weights` of BEVSegmentor  

img_backbone.layer3.22.bn2.bias - torch.Size([256]): 
The value is the same before and after calling `init_weights` of BEVSegmentor  

img_backbone.layer3.22.conv3.weight - torch.Size([1024, 256, 1, 1]): 
KaimingInit: a=0, mode=fan_out, nonlinearity=relu, distribution =normal, bias=0 

img_backbone.layer3.22.bn3.weight - torch.Size([1024]): 
ConstantInit: val=0, bias=0 

img_backbone.layer3.22.bn3.bias - torch.Size([1024]): 
The value is the same before and after calling `init_weights` of BEVSegmentor  

img_backbone.layer4.0.conv1.weight - torch.Size([512, 1024, 1, 1]): 
KaimingInit: a=0, mode=fan_out, nonlinearity=relu, distribution =normal, bias=0 

img_backbone.layer4.0.bn1.weight - torch.Size([512]): 
The value is the same before and after calling `init_weights` of BEVSegmentor  

img_backbone.layer4.0.bn1.bias - torch.Size([512]): 
The value is the same before and after calling `init_weights` of BEVSegmentor  

img_backbone.layer4.0.conv2.weight - torch.Size([512, 512, 3, 3]): 
Initialized by user-defined `init_weights` in ModulatedDeformConv2dPack  

img_backbone.layer4.0.conv2.conv_offset.weight - torch.Size([27, 512, 3, 3]): 
Initialized by user-defined `init_weights` in ModulatedDeformConv2dPack  

img_backbone.layer4.0.conv2.conv_offset.bias - torch.Size([27]): 
The value is the same before and after calling `init_weights` of BEVSegmentor  

img_backbone.layer4.0.bn2.weight - torch.Size([512]): 
The value is the same before and after calling `init_weights` of BEVSegmentor  

img_backbone.layer4.0.bn2.bias - torch.Size([512]): 
The value is the same before and after calling `init_weights` of BEVSegmentor  

img_backbone.layer4.0.conv3.weight - torch.Size([2048, 512, 1, 1]): 
KaimingInit: a=0, mode=fan_out, nonlinearity=relu, distribution =normal, bias=0 

img_backbone.layer4.0.bn3.weight - torch.Size([2048]): 
ConstantInit: val=0, bias=0 

img_backbone.layer4.0.bn3.bias - torch.Size([2048]): 
The value is the same before and after calling `init_weights` of BEVSegmentor  

img_backbone.layer4.0.downsample.0.weight - torch.Size([2048, 1024, 1, 1]): 
KaimingInit: a=0, mode=fan_out, nonlinearity=relu, distribution =normal, bias=0 

img_backbone.layer4.0.downsample.1.weight - torch.Size([2048]): 
The value is the same before and after calling `init_weights` of BEVSegmentor  

img_backbone.layer4.0.downsample.1.bias - torch.Size([2048]): 
The value is the same before and after calling `init_weights` of BEVSegmentor  

img_backbone.layer4.1.conv1.weight - torch.Size([512, 2048, 1, 1]): 
KaimingInit: a=0, mode=fan_out, nonlinearity=relu, distribution =normal, bias=0 

img_backbone.layer4.1.bn1.weight - torch.Size([512]): 
The value is the same before and after calling `init_weights` of BEVSegmentor  

img_backbone.layer4.1.bn1.bias - torch.Size([512]): 
The value is the same before and after calling `init_weights` of BEVSegmentor  

img_backbone.layer4.1.conv2.weight - torch.Size([512, 512, 3, 3]): 
Initialized by user-defined `init_weights` in ModulatedDeformConv2dPack  

img_backbone.layer4.1.conv2.conv_offset.weight - torch.Size([27, 512, 3, 3]): 
Initialized by user-defined `init_weights` in ModulatedDeformConv2dPack  

img_backbone.layer4.1.conv2.conv_offset.bias - torch.Size([27]): 
The value is the same before and after calling `init_weights` of BEVSegmentor  

img_backbone.layer4.1.bn2.weight - torch.Size([512]): 
The value is the same before and after calling `init_weights` of BEVSegmentor  

img_backbone.layer4.1.bn2.bias - torch.Size([512]): 
The value is the same before and after calling `init_weights` of BEVSegmentor  

img_backbone.layer4.1.conv3.weight - torch.Size([2048, 512, 1, 1]): 
KaimingInit: a=0, mode=fan_out, nonlinearity=relu, distribution =normal, bias=0 

img_backbone.layer4.1.bn3.weight - torch.Size([2048]): 
ConstantInit: val=0, bias=0 

img_backbone.layer4.1.bn3.bias - torch.Size([2048]): 
The value is the same before and after calling `init_weights` of BEVSegmentor  

img_backbone.layer4.2.conv1.weight - torch.Size([512, 2048, 1, 1]): 
KaimingInit: a=0, mode=fan_out, nonlinearity=relu, distribution =normal, bias=0 

img_backbone.layer4.2.bn1.weight - torch.Size([512]): 
The value is the same before and after calling `init_weights` of BEVSegmentor  

img_backbone.layer4.2.bn1.bias - torch.Size([512]): 
The value is the same before and after calling `init_weights` of BEVSegmentor  

img_backbone.layer4.2.conv2.weight - torch.Size([512, 512, 3, 3]): 
Initialized by user-defined `init_weights` in ModulatedDeformConv2dPack  

img_backbone.layer4.2.conv2.conv_offset.weight - torch.Size([27, 512, 3, 3]): 
Initialized by user-defined `init_weights` in ModulatedDeformConv2dPack  

img_backbone.layer4.2.conv2.conv_offset.bias - torch.Size([27]): 
The value is the same before and after calling `init_weights` of BEVSegmentor  

img_backbone.layer4.2.bn2.weight - torch.Size([512]): 
The value is the same before and after calling `init_weights` of BEVSegmentor  

img_backbone.layer4.2.bn2.bias - torch.Size([512]): 
The value is the same before and after calling `init_weights` of BEVSegmentor  

img_backbone.layer4.2.conv3.weight - torch.Size([2048, 512, 1, 1]): 
KaimingInit: a=0, mode=fan_out, nonlinearity=relu, distribution =normal, bias=0 

img_backbone.layer4.2.bn3.weight - torch.Size([2048]): 
ConstantInit: val=0, bias=0 

img_backbone.layer4.2.bn3.bias - torch.Size([2048]): 
The value is the same before and after calling `init_weights` of BEVSegmentor  

img_neck.lateral_convs.0.conv.weight - torch.Size([128, 512, 1, 1]): 
XavierInit: gain=1, distribution=uniform, bias=0 

img_neck.lateral_convs.0.conv.bias - torch.Size([128]): 
The value is the same before and after calling `init_weights` of BEVSegmentor  

img_neck.lateral_convs.1.conv.weight - torch.Size([128, 1024, 1, 1]): 
XavierInit: gain=1, distribution=uniform, bias=0 

img_neck.lateral_convs.1.conv.bias - torch.Size([128]): 
The value is the same before and after calling `init_weights` of BEVSegmentor  

img_neck.lateral_convs.2.conv.weight - torch.Size([128, 2048, 1, 1]): 
XavierInit: gain=1, distribution=uniform, bias=0 

img_neck.lateral_convs.2.conv.bias - torch.Size([128]): 
The value is the same before and after calling `init_weights` of BEVSegmentor  

img_neck.fpn_convs.0.conv.weight - torch.Size([128, 128, 3, 3]): 
XavierInit: gain=1, distribution=uniform, bias=0 

img_neck.fpn_convs.0.conv.bias - torch.Size([128]): 
The value is the same before and after calling `init_weights` of BEVSegmentor  

img_neck.fpn_convs.1.conv.weight - torch.Size([128, 128, 3, 3]): 
XavierInit: gain=1, distribution=uniform, bias=0 

img_neck.fpn_convs.1.conv.bias - torch.Size([128]): 
The value is the same before and after calling `init_weights` of BEVSegmentor  

img_neck.fpn_convs.2.conv.weight - torch.Size([128, 128, 3, 3]): 
XavierInit: gain=1, distribution=uniform, bias=0 

img_neck.fpn_convs.2.conv.bias - torch.Size([128]): 
The value is the same before and after calling `init_weights` of BEVSegmentor  

img_neck.fpn_convs.3.conv.weight - torch.Size([128, 128, 3, 3]): 
XavierInit: gain=1, distribution=uniform, bias=0 

img_neck.fpn_convs.3.conv.bias - torch.Size([128]): 
The value is the same before and after calling `init_weights` of BEVSegmentor  

lifter.anchor - torch.Size([25600, 40]): 
The value is the same before and after calling `init_weights` of BEVSegmentor  

encoder.anchor_encoder.xyz_fc.0.weight - torch.Size([128, 3]): 
The value is the same before and after calling `init_weights` of BEVSegmentor  

encoder.anchor_encoder.xyz_fc.0.bias - torch.Size([128]): 
The value is the same before and after calling `init_weights` of BEVSegmentor  

encoder.anchor_encoder.xyz_fc.2.weight - torch.Size([128]): 
The value is the same before and after calling `init_weights` of BEVSegmentor  

encoder.anchor_encoder.xyz_fc.2.bias - torch.Size([128]): 
The value is the same before and after calling `init_weights` of BEVSegmentor  

encoder.anchor_encoder.xyz_fc.3.weight - torch.Size([128, 128]): 
The value is the same before and after calling `init_weights` of BEVSegmentor  

encoder.anchor_encoder.xyz_fc.3.bias - torch.Size([128]): 
The value is the same before and after calling `init_weights` of BEVSegmentor  

encoder.anchor_encoder.xyz_fc.5.weight - torch.Size([128]): 
The value is the same before and after calling `init_weights` of BEVSegmentor  

encoder.anchor_encoder.xyz_fc.5.bias - torch.Size([128]): 
The value is the same before and after calling `init_weights` of BEVSegmentor  

encoder.anchor_encoder.scale_fc.0.weight - torch.Size([128, 3]): 
The value is the same before and after calling `init_weights` of BEVSegmentor  

encoder.anchor_encoder.scale_fc.0.bias - torch.Size([128]): 
The value is the same before and after calling `init_weights` of BEVSegmentor  

encoder.anchor_encoder.scale_fc.2.weight - torch.Size([128]): 
The value is the same before and after calling `init_weights` of BEVSegmentor  

encoder.anchor_encoder.scale_fc.2.bias - torch.Size([128]): 
The value is the same before and after calling `init_weights` of BEVSegmentor  

encoder.anchor_encoder.scale_fc.3.weight - torch.Size([128, 128]): 
The value is the same before and after calling `init_weights` of BEVSegmentor  

encoder.anchor_encoder.scale_fc.3.bias - torch.Size([128]): 
The value is the same before and after calling `init_weights` of BEVSegmentor  

encoder.anchor_encoder.scale_fc.5.weight - torch.Size([128]): 
The value is the same before and after calling `init_weights` of BEVSegmentor  

encoder.anchor_encoder.scale_fc.5.bias - torch.Size([128]): 
The value is the same before and after calling `init_weights` of BEVSegmentor  

encoder.anchor_encoder.rot_fc.0.weight - torch.Size([128, 4]): 
The value is the same before and after calling `init_weights` of BEVSegmentor  

encoder.anchor_encoder.rot_fc.0.bias - torch.Size([128]): 
The value is the same before and after calling `init_weights` of BEVSegmentor  

encoder.anchor_encoder.rot_fc.2.weight - torch.Size([128]): 
The value is the same before and after calling `init_weights` of BEVSegmentor  

encoder.anchor_encoder.rot_fc.2.bias - torch.Size([128]): 
The value is the same before and after calling `init_weights` of BEVSegmentor  

encoder.anchor_encoder.rot_fc.3.weight - torch.Size([128, 128]): 
The value is the same before and after calling `init_weights` of BEVSegmentor  

encoder.anchor_encoder.rot_fc.3.bias - torch.Size([128]): 
The value is the same before and after calling `init_weights` of BEVSegmentor  

encoder.anchor_encoder.rot_fc.5.weight - torch.Size([128]): 
The value is the same before and after calling `init_weights` of BEVSegmentor  

encoder.anchor_encoder.rot_fc.5.bias - torch.Size([128]): 
The value is the same before and after calling `init_weights` of BEVSegmentor  

encoder.anchor_encoder.opacity_fc.0.weight - torch.Size([128, 1]): 
The value is the same before and after calling `init_weights` of BEVSegmentor  

encoder.anchor_encoder.opacity_fc.0.bias - torch.Size([128]): 
The value is the same before and after calling `init_weights` of BEVSegmentor  

encoder.anchor_encoder.opacity_fc.2.weight - torch.Size([128]): 
The value is the same before and after calling `init_weights` of BEVSegmentor  

encoder.anchor_encoder.opacity_fc.2.bias - torch.Size([128]): 
The value is the same before and after calling `init_weights` of BEVSegmentor  

encoder.anchor_encoder.opacity_fc.3.weight - torch.Size([128, 128]): 
The value is the same before and after calling `init_weights` of BEVSegmentor  

encoder.anchor_encoder.opacity_fc.3.bias - torch.Size([128]): 
The value is the same before and after calling `init_weights` of BEVSegmentor  

encoder.anchor_encoder.opacity_fc.5.weight - torch.Size([128]): 
The value is the same before and after calling `init_weights` of BEVSegmentor  

encoder.anchor_encoder.opacity_fc.5.bias - torch.Size([128]): 
The value is the same before and after calling `init_weights` of BEVSegmentor  

encoder.anchor_encoder.semantics_fc.0.weight - torch.Size([128, 17]): 
The value is the same before and after calling `init_weights` of BEVSegmentor  

encoder.anchor_encoder.semantics_fc.0.bias - torch.Size([128]): 
The value is the same before and after calling `init_weights` of BEVSegmentor  

encoder.anchor_encoder.semantics_fc.2.weight - torch.Size([128]): 
The value is the same before and after calling `init_weights` of BEVSegmentor  

encoder.anchor_encoder.semantics_fc.2.bias - torch.Size([128]): 
The value is the same before and after calling `init_weights` of BEVSegmentor  

encoder.anchor_encoder.semantics_fc.3.weight - torch.Size([128, 128]): 
The value is the same before and after calling `init_weights` of BEVSegmentor  

encoder.anchor_encoder.semantics_fc.3.bias - torch.Size([128]): 
The value is the same before and after calling `init_weights` of BEVSegmentor  

encoder.anchor_encoder.semantics_fc.5.weight - torch.Size([128]): 
The value is the same before and after calling `init_weights` of BEVSegmentor  

encoder.anchor_encoder.semantics_fc.5.bias - torch.Size([128]): 
The value is the same before and after calling `init_weights` of BEVSegmentor  

encoder.anchor_encoder.offset_fc.0.weight - torch.Size([128, 12]): 
The value is the same before and after calling `init_weights` of BEVSegmentor  

encoder.anchor_encoder.offset_fc.0.bias - torch.Size([128]): 
The value is the same before and after calling `init_weights` of BEVSegmentor  

encoder.anchor_encoder.offset_fc.2.weight - torch.Size([128]): 
The value is the same before and after calling `init_weights` of BEVSegmentor  

encoder.anchor_encoder.offset_fc.2.bias - torch.Size([128]): 
The value is the same before and after calling `init_weights` of BEVSegmentor  

encoder.anchor_encoder.offset_fc.3.weight - torch.Size([128, 128]): 
The value is the same before and after calling `init_weights` of BEVSegmentor  

encoder.anchor_encoder.offset_fc.3.bias - torch.Size([128]): 
The value is the same before and after calling `init_weights` of BEVSegmentor  

encoder.anchor_encoder.offset_fc.5.weight - torch.Size([128]): 
The value is the same before and after calling `init_weights` of BEVSegmentor  

encoder.anchor_encoder.offset_fc.5.bias - torch.Size([128]): 
The value is the same before and after calling `init_weights` of BEVSegmentor  

encoder.anchor_encoder.output_fc.0.weight - torch.Size([128, 128]): 
The value is the same before and after calling `init_weights` of BEVSegmentor  

encoder.anchor_encoder.output_fc.0.bias - torch.Size([128]): 
The value is the same before and after calling `init_weights` of BEVSegmentor  

encoder.anchor_encoder.output_fc.2.weight - torch.Size([128]): 
The value is the same before and after calling `init_weights` of BEVSegmentor  

encoder.anchor_encoder.output_fc.2.bias - torch.Size([128]): 
The value is the same before and after calling `init_weights` of BEVSegmentor  

encoder.anchor_encoder.output_fc.3.weight - torch.Size([128, 128]): 
The value is the same before and after calling `init_weights` of BEVSegmentor  

encoder.anchor_encoder.output_fc.3.bias - torch.Size([128]): 
The value is the same before and after calling `init_weights` of BEVSegmentor  

encoder.anchor_encoder.output_fc.5.weight - torch.Size([128]): 
The value is the same before and after calling `init_weights` of BEVSegmentor  

encoder.anchor_encoder.output_fc.5.bias - torch.Size([128]): 
The value is the same before and after calling `init_weights` of BEVSegmentor  

encoder.layers.0.kps_generator.learnable_fc.weight - torch.Size([18, 128]): 
Initialized by user-defined `init_weights` in GaussianOccEncoder  

encoder.layers.0.kps_generator.learnable_fc.bias - torch.Size([18]): 
Initialized by user-defined `init_weights` in GaussianOccEncoder  

encoder.layers.0.output_proj.weight - torch.Size([128, 128]): 
Initialized by user-defined `init_weights` in GaussianOccEncoder  

encoder.layers.0.output_proj.bias - torch.Size([128]): 
Initialized by user-defined `init_weights` in GaussianOccEncoder  

encoder.layers.0.camera_encoder.0.weight - torch.Size([128, 12]): 
Initialized by user-defined `init_weights` in GaussianOccEncoder  

encoder.layers.0.camera_encoder.0.bias - torch.Size([128]): 
The value is the same before and after calling `init_weights` of BEVSegmentor  

encoder.layers.0.camera_encoder.2.weight - torch.Size([128]): 
The value is the same before and after calling `init_weights` of BEVSegmentor  

encoder.layers.0.camera_encoder.2.bias - torch.Size([128]): 
The value is the same before and after calling `init_weights` of BEVSegmentor  

encoder.layers.0.camera_encoder.3.weight - torch.Size([128, 128]): 
Initialized by user-defined `init_weights` in GaussianOccEncoder  

encoder.layers.0.camera_encoder.3.bias - torch.Size([128]): 
The value is the same before and after calling `init_weights` of BEVSegmentor  

encoder.layers.0.camera_encoder.5.weight - torch.Size([128]): 
The value is the same before and after calling `init_weights` of BEVSegmentor  

encoder.layers.0.camera_encoder.5.bias - torch.Size([128]): 
The value is the same before and after calling `init_weights` of BEVSegmentor  

encoder.layers.0.weights_fc.weight - torch.Size([208, 128]): 
Initialized by user-defined `init_weights` in GaussianOccEncoder  

encoder.layers.0.weights_fc.bias - torch.Size([208]): 
Initialized by user-defined `init_weights` in GaussianOccEncoder  

encoder.layers.1.pre_norm.weight - torch.Size([256]): 
The value is the same before and after calling `init_weights` of BEVSegmentor  

encoder.layers.1.pre_norm.bias - torch.Size([256]): 
The value is the same before and after calling `init_weights` of BEVSegmentor  

encoder.layers.1.layers.0.0.weight - torch.Size([512, 256]): 
Initialized by user-defined `init_weights` in GaussianOccEncoder  

encoder.layers.1.layers.0.0.bias - torch.Size([512]): 
The value is the same before and after calling `init_weights` of BEVSegmentor  

encoder.layers.1.layers.1.weight - torch.Size([128, 512]): 
Initialized by user-defined `init_weights` in GaussianOccEncoder  

encoder.layers.1.layers.1.bias - torch.Size([128]): 
The value is the same before and after calling `init_weights` of BEVSegmentor  

encoder.layers.1.identity_fc.weight - torch.Size([128, 256]): 
Initialized by user-defined `init_weights` in GaussianOccEncoder  

encoder.layers.1.identity_fc.bias - torch.Size([128]): 
The value is the same before and after calling `init_weights` of BEVSegmentor  

encoder.layers.2.weight - torch.Size([128]): 
The value is the same before and after calling `init_weights` of BEVSegmentor  

encoder.layers.2.bias - torch.Size([128]): 
The value is the same before and after calling `init_weights` of BEVSegmentor  

encoder.layers.3.layers.0.weight - torch.Size([128, 128]): 
The value is the same before and after calling `init_weights` of BEVSegmentor  

encoder.layers.3.layers.0.bias - torch.Size([128]): 
The value is the same before and after calling `init_weights` of BEVSegmentor  

encoder.layers.3.layers.2.weight - torch.Size([128, 128]): 
The value is the same before and after calling `init_weights` of BEVSegmentor  

encoder.layers.3.layers.2.bias - torch.Size([128]): 
The value is the same before and after calling `init_weights` of BEVSegmentor  

encoder.layers.3.layers.4.weight - torch.Size([128]): 
The value is the same before and after calling `init_weights` of BEVSegmentor  

encoder.layers.3.layers.4.bias - torch.Size([128]): 
The value is the same before and after calling `init_weights` of BEVSegmentor  

encoder.layers.3.layers.5.weight - torch.Size([128, 128]): 
The value is the same before and after calling `init_weights` of BEVSegmentor  

encoder.layers.3.layers.5.bias - torch.Size([128]): 
The value is the same before and after calling `init_weights` of BEVSegmentor  

encoder.layers.3.layers.7.weight - torch.Size([128, 128]): 
The value is the same before and after calling `init_weights` of BEVSegmentor  

encoder.layers.3.layers.7.bias - torch.Size([128]): 
The value is the same before and after calling `init_weights` of BEVSegmentor  

encoder.layers.3.layers.9.weight - torch.Size([128]): 
The value is the same before and after calling `init_weights` of BEVSegmentor  

encoder.layers.3.layers.9.bias - torch.Size([128]): 
The value is the same before and after calling `init_weights` of BEVSegmentor  

encoder.layers.3.layers.10.weight - torch.Size([40, 128]): 
The value is the same before and after calling `init_weights` of BEVSegmentor  

encoder.layers.3.layers.10.bias - torch.Size([40]): 
The value is the same before and after calling `init_weights` of BEVSegmentor  

encoder.layers.3.layers.11.scale - torch.Size([40]): 
The value is the same before and after calling `init_weights` of BEVSegmentor  

encoder.layers.4.layers.0.weight - torch.Size([128, 5, 5, 5, 128]): 
Initialized by user-defined `init_weights` in GaussianOccEncoder  

encoder.layers.4.layers.0.bias - torch.Size([128]): 
The value is the same before and after calling `init_weights` of BEVSegmentor  

encoder.layers.4.layers.1.weight - torch.Size([128]): 
The value is the same before and after calling `init_weights` of BEVSegmentor  

encoder.layers.4.layers.1.bias - torch.Size([128]): 
The value is the same before and after calling `init_weights` of BEVSegmentor  

encoder.layers.4.layers.3.weight - torch.Size([128, 5, 5, 5, 128]): 
Initialized by user-defined `init_weights` in GaussianOccEncoder  

encoder.layers.4.layers.3.bias - torch.Size([128]): 
The value is the same before and after calling `init_weights` of BEVSegmentor  

encoder.layers.4.layers.4.weight - torch.Size([128]): 
The value is the same before and after calling `init_weights` of BEVSegmentor  

encoder.layers.4.layers.4.bias - torch.Size([128]): 
The value is the same before and after calling `init_weights` of BEVSegmentor  

encoder.layers.4.layers.6.weight - torch.Size([128, 5, 5, 5, 128]): 
Initialized by user-defined `init_weights` in GaussianOccEncoder  

encoder.layers.4.layers.6.bias - torch.Size([128]): 
The value is the same before and after calling `init_weights` of BEVSegmentor  

encoder.layers.4.layers.7.weight - torch.Size([128]): 
The value is the same before and after calling `init_weights` of BEVSegmentor  

encoder.layers.4.layers.7.bias - torch.Size([128]): 
The value is the same before and after calling `init_weights` of BEVSegmentor  

encoder.layers.4.output_proj.weight - torch.Size([128, 128]): 
Initialized by user-defined `init_weights` in GaussianOccEncoder  

encoder.layers.4.output_proj.bias - torch.Size([128]): 
The value is the same before and after calling `init_weights` of BEVSegmentor  

encoder.layers.5.weight - torch.Size([128]): 
The value is the same before and after calling `init_weights` of BEVSegmentor  

encoder.layers.5.bias - torch.Size([128]): 
The value is the same before and after calling `init_weights` of BEVSegmentor  

encoder.layers.6.kps_generator.learnable_fc.weight - torch.Size([18, 128]): 
Initialized by user-defined `init_weights` in GaussianOccEncoder  

encoder.layers.6.kps_generator.learnable_fc.bias - torch.Size([18]): 
Initialized by user-defined `init_weights` in GaussianOccEncoder  

encoder.layers.6.output_proj.weight - torch.Size([128, 128]): 
Initialized by user-defined `init_weights` in GaussianOccEncoder  

encoder.layers.6.output_proj.bias - torch.Size([128]): 
Initialized by user-defined `init_weights` in GaussianOccEncoder  

encoder.layers.6.camera_encoder.0.weight - torch.Size([128, 12]): 
Initialized by user-defined `init_weights` in GaussianOccEncoder  

encoder.layers.6.camera_encoder.0.bias - torch.Size([128]): 
The value is the same before and after calling `init_weights` of BEVSegmentor  

encoder.layers.6.camera_encoder.2.weight - torch.Size([128]): 
The value is the same before and after calling `init_weights` of BEVSegmentor  

encoder.layers.6.camera_encoder.2.bias - torch.Size([128]): 
The value is the same before and after calling `init_weights` of BEVSegmentor  

encoder.layers.6.camera_encoder.3.weight - torch.Size([128, 128]): 
Initialized by user-defined `init_weights` in GaussianOccEncoder  

encoder.layers.6.camera_encoder.3.bias - torch.Size([128]): 
The value is the same before and after calling `init_weights` of BEVSegmentor  

encoder.layers.6.camera_encoder.5.weight - torch.Size([128]): 
The value is the same before and after calling `init_weights` of BEVSegmentor  

encoder.layers.6.camera_encoder.5.bias - torch.Size([128]): 
The value is the same before and after calling `init_weights` of BEVSegmentor  

encoder.layers.6.weights_fc.weight - torch.Size([208, 128]): 
Initialized by user-defined `init_weights` in GaussianOccEncoder  

encoder.layers.6.weights_fc.bias - torch.Size([208]): 
Initialized by user-defined `init_weights` in GaussianOccEncoder  

encoder.layers.7.pre_norm.weight - torch.Size([256]): 
The value is the same before and after calling `init_weights` of BEVSegmentor  

encoder.layers.7.pre_norm.bias - torch.Size([256]): 
The value is the same before and after calling `init_weights` of BEVSegmentor  

encoder.layers.7.layers.0.0.weight - torch.Size([512, 256]): 
Initialized by user-defined `init_weights` in GaussianOccEncoder  

encoder.layers.7.layers.0.0.bias - torch.Size([512]): 
The value is the same before and after calling `init_weights` of BEVSegmentor  

encoder.layers.7.layers.1.weight - torch.Size([128, 512]): 
Initialized by user-defined `init_weights` in GaussianOccEncoder  

encoder.layers.7.layers.1.bias - torch.Size([128]): 
The value is the same before and after calling `init_weights` of BEVSegmentor  

encoder.layers.7.identity_fc.weight - torch.Size([128, 256]): 
Initialized by user-defined `init_weights` in GaussianOccEncoder  

encoder.layers.7.identity_fc.bias - torch.Size([128]): 
The value is the same before and after calling `init_weights` of BEVSegmentor  

encoder.layers.8.weight - torch.Size([128]): 
The value is the same before and after calling `init_weights` of BEVSegmentor  

encoder.layers.8.bias - torch.Size([128]): 
The value is the same before and after calling `init_weights` of BEVSegmentor  

encoder.layers.9.layers.0.weight - torch.Size([128, 128]): 
The value is the same before and after calling `init_weights` of BEVSegmentor  

encoder.layers.9.layers.0.bias - torch.Size([128]): 
The value is the same before and after calling `init_weights` of BEVSegmentor  

encoder.layers.9.layers.2.weight - torch.Size([128, 128]): 
The value is the same before and after calling `init_weights` of BEVSegmentor  

encoder.layers.9.layers.2.bias - torch.Size([128]): 
The value is the same before and after calling `init_weights` of BEVSegmentor  

encoder.layers.9.layers.4.weight - torch.Size([128]): 
The value is the same before and after calling `init_weights` of BEVSegmentor  

encoder.layers.9.layers.4.bias - torch.Size([128]): 
The value is the same before and after calling `init_weights` of BEVSegmentor  

encoder.layers.9.layers.5.weight - torch.Size([128, 128]): 
The value is the same before and after calling `init_weights` of BEVSegmentor  

encoder.layers.9.layers.5.bias - torch.Size([128]): 
The value is the same before and after calling `init_weights` of BEVSegmentor  

encoder.layers.9.layers.7.weight - torch.Size([128, 128]): 
The value is the same before and after calling `init_weights` of BEVSegmentor  

encoder.layers.9.layers.7.bias - torch.Size([128]): 
The value is the same before and after calling `init_weights` of BEVSegmentor  

encoder.layers.9.layers.9.weight - torch.Size([128]): 
The value is the same before and after calling `init_weights` of BEVSegmentor  

encoder.layers.9.layers.9.bias - torch.Size([128]): 
The value is the same before and after calling `init_weights` of BEVSegmentor  

encoder.layers.9.layers.10.weight - torch.Size([40, 128]): 
The value is the same before and after calling `init_weights` of BEVSegmentor  

encoder.layers.9.layers.10.bias - torch.Size([40]): 
The value is the same before and after calling `init_weights` of BEVSegmentor  

encoder.layers.9.layers.11.scale - torch.Size([40]): 
The value is the same before and after calling `init_weights` of BEVSegmentor  

encoder.layers.10.layers.0.weight - torch.Size([128, 5, 5, 5, 128]): 
Initialized by user-defined `init_weights` in GaussianOccEncoder  

encoder.layers.10.layers.0.bias - torch.Size([128]): 
The value is the same before and after calling `init_weights` of BEVSegmentor  

encoder.layers.10.layers.1.weight - torch.Size([128]): 
The value is the same before and after calling `init_weights` of BEVSegmentor  

encoder.layers.10.layers.1.bias - torch.Size([128]): 
The value is the same before and after calling `init_weights` of BEVSegmentor  

encoder.layers.10.layers.3.weight - torch.Size([128, 5, 5, 5, 128]): 
Initialized by user-defined `init_weights` in GaussianOccEncoder  

encoder.layers.10.layers.3.bias - torch.Size([128]): 
The value is the same before and after calling `init_weights` of BEVSegmentor  

encoder.layers.10.layers.4.weight - torch.Size([128]): 
The value is the same before and after calling `init_weights` of BEVSegmentor  

encoder.layers.10.layers.4.bias - torch.Size([128]): 
The value is the same before and after calling `init_weights` of BEVSegmentor  

encoder.layers.10.layers.6.weight - torch.Size([128, 5, 5, 5, 128]): 
Initialized by user-defined `init_weights` in GaussianOccEncoder  

encoder.layers.10.layers.6.bias - torch.Size([128]): 
The value is the same before and after calling `init_weights` of BEVSegmentor  

encoder.layers.10.layers.7.weight - torch.Size([128]): 
The value is the same before and after calling `init_weights` of BEVSegmentor  

encoder.layers.10.layers.7.bias - torch.Size([128]): 
The value is the same before and after calling `init_weights` of BEVSegmentor  

encoder.layers.10.output_proj.weight - torch.Size([128, 128]): 
Initialized by user-defined `init_weights` in GaussianOccEncoder  

encoder.layers.10.output_proj.bias - torch.Size([128]): 
The value is the same before and after calling `init_weights` of BEVSegmentor  

encoder.layers.11.weight - torch.Size([128]): 
The value is the same before and after calling `init_weights` of BEVSegmentor  

encoder.layers.11.bias - torch.Size([128]): 
The value is the same before and after calling `init_weights` of BEVSegmentor  

encoder.layers.12.kps_generator.learnable_fc.weight - torch.Size([18, 128]): 
Initialized by user-defined `init_weights` in GaussianOccEncoder  

encoder.layers.12.kps_generator.learnable_fc.bias - torch.Size([18]): 
Initialized by user-defined `init_weights` in GaussianOccEncoder  

encoder.layers.12.output_proj.weight - torch.Size([128, 128]): 
Initialized by user-defined `init_weights` in GaussianOccEncoder  

encoder.layers.12.output_proj.bias - torch.Size([128]): 
Initialized by user-defined `init_weights` in GaussianOccEncoder  

encoder.layers.12.camera_encoder.0.weight - torch.Size([128, 12]): 
Initialized by user-defined `init_weights` in GaussianOccEncoder  

encoder.layers.12.camera_encoder.0.bias - torch.Size([128]): 
The value is the same before and after calling `init_weights` of BEVSegmentor  

encoder.layers.12.camera_encoder.2.weight - torch.Size([128]): 
The value is the same before and after calling `init_weights` of BEVSegmentor  

encoder.layers.12.camera_encoder.2.bias - torch.Size([128]): 
The value is the same before and after calling `init_weights` of BEVSegmentor  

encoder.layers.12.camera_encoder.3.weight - torch.Size([128, 128]): 
Initialized by user-defined `init_weights` in GaussianOccEncoder  

encoder.layers.12.camera_encoder.3.bias - torch.Size([128]): 
The value is the same before and after calling `init_weights` of BEVSegmentor  

encoder.layers.12.camera_encoder.5.weight - torch.Size([128]): 
The value is the same before and after calling `init_weights` of BEVSegmentor  

encoder.layers.12.camera_encoder.5.bias - torch.Size([128]): 
The value is the same before and after calling `init_weights` of BEVSegmentor  

encoder.layers.12.weights_fc.weight - torch.Size([208, 128]): 
Initialized by user-defined `init_weights` in GaussianOccEncoder  

encoder.layers.12.weights_fc.bias - torch.Size([208]): 
Initialized by user-defined `init_weights` in GaussianOccEncoder  

encoder.layers.13.pre_norm.weight - torch.Size([256]): 
The value is the same before and after calling `init_weights` of BEVSegmentor  

encoder.layers.13.pre_norm.bias - torch.Size([256]): 
The value is the same before and after calling `init_weights` of BEVSegmentor  

encoder.layers.13.layers.0.0.weight - torch.Size([512, 256]): 
Initialized by user-defined `init_weights` in GaussianOccEncoder  

encoder.layers.13.layers.0.0.bias - torch.Size([512]): 
The value is the same before and after calling `init_weights` of BEVSegmentor  

encoder.layers.13.layers.1.weight - torch.Size([128, 512]): 
Initialized by user-defined `init_weights` in GaussianOccEncoder  

encoder.layers.13.layers.1.bias - torch.Size([128]): 
The value is the same before and after calling `init_weights` of BEVSegmentor  

encoder.layers.13.identity_fc.weight - torch.Size([128, 256]): 
Initialized by user-defined `init_weights` in GaussianOccEncoder  

encoder.layers.13.identity_fc.bias - torch.Size([128]): 
The value is the same before and after calling `init_weights` of BEVSegmentor  

encoder.layers.14.weight - torch.Size([128]): 
The value is the same before and after calling `init_weights` of BEVSegmentor  

encoder.layers.14.bias - torch.Size([128]): 
The value is the same before and after calling `init_weights` of BEVSegmentor  

encoder.layers.15.layers.0.weight - torch.Size([128, 128]): 
The value is the same before and after calling `init_weights` of BEVSegmentor  

encoder.layers.15.layers.0.bias - torch.Size([128]): 
The value is the same before and after calling `init_weights` of BEVSegmentor  

encoder.layers.15.layers.2.weight - torch.Size([128, 128]): 
The value is the same before and after calling `init_weights` of BEVSegmentor  

encoder.layers.15.layers.2.bias - torch.Size([128]): 
The value is the same before and after calling `init_weights` of BEVSegmentor  

encoder.layers.15.layers.4.weight - torch.Size([128]): 
The value is the same before and after calling `init_weights` of BEVSegmentor  

encoder.layers.15.layers.4.bias - torch.Size([128]): 
The value is the same before and after calling `init_weights` of BEVSegmentor  

encoder.layers.15.layers.5.weight - torch.Size([128, 128]): 
The value is the same before and after calling `init_weights` of BEVSegmentor  

encoder.layers.15.layers.5.bias - torch.Size([128]): 
The value is the same before and after calling `init_weights` of BEVSegmentor  

encoder.layers.15.layers.7.weight - torch.Size([128, 128]): 
The value is the same before and after calling `init_weights` of BEVSegmentor  

encoder.layers.15.layers.7.bias - torch.Size([128]): 
The value is the same before and after calling `init_weights` of BEVSegmentor  

encoder.layers.15.layers.9.weight - torch.Size([128]): 
The value is the same before and after calling `init_weights` of BEVSegmentor  

encoder.layers.15.layers.9.bias - torch.Size([128]): 
The value is the same before and after calling `init_weights` of BEVSegmentor  

encoder.layers.15.layers.10.weight - torch.Size([40, 128]): 
The value is the same before and after calling `init_weights` of BEVSegmentor  

encoder.layers.15.layers.10.bias - torch.Size([40]): 
The value is the same before and after calling `init_weights` of BEVSegmentor  

encoder.layers.15.layers.11.scale - torch.Size([40]): 
The value is the same before and after calling `init_weights` of BEVSegmentor  

encoder.layers.16.layers.0.weight - torch.Size([128, 5, 5, 5, 128]): 
Initialized by user-defined `init_weights` in GaussianOccEncoder  

encoder.layers.16.layers.0.bias - torch.Size([128]): 
The value is the same before and after calling `init_weights` of BEVSegmentor  

encoder.layers.16.layers.1.weight - torch.Size([128]): 
The value is the same before and after calling `init_weights` of BEVSegmentor  

encoder.layers.16.layers.1.bias - torch.Size([128]): 
The value is the same before and after calling `init_weights` of BEVSegmentor  

encoder.layers.16.layers.3.weight - torch.Size([128, 5, 5, 5, 128]): 
Initialized by user-defined `init_weights` in GaussianOccEncoder  

encoder.layers.16.layers.3.bias - torch.Size([128]): 
The value is the same before and after calling `init_weights` of BEVSegmentor  

encoder.layers.16.layers.4.weight - torch.Size([128]): 
The value is the same before and after calling `init_weights` of BEVSegmentor  

encoder.layers.16.layers.4.bias - torch.Size([128]): 
The value is the same before and after calling `init_weights` of BEVSegmentor  

encoder.layers.16.layers.6.weight - torch.Size([128, 5, 5, 5, 128]): 
Initialized by user-defined `init_weights` in GaussianOccEncoder  

encoder.layers.16.layers.6.bias - torch.Size([128]): 
The value is the same before and after calling `init_weights` of BEVSegmentor  

encoder.layers.16.layers.7.weight - torch.Size([128]): 
The value is the same before and after calling `init_weights` of BEVSegmentor  

encoder.layers.16.layers.7.bias - torch.Size([128]): 
The value is the same before and after calling `init_weights` of BEVSegmentor  

encoder.layers.16.output_proj.weight - torch.Size([128, 128]): 
Initialized by user-defined `init_weights` in GaussianOccEncoder  

encoder.layers.16.output_proj.bias - torch.Size([128]): 
The value is the same before and after calling `init_weights` of BEVSegmentor  

encoder.layers.17.weight - torch.Size([128]): 
The value is the same before and after calling `init_weights` of BEVSegmentor  

encoder.layers.17.bias - torch.Size([128]): 
The value is the same before and after calling `init_weights` of BEVSegmentor  

encoder.layers.18.kps_generator.learnable_fc.weight - torch.Size([18, 128]): 
Initialized by user-defined `init_weights` in GaussianOccEncoder  

encoder.layers.18.kps_generator.learnable_fc.bias - torch.Size([18]): 
Initialized by user-defined `init_weights` in GaussianOccEncoder  

encoder.layers.18.output_proj.weight - torch.Size([128, 128]): 
Initialized by user-defined `init_weights` in GaussianOccEncoder  

encoder.layers.18.output_proj.bias - torch.Size([128]): 
Initialized by user-defined `init_weights` in GaussianOccEncoder  

encoder.layers.18.camera_encoder.0.weight - torch.Size([128, 12]): 
Initialized by user-defined `init_weights` in GaussianOccEncoder  

encoder.layers.18.camera_encoder.0.bias - torch.Size([128]): 
The value is the same before and after calling `init_weights` of BEVSegmentor  

encoder.layers.18.camera_encoder.2.weight - torch.Size([128]): 
The value is the same before and after calling `init_weights` of BEVSegmentor  

encoder.layers.18.camera_encoder.2.bias - torch.Size([128]): 
The value is the same before and after calling `init_weights` of BEVSegmentor  

encoder.layers.18.camera_encoder.3.weight - torch.Size([128, 128]): 
Initialized by user-defined `init_weights` in GaussianOccEncoder  

encoder.layers.18.camera_encoder.3.bias - torch.Size([128]): 
The value is the same before and after calling `init_weights` of BEVSegmentor  

encoder.layers.18.camera_encoder.5.weight - torch.Size([128]): 
The value is the same before and after calling `init_weights` of BEVSegmentor  

encoder.layers.18.camera_encoder.5.bias - torch.Size([128]): 
The value is the same before and after calling `init_weights` of BEVSegmentor  

encoder.layers.18.weights_fc.weight - torch.Size([208, 128]): 
Initialized by user-defined `init_weights` in GaussianOccEncoder  

encoder.layers.18.weights_fc.bias - torch.Size([208]): 
Initialized by user-defined `init_weights` in GaussianOccEncoder  

encoder.layers.19.pre_norm.weight - torch.Size([256]): 
The value is the same before and after calling `init_weights` of BEVSegmentor  

encoder.layers.19.pre_norm.bias - torch.Size([256]): 
The value is the same before and after calling `init_weights` of BEVSegmentor  

encoder.layers.19.layers.0.0.weight - torch.Size([512, 256]): 
Initialized by user-defined `init_weights` in GaussianOccEncoder  

encoder.layers.19.layers.0.0.bias - torch.Size([512]): 
The value is the same before and after calling `init_weights` of BEVSegmentor  

encoder.layers.19.layers.1.weight - torch.Size([128, 512]): 
Initialized by user-defined `init_weights` in GaussianOccEncoder  

encoder.layers.19.layers.1.bias - torch.Size([128]): 
The value is the same before and after calling `init_weights` of BEVSegmentor  

encoder.layers.19.identity_fc.weight - torch.Size([128, 256]): 
Initialized by user-defined `init_weights` in GaussianOccEncoder  

encoder.layers.19.identity_fc.bias - torch.Size([128]): 
The value is the same before and after calling `init_weights` of BEVSegmentor  

encoder.layers.20.weight - torch.Size([128]): 
The value is the same before and after calling `init_weights` of BEVSegmentor  

encoder.layers.20.bias - torch.Size([128]): 
The value is the same before and after calling `init_weights` of BEVSegmentor  

encoder.layers.21.layers.0.weight - torch.Size([128, 128]): 
The value is the same before and after calling `init_weights` of BEVSegmentor  

encoder.layers.21.layers.0.bias - torch.Size([128]): 
The value is the same before and after calling `init_weights` of BEVSegmentor  

encoder.layers.21.layers.2.weight - torch.Size([128, 128]): 
The value is the same before and after calling `init_weights` of BEVSegmentor  

encoder.layers.21.layers.2.bias - torch.Size([128]): 
The value is the same before and after calling `init_weights` of BEVSegmentor  

encoder.layers.21.layers.4.weight - torch.Size([128]): 
The value is the same before and after calling `init_weights` of BEVSegmentor  

encoder.layers.21.layers.4.bias - torch.Size([128]): 
The value is the same before and after calling `init_weights` of BEVSegmentor  

encoder.layers.21.layers.5.weight - torch.Size([128, 128]): 
The value is the same before and after calling `init_weights` of BEVSegmentor  

encoder.layers.21.layers.5.bias - torch.Size([128]): 
The value is the same before and after calling `init_weights` of BEVSegmentor  

encoder.layers.21.layers.7.weight - torch.Size([128, 128]): 
The value is the same before and after calling `init_weights` of BEVSegmentor  

encoder.layers.21.layers.7.bias - torch.Size([128]): 
The value is the same before and after calling `init_weights` of BEVSegmentor  

encoder.layers.21.layers.9.weight - torch.Size([128]): 
The value is the same before and after calling `init_weights` of BEVSegmentor  

encoder.layers.21.layers.9.bias - torch.Size([128]): 
The value is the same before and after calling `init_weights` of BEVSegmentor  

encoder.layers.21.layers.10.weight - torch.Size([40, 128]): 
The value is the same before and after calling `init_weights` of BEVSegmentor  

encoder.layers.21.layers.10.bias - torch.Size([40]): 
The value is the same before and after calling `init_weights` of BEVSegmentor  

encoder.layers.21.layers.11.scale - torch.Size([40]): 
The value is the same before and after calling `init_weights` of BEVSegmentor  

temporal_encoder.anchor_encoder.xyz_fc.0.weight - torch.Size([128, 3]): 
The value is the same before and after calling `init_weights` of BEVSegmentor  

temporal_encoder.anchor_encoder.xyz_fc.0.bias - torch.Size([128]): 
The value is the same before and after calling `init_weights` of BEVSegmentor  

temporal_encoder.anchor_encoder.xyz_fc.2.weight - torch.Size([128]): 
The value is the same before and after calling `init_weights` of BEVSegmentor  

temporal_encoder.anchor_encoder.xyz_fc.2.bias - torch.Size([128]): 
The value is the same before and after calling `init_weights` of BEVSegmentor  

temporal_encoder.anchor_encoder.xyz_fc.3.weight - torch.Size([128, 128]): 
The value is the same before and after calling `init_weights` of BEVSegmentor  

temporal_encoder.anchor_encoder.xyz_fc.3.bias - torch.Size([128]): 
The value is the same before and after calling `init_weights` of BEVSegmentor  

temporal_encoder.anchor_encoder.xyz_fc.5.weight - torch.Size([128]): 
The value is the same before and after calling `init_weights` of BEVSegmentor  

temporal_encoder.anchor_encoder.xyz_fc.5.bias - torch.Size([128]): 
The value is the same before and after calling `init_weights` of BEVSegmentor  

temporal_encoder.anchor_encoder.scale_fc.0.weight - torch.Size([128, 3]): 
The value is the same before and after calling `init_weights` of BEVSegmentor  

temporal_encoder.anchor_encoder.scale_fc.0.bias - torch.Size([128]): 
The value is the same before and after calling `init_weights` of BEVSegmentor  

temporal_encoder.anchor_encoder.scale_fc.2.weight - torch.Size([128]): 
The value is the same before and after calling `init_weights` of BEVSegmentor  

temporal_encoder.anchor_encoder.scale_fc.2.bias - torch.Size([128]): 
The value is the same before and after calling `init_weights` of BEVSegmentor  

temporal_encoder.anchor_encoder.scale_fc.3.weight - torch.Size([128, 128]): 
The value is the same before and after calling `init_weights` of BEVSegmentor  

temporal_encoder.anchor_encoder.scale_fc.3.bias - torch.Size([128]): 
The value is the same before and after calling `init_weights` of BEVSegmentor  

temporal_encoder.anchor_encoder.scale_fc.5.weight - torch.Size([128]): 
The value is the same before and after calling `init_weights` of BEVSegmentor  

temporal_encoder.anchor_encoder.scale_fc.5.bias - torch.Size([128]): 
The value is the same before and after calling `init_weights` of BEVSegmentor  

temporal_encoder.anchor_encoder.rot_fc.0.weight - torch.Size([128, 4]): 
The value is the same before and after calling `init_weights` of BEVSegmentor  

temporal_encoder.anchor_encoder.rot_fc.0.bias - torch.Size([128]): 
The value is the same before and after calling `init_weights` of BEVSegmentor  

temporal_encoder.anchor_encoder.rot_fc.2.weight - torch.Size([128]): 
The value is the same before and after calling `init_weights` of BEVSegmentor  

temporal_encoder.anchor_encoder.rot_fc.2.bias - torch.Size([128]): 
The value is the same before and after calling `init_weights` of BEVSegmentor  

temporal_encoder.anchor_encoder.rot_fc.3.weight - torch.Size([128, 128]): 
The value is the same before and after calling `init_weights` of BEVSegmentor  

temporal_encoder.anchor_encoder.rot_fc.3.bias - torch.Size([128]): 
The value is the same before and after calling `init_weights` of BEVSegmentor  

temporal_encoder.anchor_encoder.rot_fc.5.weight - torch.Size([128]): 
The value is the same before and after calling `init_weights` of BEVSegmentor  

temporal_encoder.anchor_encoder.rot_fc.5.bias - torch.Size([128]): 
The value is the same before and after calling `init_weights` of BEVSegmentor  

temporal_encoder.anchor_encoder.opacity_fc.0.weight - torch.Size([128, 1]): 
The value is the same before and after calling `init_weights` of BEVSegmentor  

temporal_encoder.anchor_encoder.opacity_fc.0.bias - torch.Size([128]): 
The value is the same before and after calling `init_weights` of BEVSegmentor  

temporal_encoder.anchor_encoder.opacity_fc.2.weight - torch.Size([128]): 
The value is the same before and after calling `init_weights` of BEVSegmentor  

temporal_encoder.anchor_encoder.opacity_fc.2.bias - torch.Size([128]): 
The value is the same before and after calling `init_weights` of BEVSegmentor  

temporal_encoder.anchor_encoder.opacity_fc.3.weight - torch.Size([128, 128]): 
The value is the same before and after calling `init_weights` of BEVSegmentor  

temporal_encoder.anchor_encoder.opacity_fc.3.bias - torch.Size([128]): 
The value is the same before and after calling `init_weights` of BEVSegmentor  

temporal_encoder.anchor_encoder.opacity_fc.5.weight - torch.Size([128]): 
The value is the same before and after calling `init_weights` of BEVSegmentor  

temporal_encoder.anchor_encoder.opacity_fc.5.bias - torch.Size([128]): 
The value is the same before and after calling `init_weights` of BEVSegmentor  

temporal_encoder.anchor_encoder.semantics_fc.0.weight - torch.Size([128, 17]): 
The value is the same before and after calling `init_weights` of BEVSegmentor  

temporal_encoder.anchor_encoder.semantics_fc.0.bias - torch.Size([128]): 
The value is the same before and after calling `init_weights` of BEVSegmentor  

temporal_encoder.anchor_encoder.semantics_fc.2.weight - torch.Size([128]): 
The value is the same before and after calling `init_weights` of BEVSegmentor  

temporal_encoder.anchor_encoder.semantics_fc.2.bias - torch.Size([128]): 
The value is the same before and after calling `init_weights` of BEVSegmentor  

temporal_encoder.anchor_encoder.semantics_fc.3.weight - torch.Size([128, 128]): 
The value is the same before and after calling `init_weights` of BEVSegmentor  

temporal_encoder.anchor_encoder.semantics_fc.3.bias - torch.Size([128]): 
The value is the same before and after calling `init_weights` of BEVSegmentor  

temporal_encoder.anchor_encoder.semantics_fc.5.weight - torch.Size([128]): 
The value is the same before and after calling `init_weights` of BEVSegmentor  

temporal_encoder.anchor_encoder.semantics_fc.5.bias - torch.Size([128]): 
The value is the same before and after calling `init_weights` of BEVSegmentor  

temporal_encoder.anchor_encoder.offset_fc.0.weight - torch.Size([128, 12]): 
The value is the same before and after calling `init_weights` of BEVSegmentor  

temporal_encoder.anchor_encoder.offset_fc.0.bias - torch.Size([128]): 
The value is the same before and after calling `init_weights` of BEVSegmentor  

temporal_encoder.anchor_encoder.offset_fc.2.weight - torch.Size([128]): 
The value is the same before and after calling `init_weights` of BEVSegmentor  

temporal_encoder.anchor_encoder.offset_fc.2.bias - torch.Size([128]): 
The value is the same before and after calling `init_weights` of BEVSegmentor  

temporal_encoder.anchor_encoder.offset_fc.3.weight - torch.Size([128, 128]): 
The value is the same before and after calling `init_weights` of BEVSegmentor  

temporal_encoder.anchor_encoder.offset_fc.3.bias - torch.Size([128]): 
The value is the same before and after calling `init_weights` of BEVSegmentor  

temporal_encoder.anchor_encoder.offset_fc.5.weight - torch.Size([128]): 
The value is the same before and after calling `init_weights` of BEVSegmentor  

temporal_encoder.anchor_encoder.offset_fc.5.bias - torch.Size([128]): 
The value is the same before and after calling `init_weights` of BEVSegmentor  

temporal_encoder.anchor_encoder.output_fc.0.weight - torch.Size([128, 128]): 
The value is the same before and after calling `init_weights` of BEVSegmentor  

temporal_encoder.anchor_encoder.output_fc.0.bias - torch.Size([128]): 
The value is the same before and after calling `init_weights` of BEVSegmentor  

temporal_encoder.anchor_encoder.output_fc.2.weight - torch.Size([128]): 
The value is the same before and after calling `init_weights` of BEVSegmentor  

temporal_encoder.anchor_encoder.output_fc.2.bias - torch.Size([128]): 
The value is the same before and after calling `init_weights` of BEVSegmentor  

temporal_encoder.anchor_encoder.output_fc.3.weight - torch.Size([128, 128]): 
The value is the same before and after calling `init_weights` of BEVSegmentor  

temporal_encoder.anchor_encoder.output_fc.3.bias - torch.Size([128]): 
The value is the same before and after calling `init_weights` of BEVSegmentor  

temporal_encoder.anchor_encoder.output_fc.5.weight - torch.Size([128]): 
The value is the same before and after calling `init_weights` of BEVSegmentor  

temporal_encoder.anchor_encoder.output_fc.5.bias - torch.Size([128]): 
The value is the same before and after calling `init_weights` of BEVSegmentor  

temporal_encoder.layers.0.layers.0.weight - torch.Size([128, 5, 5, 5, 5, 128]): 
Initialized by user-defined `init_weights` in GaussianTemporalEncoder  

temporal_encoder.layers.0.layers.1.weight - torch.Size([128]): 
The value is the same before and after calling `init_weights` of BEVSegmentor  

temporal_encoder.layers.0.layers.1.bias - torch.Size([128]): 
The value is the same before and after calling `init_weights` of BEVSegmentor  

temporal_encoder.layers.0.layers.3.weight - torch.Size([128, 5, 5, 5, 5, 128]): 
Initialized by user-defined `init_weights` in GaussianTemporalEncoder  

temporal_encoder.layers.0.layers.4.weight - torch.Size([128]): 
The value is the same before and after calling `init_weights` of BEVSegmentor  

temporal_encoder.layers.0.layers.4.bias - torch.Size([128]): 
The value is the same before and after calling `init_weights` of BEVSegmentor  

temporal_encoder.layers.0.layers.6.weight - torch.Size([128, 5, 5, 5, 5, 128]): 
Initialized by user-defined `init_weights` in GaussianTemporalEncoder  

temporal_encoder.layers.0.layers.7.weight - torch.Size([128]): 
The value is the same before and after calling `init_weights` of BEVSegmentor  

temporal_encoder.layers.0.layers.7.bias - torch.Size([128]): 
The value is the same before and after calling `init_weights` of BEVSegmentor  

temporal_encoder.layers.0.output_proj.weight - torch.Size([128, 128]): 
Initialized by user-defined `init_weights` in GaussianTemporalEncoder  

temporal_encoder.layers.0.output_proj.bias - torch.Size([128]): 
The value is the same before and after calling `init_weights` of BEVSegmentor  

temporal_encoder.layers.1.layers.0.weight - torch.Size([128, 128]): 
The value is the same before and after calling `init_weights` of BEVSegmentor  

temporal_encoder.layers.1.layers.0.bias - torch.Size([128]): 
The value is the same before and after calling `init_weights` of BEVSegmentor  

temporal_encoder.layers.1.layers.2.weight - torch.Size([128, 128]): 
The value is the same before and after calling `init_weights` of BEVSegmentor  

temporal_encoder.layers.1.layers.2.bias - torch.Size([128]): 
The value is the same before and after calling `init_weights` of BEVSegmentor  

temporal_encoder.layers.1.layers.4.weight - torch.Size([128]): 
The value is the same before and after calling `init_weights` of BEVSegmentor  

temporal_encoder.layers.1.layers.4.bias - torch.Size([128]): 
The value is the same before and after calling `init_weights` of BEVSegmentor  

temporal_encoder.layers.1.layers.5.weight - torch.Size([128, 128]): 
The value is the same before and after calling `init_weights` of BEVSegmentor  

temporal_encoder.layers.1.layers.5.bias - torch.Size([128]): 
The value is the same before and after calling `init_weights` of BEVSegmentor  

temporal_encoder.layers.1.layers.7.weight - torch.Size([128, 128]): 
The value is the same before and after calling `init_weights` of BEVSegmentor  

temporal_encoder.layers.1.layers.7.bias - torch.Size([128]): 
The value is the same before and after calling `init_weights` of BEVSegmentor  

temporal_encoder.layers.1.layers.9.weight - torch.Size([128]): 
The value is the same before and after calling `init_weights` of BEVSegmentor  

temporal_encoder.layers.1.layers.9.bias - torch.Size([128]): 
The value is the same before and after calling `init_weights` of BEVSegmentor  

temporal_encoder.layers.1.layers.10.weight - torch.Size([40, 128]): 
The value is the same before and after calling `init_weights` of BEVSegmentor  

temporal_encoder.layers.1.layers.10.bias - torch.Size([40]): 
The value is the same before and after calling `init_weights` of BEVSegmentor  

temporal_encoder.layers.1.layers.11.scale - torch.Size([40]): 
The value is the same before and after calling `init_weights` of BEVSegmentor  

temporal_encoder.layers.2.layers.0.weight - torch.Size([128, 5, 5, 5, 5, 128]): 
Initialized by user-defined `init_weights` in GaussianTemporalEncoder  

temporal_encoder.layers.2.layers.1.weight - torch.Size([128]): 
The value is the same before and after calling `init_weights` of BEVSegmentor  

temporal_encoder.layers.2.layers.1.bias - torch.Size([128]): 
The value is the same before and after calling `init_weights` of BEVSegmentor  

temporal_encoder.layers.2.layers.3.weight - torch.Size([128, 5, 5, 5, 5, 128]): 
Initialized by user-defined `init_weights` in GaussianTemporalEncoder  

temporal_encoder.layers.2.layers.4.weight - torch.Size([128]): 
The value is the same before and after calling `init_weights` of BEVSegmentor  

temporal_encoder.layers.2.layers.4.bias - torch.Size([128]): 
The value is the same before and after calling `init_weights` of BEVSegmentor  

temporal_encoder.layers.2.layers.6.weight - torch.Size([128, 5, 5, 5, 5, 128]): 
Initialized by user-defined `init_weights` in GaussianTemporalEncoder  

temporal_encoder.layers.2.layers.7.weight - torch.Size([128]): 
The value is the same before and after calling `init_weights` of BEVSegmentor  

temporal_encoder.layers.2.layers.7.bias - torch.Size([128]): 
The value is the same before and after calling `init_weights` of BEVSegmentor  

temporal_encoder.layers.2.output_proj.weight - torch.Size([128, 128]): 
Initialized by user-defined `init_weights` in GaussianTemporalEncoder  

temporal_encoder.layers.2.output_proj.bias - torch.Size([128]): 
The value is the same before and after calling `init_weights` of BEVSegmentor  

temporal_encoder.layers.3.layers.0.weight - torch.Size([128, 128]): 
The value is the same before and after calling `init_weights` of BEVSegmentor  

temporal_encoder.layers.3.layers.0.bias - torch.Size([128]): 
The value is the same before and after calling `init_weights` of BEVSegmentor  

temporal_encoder.layers.3.layers.2.weight - torch.Size([128, 128]): 
The value is the same before and after calling `init_weights` of BEVSegmentor  

temporal_encoder.layers.3.layers.2.bias - torch.Size([128]): 
The value is the same before and after calling `init_weights` of BEVSegmentor  

temporal_encoder.layers.3.layers.4.weight - torch.Size([128]): 
The value is the same before and after calling `init_weights` of BEVSegmentor  

temporal_encoder.layers.3.layers.4.bias - torch.Size([128]): 
The value is the same before and after calling `init_weights` of BEVSegmentor  

temporal_encoder.layers.3.layers.5.weight - torch.Size([128, 128]): 
The value is the same before and after calling `init_weights` of BEVSegmentor  

temporal_encoder.layers.3.layers.5.bias - torch.Size([128]): 
The value is the same before and after calling `init_weights` of BEVSegmentor  

temporal_encoder.layers.3.layers.7.weight - torch.Size([128, 128]): 
The value is the same before and after calling `init_weights` of BEVSegmentor  

temporal_encoder.layers.3.layers.7.bias - torch.Size([128]): 
The value is the same before and after calling `init_weights` of BEVSegmentor  

temporal_encoder.layers.3.layers.9.weight - torch.Size([128]): 
The value is the same before and after calling `init_weights` of BEVSegmentor  

temporal_encoder.layers.3.layers.9.bias - torch.Size([128]): 
The value is the same before and after calling `init_weights` of BEVSegmentor  

temporal_encoder.layers.3.layers.10.weight - torch.Size([40, 128]): 
The value is the same before and after calling `init_weights` of BEVSegmentor  

temporal_encoder.layers.3.layers.10.bias - torch.Size([40]): 
The value is the same before and after calling `init_weights` of BEVSegmentor  

temporal_encoder.layers.3.layers.11.scale - torch.Size([40]): 
The value is the same before and after calling `init_weights` of BEVSegmentor  

temporal_encoder.layers.4.layers.0.weight - torch.Size([128, 5, 5, 5, 5, 128]): 
Initialized by user-defined `init_weights` in GaussianTemporalEncoder  

temporal_encoder.layers.4.layers.1.weight - torch.Size([128]): 
The value is the same before and after calling `init_weights` of BEVSegmentor  

temporal_encoder.layers.4.layers.1.bias - torch.Size([128]): 
The value is the same before and after calling `init_weights` of BEVSegmentor  

temporal_encoder.layers.4.layers.3.weight - torch.Size([128, 5, 5, 5, 5, 128]): 
Initialized by user-defined `init_weights` in GaussianTemporalEncoder  

temporal_encoder.layers.4.layers.4.weight - torch.Size([128]): 
The value is the same before and after calling `init_weights` of BEVSegmentor  

temporal_encoder.layers.4.layers.4.bias - torch.Size([128]): 
The value is the same before and after calling `init_weights` of BEVSegmentor  

temporal_encoder.layers.4.layers.6.weight - torch.Size([128, 5, 5, 5, 5, 128]): 
Initialized by user-defined `init_weights` in GaussianTemporalEncoder  

temporal_encoder.layers.4.layers.7.weight - torch.Size([128]): 
The value is the same before and after calling `init_weights` of BEVSegmentor  

temporal_encoder.layers.4.layers.7.bias - torch.Size([128]): 
The value is the same before and after calling `init_weights` of BEVSegmentor  

temporal_encoder.layers.4.output_proj.weight - torch.Size([128, 128]): 
Initialized by user-defined `init_weights` in GaussianTemporalEncoder  

temporal_encoder.layers.4.output_proj.bias - torch.Size([128]): 
The value is the same before and after calling `init_weights` of BEVSegmentor  

temporal_encoder.layers.5.layers.0.weight - torch.Size([128, 128]): 
The value is the same before and after calling `init_weights` of BEVSegmentor  

temporal_encoder.layers.5.layers.0.bias - torch.Size([128]): 
The value is the same before and after calling `init_weights` of BEVSegmentor  

temporal_encoder.layers.5.layers.2.weight - torch.Size([128, 128]): 
The value is the same before and after calling `init_weights` of BEVSegmentor  

temporal_encoder.layers.5.layers.2.bias - torch.Size([128]): 
The value is the same before and after calling `init_weights` of BEVSegmentor  

temporal_encoder.layers.5.layers.4.weight - torch.Size([128]): 
The value is the same before and after calling `init_weights` of BEVSegmentor  

temporal_encoder.layers.5.layers.4.bias - torch.Size([128]): 
The value is the same before and after calling `init_weights` of BEVSegmentor  

temporal_encoder.layers.5.layers.5.weight - torch.Size([128, 128]): 
The value is the same before and after calling `init_weights` of BEVSegmentor  

temporal_encoder.layers.5.layers.5.bias - torch.Size([128]): 
The value is the same before and after calling `init_weights` of BEVSegmentor  

temporal_encoder.layers.5.layers.7.weight - torch.Size([128, 128]): 
The value is the same before and after calling `init_weights` of BEVSegmentor  

temporal_encoder.layers.5.layers.7.bias - torch.Size([128]): 
The value is the same before and after calling `init_weights` of BEVSegmentor  

temporal_encoder.layers.5.layers.9.weight - torch.Size([128]): 
The value is the same before and after calling `init_weights` of BEVSegmentor  

temporal_encoder.layers.5.layers.9.bias - torch.Size([128]): 
The value is the same before and after calling `init_weights` of BEVSegmentor  

temporal_encoder.layers.5.layers.10.weight - torch.Size([40, 128]): 
The value is the same before and after calling `init_weights` of BEVSegmentor  

temporal_encoder.layers.5.layers.10.bias - torch.Size([40]): 
The value is the same before and after calling `init_weights` of BEVSegmentor  

temporal_encoder.layers.5.layers.11.scale - torch.Size([40]): 
The value is the same before and after calling `init_weights` of BEVSegmentor  

head.empty_scalar - torch.Size([1]): 
The value is the same before and after calling `init_weights` of BEVSegmentor  

decoder.backbone_3d.conv_input.0.weight - torch.Size([16, 3, 3, 3, 28]): 
The value is the same before and after calling `init_weights` of BEVSegmentor  

decoder.backbone_3d.conv_input.1.weight - torch.Size([16]): 
The value is the same before and after calling `init_weights` of BEVSegmentor  

decoder.backbone_3d.conv_input.1.bias - torch.Size([16]): 
The value is the same before and after calling `init_weights` of BEVSegmentor  

decoder.backbone_3d.conv1.0.conv1.weight - torch.Size([16, 3, 3, 3, 16]): 
The value is the same before and after calling `init_weights` of BEVSegmentor  

decoder.backbone_3d.conv1.0.conv1.bias - torch.Size([16]): 
The value is the same before and after calling `init_weights` of BEVSegmentor  

decoder.backbone_3d.conv1.0.bn1.weight - torch.Size([16]): 
The value is the same before and after calling `init_weights` of BEVSegmentor  

decoder.backbone_3d.conv1.0.bn1.bias - torch.Size([16]): 
The value is the same before and after calling `init_weights` of BEVSegmentor  

decoder.backbone_3d.conv1.0.conv2.weight - torch.Size([16, 3, 3, 3, 16]): 
The value is the same before and after calling `init_weights` of BEVSegmentor  

decoder.backbone_3d.conv1.0.conv2.bias - torch.Size([16]): 
The value is the same before and after calling `init_weights` of BEVSegmentor  

decoder.backbone_3d.conv1.0.bn2.weight - torch.Size([16]): 
The value is the same before and after calling `init_weights` of BEVSegmentor  

decoder.backbone_3d.conv1.0.bn2.bias - torch.Size([16]): 
The value is the same before and after calling `init_weights` of BEVSegmentor  

decoder.backbone_3d.conv1.1.conv1.weight - torch.Size([16, 3, 3, 3, 16]): 
The value is the same before and after calling `init_weights` of BEVSegmentor  

decoder.backbone_3d.conv1.1.conv1.bias - torch.Size([16]): 
The value is the same before and after calling `init_weights` of BEVSegmentor  

decoder.backbone_3d.conv1.1.bn1.weight - torch.Size([16]): 
The value is the same before and after calling `init_weights` of BEVSegmentor  

decoder.backbone_3d.conv1.1.bn1.bias - torch.Size([16]): 
The value is the same before and after calling `init_weights` of BEVSegmentor  

decoder.backbone_3d.conv1.1.conv2.weight - torch.Size([16, 3, 3, 3, 16]): 
The value is the same before and after calling `init_weights` of BEVSegmentor  

decoder.backbone_3d.conv1.1.conv2.bias - torch.Size([16]): 
The value is the same before and after calling `init_weights` of BEVSegmentor  

decoder.backbone_3d.conv1.1.bn2.weight - torch.Size([16]): 
The value is the same before and after calling `init_weights` of BEVSegmentor  

decoder.backbone_3d.conv1.1.bn2.bias - torch.Size([16]): 
The value is the same before and after calling `init_weights` of BEVSegmentor  

decoder.backbone_3d.conv2.0.0.weight - torch.Size([32, 3, 3, 3, 16]): 
The value is the same before and after calling `init_weights` of BEVSegmentor  

decoder.backbone_3d.conv2.0.1.weight - torch.Size([32]): 
The value is the same before and after calling `init_weights` of BEVSegmentor  

decoder.backbone_3d.conv2.0.1.bias - torch.Size([32]): 
The value is the same before and after calling `init_weights` of BEVSegmentor  

decoder.backbone_3d.conv2.1.conv1.weight - torch.Size([32, 3, 3, 3, 32]): 
The value is the same before and after calling `init_weights` of BEVSegmentor  

decoder.backbone_3d.conv2.1.conv1.bias - torch.Size([32]): 
The value is the same before and after calling `init_weights` of BEVSegmentor  

decoder.backbone_3d.conv2.1.bn1.weight - torch.Size([32]): 
The value is the same before and after calling `init_weights` of BEVSegmentor  

decoder.backbone_3d.conv2.1.bn1.bias - torch.Size([32]): 
The value is the same before and after calling `init_weights` of BEVSegmentor  

decoder.backbone_3d.conv2.1.conv2.weight - torch.Size([32, 3, 3, 3, 32]): 
The value is the same before and after calling `init_weights` of BEVSegmentor  

decoder.backbone_3d.conv2.1.conv2.bias - torch.Size([32]): 
The value is the same before and after calling `init_weights` of BEVSegmentor  

decoder.backbone_3d.conv2.1.bn2.weight - torch.Size([32]): 
The value is the same before and after calling `init_weights` of BEVSegmentor  

decoder.backbone_3d.conv2.1.bn2.bias - torch.Size([32]): 
The value is the same before and after calling `init_weights` of BEVSegmentor  

decoder.backbone_3d.conv2.2.conv1.weight - torch.Size([32, 3, 3, 3, 32]): 
The value is the same before and after calling `init_weights` of BEVSegmentor  

decoder.backbone_3d.conv2.2.conv1.bias - torch.Size([32]): 
The value is the same before and after calling `init_weights` of BEVSegmentor  

decoder.backbone_3d.conv2.2.bn1.weight - torch.Size([32]): 
The value is the same before and after calling `init_weights` of BEVSegmentor  

decoder.backbone_3d.conv2.2.bn1.bias - torch.Size([32]): 
The value is the same before and after calling `init_weights` of BEVSegmentor  

decoder.backbone_3d.conv2.2.conv2.weight - torch.Size([32, 3, 3, 3, 32]): 
The value is the same before and after calling `init_weights` of BEVSegmentor  

decoder.backbone_3d.conv2.2.conv2.bias - torch.Size([32]): 
The value is the same before and after calling `init_weights` of BEVSegmentor  

decoder.backbone_3d.conv2.2.bn2.weight - torch.Size([32]): 
The value is the same before and after calling `init_weights` of BEVSegmentor  

decoder.backbone_3d.conv2.2.bn2.bias - torch.Size([32]): 
The value is the same before and after calling `init_weights` of BEVSegmentor  

decoder.backbone_3d.conv3.0.0.weight - torch.Size([64, 3, 3, 3, 32]): 
The value is the same before and after calling `init_weights` of BEVSegmentor  

decoder.backbone_3d.conv3.0.1.weight - torch.Size([64]): 
The value is the same before and after calling `init_weights` of BEVSegmentor  

decoder.backbone_3d.conv3.0.1.bias - torch.Size([64]): 
The value is the same before and after calling `init_weights` of BEVSegmentor  

decoder.backbone_3d.conv3.1.conv1.weight - torch.Size([64, 3, 3, 3, 64]): 
The value is the same before and after calling `init_weights` of BEVSegmentor  

decoder.backbone_3d.conv3.1.conv1.bias - torch.Size([64]): 
The value is the same before and after calling `init_weights` of BEVSegmentor  

decoder.backbone_3d.conv3.1.bn1.weight - torch.Size([64]): 
The value is the same before and after calling `init_weights` of BEVSegmentor  

decoder.backbone_3d.conv3.1.bn1.bias - torch.Size([64]): 
The value is the same before and after calling `init_weights` of BEVSegmentor  

decoder.backbone_3d.conv3.1.conv2.weight - torch.Size([64, 3, 3, 3, 64]): 
The value is the same before and after calling `init_weights` of BEVSegmentor  

decoder.backbone_3d.conv3.1.conv2.bias - torch.Size([64]): 
The value is the same before and after calling `init_weights` of BEVSegmentor  

decoder.backbone_3d.conv3.1.bn2.weight - torch.Size([64]): 
The value is the same before and after calling `init_weights` of BEVSegmentor  

decoder.backbone_3d.conv3.1.bn2.bias - torch.Size([64]): 
The value is the same before and after calling `init_weights` of BEVSegmentor  

decoder.backbone_3d.conv3.2.conv1.weight - torch.Size([64, 3, 3, 3, 64]): 
The value is the same before and after calling `init_weights` of BEVSegmentor  

decoder.backbone_3d.conv3.2.conv1.bias - torch.Size([64]): 
The value is the same before and after calling `init_weights` of BEVSegmentor  

decoder.backbone_3d.conv3.2.bn1.weight - torch.Size([64]): 
The value is the same before and after calling `init_weights` of BEVSegmentor  

decoder.backbone_3d.conv3.2.bn1.bias - torch.Size([64]): 
The value is the same before and after calling `init_weights` of BEVSegmentor  

decoder.backbone_3d.conv3.2.conv2.weight - torch.Size([64, 3, 3, 3, 64]): 
The value is the same before and after calling `init_weights` of BEVSegmentor  

decoder.backbone_3d.conv3.2.conv2.bias - torch.Size([64]): 
The value is the same before and after calling `init_weights` of BEVSegmentor  

decoder.backbone_3d.conv3.2.bn2.weight - torch.Size([64]): 
The value is the same before and after calling `init_weights` of BEVSegmentor  

decoder.backbone_3d.conv3.2.bn2.bias - torch.Size([64]): 
The value is the same before and after calling `init_weights` of BEVSegmentor  

decoder.backbone_3d.conv4.0.0.weight - torch.Size([128, 3, 3, 3, 64]): 
The value is the same before and after calling `init_weights` of BEVSegmentor  

decoder.backbone_3d.conv4.0.1.weight - torch.Size([128]): 
The value is the same before and after calling `init_weights` of BEVSegmentor  

decoder.backbone_3d.conv4.0.1.bias - torch.Size([128]): 
The value is the same before and after calling `init_weights` of BEVSegmentor  

decoder.backbone_3d.conv4.1.conv1.weight - torch.Size([128, 3, 3, 3, 128]): 
The value is the same before and after calling `init_weights` of BEVSegmentor  

decoder.backbone_3d.conv4.1.conv1.bias - torch.Size([128]): 
The value is the same before and after calling `init_weights` of BEVSegmentor  

decoder.backbone_3d.conv4.1.bn1.weight - torch.Size([128]): 
The value is the same before and after calling `init_weights` of BEVSegmentor  

decoder.backbone_3d.conv4.1.bn1.bias - torch.Size([128]): 
The value is the same before and after calling `init_weights` of BEVSegmentor  

decoder.backbone_3d.conv4.1.conv2.weight - torch.Size([128, 3, 3, 3, 128]): 
The value is the same before and after calling `init_weights` of BEVSegmentor  

decoder.backbone_3d.conv4.1.conv2.bias - torch.Size([128]): 
The value is the same before and after calling `init_weights` of BEVSegmentor  

decoder.backbone_3d.conv4.1.bn2.weight - torch.Size([128]): 
The value is the same before and after calling `init_weights` of BEVSegmentor  

decoder.backbone_3d.conv4.1.bn2.bias - torch.Size([128]): 
The value is the same before and after calling `init_weights` of BEVSegmentor  

decoder.backbone_3d.conv4.2.conv1.weight - torch.Size([128, 3, 3, 3, 128]): 
The value is the same before and after calling `init_weights` of BEVSegmentor  

decoder.backbone_3d.conv4.2.conv1.bias - torch.Size([128]): 
The value is the same before and after calling `init_weights` of BEVSegmentor  

decoder.backbone_3d.conv4.2.bn1.weight - torch.Size([128]): 
The value is the same before and after calling `init_weights` of BEVSegmentor  

decoder.backbone_3d.conv4.2.bn1.bias - torch.Size([128]): 
The value is the same before and after calling `init_weights` of BEVSegmentor  

decoder.backbone_3d.conv4.2.conv2.weight - torch.Size([128, 3, 3, 3, 128]): 
The value is the same before and after calling `init_weights` of BEVSegmentor  

decoder.backbone_3d.conv4.2.conv2.bias - torch.Size([128]): 
The value is the same before and after calling `init_weights` of BEVSegmentor  

decoder.backbone_3d.conv4.2.bn2.weight - torch.Size([128]): 
The value is the same before and after calling `init_weights` of BEVSegmentor  

decoder.backbone_3d.conv4.2.bn2.bias - torch.Size([128]): 
The value is the same before and after calling `init_weights` of BEVSegmentor  

decoder.backbone_3d.conv5.0.0.weight - torch.Size([128, 3, 3, 3, 128]): 
The value is the same before and after calling `init_weights` of BEVSegmentor  

decoder.backbone_3d.conv5.0.1.weight - torch.Size([128]): 
The value is the same before and after calling `init_weights` of BEVSegmentor  

decoder.backbone_3d.conv5.0.1.bias - torch.Size([128]): 
The value is the same before and after calling `init_weights` of BEVSegmentor  

decoder.backbone_3d.conv5.1.conv1.weight - torch.Size([128, 3, 3, 3, 128]): 
The value is the same before and after calling `init_weights` of BEVSegmentor  

decoder.backbone_3d.conv5.1.conv1.bias - torch.Size([128]): 
The value is the same before and after calling `init_weights` of BEVSegmentor  

decoder.backbone_3d.conv5.1.bn1.weight - torch.Size([128]): 
The value is the same before and after calling `init_weights` of BEVSegmentor  

decoder.backbone_3d.conv5.1.bn1.bias - torch.Size([128]): 
The value is the same before and after calling `init_weights` of BEVSegmentor  

decoder.backbone_3d.conv5.1.conv2.weight - torch.Size([128, 3, 3, 3, 128]): 
The value is the same before and after calling `init_weights` of BEVSegmentor  

decoder.backbone_3d.conv5.1.conv2.bias - torch.Size([128]): 
The value is the same before and after calling `init_weights` of BEVSegmentor  

decoder.backbone_3d.conv5.1.bn2.weight - torch.Size([128]): 
The value is the same before and after calling `init_weights` of BEVSegmentor  

decoder.backbone_3d.conv5.1.bn2.bias - torch.Size([128]): 
The value is the same before and after calling `init_weights` of BEVSegmentor  

decoder.backbone_3d.conv5.2.conv1.weight - torch.Size([128, 3, 3, 3, 128]): 
The value is the same before and after calling `init_weights` of BEVSegmentor  

decoder.backbone_3d.conv5.2.conv1.bias - torch.Size([128]): 
The value is the same before and after calling `init_weights` of BEVSegmentor  

decoder.backbone_3d.conv5.2.bn1.weight - torch.Size([128]): 
The value is the same before and after calling `init_weights` of BEVSegmentor  

decoder.backbone_3d.conv5.2.bn1.bias - torch.Size([128]): 
The value is the same before and after calling `init_weights` of BEVSegmentor  

decoder.backbone_3d.conv5.2.conv2.weight - torch.Size([128, 3, 3, 3, 128]): 
The value is the same before and after calling `init_weights` of BEVSegmentor  

decoder.backbone_3d.conv5.2.conv2.bias - torch.Size([128]): 
The value is the same before and after calling `init_weights` of BEVSegmentor  

decoder.backbone_3d.conv5.2.bn2.weight - torch.Size([128]): 
The value is the same before and after calling `init_weights` of BEVSegmentor  

decoder.backbone_3d.conv5.2.bn2.bias - torch.Size([128]): 
The value is the same before and after calling `init_weights` of BEVSegmentor  

decoder.backbone_3d.conv6.0.0.weight - torch.Size([128, 3, 3, 3, 128]): 
The value is the same before and after calling `init_weights` of BEVSegmentor  

decoder.backbone_3d.conv6.0.1.weight - torch.Size([128]): 
The value is the same before and after calling `init_weights` of BEVSegmentor  

decoder.backbone_3d.conv6.0.1.bias - torch.Size([128]): 
The value is the same before and after calling `init_weights` of BEVSegmentor  

decoder.backbone_3d.conv6.1.conv1.weight - torch.Size([128, 3, 3, 3, 128]): 
The value is the same before and after calling `init_weights` of BEVSegmentor  

decoder.backbone_3d.conv6.1.conv1.bias - torch.Size([128]): 
The value is the same before and after calling `init_weights` of BEVSegmentor  

decoder.backbone_3d.conv6.1.bn1.weight - torch.Size([128]): 
The value is the same before and after calling `init_weights` of BEVSegmentor  

decoder.backbone_3d.conv6.1.bn1.bias - torch.Size([128]): 
The value is the same before and after calling `init_weights` of BEVSegmentor  

decoder.backbone_3d.conv6.1.conv2.weight - torch.Size([128, 3, 3, 3, 128]): 
The value is the same before and after calling `init_weights` of BEVSegmentor  

decoder.backbone_3d.conv6.1.conv2.bias - torch.Size([128]): 
The value is the same before and after calling `init_weights` of BEVSegmentor  

decoder.backbone_3d.conv6.1.bn2.weight - torch.Size([128]): 
The value is the same before and after calling `init_weights` of BEVSegmentor  

decoder.backbone_3d.conv6.1.bn2.bias - torch.Size([128]): 
The value is the same before and after calling `init_weights` of BEVSegmentor  

decoder.backbone_3d.conv6.2.conv1.weight - torch.Size([128, 3, 3, 3, 128]): 
The value is the same before and after calling `init_weights` of BEVSegmentor  

decoder.backbone_3d.conv6.2.conv1.bias - torch.Size([128]): 
The value is the same before and after calling `init_weights` of BEVSegmentor  

decoder.backbone_3d.conv6.2.bn1.weight - torch.Size([128]): 
The value is the same before and after calling `init_weights` of BEVSegmentor  

decoder.backbone_3d.conv6.2.bn1.bias - torch.Size([128]): 
The value is the same before and after calling `init_weights` of BEVSegmentor  

decoder.backbone_3d.conv6.2.conv2.weight - torch.Size([128, 3, 3, 3, 128]): 
The value is the same before and after calling `init_weights` of BEVSegmentor  

decoder.backbone_3d.conv6.2.conv2.bias - torch.Size([128]): 
The value is the same before and after calling `init_weights` of BEVSegmentor  

decoder.backbone_3d.conv6.2.bn2.weight - torch.Size([128]): 
The value is the same before and after calling `init_weights` of BEVSegmentor  

decoder.backbone_3d.conv6.2.bn2.bias - torch.Size([128]): 
The value is the same before and after calling `init_weights` of BEVSegmentor  

decoder.backbone_3d.conv_out.0.weight - torch.Size([128, 3, 3, 128]): 
The value is the same before and after calling `init_weights` of BEVSegmentor  

decoder.backbone_3d.conv_out.1.weight - torch.Size([128]): 
The value is the same before and after calling `init_weights` of BEVSegmentor  

decoder.backbone_3d.conv_out.1.bias - torch.Size([128]): 
The value is the same before and after calling `init_weights` of BEVSegmentor  

decoder.backbone_3d.shared_conv.0.weight - torch.Size([128, 3, 3, 128]): 
The value is the same before and after calling `init_weights` of BEVSegmentor  

decoder.backbone_3d.shared_conv.0.bias - torch.Size([128]): 
The value is the same before and after calling `init_weights` of BEVSegmentor  

decoder.backbone_3d.shared_conv.1.weight - torch.Size([128]): 
The value is the same before and after calling `init_weights` of BEVSegmentor  

decoder.backbone_3d.shared_conv.1.bias - torch.Size([128]): 
The value is the same before and after calling `init_weights` of BEVSegmentor  

decoder.dense_head.heads_list.0.center.0.0.weight - torch.Size([128, 1, 1, 128]): 
The value is the same before and after calling `init_weights` of BEVSegmentor  

decoder.dense_head.heads_list.0.center.0.0.bias - torch.Size([128]): 
The value is the same before and after calling `init_weights` of BEVSegmentor  

decoder.dense_head.heads_list.0.center.0.1.weight - torch.Size([128]): 
The value is the same before and after calling `init_weights` of BEVSegmentor  

decoder.dense_head.heads_list.0.center.0.1.bias - torch.Size([128]): 
The value is the same before and after calling `init_weights` of BEVSegmentor  

decoder.dense_head.heads_list.0.center.1.weight - torch.Size([2, 1, 1, 128]): 
The value is the same before and after calling `init_weights` of BEVSegmentor  

decoder.dense_head.heads_list.0.center.1.bias - torch.Size([2]): 
The value is the same before and after calling `init_weights` of BEVSegmentor  

decoder.dense_head.heads_list.0.center_z.0.0.weight - torch.Size([128, 1, 1, 128]): 
The value is the same before and after calling `init_weights` of BEVSegmentor  

decoder.dense_head.heads_list.0.center_z.0.0.bias - torch.Size([128]): 
The value is the same before and after calling `init_weights` of BEVSegmentor  

decoder.dense_head.heads_list.0.center_z.0.1.weight - torch.Size([128]): 
The value is the same before and after calling `init_weights` of BEVSegmentor  

decoder.dense_head.heads_list.0.center_z.0.1.bias - torch.Size([128]): 
The value is the same before and after calling `init_weights` of BEVSegmentor  

decoder.dense_head.heads_list.0.center_z.1.weight - torch.Size([1, 1, 1, 128]): 
The value is the same before and after calling `init_weights` of BEVSegmentor  

decoder.dense_head.heads_list.0.center_z.1.bias - torch.Size([1]): 
The value is the same before and after calling `init_weights` of BEVSegmentor  

decoder.dense_head.heads_list.0.dim.0.0.weight - torch.Size([128, 1, 1, 128]): 
The value is the same before and after calling `init_weights` of BEVSegmentor  

decoder.dense_head.heads_list.0.dim.0.0.bias - torch.Size([128]): 
The value is the same before and after calling `init_weights` of BEVSegmentor  

decoder.dense_head.heads_list.0.dim.0.1.weight - torch.Size([128]): 
The value is the same before and after calling `init_weights` of BEVSegmentor  

decoder.dense_head.heads_list.0.dim.0.1.bias - torch.Size([128]): 
The value is the same before and after calling `init_weights` of BEVSegmentor  

decoder.dense_head.heads_list.0.dim.1.weight - torch.Size([3, 1, 1, 128]): 
The value is the same before and after calling `init_weights` of BEVSegmentor  

decoder.dense_head.heads_list.0.dim.1.bias - torch.Size([3]): 
The value is the same before and after calling `init_weights` of BEVSegmentor  

decoder.dense_head.heads_list.0.rot.0.0.weight - torch.Size([128, 1, 1, 128]): 
The value is the same before and after calling `init_weights` of BEVSegmentor  

decoder.dense_head.heads_list.0.rot.0.0.bias - torch.Size([128]): 
The value is the same before and after calling `init_weights` of BEVSegmentor  

decoder.dense_head.heads_list.0.rot.0.1.weight - torch.Size([128]): 
The value is the same before and after calling `init_weights` of BEVSegmentor  

decoder.dense_head.heads_list.0.rot.0.1.bias - torch.Size([128]): 
The value is the same before and after calling `init_weights` of BEVSegmentor  

decoder.dense_head.heads_list.0.rot.1.weight - torch.Size([2, 1, 1, 128]): 
The value is the same before and after calling `init_weights` of BEVSegmentor  

decoder.dense_head.heads_list.0.rot.1.bias - torch.Size([2]): 
The value is the same before and after calling `init_weights` of BEVSegmentor  

decoder.dense_head.heads_list.0.vel.0.0.weight - torch.Size([128, 1, 1, 128]): 
The value is the same before and after calling `init_weights` of BEVSegmentor  

decoder.dense_head.heads_list.0.vel.0.0.bias - torch.Size([128]): 
The value is the same before and after calling `init_weights` of BEVSegmentor  

decoder.dense_head.heads_list.0.vel.0.1.weight - torch.Size([128]): 
The value is the same before and after calling `init_weights` of BEVSegmentor  

decoder.dense_head.heads_list.0.vel.0.1.bias - torch.Size([128]): 
The value is the same before and after calling `init_weights` of BEVSegmentor  

decoder.dense_head.heads_list.0.vel.1.weight - torch.Size([2, 1, 1, 128]): 
The value is the same before and after calling `init_weights` of BEVSegmentor  

decoder.dense_head.heads_list.0.vel.1.bias - torch.Size([2]): 
The value is the same before and after calling `init_weights` of BEVSegmentor  

decoder.dense_head.heads_list.0.hm.0.0.weight - torch.Size([128, 1, 1, 128]): 
The value is the same before and after calling `init_weights` of BEVSegmentor  

decoder.dense_head.heads_list.0.hm.0.0.bias - torch.Size([128]): 
The value is the same before and after calling `init_weights` of BEVSegmentor  

decoder.dense_head.heads_list.0.hm.0.1.weight - torch.Size([128]): 
The value is the same before and after calling `init_weights` of BEVSegmentor  

decoder.dense_head.heads_list.0.hm.0.1.bias - torch.Size([128]): 
The value is the same before and after calling `init_weights` of BEVSegmentor  

decoder.dense_head.heads_list.0.hm.1.weight - torch.Size([1, 1, 1, 128]): 
The value is the same before and after calling `init_weights` of BEVSegmentor  

decoder.dense_head.heads_list.0.hm.1.bias - torch.Size([1]): 
The value is the same before and after calling `init_weights` of BEVSegmentor  

decoder.dense_head.heads_list.1.center.0.0.weight - torch.Size([128, 1, 1, 128]): 
The value is the same before and after calling `init_weights` of BEVSegmentor  

decoder.dense_head.heads_list.1.center.0.0.bias - torch.Size([128]): 
The value is the same before and after calling `init_weights` of BEVSegmentor  

decoder.dense_head.heads_list.1.center.0.1.weight - torch.Size([128]): 
The value is the same before and after calling `init_weights` of BEVSegmentor  

decoder.dense_head.heads_list.1.center.0.1.bias - torch.Size([128]): 
The value is the same before and after calling `init_weights` of BEVSegmentor  

decoder.dense_head.heads_list.1.center.1.weight - torch.Size([2, 1, 1, 128]): 
The value is the same before and after calling `init_weights` of BEVSegmentor  

decoder.dense_head.heads_list.1.center.1.bias - torch.Size([2]): 
The value is the same before and after calling `init_weights` of BEVSegmentor  

decoder.dense_head.heads_list.1.center_z.0.0.weight - torch.Size([128, 1, 1, 128]): 
The value is the same before and after calling `init_weights` of BEVSegmentor  

decoder.dense_head.heads_list.1.center_z.0.0.bias - torch.Size([128]): 
The value is the same before and after calling `init_weights` of BEVSegmentor  

decoder.dense_head.heads_list.1.center_z.0.1.weight - torch.Size([128]): 
The value is the same before and after calling `init_weights` of BEVSegmentor  

decoder.dense_head.heads_list.1.center_z.0.1.bias - torch.Size([128]): 
The value is the same before and after calling `init_weights` of BEVSegmentor  

decoder.dense_head.heads_list.1.center_z.1.weight - torch.Size([1, 1, 1, 128]): 
The value is the same before and after calling `init_weights` of BEVSegmentor  

decoder.dense_head.heads_list.1.center_z.1.bias - torch.Size([1]): 
The value is the same before and after calling `init_weights` of BEVSegmentor  

decoder.dense_head.heads_list.1.dim.0.0.weight - torch.Size([128, 1, 1, 128]): 
The value is the same before and after calling `init_weights` of BEVSegmentor  

decoder.dense_head.heads_list.1.dim.0.0.bias - torch.Size([128]): 
The value is the same before and after calling `init_weights` of BEVSegmentor  

decoder.dense_head.heads_list.1.dim.0.1.weight - torch.Size([128]): 
The value is the same before and after calling `init_weights` of BEVSegmentor  

decoder.dense_head.heads_list.1.dim.0.1.bias - torch.Size([128]): 
The value is the same before and after calling `init_weights` of BEVSegmentor  

decoder.dense_head.heads_list.1.dim.1.weight - torch.Size([3, 1, 1, 128]): 
The value is the same before and after calling `init_weights` of BEVSegmentor  

decoder.dense_head.heads_list.1.dim.1.bias - torch.Size([3]): 
The value is the same before and after calling `init_weights` of BEVSegmentor  

decoder.dense_head.heads_list.1.rot.0.0.weight - torch.Size([128, 1, 1, 128]): 
The value is the same before and after calling `init_weights` of BEVSegmentor  

decoder.dense_head.heads_list.1.rot.0.0.bias - torch.Size([128]): 
The value is the same before and after calling `init_weights` of BEVSegmentor  

decoder.dense_head.heads_list.1.rot.0.1.weight - torch.Size([128]): 
The value is the same before and after calling `init_weights` of BEVSegmentor  

decoder.dense_head.heads_list.1.rot.0.1.bias - torch.Size([128]): 
The value is the same before and after calling `init_weights` of BEVSegmentor  

decoder.dense_head.heads_list.1.rot.1.weight - torch.Size([2, 1, 1, 128]): 
The value is the same before and after calling `init_weights` of BEVSegmentor  

decoder.dense_head.heads_list.1.rot.1.bias - torch.Size([2]): 
The value is the same before and after calling `init_weights` of BEVSegmentor  

decoder.dense_head.heads_list.1.vel.0.0.weight - torch.Size([128, 1, 1, 128]): 
The value is the same before and after calling `init_weights` of BEVSegmentor  

decoder.dense_head.heads_list.1.vel.0.0.bias - torch.Size([128]): 
The value is the same before and after calling `init_weights` of BEVSegmentor  

decoder.dense_head.heads_list.1.vel.0.1.weight - torch.Size([128]): 
The value is the same before and after calling `init_weights` of BEVSegmentor  

decoder.dense_head.heads_list.1.vel.0.1.bias - torch.Size([128]): 
The value is the same before and after calling `init_weights` of BEVSegmentor  

decoder.dense_head.heads_list.1.vel.1.weight - torch.Size([2, 1, 1, 128]): 
The value is the same before and after calling `init_weights` of BEVSegmentor  

decoder.dense_head.heads_list.1.vel.1.bias - torch.Size([2]): 
The value is the same before and after calling `init_weights` of BEVSegmentor  

decoder.dense_head.heads_list.1.hm.0.0.weight - torch.Size([128, 1, 1, 128]): 
The value is the same before and after calling `init_weights` of BEVSegmentor  

decoder.dense_head.heads_list.1.hm.0.0.bias - torch.Size([128]): 
The value is the same before and after calling `init_weights` of BEVSegmentor  

decoder.dense_head.heads_list.1.hm.0.1.weight - torch.Size([128]): 
The value is the same before and after calling `init_weights` of BEVSegmentor  

decoder.dense_head.heads_list.1.hm.0.1.bias - torch.Size([128]): 
The value is the same before and after calling `init_weights` of BEVSegmentor  

decoder.dense_head.heads_list.1.hm.1.weight - torch.Size([2, 1, 1, 128]): 
The value is the same before and after calling `init_weights` of BEVSegmentor  

decoder.dense_head.heads_list.1.hm.1.bias - torch.Size([2]): 
The value is the same before and after calling `init_weights` of BEVSegmentor  

decoder.dense_head.heads_list.2.center.0.0.weight - torch.Size([128, 1, 1, 128]): 
The value is the same before and after calling `init_weights` of BEVSegmentor  

decoder.dense_head.heads_list.2.center.0.0.bias - torch.Size([128]): 
The value is the same before and after calling `init_weights` of BEVSegmentor  

decoder.dense_head.heads_list.2.center.0.1.weight - torch.Size([128]): 
The value is the same before and after calling `init_weights` of BEVSegmentor  

decoder.dense_head.heads_list.2.center.0.1.bias - torch.Size([128]): 
The value is the same before and after calling `init_weights` of BEVSegmentor  

decoder.dense_head.heads_list.2.center.1.weight - torch.Size([2, 1, 1, 128]): 
The value is the same before and after calling `init_weights` of BEVSegmentor  

decoder.dense_head.heads_list.2.center.1.bias - torch.Size([2]): 
The value is the same before and after calling `init_weights` of BEVSegmentor  

decoder.dense_head.heads_list.2.center_z.0.0.weight - torch.Size([128, 1, 1, 128]): 
The value is the same before and after calling `init_weights` of BEVSegmentor  

decoder.dense_head.heads_list.2.center_z.0.0.bias - torch.Size([128]): 
The value is the same before and after calling `init_weights` of BEVSegmentor  

decoder.dense_head.heads_list.2.center_z.0.1.weight - torch.Size([128]): 
The value is the same before and after calling `init_weights` of BEVSegmentor  

decoder.dense_head.heads_list.2.center_z.0.1.bias - torch.Size([128]): 
The value is the same before and after calling `init_weights` of BEVSegmentor  

decoder.dense_head.heads_list.2.center_z.1.weight - torch.Size([1, 1, 1, 128]): 
The value is the same before and after calling `init_weights` of BEVSegmentor  

decoder.dense_head.heads_list.2.center_z.1.bias - torch.Size([1]): 
The value is the same before and after calling `init_weights` of BEVSegmentor  

decoder.dense_head.heads_list.2.dim.0.0.weight - torch.Size([128, 1, 1, 128]): 
The value is the same before and after calling `init_weights` of BEVSegmentor  

decoder.dense_head.heads_list.2.dim.0.0.bias - torch.Size([128]): 
The value is the same before and after calling `init_weights` of BEVSegmentor  

decoder.dense_head.heads_list.2.dim.0.1.weight - torch.Size([128]): 
The value is the same before and after calling `init_weights` of BEVSegmentor  

decoder.dense_head.heads_list.2.dim.0.1.bias - torch.Size([128]): 
The value is the same before and after calling `init_weights` of BEVSegmentor  

decoder.dense_head.heads_list.2.dim.1.weight - torch.Size([3, 1, 1, 128]): 
The value is the same before and after calling `init_weights` of BEVSegmentor  

decoder.dense_head.heads_list.2.dim.1.bias - torch.Size([3]): 
The value is the same before and after calling `init_weights` of BEVSegmentor  

decoder.dense_head.heads_list.2.rot.0.0.weight - torch.Size([128, 1, 1, 128]): 
The value is the same before and after calling `init_weights` of BEVSegmentor  

decoder.dense_head.heads_list.2.rot.0.0.bias - torch.Size([128]): 
The value is the same before and after calling `init_weights` of BEVSegmentor  

decoder.dense_head.heads_list.2.rot.0.1.weight - torch.Size([128]): 
The value is the same before and after calling `init_weights` of BEVSegmentor  

decoder.dense_head.heads_list.2.rot.0.1.bias - torch.Size([128]): 
The value is the same before and after calling `init_weights` of BEVSegmentor  

decoder.dense_head.heads_list.2.rot.1.weight - torch.Size([2, 1, 1, 128]): 
The value is the same before and after calling `init_weights` of BEVSegmentor  

decoder.dense_head.heads_list.2.rot.1.bias - torch.Size([2]): 
The value is the same before and after calling `init_weights` of BEVSegmentor  

decoder.dense_head.heads_list.2.vel.0.0.weight - torch.Size([128, 1, 1, 128]): 
The value is the same before and after calling `init_weights` of BEVSegmentor  

decoder.dense_head.heads_list.2.vel.0.0.bias - torch.Size([128]): 
The value is the same before and after calling `init_weights` of BEVSegmentor  

decoder.dense_head.heads_list.2.vel.0.1.weight - torch.Size([128]): 
The value is the same before and after calling `init_weights` of BEVSegmentor  

decoder.dense_head.heads_list.2.vel.0.1.bias - torch.Size([128]): 
The value is the same before and after calling `init_weights` of BEVSegmentor  

decoder.dense_head.heads_list.2.vel.1.weight - torch.Size([2, 1, 1, 128]): 
The value is the same before and after calling `init_weights` of BEVSegmentor  

decoder.dense_head.heads_list.2.vel.1.bias - torch.Size([2]): 
The value is the same before and after calling `init_weights` of BEVSegmentor  

decoder.dense_head.heads_list.2.hm.0.0.weight - torch.Size([128, 1, 1, 128]): 
The value is the same before and after calling `init_weights` of BEVSegmentor  

decoder.dense_head.heads_list.2.hm.0.0.bias - torch.Size([128]): 
The value is the same before and after calling `init_weights` of BEVSegmentor  

decoder.dense_head.heads_list.2.hm.0.1.weight - torch.Size([128]): 
The value is the same before and after calling `init_weights` of BEVSegmentor  

decoder.dense_head.heads_list.2.hm.0.1.bias - torch.Size([128]): 
The value is the same before and after calling `init_weights` of BEVSegmentor  

decoder.dense_head.heads_list.2.hm.1.weight - torch.Size([2, 1, 1, 128]): 
The value is the same before and after calling `init_weights` of BEVSegmentor  

decoder.dense_head.heads_list.2.hm.1.bias - torch.Size([2]): 
The value is the same before and after calling `init_weights` of BEVSegmentor  

decoder.dense_head.heads_list.3.center.0.0.weight - torch.Size([128, 1, 1, 128]): 
The value is the same before and after calling `init_weights` of BEVSegmentor  

decoder.dense_head.heads_list.3.center.0.0.bias - torch.Size([128]): 
The value is the same before and after calling `init_weights` of BEVSegmentor  

decoder.dense_head.heads_list.3.center.0.1.weight - torch.Size([128]): 
The value is the same before and after calling `init_weights` of BEVSegmentor  

decoder.dense_head.heads_list.3.center.0.1.bias - torch.Size([128]): 
The value is the same before and after calling `init_weights` of BEVSegmentor  

decoder.dense_head.heads_list.3.center.1.weight - torch.Size([2, 1, 1, 128]): 
The value is the same before and after calling `init_weights` of BEVSegmentor  

decoder.dense_head.heads_list.3.center.1.bias - torch.Size([2]): 
The value is the same before and after calling `init_weights` of BEVSegmentor  

decoder.dense_head.heads_list.3.center_z.0.0.weight - torch.Size([128, 1, 1, 128]): 
The value is the same before and after calling `init_weights` of BEVSegmentor  

decoder.dense_head.heads_list.3.center_z.0.0.bias - torch.Size([128]): 
The value is the same before and after calling `init_weights` of BEVSegmentor  

decoder.dense_head.heads_list.3.center_z.0.1.weight - torch.Size([128]): 
The value is the same before and after calling `init_weights` of BEVSegmentor  

decoder.dense_head.heads_list.3.center_z.0.1.bias - torch.Size([128]): 
The value is the same before and after calling `init_weights` of BEVSegmentor  

decoder.dense_head.heads_list.3.center_z.1.weight - torch.Size([1, 1, 1, 128]): 
The value is the same before and after calling `init_weights` of BEVSegmentor  

decoder.dense_head.heads_list.3.center_z.1.bias - torch.Size([1]): 
The value is the same before and after calling `init_weights` of BEVSegmentor  

decoder.dense_head.heads_list.3.dim.0.0.weight - torch.Size([128, 1, 1, 128]): 
The value is the same before and after calling `init_weights` of BEVSegmentor  

decoder.dense_head.heads_list.3.dim.0.0.bias - torch.Size([128]): 
The value is the same before and after calling `init_weights` of BEVSegmentor  

decoder.dense_head.heads_list.3.dim.0.1.weight - torch.Size([128]): 
The value is the same before and after calling `init_weights` of BEVSegmentor  

decoder.dense_head.heads_list.3.dim.0.1.bias - torch.Size([128]): 
The value is the same before and after calling `init_weights` of BEVSegmentor  

decoder.dense_head.heads_list.3.dim.1.weight - torch.Size([3, 1, 1, 128]): 
The value is the same before and after calling `init_weights` of BEVSegmentor  

decoder.dense_head.heads_list.3.dim.1.bias - torch.Size([3]): 
The value is the same before and after calling `init_weights` of BEVSegmentor  

decoder.dense_head.heads_list.3.rot.0.0.weight - torch.Size([128, 1, 1, 128]): 
The value is the same before and after calling `init_weights` of BEVSegmentor  

decoder.dense_head.heads_list.3.rot.0.0.bias - torch.Size([128]): 
The value is the same before and after calling `init_weights` of BEVSegmentor  

decoder.dense_head.heads_list.3.rot.0.1.weight - torch.Size([128]): 
The value is the same before and after calling `init_weights` of BEVSegmentor  

decoder.dense_head.heads_list.3.rot.0.1.bias - torch.Size([128]): 
The value is the same before and after calling `init_weights` of BEVSegmentor  

decoder.dense_head.heads_list.3.rot.1.weight - torch.Size([2, 1, 1, 128]): 
The value is the same before and after calling `init_weights` of BEVSegmentor  

decoder.dense_head.heads_list.3.rot.1.bias - torch.Size([2]): 
The value is the same before and after calling `init_weights` of BEVSegmentor  

decoder.dense_head.heads_list.3.vel.0.0.weight - torch.Size([128, 1, 1, 128]): 
The value is the same before and after calling `init_weights` of BEVSegmentor  

decoder.dense_head.heads_list.3.vel.0.0.bias - torch.Size([128]): 
The value is the same before and after calling `init_weights` of BEVSegmentor  

decoder.dense_head.heads_list.3.vel.0.1.weight - torch.Size([128]): 
The value is the same before and after calling `init_weights` of BEVSegmentor  

decoder.dense_head.heads_list.3.vel.0.1.bias - torch.Size([128]): 
The value is the same before and after calling `init_weights` of BEVSegmentor  

decoder.dense_head.heads_list.3.vel.1.weight - torch.Size([2, 1, 1, 128]): 
The value is the same before and after calling `init_weights` of BEVSegmentor  

decoder.dense_head.heads_list.3.vel.1.bias - torch.Size([2]): 
The value is the same before and after calling `init_weights` of BEVSegmentor  

decoder.dense_head.heads_list.3.hm.0.0.weight - torch.Size([128, 1, 1, 128]): 
The value is the same before and after calling `init_weights` of BEVSegmentor  

decoder.dense_head.heads_list.3.hm.0.0.bias - torch.Size([128]): 
The value is the same before and after calling `init_weights` of BEVSegmentor  

decoder.dense_head.heads_list.3.hm.0.1.weight - torch.Size([128]): 
The value is the same before and after calling `init_weights` of BEVSegmentor  

decoder.dense_head.heads_list.3.hm.0.1.bias - torch.Size([128]): 
The value is the same before and after calling `init_weights` of BEVSegmentor  

decoder.dense_head.heads_list.3.hm.1.weight - torch.Size([1, 1, 1, 128]): 
The value is the same before and after calling `init_weights` of BEVSegmentor  

decoder.dense_head.heads_list.3.hm.1.bias - torch.Size([1]): 
The value is the same before and after calling `init_weights` of BEVSegmentor  

decoder.dense_head.heads_list.4.center.0.0.weight - torch.Size([128, 1, 1, 128]): 
The value is the same before and after calling `init_weights` of BEVSegmentor  

decoder.dense_head.heads_list.4.center.0.0.bias - torch.Size([128]): 
The value is the same before and after calling `init_weights` of BEVSegmentor  

decoder.dense_head.heads_list.4.center.0.1.weight - torch.Size([128]): 
The value is the same before and after calling `init_weights` of BEVSegmentor  

decoder.dense_head.heads_list.4.center.0.1.bias - torch.Size([128]): 
The value is the same before and after calling `init_weights` of BEVSegmentor  

decoder.dense_head.heads_list.4.center.1.weight - torch.Size([2, 1, 1, 128]): 
The value is the same before and after calling `init_weights` of BEVSegmentor  

decoder.dense_head.heads_list.4.center.1.bias - torch.Size([2]): 
The value is the same before and after calling `init_weights` of BEVSegmentor  

decoder.dense_head.heads_list.4.center_z.0.0.weight - torch.Size([128, 1, 1, 128]): 
The value is the same before and after calling `init_weights` of BEVSegmentor  

decoder.dense_head.heads_list.4.center_z.0.0.bias - torch.Size([128]): 
The value is the same before and after calling `init_weights` of BEVSegmentor  

decoder.dense_head.heads_list.4.center_z.0.1.weight - torch.Size([128]): 
The value is the same before and after calling `init_weights` of BEVSegmentor  

decoder.dense_head.heads_list.4.center_z.0.1.bias - torch.Size([128]): 
The value is the same before and after calling `init_weights` of BEVSegmentor  

decoder.dense_head.heads_list.4.center_z.1.weight - torch.Size([1, 1, 1, 128]): 
The value is the same before and after calling `init_weights` of BEVSegmentor  

decoder.dense_head.heads_list.4.center_z.1.bias - torch.Size([1]): 
The value is the same before and after calling `init_weights` of BEVSegmentor  

decoder.dense_head.heads_list.4.dim.0.0.weight - torch.Size([128, 1, 1, 128]): 
The value is the same before and after calling `init_weights` of BEVSegmentor  

decoder.dense_head.heads_list.4.dim.0.0.bias - torch.Size([128]): 
The value is the same before and after calling `init_weights` of BEVSegmentor  

decoder.dense_head.heads_list.4.dim.0.1.weight - torch.Size([128]): 
The value is the same before and after calling `init_weights` of BEVSegmentor  

decoder.dense_head.heads_list.4.dim.0.1.bias - torch.Size([128]): 
The value is the same before and after calling `init_weights` of BEVSegmentor  

decoder.dense_head.heads_list.4.dim.1.weight - torch.Size([3, 1, 1, 128]): 
The value is the same before and after calling `init_weights` of BEVSegmentor  

decoder.dense_head.heads_list.4.dim.1.bias - torch.Size([3]): 
The value is the same before and after calling `init_weights` of BEVSegmentor  

decoder.dense_head.heads_list.4.rot.0.0.weight - torch.Size([128, 1, 1, 128]): 
The value is the same before and after calling `init_weights` of BEVSegmentor  

decoder.dense_head.heads_list.4.rot.0.0.bias - torch.Size([128]): 
The value is the same before and after calling `init_weights` of BEVSegmentor  

decoder.dense_head.heads_list.4.rot.0.1.weight - torch.Size([128]): 
The value is the same before and after calling `init_weights` of BEVSegmentor  

decoder.dense_head.heads_list.4.rot.0.1.bias - torch.Size([128]): 
The value is the same before and after calling `init_weights` of BEVSegmentor  

decoder.dense_head.heads_list.4.rot.1.weight - torch.Size([2, 1, 1, 128]): 
The value is the same before and after calling `init_weights` of BEVSegmentor  

decoder.dense_head.heads_list.4.rot.1.bias - torch.Size([2]): 
The value is the same before and after calling `init_weights` of BEVSegmentor  

decoder.dense_head.heads_list.4.vel.0.0.weight - torch.Size([128, 1, 1, 128]): 
The value is the same before and after calling `init_weights` of BEVSegmentor  

decoder.dense_head.heads_list.4.vel.0.0.bias - torch.Size([128]): 
The value is the same before and after calling `init_weights` of BEVSegmentor  

decoder.dense_head.heads_list.4.vel.0.1.weight - torch.Size([128]): 
The value is the same before and after calling `init_weights` of BEVSegmentor  

decoder.dense_head.heads_list.4.vel.0.1.bias - torch.Size([128]): 
The value is the same before and after calling `init_weights` of BEVSegmentor  

decoder.dense_head.heads_list.4.vel.1.weight - torch.Size([2, 1, 1, 128]): 
The value is the same before and after calling `init_weights` of BEVSegmentor  

decoder.dense_head.heads_list.4.vel.1.bias - torch.Size([2]): 
The value is the same before and after calling `init_weights` of BEVSegmentor  

decoder.dense_head.heads_list.4.hm.0.0.weight - torch.Size([128, 1, 1, 128]): 
The value is the same before and after calling `init_weights` of BEVSegmentor  

decoder.dense_head.heads_list.4.hm.0.0.bias - torch.Size([128]): 
The value is the same before and after calling `init_weights` of BEVSegmentor  

decoder.dense_head.heads_list.4.hm.0.1.weight - torch.Size([128]): 
The value is the same before and after calling `init_weights` of BEVSegmentor  

decoder.dense_head.heads_list.4.hm.0.1.bias - torch.Size([128]): 
The value is the same before and after calling `init_weights` of BEVSegmentor  

decoder.dense_head.heads_list.4.hm.1.weight - torch.Size([2, 1, 1, 128]): 
The value is the same before and after calling `init_weights` of BEVSegmentor  

decoder.dense_head.heads_list.4.hm.1.bias - torch.Size([2]): 
The value is the same before and after calling `init_weights` of BEVSegmentor  

decoder.dense_head.heads_list.5.center.0.0.weight - torch.Size([128, 1, 1, 128]): 
The value is the same before and after calling `init_weights` of BEVSegmentor  

decoder.dense_head.heads_list.5.center.0.0.bias - torch.Size([128]): 
The value is the same before and after calling `init_weights` of BEVSegmentor  

decoder.dense_head.heads_list.5.center.0.1.weight - torch.Size([128]): 
The value is the same before and after calling `init_weights` of BEVSegmentor  

decoder.dense_head.heads_list.5.center.0.1.bias - torch.Size([128]): 
The value is the same before and after calling `init_weights` of BEVSegmentor  

decoder.dense_head.heads_list.5.center.1.weight - torch.Size([2, 1, 1, 128]): 
The value is the same before and after calling `init_weights` of BEVSegmentor  

decoder.dense_head.heads_list.5.center.1.bias - torch.Size([2]): 
The value is the same before and after calling `init_weights` of BEVSegmentor  

decoder.dense_head.heads_list.5.center_z.0.0.weight - torch.Size([128, 1, 1, 128]): 
The value is the same before and after calling `init_weights` of BEVSegmentor  

decoder.dense_head.heads_list.5.center_z.0.0.bias - torch.Size([128]): 
The value is the same before and after calling `init_weights` of BEVSegmentor  

decoder.dense_head.heads_list.5.center_z.0.1.weight - torch.Size([128]): 
The value is the same before and after calling `init_weights` of BEVSegmentor  

decoder.dense_head.heads_list.5.center_z.0.1.bias - torch.Size([128]): 
The value is the same before and after calling `init_weights` of BEVSegmentor  

decoder.dense_head.heads_list.5.center_z.1.weight - torch.Size([1, 1, 1, 128]): 
The value is the same before and after calling `init_weights` of BEVSegmentor  

decoder.dense_head.heads_list.5.center_z.1.bias - torch.Size([1]): 
The value is the same before and after calling `init_weights` of BEVSegmentor  

decoder.dense_head.heads_list.5.dim.0.0.weight - torch.Size([128, 1, 1, 128]): 
The value is the same before and after calling `init_weights` of BEVSegmentor  

decoder.dense_head.heads_list.5.dim.0.0.bias - torch.Size([128]): 
The value is the same before and after calling `init_weights` of BEVSegmentor  

decoder.dense_head.heads_list.5.dim.0.1.weight - torch.Size([128]): 
The value is the same before and after calling `init_weights` of BEVSegmentor  

decoder.dense_head.heads_list.5.dim.0.1.bias - torch.Size([128]): 
The value is the same before and after calling `init_weights` of BEVSegmentor  

decoder.dense_head.heads_list.5.dim.1.weight - torch.Size([3, 1, 1, 128]): 
The value is the same before and after calling `init_weights` of BEVSegmentor  

decoder.dense_head.heads_list.5.dim.1.bias - torch.Size([3]): 
The value is the same before and after calling `init_weights` of BEVSegmentor  

decoder.dense_head.heads_list.5.rot.0.0.weight - torch.Size([128, 1, 1, 128]): 
The value is the same before and after calling `init_weights` of BEVSegmentor  

decoder.dense_head.heads_list.5.rot.0.0.bias - torch.Size([128]): 
The value is the same before and after calling `init_weights` of BEVSegmentor  

decoder.dense_head.heads_list.5.rot.0.1.weight - torch.Size([128]): 
The value is the same before and after calling `init_weights` of BEVSegmentor  

decoder.dense_head.heads_list.5.rot.0.1.bias - torch.Size([128]): 
The value is the same before and after calling `init_weights` of BEVSegmentor  

decoder.dense_head.heads_list.5.rot.1.weight - torch.Size([2, 1, 1, 128]): 
The value is the same before and after calling `init_weights` of BEVSegmentor  

decoder.dense_head.heads_list.5.rot.1.bias - torch.Size([2]): 
The value is the same before and after calling `init_weights` of BEVSegmentor  

decoder.dense_head.heads_list.5.vel.0.0.weight - torch.Size([128, 1, 1, 128]): 
The value is the same before and after calling `init_weights` of BEVSegmentor  

decoder.dense_head.heads_list.5.vel.0.0.bias - torch.Size([128]): 
The value is the same before and after calling `init_weights` of BEVSegmentor  

decoder.dense_head.heads_list.5.vel.0.1.weight - torch.Size([128]): 
The value is the same before and after calling `init_weights` of BEVSegmentor  

decoder.dense_head.heads_list.5.vel.0.1.bias - torch.Size([128]): 
The value is the same before and after calling `init_weights` of BEVSegmentor  

decoder.dense_head.heads_list.5.vel.1.weight - torch.Size([2, 1, 1, 128]): 
The value is the same before and after calling `init_weights` of BEVSegmentor  

decoder.dense_head.heads_list.5.vel.1.bias - torch.Size([2]): 
The value is the same before and after calling `init_weights` of BEVSegmentor  

decoder.dense_head.heads_list.5.hm.0.0.weight - torch.Size([128, 1, 1, 128]): 
The value is the same before and after calling `init_weights` of BEVSegmentor  

decoder.dense_head.heads_list.5.hm.0.0.bias - torch.Size([128]): 
The value is the same before and after calling `init_weights` of BEVSegmentor  

decoder.dense_head.heads_list.5.hm.0.1.weight - torch.Size([128]): 
The value is the same before and after calling `init_weights` of BEVSegmentor  

decoder.dense_head.heads_list.5.hm.0.1.bias - torch.Size([128]): 
The value is the same before and after calling `init_weights` of BEVSegmentor  

decoder.dense_head.heads_list.5.hm.1.weight - torch.Size([2, 1, 1, 128]): 
The value is the same before and after calling `init_weights` of BEVSegmentor  

decoder.dense_head.heads_list.5.hm.1.bias - torch.Size([2]): 
The value is the same before and after calling `init_weights` of BEVSegmentor  

map_decoder.pts_bbox_head.code_weights - torch.Size([4]): 
The value is the same before and after calling `init_weights` of BEVSegmentor  

map_decoder.pts_bbox_head.map_adapter_layers.0.0.weight - torch.Size([128, 1, 1, 128]): 
The value is the same before and after calling `init_weights` of BEVSegmentor  

map_decoder.pts_bbox_head.map_adapter_layers.0.0.bias - torch.Size([128]): 
The value is the same before and after calling `init_weights` of BEVSegmentor  

map_decoder.pts_bbox_head.map_adapter_layers.0.1.weight - torch.Size([128]): 
The value is the same before and after calling `init_weights` of BEVSegmentor  

map_decoder.pts_bbox_head.map_adapter_layers.0.1.bias - torch.Size([128]): 
The value is the same before and after calling `init_weights` of BEVSegmentor  

map_decoder.pts_bbox_head.map_adapter_layers.1.weight - torch.Size([256, 1, 1, 128]): 
The value is the same before and after calling `init_weights` of BEVSegmentor  

map_decoder.pts_bbox_head.map_adapter_layers.1.bias - torch.Size([256]): 
The value is the same before and after calling `init_weights` of BEVSegmentor  

map_decoder.pts_bbox_head.cls_branches.0.weight - torch.Size([256, 256]): 
The value is the same before and after calling `init_weights` of BEVSegmentor  

map_decoder.pts_bbox_head.cls_branches.0.bias - torch.Size([256]): 
The value is the same before and after calling `init_weights` of BEVSegmentor  

map_decoder.pts_bbox_head.cls_branches.1.weight - torch.Size([256]): 
The value is the same before and after calling `init_weights` of BEVSegmentor  

map_decoder.pts_bbox_head.cls_branches.1.bias - torch.Size([256]): 
The value is the same before and after calling `init_weights` of BEVSegmentor  

map_decoder.pts_bbox_head.cls_branches.3.weight - torch.Size([256, 256]): 
The value is the same before and after calling `init_weights` of BEVSegmentor  

map_decoder.pts_bbox_head.cls_branches.3.bias - torch.Size([256]): 
The value is the same before and after calling `init_weights` of BEVSegmentor  

map_decoder.pts_bbox_head.cls_branches.4.weight - torch.Size([256]): 
The value is the same before and after calling `init_weights` of BEVSegmentor  

map_decoder.pts_bbox_head.cls_branches.4.bias - torch.Size([256]): 
The value is the same before and after calling `init_weights` of BEVSegmentor  

map_decoder.pts_bbox_head.cls_branches.6.weight - torch.Size([3, 256]): 
The value is the same before and after calling `init_weights` of BEVSegmentor  

map_decoder.pts_bbox_head.cls_branches.6.bias - torch.Size([3]): 
Initialized by user-defined `init_weights` in MapTRv2Head  

map_decoder.pts_bbox_head.reg_branches.0.weight - torch.Size([512, 256]): 
The value is the same before and after calling `init_weights` of BEVSegmentor  

map_decoder.pts_bbox_head.reg_branches.0.bias - torch.Size([512]): 
The value is the same before and after calling `init_weights` of BEVSegmentor  

map_decoder.pts_bbox_head.reg_branches.2.weight - torch.Size([512, 512]): 
The value is the same before and after calling `init_weights` of BEVSegmentor  

map_decoder.pts_bbox_head.reg_branches.2.bias - torch.Size([512]): 
The value is the same before and after calling `init_weights` of BEVSegmentor  

map_decoder.pts_bbox_head.reg_branches.4.weight - torch.Size([512, 512]): 
The value is the same before and after calling `init_weights` of BEVSegmentor  

map_decoder.pts_bbox_head.reg_branches.4.bias - torch.Size([512]): 
The value is the same before and after calling `init_weights` of BEVSegmentor  

map_decoder.pts_bbox_head.reg_branches.6.weight - torch.Size([40, 512]): 
The value is the same before and after calling `init_weights` of BEVSegmentor  

map_decoder.pts_bbox_head.reg_branches.6.bias - torch.Size([40]): 
The value is the same before and after calling `init_weights` of BEVSegmentor  

planner_head.ego_query.weight - torch.Size([1, 128]): 
The value is the same before and after calling `init_weights` of BEVSegmentor  

planner_head.ego_agent_decoder.layers.0.attentions.0.attn.in_proj_weight - torch.Size([384, 128]): 
Initialized by user-defined `init_weights` in VADHead  

planner_head.ego_agent_decoder.layers.0.attentions.0.attn.in_proj_bias - torch.Size([384]): 
The value is the same before and after calling `init_weights` of BEVSegmentor  

planner_head.ego_agent_decoder.layers.0.attentions.0.attn.out_proj.weight - torch.Size([128, 128]): 
Initialized by user-defined `init_weights` in VADHead  

planner_head.ego_agent_decoder.layers.0.attentions.0.attn.out_proj.bias - torch.Size([128]): 
The value is the same before and after calling `init_weights` of BEVSegmentor  

planner_head.ego_agent_decoder.layers.0.ffns.0.layers.0.0.weight - torch.Size([256, 128]): 
Initialized by user-defined `init_weights` in VADHead  

planner_head.ego_agent_decoder.layers.0.ffns.0.layers.0.0.bias - torch.Size([256]): 
The value is the same before and after calling `init_weights` of BEVSegmentor  

planner_head.ego_agent_decoder.layers.0.ffns.0.layers.1.weight - torch.Size([128, 256]): 
Initialized by user-defined `init_weights` in VADHead  

planner_head.ego_agent_decoder.layers.0.ffns.0.layers.1.bias - torch.Size([128]): 
The value is the same before and after calling `init_weights` of BEVSegmentor  

planner_head.ego_agent_decoder.layers.0.norms.0.weight - torch.Size([128]): 
The value is the same before and after calling `init_weights` of BEVSegmentor  

planner_head.ego_agent_decoder.layers.0.norms.0.bias - torch.Size([128]): 
The value is the same before and after calling `init_weights` of BEVSegmentor  

planner_head.ego_agent_decoder.layers.0.norms.1.weight - torch.Size([128]): 
The value is the same before and after calling `init_weights` of BEVSegmentor  

planner_head.ego_agent_decoder.layers.0.norms.1.bias - torch.Size([128]): 
The value is the same before and after calling `init_weights` of BEVSegmentor  

planner_head.ego_map_decoder.layers.0.attentions.0.attn.in_proj_weight - torch.Size([384, 128]): 
Initialized by user-defined `init_weights` in VADHead  

planner_head.ego_map_decoder.layers.0.attentions.0.attn.in_proj_bias - torch.Size([384]): 
The value is the same before and after calling `init_weights` of BEVSegmentor  

planner_head.ego_map_decoder.layers.0.attentions.0.attn.out_proj.weight - torch.Size([128, 128]): 
Initialized by user-defined `init_weights` in VADHead  

planner_head.ego_map_decoder.layers.0.attentions.0.attn.out_proj.bias - torch.Size([128]): 
The value is the same before and after calling `init_weights` of BEVSegmentor  

planner_head.ego_map_decoder.layers.0.ffns.0.layers.0.0.weight - torch.Size([256, 128]): 
Initialized by user-defined `init_weights` in VADHead  

planner_head.ego_map_decoder.layers.0.ffns.0.layers.0.0.bias - torch.Size([256]): 
The value is the same before and after calling `init_weights` of BEVSegmentor  

planner_head.ego_map_decoder.layers.0.ffns.0.layers.1.weight - torch.Size([128, 256]): 
Initialized by user-defined `init_weights` in VADHead  

planner_head.ego_map_decoder.layers.0.ffns.0.layers.1.bias - torch.Size([128]): 
The value is the same before and after calling `init_weights` of BEVSegmentor  

planner_head.ego_map_decoder.layers.0.norms.0.weight - torch.Size([128]): 
The value is the same before and after calling `init_weights` of BEVSegmentor  

planner_head.ego_map_decoder.layers.0.norms.0.bias - torch.Size([128]): 
The value is the same before and after calling `init_weights` of BEVSegmentor  

planner_head.ego_map_decoder.layers.0.norms.1.weight - torch.Size([128]): 
The value is the same before and after calling `init_weights` of BEVSegmentor  

planner_head.ego_map_decoder.layers.0.norms.1.bias - torch.Size([128]): 
The value is the same before and after calling `init_weights` of BEVSegmentor  

planner_head.ego_gaussian_decoder.layers.0.attentions.0.attn.in_proj_weight - torch.Size([384, 128]): 
Initialized by user-defined `init_weights` in VADHead  

planner_head.ego_gaussian_decoder.layers.0.attentions.0.attn.in_proj_bias - torch.Size([384]): 
The value is the same before and after calling `init_weights` of BEVSegmentor  

planner_head.ego_gaussian_decoder.layers.0.attentions.0.attn.out_proj.weight - torch.Size([128, 128]): 
Initialized by user-defined `init_weights` in VADHead  

planner_head.ego_gaussian_decoder.layers.0.attentions.0.attn.out_proj.bias - torch.Size([128]): 
The value is the same before and after calling `init_weights` of BEVSegmentor  

planner_head.ego_gaussian_decoder.layers.0.ffns.0.layers.0.0.weight - torch.Size([256, 128]): 
Initialized by user-defined `init_weights` in VADHead  

planner_head.ego_gaussian_decoder.layers.0.ffns.0.layers.0.0.bias - torch.Size([256]): 
The value is the same before and after calling `init_weights` of BEVSegmentor  

planner_head.ego_gaussian_decoder.layers.0.ffns.0.layers.1.weight - torch.Size([128, 256]): 
Initialized by user-defined `init_weights` in VADHead  

planner_head.ego_gaussian_decoder.layers.0.ffns.0.layers.1.bias - torch.Size([128]): 
The value is the same before and after calling `init_weights` of BEVSegmentor  

planner_head.ego_gaussian_decoder.layers.0.norms.0.weight - torch.Size([128]): 
The value is the same before and after calling `init_weights` of BEVSegmentor  

planner_head.ego_gaussian_decoder.layers.0.norms.0.bias - torch.Size([128]): 
The value is the same before and after calling `init_weights` of BEVSegmentor  

planner_head.ego_gaussian_decoder.layers.0.norms.1.weight - torch.Size([128]): 
The value is the same before and after calling `init_weights` of BEVSegmentor  

planner_head.ego_gaussian_decoder.layers.0.norms.1.bias - torch.Size([128]): 
The value is the same before and after calling `init_weights` of BEVSegmentor  

planner_head.ego_fut_decoder.0.weight - torch.Size([384, 384]): 
The value is the same before and after calling `init_weights` of BEVSegmentor  

planner_head.ego_fut_decoder.0.bias - torch.Size([384]): 
The value is the same before and after calling `init_weights` of BEVSegmentor  

planner_head.ego_fut_decoder.2.weight - torch.Size([384, 384]): 
The value is the same before and after calling `init_weights` of BEVSegmentor  

planner_head.ego_fut_decoder.2.bias - torch.Size([384]): 
The value is the same before and after calling `init_weights` of BEVSegmentor  

planner_head.ego_fut_decoder.4.weight - torch.Size([36, 384]): 
The value is the same before and after calling `init_weights` of BEVSegmentor  

planner_head.ego_fut_decoder.4.bias - torch.Size([36]): 
The value is the same before and after calling `init_weights` of BEVSegmentor  

planner_head.agent_fus_mlp.0.weight - torch.Size([128, 10]): 
The value is the same before and after calling `init_weights` of BEVSegmentor  

planner_head.agent_fus_mlp.0.bias - torch.Size([128]): 
The value is the same before and after calling `init_weights` of BEVSegmentor  

planner_head.agent_fus_mlp.1.weight - torch.Size([128]): 
The value is the same before and after calling `init_weights` of BEVSegmentor  

planner_head.agent_fus_mlp.1.bias - torch.Size([128]): 
The value is the same before and after calling `init_weights` of BEVSegmentor  

planner_head.agent_fus_mlp.3.weight - torch.Size([128, 128]): 
The value is the same before and after calling `init_weights` of BEVSegmentor  

planner_head.agent_fus_mlp.3.bias - torch.Size([128]): 
The value is the same before and after calling `init_weights` of BEVSegmentor  

planner_head.map_fus_mlp.0.weight - torch.Size([128, 43]): 
The value is the same before and after calling `init_weights` of BEVSegmentor  

planner_head.map_fus_mlp.0.bias - torch.Size([128]): 
The value is the same before and after calling `init_weights` of BEVSegmentor  

planner_head.map_fus_mlp.1.weight - torch.Size([128]): 
The value is the same before and after calling `init_weights` of BEVSegmentor  

planner_head.map_fus_mlp.1.bias - torch.Size([128]): 
The value is the same before and after calling `init_weights` of BEVSegmentor  

planner_head.map_fus_mlp.3.weight - torch.Size([128, 128]): 
The value is the same before and after calling `init_weights` of BEVSegmentor  

planner_head.map_fus_mlp.3.bias - torch.Size([128]): 
The value is the same before and after calling `init_weights` of BEVSegmentor  

planner_head.gaussian_fus_mlp.0.weight - torch.Size([128, 28]): 
The value is the same before and after calling `init_weights` of BEVSegmentor  

planner_head.gaussian_fus_mlp.0.bias - torch.Size([128]): 
The value is the same before and after calling `init_weights` of BEVSegmentor  

planner_head.gaussian_fus_mlp.1.weight - torch.Size([128]): 
The value is the same before and after calling `init_weights` of BEVSegmentor  

planner_head.gaussian_fus_mlp.1.bias - torch.Size([128]): 
The value is the same before and after calling `init_weights` of BEVSegmentor  

planner_head.gaussian_fus_mlp.3.weight - torch.Size([128, 128]): 
The value is the same before and after calling `init_weights` of BEVSegmentor  

planner_head.gaussian_fus_mlp.3.bias - torch.Size([128]): 
The value is the same before and after calling `init_weights` of BEVSegmentor  
2026/06/17 02:13:20 - mmengine - INFO - Frozen module: map_decoder
2026/06/17 02:13:20 - mmengine - INFO - Frozen module: planner_head
2026/06/17 02:13:20 - mmengine - INFO - Number of params: 166706077
2026/06/17 02:13:20 - mmengine - INFO - converted sync bn.
2026/06/17 02:13:23 - mmengine - INFO - DDP static graph enabled.
2026/06/17 02:13:23 - mmengine - INFO - done ddp model
2026/06/17 02:15:13 - mmengine - WARNING - img_backbone.conv1.weight is skipped since its requires_grad=False
2026/06/17 02:15:13 - mmengine - WARNING - img_backbone.bn1.weight is skipped since its requires_grad=False
2026/06/17 02:15:13 - mmengine - WARNING - img_backbone.bn1.bias is skipped since its requires_grad=False
2026/06/17 02:15:13 - mmengine - WARNING - img_backbone.layer1.0.conv1.weight is skipped since its requires_grad=False
2026/06/17 02:15:13 - mmengine - WARNING - img_backbone.layer1.0.bn1.weight is skipped since its requires_grad=False
2026/06/17 02:15:13 - mmengine - WARNING - img_backbone.layer1.0.bn1.bias is skipped since its requires_grad=False
2026/06/17 02:15:13 - mmengine - WARNING - img_backbone.layer1.0.conv2.weight is skipped since its requires_grad=False
2026/06/17 02:15:13 - mmengine - WARNING - img_backbone.layer1.0.bn2.weight is skipped since its requires_grad=False
2026/06/17 02:15:13 - mmengine - WARNING - img_backbone.layer1.0.bn2.bias is skipped since its requires_grad=False
2026/06/17 02:15:13 - mmengine - WARNING - img_backbone.layer1.0.conv3.weight is skipped since its requires_grad=False
2026/06/17 02:15:13 - mmengine - WARNING - img_backbone.layer1.0.bn3.weight is skipped since its requires_grad=False
2026/06/17 02:15:13 - mmengine - WARNING - img_backbone.layer1.0.bn3.bias is skipped since its requires_grad=False
2026/06/17 02:15:13 - mmengine - WARNING - img_backbone.layer1.0.downsample.0.weight is skipped since its requires_grad=False
2026/06/17 02:15:13 - mmengine - WARNING - img_backbone.layer1.0.downsample.1.weight is skipped since its requires_grad=False
2026/06/17 02:15:13 - mmengine - WARNING - img_backbone.layer1.0.downsample.1.bias is skipped since its requires_grad=False
2026/06/17 02:15:13 - mmengine - WARNING - img_backbone.layer1.1.conv1.weight is skipped since its requires_grad=False
2026/06/17 02:15:13 - mmengine - WARNING - img_backbone.layer1.1.bn1.weight is skipped since its requires_grad=False
2026/06/17 02:15:13 - mmengine - WARNING - img_backbone.layer1.1.bn1.bias is skipped since its requires_grad=False
2026/06/17 02:15:13 - mmengine - WARNING - img_backbone.layer1.1.conv2.weight is skipped since its requires_grad=False
2026/06/17 02:15:13 - mmengine - WARNING - img_backbone.layer1.1.bn2.weight is skipped since its requires_grad=False
2026/06/17 02:15:13 - mmengine - WARNING - img_backbone.layer1.1.bn2.bias is skipped since its requires_grad=False
2026/06/17 02:15:13 - mmengine - WARNING - img_backbone.layer1.1.conv3.weight is skipped since its requires_grad=False
2026/06/17 02:15:13 - mmengine - WARNING - img_backbone.layer1.1.bn3.weight is skipped since its requires_grad=False
2026/06/17 02:15:13 - mmengine - WARNING - img_backbone.layer1.1.bn3.bias is skipped since its requires_grad=False
2026/06/17 02:15:13 - mmengine - WARNING - img_backbone.layer1.2.conv1.weight is skipped since its requires_grad=False
2026/06/17 02:15:13 - mmengine - WARNING - img_backbone.layer1.2.bn1.weight is skipped since its requires_grad=False
2026/06/17 02:15:13 - mmengine - WARNING - img_backbone.layer1.2.bn1.bias is skipped since its requires_grad=False
2026/06/17 02:15:13 - mmengine - WARNING - img_backbone.layer1.2.conv2.weight is skipped since its requires_grad=False
2026/06/17 02:15:13 - mmengine - WARNING - img_backbone.layer1.2.bn2.weight is skipped since its requires_grad=False
2026/06/17 02:15:13 - mmengine - WARNING - img_backbone.layer1.2.bn2.bias is skipped since its requires_grad=False
2026/06/17 02:15:13 - mmengine - WARNING - img_backbone.layer1.2.conv3.weight is skipped since its requires_grad=False
2026/06/17 02:15:13 - mmengine - WARNING - img_backbone.layer1.2.bn3.weight is skipped since its requires_grad=False
2026/06/17 02:15:13 - mmengine - WARNING - img_backbone.layer1.2.bn3.bias is skipped since its requires_grad=False
2026/06/17 02:15:13 - mmengine - INFO - paramwise_options -- img_backbone.layer2.0.conv1.weight:lr=2e-05
2026/06/17 02:15:13 - mmengine - INFO - paramwise_options -- img_backbone.layer2.0.conv1.weight:weight_decay=0.01
2026/06/17 02:15:13 - mmengine - INFO - paramwise_options -- img_backbone.layer2.0.conv1.weight:lr_mult=0.1
2026/06/17 02:15:13 - mmengine - WARNING - img_backbone.layer2.0.bn1.weight is skipped since its requires_grad=False
2026/06/17 02:15:13 - mmengine - WARNING - img_backbone.layer2.0.bn1.bias is skipped since its requires_grad=False
2026/06/17 02:15:13 - mmengine - INFO - paramwise_options -- img_backbone.layer2.0.conv2.weight:lr=2e-05
2026/06/17 02:15:13 - mmengine - INFO - paramwise_options -- img_backbone.layer2.0.conv2.weight:weight_decay=0.01
2026/06/17 02:15:13 - mmengine - INFO - paramwise_options -- img_backbone.layer2.0.conv2.weight:lr_mult=0.1
2026/06/17 02:15:13 - mmengine - WARNING - img_backbone.layer2.0.bn2.weight is skipped since its requires_grad=False
2026/06/17 02:15:13 - mmengine - WARNING - img_backbone.layer2.0.bn2.bias is skipped since its requires_grad=False
2026/06/17 02:15:13 - mmengine - INFO - paramwise_options -- img_backbone.layer2.0.conv3.weight:lr=2e-05
2026/06/17 02:15:13 - mmengine - INFO - paramwise_options -- img_backbone.layer2.0.conv3.weight:weight_decay=0.01
2026/06/17 02:15:13 - mmengine - INFO - paramwise_options -- img_backbone.layer2.0.conv3.weight:lr_mult=0.1
2026/06/17 02:15:13 - mmengine - WARNING - img_backbone.layer2.0.bn3.weight is skipped since its requires_grad=False
2026/06/17 02:15:13 - mmengine - WARNING - img_backbone.layer2.0.bn3.bias is skipped since its requires_grad=False
2026/06/17 02:15:13 - mmengine - INFO - paramwise_options -- img_backbone.layer2.0.downsample.0.weight:lr=2e-05
2026/06/17 02:15:13 - mmengine - INFO - paramwise_options -- img_backbone.layer2.0.downsample.0.weight:weight_decay=0.01
2026/06/17 02:15:13 - mmengine - INFO - paramwise_options -- img_backbone.layer2.0.downsample.0.weight:lr_mult=0.1
2026/06/17 02:15:13 - mmengine - WARNING - img_backbone.layer2.0.downsample.1.weight is skipped since its requires_grad=False
2026/06/17 02:15:13 - mmengine - WARNING - img_backbone.layer2.0.downsample.1.bias is skipped since its requires_grad=False
2026/06/17 02:15:13 - mmengine - INFO - paramwise_options -- img_backbone.layer2.1.conv1.weight:lr=2e-05
2026/06/17 02:15:13 - mmengine - INFO - paramwise_options -- img_backbone.layer2.1.conv1.weight:weight_decay=0.01
2026/06/17 02:15:13 - mmengine - INFO - paramwise_options -- img_backbone.layer2.1.conv1.weight:lr_mult=0.1
2026/06/17 02:15:13 - mmengine - WARNING - img_backbone.layer2.1.bn1.weight is skipped since its requires_grad=False
2026/06/17 02:15:13 - mmengine - WARNING - img_backbone.layer2.1.bn1.bias is skipped since its requires_grad=False
2026/06/17 02:15:13 - mmengine - INFO - paramwise_options -- img_backbone.layer2.1.conv2.weight:lr=2e-05
2026/06/17 02:15:13 - mmengine - INFO - paramwise_options -- img_backbone.layer2.1.conv2.weight:weight_decay=0.01
2026/06/17 02:15:13 - mmengine - INFO - paramwise_options -- img_backbone.layer2.1.conv2.weight:lr_mult=0.1
2026/06/17 02:15:13 - mmengine - WARNING - img_backbone.layer2.1.bn2.weight is skipped since its requires_grad=False
2026/06/17 02:15:13 - mmengine - WARNING - img_backbone.layer2.1.bn2.bias is skipped since its requires_grad=False
2026/06/17 02:15:13 - mmengine - INFO - paramwise_options -- img_backbone.layer2.1.conv3.weight:lr=2e-05
2026/06/17 02:15:13 - mmengine - INFO - paramwise_options -- img_backbone.layer2.1.conv3.weight:weight_decay=0.01
2026/06/17 02:15:13 - mmengine - INFO - paramwise_options -- img_backbone.layer2.1.conv3.weight:lr_mult=0.1
2026/06/17 02:15:13 - mmengine - WARNING - img_backbone.layer2.1.bn3.weight is skipped since its requires_grad=False
2026/06/17 02:15:13 - mmengine - WARNING - img_backbone.layer2.1.bn3.bias is skipped since its requires_grad=False
2026/06/17 02:15:13 - mmengine - INFO - paramwise_options -- img_backbone.layer2.2.conv1.weight:lr=2e-05
2026/06/17 02:15:13 - mmengine - INFO - paramwise_options -- img_backbone.layer2.2.conv1.weight:weight_decay=0.01
2026/06/17 02:15:13 - mmengine - INFO - paramwise_options -- img_backbone.layer2.2.conv1.weight:lr_mult=0.1
2026/06/17 02:15:13 - mmengine - WARNING - img_backbone.layer2.2.bn1.weight is skipped since its requires_grad=False
2026/06/17 02:15:13 - mmengine - WARNING - img_backbone.layer2.2.bn1.bias is skipped since its requires_grad=False
2026/06/17 02:15:13 - mmengine - INFO - paramwise_options -- img_backbone.layer2.2.conv2.weight:lr=2e-05
2026/06/17 02:15:13 - mmengine - INFO - paramwise_options -- img_backbone.layer2.2.conv2.weight:weight_decay=0.01
2026/06/17 02:15:13 - mmengine - INFO - paramwise_options -- img_backbone.layer2.2.conv2.weight:lr_mult=0.1
2026/06/17 02:15:13 - mmengine - WARNING - img_backbone.layer2.2.bn2.weight is skipped since its requires_grad=False
2026/06/17 02:15:13 - mmengine - WARNING - img_backbone.layer2.2.bn2.bias is skipped since its requires_grad=False
2026/06/17 02:15:13 - mmengine - INFO - paramwise_options -- img_backbone.layer2.2.conv3.weight:lr=2e-05
2026/06/17 02:15:13 - mmengine - INFO - paramwise_options -- img_backbone.layer2.2.conv3.weight:weight_decay=0.01
2026/06/17 02:15:13 - mmengine - INFO - paramwise_options -- img_backbone.layer2.2.conv3.weight:lr_mult=0.1
2026/06/17 02:15:13 - mmengine - WARNING - img_backbone.layer2.2.bn3.weight is skipped since its requires_grad=False
2026/06/17 02:15:13 - mmengine - WARNING - img_backbone.layer2.2.bn3.bias is skipped since its requires_grad=False
2026/06/17 02:15:13 - mmengine - INFO - paramwise_options -- img_backbone.layer2.3.conv1.weight:lr=2e-05
2026/06/17 02:15:13 - mmengine - INFO - paramwise_options -- img_backbone.layer2.3.conv1.weight:weight_decay=0.01
2026/06/17 02:15:13 - mmengine - INFO - paramwise_options -- img_backbone.layer2.3.conv1.weight:lr_mult=0.1
2026/06/17 02:15:13 - mmengine - WARNING - img_backbone.layer2.3.bn1.weight is skipped since its requires_grad=False
2026/06/17 02:15:13 - mmengine - WARNING - img_backbone.layer2.3.bn1.bias is skipped since its requires_grad=False
2026/06/17 02:15:13 - mmengine - INFO - paramwise_options -- img_backbone.layer2.3.conv2.weight:lr=2e-05
2026/06/17 02:15:13 - mmengine - INFO - paramwise_options -- img_backbone.layer2.3.conv2.weight:weight_decay=0.01
2026/06/17 02:15:13 - mmengine - INFO - paramwise_options -- img_backbone.layer2.3.conv2.weight:lr_mult=0.1
2026/06/17 02:15:13 - mmengine - WARNING - img_backbone.layer2.3.bn2.weight is skipped since its requires_grad=False
2026/06/17 02:15:13 - mmengine - WARNING - img_backbone.layer2.3.bn2.bias is skipped since its requires_grad=False
2026/06/17 02:15:13 - mmengine - INFO - paramwise_options -- img_backbone.layer2.3.conv3.weight:lr=2e-05
2026/06/17 02:15:13 - mmengine - INFO - paramwise_options -- img_backbone.layer2.3.conv3.weight:weight_decay=0.01
2026/06/17 02:15:13 - mmengine - INFO - paramwise_options -- img_backbone.layer2.3.conv3.weight:lr_mult=0.1
2026/06/17 02:15:13 - mmengine - WARNING - img_backbone.layer2.3.bn3.weight is skipped since its requires_grad=False
2026/06/17 02:15:13 - mmengine - WARNING - img_backbone.layer2.3.bn3.bias is skipped since its requires_grad=False
2026/06/17 02:15:13 - mmengine - INFO - paramwise_options -- img_backbone.layer3.0.conv1.weight:lr=2e-05
2026/06/17 02:15:13 - mmengine - INFO - paramwise_options -- img_backbone.layer3.0.conv1.weight:weight_decay=0.01
2026/06/17 02:15:13 - mmengine - INFO - paramwise_options -- img_backbone.layer3.0.conv1.weight:lr_mult=0.1
2026/06/17 02:15:13 - mmengine - WARNING - img_backbone.layer3.0.bn1.weight is skipped since its requires_grad=False
2026/06/17 02:15:13 - mmengine - WARNING - img_backbone.layer3.0.bn1.bias is skipped since its requires_grad=False
2026/06/17 02:15:13 - mmengine - INFO - paramwise_options -- img_backbone.layer3.0.conv2.weight:lr=2e-05
2026/06/17 02:15:13 - mmengine - INFO - paramwise_options -- img_backbone.layer3.0.conv2.weight:weight_decay=0.01
2026/06/17 02:15:13 - mmengine - INFO - paramwise_options -- img_backbone.layer3.0.conv2.weight:lr_mult=0.1
2026/06/17 02:15:13 - mmengine - INFO - paramwise_options -- img_backbone.layer3.0.conv2.conv_offset.weight:lr=2e-05
2026/06/17 02:15:13 - mmengine - INFO - paramwise_options -- img_backbone.layer3.0.conv2.conv_offset.weight:weight_decay=0.01
2026/06/17 02:15:13 - mmengine - INFO - paramwise_options -- img_backbone.layer3.0.conv2.conv_offset.weight:lr_mult=0.1
2026/06/17 02:15:13 - mmengine - INFO - paramwise_options -- img_backbone.layer3.0.conv2.conv_offset.bias:lr=2e-05
2026/06/17 02:15:13 - mmengine - INFO - paramwise_options -- img_backbone.layer3.0.conv2.conv_offset.bias:weight_decay=0.01
2026/06/17 02:15:13 - mmengine - INFO - paramwise_options -- img_backbone.layer3.0.conv2.conv_offset.bias:lr_mult=0.1
2026/06/17 02:15:13 - mmengine - WARNING - img_backbone.layer3.0.bn2.weight is skipped since its requires_grad=False
2026/06/17 02:15:13 - mmengine - WARNING - img_backbone.layer3.0.bn2.bias is skipped since its requires_grad=False
2026/06/17 02:15:13 - mmengine - INFO - paramwise_options -- img_backbone.layer3.0.conv3.weight:lr=2e-05
2026/06/17 02:15:13 - mmengine - INFO - paramwise_options -- img_backbone.layer3.0.conv3.weight:weight_decay=0.01
2026/06/17 02:15:13 - mmengine - INFO - paramwise_options -- img_backbone.layer3.0.conv3.weight:lr_mult=0.1
2026/06/17 02:15:13 - mmengine - WARNING - img_backbone.layer3.0.bn3.weight is skipped since its requires_grad=False
2026/06/17 02:15:13 - mmengine - WARNING - img_backbone.layer3.0.bn3.bias is skipped since its requires_grad=False
2026/06/17 02:15:13 - mmengine - INFO - paramwise_options -- img_backbone.layer3.0.downsample.0.weight:lr=2e-05
2026/06/17 02:15:13 - mmengine - INFO - paramwise_options -- img_backbone.layer3.0.downsample.0.weight:weight_decay=0.01
2026/06/17 02:15:13 - mmengine - INFO - paramwise_options -- img_backbone.layer3.0.downsample.0.weight:lr_mult=0.1
2026/06/17 02:15:13 - mmengine - WARNING - img_backbone.layer3.0.downsample.1.weight is skipped since its requires_grad=False
2026/06/17 02:15:13 - mmengine - WARNING - img_backbone.layer3.0.downsample.1.bias is skipped since its requires_grad=False
2026/06/17 02:15:13 - mmengine - INFO - paramwise_options -- img_backbone.layer3.1.conv1.weight:lr=2e-05
2026/06/17 02:15:13 - mmengine - INFO - paramwise_options -- img_backbone.layer3.1.conv1.weight:weight_decay=0.01
2026/06/17 02:15:13 - mmengine - INFO - paramwise_options -- img_backbone.layer3.1.conv1.weight:lr_mult=0.1
2026/06/17 02:15:13 - mmengine - WARNING - img_backbone.layer3.1.bn1.weight is skipped since its requires_grad=False
2026/06/17 02:15:13 - mmengine - WARNING - img_backbone.layer3.1.bn1.bias is skipped since its requires_grad=False
2026/06/17 02:15:13 - mmengine - INFO - paramwise_options -- img_backbone.layer3.1.conv2.weight:lr=2e-05
2026/06/17 02:15:13 - mmengine - INFO - paramwise_options -- img_backbone.layer3.1.conv2.weight:weight_decay=0.01
2026/06/17 02:15:13 - mmengine - INFO - paramwise_options -- img_backbone.layer3.1.conv2.weight:lr_mult=0.1
2026/06/17 02:15:13 - mmengine - INFO - paramwise_options -- img_backbone.layer3.1.conv2.conv_offset.weight:lr=2e-05
2026/06/17 02:15:13 - mmengine - INFO - paramwise_options -- img_backbone.layer3.1.conv2.conv_offset.weight:weight_decay=0.01
2026/06/17 02:15:13 - mmengine - INFO - paramwise_options -- img_backbone.layer3.1.conv2.conv_offset.weight:lr_mult=0.1
2026/06/17 02:15:13 - mmengine - INFO - paramwise_options -- img_backbone.layer3.1.conv2.conv_offset.bias:lr=2e-05
2026/06/17 02:15:13 - mmengine - INFO - paramwise_options -- img_backbone.layer3.1.conv2.conv_offset.bias:weight_decay=0.01
2026/06/17 02:15:13 - mmengine - INFO - paramwise_options -- img_backbone.layer3.1.conv2.conv_offset.bias:lr_mult=0.1
2026/06/17 02:15:13 - mmengine - WARNING - img_backbone.layer3.1.bn2.weight is skipped since its requires_grad=False
2026/06/17 02:15:13 - mmengine - WARNING - img_backbone.layer3.1.bn2.bias is skipped since its requires_grad=False
2026/06/17 02:15:13 - mmengine - INFO - paramwise_options -- img_backbone.layer3.1.conv3.weight:lr=2e-05
2026/06/17 02:15:13 - mmengine - INFO - paramwise_options -- img_backbone.layer3.1.conv3.weight:weight_decay=0.01
2026/06/17 02:15:13 - mmengine - INFO - paramwise_options -- img_backbone.layer3.1.conv3.weight:lr_mult=0.1
2026/06/17 02:15:13 - mmengine - WARNING - img_backbone.layer3.1.bn3.weight is skipped since its requires_grad=False
2026/06/17 02:15:13 - mmengine - WARNING - img_backbone.layer3.1.bn3.bias is skipped since its requires_grad=False
2026/06/17 02:15:13 - mmengine - INFO - paramwise_options -- img_backbone.layer3.2.conv1.weight:lr=2e-05
2026/06/17 02:15:13 - mmengine - INFO - paramwise_options -- img_backbone.layer3.2.conv1.weight:weight_decay=0.01
2026/06/17 02:15:13 - mmengine - INFO - paramwise_options -- img_backbone.layer3.2.conv1.weight:lr_mult=0.1
2026/06/17 02:15:13 - mmengine - WARNING - img_backbone.layer3.2.bn1.weight is skipped since its requires_grad=False
2026/06/17 02:15:13 - mmengine - WARNING - img_backbone.layer3.2.bn1.bias is skipped since its requires_grad=False
2026/06/17 02:15:13 - mmengine - INFO - paramwise_options -- img_backbone.layer3.2.conv2.weight:lr=2e-05
2026/06/17 02:15:13 - mmengine - INFO - paramwise_options -- img_backbone.layer3.2.conv2.weight:weight_decay=0.01
2026/06/17 02:15:13 - mmengine - INFO - paramwise_options -- img_backbone.layer3.2.conv2.weight:lr_mult=0.1
2026/06/17 02:15:13 - mmengine - INFO - paramwise_options -- img_backbone.layer3.2.conv2.conv_offset.weight:lr=2e-05
2026/06/17 02:15:13 - mmengine - INFO - paramwise_options -- img_backbone.layer3.2.conv2.conv_offset.weight:weight_decay=0.01
2026/06/17 02:15:13 - mmengine - INFO - paramwise_options -- img_backbone.layer3.2.conv2.conv_offset.weight:lr_mult=0.1
2026/06/17 02:15:13 - mmengine - INFO - paramwise_options -- img_backbone.layer3.2.conv2.conv_offset.bias:lr=2e-05
2026/06/17 02:15:13 - mmengine - INFO - paramwise_options -- img_backbone.layer3.2.conv2.conv_offset.bias:weight_decay=0.01
2026/06/17 02:15:13 - mmengine - INFO - paramwise_options -- img_backbone.layer3.2.conv2.conv_offset.bias:lr_mult=0.1
2026/06/17 02:15:13 - mmengine - WARNING - img_backbone.layer3.2.bn2.weight is skipped since its requires_grad=False
2026/06/17 02:15:13 - mmengine - WARNING - img_backbone.layer3.2.bn2.bias is skipped since its requires_grad=False
2026/06/17 02:15:13 - mmengine - INFO - paramwise_options -- img_backbone.layer3.2.conv3.weight:lr=2e-05
2026/06/17 02:15:13 - mmengine - INFO - paramwise_options -- img_backbone.layer3.2.conv3.weight:weight_decay=0.01
2026/06/17 02:15:13 - mmengine - INFO - paramwise_options -- img_backbone.layer3.2.conv3.weight:lr_mult=0.1
2026/06/17 02:15:13 - mmengine - WARNING - img_backbone.layer3.2.bn3.weight is skipped since its requires_grad=False
2026/06/17 02:15:13 - mmengine - WARNING - img_backbone.layer3.2.bn3.bias is skipped since its requires_grad=False
2026/06/17 02:15:13 - mmengine - INFO - paramwise_options -- img_backbone.layer3.3.conv1.weight:lr=2e-05
2026/06/17 02:15:13 - mmengine - INFO - paramwise_options -- img_backbone.layer3.3.conv1.weight:weight_decay=0.01
2026/06/17 02:15:13 - mmengine - INFO - paramwise_options -- img_backbone.layer3.3.conv1.weight:lr_mult=0.1
2026/06/17 02:15:13 - mmengine - WARNING - img_backbone.layer3.3.bn1.weight is skipped since its requires_grad=False
2026/06/17 02:15:13 - mmengine - WARNING - img_backbone.layer3.3.bn1.bias is skipped since its requires_grad=False
2026/06/17 02:15:13 - mmengine - INFO - paramwise_options -- img_backbone.layer3.3.conv2.weight:lr=2e-05
2026/06/17 02:15:13 - mmengine - INFO - paramwise_options -- img_backbone.layer3.3.conv2.weight:weight_decay=0.01
2026/06/17 02:15:13 - mmengine - INFO - paramwise_options -- img_backbone.layer3.3.conv2.weight:lr_mult=0.1
2026/06/17 02:15:13 - mmengine - INFO - paramwise_options -- img_backbone.layer3.3.conv2.conv_offset.weight:lr=2e-05
2026/06/17 02:15:13 - mmengine - INFO - paramwise_options -- img_backbone.layer3.3.conv2.conv_offset.weight:weight_decay=0.01
2026/06/17 02:15:13 - mmengine - INFO - paramwise_options -- img_backbone.layer3.3.conv2.conv_offset.weight:lr_mult=0.1
2026/06/17 02:15:13 - mmengine - INFO - paramwise_options -- img_backbone.layer3.3.conv2.conv_offset.bias:lr=2e-05
2026/06/17 02:15:13 - mmengine - INFO - paramwise_options -- img_backbone.layer3.3.conv2.conv_offset.bias:weight_decay=0.01
2026/06/17 02:15:13 - mmengine - INFO - paramwise_options -- img_backbone.layer3.3.conv2.conv_offset.bias:lr_mult=0.1
2026/06/17 02:15:13 - mmengine - WARNING - img_backbone.layer3.3.bn2.weight is skipped since its requires_grad=False
2026/06/17 02:15:13 - mmengine - WARNING - img_backbone.layer3.3.bn2.bias is skipped since its requires_grad=False
2026/06/17 02:15:13 - mmengine - INFO - paramwise_options -- img_backbone.layer3.3.conv3.weight:lr=2e-05
2026/06/17 02:15:13 - mmengine - INFO - paramwise_options -- img_backbone.layer3.3.conv3.weight:weight_decay=0.01
2026/06/17 02:15:13 - mmengine - INFO - paramwise_options -- img_backbone.layer3.3.conv3.weight:lr_mult=0.1
2026/06/17 02:15:13 - mmengine - WARNING - img_backbone.layer3.3.bn3.weight is skipped since its requires_grad=False
2026/06/17 02:15:13 - mmengine - WARNING - img_backbone.layer3.3.bn3.bias is skipped since its requires_grad=False
2026/06/17 02:15:13 - mmengine - INFO - paramwise_options -- img_backbone.layer3.4.conv1.weight:lr=2e-05
2026/06/17 02:15:13 - mmengine - INFO - paramwise_options -- img_backbone.layer3.4.conv1.weight:weight_decay=0.01
2026/06/17 02:15:13 - mmengine - INFO - paramwise_options -- img_backbone.layer3.4.conv1.weight:lr_mult=0.1
2026/06/17 02:15:13 - mmengine - WARNING - img_backbone.layer3.4.bn1.weight is skipped since its requires_grad=False
2026/06/17 02:15:13 - mmengine - WARNING - img_backbone.layer3.4.bn1.bias is skipped since its requires_grad=False
2026/06/17 02:15:13 - mmengine - INFO - paramwise_options -- img_backbone.layer3.4.conv2.weight:lr=2e-05
2026/06/17 02:15:13 - mmengine - INFO - paramwise_options -- img_backbone.layer3.4.conv2.weight:weight_decay=0.01
2026/06/17 02:15:13 - mmengine - INFO - paramwise_options -- img_backbone.layer3.4.conv2.weight:lr_mult=0.1
2026/06/17 02:15:13 - mmengine - INFO - paramwise_options -- img_backbone.layer3.4.conv2.conv_offset.weight:lr=2e-05
2026/06/17 02:15:13 - mmengine - INFO - paramwise_options -- img_backbone.layer3.4.conv2.conv_offset.weight:weight_decay=0.01
2026/06/17 02:15:13 - mmengine - INFO - paramwise_options -- img_backbone.layer3.4.conv2.conv_offset.weight:lr_mult=0.1
2026/06/17 02:15:13 - mmengine - INFO - paramwise_options -- img_backbone.layer3.4.conv2.conv_offset.bias:lr=2e-05
2026/06/17 02:15:13 - mmengine - INFO - paramwise_options -- img_backbone.layer3.4.conv2.conv_offset.bias:weight_decay=0.01
2026/06/17 02:15:13 - mmengine - INFO - paramwise_options -- img_backbone.layer3.4.conv2.conv_offset.bias:lr_mult=0.1
2026/06/17 02:15:13 - mmengine - WARNING - img_backbone.layer3.4.bn2.weight is skipped since its requires_grad=False
2026/06/17 02:15:13 - mmengine - WARNING - img_backbone.layer3.4.bn2.bias is skipped since its requires_grad=False
2026/06/17 02:15:13 - mmengine - INFO - paramwise_options -- img_backbone.layer3.4.conv3.weight:lr=2e-05
2026/06/17 02:15:13 - mmengine - INFO - paramwise_options -- img_backbone.layer3.4.conv3.weight:weight_decay=0.01
2026/06/17 02:15:13 - mmengine - INFO - paramwise_options -- img_backbone.layer3.4.conv3.weight:lr_mult=0.1
2026/06/17 02:15:13 - mmengine - WARNING - img_backbone.layer3.4.bn3.weight is skipped since its requires_grad=False
2026/06/17 02:15:13 - mmengine - WARNING - img_backbone.layer3.4.bn3.bias is skipped since its requires_grad=False
2026/06/17 02:15:13 - mmengine - INFO - paramwise_options -- img_backbone.layer3.5.conv1.weight:lr=2e-05
2026/06/17 02:15:13 - mmengine - INFO - paramwise_options -- img_backbone.layer3.5.conv1.weight:weight_decay=0.01
2026/06/17 02:15:13 - mmengine - INFO - paramwise_options -- img_backbone.layer3.5.conv1.weight:lr_mult=0.1
2026/06/17 02:15:13 - mmengine - WARNING - img_backbone.layer3.5.bn1.weight is skipped since its requires_grad=False
2026/06/17 02:15:13 - mmengine - WARNING - img_backbone.layer3.5.bn1.bias is skipped since its requires_grad=False
2026/06/17 02:15:13 - mmengine - INFO - paramwise_options -- img_backbone.layer3.5.conv2.weight:lr=2e-05
2026/06/17 02:15:13 - mmengine - INFO - paramwise_options -- img_backbone.layer3.5.conv2.weight:weight_decay=0.01
2026/06/17 02:15:13 - mmengine - INFO - paramwise_options -- img_backbone.layer3.5.conv2.weight:lr_mult=0.1
2026/06/17 02:15:13 - mmengine - INFO - paramwise_options -- img_backbone.layer3.5.conv2.conv_offset.weight:lr=2e-05
2026/06/17 02:15:13 - mmengine - INFO - paramwise_options -- img_backbone.layer3.5.conv2.conv_offset.weight:weight_decay=0.01
2026/06/17 02:15:13 - mmengine - INFO - paramwise_options -- img_backbone.layer3.5.conv2.conv_offset.weight:lr_mult=0.1
2026/06/17 02:15:13 - mmengine - INFO - paramwise_options -- img_backbone.layer3.5.conv2.conv_offset.bias:lr=2e-05
2026/06/17 02:15:13 - mmengine - INFO - paramwise_options -- img_backbone.layer3.5.conv2.conv_offset.bias:weight_decay=0.01
2026/06/17 02:15:13 - mmengine - INFO - paramwise_options -- img_backbone.layer3.5.conv2.conv_offset.bias:lr_mult=0.1
2026/06/17 02:15:13 - mmengine - WARNING - img_backbone.layer3.5.bn2.weight is skipped since its requires_grad=False
2026/06/17 02:15:13 - mmengine - WARNING - img_backbone.layer3.5.bn2.bias is skipped since its requires_grad=False
2026/06/17 02:15:13 - mmengine - INFO - paramwise_options -- img_backbone.layer3.5.conv3.weight:lr=2e-05
2026/06/17 02:15:13 - mmengine - INFO - paramwise_options -- img_backbone.layer3.5.conv3.weight:weight_decay=0.01
2026/06/17 02:15:13 - mmengine - INFO - paramwise_options -- img_backbone.layer3.5.conv3.weight:lr_mult=0.1
2026/06/17 02:15:13 - mmengine - WARNING - img_backbone.layer3.5.bn3.weight is skipped since its requires_grad=False
2026/06/17 02:15:13 - mmengine - WARNING - img_backbone.layer3.5.bn3.bias is skipped since its requires_grad=False
2026/06/17 02:15:13 - mmengine - INFO - paramwise_options -- img_backbone.layer3.6.conv1.weight:lr=2e-05
2026/06/17 02:15:13 - mmengine - INFO - paramwise_options -- img_backbone.layer3.6.conv1.weight:weight_decay=0.01
2026/06/17 02:15:13 - mmengine - INFO - paramwise_options -- img_backbone.layer3.6.conv1.weight:lr_mult=0.1
2026/06/17 02:15:13 - mmengine - WARNING - img_backbone.layer3.6.bn1.weight is skipped since its requires_grad=False
2026/06/17 02:15:13 - mmengine - WARNING - img_backbone.layer3.6.bn1.bias is skipped since its requires_grad=False
2026/06/17 02:15:13 - mmengine - INFO - paramwise_options -- img_backbone.layer3.6.conv2.weight:lr=2e-05
2026/06/17 02:15:13 - mmengine - INFO - paramwise_options -- img_backbone.layer3.6.conv2.weight:weight_decay=0.01
2026/06/17 02:15:13 - mmengine - INFO - paramwise_options -- img_backbone.layer3.6.conv2.weight:lr_mult=0.1
2026/06/17 02:15:13 - mmengine - INFO - paramwise_options -- img_backbone.layer3.6.conv2.conv_offset.weight:lr=2e-05
2026/06/17 02:15:13 - mmengine - INFO - paramwise_options -- img_backbone.layer3.6.conv2.conv_offset.weight:weight_decay=0.01
2026/06/17 02:15:13 - mmengine - INFO - paramwise_options -- img_backbone.layer3.6.conv2.conv_offset.weight:lr_mult=0.1
2026/06/17 02:15:13 - mmengine - INFO - paramwise_options -- img_backbone.layer3.6.conv2.conv_offset.bias:lr=2e-05
2026/06/17 02:15:13 - mmengine - INFO - paramwise_options -- img_backbone.layer3.6.conv2.conv_offset.bias:weight_decay=0.01
2026/06/17 02:15:13 - mmengine - INFO - paramwise_options -- img_backbone.layer3.6.conv2.conv_offset.bias:lr_mult=0.1
2026/06/17 02:15:13 - mmengine - WARNING - img_backbone.layer3.6.bn2.weight is skipped since its requires_grad=False
2026/06/17 02:15:13 - mmengine - WARNING - img_backbone.layer3.6.bn2.bias is skipped since its requires_grad=False
2026/06/17 02:15:13 - mmengine - INFO - paramwise_options -- img_backbone.layer3.6.conv3.weight:lr=2e-05
2026/06/17 02:15:13 - mmengine - INFO - paramwise_options -- img_backbone.layer3.6.conv3.weight:weight_decay=0.01
2026/06/17 02:15:13 - mmengine - INFO - paramwise_options -- img_backbone.layer3.6.conv3.weight:lr_mult=0.1
2026/06/17 02:15:13 - mmengine - WARNING - img_backbone.layer3.6.bn3.weight is skipped since its requires_grad=False
2026/06/17 02:15:13 - mmengine - WARNING - img_backbone.layer3.6.bn3.bias is skipped since its requires_grad=False
2026/06/17 02:15:13 - mmengine - INFO - paramwise_options -- img_backbone.layer3.7.conv1.weight:lr=2e-05
2026/06/17 02:15:13 - mmengine - INFO - paramwise_options -- img_backbone.layer3.7.conv1.weight:weight_decay=0.01
2026/06/17 02:15:13 - mmengine - INFO - paramwise_options -- img_backbone.layer3.7.conv1.weight:lr_mult=0.1
2026/06/17 02:15:13 - mmengine - WARNING - img_backbone.layer3.7.bn1.weight is skipped since its requires_grad=False
2026/06/17 02:15:13 - mmengine - WARNING - img_backbone.layer3.7.bn1.bias is skipped since its requires_grad=False
2026/06/17 02:15:13 - mmengine - INFO - paramwise_options -- img_backbone.layer3.7.conv2.weight:lr=2e-05
2026/06/17 02:15:13 - mmengine - INFO - paramwise_options -- img_backbone.layer3.7.conv2.weight:weight_decay=0.01
2026/06/17 02:15:13 - mmengine - INFO - paramwise_options -- img_backbone.layer3.7.conv2.weight:lr_mult=0.1
2026/06/17 02:15:13 - mmengine - INFO - paramwise_options -- img_backbone.layer3.7.conv2.conv_offset.weight:lr=2e-05
2026/06/17 02:15:13 - mmengine - INFO - paramwise_options -- img_backbone.layer3.7.conv2.conv_offset.weight:weight_decay=0.01
2026/06/17 02:15:13 - mmengine - INFO - paramwise_options -- img_backbone.layer3.7.conv2.conv_offset.weight:lr_mult=0.1
2026/06/17 02:15:13 - mmengine - INFO - paramwise_options -- img_backbone.layer3.7.conv2.conv_offset.bias:lr=2e-05
2026/06/17 02:15:13 - mmengine - INFO - paramwise_options -- img_backbone.layer3.7.conv2.conv_offset.bias:weight_decay=0.01
2026/06/17 02:15:13 - mmengine - INFO - paramwise_options -- img_backbone.layer3.7.conv2.conv_offset.bias:lr_mult=0.1
2026/06/17 02:15:13 - mmengine - WARNING - img_backbone.layer3.7.bn2.weight is skipped since its requires_grad=False
2026/06/17 02:15:13 - mmengine - WARNING - img_backbone.layer3.7.bn2.bias is skipped since its requires_grad=False
2026/06/17 02:15:13 - mmengine - INFO - paramwise_options -- img_backbone.layer3.7.conv3.weight:lr=2e-05
2026/06/17 02:15:13 - mmengine - INFO - paramwise_options -- img_backbone.layer3.7.conv3.weight:weight_decay=0.01
2026/06/17 02:15:13 - mmengine - INFO - paramwise_options -- img_backbone.layer3.7.conv3.weight:lr_mult=0.1
2026/06/17 02:15:13 - mmengine - WARNING - img_backbone.layer3.7.bn3.weight is skipped since its requires_grad=False
2026/06/17 02:15:13 - mmengine - WARNING - img_backbone.layer3.7.bn3.bias is skipped since its requires_grad=False
2026/06/17 02:15:13 - mmengine - INFO - paramwise_options -- img_backbone.layer3.8.conv1.weight:lr=2e-05
2026/06/17 02:15:13 - mmengine - INFO - paramwise_options -- img_backbone.layer3.8.conv1.weight:weight_decay=0.01
2026/06/17 02:15:13 - mmengine - INFO - paramwise_options -- img_backbone.layer3.8.conv1.weight:lr_mult=0.1
2026/06/17 02:15:13 - mmengine - WARNING - img_backbone.layer3.8.bn1.weight is skipped since its requires_grad=False
2026/06/17 02:15:13 - mmengine - WARNING - img_backbone.layer3.8.bn1.bias is skipped since its requires_grad=False
2026/06/17 02:15:13 - mmengine - INFO - paramwise_options -- img_backbone.layer3.8.conv2.weight:lr=2e-05
2026/06/17 02:15:13 - mmengine - INFO - paramwise_options -- img_backbone.layer3.8.conv2.weight:weight_decay=0.01
2026/06/17 02:15:13 - mmengine - INFO - paramwise_options -- img_backbone.layer3.8.conv2.weight:lr_mult=0.1
2026/06/17 02:15:13 - mmengine - INFO - paramwise_options -- img_backbone.layer3.8.conv2.conv_offset.weight:lr=2e-05
2026/06/17 02:15:13 - mmengine - INFO - paramwise_options -- img_backbone.layer3.8.conv2.conv_offset.weight:weight_decay=0.01
2026/06/17 02:15:13 - mmengine - INFO - paramwise_options -- img_backbone.layer3.8.conv2.conv_offset.weight:lr_mult=0.1
2026/06/17 02:15:13 - mmengine - INFO - paramwise_options -- img_backbone.layer3.8.conv2.conv_offset.bias:lr=2e-05
2026/06/17 02:15:13 - mmengine - INFO - paramwise_options -- img_backbone.layer3.8.conv2.conv_offset.bias:weight_decay=0.01
2026/06/17 02:15:13 - mmengine - INFO - paramwise_options -- img_backbone.layer3.8.conv2.conv_offset.bias:lr_mult=0.1
2026/06/17 02:15:13 - mmengine - WARNING - img_backbone.layer3.8.bn2.weight is skipped since its requires_grad=False
2026/06/17 02:15:13 - mmengine - WARNING - img_backbone.layer3.8.bn2.bias is skipped since its requires_grad=False
2026/06/17 02:15:13 - mmengine - INFO - paramwise_options -- img_backbone.layer3.8.conv3.weight:lr=2e-05
2026/06/17 02:15:13 - mmengine - INFO - paramwise_options -- img_backbone.layer3.8.conv3.weight:weight_decay=0.01
2026/06/17 02:15:13 - mmengine - INFO - paramwise_options -- img_backbone.layer3.8.conv3.weight:lr_mult=0.1
2026/06/17 02:15:13 - mmengine - WARNING - img_backbone.layer3.8.bn3.weight is skipped since its requires_grad=False
2026/06/17 02:15:13 - mmengine - WARNING - img_backbone.layer3.8.bn3.bias is skipped since its requires_grad=False
2026/06/17 02:15:13 - mmengine - INFO - paramwise_options -- img_backbone.layer3.9.conv1.weight:lr=2e-05
2026/06/17 02:15:13 - mmengine - INFO - paramwise_options -- img_backbone.layer3.9.conv1.weight:weight_decay=0.01
2026/06/17 02:15:13 - mmengine - INFO - paramwise_options -- img_backbone.layer3.9.conv1.weight:lr_mult=0.1
2026/06/17 02:15:13 - mmengine - WARNING - img_backbone.layer3.9.bn1.weight is skipped since its requires_grad=False
2026/06/17 02:15:13 - mmengine - WARNING - img_backbone.layer3.9.bn1.bias is skipped since its requires_grad=False
2026/06/17 02:15:13 - mmengine - INFO - paramwise_options -- img_backbone.layer3.9.conv2.weight:lr=2e-05
2026/06/17 02:15:13 - mmengine - INFO - paramwise_options -- img_backbone.layer3.9.conv2.weight:weight_decay=0.01
2026/06/17 02:15:13 - mmengine - INFO - paramwise_options -- img_backbone.layer3.9.conv2.weight:lr_mult=0.1
2026/06/17 02:15:13 - mmengine - INFO - paramwise_options -- img_backbone.layer3.9.conv2.conv_offset.weight:lr=2e-05
2026/06/17 02:15:13 - mmengine - INFO - paramwise_options -- img_backbone.layer3.9.conv2.conv_offset.weight:weight_decay=0.01
2026/06/17 02:15:13 - mmengine - INFO - paramwise_options -- img_backbone.layer3.9.conv2.conv_offset.weight:lr_mult=0.1
2026/06/17 02:15:13 - mmengine - INFO - paramwise_options -- img_backbone.layer3.9.conv2.conv_offset.bias:lr=2e-05
2026/06/17 02:15:13 - mmengine - INFO - paramwise_options -- img_backbone.layer3.9.conv2.conv_offset.bias:weight_decay=0.01
2026/06/17 02:15:13 - mmengine - INFO - paramwise_options -- img_backbone.layer3.9.conv2.conv_offset.bias:lr_mult=0.1
2026/06/17 02:15:13 - mmengine - WARNING - img_backbone.layer3.9.bn2.weight is skipped since its requires_grad=False
2026/06/17 02:15:13 - mmengine - WARNING - img_backbone.layer3.9.bn2.bias is skipped since its requires_grad=False
2026/06/17 02:15:13 - mmengine - INFO - paramwise_options -- img_backbone.layer3.9.conv3.weight:lr=2e-05
2026/06/17 02:15:13 - mmengine - INFO - paramwise_options -- img_backbone.layer3.9.conv3.weight:weight_decay=0.01
2026/06/17 02:15:13 - mmengine - INFO - paramwise_options -- img_backbone.layer3.9.conv3.weight:lr_mult=0.1
2026/06/17 02:15:13 - mmengine - WARNING - img_backbone.layer3.9.bn3.weight is skipped since its requires_grad=False
2026/06/17 02:15:13 - mmengine - WARNING - img_backbone.layer3.9.bn3.bias is skipped since its requires_grad=False
2026/06/17 02:15:13 - mmengine - INFO - paramwise_options -- img_backbone.layer3.10.conv1.weight:lr=2e-05
2026/06/17 02:15:13 - mmengine - INFO - paramwise_options -- img_backbone.layer3.10.conv1.weight:weight_decay=0.01
2026/06/17 02:15:13 - mmengine - INFO - paramwise_options -- img_backbone.layer3.10.conv1.weight:lr_mult=0.1
2026/06/17 02:15:13 - mmengine - WARNING - img_backbone.layer3.10.bn1.weight is skipped since its requires_grad=False
2026/06/17 02:15:13 - mmengine - WARNING - img_backbone.layer3.10.bn1.bias is skipped since its requires_grad=False
2026/06/17 02:15:13 - mmengine - INFO - paramwise_options -- img_backbone.layer3.10.conv2.weight:lr=2e-05
2026/06/17 02:15:13 - mmengine - INFO - paramwise_options -- img_backbone.layer3.10.conv2.weight:weight_decay=0.01
2026/06/17 02:15:13 - mmengine - INFO - paramwise_options -- img_backbone.layer3.10.conv2.weight:lr_mult=0.1
2026/06/17 02:15:13 - mmengine - INFO - paramwise_options -- img_backbone.layer3.10.conv2.conv_offset.weight:lr=2e-05
2026/06/17 02:15:13 - mmengine - INFO - paramwise_options -- img_backbone.layer3.10.conv2.conv_offset.weight:weight_decay=0.01
2026/06/17 02:15:13 - mmengine - INFO - paramwise_options -- img_backbone.layer3.10.conv2.conv_offset.weight:lr_mult=0.1
2026/06/17 02:15:13 - mmengine - INFO - paramwise_options -- img_backbone.layer3.10.conv2.conv_offset.bias:lr=2e-05
2026/06/17 02:15:13 - mmengine - INFO - paramwise_options -- img_backbone.layer3.10.conv2.conv_offset.bias:weight_decay=0.01
2026/06/17 02:15:13 - mmengine - INFO - paramwise_options -- img_backbone.layer3.10.conv2.conv_offset.bias:lr_mult=0.1
2026/06/17 02:15:13 - mmengine - WARNING - img_backbone.layer3.10.bn2.weight is skipped since its requires_grad=False
2026/06/17 02:15:13 - mmengine - WARNING - img_backbone.layer3.10.bn2.bias is skipped since its requires_grad=False
2026/06/17 02:15:13 - mmengine - INFO - paramwise_options -- img_backbone.layer3.10.conv3.weight:lr=2e-05
2026/06/17 02:15:13 - mmengine - INFO - paramwise_options -- img_backbone.layer3.10.conv3.weight:weight_decay=0.01
2026/06/17 02:15:13 - mmengine - INFO - paramwise_options -- img_backbone.layer3.10.conv3.weight:lr_mult=0.1
2026/06/17 02:15:13 - mmengine - WARNING - img_backbone.layer3.10.bn3.weight is skipped since its requires_grad=False
2026/06/17 02:15:13 - mmengine - WARNING - img_backbone.layer3.10.bn3.bias is skipped since its requires_grad=False
2026/06/17 02:15:13 - mmengine - INFO - paramwise_options -- img_backbone.layer3.11.conv1.weight:lr=2e-05
2026/06/17 02:15:13 - mmengine - INFO - paramwise_options -- img_backbone.layer3.11.conv1.weight:weight_decay=0.01
2026/06/17 02:15:13 - mmengine - INFO - paramwise_options -- img_backbone.layer3.11.conv1.weight:lr_mult=0.1
2026/06/17 02:15:13 - mmengine - WARNING - img_backbone.layer3.11.bn1.weight is skipped since its requires_grad=False
2026/06/17 02:15:13 - mmengine - WARNING - img_backbone.layer3.11.bn1.bias is skipped since its requires_grad=False
2026/06/17 02:15:13 - mmengine - INFO - paramwise_options -- img_backbone.layer3.11.conv2.weight:lr=2e-05
2026/06/17 02:15:13 - mmengine - INFO - paramwise_options -- img_backbone.layer3.11.conv2.weight:weight_decay=0.01
2026/06/17 02:15:13 - mmengine - INFO - paramwise_options -- img_backbone.layer3.11.conv2.weight:lr_mult=0.1
2026/06/17 02:15:13 - mmengine - INFO - paramwise_options -- img_backbone.layer3.11.conv2.conv_offset.weight:lr=2e-05
2026/06/17 02:15:13 - mmengine - INFO - paramwise_options -- img_backbone.layer3.11.conv2.conv_offset.weight:weight_decay=0.01
2026/06/17 02:15:13 - mmengine - INFO - paramwise_options -- img_backbone.layer3.11.conv2.conv_offset.weight:lr_mult=0.1
2026/06/17 02:15:13 - mmengine - INFO - paramwise_options -- img_backbone.layer3.11.conv2.conv_offset.bias:lr=2e-05
2026/06/17 02:15:13 - mmengine - INFO - paramwise_options -- img_backbone.layer3.11.conv2.conv_offset.bias:weight_decay=0.01
2026/06/17 02:15:13 - mmengine - INFO - paramwise_options -- img_backbone.layer3.11.conv2.conv_offset.bias:lr_mult=0.1
2026/06/17 02:15:13 - mmengine - WARNING - img_backbone.layer3.11.bn2.weight is skipped since its requires_grad=False
2026/06/17 02:15:13 - mmengine - WARNING - img_backbone.layer3.11.bn2.bias is skipped since its requires_grad=False
2026/06/17 02:15:13 - mmengine - INFO - paramwise_options -- img_backbone.layer3.11.conv3.weight:lr=2e-05
2026/06/17 02:15:13 - mmengine - INFO - paramwise_options -- img_backbone.layer3.11.conv3.weight:weight_decay=0.01
2026/06/17 02:15:13 - mmengine - INFO - paramwise_options -- img_backbone.layer3.11.conv3.weight:lr_mult=0.1
2026/06/17 02:15:13 - mmengine - WARNING - img_backbone.layer3.11.bn3.weight is skipped since its requires_grad=False
2026/06/17 02:15:13 - mmengine - WARNING - img_backbone.layer3.11.bn3.bias is skipped since its requires_grad=False
2026/06/17 02:15:13 - mmengine - INFO - paramwise_options -- img_backbone.layer3.12.conv1.weight:lr=2e-05
2026/06/17 02:15:13 - mmengine - INFO - paramwise_options -- img_backbone.layer3.12.conv1.weight:weight_decay=0.01
2026/06/17 02:15:13 - mmengine - INFO - paramwise_options -- img_backbone.layer3.12.conv1.weight:lr_mult=0.1
2026/06/17 02:15:13 - mmengine - WARNING - img_backbone.layer3.12.bn1.weight is skipped since its requires_grad=False
2026/06/17 02:15:13 - mmengine - WARNING - img_backbone.layer3.12.bn1.bias is skipped since its requires_grad=False
2026/06/17 02:15:13 - mmengine - INFO - paramwise_options -- img_backbone.layer3.12.conv2.weight:lr=2e-05
2026/06/17 02:15:13 - mmengine - INFO - paramwise_options -- img_backbone.layer3.12.conv2.weight:weight_decay=0.01
2026/06/17 02:15:13 - mmengine - INFO - paramwise_options -- img_backbone.layer3.12.conv2.weight:lr_mult=0.1
2026/06/17 02:15:13 - mmengine - INFO - paramwise_options -- img_backbone.layer3.12.conv2.conv_offset.weight:lr=2e-05
2026/06/17 02:15:13 - mmengine - INFO - paramwise_options -- img_backbone.layer3.12.conv2.conv_offset.weight:weight_decay=0.01
2026/06/17 02:15:13 - mmengine - INFO - paramwise_options -- img_backbone.layer3.12.conv2.conv_offset.weight:lr_mult=0.1
2026/06/17 02:15:13 - mmengine - INFO - paramwise_options -- img_backbone.layer3.12.conv2.conv_offset.bias:lr=2e-05
2026/06/17 02:15:13 - mmengine - INFO - paramwise_options -- img_backbone.layer3.12.conv2.conv_offset.bias:weight_decay=0.01
2026/06/17 02:15:13 - mmengine - INFO - paramwise_options -- img_backbone.layer3.12.conv2.conv_offset.bias:lr_mult=0.1
2026/06/17 02:15:13 - mmengine - WARNING - img_backbone.layer3.12.bn2.weight is skipped since its requires_grad=False
2026/06/17 02:15:13 - mmengine - WARNING - img_backbone.layer3.12.bn2.bias is skipped since its requires_grad=False
2026/06/17 02:15:13 - mmengine - INFO - paramwise_options -- img_backbone.layer3.12.conv3.weight:lr=2e-05
2026/06/17 02:15:13 - mmengine - INFO - paramwise_options -- img_backbone.layer3.12.conv3.weight:weight_decay=0.01
2026/06/17 02:15:13 - mmengine - INFO - paramwise_options -- img_backbone.layer3.12.conv3.weight:lr_mult=0.1
2026/06/17 02:15:13 - mmengine - WARNING - img_backbone.layer3.12.bn3.weight is skipped since its requires_grad=False
2026/06/17 02:15:13 - mmengine - WARNING - img_backbone.layer3.12.bn3.bias is skipped since its requires_grad=False
2026/06/17 02:15:13 - mmengine - INFO - paramwise_options -- img_backbone.layer3.13.conv1.weight:lr=2e-05
2026/06/17 02:15:13 - mmengine - INFO - paramwise_options -- img_backbone.layer3.13.conv1.weight:weight_decay=0.01
2026/06/17 02:15:13 - mmengine - INFO - paramwise_options -- img_backbone.layer3.13.conv1.weight:lr_mult=0.1
2026/06/17 02:15:13 - mmengine - WARNING - img_backbone.layer3.13.bn1.weight is skipped since its requires_grad=False
2026/06/17 02:15:13 - mmengine - WARNING - img_backbone.layer3.13.bn1.bias is skipped since its requires_grad=False
2026/06/17 02:15:13 - mmengine - INFO - paramwise_options -- img_backbone.layer3.13.conv2.weight:lr=2e-05
2026/06/17 02:15:13 - mmengine - INFO - paramwise_options -- img_backbone.layer3.13.conv2.weight:weight_decay=0.01
2026/06/17 02:15:13 - mmengine - INFO - paramwise_options -- img_backbone.layer3.13.conv2.weight:lr_mult=0.1
2026/06/17 02:15:13 - mmengine - INFO - paramwise_options -- img_backbone.layer3.13.conv2.conv_offset.weight:lr=2e-05
2026/06/17 02:15:13 - mmengine - INFO - paramwise_options -- img_backbone.layer3.13.conv2.conv_offset.weight:weight_decay=0.01
2026/06/17 02:15:13 - mmengine - INFO - paramwise_options -- img_backbone.layer3.13.conv2.conv_offset.weight:lr_mult=0.1
2026/06/17 02:15:13 - mmengine - INFO - paramwise_options -- img_backbone.layer3.13.conv2.conv_offset.bias:lr=2e-05
2026/06/17 02:15:13 - mmengine - INFO - paramwise_options -- img_backbone.layer3.13.conv2.conv_offset.bias:weight_decay=0.01
2026/06/17 02:15:13 - mmengine - INFO - paramwise_options -- img_backbone.layer3.13.conv2.conv_offset.bias:lr_mult=0.1
2026/06/17 02:15:13 - mmengine - WARNING - img_backbone.layer3.13.bn2.weight is skipped since its requires_grad=False
2026/06/17 02:15:13 - mmengine - WARNING - img_backbone.layer3.13.bn2.bias is skipped since its requires_grad=False
2026/06/17 02:15:13 - mmengine - INFO - paramwise_options -- img_backbone.layer3.13.conv3.weight:lr=2e-05
2026/06/17 02:15:13 - mmengine - INFO - paramwise_options -- img_backbone.layer3.13.conv3.weight:weight_decay=0.01
2026/06/17 02:15:13 - mmengine - INFO - paramwise_options -- img_backbone.layer3.13.conv3.weight:lr_mult=0.1
2026/06/17 02:15:13 - mmengine - WARNING - img_backbone.layer3.13.bn3.weight is skipped since its requires_grad=False
2026/06/17 02:15:13 - mmengine - WARNING - img_backbone.layer3.13.bn3.bias is skipped since its requires_grad=False
2026/06/17 02:15:13 - mmengine - INFO - paramwise_options -- img_backbone.layer3.14.conv1.weight:lr=2e-05
2026/06/17 02:15:13 - mmengine - INFO - paramwise_options -- img_backbone.layer3.14.conv1.weight:weight_decay=0.01
2026/06/17 02:15:13 - mmengine - INFO - paramwise_options -- img_backbone.layer3.14.conv1.weight:lr_mult=0.1
2026/06/17 02:15:13 - mmengine - WARNING - img_backbone.layer3.14.bn1.weight is skipped since its requires_grad=False
2026/06/17 02:15:13 - mmengine - WARNING - img_backbone.layer3.14.bn1.bias is skipped since its requires_grad=False
2026/06/17 02:15:13 - mmengine - INFO - paramwise_options -- img_backbone.layer3.14.conv2.weight:lr=2e-05
2026/06/17 02:15:13 - mmengine - INFO - paramwise_options -- img_backbone.layer3.14.conv2.weight:weight_decay=0.01
2026/06/17 02:15:13 - mmengine - INFO - paramwise_options -- img_backbone.layer3.14.conv2.weight:lr_mult=0.1
2026/06/17 02:15:13 - mmengine - INFO - paramwise_options -- img_backbone.layer3.14.conv2.conv_offset.weight:lr=2e-05
2026/06/17 02:15:13 - mmengine - INFO - paramwise_options -- img_backbone.layer3.14.conv2.conv_offset.weight:weight_decay=0.01
2026/06/17 02:15:13 - mmengine - INFO - paramwise_options -- img_backbone.layer3.14.conv2.conv_offset.weight:lr_mult=0.1
2026/06/17 02:15:13 - mmengine - INFO - paramwise_options -- img_backbone.layer3.14.conv2.conv_offset.bias:lr=2e-05
2026/06/17 02:15:13 - mmengine - INFO - paramwise_options -- img_backbone.layer3.14.conv2.conv_offset.bias:weight_decay=0.01
2026/06/17 02:15:13 - mmengine - INFO - paramwise_options -- img_backbone.layer3.14.conv2.conv_offset.bias:lr_mult=0.1
2026/06/17 02:15:13 - mmengine - WARNING - img_backbone.layer3.14.bn2.weight is skipped since its requires_grad=False
2026/06/17 02:15:13 - mmengine - WARNING - img_backbone.layer3.14.bn2.bias is skipped since its requires_grad=False
2026/06/17 02:15:13 - mmengine - INFO - paramwise_options -- img_backbone.layer3.14.conv3.weight:lr=2e-05
2026/06/17 02:15:13 - mmengine - INFO - paramwise_options -- img_backbone.layer3.14.conv3.weight:weight_decay=0.01
2026/06/17 02:15:13 - mmengine - INFO - paramwise_options -- img_backbone.layer3.14.conv3.weight:lr_mult=0.1
2026/06/17 02:15:13 - mmengine - WARNING - img_backbone.layer3.14.bn3.weight is skipped since its requires_grad=False
2026/06/17 02:15:13 - mmengine - WARNING - img_backbone.layer3.14.bn3.bias is skipped since its requires_grad=False
2026/06/17 02:15:13 - mmengine - INFO - paramwise_options -- img_backbone.layer3.15.conv1.weight:lr=2e-05
2026/06/17 02:15:13 - mmengine - INFO - paramwise_options -- img_backbone.layer3.15.conv1.weight:weight_decay=0.01
2026/06/17 02:15:13 - mmengine - INFO - paramwise_options -- img_backbone.layer3.15.conv1.weight:lr_mult=0.1
2026/06/17 02:15:13 - mmengine - WARNING - img_backbone.layer3.15.bn1.weight is skipped since its requires_grad=False
2026/06/17 02:15:13 - mmengine - WARNING - img_backbone.layer3.15.bn1.bias is skipped since its requires_grad=False
2026/06/17 02:15:13 - mmengine - INFO - paramwise_options -- img_backbone.layer3.15.conv2.weight:lr=2e-05
2026/06/17 02:15:13 - mmengine - INFO - paramwise_options -- img_backbone.layer3.15.conv2.weight:weight_decay=0.01
2026/06/17 02:15:13 - mmengine - INFO - paramwise_options -- img_backbone.layer3.15.conv2.weight:lr_mult=0.1
2026/06/17 02:15:13 - mmengine - INFO - paramwise_options -- img_backbone.layer3.15.conv2.conv_offset.weight:lr=2e-05
2026/06/17 02:15:13 - mmengine - INFO - paramwise_options -- img_backbone.layer3.15.conv2.conv_offset.weight:weight_decay=0.01
2026/06/17 02:15:13 - mmengine - INFO - paramwise_options -- img_backbone.layer3.15.conv2.conv_offset.weight:lr_mult=0.1
2026/06/17 02:15:13 - mmengine - INFO - paramwise_options -- img_backbone.layer3.15.conv2.conv_offset.bias:lr=2e-05
2026/06/17 02:15:13 - mmengine - INFO - paramwise_options -- img_backbone.layer3.15.conv2.conv_offset.bias:weight_decay=0.01
2026/06/17 02:15:13 - mmengine - INFO - paramwise_options -- img_backbone.layer3.15.conv2.conv_offset.bias:lr_mult=0.1
2026/06/17 02:15:13 - mmengine - WARNING - img_backbone.layer3.15.bn2.weight is skipped since its requires_grad=False
2026/06/17 02:15:13 - mmengine - WARNING - img_backbone.layer3.15.bn2.bias is skipped since its requires_grad=False
2026/06/17 02:15:13 - mmengine - INFO - paramwise_options -- img_backbone.layer3.15.conv3.weight:lr=2e-05
2026/06/17 02:15:13 - mmengine - INFO - paramwise_options -- img_backbone.layer3.15.conv3.weight:weight_decay=0.01
2026/06/17 02:15:13 - mmengine - INFO - paramwise_options -- img_backbone.layer3.15.conv3.weight:lr_mult=0.1
2026/06/17 02:15:13 - mmengine - WARNING - img_backbone.layer3.15.bn3.weight is skipped since its requires_grad=False
2026/06/17 02:15:13 - mmengine - WARNING - img_backbone.layer3.15.bn3.bias is skipped since its requires_grad=False
2026/06/17 02:15:13 - mmengine - INFO - paramwise_options -- img_backbone.layer3.16.conv1.weight:lr=2e-05
2026/06/17 02:15:13 - mmengine - INFO - paramwise_options -- img_backbone.layer3.16.conv1.weight:weight_decay=0.01
2026/06/17 02:15:13 - mmengine - INFO - paramwise_options -- img_backbone.layer3.16.conv1.weight:lr_mult=0.1
2026/06/17 02:15:13 - mmengine - WARNING - img_backbone.layer3.16.bn1.weight is skipped since its requires_grad=False
2026/06/17 02:15:13 - mmengine - WARNING - img_backbone.layer3.16.bn1.bias is skipped since its requires_grad=False
2026/06/17 02:15:13 - mmengine - INFO - paramwise_options -- img_backbone.layer3.16.conv2.weight:lr=2e-05
2026/06/17 02:15:13 - mmengine - INFO - paramwise_options -- img_backbone.layer3.16.conv2.weight:weight_decay=0.01
2026/06/17 02:15:13 - mmengine - INFO - paramwise_options -- img_backbone.layer3.16.conv2.weight:lr_mult=0.1
2026/06/17 02:15:13 - mmengine - INFO - paramwise_options -- img_backbone.layer3.16.conv2.conv_offset.weight:lr=2e-05
2026/06/17 02:15:13 - mmengine - INFO - paramwise_options -- img_backbone.layer3.16.conv2.conv_offset.weight:weight_decay=0.01
2026/06/17 02:15:13 - mmengine - INFO - paramwise_options -- img_backbone.layer3.16.conv2.conv_offset.weight:lr_mult=0.1
2026/06/17 02:15:13 - mmengine - INFO - paramwise_options -- img_backbone.layer3.16.conv2.conv_offset.bias:lr=2e-05
2026/06/17 02:15:13 - mmengine - INFO - paramwise_options -- img_backbone.layer3.16.conv2.conv_offset.bias:weight_decay=0.01
2026/06/17 02:15:13 - mmengine - INFO - paramwise_options -- img_backbone.layer3.16.conv2.conv_offset.bias:lr_mult=0.1
2026/06/17 02:15:13 - mmengine - WARNING - img_backbone.layer3.16.bn2.weight is skipped since its requires_grad=False
2026/06/17 02:15:13 - mmengine - WARNING - img_backbone.layer3.16.bn2.bias is skipped since its requires_grad=False
2026/06/17 02:15:13 - mmengine - INFO - paramwise_options -- img_backbone.layer3.16.conv3.weight:lr=2e-05
2026/06/17 02:15:13 - mmengine - INFO - paramwise_options -- img_backbone.layer3.16.conv3.weight:weight_decay=0.01
2026/06/17 02:15:13 - mmengine - INFO - paramwise_options -- img_backbone.layer3.16.conv3.weight:lr_mult=0.1
2026/06/17 02:15:13 - mmengine - WARNING - img_backbone.layer3.16.bn3.weight is skipped since its requires_grad=False
2026/06/17 02:15:13 - mmengine - WARNING - img_backbone.layer3.16.bn3.bias is skipped since its requires_grad=False
2026/06/17 02:15:13 - mmengine - INFO - paramwise_options -- img_backbone.layer3.17.conv1.weight:lr=2e-05
2026/06/17 02:15:13 - mmengine - INFO - paramwise_options -- img_backbone.layer3.17.conv1.weight:weight_decay=0.01
2026/06/17 02:15:13 - mmengine - INFO - paramwise_options -- img_backbone.layer3.17.conv1.weight:lr_mult=0.1
2026/06/17 02:15:13 - mmengine - WARNING - img_backbone.layer3.17.bn1.weight is skipped since its requires_grad=False
2026/06/17 02:15:13 - mmengine - WARNING - img_backbone.layer3.17.bn1.bias is skipped since its requires_grad=False
2026/06/17 02:15:13 - mmengine - INFO - paramwise_options -- img_backbone.layer3.17.conv2.weight:lr=2e-05
2026/06/17 02:15:13 - mmengine - INFO - paramwise_options -- img_backbone.layer3.17.conv2.weight:weight_decay=0.01
2026/06/17 02:15:13 - mmengine - INFO - paramwise_options -- img_backbone.layer3.17.conv2.weight:lr_mult=0.1
2026/06/17 02:15:13 - mmengine - INFO - paramwise_options -- img_backbone.layer3.17.conv2.conv_offset.weight:lr=2e-05
2026/06/17 02:15:13 - mmengine - INFO - paramwise_options -- img_backbone.layer3.17.conv2.conv_offset.weight:weight_decay=0.01
2026/06/17 02:15:13 - mmengine - INFO - paramwise_options -- img_backbone.layer3.17.conv2.conv_offset.weight:lr_mult=0.1
2026/06/17 02:15:13 - mmengine - INFO - paramwise_options -- img_backbone.layer3.17.conv2.conv_offset.bias:lr=2e-05
2026/06/17 02:15:13 - mmengine - INFO - paramwise_options -- img_backbone.layer3.17.conv2.conv_offset.bias:weight_decay=0.01
2026/06/17 02:15:13 - mmengine - INFO - paramwise_options -- img_backbone.layer3.17.conv2.conv_offset.bias:lr_mult=0.1
2026/06/17 02:15:13 - mmengine - WARNING - img_backbone.layer3.17.bn2.weight is skipped since its requires_grad=False
2026/06/17 02:15:13 - mmengine - WARNING - img_backbone.layer3.17.bn2.bias is skipped since its requires_grad=False
2026/06/17 02:15:13 - mmengine - INFO - paramwise_options -- img_backbone.layer3.17.conv3.weight:lr=2e-05
2026/06/17 02:15:13 - mmengine - INFO - paramwise_options -- img_backbone.layer3.17.conv3.weight:weight_decay=0.01
2026/06/17 02:15:13 - mmengine - INFO - paramwise_options -- img_backbone.layer3.17.conv3.weight:lr_mult=0.1
2026/06/17 02:15:13 - mmengine - WARNING - img_backbone.layer3.17.bn3.weight is skipped since its requires_grad=False
2026/06/17 02:15:13 - mmengine - WARNING - img_backbone.layer3.17.bn3.bias is skipped since its requires_grad=False
2026/06/17 02:15:13 - mmengine - INFO - paramwise_options -- img_backbone.layer3.18.conv1.weight:lr=2e-05
2026/06/17 02:15:13 - mmengine - INFO - paramwise_options -- img_backbone.layer3.18.conv1.weight:weight_decay=0.01
2026/06/17 02:15:13 - mmengine - INFO - paramwise_options -- img_backbone.layer3.18.conv1.weight:lr_mult=0.1
2026/06/17 02:15:13 - mmengine - WARNING - img_backbone.layer3.18.bn1.weight is skipped since its requires_grad=False
2026/06/17 02:15:13 - mmengine - WARNING - img_backbone.layer3.18.bn1.bias is skipped since its requires_grad=False
2026/06/17 02:15:13 - mmengine - INFO - paramwise_options -- img_backbone.layer3.18.conv2.weight:lr=2e-05
2026/06/17 02:15:13 - mmengine - INFO - paramwise_options -- img_backbone.layer3.18.conv2.weight:weight_decay=0.01
2026/06/17 02:15:13 - mmengine - INFO - paramwise_options -- img_backbone.layer3.18.conv2.weight:lr_mult=0.1
2026/06/17 02:15:13 - mmengine - INFO - paramwise_options -- img_backbone.layer3.18.conv2.conv_offset.weight:lr=2e-05
2026/06/17 02:15:13 - mmengine - INFO - paramwise_options -- img_backbone.layer3.18.conv2.conv_offset.weight:weight_decay=0.01
2026/06/17 02:15:13 - mmengine - INFO - paramwise_options -- img_backbone.layer3.18.conv2.conv_offset.weight:lr_mult=0.1
2026/06/17 02:15:13 - mmengine - INFO - paramwise_options -- img_backbone.layer3.18.conv2.conv_offset.bias:lr=2e-05
2026/06/17 02:15:13 - mmengine - INFO - paramwise_options -- img_backbone.layer3.18.conv2.conv_offset.bias:weight_decay=0.01
2026/06/17 02:15:13 - mmengine - INFO - paramwise_options -- img_backbone.layer3.18.conv2.conv_offset.bias:lr_mult=0.1
2026/06/17 02:15:13 - mmengine - WARNING - img_backbone.layer3.18.bn2.weight is skipped since its requires_grad=False
2026/06/17 02:15:13 - mmengine - WARNING - img_backbone.layer3.18.bn2.bias is skipped since its requires_grad=False
2026/06/17 02:15:13 - mmengine - INFO - paramwise_options -- img_backbone.layer3.18.conv3.weight:lr=2e-05
2026/06/17 02:15:13 - mmengine - INFO - paramwise_options -- img_backbone.layer3.18.conv3.weight:weight_decay=0.01
2026/06/17 02:15:13 - mmengine - INFO - paramwise_options -- img_backbone.layer3.18.conv3.weight:lr_mult=0.1
2026/06/17 02:15:13 - mmengine - WARNING - img_backbone.layer3.18.bn3.weight is skipped since its requires_grad=False
2026/06/17 02:15:13 - mmengine - WARNING - img_backbone.layer3.18.bn3.bias is skipped since its requires_grad=False
2026/06/17 02:15:13 - mmengine - INFO - paramwise_options -- img_backbone.layer3.19.conv1.weight:lr=2e-05
2026/06/17 02:15:13 - mmengine - INFO - paramwise_options -- img_backbone.layer3.19.conv1.weight:weight_decay=0.01
2026/06/17 02:15:13 - mmengine - INFO - paramwise_options -- img_backbone.layer3.19.conv1.weight:lr_mult=0.1
2026/06/17 02:15:13 - mmengine - WARNING - img_backbone.layer3.19.bn1.weight is skipped since its requires_grad=False
2026/06/17 02:15:13 - mmengine - WARNING - img_backbone.layer3.19.bn1.bias is skipped since its requires_grad=False
2026/06/17 02:15:13 - mmengine - INFO - paramwise_options -- img_backbone.layer3.19.conv2.weight:lr=2e-05
2026/06/17 02:15:13 - mmengine - INFO - paramwise_options -- img_backbone.layer3.19.conv2.weight:weight_decay=0.01
2026/06/17 02:15:13 - mmengine - INFO - paramwise_options -- img_backbone.layer3.19.conv2.weight:lr_mult=0.1
2026/06/17 02:15:13 - mmengine - INFO - paramwise_options -- img_backbone.layer3.19.conv2.conv_offset.weight:lr=2e-05
2026/06/17 02:15:13 - mmengine - INFO - paramwise_options -- img_backbone.layer3.19.conv2.conv_offset.weight:weight_decay=0.01
2026/06/17 02:15:13 - mmengine - INFO - paramwise_options -- img_backbone.layer3.19.conv2.conv_offset.weight:lr_mult=0.1
2026/06/17 02:15:13 - mmengine - INFO - paramwise_options -- img_backbone.layer3.19.conv2.conv_offset.bias:lr=2e-05
2026/06/17 02:15:13 - mmengine - INFO - paramwise_options -- img_backbone.layer3.19.conv2.conv_offset.bias:weight_decay=0.01
2026/06/17 02:15:13 - mmengine - INFO - paramwise_options -- img_backbone.layer3.19.conv2.conv_offset.bias:lr_mult=0.1
2026/06/17 02:15:13 - mmengine - WARNING - img_backbone.layer3.19.bn2.weight is skipped since its requires_grad=False
2026/06/17 02:15:13 - mmengine - WARNING - img_backbone.layer3.19.bn2.bias is skipped since its requires_grad=False
2026/06/17 02:15:13 - mmengine - INFO - paramwise_options -- img_backbone.layer3.19.conv3.weight:lr=2e-05
2026/06/17 02:15:13 - mmengine - INFO - paramwise_options -- img_backbone.layer3.19.conv3.weight:weight_decay=0.01
2026/06/17 02:15:13 - mmengine - INFO - paramwise_options -- img_backbone.layer3.19.conv3.weight:lr_mult=0.1
2026/06/17 02:15:13 - mmengine - WARNING - img_backbone.layer3.19.bn3.weight is skipped since its requires_grad=False
2026/06/17 02:15:13 - mmengine - WARNING - img_backbone.layer3.19.bn3.bias is skipped since its requires_grad=False
2026/06/17 02:15:13 - mmengine - INFO - paramwise_options -- img_backbone.layer3.20.conv1.weight:lr=2e-05
2026/06/17 02:15:13 - mmengine - INFO - paramwise_options -- img_backbone.layer3.20.conv1.weight:weight_decay=0.01
2026/06/17 02:15:13 - mmengine - INFO - paramwise_options -- img_backbone.layer3.20.conv1.weight:lr_mult=0.1
2026/06/17 02:15:13 - mmengine - WARNING - img_backbone.layer3.20.bn1.weight is skipped since its requires_grad=False
2026/06/17 02:15:13 - mmengine - WARNING - img_backbone.layer3.20.bn1.bias is skipped since its requires_grad=False
2026/06/17 02:15:13 - mmengine - INFO - paramwise_options -- img_backbone.layer3.20.conv2.weight:lr=2e-05
2026/06/17 02:15:13 - mmengine - INFO - paramwise_options -- img_backbone.layer3.20.conv2.weight:weight_decay=0.01
2026/06/17 02:15:13 - mmengine - INFO - paramwise_options -- img_backbone.layer3.20.conv2.weight:lr_mult=0.1
2026/06/17 02:15:13 - mmengine - INFO - paramwise_options -- img_backbone.layer3.20.conv2.conv_offset.weight:lr=2e-05
2026/06/17 02:15:13 - mmengine - INFO - paramwise_options -- img_backbone.layer3.20.conv2.conv_offset.weight:weight_decay=0.01
2026/06/17 02:15:13 - mmengine - INFO - paramwise_options -- img_backbone.layer3.20.conv2.conv_offset.weight:lr_mult=0.1
2026/06/17 02:15:13 - mmengine - INFO - paramwise_options -- img_backbone.layer3.20.conv2.conv_offset.bias:lr=2e-05
2026/06/17 02:15:13 - mmengine - INFO - paramwise_options -- img_backbone.layer3.20.conv2.conv_offset.bias:weight_decay=0.01
2026/06/17 02:15:13 - mmengine - INFO - paramwise_options -- img_backbone.layer3.20.conv2.conv_offset.bias:lr_mult=0.1
2026/06/17 02:15:13 - mmengine - WARNING - img_backbone.layer3.20.bn2.weight is skipped since its requires_grad=False
2026/06/17 02:15:13 - mmengine - WARNING - img_backbone.layer3.20.bn2.bias is skipped since its requires_grad=False
2026/06/17 02:15:13 - mmengine - INFO - paramwise_options -- img_backbone.layer3.20.conv3.weight:lr=2e-05
2026/06/17 02:15:13 - mmengine - INFO - paramwise_options -- img_backbone.layer3.20.conv3.weight:weight_decay=0.01
2026/06/17 02:15:13 - mmengine - INFO - paramwise_options -- img_backbone.layer3.20.conv3.weight:lr_mult=0.1
2026/06/17 02:15:13 - mmengine - WARNING - img_backbone.layer3.20.bn3.weight is skipped since its requires_grad=False
2026/06/17 02:15:13 - mmengine - WARNING - img_backbone.layer3.20.bn3.bias is skipped since its requires_grad=False
2026/06/17 02:15:13 - mmengine - INFO - paramwise_options -- img_backbone.layer3.21.conv1.weight:lr=2e-05
2026/06/17 02:15:13 - mmengine - INFO - paramwise_options -- img_backbone.layer3.21.conv1.weight:weight_decay=0.01
2026/06/17 02:15:13 - mmengine - INFO - paramwise_options -- img_backbone.layer3.21.conv1.weight:lr_mult=0.1
2026/06/17 02:15:13 - mmengine - WARNING - img_backbone.layer3.21.bn1.weight is skipped since its requires_grad=False
2026/06/17 02:15:13 - mmengine - WARNING - img_backbone.layer3.21.bn1.bias is skipped since its requires_grad=False
2026/06/17 02:15:13 - mmengine - INFO - paramwise_options -- img_backbone.layer3.21.conv2.weight:lr=2e-05
2026/06/17 02:15:13 - mmengine - INFO - paramwise_options -- img_backbone.layer3.21.conv2.weight:weight_decay=0.01
2026/06/17 02:15:13 - mmengine - INFO - paramwise_options -- img_backbone.layer3.21.conv2.weight:lr_mult=0.1
2026/06/17 02:15:13 - mmengine - INFO - paramwise_options -- img_backbone.layer3.21.conv2.conv_offset.weight:lr=2e-05
2026/06/17 02:15:13 - mmengine - INFO - paramwise_options -- img_backbone.layer3.21.conv2.conv_offset.weight:weight_decay=0.01
2026/06/17 02:15:13 - mmengine - INFO - paramwise_options -- img_backbone.layer3.21.conv2.conv_offset.weight:lr_mult=0.1
2026/06/17 02:15:13 - mmengine - INFO - paramwise_options -- img_backbone.layer3.21.conv2.conv_offset.bias:lr=2e-05
2026/06/17 02:15:13 - mmengine - INFO - paramwise_options -- img_backbone.layer3.21.conv2.conv_offset.bias:weight_decay=0.01
2026/06/17 02:15:13 - mmengine - INFO - paramwise_options -- img_backbone.layer3.21.conv2.conv_offset.bias:lr_mult=0.1
2026/06/17 02:15:13 - mmengine - WARNING - img_backbone.layer3.21.bn2.weight is skipped since its requires_grad=False
2026/06/17 02:15:13 - mmengine - WARNING - img_backbone.layer3.21.bn2.bias is skipped since its requires_grad=False
2026/06/17 02:15:13 - mmengine - INFO - paramwise_options -- img_backbone.layer3.21.conv3.weight:lr=2e-05
2026/06/17 02:15:13 - mmengine - INFO - paramwise_options -- img_backbone.layer3.21.conv3.weight:weight_decay=0.01
2026/06/17 02:15:13 - mmengine - INFO - paramwise_options -- img_backbone.layer3.21.conv3.weight:lr_mult=0.1
2026/06/17 02:15:13 - mmengine - WARNING - img_backbone.layer3.21.bn3.weight is skipped since its requires_grad=False
2026/06/17 02:15:13 - mmengine - WARNING - img_backbone.layer3.21.bn3.bias is skipped since its requires_grad=False
2026/06/17 02:15:13 - mmengine - INFO - paramwise_options -- img_backbone.layer3.22.conv1.weight:lr=2e-05
2026/06/17 02:15:13 - mmengine - INFO - paramwise_options -- img_backbone.layer3.22.conv1.weight:weight_decay=0.01
2026/06/17 02:15:13 - mmengine - INFO - paramwise_options -- img_backbone.layer3.22.conv1.weight:lr_mult=0.1
2026/06/17 02:15:13 - mmengine - WARNING - img_backbone.layer3.22.bn1.weight is skipped since its requires_grad=False
2026/06/17 02:15:13 - mmengine - WARNING - img_backbone.layer3.22.bn1.bias is skipped since its requires_grad=False
2026/06/17 02:15:13 - mmengine - INFO - paramwise_options -- img_backbone.layer3.22.conv2.weight:lr=2e-05
2026/06/17 02:15:13 - mmengine - INFO - paramwise_options -- img_backbone.layer3.22.conv2.weight:weight_decay=0.01
2026/06/17 02:15:13 - mmengine - INFO - paramwise_options -- img_backbone.layer3.22.conv2.weight:lr_mult=0.1
2026/06/17 02:15:13 - mmengine - INFO - paramwise_options -- img_backbone.layer3.22.conv2.conv_offset.weight:lr=2e-05
2026/06/17 02:15:13 - mmengine - INFO - paramwise_options -- img_backbone.layer3.22.conv2.conv_offset.weight:weight_decay=0.01
2026/06/17 02:15:13 - mmengine - INFO - paramwise_options -- img_backbone.layer3.22.conv2.conv_offset.weight:lr_mult=0.1
2026/06/17 02:15:13 - mmengine - INFO - paramwise_options -- img_backbone.layer3.22.conv2.conv_offset.bias:lr=2e-05
2026/06/17 02:15:13 - mmengine - INFO - paramwise_options -- img_backbone.layer3.22.conv2.conv_offset.bias:weight_decay=0.01
2026/06/17 02:15:13 - mmengine - INFO - paramwise_options -- img_backbone.layer3.22.conv2.conv_offset.bias:lr_mult=0.1
2026/06/17 02:15:13 - mmengine - WARNING - img_backbone.layer3.22.bn2.weight is skipped since its requires_grad=False
2026/06/17 02:15:13 - mmengine - WARNING - img_backbone.layer3.22.bn2.bias is skipped since its requires_grad=False
2026/06/17 02:15:13 - mmengine - INFO - paramwise_options -- img_backbone.layer3.22.conv3.weight:lr=2e-05
2026/06/17 02:15:13 - mmengine - INFO - paramwise_options -- img_backbone.layer3.22.conv3.weight:weight_decay=0.01
2026/06/17 02:15:13 - mmengine - INFO - paramwise_options -- img_backbone.layer3.22.conv3.weight:lr_mult=0.1
2026/06/17 02:15:13 - mmengine - WARNING - img_backbone.layer3.22.bn3.weight is skipped since its requires_grad=False
2026/06/17 02:15:13 - mmengine - WARNING - img_backbone.layer3.22.bn3.bias is skipped since its requires_grad=False
2026/06/17 02:15:13 - mmengine - INFO - paramwise_options -- img_backbone.layer4.0.conv1.weight:lr=2e-05
2026/06/17 02:15:13 - mmengine - INFO - paramwise_options -- img_backbone.layer4.0.conv1.weight:weight_decay=0.01
2026/06/17 02:15:13 - mmengine - INFO - paramwise_options -- img_backbone.layer4.0.conv1.weight:lr_mult=0.1
2026/06/17 02:15:13 - mmengine - WARNING - img_backbone.layer4.0.bn1.weight is skipped since its requires_grad=False
2026/06/17 02:15:13 - mmengine - WARNING - img_backbone.layer4.0.bn1.bias is skipped since its requires_grad=False
2026/06/17 02:15:13 - mmengine - INFO - paramwise_options -- img_backbone.layer4.0.conv2.weight:lr=2e-05
2026/06/17 02:15:13 - mmengine - INFO - paramwise_options -- img_backbone.layer4.0.conv2.weight:weight_decay=0.01
2026/06/17 02:15:13 - mmengine - INFO - paramwise_options -- img_backbone.layer4.0.conv2.weight:lr_mult=0.1
2026/06/17 02:15:13 - mmengine - INFO - paramwise_options -- img_backbone.layer4.0.conv2.conv_offset.weight:lr=2e-05
2026/06/17 02:15:13 - mmengine - INFO - paramwise_options -- img_backbone.layer4.0.conv2.conv_offset.weight:weight_decay=0.01
2026/06/17 02:15:13 - mmengine - INFO - paramwise_options -- img_backbone.layer4.0.conv2.conv_offset.weight:lr_mult=0.1
2026/06/17 02:15:13 - mmengine - INFO - paramwise_options -- img_backbone.layer4.0.conv2.conv_offset.bias:lr=2e-05
2026/06/17 02:15:13 - mmengine - INFO - paramwise_options -- img_backbone.layer4.0.conv2.conv_offset.bias:weight_decay=0.01
2026/06/17 02:15:13 - mmengine - INFO - paramwise_options -- img_backbone.layer4.0.conv2.conv_offset.bias:lr_mult=0.1
2026/06/17 02:15:13 - mmengine - WARNING - img_backbone.layer4.0.bn2.weight is skipped since its requires_grad=False
2026/06/17 02:15:13 - mmengine - WARNING - img_backbone.layer4.0.bn2.bias is skipped since its requires_grad=False
2026/06/17 02:15:13 - mmengine - INFO - paramwise_options -- img_backbone.layer4.0.conv3.weight:lr=2e-05
2026/06/17 02:15:13 - mmengine - INFO - paramwise_options -- img_backbone.layer4.0.conv3.weight:weight_decay=0.01
2026/06/17 02:15:13 - mmengine - INFO - paramwise_options -- img_backbone.layer4.0.conv3.weight:lr_mult=0.1
2026/06/17 02:15:13 - mmengine - WARNING - img_backbone.layer4.0.bn3.weight is skipped since its requires_grad=False
2026/06/17 02:15:13 - mmengine - WARNING - img_backbone.layer4.0.bn3.bias is skipped since its requires_grad=False
2026/06/17 02:15:13 - mmengine - INFO - paramwise_options -- img_backbone.layer4.0.downsample.0.weight:lr=2e-05
2026/06/17 02:15:13 - mmengine - INFO - paramwise_options -- img_backbone.layer4.0.downsample.0.weight:weight_decay=0.01
2026/06/17 02:15:13 - mmengine - INFO - paramwise_options -- img_backbone.layer4.0.downsample.0.weight:lr_mult=0.1
2026/06/17 02:15:13 - mmengine - WARNING - img_backbone.layer4.0.downsample.1.weight is skipped since its requires_grad=False
2026/06/17 02:15:13 - mmengine - WARNING - img_backbone.layer4.0.downsample.1.bias is skipped since its requires_grad=False
2026/06/17 02:15:13 - mmengine - INFO - paramwise_options -- img_backbone.layer4.1.conv1.weight:lr=2e-05
2026/06/17 02:15:13 - mmengine - INFO - paramwise_options -- img_backbone.layer4.1.conv1.weight:weight_decay=0.01
2026/06/17 02:15:13 - mmengine - INFO - paramwise_options -- img_backbone.layer4.1.conv1.weight:lr_mult=0.1
2026/06/17 02:15:13 - mmengine - WARNING - img_backbone.layer4.1.bn1.weight is skipped since its requires_grad=False
2026/06/17 02:15:13 - mmengine - WARNING - img_backbone.layer4.1.bn1.bias is skipped since its requires_grad=False
2026/06/17 02:15:13 - mmengine - INFO - paramwise_options -- img_backbone.layer4.1.conv2.weight:lr=2e-05
2026/06/17 02:15:13 - mmengine - INFO - paramwise_options -- img_backbone.layer4.1.conv2.weight:weight_decay=0.01
2026/06/17 02:15:13 - mmengine - INFO - paramwise_options -- img_backbone.layer4.1.conv2.weight:lr_mult=0.1
2026/06/17 02:15:13 - mmengine - INFO - paramwise_options -- img_backbone.layer4.1.conv2.conv_offset.weight:lr=2e-05
2026/06/17 02:15:13 - mmengine - INFO - paramwise_options -- img_backbone.layer4.1.conv2.conv_offset.weight:weight_decay=0.01
2026/06/17 02:15:13 - mmengine - INFO - paramwise_options -- img_backbone.layer4.1.conv2.conv_offset.weight:lr_mult=0.1
2026/06/17 02:15:13 - mmengine - INFO - paramwise_options -- img_backbone.layer4.1.conv2.conv_offset.bias:lr=2e-05
2026/06/17 02:15:13 - mmengine - INFO - paramwise_options -- img_backbone.layer4.1.conv2.conv_offset.bias:weight_decay=0.01
2026/06/17 02:15:13 - mmengine - INFO - paramwise_options -- img_backbone.layer4.1.conv2.conv_offset.bias:lr_mult=0.1
2026/06/17 02:15:13 - mmengine - WARNING - img_backbone.layer4.1.bn2.weight is skipped since its requires_grad=False
2026/06/17 02:15:13 - mmengine - WARNING - img_backbone.layer4.1.bn2.bias is skipped since its requires_grad=False
2026/06/17 02:15:13 - mmengine - INFO - paramwise_options -- img_backbone.layer4.1.conv3.weight:lr=2e-05
2026/06/17 02:15:13 - mmengine - INFO - paramwise_options -- img_backbone.layer4.1.conv3.weight:weight_decay=0.01
2026/06/17 02:15:13 - mmengine - INFO - paramwise_options -- img_backbone.layer4.1.conv3.weight:lr_mult=0.1
2026/06/17 02:15:13 - mmengine - WARNING - img_backbone.layer4.1.bn3.weight is skipped since its requires_grad=False
2026/06/17 02:15:13 - mmengine - WARNING - img_backbone.layer4.1.bn3.bias is skipped since its requires_grad=False
2026/06/17 02:15:13 - mmengine - INFO - paramwise_options -- img_backbone.layer4.2.conv1.weight:lr=2e-05
2026/06/17 02:15:13 - mmengine - INFO - paramwise_options -- img_backbone.layer4.2.conv1.weight:weight_decay=0.01
2026/06/17 02:15:13 - mmengine - INFO - paramwise_options -- img_backbone.layer4.2.conv1.weight:lr_mult=0.1
2026/06/17 02:15:13 - mmengine - WARNING - img_backbone.layer4.2.bn1.weight is skipped since its requires_grad=False
2026/06/17 02:15:13 - mmengine - WARNING - img_backbone.layer4.2.bn1.bias is skipped since its requires_grad=False
2026/06/17 02:15:13 - mmengine - INFO - paramwise_options -- img_backbone.layer4.2.conv2.weight:lr=2e-05
2026/06/17 02:15:13 - mmengine - INFO - paramwise_options -- img_backbone.layer4.2.conv2.weight:weight_decay=0.01
2026/06/17 02:15:13 - mmengine - INFO - paramwise_options -- img_backbone.layer4.2.conv2.weight:lr_mult=0.1
2026/06/17 02:15:13 - mmengine - INFO - paramwise_options -- img_backbone.layer4.2.conv2.conv_offset.weight:lr=2e-05
2026/06/17 02:15:13 - mmengine - INFO - paramwise_options -- img_backbone.layer4.2.conv2.conv_offset.weight:weight_decay=0.01
2026/06/17 02:15:13 - mmengine - INFO - paramwise_options -- img_backbone.layer4.2.conv2.conv_offset.weight:lr_mult=0.1
2026/06/17 02:15:13 - mmengine - INFO - paramwise_options -- img_backbone.layer4.2.conv2.conv_offset.bias:lr=2e-05
2026/06/17 02:15:13 - mmengine - INFO - paramwise_options -- img_backbone.layer4.2.conv2.conv_offset.bias:weight_decay=0.01
2026/06/17 02:15:13 - mmengine - INFO - paramwise_options -- img_backbone.layer4.2.conv2.conv_offset.bias:lr_mult=0.1
2026/06/17 02:15:13 - mmengine - WARNING - img_backbone.layer4.2.bn2.weight is skipped since its requires_grad=False
2026/06/17 02:15:13 - mmengine - WARNING - img_backbone.layer4.2.bn2.bias is skipped since its requires_grad=False
2026/06/17 02:15:13 - mmengine - INFO - paramwise_options -- img_backbone.layer4.2.conv3.weight:lr=2e-05
2026/06/17 02:15:13 - mmengine - INFO - paramwise_options -- img_backbone.layer4.2.conv3.weight:weight_decay=0.01
2026/06/17 02:15:13 - mmengine - INFO - paramwise_options -- img_backbone.layer4.2.conv3.weight:lr_mult=0.1
2026/06/17 02:15:13 - mmengine - WARNING - img_backbone.layer4.2.bn3.weight is skipped since its requires_grad=False
2026/06/17 02:15:13 - mmengine - WARNING - img_backbone.layer4.2.bn3.bias is skipped since its requires_grad=False
2026/06/17 02:15:13 - mmengine - WARNING - map_decoder.pts_bbox_head.code_weights is skipped since its requires_grad=False
2026/06/17 02:15:13 - mmengine - WARNING - map_decoder.pts_bbox_head.map_adapter_layers.0.0.weight is skipped since its requires_grad=False
2026/06/17 02:15:13 - mmengine - WARNING - map_decoder.pts_bbox_head.map_adapter_layers.0.0.bias is skipped since its requires_grad=False
2026/06/17 02:15:13 - mmengine - WARNING - map_decoder.pts_bbox_head.map_adapter_layers.0.1.weight is skipped since its requires_grad=False
2026/06/17 02:15:13 - mmengine - WARNING - map_decoder.pts_bbox_head.map_adapter_layers.0.1.bias is skipped since its requires_grad=False
2026/06/17 02:15:13 - mmengine - WARNING - map_decoder.pts_bbox_head.map_adapter_layers.1.weight is skipped since its requires_grad=False
2026/06/17 02:15:13 - mmengine - WARNING - map_decoder.pts_bbox_head.map_adapter_layers.1.bias is skipped since its requires_grad=False
2026/06/17 02:15:13 - mmengine - WARNING - map_decoder.pts_bbox_head.cls_branches.0.weight is skipped since its requires_grad=False
2026/06/17 02:15:13 - mmengine - WARNING - map_decoder.pts_bbox_head.cls_branches.0.bias is skipped since its requires_grad=False
2026/06/17 02:15:13 - mmengine - WARNING - map_decoder.pts_bbox_head.cls_branches.1.weight is skipped since its requires_grad=False
2026/06/17 02:15:13 - mmengine - WARNING - map_decoder.pts_bbox_head.cls_branches.1.bias is skipped since its requires_grad=False
2026/06/17 02:15:13 - mmengine - WARNING - map_decoder.pts_bbox_head.cls_branches.3.weight is skipped since its requires_grad=False
2026/06/17 02:15:13 - mmengine - WARNING - map_decoder.pts_bbox_head.cls_branches.3.bias is skipped since its requires_grad=False
2026/06/17 02:15:13 - mmengine - WARNING - map_decoder.pts_bbox_head.cls_branches.4.weight is skipped since its requires_grad=False
2026/06/17 02:15:13 - mmengine - WARNING - map_decoder.pts_bbox_head.cls_branches.4.bias is skipped since its requires_grad=False
2026/06/17 02:15:13 - mmengine - WARNING - map_decoder.pts_bbox_head.cls_branches.6.weight is skipped since its requires_grad=False
2026/06/17 02:15:13 - mmengine - WARNING - map_decoder.pts_bbox_head.cls_branches.6.bias is skipped since its requires_grad=False
2026/06/17 02:15:13 - mmengine - WARNING - map_decoder.pts_bbox_head.reg_branches.0.weight is skipped since its requires_grad=False
2026/06/17 02:15:13 - mmengine - WARNING - map_decoder.pts_bbox_head.reg_branches.0.bias is skipped since its requires_grad=False
2026/06/17 02:15:13 - mmengine - WARNING - map_decoder.pts_bbox_head.reg_branches.2.weight is skipped since its requires_grad=False
2026/06/17 02:15:13 - mmengine - WARNING - map_decoder.pts_bbox_head.reg_branches.2.bias is skipped since its requires_grad=False
2026/06/17 02:15:13 - mmengine - WARNING - map_decoder.pts_bbox_head.reg_branches.4.weight is skipped since its requires_grad=False
2026/06/17 02:15:13 - mmengine - WARNING - map_decoder.pts_bbox_head.reg_branches.4.bias is skipped since its requires_grad=False
2026/06/17 02:15:13 - mmengine - WARNING - map_decoder.pts_bbox_head.reg_branches.6.weight is skipped since its requires_grad=False
2026/06/17 02:15:13 - mmengine - WARNING - map_decoder.pts_bbox_head.reg_branches.6.bias is skipped since its requires_grad=False
2026/06/17 02:15:13 - mmengine - WARNING - planner_head.ego_query.weight is skipped since its requires_grad=False
2026/06/17 02:15:13 - mmengine - WARNING - planner_head.ego_agent_decoder.layers.0.attentions.0.attn.in_proj_weight is skipped since its requires_grad=False
2026/06/17 02:15:13 - mmengine - WARNING - planner_head.ego_agent_decoder.layers.0.attentions.0.attn.in_proj_bias is skipped since its requires_grad=False
2026/06/17 02:15:13 - mmengine - WARNING - planner_head.ego_agent_decoder.layers.0.attentions.0.attn.out_proj.weight is skipped since its requires_grad=False
2026/06/17 02:15:13 - mmengine - WARNING - planner_head.ego_agent_decoder.layers.0.attentions.0.attn.out_proj.bias is skipped since its requires_grad=False
2026/06/17 02:15:13 - mmengine - WARNING - planner_head.ego_agent_decoder.layers.0.ffns.0.layers.0.0.weight is skipped since its requires_grad=False
2026/06/17 02:15:13 - mmengine - WARNING - planner_head.ego_agent_decoder.layers.0.ffns.0.layers.0.0.bias is skipped since its requires_grad=False
2026/06/17 02:15:13 - mmengine - WARNING - planner_head.ego_agent_decoder.layers.0.ffns.0.layers.1.weight is skipped since its requires_grad=False
2026/06/17 02:15:13 - mmengine - WARNING - planner_head.ego_agent_decoder.layers.0.ffns.0.layers.1.bias is skipped since its requires_grad=False
2026/06/17 02:15:13 - mmengine - WARNING - planner_head.ego_agent_decoder.layers.0.norms.0.weight is skipped since its requires_grad=False
2026/06/17 02:15:13 - mmengine - WARNING - planner_head.ego_agent_decoder.layers.0.norms.0.bias is skipped since its requires_grad=False
2026/06/17 02:15:13 - mmengine - WARNING - planner_head.ego_agent_decoder.layers.0.norms.1.weight is skipped since its requires_grad=False
2026/06/17 02:15:13 - mmengine - WARNING - planner_head.ego_agent_decoder.layers.0.norms.1.bias is skipped since its requires_grad=False
2026/06/17 02:15:13 - mmengine - WARNING - planner_head.ego_map_decoder.layers.0.attentions.0.attn.in_proj_weight is skipped since its requires_grad=False
2026/06/17 02:15:13 - mmengine - WARNING - planner_head.ego_map_decoder.layers.0.attentions.0.attn.in_proj_bias is skipped since its requires_grad=False
2026/06/17 02:15:13 - mmengine - WARNING - planner_head.ego_map_decoder.layers.0.attentions.0.attn.out_proj.weight is skipped since its requires_grad=False
2026/06/17 02:15:13 - mmengine - WARNING - planner_head.ego_map_decoder.layers.0.attentions.0.attn.out_proj.bias is skipped since its requires_grad=False
2026/06/17 02:15:13 - mmengine - WARNING - planner_head.ego_map_decoder.layers.0.ffns.0.layers.0.0.weight is skipped since its requires_grad=False
2026/06/17 02:15:13 - mmengine - WARNING - planner_head.ego_map_decoder.layers.0.ffns.0.layers.0.0.bias is skipped since its requires_grad=False
2026/06/17 02:15:13 - mmengine - WARNING - planner_head.ego_map_decoder.layers.0.ffns.0.layers.1.weight is skipped since its requires_grad=False
2026/06/17 02:15:13 - mmengine - WARNING - planner_head.ego_map_decoder.layers.0.ffns.0.layers.1.bias is skipped since its requires_grad=False
2026/06/17 02:15:13 - mmengine - WARNING - planner_head.ego_map_decoder.layers.0.norms.0.weight is skipped since its requires_grad=False
2026/06/17 02:15:13 - mmengine - WARNING - planner_head.ego_map_decoder.layers.0.norms.0.bias is skipped since its requires_grad=False
2026/06/17 02:15:13 - mmengine - WARNING - planner_head.ego_map_decoder.layers.0.norms.1.weight is skipped since its requires_grad=False
2026/06/17 02:15:13 - mmengine - WARNING - planner_head.ego_map_decoder.layers.0.norms.1.bias is skipped since its requires_grad=False
2026/06/17 02:15:13 - mmengine - WARNING - planner_head.ego_gaussian_decoder.layers.0.attentions.0.attn.in_proj_weight is skipped since its requires_grad=False
2026/06/17 02:15:13 - mmengine - WARNING - planner_head.ego_gaussian_decoder.layers.0.attentions.0.attn.in_proj_bias is skipped since its requires_grad=False
2026/06/17 02:15:13 - mmengine - WARNING - planner_head.ego_gaussian_decoder.layers.0.attentions.0.attn.out_proj.weight is skipped since its requires_grad=False
2026/06/17 02:15:13 - mmengine - WARNING - planner_head.ego_gaussian_decoder.layers.0.attentions.0.attn.out_proj.bias is skipped since its requires_grad=False
2026/06/17 02:15:13 - mmengine - WARNING - planner_head.ego_gaussian_decoder.layers.0.ffns.0.layers.0.0.weight is skipped since its requires_grad=False
2026/06/17 02:15:13 - mmengine - WARNING - planner_head.ego_gaussian_decoder.layers.0.ffns.0.layers.0.0.bias is skipped since its requires_grad=False
2026/06/17 02:15:13 - mmengine - WARNING - planner_head.ego_gaussian_decoder.layers.0.ffns.0.layers.1.weight is skipped since its requires_grad=False
2026/06/17 02:15:13 - mmengine - WARNING - planner_head.ego_gaussian_decoder.layers.0.ffns.0.layers.1.bias is skipped since its requires_grad=False
2026/06/17 02:15:13 - mmengine - WARNING - planner_head.ego_gaussian_decoder.layers.0.norms.0.weight is skipped since its requires_grad=False
2026/06/17 02:15:13 - mmengine - WARNING - planner_head.ego_gaussian_decoder.layers.0.norms.0.bias is skipped since its requires_grad=False
2026/06/17 02:15:13 - mmengine - WARNING - planner_head.ego_gaussian_decoder.layers.0.norms.1.weight is skipped since its requires_grad=False
2026/06/17 02:15:13 - mmengine - WARNING - planner_head.ego_gaussian_decoder.layers.0.norms.1.bias is skipped since its requires_grad=False
2026/06/17 02:15:13 - mmengine - WARNING - planner_head.ego_fut_decoder.0.weight is skipped since its requires_grad=False
2026/06/17 02:15:13 - mmengine - WARNING - planner_head.ego_fut_decoder.0.bias is skipped since its requires_grad=False
2026/06/17 02:15:13 - mmengine - WARNING - planner_head.ego_fut_decoder.2.weight is skipped since its requires_grad=False
2026/06/17 02:15:13 - mmengine - WARNING - planner_head.ego_fut_decoder.2.bias is skipped since its requires_grad=False
2026/06/17 02:15:13 - mmengine - WARNING - planner_head.ego_fut_decoder.4.weight is skipped since its requires_grad=False
2026/06/17 02:15:13 - mmengine - WARNING - planner_head.ego_fut_decoder.4.bias is skipped since its requires_grad=False
2026/06/17 02:15:13 - mmengine - WARNING - planner_head.agent_fus_mlp.0.weight is skipped since its requires_grad=False
2026/06/17 02:15:13 - mmengine - WARNING - planner_head.agent_fus_mlp.0.bias is skipped since its requires_grad=False
2026/06/17 02:15:13 - mmengine - WARNING - planner_head.agent_fus_mlp.1.weight is skipped since its requires_grad=False
2026/06/17 02:15:13 - mmengine - WARNING - planner_head.agent_fus_mlp.1.bias is skipped since its requires_grad=False
2026/06/17 02:15:13 - mmengine - WARNING - planner_head.agent_fus_mlp.3.weight is skipped since its requires_grad=False
2026/06/17 02:15:13 - mmengine - WARNING - planner_head.agent_fus_mlp.3.bias is skipped since its requires_grad=False
2026/06/17 02:15:13 - mmengine - WARNING - planner_head.map_fus_mlp.0.weight is skipped since its requires_grad=False
2026/06/17 02:15:13 - mmengine - WARNING - planner_head.map_fus_mlp.0.bias is skipped since its requires_grad=False
2026/06/17 02:15:13 - mmengine - WARNING - planner_head.map_fus_mlp.1.weight is skipped since its requires_grad=False
2026/06/17 02:15:13 - mmengine - WARNING - planner_head.map_fus_mlp.1.bias is skipped since its requires_grad=False
2026/06/17 02:15:13 - mmengine - WARNING - planner_head.map_fus_mlp.3.weight is skipped since its requires_grad=False
2026/06/17 02:15:13 - mmengine - WARNING - planner_head.map_fus_mlp.3.bias is skipped since its requires_grad=False
2026/06/17 02:15:13 - mmengine - WARNING - planner_head.gaussian_fus_mlp.0.weight is skipped since its requires_grad=False
2026/06/17 02:15:13 - mmengine - WARNING - planner_head.gaussian_fus_mlp.0.bias is skipped since its requires_grad=False
2026/06/17 02:15:13 - mmengine - WARNING - planner_head.gaussian_fus_mlp.1.weight is skipped since its requires_grad=False
2026/06/17 02:15:13 - mmengine - WARNING - planner_head.gaussian_fus_mlp.1.bias is skipped since its requires_grad=False
2026/06/17 02:15:13 - mmengine - WARNING - planner_head.gaussian_fus_mlp.3.weight is skipped since its requires_grad=False
2026/06/17 02:15:13 - mmengine - WARNING - planner_head.gaussian_fus_mlp.3.bias is skipped since its requires_grad=False
2026/06/17 02:15:13 - mmengine - INFO - resume from: out/nuscenes_gs25600_base/latest.pth
2026/06/17 02:15:13 - mmengine - INFO - work dir: out/nuscenes_gs25600_base
2026/06/17 02:16:17 - mmengine - INFO - ModulatedDeformConvPack img_backbone.layer3.0.conv2 is upgraded to version 2.
2026/06/17 02:16:17 - mmengine - INFO - ModulatedDeformConvPack img_backbone.layer3.1.conv2 is upgraded to version 2.
2026/06/17 02:16:17 - mmengine - INFO - ModulatedDeformConvPack img_backbone.layer3.2.conv2 is upgraded to version 2.
2026/06/17 02:16:17 - mmengine - INFO - ModulatedDeformConvPack img_backbone.layer3.3.conv2 is upgraded to version 2.
2026/06/17 02:16:17 - mmengine - INFO - ModulatedDeformConvPack img_backbone.layer3.4.conv2 is upgraded to version 2.
2026/06/17 02:16:17 - mmengine - INFO - ModulatedDeformConvPack img_backbone.layer3.5.conv2 is upgraded to version 2.
2026/06/17 02:16:17 - mmengine - INFO - ModulatedDeformConvPack img_backbone.layer3.6.conv2 is upgraded to version 2.
2026/06/17 02:16:17 - mmengine - INFO - ModulatedDeformConvPack img_backbone.layer3.7.conv2 is upgraded to version 2.
2026/06/17 02:16:17 - mmengine - INFO - ModulatedDeformConvPack img_backbone.layer3.8.conv2 is upgraded to version 2.
2026/06/17 02:16:17 - mmengine - INFO - ModulatedDeformConvPack img_backbone.layer3.9.conv2 is upgraded to version 2.
2026/06/17 02:16:17 - mmengine - INFO - ModulatedDeformConvPack img_backbone.layer3.10.conv2 is upgraded to version 2.
2026/06/17 02:16:17 - mmengine - INFO - ModulatedDeformConvPack img_backbone.layer3.11.conv2 is upgraded to version 2.
2026/06/17 02:16:17 - mmengine - INFO - ModulatedDeformConvPack img_backbone.layer3.12.conv2 is upgraded to version 2.
2026/06/17 02:16:17 - mmengine - INFO - ModulatedDeformConvPack img_backbone.layer3.13.conv2 is upgraded to version 2.
2026/06/17 02:16:17 - mmengine - INFO - ModulatedDeformConvPack img_backbone.layer3.14.conv2 is upgraded to version 2.
2026/06/17 02:16:17 - mmengine - INFO - ModulatedDeformConvPack img_backbone.layer3.15.conv2 is upgraded to version 2.
2026/06/17 02:16:17 - mmengine - INFO - ModulatedDeformConvPack img_backbone.layer3.16.conv2 is upgraded to version 2.
2026/06/17 02:16:17 - mmengine - INFO - ModulatedDeformConvPack img_backbone.layer3.17.conv2 is upgraded to version 2.
2026/06/17 02:16:17 - mmengine - INFO - ModulatedDeformConvPack img_backbone.layer3.18.conv2 is upgraded to version 2.
2026/06/17 02:16:17 - mmengine - INFO - ModulatedDeformConvPack img_backbone.layer3.19.conv2 is upgraded to version 2.
2026/06/17 02:16:17 - mmengine - INFO - ModulatedDeformConvPack img_backbone.layer3.20.conv2 is upgraded to version 2.
2026/06/17 02:16:17 - mmengine - INFO - ModulatedDeformConvPack img_backbone.layer3.21.conv2 is upgraded to version 2.
2026/06/17 02:16:17 - mmengine - INFO - ModulatedDeformConvPack img_backbone.layer3.22.conv2 is upgraded to version 2.
2026/06/17 02:16:17 - mmengine - INFO - ModulatedDeformConvPack img_backbone.layer4.0.conv2 is upgraded to version 2.
2026/06/17 02:16:17 - mmengine - INFO - ModulatedDeformConvPack img_backbone.layer4.1.conv2 is upgraded to version 2.
2026/06/17 02:16:17 - mmengine - INFO - ModulatedDeformConvPack img_backbone.layer4.2.conv2 is upgraded to version 2.
2026/06/17 02:16:47 - mmengine - INFO - [TRAIN] Epoch 9 Iter     0/750: Loss: 8.258 (8.258), grad_norm: 21.175, lr: 0.0000200, time: 19.363 (4.101)
2026/06/17 02:16:47 - mmengine - INFO - OccupancyLoss: 5.06155, OccupancyFlowLoss: 0.00000, DetectionLoss: 3.19655
2026/06/17 02:20:52 - mmengine - INFO - [TRAIN] Epoch 9 Iter    50/750: Loss: 32.842 (28.197), grad_norm: 28.041, lr: 0.0000200, time: 4.959 (0.008)
2026/06/17 02:20:52 - mmengine - INFO - OccupancyLoss: 7.99909, OccupancyFlowLoss: 17.13726, DetectionLoss: 7.70541
2026/06/17 02:24:58 - mmengine - INFO - [TRAIN] Epoch 9 Iter   100/750: Loss: 25.502 (27.360), grad_norm: 24.686, lr: 0.0000200, time: 4.932 (0.008)
2026/06/17 02:24:58 - mmengine - INFO - OccupancyLoss: 4.70048, OccupancyFlowLoss: 17.25331, DetectionLoss: 3.54859
2026/06/17 02:29:02 - mmengine - INFO - [TRAIN] Epoch 9 Iter   150/750: Loss: 32.219 (26.417), grad_norm: 28.552, lr: 0.0000200, time: 4.917 (0.008)
2026/06/17 02:29:02 - mmengine - INFO - OccupancyLoss: 6.45840, OccupancyFlowLoss: 17.69078, DetectionLoss: 8.06999
2026/06/17 02:33:07 - mmengine - INFO - [TRAIN] Epoch 9 Iter   200/750: Loss: 26.694 (27.466), grad_norm: 27.251, lr: 0.0000200, time: 4.824 (0.008)
2026/06/17 02:33:07 - mmengine - INFO - OccupancyLoss: 5.47548, OccupancyFlowLoss: 17.37598, DetectionLoss: 3.84209
2026/06/17 02:37:11 - mmengine - INFO - [TRAIN] Epoch 9 Iter   250/750: Loss: 9.093 (26.816), grad_norm: 60.858, lr: 0.0000200, time: 4.763 (0.008)
2026/06/17 02:37:11 - mmengine - INFO - OccupancyLoss: 5.49128, OccupancyFlowLoss: 0.00000, DetectionLoss: 3.60207
2026/06/17 02:41:16 - mmengine - INFO - [TRAIN] Epoch 9 Iter   300/750: Loss: 24.983 (27.376), grad_norm: 25.753, lr: 0.0000200, time: 4.980 (0.008)
2026/06/17 02:41:16 - mmengine - INFO - OccupancyLoss: 4.94921, OccupancyFlowLoss: 17.15115, DetectionLoss: 2.88275
2026/06/17 02:45:22 - mmengine - INFO - [TRAIN] Epoch 9 Iter   350/750: Loss: 26.382 (27.715), grad_norm: 31.559, lr: 0.0000200, time: 4.779 (0.008)
2026/06/17 02:45:22 - mmengine - INFO - OccupancyLoss: 5.13928, OccupancyFlowLoss: 17.57756, DetectionLoss: 3.66528
2026/06/17 02:49:27 - mmengine - INFO - [TRAIN] Epoch 9 Iter   400/750: Loss: 23.069 (27.548), grad_norm: 19.695, lr: 0.0000200, time: 4.916 (0.008)
2026/06/17 02:49:27 - mmengine - INFO - OccupancyLoss: 3.42893, OccupancyFlowLoss: 17.37450, DetectionLoss: 2.26604
2026/06/17 02:53:31 - mmengine - INFO - [TRAIN] Epoch 9 Iter   450/750: Loss: 30.580 (28.797), grad_norm: 30.004, lr: 0.0000200, time: 4.967 (0.008)
2026/06/17 02:53:31 - mmengine - INFO - OccupancyLoss: 6.12952, OccupancyFlowLoss: 17.24039, DetectionLoss: 7.20974
2026/06/17 02:57:36 - mmengine - INFO - [TRAIN] Epoch 9 Iter   500/750: Loss: 31.662 (26.491), grad_norm: 42.548, lr: 0.0000200, time: 4.878 (0.008)
2026/06/17 02:57:36 - mmengine - INFO - OccupancyLoss: 9.71892, OccupancyFlowLoss: 16.89299, DetectionLoss: 5.05014
2026/06/17 03:01:41 - mmengine - INFO - [TRAIN] Epoch 9 Iter   550/750: Loss: 30.121 (28.327), grad_norm: 28.187, lr: 0.0000200, time: 4.886 (0.008)
2026/06/17 03:01:41 - mmengine - INFO - OccupancyLoss: 8.60481, OccupancyFlowLoss: 17.29785, DetectionLoss: 4.21797
2026/06/17 03:05:45 - mmengine - INFO - [TRAIN] Epoch 9 Iter   600/750: Loss: 35.267 (27.055), grad_norm: 35.002, lr: 0.0000200, time: 4.873 (0.008)
2026/06/17 03:05:45 - mmengine - INFO - OccupancyLoss: 7.65155, OccupancyFlowLoss: 17.38676, DetectionLoss: 10.22859
2026/06/17 03:09:50 - mmengine - INFO - [TRAIN] Epoch 9 Iter   650/750: Loss: 28.429 (27.917), grad_norm: 39.412, lr: 0.0000200, time: 4.717 (0.008)
2026/06/17 03:09:50 - mmengine - INFO - OccupancyLoss: 8.26935, OccupancyFlowLoss: 17.65657, DetectionLoss: 2.50296
2026/06/17 03:13:55 - mmengine - INFO - [TRAIN] Epoch 9 Iter   700/750: Loss: 11.297 (27.707), grad_norm: 35.228, lr: 0.0000200, time: 4.885 (0.008)
2026/06/17 03:13:55 - mmengine - INFO - OccupancyLoss: 3.60126, OccupancyFlowLoss: 0.00000, DetectionLoss: 7.69597
2026/06/17 03:18:04 - mmengine - INFO - [EVAL] Epoch 10 Iter     0: Loss: 27.730 (27.730)
2026/06/17 03:18:04 - mmengine - INFO - OccupancyLoss: 5.05252, OccupancyFlowLoss: 17.56684, DetectionLoss: 5.11035
2026/06/17 03:19:13 - mmengine - INFO - [EVAL] Epoch 10 Iter    50: Loss: 26.712 (29.245)
2026/06/17 03:19:13 - mmengine - INFO - OccupancyLoss: 5.23460, OccupancyFlowLoss: 17.39805, DetectionLoss: 4.07891
2026/06/17 03:20:22 - mmengine - INFO - [EVAL] Epoch 10 Iter   100: Loss: 30.103 (28.769)
2026/06/17 03:20:22 - mmengine - INFO - OccupancyLoss: 8.22876, OccupancyFlowLoss: 17.24112, DetectionLoss: 4.63280
2026/06/17 03:21:31 - mmengine - INFO - [EVAL] Epoch 10 Iter   150: Loss: 12.403 (29.364)
2026/06/17 03:21:31 - mmengine - INFO - OccupancyLoss: 6.37225, OccupancyFlowLoss: 5.87450, DetectionLoss: 0.15657
2026/06/17 03:22:40 - mmengine - INFO - [EVAL] Epoch 10 Iter   200: Loss: 21.319 (29.538)
2026/06/17 03:22:40 - mmengine - INFO - OccupancyLoss: 9.43621, OccupancyFlowLoss: 8.73120, DetectionLoss: 3.15143
2026/06/17 03:23:50 - mmengine - INFO - [EVAL] Epoch 10 Iter   250: Loss: 30.633 (29.802)
2026/06/17 03:23:50 - mmengine - INFO - OccupancyLoss: 7.16231, OccupancyFlowLoss: 17.23446, DetectionLoss: 6.23658
2026/06/17 03:25:09 - mmengine - INFO - [EVAL] Epoch 10 Iter   300: Loss: 30.322 (29.593)
2026/06/17 03:25:09 - mmengine - INFO - OccupancyLoss: 8.18255, OccupancyFlowLoss: 17.53854, DetectionLoss: 4.60097
2026/06/17 03:26:22 - mmengine - INFO - [EVAL] Epoch 10 Iter   350: Loss: 20.856 (29.745)
2026/06/17 03:26:22 - mmengine - INFO - OccupancyLoss: 6.32289, OccupancyFlowLoss: 8.77360, DetectionLoss: 5.75952
2026/06/17 03:27:36 - mmengine - INFO - [EVAL] Epoch 10 Iter   400: Loss: 15.667 (29.611)
2026/06/17 03:27:36 - mmengine - INFO - OccupancyLoss: 6.91356, OccupancyFlowLoss: 2.90074, DetectionLoss: 5.85254
2026/06/17 03:28:47 - mmengine - INFO - [EVAL] Epoch 10 Iter   450: Loss: 36.733 (29.636)
2026/06/17 03:28:47 - mmengine - INFO - OccupancyLoss: 7.85217, OccupancyFlowLoss: 17.37955, DetectionLoss: 11.50114
2026/06/17 03:31:04 - mmengine - INFO - Validation per class iou none:
2026/06/17 03:31:04 - mmengine - INFO - barrier : 9.72%, 0.30, 0.13
2026/06/17 03:31:04 - mmengine - INFO - bicycle : 0.00%, 0.00, 0.00
2026/06/17 03:31:04 - mmengine - INFO - bus : 18.93%, 0.44, 0.25
2026/06/17 03:31:04 - mmengine - INFO - car : 29.41%, 0.44, 0.47
2026/06/17 03:31:04 - mmengine - INFO - construction_vehicle : 0.57%, 0.13, 0.01
2026/06/17 03:31:04 - mmengine - INFO - motorcycle : 0.00%, 0.00, 0.00
2026/06/17 03:31:04 - mmengine - INFO - pedestrian : 0.02%, 0.05, 0.00
2026/06/17 03:31:04 - mmengine - INFO - traffic_cone : 0.00%, 0.00, 0.00
2026/06/17 03:31:04 - mmengine - INFO - trailer : 3.35%, 0.17, 0.04
2026/06/17 03:31:04 - mmengine - INFO - truck : 16.21%, 0.36, 0.23
2026/06/17 03:31:04 - mmengine - INFO - driveable_surface : 37.51%, 0.67, 0.46
2026/06/17 03:31:04 - mmengine - INFO - other_flat : 14.54%, 0.41, 0.18
2026/06/17 03:31:04 - mmengine - INFO - sidewalk : 18.09%, 0.43, 0.24
2026/06/17 03:31:04 - mmengine - INFO - terrain : 17.89%, 0.40, 0.24
2026/06/17 03:31:04 - mmengine - INFO - manmade : 5.00%, 0.26, 0.06
2026/06/17 03:31:04 - mmengine - INFO - vegetation : 19.16%, 0.37, 0.29
2026/06/17 03:31:04 - mmengine - INFO - tensor([  213109,    14566,   204192,  1435223,   106632,    22025,   206833,
           42653,   134799,   555406,  7051599,   345594,  2482869,  3418334,
         7852446,  8317553, 32659904], device='cuda:0', dtype=torch.int32)
2026/06/17 03:31:04 - mmengine - INFO - tensor([   26848,        0,    51256,   668370,      631,        0,       32,
               0,     5386,   125721,  3257258,    63463,   593215,   833135,
          455999,  2377877, 10567921], device='cuda:0', dtype=torch.int32)
2026/06/17 03:31:04 - mmengine - INFO - tensor([   89834,        0,   117780,  1505544,     4837,        0,      617,
               0,    31377,   345716,  4888307,   154472,  1389609,  2072822,
         1732306,  6471728, 18804948], device='cuda:0', dtype=torch.int32)
2026/06/17 03:31:04 - mmengine - INFO - mIoU: 11.89990453167411, iou2: 25.840373992919922
2026/06/17 03:31:04 - mmengine - INFO - Current val loss is 29.754
2026/06/17 03:31:24 - mmengine - INFO - [TRAIN] Epoch 10 Iter     0/750: Loss: 32.263 (32.263), grad_norm: 33.473, lr: 0.0000200, time: 9.656 (4.743)
2026/06/17 03:31:24 - mmengine - INFO - OccupancyLoss: 6.33475, OccupancyFlowLoss: 17.38255, DetectionLoss: 8.54613
2026/06/17 03:35:30 - mmengine - INFO - [TRAIN] Epoch 10 Iter    50/750: Loss: 26.865 (26.430), grad_norm: 34.015, lr: 0.0000200, time: 4.943 (0.008)
2026/06/17 03:35:30 - mmengine - INFO - OccupancyLoss: 5.92003, OccupancyFlowLoss: 17.43588, DetectionLoss: 3.50864
2026/06/17 03:39:33 - mmengine - INFO - [TRAIN] Epoch 10 Iter   100/750: Loss: 26.726 (27.284), grad_norm: 24.649, lr: 0.0000200, time: 4.831 (0.008)
2026/06/17 03:39:33 - mmengine - INFO - OccupancyLoss: 9.45352, OccupancyFlowLoss: 16.77894, DetectionLoss: 0.49378
2026/06/17 03:43:38 - mmengine - INFO - [TRAIN] Epoch 10 Iter   150/750: Loss: 29.177 (25.626), grad_norm: 26.207, lr: 0.0000200, time: 4.951 (0.008)
2026/06/17 03:43:38 - mmengine - INFO - OccupancyLoss: 4.96900, OccupancyFlowLoss: 17.46599, DetectionLoss: 6.74152
2026/06/17 03:47:41 - mmengine - INFO - [TRAIN] Epoch 10 Iter   200/750: Loss: 24.891 (27.276), grad_norm: 22.126, lr: 0.0000200, time: 4.905 (0.008)
2026/06/17 03:47:41 - mmengine - INFO - OccupancyLoss: 6.99609, OccupancyFlowLoss: 16.89129, DetectionLoss: 1.00392
2026/06/17 03:51:46 - mmengine - INFO - [TRAIN] Epoch 10 Iter   250/750: Loss: 28.110 (26.376), grad_norm: 27.251, lr: 0.0000200, time: 4.957 (0.008)
2026/06/17 03:51:46 - mmengine - INFO - OccupancyLoss: 7.23674, OccupancyFlowLoss: 17.01106, DetectionLoss: 3.86226
2026/06/17 03:55:50 - mmengine - INFO - [TRAIN] Epoch 10 Iter   300/750: Loss: 19.402 (27.860), grad_norm: 33.845, lr: 0.0000200, time: 4.871 (0.008)
2026/06/17 03:55:50 - mmengine - INFO - OccupancyLoss: 6.20706, OccupancyFlowLoss: 5.74721, DetectionLoss: 7.44822
2026/06/17 03:59:54 - mmengine - INFO - [TRAIN] Epoch 10 Iter   350/750: Loss: 24.073 (27.698), grad_norm: 29.798, lr: 0.0000200, time: 4.899 (0.008)
2026/06/17 03:59:54 - mmengine - INFO - OccupancyLoss: 3.88810, OccupancyFlowLoss: 17.18680, DetectionLoss: 2.99828
2026/06/17 04:03:58 - mmengine - INFO - [TRAIN] Epoch 10 Iter   400/750: Loss: 21.774 (26.325), grad_norm: 31.594, lr: 0.0000200, time: 4.821 (0.008)
2026/06/17 04:03:58 - mmengine - INFO - OccupancyLoss: 7.42509, OccupancyFlowLoss: 11.51808, DetectionLoss: 2.83053
2026/06/17 04:08:03 - mmengine - INFO - [TRAIN] Epoch 10 Iter   450/750: Loss: 36.074 (25.897), grad_norm: 31.511, lr: 0.0000200, time: 4.902 (0.008)
2026/06/17 04:08:03 - mmengine - INFO - OccupancyLoss: 14.08572, OccupancyFlowLoss: 17.03691, DetectionLoss: 4.95116
2026/06/17 04:12:07 - mmengine - INFO - [TRAIN] Epoch 10 Iter   500/750: Loss: 32.196 (27.651), grad_norm: 40.341, lr: 0.0000200, time: 4.927 (0.008)
2026/06/17 04:12:07 - mmengine - INFO - OccupancyLoss: 7.17453, OccupancyFlowLoss: 17.44065, DetectionLoss: 7.58131
2026/06/17 04:16:13 - mmengine - INFO - [TRAIN] Epoch 10 Iter   550/750: Loss: 31.738 (27.504), grad_norm: 37.993, lr: 0.0000200, time: 4.914 (0.008)
2026/06/17 04:16:13 - mmengine - INFO - OccupancyLoss: 7.27421, OccupancyFlowLoss: 17.11047, DetectionLoss: 7.35306
2026/06/17 04:20:18 - mmengine - INFO - [TRAIN] Epoch 10 Iter   600/750: Loss: 29.143 (27.224), grad_norm: 27.540, lr: 0.0000200, time: 4.912 (0.008)
2026/06/17 04:20:18 - mmengine - INFO - OccupancyLoss: 8.62353, OccupancyFlowLoss: 11.69915, DetectionLoss: 8.82036
2026/06/17 04:24:23 - mmengine - INFO - [TRAIN] Epoch 10 Iter   650/750: Loss: 29.772 (26.732), grad_norm: 22.736, lr: 0.0000200, time: 4.933 (0.008)
2026/06/17 04:24:23 - mmengine - INFO - OccupancyLoss: 6.90809, OccupancyFlowLoss: 17.37039, DetectionLoss: 5.49357
2026/06/17 04:28:27 - mmengine - INFO - [TRAIN] Epoch 10 Iter   700/750: Loss: 27.545 (26.453), grad_norm: 31.939, lr: 0.0000200, time: 4.939 (0.008)
2026/06/17 04:28:27 - mmengine - INFO - OccupancyLoss: 6.76922, OccupancyFlowLoss: 16.41074, DetectionLoss: 4.36460
2026/06/17 04:32:36 - mmengine - INFO - [EVAL] Epoch 11 Iter     0: Loss: 27.067 (27.067)
2026/06/17 04:32:36 - mmengine - INFO - OccupancyLoss: 4.97773, OccupancyFlowLoss: 17.54441, DetectionLoss: 4.54491
2026/06/17 04:33:29 - mmengine - INFO - [EVAL] Epoch 11 Iter    50: Loss: 28.894 (29.705)
2026/06/17 04:33:29 - mmengine - INFO - OccupancyLoss: 5.38916, OccupancyFlowLoss: 17.44562, DetectionLoss: 6.05929
2026/06/17 04:34:23 - mmengine - INFO - [EVAL] Epoch 11 Iter   100: Loss: 30.135 (29.100)
2026/06/17 04:34:23 - mmengine - INFO - OccupancyLoss: 8.47543, OccupancyFlowLoss: 17.27936, DetectionLoss: 4.37980
2026/06/17 04:35:17 - mmengine - INFO - [EVAL] Epoch 11 Iter   150: Loss: 12.663 (29.614)
2026/06/17 04:35:17 - mmengine - INFO - OccupancyLoss: 6.44053, OccupancyFlowLoss: 5.87192, DetectionLoss: 0.35017
2026/06/17 04:36:11 - mmengine - INFO - [EVAL] Epoch 11 Iter   200: Loss: 21.957 (29.760)
2026/06/17 04:36:11 - mmengine - INFO - OccupancyLoss: 9.93394, OccupancyFlowLoss: 8.68477, DetectionLoss: 3.33787
2026/06/17 04:37:05 - mmengine - INFO - [EVAL] Epoch 11 Iter   250: Loss: 31.408 (30.045)
2026/06/17 04:37:05 - mmengine - INFO - OccupancyLoss: 7.51872, OccupancyFlowLoss: 17.22581, DetectionLoss: 6.66319
2026/06/17 04:37:59 - mmengine - INFO - [EVAL] Epoch 11 Iter   300: Loss: 31.662 (29.837)
2026/06/17 04:37:59 - mmengine - INFO - OccupancyLoss: 8.64482, OccupancyFlowLoss: 17.55248, DetectionLoss: 5.46491
2026/06/17 04:38:53 - mmengine - INFO - [EVAL] Epoch 11 Iter   350: Loss: 20.428 (29.982)
2026/06/17 04:38:53 - mmengine - INFO - OccupancyLoss: 6.44712, OccupancyFlowLoss: 8.76554, DetectionLoss: 5.21572
2026/06/17 04:39:47 - mmengine - INFO - [EVAL] Epoch 11 Iter   400: Loss: 15.967 (29.913)
2026/06/17 04:39:47 - mmengine - INFO - OccupancyLoss: 6.92600, OccupancyFlowLoss: 2.89885, DetectionLoss: 6.14246
2026/06/17 04:40:41 - mmengine - INFO - [EVAL] Epoch 11 Iter   450: Loss: 37.042 (29.915)
2026/06/17 04:40:41 - mmengine - INFO - OccupancyLoss: 7.77462, OccupancyFlowLoss: 17.47865, DetectionLoss: 11.78893
2026/06/17 04:41:34 - mmengine - INFO - Validation per class iou none:
2026/06/17 04:41:34 - mmengine - INFO - barrier : 12.65%, 0.19, 0.28
2026/06/17 04:41:34 - mmengine - INFO - bicycle : 0.00%, 0.00, 0.00
2026/06/17 04:41:34 - mmengine - INFO - bus : 22.56%, 0.33, 0.42
2026/06/17 04:41:34 - mmengine - INFO - car : 28.88%, 0.44, 0.46
2026/06/17 04:41:34 - mmengine - INFO - construction_vehicle : 2.37%, 0.08, 0.03
2026/06/17 04:41:34 - mmengine - INFO - motorcycle : 0.00%, 0.00, 0.00
2026/06/17 04:41:34 - mmengine - INFO - pedestrian : 0.12%, 0.03, 0.00
2026/06/17 04:41:34 - mmengine - INFO - traffic_cone : 0.04%, 0.05, 0.00
2026/06/17 04:41:34 - mmengine - INFO - trailer : 6.50%, 0.17, 0.10
2026/06/17 04:41:34 - mmengine - INFO - truck : 16.12%, 0.29, 0.27
2026/06/17 04:41:34 - mmengine - INFO - driveable_surface : 39.35%, 0.57, 0.56
2026/06/17 04:41:34 - mmengine - INFO - other_flat : 16.01%, 0.38, 0.22
2026/06/17 04:41:34 - mmengine - INFO - sidewalk : 20.61%, 0.32, 0.37
2026/06/17 04:41:34 - mmengine - INFO - terrain : 17.29%, 0.34, 0.26
2026/06/17 04:41:34 - mmengine - INFO - manmade : 5.22%, 0.29, 0.06
2026/06/17 04:41:34 - mmengine - INFO - vegetation : 14.11%, 0.43, 0.17
2026/06/17 04:41:34 - mmengine - INFO - tensor([  213109,    14566,   204192,  1435223,   106632,    22025,   206833,
           42653,   134799,   555406,  7051599,   345594,  2482869,  3418334,
         7852446,  8317553, 32659904], device='cuda:0', dtype=torch.int32)
2026/06/17 04:41:34 - mmengine - INFO - tensor([   60453,        0,    84999,   653545,     3397,        0,      250,
              16,    12897,   150058,  3922843,    75050,   907053,   888902,
          469837,  1436716, 11370397], device='cuda:0', dtype=torch.int32)
2026/06/17 04:41:34 - mmengine - INFO - tensor([  325228,        0,   257540,  1481527,    40037,        0,     8585,
             355,    76471,   525311,  6839577,   198226,  2825355,  2611768,
         1623878,  3303841, 20117700], device='cuda:0', dtype=torch.int32)
2026/06/17 04:41:34 - mmengine - INFO - mIoU: 12.614022034176742, iou2: 27.459945678710938
2026/06/17 04:41:34 - mmengine - INFO - Current val loss is 29.997
2026/06/17 04:41:53 - mmengine - INFO - [TRAIN] Epoch 11 Iter     0/750: Loss: 24.911 (24.911), grad_norm: 35.243, lr: 0.0000200, time: 8.485 (3.402)
2026/06/17 04:41:53 - mmengine - INFO - OccupancyLoss: 5.11363, OccupancyFlowLoss: 17.30639, DetectionLoss: 2.49069
2026/06/17 04:45:57 - mmengine - INFO - [TRAIN] Epoch 11 Iter    50/750: Loss: 30.624 (27.212), grad_norm: 32.439, lr: 0.0000200, time: 4.816 (0.008)
2026/06/17 04:45:57 - mmengine - INFO - OccupancyLoss: 8.73934, OccupancyFlowLoss: 16.60732, DetectionLoss: 5.27741
2026/06/17 04:50:03 - mmengine - INFO - [TRAIN] Epoch 11 Iter   100/750: Loss: 25.624 (26.294), grad_norm: 28.418, lr: 0.0000200, time: 4.957 (0.008)
2026/06/17 04:50:03 - mmengine - INFO - OccupancyLoss: 6.34417, OccupancyFlowLoss: 16.95737, DetectionLoss: 2.32197
2026/06/17 04:54:08 - mmengine - INFO - [TRAIN] Epoch 11 Iter   150/750: Loss: 29.537 (27.353), grad_norm: 34.429, lr: 0.0000200, time: 4.932 (0.008)
2026/06/17 04:54:08 - mmengine - INFO - OccupancyLoss: 7.28027, OccupancyFlowLoss: 17.51501, DetectionLoss: 4.74125
2026/06/17 04:58:13 - mmengine - INFO - [TRAIN] Epoch 11 Iter   200/750: Loss: 29.018 (25.708), grad_norm: 47.470, lr: 0.0000200, time: 4.770 (0.008)
2026/06/17 04:58:13 - mmengine - INFO - OccupancyLoss: 6.77353, OccupancyFlowLoss: 17.99879, DetectionLoss: 4.24580
2026/06/17 05:02:29 - mmengine - INFO - [TRAIN] Epoch 11 Iter   250/750: Loss: 34.565 (27.047), grad_norm: 40.584, lr: 0.0000200, time: 4.856 (0.008)
2026/06/17 05:02:29 - mmengine - INFO - OccupancyLoss: 11.00808, OccupancyFlowLoss: 16.32061, DetectionLoss: 7.23629
2026/06/17 05:06:57 - mmengine - INFO - [TRAIN] Epoch 11 Iter   300/750: Loss: 31.036 (27.240), grad_norm: 35.429, lr: 0.0000200, time: 4.952 (0.008)
2026/06/17 05:06:57 - mmengine - INFO - OccupancyLoss: 9.82589, OccupancyFlowLoss: 14.63660, DetectionLoss: 6.57307
2026/06/17 05:11:02 - mmengine - INFO - [TRAIN] Epoch 11 Iter   350/750: Loss: 25.774 (27.837), grad_norm: 36.258, lr: 0.0000200, time: 4.855 (0.008)
2026/06/17 05:11:02 - mmengine - INFO - OccupancyLoss: 7.01445, OccupancyFlowLoss: 16.26162, DetectionLoss: 2.49752
2026/06/17 05:15:06 - mmengine - INFO - [TRAIN] Epoch 11 Iter   400/750: Loss: 29.206 (27.238), grad_norm: 31.183, lr: 0.0000200, time: 4.957 (0.008)
2026/06/17 05:15:06 - mmengine - INFO - OccupancyLoss: 9.24665, OccupancyFlowLoss: 17.11857, DetectionLoss: 2.84090
2026/06/17 05:19:11 - mmengine - INFO - [TRAIN] Epoch 11 Iter   450/750: Loss: 33.818 (27.104), grad_norm: 34.383, lr: 0.0000200, time: 4.901 (0.008)
2026/06/17 05:19:11 - mmengine - INFO - OccupancyLoss: 5.91412, OccupancyFlowLoss: 17.37012, DetectionLoss: 10.53346
2026/06/17 05:23:16 - mmengine - INFO - [TRAIN] Epoch 11 Iter   500/750: Loss: 29.069 (26.515), grad_norm: 28.209, lr: 0.0000200, time: 4.890 (0.008)
2026/06/17 05:23:16 - mmengine - INFO - OccupancyLoss: 7.55013, OccupancyFlowLoss: 17.14280, DetectionLoss: 4.37614
2026/06/17 05:27:20 - mmengine - INFO - [TRAIN] Epoch 11 Iter   550/750: Loss: 35.410 (28.050), grad_norm: 40.057, lr: 0.0000200, time: 4.921 (0.008)
2026/06/17 05:27:20 - mmengine - INFO - OccupancyLoss: 10.92014, OccupancyFlowLoss: 17.17901, DetectionLoss: 7.31038
2026/06/17 05:31:25 - mmengine - INFO - [TRAIN] Epoch 11 Iter   600/750: Loss: 31.739 (25.764), grad_norm: 21.207, lr: 0.0000200, time: 4.900 (0.008)
2026/06/17 05:31:25 - mmengine - INFO - OccupancyLoss: 11.23091, OccupancyFlowLoss: 16.98950, DetectionLoss: 3.51889
2026/06/17 05:35:30 - mmengine - INFO - [TRAIN] Epoch 11 Iter   650/750: Loss: 33.111 (26.808), grad_norm: 33.233, lr: 0.0000200, time: 4.841 (0.008)
2026/06/17 05:35:30 - mmengine - INFO - OccupancyLoss: 11.27555, OccupancyFlowLoss: 16.83166, DetectionLoss: 5.00338
2026/06/17 05:39:35 - mmengine - INFO - [TRAIN] Epoch 11 Iter   700/750: Loss: 26.676 (25.922), grad_norm: 37.227, lr: 0.0000200, time: 4.811 (0.008)
2026/06/17 05:39:35 - mmengine - INFO - OccupancyLoss: 5.05625, OccupancyFlowLoss: 17.39259, DetectionLoss: 4.22668
2026/06/17 05:43:43 - mmengine - INFO - [EVAL] Epoch 12 Iter     0: Loss: 26.774 (26.774)
2026/06/17 05:43:43 - mmengine - INFO - OccupancyLoss: 4.85343, OccupancyFlowLoss: 17.52814, DetectionLoss: 4.39200
2026/06/17 05:44:36 - mmengine - INFO - [EVAL] Epoch 12 Iter    50: Loss: 28.523 (29.262)
2026/06/17 05:44:36 - mmengine - INFO - OccupancyLoss: 5.45344, OccupancyFlowLoss: 17.39396, DetectionLoss: 5.67548
2026/06/17 05:45:30 - mmengine - INFO - [EVAL] Epoch 12 Iter   100: Loss: 29.964 (28.684)
2026/06/17 05:45:30 - mmengine - INFO - OccupancyLoss: 8.25211, OccupancyFlowLoss: 17.22564, DetectionLoss: 4.48670
2026/06/17 05:46:24 - mmengine - INFO - [EVAL] Epoch 12 Iter   150: Loss: 12.421 (29.348)
2026/06/17 05:46:24 - mmengine - INFO - OccupancyLoss: 6.37535, OccupancyFlowLoss: 5.87476, DetectionLoss: 0.17133
2026/06/17 05:47:18 - mmengine - INFO - [EVAL] Epoch 12 Iter   200: Loss: 21.112 (29.473)
2026/06/17 05:47:18 - mmengine - INFO - OccupancyLoss: 9.35250, OccupancyFlowLoss: 8.61108, DetectionLoss: 3.14852
2026/06/17 05:48:12 - mmengine - INFO - [EVAL] Epoch 12 Iter   250: Loss: 31.104 (29.767)
2026/06/17 05:48:12 - mmengine - INFO - OccupancyLoss: 7.12440, OccupancyFlowLoss: 17.10176, DetectionLoss: 6.87780
2026/06/17 05:49:06 - mmengine - INFO - [EVAL] Epoch 12 Iter   300: Loss: 31.437 (29.570)
2026/06/17 05:49:06 - mmengine - INFO - OccupancyLoss: 8.36797, OccupancyFlowLoss: 17.52046, DetectionLoss: 5.54862
2026/06/17 05:50:00 - mmengine - INFO - [EVAL] Epoch 12 Iter   350: Loss: 21.381 (29.745)
2026/06/17 05:50:00 - mmengine - INFO - OccupancyLoss: 6.08235, OccupancyFlowLoss: 8.72798, DetectionLoss: 6.57046
2026/06/17 05:50:54 - mmengine - INFO - [EVAL] Epoch 12 Iter   400: Loss: 16.234 (29.627)
2026/06/17 05:50:54 - mmengine - INFO - OccupancyLoss: 6.86765, OccupancyFlowLoss: 2.90403, DetectionLoss: 6.46225
2026/06/17 05:51:48 - mmengine - INFO - [EVAL] Epoch 12 Iter   450: Loss: 37.019 (29.629)
2026/06/17 05:51:48 - mmengine - INFO - OccupancyLoss: 7.64565, OccupancyFlowLoss: 17.43320, DetectionLoss: 11.94055
2026/06/17 05:52:41 - mmengine - INFO - Validation per class iou none:
2026/06/17 05:52:41 - mmengine - INFO - barrier : 12.77%, 0.27, 0.19
2026/06/17 05:52:41 - mmengine - INFO - bicycle : 0.00%, 0.00, 0.00
2026/06/17 05:52:41 - mmengine - INFO - bus : 24.63%, 0.40, 0.39
2026/06/17 05:52:41 - mmengine - INFO - car : 29.54%, 0.45, 0.46
2026/06/17 05:52:41 - mmengine - INFO - construction_vehicle : 2.64%, 0.16, 0.03
2026/06/17 05:52:41 - mmengine - INFO - motorcycle : 0.00%, 0.00, 0.00
2026/06/17 05:52:41 - mmengine - INFO - pedestrian : 0.03%, 0.03, 0.00
2026/06/17 05:52:41 - mmengine - INFO - traffic_cone : 0.00%, 0.00, 0.00
2026/06/17 05:52:41 - mmengine - INFO - trailer : 8.45%, 0.17, 0.14
2026/06/17 05:52:41 - mmengine - INFO - truck : 17.63%, 0.33, 0.27
2026/06/17 05:52:41 - mmengine - INFO - driveable_surface : 39.41%, 0.61, 0.52
2026/06/17 05:52:41 - mmengine - INFO - other_flat : 15.06%, 0.49, 0.18
2026/06/17 05:52:41 - mmengine - INFO - sidewalk : 19.68%, 0.42, 0.27
2026/06/17 05:52:41 - mmengine - INFO - terrain : 19.25%, 0.39, 0.28
2026/06/17 05:52:41 - mmengine - INFO - manmade : 4.17%, 0.31, 0.05
2026/06/17 05:52:41 - mmengine - INFO - vegetation : 17.21%, 0.40, 0.23
2026/06/17 05:52:41 - mmengine - INFO - tensor([  213109,    14566,   204192,  1435223,   106632,    22025,   206833,
           42653,   134799,   555406,  7051599,   345594,  2482869,  3418334,
         7852446,  8317553, 32659904], device='cuda:0', dtype=torch.int32)
2026/06/17 05:52:41 - mmengine - INFO - tensor([   41352,        0,    78851,   658176,     3250,        0,       53,
               0,    19366,   151152,  3696206,    61919,   675039,   947026,
          361935,  1919619, 10880674], device='cuda:0', dtype=torch.int32)
2026/06/17 05:52:41 - mmengine - INFO - tensor([  152105,        0,   194748,  1450941,    19894,        2,     1668,
               1,   113778,   453111,  6024467,   127576,  1621979,  2448536,
         1178902,  4758255, 18545964], device='cuda:0', dtype=torch.int32)
2026/06/17 05:52:41 - mmengine - INFO - mIoU: 13.153664800665865, iou2: 26.982324600219727
2026/06/17 05:52:41 - mmengine - INFO - Current val loss is 29.738
2026/06/17 05:53:00 - mmengine - INFO - [TRAIN] Epoch 12 Iter     0/750: Loss: 10.649 (10.649), grad_norm: 31.541, lr: 0.0000200, time: 8.354 (3.364)
2026/06/17 05:53:00 - mmengine - INFO - OccupancyLoss: 5.16882, OccupancyFlowLoss: 0.00000, DetectionLoss: 5.48014
2026/06/17 05:57:04 - mmengine - INFO - [TRAIN] Epoch 12 Iter    50/750: Loss: 31.103 (27.225), grad_norm: 28.566, lr: 0.0000200, time: 4.909 (0.008)
2026/06/17 05:57:04 - mmengine - INFO - OccupancyLoss: 11.13107, OccupancyFlowLoss: 16.61394, DetectionLoss: 3.35767
2026/06/17 06:01:08 - mmengine - INFO - [TRAIN] Epoch 12 Iter   100/750: Loss: 33.136 (26.528), grad_norm: 30.326, lr: 0.0000200, time: 4.913 (0.008)
2026/06/17 06:01:08 - mmengine - INFO - OccupancyLoss: 10.79189, OccupancyFlowLoss: 16.77829, DetectionLoss: 5.56604
2026/06/17 06:05:14 - mmengine - INFO - [TRAIN] Epoch 12 Iter   150/750: Loss: 13.731 (25.928), grad_norm: 29.994, lr: 0.0000200, time: 4.940 (0.008)
2026/06/17 06:05:14 - mmengine - INFO - OccupancyLoss: 5.43339, OccupancyFlowLoss: 2.97838, DetectionLoss: 5.31938
2026/06/17 06:09:19 - mmengine - INFO - [TRAIN] Epoch 12 Iter   200/750: Loss: 22.700 (25.354), grad_norm: 35.434, lr: 0.0000200, time: 4.808 (0.008)
2026/06/17 06:09:19 - mmengine - INFO - OccupancyLoss: 4.62124, OccupancyFlowLoss: 17.06005, DetectionLoss: 1.01844
2026/06/17 06:13:23 - mmengine - INFO - [TRAIN] Epoch 12 Iter   250/750: Loss: 25.819 (26.175), grad_norm: 26.324, lr: 0.0000200, time: 4.759 (0.008)
2026/06/17 06:13:23 - mmengine - INFO - OccupancyLoss: 5.31203, OccupancyFlowLoss: 17.40176, DetectionLoss: 3.10485
2026/06/17 06:17:28 - mmengine - INFO - [TRAIN] Epoch 12 Iter   300/750: Loss: 25.942 (27.146), grad_norm: 55.272, lr: 0.0000200, time: 4.925 (0.008)
2026/06/17 06:17:28 - mmengine - INFO - OccupancyLoss: 5.62903, OccupancyFlowLoss: 16.77230, DetectionLoss: 3.54085
2026/06/17 06:21:44 - mmengine - INFO - [TRAIN] Epoch 12 Iter   350/750: Loss: 26.454 (26.816), grad_norm: 38.481, lr: 0.0000200, time: 4.932 (0.008)
2026/06/17 06:21:44 - mmengine - INFO - OccupancyLoss: 7.25080, OccupancyFlowLoss: 16.62726, DetectionLoss: 2.57579
2026/06/17 06:25:48 - mmengine - INFO - [TRAIN] Epoch 12 Iter   400/750: Loss: 32.197 (26.921), grad_norm: 36.985, lr: 0.0000200, time: 4.798 (0.008)
2026/06/17 06:25:48 - mmengine - INFO - OccupancyLoss: 7.44494, OccupancyFlowLoss: 17.10405, DetectionLoss: 7.64845
2026/06/17 06:29:53 - mmengine - INFO - [TRAIN] Epoch 12 Iter   450/750: Loss: 27.491 (26.570), grad_norm: 22.853, lr: 0.0000200, time: 4.919 (0.008)
2026/06/17 06:29:53 - mmengine - INFO - OccupancyLoss: 4.79769, OccupancyFlowLoss: 17.13336, DetectionLoss: 5.55973
2026/06/17 06:33:58 - mmengine - INFO - [TRAIN] Epoch 12 Iter   500/750: Loss: 31.191 (27.202), grad_norm: 34.485, lr: 0.0000200, time: 4.794 (0.008)
2026/06/17 06:33:58 - mmengine - INFO - OccupancyLoss: 11.17100, OccupancyFlowLoss: 17.13073, DetectionLoss: 2.88941
2026/06/17 06:38:02 - mmengine - INFO - [TRAIN] Epoch 12 Iter   550/750: Loss: 26.685 (26.913), grad_norm: 35.620, lr: 0.0000200, time: 4.806 (0.008)
2026/06/17 06:38:02 - mmengine - INFO - OccupancyLoss: 6.96555, OccupancyFlowLoss: 16.74352, DetectionLoss: 2.97590
2026/06/17 06:42:07 - mmengine - INFO - [TRAIN] Epoch 12 Iter   600/750: Loss: 28.021 (26.297), grad_norm: 33.252, lr: 0.0000200, time: 4.917 (0.008)
2026/06/17 06:42:07 - mmengine - INFO - OccupancyLoss: 5.44405, OccupancyFlowLoss: 17.06119, DetectionLoss: 5.51588
2026/06/17 06:46:12 - mmengine - INFO - [TRAIN] Epoch 12 Iter   650/750: Loss: 31.038 (26.325), grad_norm: 42.012, lr: 0.0000200, time: 4.850 (0.008)
2026/06/17 06:46:12 - mmengine - INFO - OccupancyLoss: 8.34828, OccupancyFlowLoss: 17.22120, DetectionLoss: 5.46858
2026/06/17 06:50:17 - mmengine - INFO - [TRAIN] Epoch 12 Iter   700/750: Loss: 25.732 (26.368), grad_norm: 27.892, lr: 0.0000200, time: 4.862 (0.008)
2026/06/17 06:50:17 - mmengine - INFO - OccupancyLoss: 5.17951, OccupancyFlowLoss: 17.10431, DetectionLoss: 3.44797
2026/06/17 06:54:26 - mmengine - INFO - [EVAL] Epoch 13 Iter     0: Loss: 27.851 (27.851)
2026/06/17 06:54:26 - mmengine - INFO - OccupancyLoss: 4.77303, OccupancyFlowLoss: 17.57657, DetectionLoss: 5.50105
2026/06/17 06:55:20 - mmengine - INFO - [EVAL] Epoch 13 Iter    50: Loss: 26.843 (29.289)
2026/06/17 06:55:20 - mmengine - INFO - OccupancyLoss: 5.04159, OccupancyFlowLoss: 17.22470, DetectionLoss: 4.57665
2026/06/17 06:56:14 - mmengine - INFO - [EVAL] Epoch 13 Iter   100: Loss: 29.727 (28.803)
2026/06/17 06:56:14 - mmengine - INFO - OccupancyLoss: 8.23545, OccupancyFlowLoss: 17.21187, DetectionLoss: 4.27957
2026/06/17 06:57:07 - mmengine - INFO - [EVAL] Epoch 13 Iter   150: Loss: 12.261 (29.399)
2026/06/17 06:57:07 - mmengine - INFO - OccupancyLoss: 6.27658, OccupancyFlowLoss: 5.86001, DetectionLoss: 0.12424
2026/06/17 06:58:01 - mmengine - INFO - [EVAL] Epoch 13 Iter   200: Loss: 21.361 (29.532)
2026/06/17 06:58:01 - mmengine - INFO - OccupancyLoss: 9.45444, OccupancyFlowLoss: 8.68118, DetectionLoss: 3.22577
2026/06/17 06:58:55 - mmengine - INFO - [EVAL] Epoch 13 Iter   250: Loss: 31.256 (29.812)
2026/06/17 06:58:55 - mmengine - INFO - OccupancyLoss: 7.37582, OccupancyFlowLoss: 17.19025, DetectionLoss: 6.69042
2026/06/17 06:59:49 - mmengine - INFO - [EVAL] Epoch 13 Iter   300: Loss: 30.887 (29.616)
2026/06/17 06:59:49 - mmengine - INFO - OccupancyLoss: 8.27062, OccupancyFlowLoss: 17.49077, DetectionLoss: 5.12512
2026/06/17 07:00:44 - mmengine - INFO - [EVAL] Epoch 13 Iter   350: Loss: 21.363 (29.777)
2026/06/17 07:00:44 - mmengine - INFO - OccupancyLoss: 6.11614, OccupancyFlowLoss: 8.73817, DetectionLoss: 6.50892
2026/06/17 07:01:38 - mmengine - INFO - [EVAL] Epoch 13 Iter   400: Loss: 15.161 (29.646)
2026/06/17 07:01:38 - mmengine - INFO - OccupancyLoss: 6.67500, OccupancyFlowLoss: 2.89427, DetectionLoss: 5.59142
2026/06/17 07:02:32 - mmengine - INFO - [EVAL] Epoch 13 Iter   450: Loss: 36.663 (29.657)
2026/06/17 07:02:32 - mmengine - INFO - OccupancyLoss: 7.63175, OccupancyFlowLoss: 17.45971, DetectionLoss: 11.57129
2026/06/17 07:03:25 - mmengine - INFO - Validation per class iou none:
2026/06/17 07:03:25 - mmengine - INFO - barrier : 11.07%, 0.30, 0.15
2026/06/17 07:03:25 - mmengine - INFO - bicycle : 0.00%, 0.00, 0.00
2026/06/17 07:03:25 - mmengine - INFO - bus : 24.94%, 0.46, 0.35
2026/06/17 07:03:25 - mmengine - INFO - car : 29.16%, 0.50, 0.41
2026/06/17 07:03:25 - mmengine - INFO - construction_vehicle : 2.21%, 0.25, 0.02
2026/06/17 07:03:25 - mmengine - INFO - motorcycle : 0.00%, 0.00, 0.00
2026/06/17 07:03:25 - mmengine - INFO - pedestrian : 0.07%, 0.07, 0.00
2026/06/17 07:03:25 - mmengine - INFO - traffic_cone : 0.00%, 0.00, 0.00
2026/06/17 07:03:25 - mmengine - INFO - trailer : 8.95%, 0.22, 0.13
2026/06/17 07:03:25 - mmengine - INFO - truck : 18.80%, 0.38, 0.27
2026/06/17 07:03:25 - mmengine - INFO - driveable_surface : 39.66%, 0.62, 0.52
2026/06/17 07:03:25 - mmengine - INFO - other_flat : 15.86%, 0.47, 0.19
2026/06/17 07:03:25 - mmengine - INFO - sidewalk : 20.69%, 0.39, 0.30
2026/06/17 07:03:25 - mmengine - INFO - terrain : 20.83%, 0.37, 0.32
2026/06/17 07:03:25 - mmengine - INFO - manmade : 5.16%, 0.31, 0.06
2026/06/17 07:03:25 - mmengine - INFO - vegetation : 18.15%, 0.40, 0.25
2026/06/17 07:03:25 - mmengine - INFO - tensor([  213109,    14566,   204192,  1435223,   106632,    22025,   206833,
           42653,   134799,   555406,  7051599,   345594,  2482869,  3418334,
         7852446,  8317553, 32659904], device='cuda:0', dtype=torch.int32)
2026/06/17 07:03:25 - mmengine - INFO - tensor([   31825,        0,    72043,   588061,     2517,        0,      145,
               0,    17748,   151069,  3676754,    67028,   752897,  1098069,
          458404,  2084360, 11379527], device='cuda:0', dtype=torch.int32)
2026/06/17 07:03:25 - mmengine - INFO - tensor([  106171,        0,   156724,  1169596,    10010,        0,     2205,
               3,    81333,   399304,  5895898,   143946,  1908744,  2950637,
         1489014,  5249236, 19562820], device='cuda:0', dtype=torch.int32)
2026/06/17 07:03:25 - mmengine - INFO - mIoU: 13.471844059313298, iou2: 27.861499786376953
2026/06/17 07:03:25 - mmengine - INFO - Current val loss is 29.769
2026/06/17 07:03:43 - mmengine - INFO - [TRAIN] Epoch 13 Iter     0/750: Loss: 26.535 (26.535), grad_norm: 41.072, lr: 0.0000200, time: 8.369 (3.364)
2026/06/17 07:03:43 - mmengine - INFO - OccupancyLoss: 9.09914, OccupancyFlowLoss: 17.26825, DetectionLoss: 0.16712
2026/06/17 07:07:48 - mmengine - INFO - [TRAIN] Epoch 13 Iter    50/750: Loss: 29.477 (27.022), grad_norm: 29.584, lr: 0.0000200, time: 4.912 (0.008)
2026/06/17 07:07:48 - mmengine - INFO - OccupancyLoss: 9.80642, OccupancyFlowLoss: 17.23532, DetectionLoss: 2.43501
2026/06/17 07:11:53 - mmengine - INFO - [TRAIN] Epoch 13 Iter   100/750: Loss: 16.366 (26.048), grad_norm: 28.650, lr: 0.0000200, time: 4.887 (0.008)
2026/06/17 07:11:53 - mmengine - INFO - OccupancyLoss: 3.42069, OccupancyFlowLoss: 11.69488, DetectionLoss: 1.25027
2026/06/17 07:15:58 - mmengine - INFO - [TRAIN] Epoch 13 Iter   150/750: Loss: 28.227 (25.067), grad_norm: 37.389, lr: 0.0000200, time: 4.859 (0.008)
2026/06/17 07:15:58 - mmengine - INFO - OccupancyLoss: 7.15999, OccupancyFlowLoss: 16.86320, DetectionLoss: 4.20374
2026/06/17 07:20:03 - mmengine - INFO - [TRAIN] Epoch 13 Iter   200/750: Loss: 24.730 (26.881), grad_norm: 43.823, lr: 0.0000200, time: 4.923 (0.008)
2026/06/17 07:20:03 - mmengine - INFO - OccupancyLoss: 6.07533, OccupancyFlowLoss: 16.84506, DetectionLoss: 1.80912
2026/06/17 07:24:07 - mmengine - INFO - [TRAIN] Epoch 13 Iter   250/750: Loss: 27.150 (24.696), grad_norm: 40.032, lr: 0.0000200, time: 4.911 (0.008)
2026/06/17 07:24:07 - mmengine - INFO - OccupancyLoss: 5.29379, OccupancyFlowLoss: 17.09376, DetectionLoss: 4.76235
2026/06/17 07:28:13 - mmengine - INFO - [TRAIN] Epoch 13 Iter   300/750: Loss: 30.333 (26.475), grad_norm: 32.779, lr: 0.0000200, time: 4.916 (0.008)
2026/06/17 07:28:13 - mmengine - INFO - OccupancyLoss: 6.16284, OccupancyFlowLoss: 17.15293, DetectionLoss: 7.01680
2026/06/17 07:32:18 - mmengine - INFO - [TRAIN] Epoch 13 Iter   350/750: Loss: 29.213 (26.169), grad_norm: 39.448, lr: 0.0000200, time: 4.892 (0.008)
2026/06/17 07:32:18 - mmengine - INFO - OccupancyLoss: 7.37378, OccupancyFlowLoss: 17.52262, DetectionLoss: 4.31688
2026/06/17 07:36:23 - mmengine - INFO - [TRAIN] Epoch 13 Iter   400/750: Loss: 17.423 (26.557), grad_norm: 33.620, lr: 0.0000200, time: 4.926 (0.008)
2026/06/17 07:36:23 - mmengine - INFO - OccupancyLoss: 5.53742, OccupancyFlowLoss: 8.41700, DetectionLoss: 3.46844
2026/06/17 07:40:28 - mmengine - INFO - [TRAIN] Epoch 13 Iter   450/750: Loss: 24.593 (25.811), grad_norm: 38.484, lr: 0.0000200, time: 4.926 (0.008)
2026/06/17 07:40:28 - mmengine - INFO - OccupancyLoss: 4.64238, OccupancyFlowLoss: 16.91104, DetectionLoss: 3.03923
2026/06/17 07:44:32 - mmengine - INFO - [TRAIN] Epoch 13 Iter   500/750: Loss: 25.979 (26.705), grad_norm: 43.466, lr: 0.0000200, time: 4.774 (0.008)
2026/06/17 07:44:32 - mmengine - INFO - OccupancyLoss: 6.00890, OccupancyFlowLoss: 17.31553, DetectionLoss: 2.65506
2026/06/17 07:48:37 - mmengine - INFO - [TRAIN] Epoch 13 Iter   550/750: Loss: 27.885 (25.619), grad_norm: 32.971, lr: 0.0000200, time: 4.919 (0.008)
2026/06/17 07:48:37 - mmengine - INFO - OccupancyLoss: 6.64141, OccupancyFlowLoss: 17.06775, DetectionLoss: 4.17574
2026/06/17 07:52:42 - mmengine - INFO - [TRAIN] Epoch 13 Iter   600/750: Loss: 28.476 (26.384), grad_norm: 50.564, lr: 0.0000200, time: 4.717 (0.008)
2026/06/17 07:52:42 - mmengine - INFO - OccupancyLoss: 6.34575, OccupancyFlowLoss: 17.54226, DetectionLoss: 4.58766
2026/06/17 07:56:46 - mmengine - INFO - [TRAIN] Epoch 13 Iter   650/750: Loss: 27.802 (25.021), grad_norm: 26.602, lr: 0.0000200, time: 4.904 (0.008)
2026/06/17 07:56:46 - mmengine - INFO - OccupancyLoss: 9.81677, OccupancyFlowLoss: 15.65247, DetectionLoss: 2.33240
2026/06/17 08:01:10 - mmengine - INFO - [TRAIN] Epoch 13 Iter   700/750: Loss: 30.332 (26.321), grad_norm: 49.039, lr: 0.0000200, time: 4.777 (0.008)
2026/06/17 08:01:10 - mmengine - INFO - OccupancyLoss: 7.84516, OccupancyFlowLoss: 17.16599, DetectionLoss: 5.32100
2026/06/17 08:05:28 - mmengine - INFO - [EVAL] Epoch 14 Iter     0: Loss: 27.374 (27.374)
2026/06/17 08:05:28 - mmengine - INFO - OccupancyLoss: 4.85878, OccupancyFlowLoss: 17.52062, DetectionLoss: 4.99457
2026/06/17 08:06:22 - mmengine - INFO - [EVAL] Epoch 14 Iter    50: Loss: 28.088 (29.523)
2026/06/17 08:06:22 - mmengine - INFO - OccupancyLoss: 5.23186, OccupancyFlowLoss: 17.22834, DetectionLoss: 5.62758
2026/06/17 08:07:16 - mmengine - INFO - [EVAL] Epoch 14 Iter   100: Loss: 30.811 (28.994)
2026/06/17 08:07:16 - mmengine - INFO - OccupancyLoss: 8.30173, OccupancyFlowLoss: 17.23224, DetectionLoss: 5.27673
2026/06/17 08:08:10 - mmengine - INFO - [EVAL] Epoch 14 Iter   150: Loss: 12.462 (29.553)
2026/06/17 08:08:10 - mmengine - INFO - OccupancyLoss: 6.40611, OccupancyFlowLoss: 5.87209, DetectionLoss: 0.18420
2026/06/17 08:09:04 - mmengine - INFO - [EVAL] Epoch 14 Iter   200: Loss: 21.114 (29.675)
2026/06/17 08:09:04 - mmengine - INFO - OccupancyLoss: 9.42485, OccupancyFlowLoss: 8.66225, DetectionLoss: 3.02664
2026/06/17 08:09:58 - mmengine - INFO - [EVAL] Epoch 14 Iter   250: Loss: 31.790 (29.988)
2026/06/17 08:09:58 - mmengine - INFO - OccupancyLoss: 7.19356, OccupancyFlowLoss: 17.10714, DetectionLoss: 7.48966
2026/06/17 08:10:52 - mmengine - INFO - [EVAL] Epoch 14 Iter   300: Loss: 31.775 (29.795)
2026/06/17 08:10:52 - mmengine - INFO - OccupancyLoss: 8.67210, OccupancyFlowLoss: 17.47882, DetectionLoss: 5.62370
2026/06/17 08:11:46 - mmengine - INFO - [EVAL] Epoch 14 Iter   350: Loss: 20.959 (29.968)
2026/06/17 08:11:46 - mmengine - INFO - OccupancyLoss: 6.02245, OccupancyFlowLoss: 8.74424, DetectionLoss: 6.19211
2026/06/17 08:12:40 - mmengine - INFO - [EVAL] Epoch 14 Iter   400: Loss: 16.423 (29.841)
2026/06/17 08:12:40 - mmengine - INFO - OccupancyLoss: 6.99157, OccupancyFlowLoss: 2.89441, DetectionLoss: 6.53692
2026/06/17 08:13:34 - mmengine - INFO - [EVAL] Epoch 14 Iter   450: Loss: 38.028 (29.868)
2026/06/17 08:13:34 - mmengine - INFO - OccupancyLoss: 7.62208, OccupancyFlowLoss: 17.46599, DetectionLoss: 12.94009
2026/06/17 08:14:27 - mmengine - INFO - Validation per class iou none:
2026/06/17 08:14:27 - mmengine - INFO - barrier : 14.09%, 0.26, 0.24
2026/06/17 08:14:27 - mmengine - INFO - bicycle : 0.00%, 0.00, 0.00
2026/06/17 08:14:27 - mmengine - INFO - bus : 26.36%, 0.42, 0.41
2026/06/17 08:14:27 - mmengine - INFO - car : 30.40%, 0.47, 0.47
2026/06/17 08:14:27 - mmengine - INFO - construction_vehicle : 4.40%, 0.14, 0.06
2026/06/17 08:14:27 - mmengine - INFO - motorcycle : 0.00%, 0.00, 0.00
2026/06/17 08:14:27 - mmengine - INFO - pedestrian : 0.35%, 0.07, 0.00
2026/06/17 08:14:27 - mmengine - INFO - traffic_cone : 0.02%, 0.03, 0.00
2026/06/17 08:14:27 - mmengine - INFO - trailer : 8.82%, 0.18, 0.15
2026/06/17 08:14:27 - mmengine - INFO - truck : 19.94%, 0.32, 0.34
2026/06/17 08:14:27 - mmengine - INFO - driveable_surface : 40.06%, 0.62, 0.53
2026/06/17 08:14:27 - mmengine - INFO - other_flat : 16.10%, 0.43, 0.21
2026/06/17 08:14:27 - mmengine - INFO - sidewalk : 21.45%, 0.37, 0.34
2026/06/17 08:14:27 - mmengine - INFO - terrain : 20.89%, 0.36, 0.33
2026/06/17 08:14:27 - mmengine - INFO - manmade : 6.87%, 0.29, 0.08
2026/06/17 08:14:27 - mmengine - INFO - vegetation : 18.84%, 0.38, 0.27
2026/06/17 08:14:27 - mmengine - INFO - tensor([  213109,    14566,   204192,  1435223,   106632,    22025,   206833,
           42653,   134799,   555406,  7051599,   345594,  2482869,  3418334,
         7852446,  8317553, 32659904], device='cuda:0', dtype=torch.int32)
2026/06/17 08:14:27 - mmengine - INFO - tensor([   50355,        0,    83723,   667443,     6346,        0,      758,
               9,    20024,   190459,  3750479,    71011,   840399,  1143842,
          649485,  2248297, 12383091], device='cuda:0', dtype=torch.int32)
2026/06/17 08:14:27 - mmengine - INFO - tensor([  194654,        0,   197174,  1427956,    43890,        0,    11594,
             273,   112140,   590170,  6060615,   166495,  2275773,  3201252,
         2248040,  5864201, 22394228], device='cuda:0', dtype=torch.int32)
2026/06/17 08:14:27 - mmengine - INFO - mIoU: 14.286944909235899, iou2: 29.019895553588867
2026/06/17 08:14:27 - mmengine - INFO - Current val loss is 29.979
2026/06/17 08:14:46 - mmengine - INFO - [TRAIN] Epoch 14 Iter     0/750: Loss: 26.140 (26.140), grad_norm: 26.502, lr: 0.0000200, time: 8.381 (3.464)
2026/06/17 08:14:46 - mmengine - INFO - OccupancyLoss: 7.11653, OccupancyFlowLoss: 16.74981, DetectionLoss: 2.27335
2026/06/17 08:18:50 - mmengine - INFO - [TRAIN] Epoch 14 Iter    50/750: Loss: 28.424 (24.495), grad_norm: 37.169, lr: 0.0000200, time: 4.910 (0.008)
2026/06/17 08:18:50 - mmengine - INFO - OccupancyLoss: 6.20655, OccupancyFlowLoss: 17.54425, DetectionLoss: 4.67329
2026/06/17 08:22:55 - mmengine - INFO - [TRAIN] Epoch 14 Iter   100/750: Loss: 30.105 (25.914), grad_norm: 40.603, lr: 0.0000200, time: 4.987 (0.008)
2026/06/17 08:22:55 - mmengine - INFO - OccupancyLoss: 5.03825, OccupancyFlowLoss: 17.49558, DetectionLoss: 7.57107
2026/06/17 08:27:00 - mmengine - INFO - [TRAIN] Epoch 14 Iter   150/750: Loss: 23.723 (24.597), grad_norm: 27.007, lr: 0.0000200, time: 5.003 (0.008)
2026/06/17 08:27:00 - mmengine - INFO - OccupancyLoss: 4.50396, OccupancyFlowLoss: 16.33913, DetectionLoss: 2.87967
2026/06/17 08:31:05 - mmengine - INFO - [TRAIN] Epoch 14 Iter   200/750: Loss: 26.606 (25.085), grad_norm: 26.002, lr: 0.0000200, time: 4.916 (0.008)
2026/06/17 08:31:05 - mmengine - INFO - OccupancyLoss: 5.37960, OccupancyFlowLoss: 17.52913, DetectionLoss: 3.69764
2026/06/17 08:35:09 - mmengine - INFO - [TRAIN] Epoch 14 Iter   250/750: Loss: 23.329 (25.647), grad_norm: 38.669, lr: 0.0000200, time: 4.895 (0.008)
2026/06/17 08:35:09 - mmengine - INFO - OccupancyLoss: 5.08544, OccupancyFlowLoss: 17.03108, DetectionLoss: 1.21267
2026/06/17 08:39:13 - mmengine - INFO - [TRAIN] Epoch 14 Iter   300/750: Loss: 29.408 (25.186), grad_norm: 46.778, lr: 0.0000200, time: 4.957 (0.008)
2026/06/17 08:39:13 - mmengine - INFO - OccupancyLoss: 7.58954, OccupancyFlowLoss: 17.37462, DetectionLoss: 4.44400
2026/06/17 08:43:18 - mmengine - INFO - [TRAIN] Epoch 14 Iter   350/750: Loss: 18.913 (25.350), grad_norm: 28.821, lr: 0.0000200, time: 4.899 (0.008)
2026/06/17 08:43:18 - mmengine - INFO - OccupancyLoss: 5.93363, OccupancyFlowLoss: 5.79327, DetectionLoss: 7.18601
2026/06/17 08:47:23 - mmengine - INFO - [TRAIN] Epoch 14 Iter   400/750: Loss: 25.799 (25.203), grad_norm: 25.244, lr: 0.0000200, time: 4.966 (0.008)
2026/06/17 08:47:23 - mmengine - INFO - OccupancyLoss: 7.07997, OccupancyFlowLoss: 16.84026, DetectionLoss: 1.87906
2026/06/17 08:51:28 - mmengine - INFO - [TRAIN] Epoch 14 Iter   450/750: Loss: 27.867 (25.394), grad_norm: 32.354, lr: 0.0000200, time: 4.880 (0.008)
2026/06/17 08:51:28 - mmengine - INFO - OccupancyLoss: 7.73481, OccupancyFlowLoss: 17.09937, DetectionLoss: 3.03232
2026/06/17 08:55:32 - mmengine - INFO - [TRAIN] Epoch 14 Iter   500/750: Loss: 27.001 (25.077), grad_norm: 33.904, lr: 0.0000200, time: 4.975 (0.008)
2026/06/17 08:55:32 - mmengine - INFO - OccupancyLoss: 6.34185, OccupancyFlowLoss: 16.97571, DetectionLoss: 3.68372
2026/06/17 08:59:38 - mmengine - INFO - [TRAIN] Epoch 14 Iter   550/750: Loss: 29.629 (25.014), grad_norm: 49.605, lr: 0.0000200, time: 4.955 (0.008)
2026/06/17 08:59:38 - mmengine - INFO - OccupancyLoss: 5.02644, OccupancyFlowLoss: 17.54370, DetectionLoss: 7.05862
2026/06/17 09:03:42 - mmengine - INFO - [TRAIN] Epoch 14 Iter   600/750: Loss: 28.301 (26.193), grad_norm: 36.755, lr: 0.0000200, time: 4.933 (0.008)
2026/06/17 09:03:42 - mmengine - INFO - OccupancyLoss: 6.23473, OccupancyFlowLoss: 17.58773, DetectionLoss: 4.47848
2026/06/17 09:07:48 - mmengine - INFO - [TRAIN] Epoch 14 Iter   650/750: Loss: 30.409 (26.639), grad_norm: 64.190, lr: 0.0000200, time: 4.998 (0.008)
2026/06/17 09:07:48 - mmengine - INFO - OccupancyLoss: 6.45353, OccupancyFlowLoss: 17.41230, DetectionLoss: 6.54366
2026/06/17 09:11:52 - mmengine - INFO - [TRAIN] Epoch 14 Iter   700/750: Loss: 29.527 (27.311), grad_norm: 34.235, lr: 0.0000200, time: 4.915 (0.008)
2026/06/17 09:11:52 - mmengine - INFO - OccupancyLoss: 7.00975, OccupancyFlowLoss: 16.98822, DetectionLoss: 5.52950
2026/06/17 09:16:11 - mmengine - INFO - [EVAL] Epoch 15 Iter     0: Loss: 27.152 (27.152)
2026/06/17 09:16:11 - mmengine - INFO - OccupancyLoss: 4.70029, OccupancyFlowLoss: 17.53351, DetectionLoss: 4.91812
2026/06/17 09:17:05 - mmengine - INFO - [EVAL] Epoch 15 Iter    50: Loss: 29.043 (29.930)
2026/06/17 09:17:05 - mmengine - INFO - OccupancyLoss: 5.15965, OccupancyFlowLoss: 17.22435, DetectionLoss: 6.65937
2026/06/17 09:17:59 - mmengine - INFO - [EVAL] Epoch 15 Iter   100: Loss: 30.517 (29.219)
2026/06/17 09:17:59 - mmengine - INFO - OccupancyLoss: 8.14080, OccupancyFlowLoss: 17.21620, DetectionLoss: 5.16022
2026/06/17 09:18:52 - mmengine - INFO - [EVAL] Epoch 15 Iter   150: Loss: 12.511 (29.788)
2026/06/17 09:18:52 - mmengine - INFO - OccupancyLoss: 6.46110, OccupancyFlowLoss: 5.88106, DetectionLoss: 0.16882
2026/06/17 09:19:46 - mmengine - INFO - [EVAL] Epoch 15 Iter   200: Loss: 21.346 (29.906)
2026/06/17 09:19:46 - mmengine - INFO - OccupancyLoss: 9.69469, OccupancyFlowLoss: 8.70248, DetectionLoss: 2.94838
2026/06/17 09:20:41 - mmengine - INFO - [EVAL] Epoch 15 Iter   250: Loss: 31.771 (30.167)
2026/06/17 09:20:41 - mmengine - INFO - OccupancyLoss: 7.38295, OccupancyFlowLoss: 17.16953, DetectionLoss: 7.21827
2026/06/17 09:21:34 - mmengine - INFO - [EVAL] Epoch 15 Iter   300: Loss: 32.359 (29.967)
2026/06/17 09:21:34 - mmengine - INFO - OccupancyLoss: 8.68483, OccupancyFlowLoss: 17.59196, DetectionLoss: 6.08263
2026/06/17 09:22:29 - mmengine - INFO - [EVAL] Epoch 15 Iter   350: Loss: 20.639 (30.147)
2026/06/17 09:22:29 - mmengine - INFO - OccupancyLoss: 5.98124, OccupancyFlowLoss: 8.71306, DetectionLoss: 5.94446
2026/06/17 09:23:23 - mmengine - INFO - [EVAL] Epoch 15 Iter   400: Loss: 16.748 (30.035)
2026/06/17 09:23:23 - mmengine - INFO - OccupancyLoss: 6.86645, OccupancyFlowLoss: 2.89211, DetectionLoss: 6.98954
2026/06/17 09:24:17 - mmengine - INFO - [EVAL] Epoch 15 Iter   450: Loss: 38.260 (30.033)
2026/06/17 09:24:17 - mmengine - INFO - OccupancyLoss: 7.47609, OccupancyFlowLoss: 17.45644, DetectionLoss: 13.32767
2026/06/17 09:25:10 - mmengine - INFO - Validation per class iou none:
2026/06/17 09:25:10 - mmengine - INFO - barrier : 14.15%, 0.25, 0.25
2026/06/17 09:25:10 - mmengine - INFO - bicycle : 0.00%, 0.00, 0.00
2026/06/17 09:25:10 - mmengine - INFO - bus : 26.18%, 0.40, 0.43
2026/06/17 09:25:10 - mmengine - INFO - car : 30.23%, 0.48, 0.45
2026/06/17 09:25:10 - mmengine - INFO - construction_vehicle : 4.15%, 0.15, 0.05
2026/06/17 09:25:10 - mmengine - INFO - motorcycle : 0.00%, 0.00, 0.00
2026/06/17 09:25:10 - mmengine - INFO - pedestrian : 0.63%, 0.08, 0.01
2026/06/17 09:25:10 - mmengine - INFO - traffic_cone : 0.00%, 0.00, 0.00
2026/06/17 09:25:10 - mmengine - INFO - trailer : 9.96%, 0.20, 0.16
2026/06/17 09:25:10 - mmengine - INFO - truck : 19.68%, 0.32, 0.34
2026/06/17 09:25:10 - mmengine - INFO - driveable_surface : 39.31%, 0.65, 0.50
2026/06/17 09:25:10 - mmengine - INFO - other_flat : 16.56%, 0.45, 0.21
2026/06/17 09:25:10 - mmengine - INFO - sidewalk : 21.66%, 0.40, 0.32
2026/06/17 09:25:10 - mmengine - INFO - terrain : 20.06%, 0.37, 0.31
2026/06/17 09:25:10 - mmengine - INFO - manmade : 5.60%, 0.31, 0.06
2026/06/17 09:25:10 - mmengine - INFO - vegetation : 18.51%, 0.38, 0.27
2026/06/17 09:25:10 - mmengine - INFO - tensor([  213109,    14566,   204192,  1435223,   106632,    22025,   206833,
           42653,   134799,   555406,  7051599,   345594,  2482869,  3418334,
         7852446,  8317553, 32659904], device='cuda:0', dtype=torch.int32)
2026/06/17 09:25:10 - mmengine - INFO - tensor([   53346,        0,    87051,   644433,     5730,        0,     1407,
               0,    22087,   190493,  3514010,    71997,   796076,  1051987,
          503331,  2209049, 11644134], device='cuda:0', dtype=torch.int32)
2026/06/17 09:25:10 - mmengine - INFO - tensor([  217295,        0,   215340,  1341233,    37149,        0,    16694,
              63,   109009,   603106,  5400548,   161056,  1988145,  2877076,
         1646049,  5824561, 20437324], device='cuda:0', dtype=torch.int32)
2026/06/17 09:25:10 - mmengine - INFO - mIoU: 14.168300229357556, iou2: 28.089900970458984
2026/06/17 09:25:10 - mmengine - INFO - Current val loss is 30.144
