WARNING:torch.distributed.run:
*****************************************
Setting OMP_NUM_THREADS environment variable for each process to be 1 in default, to avoid your system being overloaded, please further tune the variable for optimal performance in your application as needed. 
*****************************************
Failed to start virtual display.
Failed to start virtual display.
No Mayavi installation found.
No Mayavi installation found.
Failed to start virtual display.
No Mayavi installation found.
Failed to start virtual display.
No Mayavi installation found.
Namespace(backend='nccl', dataset='nuscenes', gpus=4, gradient_accumulation=1, iter_resume=False, py_config='config/nuscenes_gs25600_frontier_v2/nuscenes_gs25600_frontier_v2.py', resume_from='', seed=42, vis_map=False, work_dir='out/nuscenes_gs25600_frontier_v2')
Namespace(backend='nccl', dataset='nuscenes', gpus=4, gradient_accumulation=1, iter_resume=False, py_config='config/nuscenes_gs25600_frontier_v2/nuscenes_gs25600_frontier_v2.py', resume_from='', seed=42, vis_map=False, work_dir='out/nuscenes_gs25600_frontier_v2')
Namespace(backend='nccl', dataset='nuscenes', gpus=4, gradient_accumulation=1, iter_resume=False, py_config='config/nuscenes_gs25600_frontier_v2/nuscenes_gs25600_frontier_v2.py', resume_from='', seed=42, vis_map=False, work_dir='out/nuscenes_gs25600_frontier_v2')
Namespace(backend='nccl', dataset='nuscenes', gpus=4, gradient_accumulation=1, iter_resume=False, py_config='config/nuscenes_gs25600_frontier_v2/nuscenes_gs25600_frontier_v2.py', resume_from='', seed=42, vis_map=False, work_dir='out/nuscenes_gs25600_frontier_v2')
rank=2, local_rank=2, world_size=4
rank=0, local_rank=0, world_size=4
rank=3, local_rank=3, world_size=4
rank=1, local_rank=1, world_size=4
rank=1, local_rank=1, world_size=4
rank=3, local_rank=3, world_size=4
rank=0, local_rank=0, world_size=4
rank=2, local_rank=2, world_size=4
08/04 12:51:56 - mmengine - INFO - Frozen module: map_decoder
08/04 12:51:56 - mmengine - INFO - Frozen module: planner_head
08/04 12:51:56 - mmengine - INFO - Number of params: 166842239
08/04 12:51:56 - mmengine - INFO - converted sync bn.
08/04 12:52:00 - mmengine - INFO - done ddp model
08/04 12:53:48 - mmengine - WARNING - img_backbone.conv1.weight is skipped since its requires_grad=False
08/04 12:53:48 - mmengine - WARNING - img_backbone.bn1.weight is skipped since its requires_grad=False
08/04 12:53:48 - mmengine - WARNING - img_backbone.bn1.bias is skipped since its requires_grad=False
08/04 12:53:48 - mmengine - WARNING - img_backbone.layer1.0.conv1.weight is skipped since its requires_grad=False
08/04 12:53:48 - mmengine - WARNING - img_backbone.layer1.0.bn1.weight is skipped since its requires_grad=False
08/04 12:53:48 - mmengine - WARNING - img_backbone.layer1.0.bn1.bias is skipped since its requires_grad=False
08/04 12:53:48 - mmengine - WARNING - img_backbone.layer1.0.conv2.weight is skipped since its requires_grad=False
08/04 12:53:48 - mmengine - WARNING - img_backbone.layer1.0.bn2.weight is skipped since its requires_grad=False
08/04 12:53:48 - mmengine - WARNING - img_backbone.layer1.0.bn2.bias is skipped since its requires_grad=False
08/04 12:53:48 - mmengine - WARNING - img_backbone.layer1.0.conv3.weight is skipped since its requires_grad=False
08/04 12:53:48 - mmengine - WARNING - img_backbone.layer1.0.bn3.weight is skipped since its requires_grad=False
08/04 12:53:48 - mmengine - WARNING - img_backbone.layer1.0.bn3.bias is skipped since its requires_grad=False
08/04 12:53:48 - mmengine - WARNING - img_backbone.layer1.0.downsample.0.weight is skipped since its requires_grad=False
08/04 12:53:48 - mmengine - WARNING - img_backbone.layer1.0.downsample.1.weight is skipped since its requires_grad=False
08/04 12:53:48 - mmengine - WARNING - img_backbone.layer1.0.downsample.1.bias is skipped since its requires_grad=False
08/04 12:53:48 - mmengine - WARNING - img_backbone.layer1.1.conv1.weight is skipped since its requires_grad=False
08/04 12:53:48 - mmengine - WARNING - img_backbone.layer1.1.bn1.weight is skipped since its requires_grad=False
08/04 12:53:48 - mmengine - WARNING - img_backbone.layer1.1.bn1.bias is skipped since its requires_grad=False
08/04 12:53:48 - mmengine - WARNING - img_backbone.layer1.1.conv2.weight is skipped since its requires_grad=False
08/04 12:53:48 - mmengine - WARNING - img_backbone.layer1.1.bn2.weight is skipped since its requires_grad=False
08/04 12:53:48 - mmengine - WARNING - img_backbone.layer1.1.bn2.bias is skipped since its requires_grad=False
08/04 12:53:48 - mmengine - WARNING - img_backbone.layer1.1.conv3.weight is skipped since its requires_grad=False
08/04 12:53:48 - mmengine - WARNING - img_backbone.layer1.1.bn3.weight is skipped since its requires_grad=False
08/04 12:53:48 - mmengine - WARNING - img_backbone.layer1.1.bn3.bias is skipped since its requires_grad=False
08/04 12:53:48 - mmengine - WARNING - img_backbone.layer1.2.conv1.weight is skipped since its requires_grad=False
08/04 12:53:48 - mmengine - WARNING - img_backbone.layer1.2.bn1.weight is skipped since its requires_grad=False
08/04 12:53:48 - mmengine - WARNING - img_backbone.layer1.2.bn1.bias is skipped since its requires_grad=False
08/04 12:53:48 - mmengine - WARNING - img_backbone.layer1.2.conv2.weight is skipped since its requires_grad=False
08/04 12:53:48 - mmengine - WARNING - img_backbone.layer1.2.bn2.weight is skipped since its requires_grad=False
08/04 12:53:48 - mmengine - WARNING - img_backbone.layer1.2.bn2.bias is skipped since its requires_grad=False
08/04 12:53:48 - mmengine - WARNING - img_backbone.layer1.2.conv3.weight is skipped since its requires_grad=False
08/04 12:53:48 - mmengine - WARNING - img_backbone.layer1.2.bn3.weight is skipped since its requires_grad=False
08/04 12:53:48 - mmengine - WARNING - img_backbone.layer1.2.bn3.bias is skipped since its requires_grad=False
08/04 12:53:48 - mmengine - INFO - paramwise_options -- img_backbone.layer2.0.conv1.weight:lr=2e-05
08/04 12:53:48 - mmengine - INFO - paramwise_options -- img_backbone.layer2.0.conv1.weight:weight_decay=0.01
08/04 12:53:48 - mmengine - INFO - paramwise_options -- img_backbone.layer2.0.conv1.weight:lr_mult=0.1
08/04 12:53:48 - mmengine - WARNING - img_backbone.layer2.0.bn1.weight is skipped since its requires_grad=False
08/04 12:53:48 - mmengine - WARNING - img_backbone.layer2.0.bn1.bias is skipped since its requires_grad=False
08/04 12:53:48 - mmengine - INFO - paramwise_options -- img_backbone.layer2.0.conv2.weight:lr=2e-05
08/04 12:53:48 - mmengine - INFO - paramwise_options -- img_backbone.layer2.0.conv2.weight:weight_decay=0.01
08/04 12:53:48 - mmengine - INFO - paramwise_options -- img_backbone.layer2.0.conv2.weight:lr_mult=0.1
08/04 12:53:48 - mmengine - WARNING - img_backbone.layer2.0.bn2.weight is skipped since its requires_grad=False
08/04 12:53:48 - mmengine - WARNING - img_backbone.layer2.0.bn2.bias is skipped since its requires_grad=False
08/04 12:53:48 - mmengine - INFO - paramwise_options -- img_backbone.layer2.0.conv3.weight:lr=2e-05
08/04 12:53:48 - mmengine - INFO - paramwise_options -- img_backbone.layer2.0.conv3.weight:weight_decay=0.01
08/04 12:53:48 - mmengine - INFO - paramwise_options -- img_backbone.layer2.0.conv3.weight:lr_mult=0.1
08/04 12:53:48 - mmengine - WARNING - img_backbone.layer2.0.bn3.weight is skipped since its requires_grad=False
08/04 12:53:48 - mmengine - WARNING - img_backbone.layer2.0.bn3.bias is skipped since its requires_grad=False
08/04 12:53:48 - mmengine - INFO - paramwise_options -- img_backbone.layer2.0.downsample.0.weight:lr=2e-05
08/04 12:53:48 - mmengine - INFO - paramwise_options -- img_backbone.layer2.0.downsample.0.weight:weight_decay=0.01
08/04 12:53:48 - mmengine - INFO - paramwise_options -- img_backbone.layer2.0.downsample.0.weight:lr_mult=0.1
08/04 12:53:48 - mmengine - WARNING - img_backbone.layer2.0.downsample.1.weight is skipped since its requires_grad=False
08/04 12:53:48 - mmengine - WARNING - img_backbone.layer2.0.downsample.1.bias is skipped since its requires_grad=False
08/04 12:53:48 - mmengine - INFO - paramwise_options -- img_backbone.layer2.1.conv1.weight:lr=2e-05
08/04 12:53:48 - mmengine - INFO - paramwise_options -- img_backbone.layer2.1.conv1.weight:weight_decay=0.01
08/04 12:53:48 - mmengine - INFO - paramwise_options -- img_backbone.layer2.1.conv1.weight:lr_mult=0.1
08/04 12:53:48 - mmengine - WARNING - img_backbone.layer2.1.bn1.weight is skipped since its requires_grad=False
08/04 12:53:48 - mmengine - WARNING - img_backbone.layer2.1.bn1.bias is skipped since its requires_grad=False
08/04 12:53:48 - mmengine - INFO - paramwise_options -- img_backbone.layer2.1.conv2.weight:lr=2e-05
08/04 12:53:48 - mmengine - INFO - paramwise_options -- img_backbone.layer2.1.conv2.weight:weight_decay=0.01
08/04 12:53:48 - mmengine - INFO - paramwise_options -- img_backbone.layer2.1.conv2.weight:lr_mult=0.1
08/04 12:53:48 - mmengine - WARNING - img_backbone.layer2.1.bn2.weight is skipped since its requires_grad=False
08/04 12:53:48 - mmengine - WARNING - img_backbone.layer2.1.bn2.bias is skipped since its requires_grad=False
08/04 12:53:48 - mmengine - INFO - paramwise_options -- img_backbone.layer2.1.conv3.weight:lr=2e-05
08/04 12:53:48 - mmengine - INFO - paramwise_options -- img_backbone.layer2.1.conv3.weight:weight_decay=0.01
08/04 12:53:48 - mmengine - INFO - paramwise_options -- img_backbone.layer2.1.conv3.weight:lr_mult=0.1
08/04 12:53:48 - mmengine - WARNING - img_backbone.layer2.1.bn3.weight is skipped since its requires_grad=False
08/04 12:53:48 - mmengine - WARNING - img_backbone.layer2.1.bn3.bias is skipped since its requires_grad=False
08/04 12:53:48 - mmengine - INFO - paramwise_options -- img_backbone.layer2.2.conv1.weight:lr=2e-05
08/04 12:53:48 - mmengine - INFO - paramwise_options -- img_backbone.layer2.2.conv1.weight:weight_decay=0.01
08/04 12:53:48 - mmengine - INFO - paramwise_options -- img_backbone.layer2.2.conv1.weight:lr_mult=0.1
08/04 12:53:48 - mmengine - WARNING - img_backbone.layer2.2.bn1.weight is skipped since its requires_grad=False
08/04 12:53:48 - mmengine - WARNING - img_backbone.layer2.2.bn1.bias is skipped since its requires_grad=False
08/04 12:53:48 - mmengine - INFO - paramwise_options -- img_backbone.layer2.2.conv2.weight:lr=2e-05
08/04 12:53:48 - mmengine - INFO - paramwise_options -- img_backbone.layer2.2.conv2.weight:weight_decay=0.01
08/04 12:53:48 - mmengine - INFO - paramwise_options -- img_backbone.layer2.2.conv2.weight:lr_mult=0.1
08/04 12:53:48 - mmengine - WARNING - img_backbone.layer2.2.bn2.weight is skipped since its requires_grad=False
08/04 12:53:48 - mmengine - WARNING - img_backbone.layer2.2.bn2.bias is skipped since its requires_grad=False
08/04 12:53:48 - mmengine - INFO - paramwise_options -- img_backbone.layer2.2.conv3.weight:lr=2e-05
08/04 12:53:48 - mmengine - INFO - paramwise_options -- img_backbone.layer2.2.conv3.weight:weight_decay=0.01
08/04 12:53:48 - mmengine - INFO - paramwise_options -- img_backbone.layer2.2.conv3.weight:lr_mult=0.1
08/04 12:53:48 - mmengine - WARNING - img_backbone.layer2.2.bn3.weight is skipped since its requires_grad=False
08/04 12:53:48 - mmengine - WARNING - img_backbone.layer2.2.bn3.bias is skipped since its requires_grad=False
08/04 12:53:48 - mmengine - INFO - paramwise_options -- img_backbone.layer2.3.conv1.weight:lr=2e-05
08/04 12:53:48 - mmengine - INFO - paramwise_options -- img_backbone.layer2.3.conv1.weight:weight_decay=0.01
08/04 12:53:48 - mmengine - INFO - paramwise_options -- img_backbone.layer2.3.conv1.weight:lr_mult=0.1
08/04 12:53:48 - mmengine - WARNING - img_backbone.layer2.3.bn1.weight is skipped since its requires_grad=False
08/04 12:53:48 - mmengine - WARNING - img_backbone.layer2.3.bn1.bias is skipped since its requires_grad=False
08/04 12:53:48 - mmengine - INFO - paramwise_options -- img_backbone.layer2.3.conv2.weight:lr=2e-05
08/04 12:53:48 - mmengine - INFO - paramwise_options -- img_backbone.layer2.3.conv2.weight:weight_decay=0.01
08/04 12:53:48 - mmengine - INFO - paramwise_options -- img_backbone.layer2.3.conv2.weight:lr_mult=0.1
08/04 12:53:48 - mmengine - WARNING - img_backbone.layer2.3.bn2.weight is skipped since its requires_grad=False
08/04 12:53:48 - mmengine - WARNING - img_backbone.layer2.3.bn2.bias is skipped since its requires_grad=False
08/04 12:53:48 - mmengine - INFO - paramwise_options -- img_backbone.layer2.3.conv3.weight:lr=2e-05
08/04 12:53:48 - mmengine - INFO - paramwise_options -- img_backbone.layer2.3.conv3.weight:weight_decay=0.01
08/04 12:53:48 - mmengine - INFO - paramwise_options -- img_backbone.layer2.3.conv3.weight:lr_mult=0.1
08/04 12:53:48 - mmengine - WARNING - img_backbone.layer2.3.bn3.weight is skipped since its requires_grad=False
08/04 12:53:48 - mmengine - WARNING - img_backbone.layer2.3.bn3.bias is skipped since its requires_grad=False
08/04 12:53:48 - mmengine - INFO - paramwise_options -- img_backbone.layer3.0.conv1.weight:lr=2e-05
08/04 12:53:48 - mmengine - INFO - paramwise_options -- img_backbone.layer3.0.conv1.weight:weight_decay=0.01
08/04 12:53:48 - mmengine - INFO - paramwise_options -- img_backbone.layer3.0.conv1.weight:lr_mult=0.1
08/04 12:53:48 - mmengine - WARNING - img_backbone.layer3.0.bn1.weight is skipped since its requires_grad=False
08/04 12:53:48 - mmengine - WARNING - img_backbone.layer3.0.bn1.bias is skipped since its requires_grad=False
08/04 12:53:48 - mmengine - INFO - paramwise_options -- img_backbone.layer3.0.conv2.weight:lr=2e-05
08/04 12:53:48 - mmengine - INFO - paramwise_options -- img_backbone.layer3.0.conv2.weight:weight_decay=0.01
08/04 12:53:48 - mmengine - INFO - paramwise_options -- img_backbone.layer3.0.conv2.weight:lr_mult=0.1
08/04 12:53:48 - mmengine - INFO - paramwise_options -- img_backbone.layer3.0.conv2.conv_offset.weight:lr=2e-05
08/04 12:53:48 - mmengine - INFO - paramwise_options -- img_backbone.layer3.0.conv2.conv_offset.weight:weight_decay=0.01
08/04 12:53:48 - mmengine - INFO - paramwise_options -- img_backbone.layer3.0.conv2.conv_offset.weight:lr_mult=0.1
08/04 12:53:48 - mmengine - INFO - paramwise_options -- img_backbone.layer3.0.conv2.conv_offset.bias:lr=2e-05
08/04 12:53:48 - mmengine - INFO - paramwise_options -- img_backbone.layer3.0.conv2.conv_offset.bias:weight_decay=0.01
08/04 12:53:48 - mmengine - INFO - paramwise_options -- img_backbone.layer3.0.conv2.conv_offset.bias:lr_mult=0.1
08/04 12:53:48 - mmengine - WARNING - img_backbone.layer3.0.bn2.weight is skipped since its requires_grad=False
08/04 12:53:48 - mmengine - WARNING - img_backbone.layer3.0.bn2.bias is skipped since its requires_grad=False
08/04 12:53:48 - mmengine - INFO - paramwise_options -- img_backbone.layer3.0.conv3.weight:lr=2e-05
08/04 12:53:48 - mmengine - INFO - paramwise_options -- img_backbone.layer3.0.conv3.weight:weight_decay=0.01
08/04 12:53:48 - mmengine - INFO - paramwise_options -- img_backbone.layer3.0.conv3.weight:lr_mult=0.1
08/04 12:53:48 - mmengine - WARNING - img_backbone.layer3.0.bn3.weight is skipped since its requires_grad=False
08/04 12:53:48 - mmengine - WARNING - img_backbone.layer3.0.bn3.bias is skipped since its requires_grad=False
08/04 12:53:48 - mmengine - INFO - paramwise_options -- img_backbone.layer3.0.downsample.0.weight:lr=2e-05
08/04 12:53:48 - mmengine - INFO - paramwise_options -- img_backbone.layer3.0.downsample.0.weight:weight_decay=0.01
08/04 12:53:48 - mmengine - INFO - paramwise_options -- img_backbone.layer3.0.downsample.0.weight:lr_mult=0.1
08/04 12:53:48 - mmengine - WARNING - img_backbone.layer3.0.downsample.1.weight is skipped since its requires_grad=False
08/04 12:53:48 - mmengine - WARNING - img_backbone.layer3.0.downsample.1.bias is skipped since its requires_grad=False
08/04 12:53:48 - mmengine - INFO - paramwise_options -- img_backbone.layer3.1.conv1.weight:lr=2e-05
08/04 12:53:48 - mmengine - INFO - paramwise_options -- img_backbone.layer3.1.conv1.weight:weight_decay=0.01
08/04 12:53:48 - mmengine - INFO - paramwise_options -- img_backbone.layer3.1.conv1.weight:lr_mult=0.1
08/04 12:53:48 - mmengine - WARNING - img_backbone.layer3.1.bn1.weight is skipped since its requires_grad=False
08/04 12:53:48 - mmengine - WARNING - img_backbone.layer3.1.bn1.bias is skipped since its requires_grad=False
08/04 12:53:48 - mmengine - INFO - paramwise_options -- img_backbone.layer3.1.conv2.weight:lr=2e-05
08/04 12:53:48 - mmengine - INFO - paramwise_options -- img_backbone.layer3.1.conv2.weight:weight_decay=0.01
08/04 12:53:48 - mmengine - INFO - paramwise_options -- img_backbone.layer3.1.conv2.weight:lr_mult=0.1
08/04 12:53:48 - mmengine - INFO - paramwise_options -- img_backbone.layer3.1.conv2.conv_offset.weight:lr=2e-05
08/04 12:53:48 - mmengine - INFO - paramwise_options -- img_backbone.layer3.1.conv2.conv_offset.weight:weight_decay=0.01
08/04 12:53:48 - mmengine - INFO - paramwise_options -- img_backbone.layer3.1.conv2.conv_offset.weight:lr_mult=0.1
08/04 12:53:48 - mmengine - INFO - paramwise_options -- img_backbone.layer3.1.conv2.conv_offset.bias:lr=2e-05
08/04 12:53:48 - mmengine - INFO - paramwise_options -- img_backbone.layer3.1.conv2.conv_offset.bias:weight_decay=0.01
08/04 12:53:48 - mmengine - INFO - paramwise_options -- img_backbone.layer3.1.conv2.conv_offset.bias:lr_mult=0.1
08/04 12:53:48 - mmengine - WARNING - img_backbone.layer3.1.bn2.weight is skipped since its requires_grad=False
08/04 12:53:48 - mmengine - WARNING - img_backbone.layer3.1.bn2.bias is skipped since its requires_grad=False
08/04 12:53:48 - mmengine - INFO - paramwise_options -- img_backbone.layer3.1.conv3.weight:lr=2e-05
08/04 12:53:48 - mmengine - INFO - paramwise_options -- img_backbone.layer3.1.conv3.weight:weight_decay=0.01
08/04 12:53:48 - mmengine - INFO - paramwise_options -- img_backbone.layer3.1.conv3.weight:lr_mult=0.1
08/04 12:53:48 - mmengine - WARNING - img_backbone.layer3.1.bn3.weight is skipped since its requires_grad=False
08/04 12:53:48 - mmengine - WARNING - img_backbone.layer3.1.bn3.bias is skipped since its requires_grad=False
08/04 12:53:48 - mmengine - INFO - paramwise_options -- img_backbone.layer3.2.conv1.weight:lr=2e-05
08/04 12:53:48 - mmengine - INFO - paramwise_options -- img_backbone.layer3.2.conv1.weight:weight_decay=0.01
08/04 12:53:48 - mmengine - INFO - paramwise_options -- img_backbone.layer3.2.conv1.weight:lr_mult=0.1
08/04 12:53:48 - mmengine - WARNING - img_backbone.layer3.2.bn1.weight is skipped since its requires_grad=False
08/04 12:53:48 - mmengine - WARNING - img_backbone.layer3.2.bn1.bias is skipped since its requires_grad=False
08/04 12:53:48 - mmengine - INFO - paramwise_options -- img_backbone.layer3.2.conv2.weight:lr=2e-05
08/04 12:53:48 - mmengine - INFO - paramwise_options -- img_backbone.layer3.2.conv2.weight:weight_decay=0.01
08/04 12:53:48 - mmengine - INFO - paramwise_options -- img_backbone.layer3.2.conv2.weight:lr_mult=0.1
08/04 12:53:48 - mmengine - INFO - paramwise_options -- img_backbone.layer3.2.conv2.conv_offset.weight:lr=2e-05
08/04 12:53:48 - mmengine - INFO - paramwise_options -- img_backbone.layer3.2.conv2.conv_offset.weight:weight_decay=0.01
08/04 12:53:48 - mmengine - INFO - paramwise_options -- img_backbone.layer3.2.conv2.conv_offset.weight:lr_mult=0.1
08/04 12:53:48 - mmengine - INFO - paramwise_options -- img_backbone.layer3.2.conv2.conv_offset.bias:lr=2e-05
08/04 12:53:48 - mmengine - INFO - paramwise_options -- img_backbone.layer3.2.conv2.conv_offset.bias:weight_decay=0.01
08/04 12:53:48 - mmengine - INFO - paramwise_options -- img_backbone.layer3.2.conv2.conv_offset.bias:lr_mult=0.1
08/04 12:53:48 - mmengine - WARNING - img_backbone.layer3.2.bn2.weight is skipped since its requires_grad=False
08/04 12:53:48 - mmengine - WARNING - img_backbone.layer3.2.bn2.bias is skipped since its requires_grad=False
08/04 12:53:48 - mmengine - INFO - paramwise_options -- img_backbone.layer3.2.conv3.weight:lr=2e-05
08/04 12:53:48 - mmengine - INFO - paramwise_options -- img_backbone.layer3.2.conv3.weight:weight_decay=0.01
08/04 12:53:48 - mmengine - INFO - paramwise_options -- img_backbone.layer3.2.conv3.weight:lr_mult=0.1
08/04 12:53:48 - mmengine - WARNING - img_backbone.layer3.2.bn3.weight is skipped since its requires_grad=False
08/04 12:53:48 - mmengine - WARNING - img_backbone.layer3.2.bn3.bias is skipped since its requires_grad=False
08/04 12:53:48 - mmengine - INFO - paramwise_options -- img_backbone.layer3.3.conv1.weight:lr=2e-05
08/04 12:53:48 - mmengine - INFO - paramwise_options -- img_backbone.layer3.3.conv1.weight:weight_decay=0.01
08/04 12:53:48 - mmengine - INFO - paramwise_options -- img_backbone.layer3.3.conv1.weight:lr_mult=0.1
08/04 12:53:48 - mmengine - WARNING - img_backbone.layer3.3.bn1.weight is skipped since its requires_grad=False
08/04 12:53:48 - mmengine - WARNING - img_backbone.layer3.3.bn1.bias is skipped since its requires_grad=False
08/04 12:53:48 - mmengine - INFO - paramwise_options -- img_backbone.layer3.3.conv2.weight:lr=2e-05
08/04 12:53:48 - mmengine - INFO - paramwise_options -- img_backbone.layer3.3.conv2.weight:weight_decay=0.01
08/04 12:53:48 - mmengine - INFO - paramwise_options -- img_backbone.layer3.3.conv2.weight:lr_mult=0.1
08/04 12:53:48 - mmengine - INFO - paramwise_options -- img_backbone.layer3.3.conv2.conv_offset.weight:lr=2e-05
08/04 12:53:48 - mmengine - INFO - paramwise_options -- img_backbone.layer3.3.conv2.conv_offset.weight:weight_decay=0.01
08/04 12:53:48 - mmengine - INFO - paramwise_options -- img_backbone.layer3.3.conv2.conv_offset.weight:lr_mult=0.1
08/04 12:53:48 - mmengine - INFO - paramwise_options -- img_backbone.layer3.3.conv2.conv_offset.bias:lr=2e-05
08/04 12:53:48 - mmengine - INFO - paramwise_options -- img_backbone.layer3.3.conv2.conv_offset.bias:weight_decay=0.01
08/04 12:53:48 - mmengine - INFO - paramwise_options -- img_backbone.layer3.3.conv2.conv_offset.bias:lr_mult=0.1
08/04 12:53:48 - mmengine - WARNING - img_backbone.layer3.3.bn2.weight is skipped since its requires_grad=False
08/04 12:53:48 - mmengine - WARNING - img_backbone.layer3.3.bn2.bias is skipped since its requires_grad=False
08/04 12:53:48 - mmengine - INFO - paramwise_options -- img_backbone.layer3.3.conv3.weight:lr=2e-05
08/04 12:53:48 - mmengine - INFO - paramwise_options -- img_backbone.layer3.3.conv3.weight:weight_decay=0.01
08/04 12:53:48 - mmengine - INFO - paramwise_options -- img_backbone.layer3.3.conv3.weight:lr_mult=0.1
08/04 12:53:48 - mmengine - WARNING - img_backbone.layer3.3.bn3.weight is skipped since its requires_grad=False
08/04 12:53:48 - mmengine - WARNING - img_backbone.layer3.3.bn3.bias is skipped since its requires_grad=False
08/04 12:53:48 - mmengine - INFO - paramwise_options -- img_backbone.layer3.4.conv1.weight:lr=2e-05
08/04 12:53:48 - mmengine - INFO - paramwise_options -- img_backbone.layer3.4.conv1.weight:weight_decay=0.01
08/04 12:53:48 - mmengine - INFO - paramwise_options -- img_backbone.layer3.4.conv1.weight:lr_mult=0.1
08/04 12:53:48 - mmengine - WARNING - img_backbone.layer3.4.bn1.weight is skipped since its requires_grad=False
08/04 12:53:48 - mmengine - WARNING - img_backbone.layer3.4.bn1.bias is skipped since its requires_grad=False
08/04 12:53:48 - mmengine - INFO - paramwise_options -- img_backbone.layer3.4.conv2.weight:lr=2e-05
08/04 12:53:48 - mmengine - INFO - paramwise_options -- img_backbone.layer3.4.conv2.weight:weight_decay=0.01
08/04 12:53:48 - mmengine - INFO - paramwise_options -- img_backbone.layer3.4.conv2.weight:lr_mult=0.1
08/04 12:53:48 - mmengine - INFO - paramwise_options -- img_backbone.layer3.4.conv2.conv_offset.weight:lr=2e-05
08/04 12:53:48 - mmengine - INFO - paramwise_options -- img_backbone.layer3.4.conv2.conv_offset.weight:weight_decay=0.01
08/04 12:53:48 - mmengine - INFO - paramwise_options -- img_backbone.layer3.4.conv2.conv_offset.weight:lr_mult=0.1
08/04 12:53:48 - mmengine - INFO - paramwise_options -- img_backbone.layer3.4.conv2.conv_offset.bias:lr=2e-05
08/04 12:53:48 - mmengine - INFO - paramwise_options -- img_backbone.layer3.4.conv2.conv_offset.bias:weight_decay=0.01
08/04 12:53:48 - mmengine - INFO - paramwise_options -- img_backbone.layer3.4.conv2.conv_offset.bias:lr_mult=0.1
08/04 12:53:48 - mmengine - WARNING - img_backbone.layer3.4.bn2.weight is skipped since its requires_grad=False
08/04 12:53:48 - mmengine - WARNING - img_backbone.layer3.4.bn2.bias is skipped since its requires_grad=False
08/04 12:53:48 - mmengine - INFO - paramwise_options -- img_backbone.layer3.4.conv3.weight:lr=2e-05
08/04 12:53:48 - mmengine - INFO - paramwise_options -- img_backbone.layer3.4.conv3.weight:weight_decay=0.01
08/04 12:53:48 - mmengine - INFO - paramwise_options -- img_backbone.layer3.4.conv3.weight:lr_mult=0.1
08/04 12:53:48 - mmengine - WARNING - img_backbone.layer3.4.bn3.weight is skipped since its requires_grad=False
08/04 12:53:48 - mmengine - WARNING - img_backbone.layer3.4.bn3.bias is skipped since its requires_grad=False
08/04 12:53:48 - mmengine - INFO - paramwise_options -- img_backbone.layer3.5.conv1.weight:lr=2e-05
08/04 12:53:48 - mmengine - INFO - paramwise_options -- img_backbone.layer3.5.conv1.weight:weight_decay=0.01
08/04 12:53:48 - mmengine - INFO - paramwise_options -- img_backbone.layer3.5.conv1.weight:lr_mult=0.1
08/04 12:53:48 - mmengine - WARNING - img_backbone.layer3.5.bn1.weight is skipped since its requires_grad=False
08/04 12:53:48 - mmengine - WARNING - img_backbone.layer3.5.bn1.bias is skipped since its requires_grad=False
08/04 12:53:48 - mmengine - INFO - paramwise_options -- img_backbone.layer3.5.conv2.weight:lr=2e-05
08/04 12:53:48 - mmengine - INFO - paramwise_options -- img_backbone.layer3.5.conv2.weight:weight_decay=0.01
08/04 12:53:48 - mmengine - INFO - paramwise_options -- img_backbone.layer3.5.conv2.weight:lr_mult=0.1
08/04 12:53:48 - mmengine - INFO - paramwise_options -- img_backbone.layer3.5.conv2.conv_offset.weight:lr=2e-05
08/04 12:53:48 - mmengine - INFO - paramwise_options -- img_backbone.layer3.5.conv2.conv_offset.weight:weight_decay=0.01
08/04 12:53:48 - mmengine - INFO - paramwise_options -- img_backbone.layer3.5.conv2.conv_offset.weight:lr_mult=0.1
08/04 12:53:48 - mmengine - INFO - paramwise_options -- img_backbone.layer3.5.conv2.conv_offset.bias:lr=2e-05
08/04 12:53:48 - mmengine - INFO - paramwise_options -- img_backbone.layer3.5.conv2.conv_offset.bias:weight_decay=0.01
08/04 12:53:48 - mmengine - INFO - paramwise_options -- img_backbone.layer3.5.conv2.conv_offset.bias:lr_mult=0.1
08/04 12:53:48 - mmengine - WARNING - img_backbone.layer3.5.bn2.weight is skipped since its requires_grad=False
08/04 12:53:48 - mmengine - WARNING - img_backbone.layer3.5.bn2.bias is skipped since its requires_grad=False
08/04 12:53:48 - mmengine - INFO - paramwise_options -- img_backbone.layer3.5.conv3.weight:lr=2e-05
08/04 12:53:48 - mmengine - INFO - paramwise_options -- img_backbone.layer3.5.conv3.weight:weight_decay=0.01
08/04 12:53:48 - mmengine - INFO - paramwise_options -- img_backbone.layer3.5.conv3.weight:lr_mult=0.1
08/04 12:53:48 - mmengine - WARNING - img_backbone.layer3.5.bn3.weight is skipped since its requires_grad=False
08/04 12:53:48 - mmengine - WARNING - img_backbone.layer3.5.bn3.bias is skipped since its requires_grad=False
08/04 12:53:48 - mmengine - INFO - paramwise_options -- img_backbone.layer3.6.conv1.weight:lr=2e-05
08/04 12:53:48 - mmengine - INFO - paramwise_options -- img_backbone.layer3.6.conv1.weight:weight_decay=0.01
08/04 12:53:48 - mmengine - INFO - paramwise_options -- img_backbone.layer3.6.conv1.weight:lr_mult=0.1
08/04 12:53:48 - mmengine - WARNING - img_backbone.layer3.6.bn1.weight is skipped since its requires_grad=False
08/04 12:53:48 - mmengine - WARNING - img_backbone.layer3.6.bn1.bias is skipped since its requires_grad=False
08/04 12:53:48 - mmengine - INFO - paramwise_options -- img_backbone.layer3.6.conv2.weight:lr=2e-05
08/04 12:53:48 - mmengine - INFO - paramwise_options -- img_backbone.layer3.6.conv2.weight:weight_decay=0.01
08/04 12:53:48 - mmengine - INFO - paramwise_options -- img_backbone.layer3.6.conv2.weight:lr_mult=0.1
08/04 12:53:48 - mmengine - INFO - paramwise_options -- img_backbone.layer3.6.conv2.conv_offset.weight:lr=2e-05
08/04 12:53:48 - mmengine - INFO - paramwise_options -- img_backbone.layer3.6.conv2.conv_offset.weight:weight_decay=0.01
08/04 12:53:48 - mmengine - INFO - paramwise_options -- img_backbone.layer3.6.conv2.conv_offset.weight:lr_mult=0.1
08/04 12:53:48 - mmengine - INFO - paramwise_options -- img_backbone.layer3.6.conv2.conv_offset.bias:lr=2e-05
08/04 12:53:48 - mmengine - INFO - paramwise_options -- img_backbone.layer3.6.conv2.conv_offset.bias:weight_decay=0.01
08/04 12:53:48 - mmengine - INFO - paramwise_options -- img_backbone.layer3.6.conv2.conv_offset.bias:lr_mult=0.1
08/04 12:53:48 - mmengine - WARNING - img_backbone.layer3.6.bn2.weight is skipped since its requires_grad=False
08/04 12:53:48 - mmengine - WARNING - img_backbone.layer3.6.bn2.bias is skipped since its requires_grad=False
08/04 12:53:48 - mmengine - INFO - paramwise_options -- img_backbone.layer3.6.conv3.weight:lr=2e-05
08/04 12:53:48 - mmengine - INFO - paramwise_options -- img_backbone.layer3.6.conv3.weight:weight_decay=0.01
08/04 12:53:48 - mmengine - INFO - paramwise_options -- img_backbone.layer3.6.conv3.weight:lr_mult=0.1
08/04 12:53:48 - mmengine - WARNING - img_backbone.layer3.6.bn3.weight is skipped since its requires_grad=False
08/04 12:53:48 - mmengine - WARNING - img_backbone.layer3.6.bn3.bias is skipped since its requires_grad=False
08/04 12:53:48 - mmengine - INFO - paramwise_options -- img_backbone.layer3.7.conv1.weight:lr=2e-05
08/04 12:53:48 - mmengine - INFO - paramwise_options -- img_backbone.layer3.7.conv1.weight:weight_decay=0.01
08/04 12:53:48 - mmengine - INFO - paramwise_options -- img_backbone.layer3.7.conv1.weight:lr_mult=0.1
08/04 12:53:48 - mmengine - WARNING - img_backbone.layer3.7.bn1.weight is skipped since its requires_grad=False
08/04 12:53:48 - mmengine - WARNING - img_backbone.layer3.7.bn1.bias is skipped since its requires_grad=False
08/04 12:53:48 - mmengine - INFO - paramwise_options -- img_backbone.layer3.7.conv2.weight:lr=2e-05
08/04 12:53:48 - mmengine - INFO - paramwise_options -- img_backbone.layer3.7.conv2.weight:weight_decay=0.01
08/04 12:53:48 - mmengine - INFO - paramwise_options -- img_backbone.layer3.7.conv2.weight:lr_mult=0.1
08/04 12:53:48 - mmengine - INFO - paramwise_options -- img_backbone.layer3.7.conv2.conv_offset.weight:lr=2e-05
08/04 12:53:48 - mmengine - INFO - paramwise_options -- img_backbone.layer3.7.conv2.conv_offset.weight:weight_decay=0.01
08/04 12:53:48 - mmengine - INFO - paramwise_options -- img_backbone.layer3.7.conv2.conv_offset.weight:lr_mult=0.1
08/04 12:53:48 - mmengine - INFO - paramwise_options -- img_backbone.layer3.7.conv2.conv_offset.bias:lr=2e-05
08/04 12:53:48 - mmengine - INFO - paramwise_options -- img_backbone.layer3.7.conv2.conv_offset.bias:weight_decay=0.01
08/04 12:53:48 - mmengine - INFO - paramwise_options -- img_backbone.layer3.7.conv2.conv_offset.bias:lr_mult=0.1
08/04 12:53:48 - mmengine - WARNING - img_backbone.layer3.7.bn2.weight is skipped since its requires_grad=False
08/04 12:53:48 - mmengine - WARNING - img_backbone.layer3.7.bn2.bias is skipped since its requires_grad=False
08/04 12:53:48 - mmengine - INFO - paramwise_options -- img_backbone.layer3.7.conv3.weight:lr=2e-05
08/04 12:53:48 - mmengine - INFO - paramwise_options -- img_backbone.layer3.7.conv3.weight:weight_decay=0.01
08/04 12:53:48 - mmengine - INFO - paramwise_options -- img_backbone.layer3.7.conv3.weight:lr_mult=0.1
08/04 12:53:48 - mmengine - WARNING - img_backbone.layer3.7.bn3.weight is skipped since its requires_grad=False
08/04 12:53:48 - mmengine - WARNING - img_backbone.layer3.7.bn3.bias is skipped since its requires_grad=False
08/04 12:53:48 - mmengine - INFO - paramwise_options -- img_backbone.layer3.8.conv1.weight:lr=2e-05
08/04 12:53:48 - mmengine - INFO - paramwise_options -- img_backbone.layer3.8.conv1.weight:weight_decay=0.01
08/04 12:53:48 - mmengine - INFO - paramwise_options -- img_backbone.layer3.8.conv1.weight:lr_mult=0.1
08/04 12:53:48 - mmengine - WARNING - img_backbone.layer3.8.bn1.weight is skipped since its requires_grad=False
08/04 12:53:48 - mmengine - WARNING - img_backbone.layer3.8.bn1.bias is skipped since its requires_grad=False
08/04 12:53:48 - mmengine - INFO - paramwise_options -- img_backbone.layer3.8.conv2.weight:lr=2e-05
08/04 12:53:48 - mmengine - INFO - paramwise_options -- img_backbone.layer3.8.conv2.weight:weight_decay=0.01
08/04 12:53:48 - mmengine - INFO - paramwise_options -- img_backbone.layer3.8.conv2.weight:lr_mult=0.1
08/04 12:53:48 - mmengine - INFO - paramwise_options -- img_backbone.layer3.8.conv2.conv_offset.weight:lr=2e-05
08/04 12:53:48 - mmengine - INFO - paramwise_options -- img_backbone.layer3.8.conv2.conv_offset.weight:weight_decay=0.01
08/04 12:53:48 - mmengine - INFO - paramwise_options -- img_backbone.layer3.8.conv2.conv_offset.weight:lr_mult=0.1
08/04 12:53:48 - mmengine - INFO - paramwise_options -- img_backbone.layer3.8.conv2.conv_offset.bias:lr=2e-05
08/04 12:53:48 - mmengine - INFO - paramwise_options -- img_backbone.layer3.8.conv2.conv_offset.bias:weight_decay=0.01
08/04 12:53:48 - mmengine - INFO - paramwise_options -- img_backbone.layer3.8.conv2.conv_offset.bias:lr_mult=0.1
08/04 12:53:48 - mmengine - WARNING - img_backbone.layer3.8.bn2.weight is skipped since its requires_grad=False
08/04 12:53:48 - mmengine - WARNING - img_backbone.layer3.8.bn2.bias is skipped since its requires_grad=False
08/04 12:53:48 - mmengine - INFO - paramwise_options -- img_backbone.layer3.8.conv3.weight:lr=2e-05
08/04 12:53:48 - mmengine - INFO - paramwise_options -- img_backbone.layer3.8.conv3.weight:weight_decay=0.01
08/04 12:53:48 - mmengine - INFO - paramwise_options -- img_backbone.layer3.8.conv3.weight:lr_mult=0.1
08/04 12:53:48 - mmengine - WARNING - img_backbone.layer3.8.bn3.weight is skipped since its requires_grad=False
08/04 12:53:48 - mmengine - WARNING - img_backbone.layer3.8.bn3.bias is skipped since its requires_grad=False
08/04 12:53:48 - mmengine - INFO - paramwise_options -- img_backbone.layer3.9.conv1.weight:lr=2e-05
08/04 12:53:48 - mmengine - INFO - paramwise_options -- img_backbone.layer3.9.conv1.weight:weight_decay=0.01
08/04 12:53:48 - mmengine - INFO - paramwise_options -- img_backbone.layer3.9.conv1.weight:lr_mult=0.1
08/04 12:53:48 - mmengine - WARNING - img_backbone.layer3.9.bn1.weight is skipped since its requires_grad=False
08/04 12:53:48 - mmengine - WARNING - img_backbone.layer3.9.bn1.bias is skipped since its requires_grad=False
08/04 12:53:48 - mmengine - INFO - paramwise_options -- img_backbone.layer3.9.conv2.weight:lr=2e-05
08/04 12:53:48 - mmengine - INFO - paramwise_options -- img_backbone.layer3.9.conv2.weight:weight_decay=0.01
08/04 12:53:48 - mmengine - INFO - paramwise_options -- img_backbone.layer3.9.conv2.weight:lr_mult=0.1
08/04 12:53:48 - mmengine - INFO - paramwise_options -- img_backbone.layer3.9.conv2.conv_offset.weight:lr=2e-05
08/04 12:53:48 - mmengine - INFO - paramwise_options -- img_backbone.layer3.9.conv2.conv_offset.weight:weight_decay=0.01
08/04 12:53:48 - mmengine - INFO - paramwise_options -- img_backbone.layer3.9.conv2.conv_offset.weight:lr_mult=0.1
08/04 12:53:48 - mmengine - INFO - paramwise_options -- img_backbone.layer3.9.conv2.conv_offset.bias:lr=2e-05
08/04 12:53:48 - mmengine - INFO - paramwise_options -- img_backbone.layer3.9.conv2.conv_offset.bias:weight_decay=0.01
08/04 12:53:48 - mmengine - INFO - paramwise_options -- img_backbone.layer3.9.conv2.conv_offset.bias:lr_mult=0.1
08/04 12:53:48 - mmengine - WARNING - img_backbone.layer3.9.bn2.weight is skipped since its requires_grad=False
08/04 12:53:48 - mmengine - WARNING - img_backbone.layer3.9.bn2.bias is skipped since its requires_grad=False
08/04 12:53:48 - mmengine - INFO - paramwise_options -- img_backbone.layer3.9.conv3.weight:lr=2e-05
08/04 12:53:48 - mmengine - INFO - paramwise_options -- img_backbone.layer3.9.conv3.weight:weight_decay=0.01
08/04 12:53:48 - mmengine - INFO - paramwise_options -- img_backbone.layer3.9.conv3.weight:lr_mult=0.1
08/04 12:53:48 - mmengine - WARNING - img_backbone.layer3.9.bn3.weight is skipped since its requires_grad=False
08/04 12:53:48 - mmengine - WARNING - img_backbone.layer3.9.bn3.bias is skipped since its requires_grad=False
08/04 12:53:48 - mmengine - INFO - paramwise_options -- img_backbone.layer3.10.conv1.weight:lr=2e-05
08/04 12:53:48 - mmengine - INFO - paramwise_options -- img_backbone.layer3.10.conv1.weight:weight_decay=0.01
08/04 12:53:48 - mmengine - INFO - paramwise_options -- img_backbone.layer3.10.conv1.weight:lr_mult=0.1
08/04 12:53:48 - mmengine - WARNING - img_backbone.layer3.10.bn1.weight is skipped since its requires_grad=False
08/04 12:53:48 - mmengine - WARNING - img_backbone.layer3.10.bn1.bias is skipped since its requires_grad=False
08/04 12:53:48 - mmengine - INFO - paramwise_options -- img_backbone.layer3.10.conv2.weight:lr=2e-05
08/04 12:53:48 - mmengine - INFO - paramwise_options -- img_backbone.layer3.10.conv2.weight:weight_decay=0.01
08/04 12:53:48 - mmengine - INFO - paramwise_options -- img_backbone.layer3.10.conv2.weight:lr_mult=0.1
08/04 12:53:48 - mmengine - INFO - paramwise_options -- img_backbone.layer3.10.conv2.conv_offset.weight:lr=2e-05
08/04 12:53:48 - mmengine - INFO - paramwise_options -- img_backbone.layer3.10.conv2.conv_offset.weight:weight_decay=0.01
08/04 12:53:48 - mmengine - INFO - paramwise_options -- img_backbone.layer3.10.conv2.conv_offset.weight:lr_mult=0.1
08/04 12:53:48 - mmengine - INFO - paramwise_options -- img_backbone.layer3.10.conv2.conv_offset.bias:lr=2e-05
08/04 12:53:48 - mmengine - INFO - paramwise_options -- img_backbone.layer3.10.conv2.conv_offset.bias:weight_decay=0.01
08/04 12:53:48 - mmengine - INFO - paramwise_options -- img_backbone.layer3.10.conv2.conv_offset.bias:lr_mult=0.1
08/04 12:53:48 - mmengine - WARNING - img_backbone.layer3.10.bn2.weight is skipped since its requires_grad=False
08/04 12:53:48 - mmengine - WARNING - img_backbone.layer3.10.bn2.bias is skipped since its requires_grad=False
08/04 12:53:48 - mmengine - INFO - paramwise_options -- img_backbone.layer3.10.conv3.weight:lr=2e-05
08/04 12:53:48 - mmengine - INFO - paramwise_options -- img_backbone.layer3.10.conv3.weight:weight_decay=0.01
08/04 12:53:48 - mmengine - INFO - paramwise_options -- img_backbone.layer3.10.conv3.weight:lr_mult=0.1
08/04 12:53:48 - mmengine - WARNING - img_backbone.layer3.10.bn3.weight is skipped since its requires_grad=False
08/04 12:53:48 - mmengine - WARNING - img_backbone.layer3.10.bn3.bias is skipped since its requires_grad=False
08/04 12:53:48 - mmengine - INFO - paramwise_options -- img_backbone.layer3.11.conv1.weight:lr=2e-05
08/04 12:53:48 - mmengine - INFO - paramwise_options -- img_backbone.layer3.11.conv1.weight:weight_decay=0.01
08/04 12:53:48 - mmengine - INFO - paramwise_options -- img_backbone.layer3.11.conv1.weight:lr_mult=0.1
08/04 12:53:48 - mmengine - WARNING - img_backbone.layer3.11.bn1.weight is skipped since its requires_grad=False
08/04 12:53:48 - mmengine - WARNING - img_backbone.layer3.11.bn1.bias is skipped since its requires_grad=False
08/04 12:53:48 - mmengine - INFO - paramwise_options -- img_backbone.layer3.11.conv2.weight:lr=2e-05
08/04 12:53:48 - mmengine - INFO - paramwise_options -- img_backbone.layer3.11.conv2.weight:weight_decay=0.01
08/04 12:53:48 - mmengine - INFO - paramwise_options -- img_backbone.layer3.11.conv2.weight:lr_mult=0.1
08/04 12:53:48 - mmengine - INFO - paramwise_options -- img_backbone.layer3.11.conv2.conv_offset.weight:lr=2e-05
08/04 12:53:48 - mmengine - INFO - paramwise_options -- img_backbone.layer3.11.conv2.conv_offset.weight:weight_decay=0.01
08/04 12:53:48 - mmengine - INFO - paramwise_options -- img_backbone.layer3.11.conv2.conv_offset.weight:lr_mult=0.1
08/04 12:53:48 - mmengine - INFO - paramwise_options -- img_backbone.layer3.11.conv2.conv_offset.bias:lr=2e-05
08/04 12:53:48 - mmengine - INFO - paramwise_options -- img_backbone.layer3.11.conv2.conv_offset.bias:weight_decay=0.01
08/04 12:53:48 - mmengine - INFO - paramwise_options -- img_backbone.layer3.11.conv2.conv_offset.bias:lr_mult=0.1
08/04 12:53:48 - mmengine - WARNING - img_backbone.layer3.11.bn2.weight is skipped since its requires_grad=False
08/04 12:53:48 - mmengine - WARNING - img_backbone.layer3.11.bn2.bias is skipped since its requires_grad=False
08/04 12:53:48 - mmengine - INFO - paramwise_options -- img_backbone.layer3.11.conv3.weight:lr=2e-05
08/04 12:53:48 - mmengine - INFO - paramwise_options -- img_backbone.layer3.11.conv3.weight:weight_decay=0.01
08/04 12:53:48 - mmengine - INFO - paramwise_options -- img_backbone.layer3.11.conv3.weight:lr_mult=0.1
08/04 12:53:48 - mmengine - WARNING - img_backbone.layer3.11.bn3.weight is skipped since its requires_grad=False
08/04 12:53:48 - mmengine - WARNING - img_backbone.layer3.11.bn3.bias is skipped since its requires_grad=False
08/04 12:53:48 - mmengine - INFO - paramwise_options -- img_backbone.layer3.12.conv1.weight:lr=2e-05
08/04 12:53:48 - mmengine - INFO - paramwise_options -- img_backbone.layer3.12.conv1.weight:weight_decay=0.01
08/04 12:53:48 - mmengine - INFO - paramwise_options -- img_backbone.layer3.12.conv1.weight:lr_mult=0.1
08/04 12:53:48 - mmengine - WARNING - img_backbone.layer3.12.bn1.weight is skipped since its requires_grad=False
08/04 12:53:48 - mmengine - WARNING - img_backbone.layer3.12.bn1.bias is skipped since its requires_grad=False
08/04 12:53:48 - mmengine - INFO - paramwise_options -- img_backbone.layer3.12.conv2.weight:lr=2e-05
08/04 12:53:48 - mmengine - INFO - paramwise_options -- img_backbone.layer3.12.conv2.weight:weight_decay=0.01
08/04 12:53:48 - mmengine - INFO - paramwise_options -- img_backbone.layer3.12.conv2.weight:lr_mult=0.1
08/04 12:53:48 - mmengine - INFO - paramwise_options -- img_backbone.layer3.12.conv2.conv_offset.weight:lr=2e-05
08/04 12:53:48 - mmengine - INFO - paramwise_options -- img_backbone.layer3.12.conv2.conv_offset.weight:weight_decay=0.01
08/04 12:53:48 - mmengine - INFO - paramwise_options -- img_backbone.layer3.12.conv2.conv_offset.weight:lr_mult=0.1
08/04 12:53:48 - mmengine - INFO - paramwise_options -- img_backbone.layer3.12.conv2.conv_offset.bias:lr=2e-05
08/04 12:53:48 - mmengine - INFO - paramwise_options -- img_backbone.layer3.12.conv2.conv_offset.bias:weight_decay=0.01
08/04 12:53:48 - mmengine - INFO - paramwise_options -- img_backbone.layer3.12.conv2.conv_offset.bias:lr_mult=0.1
08/04 12:53:48 - mmengine - WARNING - img_backbone.layer3.12.bn2.weight is skipped since its requires_grad=False
08/04 12:53:48 - mmengine - WARNING - img_backbone.layer3.12.bn2.bias is skipped since its requires_grad=False
08/04 12:53:48 - mmengine - INFO - paramwise_options -- img_backbone.layer3.12.conv3.weight:lr=2e-05
08/04 12:53:48 - mmengine - INFO - paramwise_options -- img_backbone.layer3.12.conv3.weight:weight_decay=0.01
08/04 12:53:48 - mmengine - INFO - paramwise_options -- img_backbone.layer3.12.conv3.weight:lr_mult=0.1
08/04 12:53:48 - mmengine - WARNING - img_backbone.layer3.12.bn3.weight is skipped since its requires_grad=False
08/04 12:53:48 - mmengine - WARNING - img_backbone.layer3.12.bn3.bias is skipped since its requires_grad=False
08/04 12:53:48 - mmengine - INFO - paramwise_options -- img_backbone.layer3.13.conv1.weight:lr=2e-05
08/04 12:53:48 - mmengine - INFO - paramwise_options -- img_backbone.layer3.13.conv1.weight:weight_decay=0.01
08/04 12:53:48 - mmengine - INFO - paramwise_options -- img_backbone.layer3.13.conv1.weight:lr_mult=0.1
08/04 12:53:48 - mmengine - WARNING - img_backbone.layer3.13.bn1.weight is skipped since its requires_grad=False
08/04 12:53:48 - mmengine - WARNING - img_backbone.layer3.13.bn1.bias is skipped since its requires_grad=False
08/04 12:53:48 - mmengine - INFO - paramwise_options -- img_backbone.layer3.13.conv2.weight:lr=2e-05
08/04 12:53:48 - mmengine - INFO - paramwise_options -- img_backbone.layer3.13.conv2.weight:weight_decay=0.01
08/04 12:53:48 - mmengine - INFO - paramwise_options -- img_backbone.layer3.13.conv2.weight:lr_mult=0.1
08/04 12:53:48 - mmengine - INFO - paramwise_options -- img_backbone.layer3.13.conv2.conv_offset.weight:lr=2e-05
08/04 12:53:48 - mmengine - INFO - paramwise_options -- img_backbone.layer3.13.conv2.conv_offset.weight:weight_decay=0.01
08/04 12:53:48 - mmengine - INFO - paramwise_options -- img_backbone.layer3.13.conv2.conv_offset.weight:lr_mult=0.1
08/04 12:53:48 - mmengine - INFO - paramwise_options -- img_backbone.layer3.13.conv2.conv_offset.bias:lr=2e-05
08/04 12:53:48 - mmengine - INFO - paramwise_options -- img_backbone.layer3.13.conv2.conv_offset.bias:weight_decay=0.01
08/04 12:53:48 - mmengine - INFO - paramwise_options -- img_backbone.layer3.13.conv2.conv_offset.bias:lr_mult=0.1
08/04 12:53:48 - mmengine - WARNING - img_backbone.layer3.13.bn2.weight is skipped since its requires_grad=False
08/04 12:53:48 - mmengine - WARNING - img_backbone.layer3.13.bn2.bias is skipped since its requires_grad=False
08/04 12:53:48 - mmengine - INFO - paramwise_options -- img_backbone.layer3.13.conv3.weight:lr=2e-05
08/04 12:53:48 - mmengine - INFO - paramwise_options -- img_backbone.layer3.13.conv3.weight:weight_decay=0.01
08/04 12:53:48 - mmengine - INFO - paramwise_options -- img_backbone.layer3.13.conv3.weight:lr_mult=0.1
08/04 12:53:48 - mmengine - WARNING - img_backbone.layer3.13.bn3.weight is skipped since its requires_grad=False
08/04 12:53:48 - mmengine - WARNING - img_backbone.layer3.13.bn3.bias is skipped since its requires_grad=False
08/04 12:53:48 - mmengine - INFO - paramwise_options -- img_backbone.layer3.14.conv1.weight:lr=2e-05
08/04 12:53:48 - mmengine - INFO - paramwise_options -- img_backbone.layer3.14.conv1.weight:weight_decay=0.01
08/04 12:53:48 - mmengine - INFO - paramwise_options -- img_backbone.layer3.14.conv1.weight:lr_mult=0.1
08/04 12:53:48 - mmengine - WARNING - img_backbone.layer3.14.bn1.weight is skipped since its requires_grad=False
08/04 12:53:48 - mmengine - WARNING - img_backbone.layer3.14.bn1.bias is skipped since its requires_grad=False
08/04 12:53:48 - mmengine - INFO - paramwise_options -- img_backbone.layer3.14.conv2.weight:lr=2e-05
08/04 12:53:48 - mmengine - INFO - paramwise_options -- img_backbone.layer3.14.conv2.weight:weight_decay=0.01
08/04 12:53:48 - mmengine - INFO - paramwise_options -- img_backbone.layer3.14.conv2.weight:lr_mult=0.1
08/04 12:53:48 - mmengine - INFO - paramwise_options -- img_backbone.layer3.14.conv2.conv_offset.weight:lr=2e-05
08/04 12:53:48 - mmengine - INFO - paramwise_options -- img_backbone.layer3.14.conv2.conv_offset.weight:weight_decay=0.01
08/04 12:53:48 - mmengine - INFO - paramwise_options -- img_backbone.layer3.14.conv2.conv_offset.weight:lr_mult=0.1
08/04 12:53:48 - mmengine - INFO - paramwise_options -- img_backbone.layer3.14.conv2.conv_offset.bias:lr=2e-05
08/04 12:53:48 - mmengine - INFO - paramwise_options -- img_backbone.layer3.14.conv2.conv_offset.bias:weight_decay=0.01
08/04 12:53:48 - mmengine - INFO - paramwise_options -- img_backbone.layer3.14.conv2.conv_offset.bias:lr_mult=0.1
08/04 12:53:48 - mmengine - WARNING - img_backbone.layer3.14.bn2.weight is skipped since its requires_grad=False
08/04 12:53:48 - mmengine - WARNING - img_backbone.layer3.14.bn2.bias is skipped since its requires_grad=False
08/04 12:53:48 - mmengine - INFO - paramwise_options -- img_backbone.layer3.14.conv3.weight:lr=2e-05
08/04 12:53:48 - mmengine - INFO - paramwise_options -- img_backbone.layer3.14.conv3.weight:weight_decay=0.01
08/04 12:53:48 - mmengine - INFO - paramwise_options -- img_backbone.layer3.14.conv3.weight:lr_mult=0.1
08/04 12:53:48 - mmengine - WARNING - img_backbone.layer3.14.bn3.weight is skipped since its requires_grad=False
08/04 12:53:48 - mmengine - WARNING - img_backbone.layer3.14.bn3.bias is skipped since its requires_grad=False
08/04 12:53:48 - mmengine - INFO - paramwise_options -- img_backbone.layer3.15.conv1.weight:lr=2e-05
08/04 12:53:48 - mmengine - INFO - paramwise_options -- img_backbone.layer3.15.conv1.weight:weight_decay=0.01
08/04 12:53:48 - mmengine - INFO - paramwise_options -- img_backbone.layer3.15.conv1.weight:lr_mult=0.1
08/04 12:53:48 - mmengine - WARNING - img_backbone.layer3.15.bn1.weight is skipped since its requires_grad=False
08/04 12:53:48 - mmengine - WARNING - img_backbone.layer3.15.bn1.bias is skipped since its requires_grad=False
08/04 12:53:48 - mmengine - INFO - paramwise_options -- img_backbone.layer3.15.conv2.weight:lr=2e-05
08/04 12:53:48 - mmengine - INFO - paramwise_options -- img_backbone.layer3.15.conv2.weight:weight_decay=0.01
08/04 12:53:48 - mmengine - INFO - paramwise_options -- img_backbone.layer3.15.conv2.weight:lr_mult=0.1
08/04 12:53:48 - mmengine - INFO - paramwise_options -- img_backbone.layer3.15.conv2.conv_offset.weight:lr=2e-05
08/04 12:53:48 - mmengine - INFO - paramwise_options -- img_backbone.layer3.15.conv2.conv_offset.weight:weight_decay=0.01
08/04 12:53:48 - mmengine - INFO - paramwise_options -- img_backbone.layer3.15.conv2.conv_offset.weight:lr_mult=0.1
08/04 12:53:48 - mmengine - INFO - paramwise_options -- img_backbone.layer3.15.conv2.conv_offset.bias:lr=2e-05
08/04 12:53:48 - mmengine - INFO - paramwise_options -- img_backbone.layer3.15.conv2.conv_offset.bias:weight_decay=0.01
08/04 12:53:48 - mmengine - INFO - paramwise_options -- img_backbone.layer3.15.conv2.conv_offset.bias:lr_mult=0.1
08/04 12:53:48 - mmengine - WARNING - img_backbone.layer3.15.bn2.weight is skipped since its requires_grad=False
08/04 12:53:48 - mmengine - WARNING - img_backbone.layer3.15.bn2.bias is skipped since its requires_grad=False
08/04 12:53:48 - mmengine - INFO - paramwise_options -- img_backbone.layer3.15.conv3.weight:lr=2e-05
08/04 12:53:48 - mmengine - INFO - paramwise_options -- img_backbone.layer3.15.conv3.weight:weight_decay=0.01
08/04 12:53:48 - mmengine - INFO - paramwise_options -- img_backbone.layer3.15.conv3.weight:lr_mult=0.1
08/04 12:53:48 - mmengine - WARNING - img_backbone.layer3.15.bn3.weight is skipped since its requires_grad=False
08/04 12:53:48 - mmengine - WARNING - img_backbone.layer3.15.bn3.bias is skipped since its requires_grad=False
08/04 12:53:48 - mmengine - INFO - paramwise_options -- img_backbone.layer3.16.conv1.weight:lr=2e-05
08/04 12:53:48 - mmengine - INFO - paramwise_options -- img_backbone.layer3.16.conv1.weight:weight_decay=0.01
08/04 12:53:48 - mmengine - INFO - paramwise_options -- img_backbone.layer3.16.conv1.weight:lr_mult=0.1
08/04 12:53:48 - mmengine - WARNING - img_backbone.layer3.16.bn1.weight is skipped since its requires_grad=False
08/04 12:53:48 - mmengine - WARNING - img_backbone.layer3.16.bn1.bias is skipped since its requires_grad=False
08/04 12:53:48 - mmengine - INFO - paramwise_options -- img_backbone.layer3.16.conv2.weight:lr=2e-05
08/04 12:53:48 - mmengine - INFO - paramwise_options -- img_backbone.layer3.16.conv2.weight:weight_decay=0.01
08/04 12:53:48 - mmengine - INFO - paramwise_options -- img_backbone.layer3.16.conv2.weight:lr_mult=0.1
08/04 12:53:48 - mmengine - INFO - paramwise_options -- img_backbone.layer3.16.conv2.conv_offset.weight:lr=2e-05
08/04 12:53:48 - mmengine - INFO - paramwise_options -- img_backbone.layer3.16.conv2.conv_offset.weight:weight_decay=0.01
08/04 12:53:48 - mmengine - INFO - paramwise_options -- img_backbone.layer3.16.conv2.conv_offset.weight:lr_mult=0.1
08/04 12:53:48 - mmengine - INFO - paramwise_options -- img_backbone.layer3.16.conv2.conv_offset.bias:lr=2e-05
08/04 12:53:48 - mmengine - INFO - paramwise_options -- img_backbone.layer3.16.conv2.conv_offset.bias:weight_decay=0.01
08/04 12:53:48 - mmengine - INFO - paramwise_options -- img_backbone.layer3.16.conv2.conv_offset.bias:lr_mult=0.1
08/04 12:53:48 - mmengine - WARNING - img_backbone.layer3.16.bn2.weight is skipped since its requires_grad=False
08/04 12:53:48 - mmengine - WARNING - img_backbone.layer3.16.bn2.bias is skipped since its requires_grad=False
08/04 12:53:48 - mmengine - INFO - paramwise_options -- img_backbone.layer3.16.conv3.weight:lr=2e-05
08/04 12:53:48 - mmengine - INFO - paramwise_options -- img_backbone.layer3.16.conv3.weight:weight_decay=0.01
08/04 12:53:48 - mmengine - INFO - paramwise_options -- img_backbone.layer3.16.conv3.weight:lr_mult=0.1
08/04 12:53:48 - mmengine - WARNING - img_backbone.layer3.16.bn3.weight is skipped since its requires_grad=False
08/04 12:53:48 - mmengine - WARNING - img_backbone.layer3.16.bn3.bias is skipped since its requires_grad=False
08/04 12:53:48 - mmengine - INFO - paramwise_options -- img_backbone.layer3.17.conv1.weight:lr=2e-05
08/04 12:53:48 - mmengine - INFO - paramwise_options -- img_backbone.layer3.17.conv1.weight:weight_decay=0.01
08/04 12:53:48 - mmengine - INFO - paramwise_options -- img_backbone.layer3.17.conv1.weight:lr_mult=0.1
08/04 12:53:48 - mmengine - WARNING - img_backbone.layer3.17.bn1.weight is skipped since its requires_grad=False
08/04 12:53:48 - mmengine - WARNING - img_backbone.layer3.17.bn1.bias is skipped since its requires_grad=False
08/04 12:53:48 - mmengine - INFO - paramwise_options -- img_backbone.layer3.17.conv2.weight:lr=2e-05
08/04 12:53:48 - mmengine - INFO - paramwise_options -- img_backbone.layer3.17.conv2.weight:weight_decay=0.01
08/04 12:53:48 - mmengine - INFO - paramwise_options -- img_backbone.layer3.17.conv2.weight:lr_mult=0.1
08/04 12:53:48 - mmengine - INFO - paramwise_options -- img_backbone.layer3.17.conv2.conv_offset.weight:lr=2e-05
08/04 12:53:48 - mmengine - INFO - paramwise_options -- img_backbone.layer3.17.conv2.conv_offset.weight:weight_decay=0.01
08/04 12:53:48 - mmengine - INFO - paramwise_options -- img_backbone.layer3.17.conv2.conv_offset.weight:lr_mult=0.1
08/04 12:53:48 - mmengine - INFO - paramwise_options -- img_backbone.layer3.17.conv2.conv_offset.bias:lr=2e-05
08/04 12:53:48 - mmengine - INFO - paramwise_options -- img_backbone.layer3.17.conv2.conv_offset.bias:weight_decay=0.01
08/04 12:53:48 - mmengine - INFO - paramwise_options -- img_backbone.layer3.17.conv2.conv_offset.bias:lr_mult=0.1
08/04 12:53:48 - mmengine - WARNING - img_backbone.layer3.17.bn2.weight is skipped since its requires_grad=False
08/04 12:53:48 - mmengine - WARNING - img_backbone.layer3.17.bn2.bias is skipped since its requires_grad=False
08/04 12:53:48 - mmengine - INFO - paramwise_options -- img_backbone.layer3.17.conv3.weight:lr=2e-05
08/04 12:53:48 - mmengine - INFO - paramwise_options -- img_backbone.layer3.17.conv3.weight:weight_decay=0.01
08/04 12:53:48 - mmengine - INFO - paramwise_options -- img_backbone.layer3.17.conv3.weight:lr_mult=0.1
08/04 12:53:48 - mmengine - WARNING - img_backbone.layer3.17.bn3.weight is skipped since its requires_grad=False
08/04 12:53:48 - mmengine - WARNING - img_backbone.layer3.17.bn3.bias is skipped since its requires_grad=False
08/04 12:53:48 - mmengine - INFO - paramwise_options -- img_backbone.layer3.18.conv1.weight:lr=2e-05
08/04 12:53:48 - mmengine - INFO - paramwise_options -- img_backbone.layer3.18.conv1.weight:weight_decay=0.01
08/04 12:53:48 - mmengine - INFO - paramwise_options -- img_backbone.layer3.18.conv1.weight:lr_mult=0.1
08/04 12:53:48 - mmengine - WARNING - img_backbone.layer3.18.bn1.weight is skipped since its requires_grad=False
08/04 12:53:48 - mmengine - WARNING - img_backbone.layer3.18.bn1.bias is skipped since its requires_grad=False
08/04 12:53:48 - mmengine - INFO - paramwise_options -- img_backbone.layer3.18.conv2.weight:lr=2e-05
08/04 12:53:48 - mmengine - INFO - paramwise_options -- img_backbone.layer3.18.conv2.weight:weight_decay=0.01
08/04 12:53:48 - mmengine - INFO - paramwise_options -- img_backbone.layer3.18.conv2.weight:lr_mult=0.1
08/04 12:53:48 - mmengine - INFO - paramwise_options -- img_backbone.layer3.18.conv2.conv_offset.weight:lr=2e-05
08/04 12:53:48 - mmengine - INFO - paramwise_options -- img_backbone.layer3.18.conv2.conv_offset.weight:weight_decay=0.01
08/04 12:53:48 - mmengine - INFO - paramwise_options -- img_backbone.layer3.18.conv2.conv_offset.weight:lr_mult=0.1
08/04 12:53:48 - mmengine - INFO - paramwise_options -- img_backbone.layer3.18.conv2.conv_offset.bias:lr=2e-05
08/04 12:53:48 - mmengine - INFO - paramwise_options -- img_backbone.layer3.18.conv2.conv_offset.bias:weight_decay=0.01
08/04 12:53:48 - mmengine - INFO - paramwise_options -- img_backbone.layer3.18.conv2.conv_offset.bias:lr_mult=0.1
08/04 12:53:48 - mmengine - WARNING - img_backbone.layer3.18.bn2.weight is skipped since its requires_grad=False
08/04 12:53:48 - mmengine - WARNING - img_backbone.layer3.18.bn2.bias is skipped since its requires_grad=False
08/04 12:53:48 - mmengine - INFO - paramwise_options -- img_backbone.layer3.18.conv3.weight:lr=2e-05
08/04 12:53:48 - mmengine - INFO - paramwise_options -- img_backbone.layer3.18.conv3.weight:weight_decay=0.01
08/04 12:53:48 - mmengine - INFO - paramwise_options -- img_backbone.layer3.18.conv3.weight:lr_mult=0.1
08/04 12:53:48 - mmengine - WARNING - img_backbone.layer3.18.bn3.weight is skipped since its requires_grad=False
08/04 12:53:48 - mmengine - WARNING - img_backbone.layer3.18.bn3.bias is skipped since its requires_grad=False
08/04 12:53:48 - mmengine - INFO - paramwise_options -- img_backbone.layer3.19.conv1.weight:lr=2e-05
08/04 12:53:48 - mmengine - INFO - paramwise_options -- img_backbone.layer3.19.conv1.weight:weight_decay=0.01
08/04 12:53:48 - mmengine - INFO - paramwise_options -- img_backbone.layer3.19.conv1.weight:lr_mult=0.1
08/04 12:53:48 - mmengine - WARNING - img_backbone.layer3.19.bn1.weight is skipped since its requires_grad=False
08/04 12:53:48 - mmengine - WARNING - img_backbone.layer3.19.bn1.bias is skipped since its requires_grad=False
08/04 12:53:48 - mmengine - INFO - paramwise_options -- img_backbone.layer3.19.conv2.weight:lr=2e-05
08/04 12:53:48 - mmengine - INFO - paramwise_options -- img_backbone.layer3.19.conv2.weight:weight_decay=0.01
08/04 12:53:48 - mmengine - INFO - paramwise_options -- img_backbone.layer3.19.conv2.weight:lr_mult=0.1
08/04 12:53:48 - mmengine - INFO - paramwise_options -- img_backbone.layer3.19.conv2.conv_offset.weight:lr=2e-05
08/04 12:53:48 - mmengine - INFO - paramwise_options -- img_backbone.layer3.19.conv2.conv_offset.weight:weight_decay=0.01
08/04 12:53:48 - mmengine - INFO - paramwise_options -- img_backbone.layer3.19.conv2.conv_offset.weight:lr_mult=0.1
08/04 12:53:48 - mmengine - INFO - paramwise_options -- img_backbone.layer3.19.conv2.conv_offset.bias:lr=2e-05
08/04 12:53:48 - mmengine - INFO - paramwise_options -- img_backbone.layer3.19.conv2.conv_offset.bias:weight_decay=0.01
08/04 12:53:48 - mmengine - INFO - paramwise_options -- img_backbone.layer3.19.conv2.conv_offset.bias:lr_mult=0.1
08/04 12:53:48 - mmengine - WARNING - img_backbone.layer3.19.bn2.weight is skipped since its requires_grad=False
08/04 12:53:48 - mmengine - WARNING - img_backbone.layer3.19.bn2.bias is skipped since its requires_grad=False
08/04 12:53:48 - mmengine - INFO - paramwise_options -- img_backbone.layer3.19.conv3.weight:lr=2e-05
08/04 12:53:48 - mmengine - INFO - paramwise_options -- img_backbone.layer3.19.conv3.weight:weight_decay=0.01
08/04 12:53:48 - mmengine - INFO - paramwise_options -- img_backbone.layer3.19.conv3.weight:lr_mult=0.1
08/04 12:53:48 - mmengine - WARNING - img_backbone.layer3.19.bn3.weight is skipped since its requires_grad=False
08/04 12:53:48 - mmengine - WARNING - img_backbone.layer3.19.bn3.bias is skipped since its requires_grad=False
08/04 12:53:48 - mmengine - INFO - paramwise_options -- img_backbone.layer3.20.conv1.weight:lr=2e-05
08/04 12:53:48 - mmengine - INFO - paramwise_options -- img_backbone.layer3.20.conv1.weight:weight_decay=0.01
08/04 12:53:48 - mmengine - INFO - paramwise_options -- img_backbone.layer3.20.conv1.weight:lr_mult=0.1
08/04 12:53:48 - mmengine - WARNING - img_backbone.layer3.20.bn1.weight is skipped since its requires_grad=False
08/04 12:53:48 - mmengine - WARNING - img_backbone.layer3.20.bn1.bias is skipped since its requires_grad=False
08/04 12:53:48 - mmengine - INFO - paramwise_options -- img_backbone.layer3.20.conv2.weight:lr=2e-05
08/04 12:53:48 - mmengine - INFO - paramwise_options -- img_backbone.layer3.20.conv2.weight:weight_decay=0.01
08/04 12:53:48 - mmengine - INFO - paramwise_options -- img_backbone.layer3.20.conv2.weight:lr_mult=0.1
08/04 12:53:48 - mmengine - INFO - paramwise_options -- img_backbone.layer3.20.conv2.conv_offset.weight:lr=2e-05
08/04 12:53:48 - mmengine - INFO - paramwise_options -- img_backbone.layer3.20.conv2.conv_offset.weight:weight_decay=0.01
08/04 12:53:48 - mmengine - INFO - paramwise_options -- img_backbone.layer3.20.conv2.conv_offset.weight:lr_mult=0.1
08/04 12:53:48 - mmengine - INFO - paramwise_options -- img_backbone.layer3.20.conv2.conv_offset.bias:lr=2e-05
08/04 12:53:48 - mmengine - INFO - paramwise_options -- img_backbone.layer3.20.conv2.conv_offset.bias:weight_decay=0.01
08/04 12:53:48 - mmengine - INFO - paramwise_options -- img_backbone.layer3.20.conv2.conv_offset.bias:lr_mult=0.1
08/04 12:53:48 - mmengine - WARNING - img_backbone.layer3.20.bn2.weight is skipped since its requires_grad=False
08/04 12:53:48 - mmengine - WARNING - img_backbone.layer3.20.bn2.bias is skipped since its requires_grad=False
08/04 12:53:48 - mmengine - INFO - paramwise_options -- img_backbone.layer3.20.conv3.weight:lr=2e-05
08/04 12:53:48 - mmengine - INFO - paramwise_options -- img_backbone.layer3.20.conv3.weight:weight_decay=0.01
08/04 12:53:48 - mmengine - INFO - paramwise_options -- img_backbone.layer3.20.conv3.weight:lr_mult=0.1
08/04 12:53:48 - mmengine - WARNING - img_backbone.layer3.20.bn3.weight is skipped since its requires_grad=False
08/04 12:53:48 - mmengine - WARNING - img_backbone.layer3.20.bn3.bias is skipped since its requires_grad=False
08/04 12:53:48 - mmengine - INFO - paramwise_options -- img_backbone.layer3.21.conv1.weight:lr=2e-05
08/04 12:53:48 - mmengine - INFO - paramwise_options -- img_backbone.layer3.21.conv1.weight:weight_decay=0.01
08/04 12:53:48 - mmengine - INFO - paramwise_options -- img_backbone.layer3.21.conv1.weight:lr_mult=0.1
08/04 12:53:48 - mmengine - WARNING - img_backbone.layer3.21.bn1.weight is skipped since its requires_grad=False
08/04 12:53:48 - mmengine - WARNING - img_backbone.layer3.21.bn1.bias is skipped since its requires_grad=False
08/04 12:53:48 - mmengine - INFO - paramwise_options -- img_backbone.layer3.21.conv2.weight:lr=2e-05
08/04 12:53:48 - mmengine - INFO - paramwise_options -- img_backbone.layer3.21.conv2.weight:weight_decay=0.01
08/04 12:53:48 - mmengine - INFO - paramwise_options -- img_backbone.layer3.21.conv2.weight:lr_mult=0.1
08/04 12:53:48 - mmengine - INFO - paramwise_options -- img_backbone.layer3.21.conv2.conv_offset.weight:lr=2e-05
08/04 12:53:48 - mmengine - INFO - paramwise_options -- img_backbone.layer3.21.conv2.conv_offset.weight:weight_decay=0.01
08/04 12:53:48 - mmengine - INFO - paramwise_options -- img_backbone.layer3.21.conv2.conv_offset.weight:lr_mult=0.1
08/04 12:53:48 - mmengine - INFO - paramwise_options -- img_backbone.layer3.21.conv2.conv_offset.bias:lr=2e-05
08/04 12:53:48 - mmengine - INFO - paramwise_options -- img_backbone.layer3.21.conv2.conv_offset.bias:weight_decay=0.01
08/04 12:53:48 - mmengine - INFO - paramwise_options -- img_backbone.layer3.21.conv2.conv_offset.bias:lr_mult=0.1
08/04 12:53:48 - mmengine - WARNING - img_backbone.layer3.21.bn2.weight is skipped since its requires_grad=False
08/04 12:53:48 - mmengine - WARNING - img_backbone.layer3.21.bn2.bias is skipped since its requires_grad=False
08/04 12:53:48 - mmengine - INFO - paramwise_options -- img_backbone.layer3.21.conv3.weight:lr=2e-05
08/04 12:53:48 - mmengine - INFO - paramwise_options -- img_backbone.layer3.21.conv3.weight:weight_decay=0.01
08/04 12:53:48 - mmengine - INFO - paramwise_options -- img_backbone.layer3.21.conv3.weight:lr_mult=0.1
08/04 12:53:48 - mmengine - WARNING - img_backbone.layer3.21.bn3.weight is skipped since its requires_grad=False
08/04 12:53:48 - mmengine - WARNING - img_backbone.layer3.21.bn3.bias is skipped since its requires_grad=False
08/04 12:53:48 - mmengine - INFO - paramwise_options -- img_backbone.layer3.22.conv1.weight:lr=2e-05
08/04 12:53:48 - mmengine - INFO - paramwise_options -- img_backbone.layer3.22.conv1.weight:weight_decay=0.01
08/04 12:53:48 - mmengine - INFO - paramwise_options -- img_backbone.layer3.22.conv1.weight:lr_mult=0.1
08/04 12:53:48 - mmengine - WARNING - img_backbone.layer3.22.bn1.weight is skipped since its requires_grad=False
08/04 12:53:48 - mmengine - WARNING - img_backbone.layer3.22.bn1.bias is skipped since its requires_grad=False
08/04 12:53:48 - mmengine - INFO - paramwise_options -- img_backbone.layer3.22.conv2.weight:lr=2e-05
08/04 12:53:48 - mmengine - INFO - paramwise_options -- img_backbone.layer3.22.conv2.weight:weight_decay=0.01
08/04 12:53:48 - mmengine - INFO - paramwise_options -- img_backbone.layer3.22.conv2.weight:lr_mult=0.1
08/04 12:53:48 - mmengine - INFO - paramwise_options -- img_backbone.layer3.22.conv2.conv_offset.weight:lr=2e-05
08/04 12:53:48 - mmengine - INFO - paramwise_options -- img_backbone.layer3.22.conv2.conv_offset.weight:weight_decay=0.01
08/04 12:53:48 - mmengine - INFO - paramwise_options -- img_backbone.layer3.22.conv2.conv_offset.weight:lr_mult=0.1
08/04 12:53:48 - mmengine - INFO - paramwise_options -- img_backbone.layer3.22.conv2.conv_offset.bias:lr=2e-05
08/04 12:53:48 - mmengine - INFO - paramwise_options -- img_backbone.layer3.22.conv2.conv_offset.bias:weight_decay=0.01
08/04 12:53:48 - mmengine - INFO - paramwise_options -- img_backbone.layer3.22.conv2.conv_offset.bias:lr_mult=0.1
08/04 12:53:48 - mmengine - WARNING - img_backbone.layer3.22.bn2.weight is skipped since its requires_grad=False
08/04 12:53:48 - mmengine - WARNING - img_backbone.layer3.22.bn2.bias is skipped since its requires_grad=False
08/04 12:53:48 - mmengine - INFO - paramwise_options -- img_backbone.layer3.22.conv3.weight:lr=2e-05
08/04 12:53:48 - mmengine - INFO - paramwise_options -- img_backbone.layer3.22.conv3.weight:weight_decay=0.01
08/04 12:53:48 - mmengine - INFO - paramwise_options -- img_backbone.layer3.22.conv3.weight:lr_mult=0.1
08/04 12:53:48 - mmengine - WARNING - img_backbone.layer3.22.bn3.weight is skipped since its requires_grad=False
08/04 12:53:48 - mmengine - WARNING - img_backbone.layer3.22.bn3.bias is skipped since its requires_grad=False
08/04 12:53:48 - mmengine - INFO - paramwise_options -- img_backbone.layer4.0.conv1.weight:lr=2e-05
08/04 12:53:48 - mmengine - INFO - paramwise_options -- img_backbone.layer4.0.conv1.weight:weight_decay=0.01
08/04 12:53:48 - mmengine - INFO - paramwise_options -- img_backbone.layer4.0.conv1.weight:lr_mult=0.1
08/04 12:53:48 - mmengine - WARNING - img_backbone.layer4.0.bn1.weight is skipped since its requires_grad=False
08/04 12:53:48 - mmengine - WARNING - img_backbone.layer4.0.bn1.bias is skipped since its requires_grad=False
08/04 12:53:48 - mmengine - INFO - paramwise_options -- img_backbone.layer4.0.conv2.weight:lr=2e-05
08/04 12:53:48 - mmengine - INFO - paramwise_options -- img_backbone.layer4.0.conv2.weight:weight_decay=0.01
08/04 12:53:48 - mmengine - INFO - paramwise_options -- img_backbone.layer4.0.conv2.weight:lr_mult=0.1
08/04 12:53:48 - mmengine - INFO - paramwise_options -- img_backbone.layer4.0.conv2.conv_offset.weight:lr=2e-05
08/04 12:53:48 - mmengine - INFO - paramwise_options -- img_backbone.layer4.0.conv2.conv_offset.weight:weight_decay=0.01
08/04 12:53:48 - mmengine - INFO - paramwise_options -- img_backbone.layer4.0.conv2.conv_offset.weight:lr_mult=0.1
08/04 12:53:48 - mmengine - INFO - paramwise_options -- img_backbone.layer4.0.conv2.conv_offset.bias:lr=2e-05
08/04 12:53:48 - mmengine - INFO - paramwise_options -- img_backbone.layer4.0.conv2.conv_offset.bias:weight_decay=0.01
08/04 12:53:48 - mmengine - INFO - paramwise_options -- img_backbone.layer4.0.conv2.conv_offset.bias:lr_mult=0.1
08/04 12:53:48 - mmengine - WARNING - img_backbone.layer4.0.bn2.weight is skipped since its requires_grad=False
08/04 12:53:48 - mmengine - WARNING - img_backbone.layer4.0.bn2.bias is skipped since its requires_grad=False
08/04 12:53:48 - mmengine - INFO - paramwise_options -- img_backbone.layer4.0.conv3.weight:lr=2e-05
08/04 12:53:48 - mmengine - INFO - paramwise_options -- img_backbone.layer4.0.conv3.weight:weight_decay=0.01
08/04 12:53:48 - mmengine - INFO - paramwise_options -- img_backbone.layer4.0.conv3.weight:lr_mult=0.1
08/04 12:53:48 - mmengine - WARNING - img_backbone.layer4.0.bn3.weight is skipped since its requires_grad=False
08/04 12:53:48 - mmengine - WARNING - img_backbone.layer4.0.bn3.bias is skipped since its requires_grad=False
08/04 12:53:48 - mmengine - INFO - paramwise_options -- img_backbone.layer4.0.downsample.0.weight:lr=2e-05
08/04 12:53:48 - mmengine - INFO - paramwise_options -- img_backbone.layer4.0.downsample.0.weight:weight_decay=0.01
08/04 12:53:48 - mmengine - INFO - paramwise_options -- img_backbone.layer4.0.downsample.0.weight:lr_mult=0.1
08/04 12:53:48 - mmengine - WARNING - img_backbone.layer4.0.downsample.1.weight is skipped since its requires_grad=False
08/04 12:53:48 - mmengine - WARNING - img_backbone.layer4.0.downsample.1.bias is skipped since its requires_grad=False
08/04 12:53:48 - mmengine - INFO - paramwise_options -- img_backbone.layer4.1.conv1.weight:lr=2e-05
08/04 12:53:48 - mmengine - INFO - paramwise_options -- img_backbone.layer4.1.conv1.weight:weight_decay=0.01
08/04 12:53:48 - mmengine - INFO - paramwise_options -- img_backbone.layer4.1.conv1.weight:lr_mult=0.1
08/04 12:53:48 - mmengine - WARNING - img_backbone.layer4.1.bn1.weight is skipped since its requires_grad=False
08/04 12:53:48 - mmengine - WARNING - img_backbone.layer4.1.bn1.bias is skipped since its requires_grad=False
08/04 12:53:48 - mmengine - INFO - paramwise_options -- img_backbone.layer4.1.conv2.weight:lr=2e-05
08/04 12:53:48 - mmengine - INFO - paramwise_options -- img_backbone.layer4.1.conv2.weight:weight_decay=0.01
08/04 12:53:48 - mmengine - INFO - paramwise_options -- img_backbone.layer4.1.conv2.weight:lr_mult=0.1
08/04 12:53:48 - mmengine - INFO - paramwise_options -- img_backbone.layer4.1.conv2.conv_offset.weight:lr=2e-05
08/04 12:53:48 - mmengine - INFO - paramwise_options -- img_backbone.layer4.1.conv2.conv_offset.weight:weight_decay=0.01
08/04 12:53:48 - mmengine - INFO - paramwise_options -- img_backbone.layer4.1.conv2.conv_offset.weight:lr_mult=0.1
08/04 12:53:48 - mmengine - INFO - paramwise_options -- img_backbone.layer4.1.conv2.conv_offset.bias:lr=2e-05
08/04 12:53:48 - mmengine - INFO - paramwise_options -- img_backbone.layer4.1.conv2.conv_offset.bias:weight_decay=0.01
08/04 12:53:48 - mmengine - INFO - paramwise_options -- img_backbone.layer4.1.conv2.conv_offset.bias:lr_mult=0.1
08/04 12:53:48 - mmengine - WARNING - img_backbone.layer4.1.bn2.weight is skipped since its requires_grad=False
08/04 12:53:48 - mmengine - WARNING - img_backbone.layer4.1.bn2.bias is skipped since its requires_grad=False
08/04 12:53:48 - mmengine - INFO - paramwise_options -- img_backbone.layer4.1.conv3.weight:lr=2e-05
08/04 12:53:48 - mmengine - INFO - paramwise_options -- img_backbone.layer4.1.conv3.weight:weight_decay=0.01
08/04 12:53:48 - mmengine - INFO - paramwise_options -- img_backbone.layer4.1.conv3.weight:lr_mult=0.1
08/04 12:53:48 - mmengine - WARNING - img_backbone.layer4.1.bn3.weight is skipped since its requires_grad=False
08/04 12:53:48 - mmengine - WARNING - img_backbone.layer4.1.bn3.bias is skipped since its requires_grad=False
08/04 12:53:48 - mmengine - INFO - paramwise_options -- img_backbone.layer4.2.conv1.weight:lr=2e-05
08/04 12:53:48 - mmengine - INFO - paramwise_options -- img_backbone.layer4.2.conv1.weight:weight_decay=0.01
08/04 12:53:48 - mmengine - INFO - paramwise_options -- img_backbone.layer4.2.conv1.weight:lr_mult=0.1
08/04 12:53:48 - mmengine - WARNING - img_backbone.layer4.2.bn1.weight is skipped since its requires_grad=False
08/04 12:53:48 - mmengine - WARNING - img_backbone.layer4.2.bn1.bias is skipped since its requires_grad=False
08/04 12:53:48 - mmengine - INFO - paramwise_options -- img_backbone.layer4.2.conv2.weight:lr=2e-05
08/04 12:53:48 - mmengine - INFO - paramwise_options -- img_backbone.layer4.2.conv2.weight:weight_decay=0.01
08/04 12:53:48 - mmengine - INFO - paramwise_options -- img_backbone.layer4.2.conv2.weight:lr_mult=0.1
08/04 12:53:48 - mmengine - INFO - paramwise_options -- img_backbone.layer4.2.conv2.conv_offset.weight:lr=2e-05
08/04 12:53:48 - mmengine - INFO - paramwise_options -- img_backbone.layer4.2.conv2.conv_offset.weight:weight_decay=0.01
08/04 12:53:48 - mmengine - INFO - paramwise_options -- img_backbone.layer4.2.conv2.conv_offset.weight:lr_mult=0.1
08/04 12:53:48 - mmengine - INFO - paramwise_options -- img_backbone.layer4.2.conv2.conv_offset.bias:lr=2e-05
08/04 12:53:48 - mmengine - INFO - paramwise_options -- img_backbone.layer4.2.conv2.conv_offset.bias:weight_decay=0.01
08/04 12:53:48 - mmengine - INFO - paramwise_options -- img_backbone.layer4.2.conv2.conv_offset.bias:lr_mult=0.1
08/04 12:53:48 - mmengine - WARNING - img_backbone.layer4.2.bn2.weight is skipped since its requires_grad=False
08/04 12:53:48 - mmengine - WARNING - img_backbone.layer4.2.bn2.bias is skipped since its requires_grad=False
08/04 12:53:48 - mmengine - INFO - paramwise_options -- img_backbone.layer4.2.conv3.weight:lr=2e-05
08/04 12:53:48 - mmengine - INFO - paramwise_options -- img_backbone.layer4.2.conv3.weight:weight_decay=0.01
08/04 12:53:48 - mmengine - INFO - paramwise_options -- img_backbone.layer4.2.conv3.weight:lr_mult=0.1
08/04 12:53:48 - mmengine - WARNING - img_backbone.layer4.2.bn3.weight is skipped since its requires_grad=False
08/04 12:53:48 - mmengine - WARNING - img_backbone.layer4.2.bn3.bias is skipped since its requires_grad=False
08/04 12:53:48 - mmengine - WARNING - map_decoder.pts_bbox_head.code_weights is skipped since its requires_grad=False
08/04 12:53:48 - mmengine - WARNING - map_decoder.pts_bbox_head.map_adapter_layers.0.0.weight is skipped since its requires_grad=False
08/04 12:53:48 - mmengine - WARNING - map_decoder.pts_bbox_head.map_adapter_layers.0.0.bias is skipped since its requires_grad=False
08/04 12:53:48 - mmengine - WARNING - map_decoder.pts_bbox_head.map_adapter_layers.0.1.weight is skipped since its requires_grad=False
08/04 12:53:48 - mmengine - WARNING - map_decoder.pts_bbox_head.map_adapter_layers.0.1.bias is skipped since its requires_grad=False
08/04 12:53:48 - mmengine - WARNING - map_decoder.pts_bbox_head.map_adapter_layers.1.weight is skipped since its requires_grad=False
08/04 12:53:48 - mmengine - WARNING - map_decoder.pts_bbox_head.map_adapter_layers.1.bias is skipped since its requires_grad=False
08/04 12:53:48 - mmengine - WARNING - map_decoder.pts_bbox_head.cls_branches.0.weight is skipped since its requires_grad=False
08/04 12:53:48 - mmengine - WARNING - map_decoder.pts_bbox_head.cls_branches.0.bias is skipped since its requires_grad=False
08/04 12:53:48 - mmengine - WARNING - map_decoder.pts_bbox_head.cls_branches.1.weight is skipped since its requires_grad=False
08/04 12:53:48 - mmengine - WARNING - map_decoder.pts_bbox_head.cls_branches.1.bias is skipped since its requires_grad=False
08/04 12:53:48 - mmengine - WARNING - map_decoder.pts_bbox_head.cls_branches.3.weight is skipped since its requires_grad=False
08/04 12:53:48 - mmengine - WARNING - map_decoder.pts_bbox_head.cls_branches.3.bias is skipped since its requires_grad=False
08/04 12:53:48 - mmengine - WARNING - map_decoder.pts_bbox_head.cls_branches.4.weight is skipped since its requires_grad=False
08/04 12:53:48 - mmengine - WARNING - map_decoder.pts_bbox_head.cls_branches.4.bias is skipped since its requires_grad=False
08/04 12:53:48 - mmengine - WARNING - map_decoder.pts_bbox_head.cls_branches.6.weight is skipped since its requires_grad=False
08/04 12:53:48 - mmengine - WARNING - map_decoder.pts_bbox_head.cls_branches.6.bias is skipped since its requires_grad=False
08/04 12:53:48 - mmengine - WARNING - map_decoder.pts_bbox_head.reg_branches.0.weight is skipped since its requires_grad=False
08/04 12:53:48 - mmengine - WARNING - map_decoder.pts_bbox_head.reg_branches.0.bias is skipped since its requires_grad=False
08/04 12:53:48 - mmengine - WARNING - map_decoder.pts_bbox_head.reg_branches.2.weight is skipped since its requires_grad=False
08/04 12:53:48 - mmengine - WARNING - map_decoder.pts_bbox_head.reg_branches.2.bias is skipped since its requires_grad=False
08/04 12:53:48 - mmengine - WARNING - map_decoder.pts_bbox_head.reg_branches.4.weight is skipped since its requires_grad=False
08/04 12:53:48 - mmengine - WARNING - map_decoder.pts_bbox_head.reg_branches.4.bias is skipped since its requires_grad=False
08/04 12:53:48 - mmengine - WARNING - map_decoder.pts_bbox_head.reg_branches.6.weight is skipped since its requires_grad=False
08/04 12:53:48 - mmengine - WARNING - map_decoder.pts_bbox_head.reg_branches.6.bias is skipped since its requires_grad=False
08/04 12:53:48 - mmengine - WARNING - planner_head.ego_query.weight is skipped since its requires_grad=False
08/04 12:53:48 - mmengine - WARNING - planner_head.ego_agent_decoder.layers.0.attentions.0.attn.in_proj_weight is skipped since its requires_grad=False
08/04 12:53:48 - mmengine - WARNING - planner_head.ego_agent_decoder.layers.0.attentions.0.attn.in_proj_bias is skipped since its requires_grad=False
08/04 12:53:48 - mmengine - WARNING - planner_head.ego_agent_decoder.layers.0.attentions.0.attn.out_proj.weight is skipped since its requires_grad=False
08/04 12:53:48 - mmengine - WARNING - planner_head.ego_agent_decoder.layers.0.attentions.0.attn.out_proj.bias is skipped since its requires_grad=False
08/04 12:53:48 - mmengine - WARNING - planner_head.ego_agent_decoder.layers.0.ffns.0.layers.0.0.weight is skipped since its requires_grad=False
08/04 12:53:48 - mmengine - WARNING - planner_head.ego_agent_decoder.layers.0.ffns.0.layers.0.0.bias is skipped since its requires_grad=False
08/04 12:53:48 - mmengine - WARNING - planner_head.ego_agent_decoder.layers.0.ffns.0.layers.1.weight is skipped since its requires_grad=False
08/04 12:53:48 - mmengine - WARNING - planner_head.ego_agent_decoder.layers.0.ffns.0.layers.1.bias is skipped since its requires_grad=False
08/04 12:53:48 - mmengine - WARNING - planner_head.ego_agent_decoder.layers.0.norms.0.weight is skipped since its requires_grad=False
08/04 12:53:48 - mmengine - WARNING - planner_head.ego_agent_decoder.layers.0.norms.0.bias is skipped since its requires_grad=False
08/04 12:53:48 - mmengine - WARNING - planner_head.ego_agent_decoder.layers.0.norms.1.weight is skipped since its requires_grad=False
08/04 12:53:48 - mmengine - WARNING - planner_head.ego_agent_decoder.layers.0.norms.1.bias is skipped since its requires_grad=False
08/04 12:53:48 - mmengine - WARNING - planner_head.ego_map_decoder.layers.0.attentions.0.attn.in_proj_weight is skipped since its requires_grad=False
08/04 12:53:48 - mmengine - WARNING - planner_head.ego_map_decoder.layers.0.attentions.0.attn.in_proj_bias is skipped since its requires_grad=False
08/04 12:53:48 - mmengine - WARNING - planner_head.ego_map_decoder.layers.0.attentions.0.attn.out_proj.weight is skipped since its requires_grad=False
08/04 12:53:48 - mmengine - WARNING - planner_head.ego_map_decoder.layers.0.attentions.0.attn.out_proj.bias is skipped since its requires_grad=False
08/04 12:53:48 - mmengine - WARNING - planner_head.ego_map_decoder.layers.0.ffns.0.layers.0.0.weight is skipped since its requires_grad=False
08/04 12:53:48 - mmengine - WARNING - planner_head.ego_map_decoder.layers.0.ffns.0.layers.0.0.bias is skipped since its requires_grad=False
08/04 12:53:48 - mmengine - WARNING - planner_head.ego_map_decoder.layers.0.ffns.0.layers.1.weight is skipped since its requires_grad=False
08/04 12:53:48 - mmengine - WARNING - planner_head.ego_map_decoder.layers.0.ffns.0.layers.1.bias is skipped since its requires_grad=False
08/04 12:53:48 - mmengine - WARNING - planner_head.ego_map_decoder.layers.0.norms.0.weight is skipped since its requires_grad=False
08/04 12:53:48 - mmengine - WARNING - planner_head.ego_map_decoder.layers.0.norms.0.bias is skipped since its requires_grad=False
08/04 12:53:48 - mmengine - WARNING - planner_head.ego_map_decoder.layers.0.norms.1.weight is skipped since its requires_grad=False
08/04 12:53:48 - mmengine - WARNING - planner_head.ego_map_decoder.layers.0.norms.1.bias is skipped since its requires_grad=False
08/04 12:53:48 - mmengine - WARNING - planner_head.ego_gaussian_decoder.layers.0.attentions.0.attn.in_proj_weight is skipped since its requires_grad=False
08/04 12:53:48 - mmengine - WARNING - planner_head.ego_gaussian_decoder.layers.0.attentions.0.attn.in_proj_bias is skipped since its requires_grad=False
08/04 12:53:48 - mmengine - WARNING - planner_head.ego_gaussian_decoder.layers.0.attentions.0.attn.out_proj.weight is skipped since its requires_grad=False
08/04 12:53:48 - mmengine - WARNING - planner_head.ego_gaussian_decoder.layers.0.attentions.0.attn.out_proj.bias is skipped since its requires_grad=False
08/04 12:53:48 - mmengine - WARNING - planner_head.ego_gaussian_decoder.layers.0.ffns.0.layers.0.0.weight is skipped since its requires_grad=False
08/04 12:53:48 - mmengine - WARNING - planner_head.ego_gaussian_decoder.layers.0.ffns.0.layers.0.0.bias is skipped since its requires_grad=False
08/04 12:53:48 - mmengine - WARNING - planner_head.ego_gaussian_decoder.layers.0.ffns.0.layers.1.weight is skipped since its requires_grad=False
08/04 12:53:48 - mmengine - WARNING - planner_head.ego_gaussian_decoder.layers.0.ffns.0.layers.1.bias is skipped since its requires_grad=False
08/04 12:53:48 - mmengine - WARNING - planner_head.ego_gaussian_decoder.layers.0.norms.0.weight is skipped since its requires_grad=False
08/04 12:53:48 - mmengine - WARNING - planner_head.ego_gaussian_decoder.layers.0.norms.0.bias is skipped since its requires_grad=False
08/04 12:53:48 - mmengine - WARNING - planner_head.ego_gaussian_decoder.layers.0.norms.1.weight is skipped since its requires_grad=False
08/04 12:53:48 - mmengine - WARNING - planner_head.ego_gaussian_decoder.layers.0.norms.1.bias is skipped since its requires_grad=False
08/04 12:53:48 - mmengine - WARNING - planner_head.ego_fut_decoder.0.weight is skipped since its requires_grad=False
08/04 12:53:48 - mmengine - WARNING - planner_head.ego_fut_decoder.0.bias is skipped since its requires_grad=False
08/04 12:53:48 - mmengine - WARNING - planner_head.ego_fut_decoder.2.weight is skipped since its requires_grad=False
08/04 12:53:48 - mmengine - WARNING - planner_head.ego_fut_decoder.2.bias is skipped since its requires_grad=False
08/04 12:53:48 - mmengine - WARNING - planner_head.ego_fut_decoder.4.weight is skipped since its requires_grad=False
08/04 12:53:48 - mmengine - WARNING - planner_head.ego_fut_decoder.4.bias is skipped since its requires_grad=False
08/04 12:53:48 - mmengine - WARNING - planner_head.agent_fus_mlp.0.weight is skipped since its requires_grad=False
08/04 12:53:48 - mmengine - WARNING - planner_head.agent_fus_mlp.0.bias is skipped since its requires_grad=False
08/04 12:53:48 - mmengine - WARNING - planner_head.agent_fus_mlp.1.weight is skipped since its requires_grad=False
08/04 12:53:48 - mmengine - WARNING - planner_head.agent_fus_mlp.1.bias is skipped since its requires_grad=False
08/04 12:53:48 - mmengine - WARNING - planner_head.agent_fus_mlp.3.weight is skipped since its requires_grad=False
08/04 12:53:48 - mmengine - WARNING - planner_head.agent_fus_mlp.3.bias is skipped since its requires_grad=False
08/04 12:53:48 - mmengine - WARNING - planner_head.map_fus_mlp.0.weight is skipped since its requires_grad=False
08/04 12:53:48 - mmengine - WARNING - planner_head.map_fus_mlp.0.bias is skipped since its requires_grad=False
08/04 12:53:48 - mmengine - WARNING - planner_head.map_fus_mlp.1.weight is skipped since its requires_grad=False
08/04 12:53:48 - mmengine - WARNING - planner_head.map_fus_mlp.1.bias is skipped since its requires_grad=False
08/04 12:53:48 - mmengine - WARNING - planner_head.map_fus_mlp.3.weight is skipped since its requires_grad=False
08/04 12:53:48 - mmengine - WARNING - planner_head.map_fus_mlp.3.bias is skipped since its requires_grad=False
08/04 12:53:48 - mmengine - WARNING - planner_head.gaussian_fus_mlp.0.weight is skipped since its requires_grad=False
08/04 12:53:48 - mmengine - WARNING - planner_head.gaussian_fus_mlp.0.bias is skipped since its requires_grad=False
08/04 12:53:48 - mmengine - WARNING - planner_head.gaussian_fus_mlp.1.weight is skipped since its requires_grad=False
08/04 12:53:48 - mmengine - WARNING - planner_head.gaussian_fus_mlp.1.bias is skipped since its requires_grad=False
08/04 12:53:48 - mmengine - WARNING - planner_head.gaussian_fus_mlp.3.weight is skipped since its requires_grad=False
08/04 12:53:48 - mmengine - WARNING - planner_head.gaussian_fus_mlp.3.bias is skipped since its requires_grad=False
tensor([1.0155, 1.0690, 1.3001, 1.0725, 0.9464, 1.1009, 1.2696, 1.0626, 1.1890,
        1.0622, 1.0060, 0.8571, 1.0392, 0.9087, 0.8936, 0.8549, 0.8528, 0.5000])
tensor([1.0155, 1.0690, 1.3001, 1.0725, 0.9464, 1.1009, 1.2696, 1.0626, 1.1890,
        1.0622, 1.0060, 0.8571, 1.0392, 0.9087, 0.8936, 0.8549, 0.8528, 0.5000])
Traceback (most recent call last):
  File "train.py", line 571, in <module>
    main(args)
  File "train.py", line 333, in main
    ckpt = torch.load(cfg.load_from, map_location='cpu')
  File "/data/chenz/conda_env/splatting/lib/python3.8/site-packages/torch/serialization.py", line 791, in load
    with _open_file_like(f, 'rb') as opened_file:
  File "/data/chenz/conda_env/splatting/lib/python3.8/site-packages/torch/serialization.py", line 271, in _open_file_like
    return _open_file(name_or_buffer, mode)
  File "/data/chenz/conda_env/splatting/lib/python3.8/site-packages/torch/serialization.py", line 252, in __init__
    super().__init__(open(name, mode))
FileNotFoundError: [Errno 2] No such file or directory: 'ckpts/r101_dcn_fcos3d_pretrain.pth'
tensor([1.0155, 1.0690, 1.3001, 1.0725, 0.9464, 1.1009, 1.2696, 1.0626, 1.1890,
        1.0622, 1.0060, 0.8571, 1.0392, 0.9087, 0.8936, 0.8549, 0.8528, 0.5000])
tensor([1.0155, 1.0690, 1.3001, 1.0725, 0.9464, 1.1009, 1.2696, 1.0626, 1.1890,
        1.0622, 1.0060, 0.8571, 1.0392, 0.9087, 0.8936, 0.8549, 0.8528, 0.5000])
tensor([1.0155, 1.0690, 1.3001, 1.0725, 0.9464, 1.1009, 1.2696, 1.0626, 1.1890,
        1.0622, 1.0060, 0.8571, 1.0392, 0.9087, 0.8936, 0.8549, 0.8528, 0.5000])
tensor([1.0155, 1.0690, 1.3001, 1.0725, 0.9464, 1.1009, 1.2696, 1.0626, 1.1890,
        1.0622, 1.0060, 0.8571, 1.0392, 0.9087, 0.8936, 0.8549, 0.8528, 0.5000])
Traceback (most recent call last):
  File "train.py", line 571, in <module>
    main(args)
  File "train.py", line 333, in main
Traceback (most recent call last):
  File "train.py", line 571, in <module>
    ckpt = torch.load(cfg.load_from, map_location='cpu')
  File "/data/chenz/conda_env/splatting/lib/python3.8/site-packages/torch/serialization.py", line 791, in load
    main(args)
  File "train.py", line 333, in main
    with _open_file_like(f, 'rb') as opened_file:
  File "/data/chenz/conda_env/splatting/lib/python3.8/site-packages/torch/serialization.py", line 271, in _open_file_like
    return _open_file(name_or_buffer, mode)
  File "/data/chenz/conda_env/splatting/lib/python3.8/site-packages/torch/serialization.py", line 252, in __init__
    ckpt = torch.load(cfg.load_from, map_location='cpu')
  File "/data/chenz/conda_env/splatting/lib/python3.8/site-packages/torch/serialization.py", line 791, in load
    super().__init__(open(name, mode))
FileNotFoundError: [Errno 2] No such file or directory: 'ckpts/r101_dcn_fcos3d_pretrain.pth'
    with _open_file_like(f, 'rb') as opened_file:
  File "/data/chenz/conda_env/splatting/lib/python3.8/site-packages/torch/serialization.py", line 271, in _open_file_like
    return _open_file(name_or_buffer, mode)
  File "/data/chenz/conda_env/splatting/lib/python3.8/site-packages/torch/serialization.py", line 252, in __init__
    super().__init__(open(name, mode))
FileNotFoundError: [Errno 2] No such file or directory: 'ckpts/r101_dcn_fcos3d_pretrain.pth'
tensor([1.0155, 1.0690, 1.3001, 1.0725, 0.9464, 1.1009, 1.2696, 1.0626, 1.1890,
        1.0622, 1.0060, 0.8571, 1.0392, 0.9087, 0.8936, 0.8549, 0.8528, 0.5000])
tensor([1.0155, 1.0690, 1.3001, 1.0725, 0.9464, 1.1009, 1.2696, 1.0626, 1.1890,
        1.0622, 1.0060, 0.8571, 1.0392, 0.9087, 0.8936, 0.8549, 0.8528, 0.5000])
08/04 12:53:48 - mmengine - INFO - resume from: 
08/04 12:53:48 - mmengine - INFO - work dir: out/nuscenes_gs25600_frontier_v2
Traceback (most recent call last):
  File "train.py", line 571, in <module>
    main(args)
  File "train.py", line 333, in main
    ckpt = torch.load(cfg.load_from, map_location='cpu')
  File "/data/chenz/conda_env/splatting/lib/python3.8/site-packages/torch/serialization.py", line 791, in load
    with _open_file_like(f, 'rb') as opened_file:
  File "/data/chenz/conda_env/splatting/lib/python3.8/site-packages/torch/serialization.py", line 271, in _open_file_like
    return _open_file(name_or_buffer, mode)
  File "/data/chenz/conda_env/splatting/lib/python3.8/site-packages/torch/serialization.py", line 252, in __init__
    super().__init__(open(name, mode))
FileNotFoundError: [Errno 2] No such file or directory: 'ckpts/r101_dcn_fcos3d_pretrain.pth'
ERROR:torch.distributed.elastic.multiprocessing.api:failed (exitcode: 1) local_rank: 0 (pid: 1239112) of binary: /data/chenz/conda_env/splatting/bin/python3.8
Traceback (most recent call last):
  File "/data/chenz/conda_env/splatting/bin/torchrun", line 8, in <module>
    sys.exit(main())
  File "/data/chenz/conda_env/splatting/lib/python3.8/site-packages/torch/distributed/elastic/multiprocessing/errors/__init__.py", line 346, in wrapper
    return f(*args, **kwargs)
  File "/data/chenz/conda_env/splatting/lib/python3.8/site-packages/torch/distributed/run.py", line 794, in main
    run(args)
  File "/data/chenz/conda_env/splatting/lib/python3.8/site-packages/torch/distributed/run.py", line 785, in run
    elastic_launch(
  File "/data/chenz/conda_env/splatting/lib/python3.8/site-packages/torch/distributed/launcher/api.py", line 134, in __call__
    return launch_agent(self._config, self._entrypoint, list(args))
  File "/data/chenz/conda_env/splatting/lib/python3.8/site-packages/torch/distributed/launcher/api.py", line 250, in launch_agent
    raise ChildFailedError(
torch.distributed.elastic.multiprocessing.errors.ChildFailedError: 
============================================================
train.py FAILED
------------------------------------------------------------
Failures:
[1]:
  time      : 2026-08-04_12:54:16
  host      : gene-i-0jlbwuqsy7umzz2nmsu0-0
  rank      : 1 (local_rank: 1)
  exitcode  : 1 (pid: 1239113)
  error_file: <N/A>
  traceback : To enable traceback see: https://pytorch.org/docs/stable/elastic/errors.html
[2]:
  time      : 2026-08-04_12:54:16
  host      : gene-i-0jlbwuqsy7umzz2nmsu0-0
  rank      : 2 (local_rank: 2)
  exitcode  : 1 (pid: 1239114)
  error_file: <N/A>
  traceback : To enable traceback see: https://pytorch.org/docs/stable/elastic/errors.html
[3]:
  time      : 2026-08-04_12:54:16
  host      : gene-i-0jlbwuqsy7umzz2nmsu0-0
  rank      : 3 (local_rank: 3)
  exitcode  : 1 (pid: 1239115)
  error_file: <N/A>
  traceback : To enable traceback see: https://pytorch.org/docs/stable/elastic/errors.html
------------------------------------------------------------
Root Cause (first observed failure):
[0]:
  time      : 2026-08-04_12:54:16
  host      : gene-i-0jlbwuqsy7umzz2nmsu0-0
  rank      : 0 (local_rank: 0)
  exitcode  : 1 (pid: 1239112)
  error_file: <N/A>
  traceback : To enable traceback see: https://pytorch.org/docs/stable/elastic/errors.html
============================================================
WARNING:torch.distributed.run:
*****************************************
Setting OMP_NUM_THREADS environment variable for each process to be 1 in default, to avoid your system being overloaded, please further tune the variable for optimal performance in your application as needed. 
*****************************************
Failed to start virtual display.Failed to start virtual display.

Failed to start virtual display.
Failed to start virtual display.
No Mayavi installation found.
No Mayavi installation found.
No Mayavi installation found.
No Mayavi installation found.
Namespace(backend='nccl', dataset='nuscenes', gpus=4, gradient_accumulation=1, iter_resume=False, py_config='config/nuscenes_gs25600_frontier_v2/nuscenes_gs25600_frontier_v2.py', resume_from='', seed=42, vis_map=False, work_dir='out/nuscenes_gs25600_frontier_v2')
Namespace(backend='nccl', dataset='nuscenes', gpus=4, gradient_accumulation=1, iter_resume=False, py_config='config/nuscenes_gs25600_frontier_v2/nuscenes_gs25600_frontier_v2.py', resume_from='', seed=42, vis_map=False, work_dir='out/nuscenes_gs25600_frontier_v2')
Namespace(backend='nccl', dataset='nuscenes', gpus=4, gradient_accumulation=1, iter_resume=False, py_config='config/nuscenes_gs25600_frontier_v2/nuscenes_gs25600_frontier_v2.py', resume_from='', seed=42, vis_map=False, work_dir='out/nuscenes_gs25600_frontier_v2')
Namespace(backend='nccl', dataset='nuscenes', gpus=4, gradient_accumulation=1, iter_resume=False, py_config='config/nuscenes_gs25600_frontier_v2/nuscenes_gs25600_frontier_v2.py', resume_from='', seed=42, vis_map=False, work_dir='out/nuscenes_gs25600_frontier_v2')
rank=1, local_rank=1, world_size=4
rank=3, local_rank=3, world_size=4
rank=0, local_rank=0, world_size=4
rank=2, local_rank=2, world_size=4
rank=1, local_rank=1, world_size=4
rank=0, local_rank=0, world_size=4
rank=2, local_rank=2, world_size=4
rank=3, local_rank=3, world_size=4
08/04 12:55:24 - mmengine - INFO - Frozen module: map_decoder
08/04 12:55:24 - mmengine - INFO - Frozen module: planner_head
08/04 12:55:24 - mmengine - INFO - Number of params: 166842239
08/04 12:55:24 - mmengine - INFO - converted sync bn.
08/04 12:55:27 - mmengine - INFO - done ddp model
tensor([1.0155, 1.0690, 1.3001, 1.0725, 0.9464, 1.1009, 1.2696, 1.0626, 1.1890,
        1.0622, 1.0060, 0.8571, 1.0392, 0.9087, 0.8936, 0.8549, 0.8528, 0.5000])
tensor([1.0155, 1.0690, 1.3001, 1.0725, 0.9464, 1.1009, 1.2696, 1.0626, 1.1890,
        1.0622, 1.0060, 0.8571, 1.0392, 0.9087, 0.8936, 0.8549, 0.8528, 0.5000])
_IncompatibleKeys(missing_keys=['img_neck.lateral_convs.0.conv.weight', 'img_neck.lateral_convs.0.conv.bias', 'img_neck.lateral_convs.1.conv.weight', 'img_neck.lateral_convs.1.conv.bias', 'img_neck.lateral_convs.2.conv.weight', 'img_neck.lateral_convs.2.conv.bias', 'img_neck.fpn_convs.0.conv.weight', 'img_neck.fpn_convs.0.conv.bias', 'img_neck.fpn_convs.1.conv.weight', 'img_neck.fpn_convs.1.conv.bias', 'img_neck.fpn_convs.2.conv.weight', 'img_neck.fpn_convs.2.conv.bias', 'img_neck.fpn_convs.3.conv.weight', 'img_neck.fpn_convs.3.conv.bias', 'lifter.anchor', 'encoder.anchor_encoder.xyz_fc.0.weight', 'encoder.anchor_encoder.xyz_fc.0.bias', 'encoder.anchor_encoder.xyz_fc.2.weight', 'encoder.anchor_encoder.xyz_fc.2.bias', 'encoder.anchor_encoder.xyz_fc.3.weight', 'encoder.anchor_encoder.xyz_fc.3.bias', 'encoder.anchor_encoder.xyz_fc.5.weight', 'encoder.anchor_encoder.xyz_fc.5.bias', 'encoder.anchor_encoder.scale_fc.0.weight', 'encoder.anchor_encoder.scale_fc.0.bias', 'encoder.anchor_encoder.scale_fc.2.weight', 'encoder.anchor_encoder.scale_fc.2.bias', 'encoder.anchor_encoder.scale_fc.3.weight', 'encoder.anchor_encoder.scale_fc.3.bias', 'encoder.anchor_encoder.scale_fc.5.weight', 'encoder.anchor_encoder.scale_fc.5.bias', 'encoder.anchor_encoder.rot_fc.0.weight', 'encoder.anchor_encoder.rot_fc.0.bias', 'encoder.anchor_encoder.rot_fc.2.weight', 'encoder.anchor_encoder.rot_fc.2.bias', 'encoder.anchor_encoder.rot_fc.3.weight', 'encoder.anchor_encoder.rot_fc.3.bias', 'encoder.anchor_encoder.rot_fc.5.weight', 'encoder.anchor_encoder.rot_fc.5.bias', 'encoder.anchor_encoder.opacity_fc.0.weight', 'encoder.anchor_encoder.opacity_fc.0.bias', 'encoder.anchor_encoder.opacity_fc.2.weight', 'encoder.anchor_encoder.opacity_fc.2.bias', 'encoder.anchor_encoder.opacity_fc.3.weight', 'encoder.anchor_encoder.opacity_fc.3.bias', 'encoder.anchor_encoder.opacity_fc.5.weight', 'encoder.anchor_encoder.opacity_fc.5.bias', 'encoder.anchor_encoder.semantics_fc.0.weight', 'encoder.anchor_encoder.semantics_fc.0.bias', 'encoder.anchor_encoder.semantics_fc.2.weight', 'encoder.anchor_encoder.semantics_fc.2.bias', 'encoder.anchor_encoder.semantics_fc.3.weight', 'encoder.anchor_encoder.semantics_fc.3.bias', 'encoder.anchor_encoder.semantics_fc.5.weight', 'encoder.anchor_encoder.semantics_fc.5.bias', 'encoder.anchor_encoder.offset_fc.0.weight', 'encoder.anchor_encoder.offset_fc.0.bias', 'encoder.anchor_encoder.offset_fc.2.weight', 'encoder.anchor_encoder.offset_fc.2.bias', 'encoder.anchor_encoder.offset_fc.3.weight', 'encoder.anchor_encoder.offset_fc.3.bias', 'encoder.anchor_encoder.offset_fc.5.weight', 'encoder.anchor_encoder.offset_fc.5.bias', 'encoder.anchor_encoder.output_fc.0.weight', 'encoder.anchor_encoder.output_fc.0.bias', 'encoder.anchor_encoder.output_fc.2.weight', 'encoder.anchor_encoder.output_fc.2.bias', 'encoder.anchor_encoder.output_fc.3.weight', 'encoder.anchor_encoder.output_fc.3.bias', 'encoder.anchor_encoder.output_fc.5.weight', 'encoder.anchor_encoder.output_fc.5.bias', 'encoder.layers.0.kps_generator.learnable_fc.weight', 'encoder.layers.0.kps_generator.learnable_fc.bias', 'encoder.layers.0.output_proj.weight', 'encoder.layers.0.output_proj.bias', 'encoder.layers.0.camera_encoder.0.weight', 'encoder.layers.0.camera_encoder.0.bias', 'encoder.layers.0.camera_encoder.2.weight', 'encoder.layers.0.camera_encoder.2.bias', 'encoder.layers.0.camera_encoder.3.weight', 'encoder.layers.0.camera_encoder.3.bias', 'encoder.layers.0.camera_encoder.5.weight', 'encoder.layers.0.camera_encoder.5.bias', 'encoder.layers.0.weights_fc.weight', 'encoder.layers.0.weights_fc.bias', 'encoder.layers.1.pre_norm.weight', 'encoder.layers.1.pre_norm.bias', 'encoder.layers.1.layers.0.0.weight', 'encoder.layers.1.layers.0.0.bias', 'encoder.layers.1.layers.1.weight', 'encoder.layers.1.layers.1.bias', 'encoder.layers.1.identity_fc.weight', 'encoder.layers.1.identity_fc.bias', 'encoder.layers.2.weight', 'encoder.layers.2.bias', 'encoder.layers.3.layers.0.weight', 'encoder.layers.3.layers.0.bias', 'encoder.layers.3.layers.2.weight', 'encoder.layers.3.layers.2.bias', 'encoder.layers.3.layers.4.weight', 'encoder.layers.3.layers.4.bias', 'encoder.layers.3.layers.5.weight', 'encoder.layers.3.layers.5.bias', 'encoder.layers.3.layers.7.weight', 'encoder.layers.3.layers.7.bias', 'encoder.layers.3.layers.9.weight', 'encoder.layers.3.layers.9.bias', 'encoder.layers.3.layers.10.weight', 'encoder.layers.3.layers.10.bias', 'encoder.layers.3.layers.11.scale', 'encoder.layers.4.layers.0.weight', 'encoder.layers.4.layers.0.bias', 'encoder.layers.4.layers.1.weight', 'encoder.layers.4.layers.1.bias', 'encoder.layers.4.layers.3.weight', 'encoder.layers.4.layers.3.bias', 'encoder.layers.4.layers.4.weight', 'encoder.layers.4.layers.4.bias', 'encoder.layers.4.layers.6.weight', 'encoder.layers.4.layers.6.bias', 'encoder.layers.4.layers.7.weight', 'encoder.layers.4.layers.7.bias', 'encoder.layers.4.output_proj.weight', 'encoder.layers.4.output_proj.bias', 'encoder.layers.5.weight', 'encoder.layers.5.bias', 'encoder.layers.6.kps_generator.learnable_fc.weight', 'encoder.layers.6.kps_generator.learnable_fc.bias', 'encoder.layers.6.output_proj.weight', 'encoder.layers.6.output_proj.bias', 'encoder.layers.6.camera_encoder.0.weight', 'encoder.layers.6.camera_encoder.0.bias', 'encoder.layers.6.camera_encoder.2.weight', 'encoder.layers.6.camera_encoder.2.bias', 'encoder.layers.6.camera_encoder.3.weight', 'encoder.layers.6.camera_encoder.3.bias', 'encoder.layers.6.camera_encoder.5.weight', 'encoder.layers.6.camera_encoder.5.bias', 'encoder.layers.6.weights_fc.weight', 'encoder.layers.6.weights_fc.bias', 'encoder.layers.7.pre_norm.weight', 'encoder.layers.7.pre_norm.bias', 'encoder.layers.7.layers.0.0.weight', 'encoder.layers.7.layers.0.0.bias', 'encoder.layers.7.layers.1.weight', 'encoder.layers.7.layers.1.bias', 'encoder.layers.7.identity_fc.weight', 'encoder.layers.7.identity_fc.bias', 'encoder.layers.8.weight', 'encoder.layers.8.bias', 'encoder.layers.9.layers.0.weight', 'encoder.layers.9.layers.0.bias', 'encoder.layers.9.layers.2.weight', 'encoder.layers.9.layers.2.bias', 'encoder.layers.9.layers.4.weight', 'encoder.layers.9.layers.4.bias', 'encoder.layers.9.layers.5.weight', 'encoder.layers.9.layers.5.bias', 'encoder.layers.9.layers.7.weight', 'encoder.layers.9.layers.7.bias', 'encoder.layers.9.layers.9.weight', 'encoder.layers.9.layers.9.bias', 'encoder.layers.9.layers.10.weight', 'encoder.layers.9.layers.10.bias', 'encoder.layers.9.layers.11.scale', 'encoder.layers.10.layers.0.weight', 'encoder.layers.10.layers.0.bias', 'encoder.layers.10.layers.1.weight', 'encoder.layers.10.layers.1.bias', 'encoder.layers.10.layers.3.weight', 'encoder.layers.10.layers.3.bias', 'encoder.layers.10.layers.4.weight', 'encoder.layers.10.layers.4.bias', 'encoder.layers.10.layers.6.weight', 'encoder.layers.10.layers.6.bias', 'encoder.layers.10.layers.7.weight', 'encoder.layers.10.layers.7.bias', 'encoder.layers.10.output_proj.weight', 'encoder.layers.10.output_proj.bias', 'encoder.layers.11.weight', 'encoder.layers.11.bias', 'encoder.layers.12.kps_generator.learnable_fc.weight', 'encoder.layers.12.kps_generator.learnable_fc.bias', 'encoder.layers.12.output_proj.weight', 'encoder.layers.12.output_proj.bias', 'encoder.layers.12.camera_encoder.0.weight', 'encoder.layers.12.camera_encoder.0.bias', 'encoder.layers.12.camera_encoder.2.weight', 'encoder.layers.12.camera_encoder.2.bias', 'encoder.layers.12.camera_encoder.3.weight', 'encoder.layers.12.camera_encoder.3.bias', 'encoder.layers.12.camera_encoder.5.weight', 'encoder.layers.12.camera_encoder.5.bias', 'encoder.layers.12.weights_fc.weight', 'encoder.layers.12.weights_fc.bias', 'encoder.layers.13.pre_norm.weight', 'encoder.layers.13.pre_norm.bias', 'encoder.layers.13.layers.0.0.weight', 'encoder.layers.13.layers.0.0.bias', 'encoder.layers.13.layers.1.weight', 'encoder.layers.13.layers.1.bias', 'encoder.layers.13.identity_fc.weight', 'encoder.layers.13.identity_fc.bias', 'encoder.layers.14.weight', 'encoder.layers.14.bias', 'encoder.layers.15.layers.0.weight', 'encoder.layers.15.layers.0.bias', 'encoder.layers.15.layers.2.weight', 'encoder.layers.15.layers.2.bias', 'encoder.layers.15.layers.4.weight', 'encoder.layers.15.layers.4.bias', 'encoder.layers.15.layers.5.weight', 'encoder.layers.15.layers.5.bias', 'encoder.layers.15.layers.7.weight', 'encoder.layers.15.layers.7.bias', 'encoder.layers.15.layers.9.weight', 'encoder.layers.15.layers.9.bias', 'encoder.layers.15.layers.10.weight', 'encoder.layers.15.layers.10.bias', 'encoder.layers.15.layers.11.scale', 'encoder.layers.16.layers.0.weight', 'encoder.layers.16.layers.0.bias', 'encoder.layers.16.layers.1.weight', 'encoder.layers.16.layers.1.bias', 'encoder.layers.16.layers.3.weight', 'encoder.layers.16.layers.3.bias', 'encoder.layers.16.layers.4.weight', 'encoder.layers.16.layers.4.bias', 'encoder.layers.16.layers.6.weight', 'encoder.layers.16.layers.6.bias', 'encoder.layers.16.layers.7.weight', 'encoder.layers.16.layers.7.bias', 'encoder.layers.16.output_proj.weight', 'encoder.layers.16.output_proj.bias', 'encoder.layers.17.weight', 'encoder.layers.17.bias', 'encoder.layers.18.kps_generator.learnable_fc.weight', 'encoder.layers.18.kps_generator.learnable_fc.bias', 'encoder.layers.18.output_proj.weight', 'encoder.layers.18.output_proj.bias', 'encoder.layers.18.camera_encoder.0.weight', 'encoder.layers.18.camera_encoder.0.bias', 'encoder.layers.18.camera_encoder.2.weight', 'encoder.layers.18.camera_encoder.2.bias', 'encoder.layers.18.camera_encoder.3.weight', 'encoder.layers.18.camera_encoder.3.bias', 'encoder.layers.18.camera_encoder.5.weight', 'encoder.layers.18.camera_encoder.5.bias', 'encoder.layers.18.weights_fc.weight', 'encoder.layers.18.weights_fc.bias', 'encoder.layers.19.pre_norm.weight', 'encoder.layers.19.pre_norm.bias', 'encoder.layers.19.layers.0.0.weight', 'encoder.layers.19.layers.0.0.bias', 'encoder.layers.19.layers.1.weight', 'encoder.layers.19.layers.1.bias', 'encoder.layers.19.identity_fc.weight', 'encoder.layers.19.identity_fc.bias', 'encoder.layers.20.weight', 'encoder.layers.20.bias', 'encoder.layers.21.layers.0.weight', 'encoder.layers.21.layers.0.bias', 'encoder.layers.21.layers.2.weight', 'encoder.layers.21.layers.2.bias', 'encoder.layers.21.layers.4.weight', 'encoder.layers.21.layers.4.bias', 'encoder.layers.21.layers.5.weight', 'encoder.layers.21.layers.5.bias', 'encoder.layers.21.layers.7.weight', 'encoder.layers.21.layers.7.bias', 'encoder.layers.21.layers.9.weight', 'encoder.layers.21.layers.9.bias', 'encoder.layers.21.layers.10.weight', 'encoder.layers.21.layers.10.bias', 'encoder.layers.21.layers.11.scale', 'temporal_encoder.anchor_encoder.xyz_fc.0.weight', 'temporal_encoder.anchor_encoder.xyz_fc.0.bias', 'temporal_encoder.anchor_encoder.xyz_fc.2.weight', 'temporal_encoder.anchor_encoder.xyz_fc.2.bias', 'temporal_encoder.anchor_encoder.xyz_fc.3.weight', 'temporal_encoder.anchor_encoder.xyz_fc.3.bias', 'temporal_encoder.anchor_encoder.xyz_fc.5.weight', 'temporal_encoder.anchor_encoder.xyz_fc.5.bias', 'temporal_encoder.anchor_encoder.scale_fc.0.weight', 'temporal_encoder.anchor_encoder.scale_fc.0.bias', 'temporal_encoder.anchor_encoder.scale_fc.2.weight', 'temporal_encoder.anchor_encoder.scale_fc.2.bias', 'temporal_encoder.anchor_encoder.scale_fc.3.weight', 'temporal_encoder.anchor_encoder.scale_fc.3.bias', 'temporal_encoder.anchor_encoder.scale_fc.5.weight', 'temporal_encoder.anchor_encoder.scale_fc.5.bias', 'temporal_encoder.anchor_encoder.rot_fc.0.weight', 'temporal_encoder.anchor_encoder.rot_fc.0.bias', 'temporal_encoder.anchor_encoder.rot_fc.2.weight', 'temporal_encoder.anchor_encoder.rot_fc.2.bias', 'temporal_encoder.anchor_encoder.rot_fc.3.weight', 'temporal_encoder.anchor_encoder.rot_fc.3.bias', 'temporal_encoder.anchor_encoder.rot_fc.5.weight', 'temporal_encoder.anchor_encoder.rot_fc.5.bias', 'temporal_encoder.anchor_encoder.opacity_fc.0.weight', 'temporal_encoder.anchor_encoder.opacity_fc.0.bias', 'temporal_encoder.anchor_encoder.opacity_fc.2.weight', 'temporal_encoder.anchor_encoder.opacity_fc.2.bias', 'temporal_encoder.anchor_encoder.opacity_fc.3.weight', 'temporal_encoder.anchor_encoder.opacity_fc.3.bias', 'temporal_encoder.anchor_encoder.opacity_fc.5.weight', 'temporal_encoder.anchor_encoder.opacity_fc.5.bias', 'temporal_encoder.anchor_encoder.semantics_fc.0.weight', 'temporal_encoder.anchor_encoder.semantics_fc.0.bias', 'temporal_encoder.anchor_encoder.semantics_fc.2.weight', 'temporal_encoder.anchor_encoder.semantics_fc.2.bias', 'temporal_encoder.anchor_encoder.semantics_fc.3.weight', 'temporal_encoder.anchor_encoder.semantics_fc.3.bias', 'temporal_encoder.anchor_encoder.semantics_fc.5.weight', 'temporal_encoder.anchor_encoder.semantics_fc.5.bias', 'temporal_encoder.anchor_encoder.offset_fc.0.weight', 'temporal_encoder.anchor_encoder.offset_fc.0.bias', 'temporal_encoder.anchor_encoder.offset_fc.2.weight', 'temporal_encoder.anchor_encoder.offset_fc.2.bias', 'temporal_encoder.anchor_encoder.offset_fc.3.weight', 'temporal_encoder.anchor_encoder.offset_fc.3.bias', 'temporal_encoder.anchor_encoder.offset_fc.5.weight', 'temporal_encoder.anchor_encoder.offset_fc.5.bias', 'temporal_encoder.anchor_encoder.output_fc.0.weight', 'temporal_encoder.anchor_encoder.output_fc.0.bias', 'temporal_encoder.anchor_encoder.output_fc.2.weight', 'temporal_encoder.anchor_encoder.output_fc.2.bias', 'temporal_encoder.anchor_encoder.output_fc.3.weight', 'temporal_encoder.anchor_encoder.output_fc.3.bias', 'temporal_encoder.anchor_encoder.output_fc.5.weight', 'temporal_encoder.anchor_encoder.output_fc.5.bias', 'temporal_encoder.layers.0.layers.0.weight', 'temporal_encoder.layers.0.layers.1.weight', 'temporal_encoder.layers.0.layers.1.bias', 'temporal_encoder.layers.0.layers.3.weight', 'temporal_encoder.layers.0.layers.4.weight', 'temporal_encoder.layers.0.layers.4.bias', 'temporal_encoder.layers.0.layers.6.weight', 'temporal_encoder.layers.0.layers.7.weight', 'temporal_encoder.layers.0.layers.7.bias', 'temporal_encoder.layers.0.output_proj.weight', 'temporal_encoder.layers.0.output_proj.bias', 'temporal_encoder.layers.1.layers.0.weight', 'temporal_encoder.layers.1.layers.0.bias', 'temporal_encoder.layers.1.layers.2.weight', 'temporal_encoder.layers.1.layers.2.bias', 'temporal_encoder.layers.1.layers.4.weight', 'temporal_encoder.layers.1.layers.4.bias', 'temporal_encoder.layers.1.layers.5.weight', 'temporal_encoder.layers.1.layers.5.bias', 'temporal_encoder.layers.1.layers.7.weight', 'temporal_encoder.layers.1.layers.7.bias', 'temporal_encoder.layers.1.layers.9.weight', 'temporal_encoder.layers.1.layers.9.bias', 'temporal_encoder.layers.1.layers.10.weight', 'temporal_encoder.layers.1.layers.10.bias', 'temporal_encoder.layers.1.layers.11.scale', 'temporal_encoder.layers.1.dynamic_layers.0.weight', 'temporal_encoder.layers.1.dynamic_layers.0.bias', 'temporal_encoder.layers.1.dynamic_layers.2.weight', 'temporal_encoder.layers.1.dynamic_layers.2.bias', 'temporal_encoder.layers.1.dynamic_layers.3.weight', 'temporal_encoder.layers.1.dynamic_layers.3.bias', 'temporal_encoder.layers.1.offset_layers.0.weight', 'temporal_encoder.layers.1.offset_layers.0.bias', 'temporal_encoder.layers.1.offset_layers.2.weight', 'temporal_encoder.layers.1.offset_layers.2.bias', 'temporal_encoder.layers.1.offset_layers.3.weight', 'temporal_encoder.layers.1.offset_layers.3.bias', 'temporal_encoder.layers.2.layers.0.weight', 'temporal_encoder.layers.2.layers.1.weight', 'temporal_encoder.layers.2.layers.1.bias', 'temporal_encoder.layers.2.layers.3.weight', 'temporal_encoder.layers.2.layers.4.weight', 'temporal_encoder.layers.2.layers.4.bias', 'temporal_encoder.layers.2.layers.6.weight', 'temporal_encoder.layers.2.layers.7.weight', 'temporal_encoder.layers.2.layers.7.bias', 'temporal_encoder.layers.2.output_proj.weight', 'temporal_encoder.layers.2.output_proj.bias', 'temporal_encoder.layers.3.layers.0.weight', 'temporal_encoder.layers.3.layers.0.bias', 'temporal_encoder.layers.3.layers.2.weight', 'temporal_encoder.layers.3.layers.2.bias', 'temporal_encoder.layers.3.layers.4.weight', 'temporal_encoder.layers.3.layers.4.bias', 'temporal_encoder.layers.3.layers.5.weight', 'temporal_encoder.layers.3.layers.5.bias', 'temporal_encoder.layers.3.layers.7.weight', 'temporal_encoder.layers.3.layers.7.bias', 'temporal_encoder.layers.3.layers.9.weight', 'temporal_encoder.layers.3.layers.9.bias', 'temporal_encoder.layers.3.layers.10.weight', 'temporal_encoder.layers.3.layers.10.bias', 'temporal_encoder.layers.3.layers.11.scale', 'temporal_encoder.layers.3.dynamic_layers.0.weight', 'temporal_encoder.layers.3.dynamic_layers.0.bias', 'temporal_encoder.layers.3.dynamic_layers.2.weight', 'temporal_encoder.layers.3.dynamic_layers.2.bias', 'temporal_encoder.layers.3.dynamic_layers.3.weight', 'temporal_encoder.layers.3.dynamic_layers.3.bias', 'temporal_encoder.layers.3.offset_layers.0.weight', 'temporal_encoder.layers.3.offset_layers.0.bias', 'temporal_encoder.layers.3.offset_layers.2.weight', 'temporal_encoder.layers.3.offset_layers.2.bias', 'temporal_encoder.layers.3.offset_layers.3.weight', 'temporal_encoder.layers.3.offset_layers.3.bias', 'temporal_encoder.layers.4.layers.0.weight', 'temporal_encoder.layers.4.layers.1.weight', 'temporal_encoder.layers.4.layers.1.bias', 'temporal_encoder.layers.4.layers.3.weight', 'temporal_encoder.layers.4.layers.4.weight', 'temporal_encoder.layers.4.layers.4.bias', 'temporal_encoder.layers.4.layers.6.weight', 'temporal_encoder.layers.4.layers.7.weight', 'temporal_encoder.layers.4.layers.7.bias', 'temporal_encoder.layers.4.output_proj.weight', 'temporal_encoder.layers.4.output_proj.bias', 'temporal_encoder.layers.5.layers.0.weight', 'temporal_encoder.layers.5.layers.0.bias', 'temporal_encoder.layers.5.layers.2.weight', 'temporal_encoder.layers.5.layers.2.bias', 'temporal_encoder.layers.5.layers.4.weight', 'temporal_encoder.layers.5.layers.4.bias', 'temporal_encoder.layers.5.layers.5.weight', 'temporal_encoder.layers.5.layers.5.bias', 'temporal_encoder.layers.5.layers.7.weight', 'temporal_encoder.layers.5.layers.7.bias', 'temporal_encoder.layers.5.layers.9.weight', 'temporal_encoder.layers.5.layers.9.bias', 'temporal_encoder.layers.5.layers.10.weight', 'temporal_encoder.layers.5.layers.10.bias', 'temporal_encoder.layers.5.layers.11.scale', 'temporal_encoder.layers.5.dynamic_layers.0.weight', 'temporal_encoder.layers.5.dynamic_layers.0.bias', 'temporal_encoder.layers.5.dynamic_layers.2.weight', 'temporal_encoder.layers.5.dynamic_layers.2.bias', 'temporal_encoder.layers.5.dynamic_layers.3.weight', 'temporal_encoder.layers.5.dynamic_layers.3.bias', 'temporal_encoder.layers.5.offset_layers.0.weight', 'temporal_encoder.layers.5.offset_layers.0.bias', 'temporal_encoder.layers.5.offset_layers.2.weight', 'temporal_encoder.layers.5.offset_layers.2.bias', 'temporal_encoder.layers.5.offset_layers.3.weight', 'temporal_encoder.layers.5.offset_layers.3.bias', 'head.empty_scalar', 'head.empty_mean', 'head.empty_scale', 'head.empty_rot', 'head.empty_sem', 'head.empty_opa', 'head.pc_min', 'head.grid_size', 'head.zero_tensor', 'head.aggregator.pc_min', 'head.frontier_generator.gaussian_value.0.weight', 'head.frontier_generator.gaussian_value.0.bias', 'head.frontier_generator.gaussian_value.1.weight', 'head.frontier_generator.gaussian_value.1.bias', 'head.frontier_generator.query.0.weight', 'head.frontier_generator.query.0.bias', 'head.frontier_generator.query.1.weight', 'head.frontier_generator.query.1.bias', 'head.frontier_generator.query.3.weight', 'head.frontier_generator.query.3.bias', 'head.frontier_generator.image_proj.weight', 'head.frontier_generator.image_proj.bias', 'head.frontier_generator.image_gate.0.weight', 'head.frontier_generator.image_gate.0.bias', 'head.frontier_generator.fusion.0.weight', 'head.frontier_generator.fusion.0.bias', 'head.frontier_generator.fusion.1.weight', 'head.frontier_generator.fusion.1.bias', 'head.frontier_generator.fusion.3.weight', 'head.frontier_generator.fusion.3.bias', 'decoder.global_step', 'decoder.backbone_3d.conv_input.0.weight', 'decoder.backbone_3d.conv_input.1.weight', 'decoder.backbone_3d.conv_input.1.bias', 'decoder.backbone_3d.conv_input.1.running_mean', 'decoder.backbone_3d.conv_input.1.running_var', 'decoder.backbone_3d.conv1.0.conv1.weight', 'decoder.backbone_3d.conv1.0.conv1.bias', 'decoder.backbone_3d.conv1.0.bn1.weight', 'decoder.backbone_3d.conv1.0.bn1.bias', 'decoder.backbone_3d.conv1.0.bn1.running_mean', 'decoder.backbone_3d.conv1.0.bn1.running_var', 'decoder.backbone_3d.conv1.0.conv2.weight', 'decoder.backbone_3d.conv1.0.conv2.bias', 'decoder.backbone_3d.conv1.0.bn2.weight', 'decoder.backbone_3d.conv1.0.bn2.bias', 'decoder.backbone_3d.conv1.0.bn2.running_mean', 'decoder.backbone_3d.conv1.0.bn2.running_var', 'decoder.backbone_3d.conv1.1.conv1.weight', 'decoder.backbone_3d.conv1.1.conv1.bias', 'decoder.backbone_3d.conv1.1.bn1.weight', 'decoder.backbone_3d.conv1.1.bn1.bias', 'decoder.backbone_3d.conv1.1.bn1.running_mean', 'decoder.backbone_3d.conv1.1.bn1.running_var', 'decoder.backbone_3d.conv1.1.conv2.weight', 'decoder.backbone_3d.conv1.1.conv2.bias', 'decoder.backbone_3d.conv1.1.bn2.weight', 'decoder.backbone_3d.conv1.1.bn2.bias', 'decoder.backbone_3d.conv1.1.bn2.running_mean', 'decoder.backbone_3d.conv1.1.bn2.running_var', 'decoder.backbone_3d.conv2.0.0.weight', 'decoder.backbone_3d.conv2.0.1.weight', 'decoder.backbone_3d.conv2.0.1.bias', 'decoder.backbone_3d.conv2.0.1.running_mean', 'decoder.backbone_3d.conv2.0.1.running_var', 'decoder.backbone_3d.conv2.1.conv1.weight', 'decoder.backbone_3d.conv2.1.conv1.bias', 'decoder.backbone_3d.conv2.1.bn1.weight', 'decoder.backbone_3d.conv2.1.bn1.bias', 'decoder.backbone_3d.conv2.1.bn1.running_mean', 'decoder.backbone_3d.conv2.1.bn1.running_var', 'decoder.backbone_3d.conv2.1.conv2.weight', 'decoder.backbone_3d.conv2.1.conv2.bias', 'decoder.backbone_3d.conv2.1.bn2.weight', 'decoder.backbone_3d.conv2.1.bn2.bias', 'decoder.backbone_3d.conv2.1.bn2.running_mean', 'decoder.backbone_3d.conv2.1.bn2.running_var', 'decoder.backbone_3d.conv2.2.conv1.weight', 'decoder.backbone_3d.conv2.2.conv1.bias', 'decoder.backbone_3d.conv2.2.bn1.weight', 'decoder.backbone_3d.conv2.2.bn1.bias', 'decoder.backbone_3d.conv2.2.bn1.running_mean', 'decoder.backbone_3d.conv2.2.bn1.running_var', 'decoder.backbone_3d.conv2.2.conv2.weight', 'decoder.backbone_3d.conv2.2.conv2.bias', 'decoder.backbone_3d.conv2.2.bn2.weight', 'decoder.backbone_3d.conv2.2.bn2.bias', 'decoder.backbone_3d.conv2.2.bn2.running_mean', 'decoder.backbone_3d.conv2.2.bn2.running_var', 'decoder.backbone_3d.conv3.0.0.weight', 'decoder.backbone_3d.conv3.0.1.weight', 'decoder.backbone_3d.conv3.0.1.bias', 'decoder.backbone_3d.conv3.0.1.running_mean', 'decoder.backbone_3d.conv3.0.1.running_var', 'decoder.backbone_3d.conv3.1.conv1.weight', 'decoder.backbone_3d.conv3.1.conv1.bias', 'decoder.backbone_3d.conv3.1.bn1.weight', 'decoder.backbone_3d.conv3.1.bn1.bias', 'decoder.backbone_3d.conv3.1.bn1.running_mean', 'decoder.backbone_3d.conv3.1.bn1.running_var', 'decoder.backbone_3d.conv3.1.conv2.weight', 'decoder.backbone_3d.conv3.1.conv2.bias', 'decoder.backbone_3d.conv3.1.bn2.weight', 'decoder.backbone_3d.conv3.1.bn2.bias', 'decoder.backbone_3d.conv3.1.bn2.running_mean', 'decoder.backbone_3d.conv3.1.bn2.running_var', 'decoder.backbone_3d.conv3.2.conv1.weight', 'decoder.backbone_3d.conv3.2.conv1.bias', 'decoder.backbone_3d.conv3.2.bn1.weight', 'decoder.backbone_3d.conv3.2.bn1.bias', 'decoder.backbone_3d.conv3.2.bn1.running_mean', 'decoder.backbone_3d.conv3.2.bn1.running_var', 'decoder.backbone_3d.conv3.2.conv2.weight', 'decoder.backbone_3d.conv3.2.conv2.bias', 'decoder.backbone_3d.conv3.2.bn2.weight', 'decoder.backbone_3d.conv3.2.bn2.bias', 'decoder.backbone_3d.conv3.2.bn2.running_mean', 'decoder.backbone_3d.conv3.2.bn2.running_var', 'decoder.backbone_3d.conv4.0.0.weight', 'decoder.backbone_3d.conv4.0.1.weight', 'decoder.backbone_3d.conv4.0.1.bias', 'decoder.backbone_3d.conv4.0.1.running_mean', 'decoder.backbone_3d.conv4.0.1.running_var', 'decoder.backbone_3d.conv4.1.conv1.weight', 'decoder.backbone_3d.conv4.1.conv1.bias', 'decoder.backbone_3d.conv4.1.bn1.weight', 'decoder.backbone_3d.conv4.1.bn1.bias', 'decoder.backbone_3d.conv4.1.bn1.running_mean', 'decoder.backbone_3d.conv4.1.bn1.running_var', 'decoder.backbone_3d.conv4.1.conv2.weight', 'decoder.backbone_3d.conv4.1.conv2.bias', 'decoder.backbone_3d.conv4.1.bn2.weight', 'decoder.backbone_3d.conv4.1.bn2.bias', 'decoder.backbone_3d.conv4.1.bn2.running_mean', 'decoder.backbone_3d.conv4.1.bn2.running_var', 'decoder.backbone_3d.conv4.2.conv1.weight', 'decoder.backbone_3d.conv4.2.conv1.bias', 'decoder.backbone_3d.conv4.2.bn1.weight', 'decoder.backbone_3d.conv4.2.bn1.bias', 'decoder.backbone_3d.conv4.2.bn1.running_mean', 'decoder.backbone_3d.conv4.2.bn1.running_var', 'decoder.backbone_3d.conv4.2.conv2.weight', 'decoder.backbone_3d.conv4.2.conv2.bias', 'decoder.backbone_3d.conv4.2.bn2.weight', 'decoder.backbone_3d.conv4.2.bn2.bias', 'decoder.backbone_3d.conv4.2.bn2.running_mean', 'decoder.backbone_3d.conv4.2.bn2.running_var', 'decoder.backbone_3d.conv5.0.0.weight', 'decoder.backbone_3d.conv5.0.1.weight', 'decoder.backbone_3d.conv5.0.1.bias', 'decoder.backbone_3d.conv5.0.1.running_mean', 'decoder.backbone_3d.conv5.0.1.running_var', 'decoder.backbone_3d.conv5.1.conv1.weight', 'decoder.backbone_3d.conv5.1.conv1.bias', 'decoder.backbone_3d.conv5.1.bn1.weight', 'decoder.backbone_3d.conv5.1.bn1.bias', 'decoder.backbone_3d.conv5.1.bn1.running_mean', 'decoder.backbone_3d.conv5.1.bn1.running_var', 'decoder.backbone_3d.conv5.1.conv2.weight', 'decoder.backbone_3d.conv5.1.conv2.bias', 'decoder.backbone_3d.conv5.1.bn2.weight', 'decoder.backbone_3d.conv5.1.bn2.bias', 'decoder.backbone_3d.conv5.1.bn2.running_mean', 'decoder.backbone_3d.conv5.1.bn2.running_var', 'decoder.backbone_3d.conv5.2.conv1.weight', 'decoder.backbone_3d.conv5.2.conv1.bias', 'decoder.backbone_3d.conv5.2.bn1.weight', 'decoder.backbone_3d.conv5.2.bn1.bias', 'decoder.backbone_3d.conv5.2.bn1.running_mean', 'decoder.backbone_3d.conv5.2.bn1.running_var', 'decoder.backbone_3d.conv5.2.conv2.weight', 'decoder.backbone_3d.conv5.2.conv2.bias', 'decoder.backbone_3d.conv5.2.bn2.weight', 'decoder.backbone_3d.conv5.2.bn2.bias', 'decoder.backbone_3d.conv5.2.bn2.running_mean', 'decoder.backbone_3d.conv5.2.bn2.running_var', 'decoder.backbone_3d.conv6.0.0.weight', 'decoder.backbone_3d.conv6.0.1.weight', 'decoder.backbone_3d.conv6.0.1.bias', 'decoder.backbone_3d.conv6.0.1.running_mean', 'decoder.backbone_3d.conv6.0.1.running_var', 'decoder.backbone_3d.conv6.1.conv1.weight', 'decoder.backbone_3d.conv6.1.conv1.bias', 'decoder.backbone_3d.conv6.1.bn1.weight', 'decoder.backbone_3d.conv6.1.bn1.bias', 'decoder.backbone_3d.conv6.1.bn1.running_mean', 'decoder.backbone_3d.conv6.1.bn1.running_var', 'decoder.backbone_3d.conv6.1.conv2.weight', 'decoder.backbone_3d.conv6.1.conv2.bias', 'decoder.backbone_3d.conv6.1.bn2.weight', 'decoder.backbone_3d.conv6.1.bn2.bias', 'decoder.backbone_3d.conv6.1.bn2.running_mean', 'decoder.backbone_3d.conv6.1.bn2.running_var', 'decoder.backbone_3d.conv6.2.conv1.weight', 'decoder.backbone_3d.conv6.2.conv1.bias', 'decoder.backbone_3d.conv6.2.bn1.weight', 'decoder.backbone_3d.conv6.2.bn1.bias', 'decoder.backbone_3d.conv6.2.bn1.running_mean', 'decoder.backbone_3d.conv6.2.bn1.running_var', 'decoder.backbone_3d.conv6.2.conv2.weight', 'decoder.backbone_3d.conv6.2.conv2.bias', 'decoder.backbone_3d.conv6.2.bn2.weight', 'decoder.backbone_3d.conv6.2.bn2.bias', 'decoder.backbone_3d.conv6.2.bn2.running_mean', 'decoder.backbone_3d.conv6.2.bn2.running_var', 'decoder.backbone_3d.conv_out.0.weight', 'decoder.backbone_3d.conv_out.1.weight', 'decoder.backbone_3d.conv_out.1.bias', 'decoder.backbone_3d.conv_out.1.running_mean', 'decoder.backbone_3d.conv_out.1.running_var', 'decoder.backbone_3d.shared_conv.0.weight', 'decoder.backbone_3d.shared_conv.0.bias', 'decoder.backbone_3d.shared_conv.1.weight', 'decoder.backbone_3d.shared_conv.1.bias', 'decoder.backbone_3d.shared_conv.1.running_mean', 'decoder.backbone_3d.shared_conv.1.running_var', 'decoder.dense_head.heads_list.0.center.0.0.weight', 'decoder.dense_head.heads_list.0.center.0.0.bias', 'decoder.dense_head.heads_list.0.center.0.1.weight', 'decoder.dense_head.heads_list.0.center.0.1.bias', 'decoder.dense_head.heads_list.0.center.0.1.running_mean', 'decoder.dense_head.heads_list.0.center.0.1.running_var', 'decoder.dense_head.heads_list.0.center.1.weight', 'decoder.dense_head.heads_list.0.center.1.bias', 'decoder.dense_head.heads_list.0.center_z.0.0.weight', 'decoder.dense_head.heads_list.0.center_z.0.0.bias', 'decoder.dense_head.heads_list.0.center_z.0.1.weight', 'decoder.dense_head.heads_list.0.center_z.0.1.bias', 'decoder.dense_head.heads_list.0.center_z.0.1.running_mean', 'decoder.dense_head.heads_list.0.center_z.0.1.running_var', 'decoder.dense_head.heads_list.0.center_z.1.weight', 'decoder.dense_head.heads_list.0.center_z.1.bias', 'decoder.dense_head.heads_list.0.dim.0.0.weight', 'decoder.dense_head.heads_list.0.dim.0.0.bias', 'decoder.dense_head.heads_list.0.dim.0.1.weight', 'decoder.dense_head.heads_list.0.dim.0.1.bias', 'decoder.dense_head.heads_list.0.dim.0.1.running_mean', 'decoder.dense_head.heads_list.0.dim.0.1.running_var', 'decoder.dense_head.heads_list.0.dim.1.weight', 'decoder.dense_head.heads_list.0.dim.1.bias', 'decoder.dense_head.heads_list.0.rot.0.0.weight', 'decoder.dense_head.heads_list.0.rot.0.0.bias', 'decoder.dense_head.heads_list.0.rot.0.1.weight', 'decoder.dense_head.heads_list.0.rot.0.1.bias', 'decoder.dense_head.heads_list.0.rot.0.1.running_mean', 'decoder.dense_head.heads_list.0.rot.0.1.running_var', 'decoder.dense_head.heads_list.0.rot.1.weight', 'decoder.dense_head.heads_list.0.rot.1.bias', 'decoder.dense_head.heads_list.0.vel.0.0.weight', 'decoder.dense_head.heads_list.0.vel.0.0.bias', 'decoder.dense_head.heads_list.0.vel.0.1.weight', 'decoder.dense_head.heads_list.0.vel.0.1.bias', 'decoder.dense_head.heads_list.0.vel.0.1.running_mean', 'decoder.dense_head.heads_list.0.vel.0.1.running_var', 'decoder.dense_head.heads_list.0.vel.1.weight', 'decoder.dense_head.heads_list.0.vel.1.bias', 'decoder.dense_head.heads_list.0.hm.0.0.weight', 'decoder.dense_head.heads_list.0.hm.0.0.bias', 'decoder.dense_head.heads_list.0.hm.0.1.weight', 'decoder.dense_head.heads_list.0.hm.0.1.bias', 'decoder.dense_head.heads_list.0.hm.0.1.running_mean', 'decoder.dense_head.heads_list.0.hm.0.1.running_var', 'decoder.dense_head.heads_list.0.hm.1.weight', 'decoder.dense_head.heads_list.0.hm.1.bias', 'decoder.dense_head.heads_list.1.center.0.0.weight', 'decoder.dense_head.heads_list.1.center.0.0.bias', 'decoder.dense_head.heads_list.1.center.0.1.weight', 'decoder.dense_head.heads_list.1.center.0.1.bias', 'decoder.dense_head.heads_list.1.center.0.1.running_mean', 'decoder.dense_head.heads_list.1.center.0.1.running_var', 'decoder.dense_head.heads_list.1.center.1.weight', 'decoder.dense_head.heads_list.1.center.1.bias', 'decoder.dense_head.heads_list.1.center_z.0.0.weight', 'decoder.dense_head.heads_list.1.center_z.0.0.bias', 'decoder.dense_head.heads_list.1.center_z.0.1.weight', 'decoder.dense_head.heads_list.1.center_z.0.1.bias', 'decoder.dense_head.heads_list.1.center_z.0.1.running_mean', 'decoder.dense_head.heads_list.1.center_z.0.1.running_var', 'decoder.dense_head.heads_list.1.center_z.1.weight', 'decoder.dense_head.heads_list.1.center_z.1.bias', 'decoder.dense_head.heads_list.1.dim.0.0.weight', 'decoder.dense_head.heads_list.1.dim.0.0.bias', 'decoder.dense_head.heads_list.1.dim.0.1.weight', 'decoder.dense_head.heads_list.1.dim.0.1.bias', 'decoder.dense_head.heads_list.1.dim.0.1.running_mean', 'decoder.dense_head.heads_list.1.dim.0.1.running_var', 'decoder.dense_head.heads_list.1.dim.1.weight', 'decoder.dense_head.heads_list.1.dim.1.bias', 'decoder.dense_head.heads_list.1.rot.0.0.weight', 'decoder.dense_head.heads_list.1.rot.0.0.bias', 'decoder.dense_head.heads_list.1.rot.0.1.weight', 'decoder.dense_head.heads_list.1.rot.0.1.bias', 'decoder.dense_head.heads_list.1.rot.0.1.running_mean', 'decoder.dense_head.heads_list.1.rot.0.1.running_var', 'decoder.dense_head.heads_list.1.rot.1.weight', 'decoder.dense_head.heads_list.1.rot.1.bias', 'decoder.dense_head.heads_list.1.vel.0.0.weight', 'decoder.dense_head.heads_list.1.vel.0.0.bias', 'decoder.dense_head.heads_list.1.vel.0.1.weight', 'decoder.dense_head.heads_list.1.vel.0.1.bias', 'decoder.dense_head.heads_list.1.vel.0.1.running_mean', 'decoder.dense_head.heads_list.1.vel.0.1.running_var', 'decoder.dense_head.heads_list.1.vel.1.weight', 'decoder.dense_head.heads_list.1.vel.1.bias', 'decoder.dense_head.heads_list.1.hm.0.0.weight', 'decoder.dense_head.heads_list.1.hm.0.0.bias', 'decoder.dense_head.heads_list.1.hm.0.1.weight', 'decoder.dense_head.heads_list.1.hm.0.1.bias', 'decoder.dense_head.heads_list.1.hm.0.1.running_mean', 'decoder.dense_head.heads_list.1.hm.0.1.running_var', 'decoder.dense_head.heads_list.1.hm.1.weight', 'decoder.dense_head.heads_list.1.hm.1.bias', 'decoder.dense_head.heads_list.2.center.0.0.weight', 'decoder.dense_head.heads_list.2.center.0.0.bias', 'decoder.dense_head.heads_list.2.center.0.1.weight', 'decoder.dense_head.heads_list.2.center.0.1.bias', 'decoder.dense_head.heads_list.2.center.0.1.running_mean', 'decoder.dense_head.heads_list.2.center.0.1.running_var', 'decoder.dense_head.heads_list.2.center.1.weight', 'decoder.dense_head.heads_list.2.center.1.bias', 'decoder.dense_head.heads_list.2.center_z.0.0.weight', 'decoder.dense_head.heads_list.2.center_z.0.0.bias', 'decoder.dense_head.heads_list.2.center_z.0.1.weight', 'decoder.dense_head.heads_list.2.center_z.0.1.bias', 'decoder.dense_head.heads_list.2.center_z.0.1.running_mean', 'decoder.dense_head.heads_list.2.center_z.0.1.running_var', 'decoder.dense_head.heads_list.2.center_z.1.weight', 'decoder.dense_head.heads_list.2.center_z.1.bias', 'decoder.dense_head.heads_list.2.dim.0.0.weight', 'decoder.dense_head.heads_list.2.dim.0.0.bias', 'decoder.dense_head.heads_list.2.dim.0.1.weight', 'decoder.dense_head.heads_list.2.dim.0.1.bias', 'decoder.dense_head.heads_list.2.dim.0.1.running_mean', 'decoder.dense_head.heads_list.2.dim.0.1.running_var', 'decoder.dense_head.heads_list.2.dim.1.weight', 'decoder.dense_head.heads_list.2.dim.1.bias', 'decoder.dense_head.heads_list.2.rot.0.0.weight', 'decoder.dense_head.heads_list.2.rot.0.0.bias', 'decoder.dense_head.heads_list.2.rot.0.1.weight', 'decoder.dense_head.heads_list.2.rot.0.1.bias', 'decoder.dense_head.heads_list.2.rot.0.1.running_mean', 'decoder.dense_head.heads_list.2.rot.0.1.running_var', 'decoder.dense_head.heads_list.2.rot.1.weight', 'decoder.dense_head.heads_list.2.rot.1.bias', 'decoder.dense_head.heads_list.2.vel.0.0.weight', 'decoder.dense_head.heads_list.2.vel.0.0.bias', 'decoder.dense_head.heads_list.2.vel.0.1.weight', 'decoder.dense_head.heads_list.2.vel.0.1.bias', 'decoder.dense_head.heads_list.2.vel.0.1.running_mean', 'decoder.dense_head.heads_list.2.vel.0.1.running_var', 'decoder.dense_head.heads_list.2.vel.1.weight', 'decoder.dense_head.heads_list.2.vel.1.bias', 'decoder.dense_head.heads_list.2.hm.0.0.weight', 'decoder.dense_head.heads_list.2.hm.0.0.bias', 'decoder.dense_head.heads_list.2.hm.0.1.weight', 'decoder.dense_head.heads_list.2.hm.0.1.bias', 'decoder.dense_head.heads_list.2.hm.0.1.running_mean', 'decoder.dense_head.heads_list.2.hm.0.1.running_var', 'decoder.dense_head.heads_list.2.hm.1.weight', 'decoder.dense_head.heads_list.2.hm.1.bias', 'decoder.dense_head.heads_list.3.center.0.0.weight', 'decoder.dense_head.heads_list.3.center.0.0.bias', 'decoder.dense_head.heads_list.3.center.0.1.weight', 'decoder.dense_head.heads_list.3.center.0.1.bias', 'decoder.dense_head.heads_list.3.center.0.1.running_mean', 'decoder.dense_head.heads_list.3.center.0.1.running_var', 'decoder.dense_head.heads_list.3.center.1.weight', 'decoder.dense_head.heads_list.3.center.1.bias', 'decoder.dense_head.heads_list.3.center_z.0.0.weight', 'decoder.dense_head.heads_list.3.center_z.0.0.bias', 'decoder.dense_head.heads_list.3.center_z.0.1.weight', 'decoder.dense_head.heads_list.3.center_z.0.1.bias', 'decoder.dense_head.heads_list.3.center_z.0.1.running_mean', 'decoder.dense_head.heads_list.3.center_z.0.1.running_var', 'decoder.dense_head.heads_list.3.center_z.1.weight', 'decoder.dense_head.heads_list.3.center_z.1.bias', 'decoder.dense_head.heads_list.3.dim.0.0.weight', 'decoder.dense_head.heads_list.3.dim.0.0.bias', 'decoder.dense_head.heads_list.3.dim.0.1.weight', 'decoder.dense_head.heads_list.3.dim.0.1.bias', 'decoder.dense_head.heads_list.3.dim.0.1.running_mean', 'decoder.dense_head.heads_list.3.dim.0.1.running_var', 'decoder.dense_head.heads_list.3.dim.1.weight', 'decoder.dense_head.heads_list.3.dim.1.bias', 'decoder.dense_head.heads_list.3.rot.0.0.weight', 'decoder.dense_head.heads_list.3.rot.0.0.bias', 'decoder.dense_head.heads_list.3.rot.0.1.weight', 'decoder.dense_head.heads_list.3.rot.0.1.bias', 'decoder.dense_head.heads_list.3.rot.0.1.running_mean', 'decoder.dense_head.heads_list.3.rot.0.1.running_var', 'decoder.dense_head.heads_list.3.rot.1.weight', 'decoder.dense_head.heads_list.3.rot.1.bias', 'decoder.dense_head.heads_list.3.vel.0.0.weight', 'decoder.dense_head.heads_list.3.vel.0.0.bias', 'decoder.dense_head.heads_list.3.vel.0.1.weight', 'decoder.dense_head.heads_list.3.vel.0.1.bias', 'decoder.dense_head.heads_list.3.vel.0.1.running_mean', 'decoder.dense_head.heads_list.3.vel.0.1.running_var', 'decoder.dense_head.heads_list.3.vel.1.weight', 'decoder.dense_head.heads_list.3.vel.1.bias', 'decoder.dense_head.heads_list.3.hm.0.0.weight', 'decoder.dense_head.heads_list.3.hm.0.0.bias', 'decoder.dense_head.heads_list.3.hm.0.1.weight', 'decoder.dense_head.heads_list.3.hm.0.1.bias', 'decoder.dense_head.heads_list.3.hm.0.1.running_mean', 'decoder.dense_head.heads_list.3.hm.0.1.running_var', 'decoder.dense_head.heads_list.3.hm.1.weight', 'decoder.dense_head.heads_list.3.hm.1.bias', 'decoder.dense_head.heads_list.4.center.0.0.weight', 'decoder.dense_head.heads_list.4.center.0.0.bias', 'decoder.dense_head.heads_list.4.center.0.1.weight', 'decoder.dense_head.heads_list.4.center.0.1.bias', 'decoder.dense_head.heads_list.4.center.0.1.running_mean', 'decoder.dense_head.heads_list.4.center.0.1.running_var', 'decoder.dense_head.heads_list.4.center.1.weight', 'decoder.dense_head.heads_list.4.center.1.bias', 'decoder.dense_head.heads_list.4.center_z.0.0.weight', 'decoder.dense_head.heads_list.4.center_z.0.0.bias', 'decoder.dense_head.heads_list.4.center_z.0.1.weight', 'decoder.dense_head.heads_list.4.center_z.0.1.bias', 'decoder.dense_head.heads_list.4.center_z.0.1.running_mean', 'decoder.dense_head.heads_list.4.center_z.0.1.running_var', 'decoder.dense_head.heads_list.4.center_z.1.weight', 'decoder.dense_head.heads_list.4.center_z.1.bias', 'decoder.dense_head.heads_list.4.dim.0.0.weight', 'decoder.dense_head.heads_list.4.dim.0.0.bias', 'decoder.dense_head.heads_list.4.dim.0.1.weight', 'decoder.dense_head.heads_list.4.dim.0.1.bias', 'decoder.dense_head.heads_list.4.dim.0.1.running_mean', 'decoder.dense_head.heads_list.4.dim.0.1.running_var', 'decoder.dense_head.heads_list.4.dim.1.weight', 'decoder.dense_head.heads_list.4.dim.1.bias', 'decoder.dense_head.heads_list.4.rot.0.0.weight', 'decoder.dense_head.heads_list.4.rot.0.0.bias', 'decoder.dense_head.heads_list.4.rot.0.1.weight', 'decoder.dense_head.heads_list.4.rot.0.1.bias', 'decoder.dense_head.heads_list.4.rot.0.1.running_mean', 'decoder.dense_head.heads_list.4.rot.0.1.running_var', 'decoder.dense_head.heads_list.4.rot.1.weight', 'decoder.dense_head.heads_list.4.rot.1.bias', 'decoder.dense_head.heads_list.4.vel.0.0.weight', 'decoder.dense_head.heads_list.4.vel.0.0.bias', 'decoder.dense_head.heads_list.4.vel.0.1.weight', 'decoder.dense_head.heads_list.4.vel.0.1.bias', 'decoder.dense_head.heads_list.4.vel.0.1.running_mean', 'decoder.dense_head.heads_list.4.vel.0.1.running_var', 'decoder.dense_head.heads_list.4.vel.1.weight', 'decoder.dense_head.heads_list.4.vel.1.bias', 'decoder.dense_head.heads_list.4.hm.0.0.weight', 'decoder.dense_head.heads_list.4.hm.0.0.bias', 'decoder.dense_head.heads_list.4.hm.0.1.weight', 'decoder.dense_head.heads_list.4.hm.0.1.bias', 'decoder.dense_head.heads_list.4.hm.0.1.running_mean', 'decoder.dense_head.heads_list.4.hm.0.1.running_var', 'decoder.dense_head.heads_list.4.hm.1.weight', 'decoder.dense_head.heads_list.4.hm.1.bias', 'decoder.dense_head.heads_list.5.center.0.0.weight', 'decoder.dense_head.heads_list.5.center.0.0.bias', 'decoder.dense_head.heads_list.5.center.0.1.weight', 'decoder.dense_head.heads_list.5.center.0.1.bias', 'decoder.dense_head.heads_list.5.center.0.1.running_mean', 'decoder.dense_head.heads_list.5.center.0.1.running_var', 'decoder.dense_head.heads_list.5.center.1.weight', 'decoder.dense_head.heads_list.5.center.1.bias', 'decoder.dense_head.heads_list.5.center_z.0.0.weight', 'decoder.dense_head.heads_list.5.center_z.0.0.bias', 'decoder.dense_head.heads_list.5.center_z.0.1.weight', 'decoder.dense_head.heads_list.5.center_z.0.1.bias', 'decoder.dense_head.heads_list.5.center_z.0.1.running_mean', 'decoder.dense_head.heads_list.5.center_z.0.1.running_var', 'decoder.dense_head.heads_list.5.center_z.1.weight', 'decoder.dense_head.heads_list.5.center_z.1.bias', 'decoder.dense_head.heads_list.5.dim.0.0.weight', 'decoder.dense_head.heads_list.5.dim.0.0.bias', 'decoder.dense_head.heads_list.5.dim.0.1.weight', 'decoder.dense_head.heads_list.5.dim.0.1.bias', 'decoder.dense_head.heads_list.5.dim.0.1.running_mean', 'decoder.dense_head.heads_list.5.dim.0.1.running_var', 'decoder.dense_head.heads_list.5.dim.1.weight', 'decoder.dense_head.heads_list.5.dim.1.bias', 'decoder.dense_head.heads_list.5.rot.0.0.weight', 'decoder.dense_head.heads_list.5.rot.0.0.bias', 'decoder.dense_head.heads_list.5.rot.0.1.weight', 'decoder.dense_head.heads_list.5.rot.0.1.bias', 'decoder.dense_head.heads_list.5.rot.0.1.running_mean', 'decoder.dense_head.heads_list.5.rot.0.1.running_var', 'decoder.dense_head.heads_list.5.rot.1.weight', 'decoder.dense_head.heads_list.5.rot.1.bias', 'decoder.dense_head.heads_list.5.vel.0.0.weight', 'decoder.dense_head.heads_list.5.vel.0.0.bias', 'decoder.dense_head.heads_list.5.vel.0.1.weight', 'decoder.dense_head.heads_list.5.vel.0.1.bias', 'decoder.dense_head.heads_list.5.vel.0.1.running_mean', 'decoder.dense_head.heads_list.5.vel.0.1.running_var', 'decoder.dense_head.heads_list.5.vel.1.weight', 'decoder.dense_head.heads_list.5.vel.1.bias', 'decoder.dense_head.heads_list.5.hm.0.0.weight', 'decoder.dense_head.heads_list.5.hm.0.0.bias', 'decoder.dense_head.heads_list.5.hm.0.1.weight', 'decoder.dense_head.heads_list.5.hm.0.1.bias', 'decoder.dense_head.heads_list.5.hm.0.1.running_mean', 'decoder.dense_head.heads_list.5.hm.0.1.running_var', 'decoder.dense_head.heads_list.5.hm.1.weight', 'decoder.dense_head.heads_list.5.hm.1.bias', 'map_decoder.pts_bbox_head.code_weights', 'map_decoder.pts_bbox_head.loss_seg.loss_fn.pos_weight', 'map_decoder.pts_bbox_head.loss_pv_seg.loss_fn.pos_weight', 'map_decoder.pts_bbox_head.map_adapter_layers.0.0.weight', 'map_decoder.pts_bbox_head.map_adapter_layers.0.0.bias', 'map_decoder.pts_bbox_head.map_adapter_layers.0.1.weight', 'map_decoder.pts_bbox_head.map_adapter_layers.0.1.bias', 'map_decoder.pts_bbox_head.map_adapter_layers.0.1.running_mean', 'map_decoder.pts_bbox_head.map_adapter_layers.0.1.running_var', 'map_decoder.pts_bbox_head.map_adapter_layers.1.weight', 'map_decoder.pts_bbox_head.map_adapter_layers.1.bias', 'map_decoder.pts_bbox_head.cls_branches.0.weight', 'map_decoder.pts_bbox_head.cls_branches.0.bias', 'map_decoder.pts_bbox_head.cls_branches.1.weight', 'map_decoder.pts_bbox_head.cls_branches.1.bias', 'map_decoder.pts_bbox_head.cls_branches.3.weight', 'map_decoder.pts_bbox_head.cls_branches.3.bias', 'map_decoder.pts_bbox_head.cls_branches.4.weight', 'map_decoder.pts_bbox_head.cls_branches.4.bias', 'map_decoder.pts_bbox_head.cls_branches.6.weight', 'map_decoder.pts_bbox_head.cls_branches.6.bias', 'map_decoder.pts_bbox_head.reg_branches.0.weight', 'map_decoder.pts_bbox_head.reg_branches.0.bias', 'map_decoder.pts_bbox_head.reg_branches.2.weight', 'map_decoder.pts_bbox_head.reg_branches.2.bias', 'map_decoder.pts_bbox_head.reg_branches.4.weight', 'map_decoder.pts_bbox_head.reg_branches.4.bias', 'map_decoder.pts_bbox_head.reg_branches.6.weight', 'map_decoder.pts_bbox_head.reg_branches.6.bias', 'planner_head.ego_query.weight', 'planner_head.ego_agent_decoder.layers.0.attentions.0.attn.in_proj_weight', 'planner_head.ego_agent_decoder.layers.0.attentions.0.attn.in_proj_bias', 'planner_head.ego_agent_decoder.layers.0.attentions.0.attn.out_proj.weight', 'planner_head.ego_agent_decoder.layers.0.attentions.0.attn.out_proj.bias', 'planner_head.ego_agent_decoder.layers.0.ffns.0.layers.0.0.weight', 'planner_head.ego_agent_decoder.layers.0.ffns.0.layers.0.0.bias', 'planner_head.ego_agent_decoder.layers.0.ffns.0.layers.1.weight', 'planner_head.ego_agent_decoder.layers.0.ffns.0.layers.1.bias', 'planner_head.ego_agent_decoder.layers.0.norms.0.weight', 'planner_head.ego_agent_decoder.layers.0.norms.0.bias', 'planner_head.ego_agent_decoder.layers.0.norms.1.weight', 'planner_head.ego_agent_decoder.layers.0.norms.1.bias', 'planner_head.ego_map_decoder.layers.0.attentions.0.attn.in_proj_weight', 'planner_head.ego_map_decoder.layers.0.attentions.0.attn.in_proj_bias', 'planner_head.ego_map_decoder.layers.0.attentions.0.attn.out_proj.weight', 'planner_head.ego_map_decoder.layers.0.attentions.0.attn.out_proj.bias', 'planner_head.ego_map_decoder.layers.0.ffns.0.layers.0.0.weight', 'planner_head.ego_map_decoder.layers.0.ffns.0.layers.0.0.bias', 'planner_head.ego_map_decoder.layers.0.ffns.0.layers.1.weight', 'planner_head.ego_map_decoder.layers.0.ffns.0.layers.1.bias', 'planner_head.ego_map_decoder.layers.0.norms.0.weight', 'planner_head.ego_map_decoder.layers.0.norms.0.bias', 'planner_head.ego_map_decoder.layers.0.norms.1.weight', 'planner_head.ego_map_decoder.layers.0.norms.1.bias', 'planner_head.ego_gaussian_decoder.layers.0.attentions.0.attn.in_proj_weight', 'planner_head.ego_gaussian_decoder.layers.0.attentions.0.attn.in_proj_bias', 'planner_head.ego_gaussian_decoder.layers.0.attentions.0.attn.out_proj.weight', 'planner_head.ego_gaussian_decoder.layers.0.attentions.0.attn.out_proj.bias', 'planner_head.ego_gaussian_decoder.layers.0.ffns.0.layers.0.0.weight', 'planner_head.ego_gaussian_decoder.layers.0.ffns.0.layers.0.0.bias', 'planner_head.ego_gaussian_decoder.layers.0.ffns.0.layers.1.weight', 'planner_head.ego_gaussian_decoder.layers.0.ffns.0.layers.1.bias', 'planner_head.ego_gaussian_decoder.layers.0.norms.0.weight', 'planner_head.ego_gaussian_decoder.layers.0.norms.0.bias', 'planner_head.ego_gaussian_decoder.layers.0.norms.1.weight', 'planner_head.ego_gaussian_decoder.layers.0.norms.1.bias', 'planner_head.ego_fut_decoder.0.weight', 'planner_head.ego_fut_decoder.0.bias', 'planner_head.ego_fut_decoder.2.weight', 'planner_head.ego_fut_decoder.2.bias', 'planner_head.ego_fut_decoder.4.weight', 'planner_head.ego_fut_decoder.4.bias', 'planner_head.agent_fus_mlp.0.weight', 'planner_head.agent_fus_mlp.0.bias', 'planner_head.agent_fus_mlp.1.weight', 'planner_head.agent_fus_mlp.1.bias', 'planner_head.agent_fus_mlp.3.weight', 'planner_head.agent_fus_mlp.3.bias', 'planner_head.map_fus_mlp.0.weight', 'planner_head.map_fus_mlp.0.bias', 'planner_head.map_fus_mlp.1.weight', 'planner_head.map_fus_mlp.1.bias', 'planner_head.map_fus_mlp.3.weight', 'planner_head.map_fus_mlp.3.bias', 'planner_head.gaussian_fus_mlp.0.weight', 'planner_head.gaussian_fus_mlp.0.bias', 'planner_head.gaussian_fus_mlp.1.weight', 'planner_head.gaussian_fus_mlp.1.bias', 'planner_head.gaussian_fus_mlp.3.weight', 'planner_head.gaussian_fus_mlp.3.bias'], unexpected_keys=['bbox_head.bld_alpha', 'bbox_head.cls_convs.0.conv.weight', 'bbox_head.cls_convs.0.conv.bias', 'bbox_head.cls_convs.0.gn.weight', 'bbox_head.cls_convs.0.gn.bias', 'bbox_head.cls_convs.1.conv.weight', 'bbox_head.cls_convs.1.conv.bias', 'bbox_head.cls_convs.1.conv.conv_offset.weight', 'bbox_head.cls_convs.1.conv.conv_offset.bias', 'bbox_head.cls_convs.1.gn.weight', 'bbox_head.cls_convs.1.gn.bias', 'bbox_head.reg_convs.0.conv.weight', 'bbox_head.reg_convs.0.conv.bias', 'bbox_head.reg_convs.0.gn.weight', 'bbox_head.reg_convs.0.gn.bias', 'bbox_head.reg_convs.1.conv.weight', 'bbox_head.reg_convs.1.conv.bias', 'bbox_head.reg_convs.1.conv.conv_offset.weight', 'bbox_head.reg_convs.1.conv.conv_offset.bias', 'bbox_head.reg_convs.1.gn.weight', 'bbox_head.reg_convs.1.gn.bias', 'bbox_head.conv_cls_prev.0.conv.weight', 'bbox_head.conv_cls_prev.0.conv.bias', 'bbox_head.conv_cls_prev.0.gn.weight', 'bbox_head.conv_cls_prev.0.gn.bias', 'bbox_head.conv_cls.weight', 'bbox_head.conv_cls.bias', 'bbox_head.conv_reg_prevs.0.0.conv.weight', 'bbox_head.conv_reg_prevs.0.0.conv.bias', 'bbox_head.conv_reg_prevs.0.0.gn.weight', 'bbox_head.conv_reg_prevs.0.0.gn.bias', 'bbox_head.conv_reg_prevs.1.0.conv.weight', 'bbox_head.conv_reg_prevs.1.0.conv.bias', 'bbox_head.conv_reg_prevs.1.0.gn.weight', 'bbox_head.conv_reg_prevs.1.0.gn.bias', 'bbox_head.conv_reg_prevs.2.0.conv.weight', 'bbox_head.conv_reg_prevs.2.0.conv.bias', 'bbox_head.conv_reg_prevs.2.0.gn.weight', 'bbox_head.conv_reg_prevs.2.0.gn.bias', 'bbox_head.conv_reg_prevs.3.0.conv.weight', 'bbox_head.conv_reg_prevs.3.0.conv.bias', 'bbox_head.conv_reg_prevs.3.0.gn.weight', 'bbox_head.conv_reg_prevs.3.0.gn.bias', 'bbox_head.conv_reg_prevs.5.0.conv.weight', 'bbox_head.conv_reg_prevs.5.0.conv.bias', 'bbox_head.conv_reg_prevs.5.0.gn.weight', 'bbox_head.conv_reg_prevs.5.0.gn.bias', 'bbox_head.conv_regs.0.weight', 'bbox_head.conv_regs.0.bias', 'bbox_head.conv_regs.1.weight', 'bbox_head.conv_regs.1.bias', 'bbox_head.conv_regs.2.weight', 'bbox_head.conv_regs.2.bias', 'bbox_head.conv_regs.3.weight', 'bbox_head.conv_regs.3.bias', 'bbox_head.conv_regs.4.weight', 'bbox_head.conv_regs.4.bias', 'bbox_head.conv_regs.5.weight', 'bbox_head.conv_regs.5.bias', 'bbox_head.conv_dir_cls_prev.0.conv.weight', 'bbox_head.conv_dir_cls_prev.0.conv.bias', 'bbox_head.conv_dir_cls_prev.0.gn.weight', 'bbox_head.conv_dir_cls_prev.0.gn.bias', 'bbox_head.conv_dir_cls.weight', 'bbox_head.conv_dir_cls.bias', 'bbox_head.conv_attr_prev.0.conv.weight', 'bbox_head.conv_attr_prev.0.conv.bias', 'bbox_head.conv_attr_prev.0.gn.weight', 'bbox_head.conv_attr_prev.0.gn.bias', 'bbox_head.conv_attr.weight', 'bbox_head.conv_attr.bias', 'bbox_head.conv_depth_cls_prev.0.conv.weight', 'bbox_head.conv_depth_cls_prev.0.conv.bias', 'bbox_head.conv_depth_cls_prev.0.gn.weight', 'bbox_head.conv_depth_cls_prev.0.gn.bias', 'bbox_head.conv_depth_cls.weight', 'bbox_head.conv_depth_cls.bias', 'bbox_head.conv_centerness_prev.0.conv.weight', 'bbox_head.conv_centerness_prev.0.conv.bias', 'bbox_head.conv_centerness_prev.0.gn.weight', 'bbox_head.conv_centerness_prev.0.gn.bias', 'bbox_head.conv_centerness.weight', 'bbox_head.conv_centerness.bias', 'bbox_head.scales.0.0.scale', 'bbox_head.scales.0.1.scale', 'bbox_head.scales.0.2.scale', 'bbox_head.scales.0.3.scale', 'bbox_head.scales.1.0.scale', 'bbox_head.scales.1.1.scale', 'bbox_head.scales.1.2.scale', 'bbox_head.scales.1.3.scale', 'bbox_head.scales.2.0.scale', 'bbox_head.scales.2.1.scale', 'bbox_head.scales.2.2.scale', 'bbox_head.scales.2.3.scale', 'bbox_head.scales.3.0.scale', 'bbox_head.scales.3.1.scale', 'bbox_head.scales.3.2.scale', 'bbox_head.scales.3.3.scale', 'bbox_head.scales.4.0.scale', 'bbox_head.scales.4.1.scale', 'bbox_head.scales.4.2.scale', 'bbox_head.scales.4.3.scale'])
tensor([1.0155, 1.0690, 1.3001, 1.0725, 0.9464, 1.1009, 1.2696, 1.0626, 1.1890,
        1.0622, 1.0060, 0.8571, 1.0392, 0.9087, 0.8936, 0.8549, 0.8528, 0.5000])
tensor([1.0155, 1.0690, 1.3001, 1.0725, 0.9464, 1.1009, 1.2696, 1.0626, 1.1890,
        1.0622, 1.0060, 0.8571, 1.0392, 0.9087, 0.8936, 0.8549, 0.8528, 0.5000])
_IncompatibleKeys(missing_keys=['img_neck.lateral_convs.0.conv.weight', 'img_neck.lateral_convs.0.conv.bias', 'img_neck.lateral_convs.1.conv.weight', 'img_neck.lateral_convs.1.conv.bias', 'img_neck.lateral_convs.2.conv.weight', 'img_neck.lateral_convs.2.conv.bias', 'img_neck.fpn_convs.0.conv.weight', 'img_neck.fpn_convs.0.conv.bias', 'img_neck.fpn_convs.1.conv.weight', 'img_neck.fpn_convs.1.conv.bias', 'img_neck.fpn_convs.2.conv.weight', 'img_neck.fpn_convs.2.conv.bias', 'img_neck.fpn_convs.3.conv.weight', 'img_neck.fpn_convs.3.conv.bias', 'lifter.anchor', 'encoder.anchor_encoder.xyz_fc.0.weight', 'encoder.anchor_encoder.xyz_fc.0.bias', 'encoder.anchor_encoder.xyz_fc.2.weight', 'encoder.anchor_encoder.xyz_fc.2.bias', 'encoder.anchor_encoder.xyz_fc.3.weight', 'encoder.anchor_encoder.xyz_fc.3.bias', 'encoder.anchor_encoder.xyz_fc.5.weight', 'encoder.anchor_encoder.xyz_fc.5.bias', 'encoder.anchor_encoder.scale_fc.0.weight', 'encoder.anchor_encoder.scale_fc.0.bias', 'encoder.anchor_encoder.scale_fc.2.weight', 'encoder.anchor_encoder.scale_fc.2.bias', 'encoder.anchor_encoder.scale_fc.3.weight', 'encoder.anchor_encoder.scale_fc.3.bias', 'encoder.anchor_encoder.scale_fc.5.weight', 'encoder.anchor_encoder.scale_fc.5.bias', 'encoder.anchor_encoder.rot_fc.0.weight', 'encoder.anchor_encoder.rot_fc.0.bias', 'encoder.anchor_encoder.rot_fc.2.weight', 'encoder.anchor_encoder.rot_fc.2.bias', 'encoder.anchor_encoder.rot_fc.3.weight', 'encoder.anchor_encoder.rot_fc.3.bias', 'encoder.anchor_encoder.rot_fc.5.weight', 'encoder.anchor_encoder.rot_fc.5.bias', 'encoder.anchor_encoder.opacity_fc.0.weight', 'encoder.anchor_encoder.opacity_fc.0.bias', 'encoder.anchor_encoder.opacity_fc.2.weight', 'encoder.anchor_encoder.opacity_fc.2.bias', 'encoder.anchor_encoder.opacity_fc.3.weight', 'encoder.anchor_encoder.opacity_fc.3.bias', 'encoder.anchor_encoder.opacity_fc.5.weight', 'encoder.anchor_encoder.opacity_fc.5.bias', 'encoder.anchor_encoder.semantics_fc.0.weight', 'encoder.anchor_encoder.semantics_fc.0.bias', 'encoder.anchor_encoder.semantics_fc.2.weight', 'encoder.anchor_encoder.semantics_fc.2.bias', 'encoder.anchor_encoder.semantics_fc.3.weight', 'encoder.anchor_encoder.semantics_fc.3.bias', 'encoder.anchor_encoder.semantics_fc.5.weight', 'encoder.anchor_encoder.semantics_fc.5.bias', 'encoder.anchor_encoder.offset_fc.0.weight', 'encoder.anchor_encoder.offset_fc.0.bias', 'encoder.anchor_encoder.offset_fc.2.weight', 'encoder.anchor_encoder.offset_fc.2.bias', 'encoder.anchor_encoder.offset_fc.3.weight', 'encoder.anchor_encoder.offset_fc.3.bias', 'encoder.anchor_encoder.offset_fc.5.weight', 'encoder.anchor_encoder.offset_fc.5.bias', 'encoder.anchor_encoder.output_fc.0.weight', 'encoder.anchor_encoder.output_fc.0.bias', 'encoder.anchor_encoder.output_fc.2.weight', 'encoder.anchor_encoder.output_fc.2.bias', 'encoder.anchor_encoder.output_fc.3.weight', 'encoder.anchor_encoder.output_fc.3.bias', 'encoder.anchor_encoder.output_fc.5.weight', 'encoder.anchor_encoder.output_fc.5.bias', 'encoder.layers.0.kps_generator.learnable_fc.weight', 'encoder.layers.0.kps_generator.learnable_fc.bias', 'encoder.layers.0.output_proj.weight', 'encoder.layers.0.output_proj.bias', 'encoder.layers.0.camera_encoder.0.weight', 'encoder.layers.0.camera_encoder.0.bias', 'encoder.layers.0.camera_encoder.2.weight', 'encoder.layers.0.camera_encoder.2.bias', 'encoder.layers.0.camera_encoder.3.weight', 'encoder.layers.0.camera_encoder.3.bias', 'encoder.layers.0.camera_encoder.5.weight', 'encoder.layers.0.camera_encoder.5.bias', 'encoder.layers.0.weights_fc.weight', 'encoder.layers.0.weights_fc.bias', 'encoder.layers.1.pre_norm.weight', 'encoder.layers.1.pre_norm.bias', 'encoder.layers.1.layers.0.0.weight', 'encoder.layers.1.layers.0.0.bias', 'encoder.layers.1.layers.1.weight', 'encoder.layers.1.layers.1.bias', 'encoder.layers.1.identity_fc.weight', 'encoder.layers.1.identity_fc.bias', 'encoder.layers.2.weight', 'encoder.layers.2.bias', 'encoder.layers.3.layers.0.weight', 'encoder.layers.3.layers.0.bias', 'encoder.layers.3.layers.2.weight', 'encoder.layers.3.layers.2.bias', 'encoder.layers.3.layers.4.weight', 'encoder.layers.3.layers.4.bias', 'encoder.layers.3.layers.5.weight', 'encoder.layers.3.layers.5.bias', 'encoder.layers.3.layers.7.weight', 'encoder.layers.3.layers.7.bias', 'encoder.layers.3.layers.9.weight', 'encoder.layers.3.layers.9.bias', 'encoder.layers.3.layers.10.weight', 'encoder.layers.3.layers.10.bias', 'encoder.layers.3.layers.11.scale', 'encoder.layers.4.layers.0.weight', 'encoder.layers.4.layers.0.bias', 'encoder.layers.4.layers.1.weight', 'encoder.layers.4.layers.1.bias', 'encoder.layers.4.layers.3.weight', 'encoder.layers.4.layers.3.bias', 'encoder.layers.4.layers.4.weight', 'encoder.layers.4.layers.4.bias', 'encoder.layers.4.layers.6.weight', 'encoder.layers.4.layers.6.bias', 'encoder.layers.4.layers.7.weight', 'encoder.layers.4.layers.7.bias', 'encoder.layers.4.output_proj.weight', 'encoder.layers.4.output_proj.bias', 'encoder.layers.5.weight', 'encoder.layers.5.bias', 'encoder.layers.6.kps_generator.learnable_fc.weight', 'encoder.layers.6.kps_generator.learnable_fc.bias', 'encoder.layers.6.output_proj.weight', 'encoder.layers.6.output_proj.bias', 'encoder.layers.6.camera_encoder.0.weight', 'encoder.layers.6.camera_encoder.0.bias', 'encoder.layers.6.camera_encoder.2.weight', 'encoder.layers.6.camera_encoder.2.bias', 'encoder.layers.6.camera_encoder.3.weight', 'encoder.layers.6.camera_encoder.3.bias', 'encoder.layers.6.camera_encoder.5.weight', 'encoder.layers.6.camera_encoder.5.bias', 'encoder.layers.6.weights_fc.weight', 'encoder.layers.6.weights_fc.bias', 'encoder.layers.7.pre_norm.weight', 'encoder.layers.7.pre_norm.bias', 'encoder.layers.7.layers.0.0.weight', 'encoder.layers.7.layers.0.0.bias', 'encoder.layers.7.layers.1.weight', 'encoder.layers.7.layers.1.bias', 'encoder.layers.7.identity_fc.weight', 'encoder.layers.7.identity_fc.bias', 'encoder.layers.8.weight', 'encoder.layers.8.bias', 'encoder.layers.9.layers.0.weight', 'encoder.layers.9.layers.0.bias', 'encoder.layers.9.layers.2.weight', 'encoder.layers.9.layers.2.bias', 'encoder.layers.9.layers.4.weight', 'encoder.layers.9.layers.4.bias', 'encoder.layers.9.layers.5.weight', 'encoder.layers.9.layers.5.bias', 'encoder.layers.9.layers.7.weight', 'encoder.layers.9.layers.7.bias', 'encoder.layers.9.layers.9.weight', 'encoder.layers.9.layers.9.bias', 'encoder.layers.9.layers.10.weight', 'encoder.layers.9.layers.10.bias', 'encoder.layers.9.layers.11.scale', 'encoder.layers.10.layers.0.weight', 'encoder.layers.10.layers.0.bias', 'encoder.layers.10.layers.1.weight', 'encoder.layers.10.layers.1.bias', 'encoder.layers.10.layers.3.weight', 'encoder.layers.10.layers.3.bias', 'encoder.layers.10.layers.4.weight', 'encoder.layers.10.layers.4.bias', 'encoder.layers.10.layers.6.weight', 'encoder.layers.10.layers.6.bias', 'encoder.layers.10.layers.7.weight', 'encoder.layers.10.layers.7.bias', 'encoder.layers.10.output_proj.weight', 'encoder.layers.10.output_proj.bias', 'encoder.layers.11.weight', 'encoder.layers.11.bias', 'encoder.layers.12.kps_generator.learnable_fc.weight', 'encoder.layers.12.kps_generator.learnable_fc.bias', 'encoder.layers.12.output_proj.weight', 'encoder.layers.12.output_proj.bias', 'encoder.layers.12.camera_encoder.0.weight', 'encoder.layers.12.camera_encoder.0.bias', 'encoder.layers.12.camera_encoder.2.weight', 'encoder.layers.12.camera_encoder.2.bias', 'encoder.layers.12.camera_encoder.3.weight', 'encoder.layers.12.camera_encoder.3.bias', 'encoder.layers.12.camera_encoder.5.weight', 'encoder.layers.12.camera_encoder.5.bias', 'encoder.layers.12.weights_fc.weight', 'encoder.layers.12.weights_fc.bias', 'encoder.layers.13.pre_norm.weight', 'encoder.layers.13.pre_norm.bias', 'encoder.layers.13.layers.0.0.weight', 'encoder.layers.13.layers.0.0.bias', 'encoder.layers.13.layers.1.weight', 'encoder.layers.13.layers.1.bias', 'encoder.layers.13.identity_fc.weight', 'encoder.layers.13.identity_fc.bias', 'encoder.layers.14.weight', 'encoder.layers.14.bias', 'encoder.layers.15.layers.0.weight', 'encoder.layers.15.layers.0.bias', 'encoder.layers.15.layers.2.weight', 'encoder.layers.15.layers.2.bias', 'encoder.layers.15.layers.4.weight', 'encoder.layers.15.layers.4.bias', 'encoder.layers.15.layers.5.weight', 'encoder.layers.15.layers.5.bias', 'encoder.layers.15.layers.7.weight', 'encoder.layers.15.layers.7.bias', 'encoder.layers.15.layers.9.weight', 'encoder.layers.15.layers.9.bias', 'encoder.layers.15.layers.10.weight', 'encoder.layers.15.layers.10.bias', 'encoder.layers.15.layers.11.scale', 'encoder.layers.16.layers.0.weight', 'encoder.layers.16.layers.0.bias', 'encoder.layers.16.layers.1.weight', 'encoder.layers.16.layers.1.bias', 'encoder.layers.16.layers.3.weight', 'encoder.layers.16.layers.3.bias', 'encoder.layers.16.layers.4.weight', 'encoder.layers.16.layers.4.bias', 'encoder.layers.16.layers.6.weight', 'encoder.layers.16.layers.6.bias', 'encoder.layers.16.layers.7.weight', 'encoder.layers.16.layers.7.bias', 'encoder.layers.16.output_proj.weight', 'encoder.layers.16.output_proj.bias', 'encoder.layers.17.weight', 'encoder.layers.17.bias', 'encoder.layers.18.kps_generator.learnable_fc.weight', 'encoder.layers.18.kps_generator.learnable_fc.bias', 'encoder.layers.18.output_proj.weight', 'encoder.layers.18.output_proj.bias', 'encoder.layers.18.camera_encoder.0.weight', 'encoder.layers.18.camera_encoder.0.bias', 'encoder.layers.18.camera_encoder.2.weight', 'encoder.layers.18.camera_encoder.2.bias', 'encoder.layers.18.camera_encoder.3.weight', 'encoder.layers.18.camera_encoder.3.bias', 'encoder.layers.18.camera_encoder.5.weight', 'encoder.layers.18.camera_encoder.5.bias', 'encoder.layers.18.weights_fc.weight', 'encoder.layers.18.weights_fc.bias', 'encoder.layers.19.pre_norm.weight', 'encoder.layers.19.pre_norm.bias', 'encoder.layers.19.layers.0.0.weight', 'encoder.layers.19.layers.0.0.bias', 'encoder.layers.19.layers.1.weight', 'encoder.layers.19.layers.1.bias', 'encoder.layers.19.identity_fc.weight', 'encoder.layers.19.identity_fc.bias', 'encoder.layers.20.weight', 'encoder.layers.20.bias', 'encoder.layers.21.layers.0.weight', 'encoder.layers.21.layers.0.bias', 'encoder.layers.21.layers.2.weight', 'encoder.layers.21.layers.2.bias', 'encoder.layers.21.layers.4.weight', 'encoder.layers.21.layers.4.bias', 'encoder.layers.21.layers.5.weight', 'encoder.layers.21.layers.5.bias', 'encoder.layers.21.layers.7.weight', 'encoder.layers.21.layers.7.bias', 'encoder.layers.21.layers.9.weight', 'encoder.layers.21.layers.9.bias', 'encoder.layers.21.layers.10.weight', 'encoder.layers.21.layers.10.bias', 'encoder.layers.21.layers.11.scale', 'temporal_encoder.anchor_encoder.xyz_fc.0.weight', 'temporal_encoder.anchor_encoder.xyz_fc.0.bias', 'temporal_encoder.anchor_encoder.xyz_fc.2.weight', 'temporal_encoder.anchor_encoder.xyz_fc.2.bias', 'temporal_encoder.anchor_encoder.xyz_fc.3.weight', 'temporal_encoder.anchor_encoder.xyz_fc.3.bias', 'temporal_encoder.anchor_encoder.xyz_fc.5.weight', 'temporal_encoder.anchor_encoder.xyz_fc.5.bias', 'temporal_encoder.anchor_encoder.scale_fc.0.weight', 'temporal_encoder.anchor_encoder.scale_fc.0.bias', 'temporal_encoder.anchor_encoder.scale_fc.2.weight', 'temporal_encoder.anchor_encoder.scale_fc.2.bias', 'temporal_encoder.anchor_encoder.scale_fc.3.weight', 'temporal_encoder.anchor_encoder.scale_fc.3.bias', 'temporal_encoder.anchor_encoder.scale_fc.5.weight', 'temporal_encoder.anchor_encoder.scale_fc.5.bias', 'temporal_encoder.anchor_encoder.rot_fc.0.weight', 'temporal_encoder.anchor_encoder.rot_fc.0.bias', 'temporal_encoder.anchor_encoder.rot_fc.2.weight', 'temporal_encoder.anchor_encoder.rot_fc.2.bias', 'temporal_encoder.anchor_encoder.rot_fc.3.weight', 'temporal_encoder.anchor_encoder.rot_fc.3.bias', 'temporal_encoder.anchor_encoder.rot_fc.5.weight', 'temporal_encoder.anchor_encoder.rot_fc.5.bias', 'temporal_encoder.anchor_encoder.opacity_fc.0.weight', 'temporal_encoder.anchor_encoder.opacity_fc.0.bias', 'temporal_encoder.anchor_encoder.opacity_fc.2.weight', 'temporal_encoder.anchor_encoder.opacity_fc.2.bias', 'temporal_encoder.anchor_encoder.opacity_fc.3.weight', 'temporal_encoder.anchor_encoder.opacity_fc.3.bias', 'temporal_encoder.anchor_encoder.opacity_fc.5.weight', 'temporal_encoder.anchor_encoder.opacity_fc.5.bias', 'temporal_encoder.anchor_encoder.semantics_fc.0.weight', 'temporal_encoder.anchor_encoder.semantics_fc.0.bias', 'temporal_encoder.anchor_encoder.semantics_fc.2.weight', 'temporal_encoder.anchor_encoder.semantics_fc.2.bias', 'temporal_encoder.anchor_encoder.semantics_fc.3.weight', 'temporal_encoder.anchor_encoder.semantics_fc.3.bias', 'temporal_encoder.anchor_encoder.semantics_fc.5.weight', 'temporal_encoder.anchor_encoder.semantics_fc.5.bias', 'temporal_encoder.anchor_encoder.offset_fc.0.weight', 'temporal_encoder.anchor_encoder.offset_fc.0.bias', 'temporal_encoder.anchor_encoder.offset_fc.2.weight', 'temporal_encoder.anchor_encoder.offset_fc.2.bias', 'temporal_encoder.anchor_encoder.offset_fc.3.weight', 'temporal_encoder.anchor_encoder.offset_fc.3.bias', 'temporal_encoder.anchor_encoder.offset_fc.5.weight', 'temporal_encoder.anchor_encoder.offset_fc.5.bias', 'temporal_encoder.anchor_encoder.output_fc.0.weight', 'temporal_encoder.anchor_encoder.output_fc.0.bias', 'temporal_encoder.anchor_encoder.output_fc.2.weight', 'temporal_encoder.anchor_encoder.output_fc.2.bias', 'temporal_encoder.anchor_encoder.output_fc.3.weight', 'temporal_encoder.anchor_encoder.output_fc.3.bias', 'temporal_encoder.anchor_encoder.output_fc.5.weight', 'temporal_encoder.anchor_encoder.output_fc.5.bias', 'temporal_encoder.layers.0.layers.0.weight', 'temporal_encoder.layers.0.layers.1.weight', 'temporal_encoder.layers.0.layers.1.bias', 'temporal_encoder.layers.0.layers.3.weight', 'temporal_encoder.layers.0.layers.4.weight', 'temporal_encoder.layers.0.layers.4.bias', 'temporal_encoder.layers.0.layers.6.weight', 'temporal_encoder.layers.0.layers.7.weight', 'temporal_encoder.layers.0.layers.7.bias', 'temporal_encoder.layers.0.output_proj.weight', 'temporal_encoder.layers.0.output_proj.bias', 'temporal_encoder.layers.1.layers.0.weight', 'temporal_encoder.layers.1.layers.0.bias', 'temporal_encoder.layers.1.layers.2.weight', 'temporal_encoder.layers.1.layers.2.bias', 'temporal_encoder.layers.1.layers.4.weight', 'temporal_encoder.layers.1.layers.4.bias', 'temporal_encoder.layers.1.layers.5.weight', 'temporal_encoder.layers.1.layers.5.bias', 'temporal_encoder.layers.1.layers.7.weight', 'temporal_encoder.layers.1.layers.7.bias', 'temporal_encoder.layers.1.layers.9.weight', 'temporal_encoder.layers.1.layers.9.bias', 'temporal_encoder.layers.1.layers.10.weight', 'temporal_encoder.layers.1.layers.10.bias', 'temporal_encoder.layers.1.layers.11.scale', 'temporal_encoder.layers.1.dynamic_layers.0.weight', 'temporal_encoder.layers.1.dynamic_layers.0.bias', 'temporal_encoder.layers.1.dynamic_layers.2.weight', 'temporal_encoder.layers.1.dynamic_layers.2.bias', 'temporal_encoder.layers.1.dynamic_layers.3.weight', 'temporal_encoder.layers.1.dynamic_layers.3.bias', 'temporal_encoder.layers.1.offset_layers.0.weight', 'temporal_encoder.layers.1.offset_layers.0.bias', 'temporal_encoder.layers.1.offset_layers.2.weight', 'temporal_encoder.layers.1.offset_layers.2.bias', 'temporal_encoder.layers.1.offset_layers.3.weight', 'temporal_encoder.layers.1.offset_layers.3.bias', 'temporal_encoder.layers.2.layers.0.weight', 'temporal_encoder.layers.2.layers.1.weight', 'temporal_encoder.layers.2.layers.1.bias', 'temporal_encoder.layers.2.layers.3.weight', 'temporal_encoder.layers.2.layers.4.weight', 'temporal_encoder.layers.2.layers.4.bias', 'temporal_encoder.layers.2.layers.6.weight', 'temporal_encoder.layers.2.layers.7.weight', 'temporal_encoder.layers.2.layers.7.bias', 'temporal_encoder.layers.2.output_proj.weight', 'temporal_encoder.layers.2.output_proj.bias', 'temporal_encoder.layers.3.layers.0.weight', 'temporal_encoder.layers.3.layers.0.bias', 'temporal_encoder.layers.3.layers.2.weight', 'temporal_encoder.layers.3.layers.2.bias', 'temporal_encoder.layers.3.layers.4.weight', 'temporal_encoder.layers.3.layers.4.bias', 'temporal_encoder.layers.3.layers.5.weight', 'temporal_encoder.layers.3.layers.5.bias', 'temporal_encoder.layers.3.layers.7.weight', 'temporal_encoder.layers.3.layers.7.bias', 'temporal_encoder.layers.3.layers.9.weight', 'temporal_encoder.layers.3.layers.9.bias', 'temporal_encoder.layers.3.layers.10.weight', 'temporal_encoder.layers.3.layers.10.bias', 'temporal_encoder.layers.3.layers.11.scale', 'temporal_encoder.layers.3.dynamic_layers.0.weight', 'temporal_encoder.layers.3.dynamic_layers.0.bias', 'temporal_encoder.layers.3.dynamic_layers.2.weight', 'temporal_encoder.layers.3.dynamic_layers.2.bias', 'temporal_encoder.layers.3.dynamic_layers.3.weight', 'temporal_encoder.layers.3.dynamic_layers.3.bias', 'temporal_encoder.layers.3.offset_layers.0.weight', 'temporal_encoder.layers.3.offset_layers.0.bias', 'temporal_encoder.layers.3.offset_layers.2.weight', 'temporal_encoder.layers.3.offset_layers.2.bias', 'temporal_encoder.layers.3.offset_layers.3.weight', 'temporal_encoder.layers.3.offset_layers.3.bias', 'temporal_encoder.layers.4.layers.0.weight', 'temporal_encoder.layers.4.layers.1.weight', 'temporal_encoder.layers.4.layers.1.bias', 'temporal_encoder.layers.4.layers.3.weight', 'temporal_encoder.layers.4.layers.4.weight', 'temporal_encoder.layers.4.layers.4.bias', 'temporal_encoder.layers.4.layers.6.weight', 'temporal_encoder.layers.4.layers.7.weight', 'temporal_encoder.layers.4.layers.7.bias', 'temporal_encoder.layers.4.output_proj.weight', 'temporal_encoder.layers.4.output_proj.bias', 'temporal_encoder.layers.5.layers.0.weight', 'temporal_encoder.layers.5.layers.0.bias', 'temporal_encoder.layers.5.layers.2.weight', 'temporal_encoder.layers.5.layers.2.bias', 'temporal_encoder.layers.5.layers.4.weight', 'temporal_encoder.layers.5.layers.4.bias', 'temporal_encoder.layers.5.layers.5.weight', 'temporal_encoder.layers.5.layers.5.bias', 'temporal_encoder.layers.5.layers.7.weight', 'temporal_encoder.layers.5.layers.7.bias', 'temporal_encoder.layers.5.layers.9.weight', 'temporal_encoder.layers.5.layers.9.bias', 'temporal_encoder.layers.5.layers.10.weight', 'temporal_encoder.layers.5.layers.10.bias', 'temporal_encoder.layers.5.layers.11.scale', 'temporal_encoder.layers.5.dynamic_layers.0.weight', 'temporal_encoder.layers.5.dynamic_layers.0.bias', 'temporal_encoder.layers.5.dynamic_layers.2.weight', 'temporal_encoder.layers.5.dynamic_layers.2.bias', 'temporal_encoder.layers.5.dynamic_layers.3.weight', 'temporal_encoder.layers.5.dynamic_layers.3.bias', 'temporal_encoder.layers.5.offset_layers.0.weight', 'temporal_encoder.layers.5.offset_layers.0.bias', 'temporal_encoder.layers.5.offset_layers.2.weight', 'temporal_encoder.layers.5.offset_layers.2.bias', 'temporal_encoder.layers.5.offset_layers.3.weight', 'temporal_encoder.layers.5.offset_layers.3.bias', 'head.empty_scalar', 'head.empty_mean', 'head.empty_scale', 'head.empty_rot', 'head.empty_sem', 'head.empty_opa', 'head.pc_min', 'head.grid_size', 'head.zero_tensor', 'head.aggregator.pc_min', 'head.frontier_generator.gaussian_value.0.weight', 'head.frontier_generator.gaussian_value.0.bias', 'head.frontier_generator.gaussian_value.1.weight', 'head.frontier_generator.gaussian_value.1.bias', 'head.frontier_generator.query.0.weight', 'head.frontier_generator.query.0.bias', 'head.frontier_generator.query.1.weight', 'head.frontier_generator.query.1.bias', 'head.frontier_generator.query.3.weight', 'head.frontier_generator.query.3.bias', 'head.frontier_generator.image_proj.weight', 'head.frontier_generator.image_proj.bias', 'head.frontier_generator.image_gate.0.weight', 'head.frontier_generator.image_gate.0.bias', 'head.frontier_generator.fusion.0.weight', 'head.frontier_generator.fusion.0.bias', 'head.frontier_generator.fusion.1.weight', 'head.frontier_generator.fusion.1.bias', 'head.frontier_generator.fusion.3.weight', 'head.frontier_generator.fusion.3.bias', 'decoder.global_step', 'decoder.backbone_3d.conv_input.0.weight', 'decoder.backbone_3d.conv_input.1.weight', 'decoder.backbone_3d.conv_input.1.bias', 'decoder.backbone_3d.conv_input.1.running_mean', 'decoder.backbone_3d.conv_input.1.running_var', 'decoder.backbone_3d.conv1.0.conv1.weight', 'decoder.backbone_3d.conv1.0.conv1.bias', 'decoder.backbone_3d.conv1.0.bn1.weight', 'decoder.backbone_3d.conv1.0.bn1.bias', 'decoder.backbone_3d.conv1.0.bn1.running_mean', 'decoder.backbone_3d.conv1.0.bn1.running_var', 'decoder.backbone_3d.conv1.0.conv2.weight', 'decoder.backbone_3d.conv1.0.conv2.bias', 'decoder.backbone_3d.conv1.0.bn2.weight', 'decoder.backbone_3d.conv1.0.bn2.bias', 'decoder.backbone_3d.conv1.0.bn2.running_mean', 'decoder.backbone_3d.conv1.0.bn2.running_var', 'decoder.backbone_3d.conv1.1.conv1.weight', 'decoder.backbone_3d.conv1.1.conv1.bias', 'decoder.backbone_3d.conv1.1.bn1.weight', 'decoder.backbone_3d.conv1.1.bn1.bias', 'decoder.backbone_3d.conv1.1.bn1.running_mean', 'decoder.backbone_3d.conv1.1.bn1.running_var', 'decoder.backbone_3d.conv1.1.conv2.weight', 'decoder.backbone_3d.conv1.1.conv2.bias', 'decoder.backbone_3d.conv1.1.bn2.weight', 'decoder.backbone_3d.conv1.1.bn2.bias', 'decoder.backbone_3d.conv1.1.bn2.running_mean', 'decoder.backbone_3d.conv1.1.bn2.running_var', 'decoder.backbone_3d.conv2.0.0.weight', 'decoder.backbone_3d.conv2.0.1.weight', 'decoder.backbone_3d.conv2.0.1.bias', 'decoder.backbone_3d.conv2.0.1.running_mean', 'decoder.backbone_3d.conv2.0.1.running_var', 'decoder.backbone_3d.conv2.1.conv1.weight', 'decoder.backbone_3d.conv2.1.conv1.bias', 'decoder.backbone_3d.conv2.1.bn1.weight', 'decoder.backbone_3d.conv2.1.bn1.bias', 'decoder.backbone_3d.conv2.1.bn1.running_mean', 'decoder.backbone_3d.conv2.1.bn1.running_var', 'decoder.backbone_3d.conv2.1.conv2.weight', 'decoder.backbone_3d.conv2.1.conv2.bias', 'decoder.backbone_3d.conv2.1.bn2.weight', 'decoder.backbone_3d.conv2.1.bn2.bias', 'decoder.backbone_3d.conv2.1.bn2.running_mean', 'decoder.backbone_3d.conv2.1.bn2.running_var', 'decoder.backbone_3d.conv2.2.conv1.weight', 'decoder.backbone_3d.conv2.2.conv1.bias', 'decoder.backbone_3d.conv2.2.bn1.weight', 'decoder.backbone_3d.conv2.2.bn1.bias', 'decoder.backbone_3d.conv2.2.bn1.running_mean', 'decoder.backbone_3d.conv2.2.bn1.running_var', 'decoder.backbone_3d.conv2.2.conv2.weight', 'decoder.backbone_3d.conv2.2.conv2.bias', 'decoder.backbone_3d.conv2.2.bn2.weight', 'decoder.backbone_3d.conv2.2.bn2.bias', 'decoder.backbone_3d.conv2.2.bn2.running_mean', 'decoder.backbone_3d.conv2.2.bn2.running_var', 'decoder.backbone_3d.conv3.0.0.weight', 'decoder.backbone_3d.conv3.0.1.weight', 'decoder.backbone_3d.conv3.0.1.bias', 'decoder.backbone_3d.conv3.0.1.running_mean', 'decoder.backbone_3d.conv3.0.1.running_var', 'decoder.backbone_3d.conv3.1.conv1.weight', 'decoder.backbone_3d.conv3.1.conv1.bias', 'decoder.backbone_3d.conv3.1.bn1.weight', 'decoder.backbone_3d.conv3.1.bn1.bias', 'decoder.backbone_3d.conv3.1.bn1.running_mean', 'decoder.backbone_3d.conv3.1.bn1.running_var', 'decoder.backbone_3d.conv3.1.conv2.weight', 'decoder.backbone_3d.conv3.1.conv2.bias', 'decoder.backbone_3d.conv3.1.bn2.weight', 'decoder.backbone_3d.conv3.1.bn2.bias', 'decoder.backbone_3d.conv3.1.bn2.running_mean', 'decoder.backbone_3d.conv3.1.bn2.running_var', 'decoder.backbone_3d.conv3.2.conv1.weight', 'decoder.backbone_3d.conv3.2.conv1.bias', 'decoder.backbone_3d.conv3.2.bn1.weight', 'decoder.backbone_3d.conv3.2.bn1.bias', 'decoder.backbone_3d.conv3.2.bn1.running_mean', 'decoder.backbone_3d.conv3.2.bn1.running_var', 'decoder.backbone_3d.conv3.2.conv2.weight', 'decoder.backbone_3d.conv3.2.conv2.bias', 'decoder.backbone_3d.conv3.2.bn2.weight', 'decoder.backbone_3d.conv3.2.bn2.bias', 'decoder.backbone_3d.conv3.2.bn2.running_mean', 'decoder.backbone_3d.conv3.2.bn2.running_var', 'decoder.backbone_3d.conv4.0.0.weight', 'decoder.backbone_3d.conv4.0.1.weight', 'decoder.backbone_3d.conv4.0.1.bias', 'decoder.backbone_3d.conv4.0.1.running_mean', 'decoder.backbone_3d.conv4.0.1.running_var', 'decoder.backbone_3d.conv4.1.conv1.weight', 'decoder.backbone_3d.conv4.1.conv1.bias', 'decoder.backbone_3d.conv4.1.bn1.weight', 'decoder.backbone_3d.conv4.1.bn1.bias', 'decoder.backbone_3d.conv4.1.bn1.running_mean', 'decoder.backbone_3d.conv4.1.bn1.running_var', 'decoder.backbone_3d.conv4.1.conv2.weight', 'decoder.backbone_3d.conv4.1.conv2.bias', 'decoder.backbone_3d.conv4.1.bn2.weight', 'decoder.backbone_3d.conv4.1.bn2.bias', 'decoder.backbone_3d.conv4.1.bn2.running_mean', 'decoder.backbone_3d.conv4.1.bn2.running_var', 'decoder.backbone_3d.conv4.2.conv1.weight', 'decoder.backbone_3d.conv4.2.conv1.bias', 'decoder.backbone_3d.conv4.2.bn1.weight', 'decoder.backbone_3d.conv4.2.bn1.bias', 'decoder.backbone_3d.conv4.2.bn1.running_mean', 'decoder.backbone_3d.conv4.2.bn1.running_var', 'decoder.backbone_3d.conv4.2.conv2.weight', 'decoder.backbone_3d.conv4.2.conv2.bias', 'decoder.backbone_3d.conv4.2.bn2.weight', 'decoder.backbone_3d.conv4.2.bn2.bias', 'decoder.backbone_3d.conv4.2.bn2.running_mean', 'decoder.backbone_3d.conv4.2.bn2.running_var', 'decoder.backbone_3d.conv5.0.0.weight', 'decoder.backbone_3d.conv5.0.1.weight', 'decoder.backbone_3d.conv5.0.1.bias', 'decoder.backbone_3d.conv5.0.1.running_mean', 'decoder.backbone_3d.conv5.0.1.running_var', 'decoder.backbone_3d.conv5.1.conv1.weight', 'decoder.backbone_3d.conv5.1.conv1.bias', 'decoder.backbone_3d.conv5.1.bn1.weight', 'decoder.backbone_3d.conv5.1.bn1.bias', 'decoder.backbone_3d.conv5.1.bn1.running_mean', 'decoder.backbone_3d.conv5.1.bn1.running_var', 'decoder.backbone_3d.conv5.1.conv2.weight', 'decoder.backbone_3d.conv5.1.conv2.bias', 'decoder.backbone_3d.conv5.1.bn2.weight', 'decoder.backbone_3d.conv5.1.bn2.bias', 'decoder.backbone_3d.conv5.1.bn2.running_mean', 'decoder.backbone_3d.conv5.1.bn2.running_var', 'decoder.backbone_3d.conv5.2.conv1.weight', 'decoder.backbone_3d.conv5.2.conv1.bias', 'decoder.backbone_3d.conv5.2.bn1.weight', 'decoder.backbone_3d.conv5.2.bn1.bias', 'decoder.backbone_3d.conv5.2.bn1.running_mean', 'decoder.backbone_3d.conv5.2.bn1.running_var', 'decoder.backbone_3d.conv5.2.conv2.weight', 'decoder.backbone_3d.conv5.2.conv2.bias', 'decoder.backbone_3d.conv5.2.bn2.weight', 'decoder.backbone_3d.conv5.2.bn2.bias', 'decoder.backbone_3d.conv5.2.bn2.running_mean', 'decoder.backbone_3d.conv5.2.bn2.running_var', 'decoder.backbone_3d.conv6.0.0.weight', 'decoder.backbone_3d.conv6.0.1.weight', 'decoder.backbone_3d.conv6.0.1.bias', 'decoder.backbone_3d.conv6.0.1.running_mean', 'decoder.backbone_3d.conv6.0.1.running_var', 'decoder.backbone_3d.conv6.1.conv1.weight', 'decoder.backbone_3d.conv6.1.conv1.bias', 'decoder.backbone_3d.conv6.1.bn1.weight', 'decoder.backbone_3d.conv6.1.bn1.bias', 'decoder.backbone_3d.conv6.1.bn1.running_mean', 'decoder.backbone_3d.conv6.1.bn1.running_var', 'decoder.backbone_3d.conv6.1.conv2.weight', 'decoder.backbone_3d.conv6.1.conv2.bias', 'decoder.backbone_3d.conv6.1.bn2.weight', 'decoder.backbone_3d.conv6.1.bn2.bias', 'decoder.backbone_3d.conv6.1.bn2.running_mean', 'decoder.backbone_3d.conv6.1.bn2.running_var', 'decoder.backbone_3d.conv6.2.conv1.weight', 'decoder.backbone_3d.conv6.2.conv1.bias', 'decoder.backbone_3d.conv6.2.bn1.weight', 'decoder.backbone_3d.conv6.2.bn1.bias', 'decoder.backbone_3d.conv6.2.bn1.running_mean', 'decoder.backbone_3d.conv6.2.bn1.running_var', 'decoder.backbone_3d.conv6.2.conv2.weight', 'decoder.backbone_3d.conv6.2.conv2.bias', 'decoder.backbone_3d.conv6.2.bn2.weight', 'decoder.backbone_3d.conv6.2.bn2.bias', 'decoder.backbone_3d.conv6.2.bn2.running_mean', 'decoder.backbone_3d.conv6.2.bn2.running_var', 'decoder.backbone_3d.conv_out.0.weight', 'decoder.backbone_3d.conv_out.1.weight', 'decoder.backbone_3d.conv_out.1.bias', 'decoder.backbone_3d.conv_out.1.running_mean', 'decoder.backbone_3d.conv_out.1.running_var', 'decoder.backbone_3d.shared_conv.0.weight', 'decoder.backbone_3d.shared_conv.0.bias', 'decoder.backbone_3d.shared_conv.1.weight', 'decoder.backbone_3d.shared_conv.1.bias', 'decoder.backbone_3d.shared_conv.1.running_mean', 'decoder.backbone_3d.shared_conv.1.running_var', 'decoder.dense_head.heads_list.0.center.0.0.weight', 'decoder.dense_head.heads_list.0.center.0.0.bias', 'decoder.dense_head.heads_list.0.center.0.1.weight', 'decoder.dense_head.heads_list.0.center.0.1.bias', 'decoder.dense_head.heads_list.0.center.0.1.running_mean', 'decoder.dense_head.heads_list.0.center.0.1.running_var', 'decoder.dense_head.heads_list.0.center.1.weight', 'decoder.dense_head.heads_list.0.center.1.bias', 'decoder.dense_head.heads_list.0.center_z.0.0.weight', 'decoder.dense_head.heads_list.0.center_z.0.0.bias', 'decoder.dense_head.heads_list.0.center_z.0.1.weight', 'decoder.dense_head.heads_list.0.center_z.0.1.bias', 'decoder.dense_head.heads_list.0.center_z.0.1.running_mean', 'decoder.dense_head.heads_list.0.center_z.0.1.running_var', 'decoder.dense_head.heads_list.0.center_z.1.weight', 'decoder.dense_head.heads_list.0.center_z.1.bias', 'decoder.dense_head.heads_list.0.dim.0.0.weight', 'decoder.dense_head.heads_list.0.dim.0.0.bias', 'decoder.dense_head.heads_list.0.dim.0.1.weight', 'decoder.dense_head.heads_list.0.dim.0.1.bias', 'decoder.dense_head.heads_list.0.dim.0.1.running_mean', 'decoder.dense_head.heads_list.0.dim.0.1.running_var', 'decoder.dense_head.heads_list.0.dim.1.weight', 'decoder.dense_head.heads_list.0.dim.1.bias', 'decoder.dense_head.heads_list.0.rot.0.0.weight', 'decoder.dense_head.heads_list.0.rot.0.0.bias', 'decoder.dense_head.heads_list.0.rot.0.1.weight', 'decoder.dense_head.heads_list.0.rot.0.1.bias', 'decoder.dense_head.heads_list.0.rot.0.1.running_mean', 'decoder.dense_head.heads_list.0.rot.0.1.running_var', 'decoder.dense_head.heads_list.0.rot.1.weight', 'decoder.dense_head.heads_list.0.rot.1.bias', 'decoder.dense_head.heads_list.0.vel.0.0.weight', 'decoder.dense_head.heads_list.0.vel.0.0.bias', 'decoder.dense_head.heads_list.0.vel.0.1.weight', 'decoder.dense_head.heads_list.0.vel.0.1.bias', 'decoder.dense_head.heads_list.0.vel.0.1.running_mean', 'decoder.dense_head.heads_list.0.vel.0.1.running_var', 'decoder.dense_head.heads_list.0.vel.1.weight', 'decoder.dense_head.heads_list.0.vel.1.bias', 'decoder.dense_head.heads_list.0.hm.0.0.weight', 'decoder.dense_head.heads_list.0.hm.0.0.bias', 'decoder.dense_head.heads_list.0.hm.0.1.weight', 'decoder.dense_head.heads_list.0.hm.0.1.bias', 'decoder.dense_head.heads_list.0.hm.0.1.running_mean', 'decoder.dense_head.heads_list.0.hm.0.1.running_var', 'decoder.dense_head.heads_list.0.hm.1.weight', 'decoder.dense_head.heads_list.0.hm.1.bias', 'decoder.dense_head.heads_list.1.center.0.0.weight', 'decoder.dense_head.heads_list.1.center.0.0.bias', 'decoder.dense_head.heads_list.1.center.0.1.weight', 'decoder.dense_head.heads_list.1.center.0.1.bias', 'decoder.dense_head.heads_list.1.center.0.1.running_mean', 'decoder.dense_head.heads_list.1.center.0.1.running_var', 'decoder.dense_head.heads_list.1.center.1.weight', 'decoder.dense_head.heads_list.1.center.1.bias', 'decoder.dense_head.heads_list.1.center_z.0.0.weight', 'decoder.dense_head.heads_list.1.center_z.0.0.bias', 'decoder.dense_head.heads_list.1.center_z.0.1.weight', 'decoder.dense_head.heads_list.1.center_z.0.1.bias', 'decoder.dense_head.heads_list.1.center_z.0.1.running_mean', 'decoder.dense_head.heads_list.1.center_z.0.1.running_var', 'decoder.dense_head.heads_list.1.center_z.1.weight', 'decoder.dense_head.heads_list.1.center_z.1.bias', 'decoder.dense_head.heads_list.1.dim.0.0.weight', 'decoder.dense_head.heads_list.1.dim.0.0.bias', 'decoder.dense_head.heads_list.1.dim.0.1.weight', 'decoder.dense_head.heads_list.1.dim.0.1.bias', 'decoder.dense_head.heads_list.1.dim.0.1.running_mean', 'decoder.dense_head.heads_list.1.dim.0.1.running_var', 'decoder.dense_head.heads_list.1.dim.1.weight', 'decoder.dense_head.heads_list.1.dim.1.bias', 'decoder.dense_head.heads_list.1.rot.0.0.weight', 'decoder.dense_head.heads_list.1.rot.0.0.bias', 'decoder.dense_head.heads_list.1.rot.0.1.weight', 'decoder.dense_head.heads_list.1.rot.0.1.bias', 'decoder.dense_head.heads_list.1.rot.0.1.running_mean', 'decoder.dense_head.heads_list.1.rot.0.1.running_var', 'decoder.dense_head.heads_list.1.rot.1.weight', 'decoder.dense_head.heads_list.1.rot.1.bias', 'decoder.dense_head.heads_list.1.vel.0.0.weight', 'decoder.dense_head.heads_list.1.vel.0.0.bias', 'decoder.dense_head.heads_list.1.vel.0.1.weight', 'decoder.dense_head.heads_list.1.vel.0.1.bias', 'decoder.dense_head.heads_list.1.vel.0.1.running_mean', 'decoder.dense_head.heads_list.1.vel.0.1.running_var', 'decoder.dense_head.heads_list.1.vel.1.weight', 'decoder.dense_head.heads_list.1.vel.1.bias', 'decoder.dense_head.heads_list.1.hm.0.0.weight', 'decoder.dense_head.heads_list.1.hm.0.0.bias', 'decoder.dense_head.heads_list.1.hm.0.1.weight', 'decoder.dense_head.heads_list.1.hm.0.1.bias', 'decoder.dense_head.heads_list.1.hm.0.1.running_mean', 'decoder.dense_head.heads_list.1.hm.0.1.running_var', 'decoder.dense_head.heads_list.1.hm.1.weight', 'decoder.dense_head.heads_list.1.hm.1.bias', 'decoder.dense_head.heads_list.2.center.0.0.weight', 'decoder.dense_head.heads_list.2.center.0.0.bias', 'decoder.dense_head.heads_list.2.center.0.1.weight', 'decoder.dense_head.heads_list.2.center.0.1.bias', 'decoder.dense_head.heads_list.2.center.0.1.running_mean', 'decoder.dense_head.heads_list.2.center.0.1.running_var', 'decoder.dense_head.heads_list.2.center.1.weight', 'decoder.dense_head.heads_list.2.center.1.bias', 'decoder.dense_head.heads_list.2.center_z.0.0.weight', 'decoder.dense_head.heads_list.2.center_z.0.0.bias', 'decoder.dense_head.heads_list.2.center_z.0.1.weight', 'decoder.dense_head.heads_list.2.center_z.0.1.bias', 'decoder.dense_head.heads_list.2.center_z.0.1.running_mean', 'decoder.dense_head.heads_list.2.center_z.0.1.running_var', 'decoder.dense_head.heads_list.2.center_z.1.weight', 'decoder.dense_head.heads_list.2.center_z.1.bias', 'decoder.dense_head.heads_list.2.dim.0.0.weight', 'decoder.dense_head.heads_list.2.dim.0.0.bias', 'decoder.dense_head.heads_list.2.dim.0.1.weight', 'decoder.dense_head.heads_list.2.dim.0.1.bias', 'decoder.dense_head.heads_list.2.dim.0.1.running_mean', 'decoder.dense_head.heads_list.2.dim.0.1.running_var', 'decoder.dense_head.heads_list.2.dim.1.weight', 'decoder.dense_head.heads_list.2.dim.1.bias', 'decoder.dense_head.heads_list.2.rot.0.0.weight', 'decoder.dense_head.heads_list.2.rot.0.0.bias', 'decoder.dense_head.heads_list.2.rot.0.1.weight', 'decoder.dense_head.heads_list.2.rot.0.1.bias', 'decoder.dense_head.heads_list.2.rot.0.1.running_mean', 'decoder.dense_head.heads_list.2.rot.0.1.running_var', 'decoder.dense_head.heads_list.2.rot.1.weight', 'decoder.dense_head.heads_list.2.rot.1.bias', 'decoder.dense_head.heads_list.2.vel.0.0.weight', 'decoder.dense_head.heads_list.2.vel.0.0.bias', 'decoder.dense_head.heads_list.2.vel.0.1.weight', 'decoder.dense_head.heads_list.2.vel.0.1.bias', 'decoder.dense_head.heads_list.2.vel.0.1.running_mean', 'decoder.dense_head.heads_list.2.vel.0.1.running_var', 'decoder.dense_head.heads_list.2.vel.1.weight', 'decoder.dense_head.heads_list.2.vel.1.bias', 'decoder.dense_head.heads_list.2.hm.0.0.weight', 'decoder.dense_head.heads_list.2.hm.0.0.bias', 'decoder.dense_head.heads_list.2.hm.0.1.weight', 'decoder.dense_head.heads_list.2.hm.0.1.bias', 'decoder.dense_head.heads_list.2.hm.0.1.running_mean', 'decoder.dense_head.heads_list.2.hm.0.1.running_var', 'decoder.dense_head.heads_list.2.hm.1.weight', 'decoder.dense_head.heads_list.2.hm.1.bias', 'decoder.dense_head.heads_list.3.center.0.0.weight', 'decoder.dense_head.heads_list.3.center.0.0.bias', 'decoder.dense_head.heads_list.3.center.0.1.weight', 'decoder.dense_head.heads_list.3.center.0.1.bias', 'decoder.dense_head.heads_list.3.center.0.1.running_mean', 'decoder.dense_head.heads_list.3.center.0.1.running_var', 'decoder.dense_head.heads_list.3.center.1.weight', 'decoder.dense_head.heads_list.3.center.1.bias', 'decoder.dense_head.heads_list.3.center_z.0.0.weight', 'decoder.dense_head.heads_list.3.center_z.0.0.bias', 'decoder.dense_head.heads_list.3.center_z.0.1.weight', 'decoder.dense_head.heads_list.3.center_z.0.1.bias', 'decoder.dense_head.heads_list.3.center_z.0.1.running_mean', 'decoder.dense_head.heads_list.3.center_z.0.1.running_var', 'decoder.dense_head.heads_list.3.center_z.1.weight', 'decoder.dense_head.heads_list.3.center_z.1.bias', 'decoder.dense_head.heads_list.3.dim.0.0.weight', 'decoder.dense_head.heads_list.3.dim.0.0.bias', 'decoder.dense_head.heads_list.3.dim.0.1.weight', 'decoder.dense_head.heads_list.3.dim.0.1.bias', 'decoder.dense_head.heads_list.3.dim.0.1.running_mean', 'decoder.dense_head.heads_list.3.dim.0.1.running_var', 'decoder.dense_head.heads_list.3.dim.1.weight', 'decoder.dense_head.heads_list.3.dim.1.bias', 'decoder.dense_head.heads_list.3.rot.0.0.weight', 'decoder.dense_head.heads_list.3.rot.0.0.bias', 'decoder.dense_head.heads_list.3.rot.0.1.weight', 'decoder.dense_head.heads_list.3.rot.0.1.bias', 'decoder.dense_head.heads_list.3.rot.0.1.running_mean', 'decoder.dense_head.heads_list.3.rot.0.1.running_var', 'decoder.dense_head.heads_list.3.rot.1.weight', 'decoder.dense_head.heads_list.3.rot.1.bias', 'decoder.dense_head.heads_list.3.vel.0.0.weight', 'decoder.dense_head.heads_list.3.vel.0.0.bias', 'decoder.dense_head.heads_list.3.vel.0.1.weight', 'decoder.dense_head.heads_list.3.vel.0.1.bias', 'decoder.dense_head.heads_list.3.vel.0.1.running_mean', 'decoder.dense_head.heads_list.3.vel.0.1.running_var', 'decoder.dense_head.heads_list.3.vel.1.weight', 'decoder.dense_head.heads_list.3.vel.1.bias', 'decoder.dense_head.heads_list.3.hm.0.0.weight', 'decoder.dense_head.heads_list.3.hm.0.0.bias', 'decoder.dense_head.heads_list.3.hm.0.1.weight', 'decoder.dense_head.heads_list.3.hm.0.1.bias', 'decoder.dense_head.heads_list.3.hm.0.1.running_mean', 'decoder.dense_head.heads_list.3.hm.0.1.running_var', 'decoder.dense_head.heads_list.3.hm.1.weight', 'decoder.dense_head.heads_list.3.hm.1.bias', 'decoder.dense_head.heads_list.4.center.0.0.weight', 'decoder.dense_head.heads_list.4.center.0.0.bias', 'decoder.dense_head.heads_list.4.center.0.1.weight', 'decoder.dense_head.heads_list.4.center.0.1.bias', 'decoder.dense_head.heads_list.4.center.0.1.running_mean', 'decoder.dense_head.heads_list.4.center.0.1.running_var', 'decoder.dense_head.heads_list.4.center.1.weight', 'decoder.dense_head.heads_list.4.center.1.bias', 'decoder.dense_head.heads_list.4.center_z.0.0.weight', 'decoder.dense_head.heads_list.4.center_z.0.0.bias', 'decoder.dense_head.heads_list.4.center_z.0.1.weight', 'decoder.dense_head.heads_list.4.center_z.0.1.bias', 'decoder.dense_head.heads_list.4.center_z.0.1.running_mean', 'decoder.dense_head.heads_list.4.center_z.0.1.running_var', 'decoder.dense_head.heads_list.4.center_z.1.weight', 'decoder.dense_head.heads_list.4.center_z.1.bias', 'decoder.dense_head.heads_list.4.dim.0.0.weight', 'decoder.dense_head.heads_list.4.dim.0.0.bias', 'decoder.dense_head.heads_list.4.dim.0.1.weight', 'decoder.dense_head.heads_list.4.dim.0.1.bias', 'decoder.dense_head.heads_list.4.dim.0.1.running_mean', 'decoder.dense_head.heads_list.4.dim.0.1.running_var', 'decoder.dense_head.heads_list.4.dim.1.weight', 'decoder.dense_head.heads_list.4.dim.1.bias', 'decoder.dense_head.heads_list.4.rot.0.0.weight', 'decoder.dense_head.heads_list.4.rot.0.0.bias', 'decoder.dense_head.heads_list.4.rot.0.1.weight', 'decoder.dense_head.heads_list.4.rot.0.1.bias', 'decoder.dense_head.heads_list.4.rot.0.1.running_mean', 'decoder.dense_head.heads_list.4.rot.0.1.running_var', 'decoder.dense_head.heads_list.4.rot.1.weight', 'decoder.dense_head.heads_list.4.rot.1.bias', 'decoder.dense_head.heads_list.4.vel.0.0.weight', 'decoder.dense_head.heads_list.4.vel.0.0.bias', 'decoder.dense_head.heads_list.4.vel.0.1.weight', 'decoder.dense_head.heads_list.4.vel.0.1.bias', 'decoder.dense_head.heads_list.4.vel.0.1.running_mean', 'decoder.dense_head.heads_list.4.vel.0.1.running_var', 'decoder.dense_head.heads_list.4.vel.1.weight', 'decoder.dense_head.heads_list.4.vel.1.bias', 'decoder.dense_head.heads_list.4.hm.0.0.weight', 'decoder.dense_head.heads_list.4.hm.0.0.bias', 'decoder.dense_head.heads_list.4.hm.0.1.weight', 'decoder.dense_head.heads_list.4.hm.0.1.bias', 'decoder.dense_head.heads_list.4.hm.0.1.running_mean', 'decoder.dense_head.heads_list.4.hm.0.1.running_var', 'decoder.dense_head.heads_list.4.hm.1.weight', 'decoder.dense_head.heads_list.4.hm.1.bias', 'decoder.dense_head.heads_list.5.center.0.0.weight', 'decoder.dense_head.heads_list.5.center.0.0.bias', 'decoder.dense_head.heads_list.5.center.0.1.weight', 'decoder.dense_head.heads_list.5.center.0.1.bias', 'decoder.dense_head.heads_list.5.center.0.1.running_mean', 'decoder.dense_head.heads_list.5.center.0.1.running_var', 'decoder.dense_head.heads_list.5.center.1.weight', 'decoder.dense_head.heads_list.5.center.1.bias', 'decoder.dense_head.heads_list.5.center_z.0.0.weight', 'decoder.dense_head.heads_list.5.center_z.0.0.bias', 'decoder.dense_head.heads_list.5.center_z.0.1.weight', 'decoder.dense_head.heads_list.5.center_z.0.1.bias', 'decoder.dense_head.heads_list.5.center_z.0.1.running_mean', 'decoder.dense_head.heads_list.5.center_z.0.1.running_var', 'decoder.dense_head.heads_list.5.center_z.1.weight', 'decoder.dense_head.heads_list.5.center_z.1.bias', 'decoder.dense_head.heads_list.5.dim.0.0.weight', 'decoder.dense_head.heads_list.5.dim.0.0.bias', 'decoder.dense_head.heads_list.5.dim.0.1.weight', 'decoder.dense_head.heads_list.5.dim.0.1.bias', 'decoder.dense_head.heads_list.5.dim.0.1.running_mean', 'decoder.dense_head.heads_list.5.dim.0.1.running_var', 'decoder.dense_head.heads_list.5.dim.1.weight', 'decoder.dense_head.heads_list.5.dim.1.bias', 'decoder.dense_head.heads_list.5.rot.0.0.weight', 'decoder.dense_head.heads_list.5.rot.0.0.bias', 'decoder.dense_head.heads_list.5.rot.0.1.weight', 'decoder.dense_head.heads_list.5.rot.0.1.bias', 'decoder.dense_head.heads_list.5.rot.0.1.running_mean', 'decoder.dense_head.heads_list.5.rot.0.1.running_var', 'decoder.dense_head.heads_list.5.rot.1.weight', 'decoder.dense_head.heads_list.5.rot.1.bias', 'decoder.dense_head.heads_list.5.vel.0.0.weight', 'decoder.dense_head.heads_list.5.vel.0.0.bias', 'decoder.dense_head.heads_list.5.vel.0.1.weight', 'decoder.dense_head.heads_list.5.vel.0.1.bias', 'decoder.dense_head.heads_list.5.vel.0.1.running_mean', 'decoder.dense_head.heads_list.5.vel.0.1.running_var', 'decoder.dense_head.heads_list.5.vel.1.weight', 'decoder.dense_head.heads_list.5.vel.1.bias', 'decoder.dense_head.heads_list.5.hm.0.0.weight', 'decoder.dense_head.heads_list.5.hm.0.0.bias', 'decoder.dense_head.heads_list.5.hm.0.1.weight', 'decoder.dense_head.heads_list.5.hm.0.1.bias', 'decoder.dense_head.heads_list.5.hm.0.1.running_mean', 'decoder.dense_head.heads_list.5.hm.0.1.running_var', 'decoder.dense_head.heads_list.5.hm.1.weight', 'decoder.dense_head.heads_list.5.hm.1.bias', 'map_decoder.pts_bbox_head.code_weights', 'map_decoder.pts_bbox_head.loss_seg.loss_fn.pos_weight', 'map_decoder.pts_bbox_head.loss_pv_seg.loss_fn.pos_weight', 'map_decoder.pts_bbox_head.map_adapter_layers.0.0.weight', 'map_decoder.pts_bbox_head.map_adapter_layers.0.0.bias', 'map_decoder.pts_bbox_head.map_adapter_layers.0.1.weight', 'map_decoder.pts_bbox_head.map_adapter_layers.0.1.bias', 'map_decoder.pts_bbox_head.map_adapter_layers.0.1.running_mean', 'map_decoder.pts_bbox_head.map_adapter_layers.0.1.running_var', 'map_decoder.pts_bbox_head.map_adapter_layers.1.weight', 'map_decoder.pts_bbox_head.map_adapter_layers.1.bias', 'map_decoder.pts_bbox_head.cls_branches.0.weight', 'map_decoder.pts_bbox_head.cls_branches.0.bias', 'map_decoder.pts_bbox_head.cls_branches.1.weight', 'map_decoder.pts_bbox_head.cls_branches.1.bias', 'map_decoder.pts_bbox_head.cls_branches.3.weight', 'map_decoder.pts_bbox_head.cls_branches.3.bias', 'map_decoder.pts_bbox_head.cls_branches.4.weight', 'map_decoder.pts_bbox_head.cls_branches.4.bias', 'map_decoder.pts_bbox_head.cls_branches.6.weight', 'map_decoder.pts_bbox_head.cls_branches.6.bias', 'map_decoder.pts_bbox_head.reg_branches.0.weight', 'map_decoder.pts_bbox_head.reg_branches.0.bias', 'map_decoder.pts_bbox_head.reg_branches.2.weight', 'map_decoder.pts_bbox_head.reg_branches.2.bias', 'map_decoder.pts_bbox_head.reg_branches.4.weight', 'map_decoder.pts_bbox_head.reg_branches.4.bias', 'map_decoder.pts_bbox_head.reg_branches.6.weight', 'map_decoder.pts_bbox_head.reg_branches.6.bias', 'planner_head.ego_query.weight', 'planner_head.ego_agent_decoder.layers.0.attentions.0.attn.in_proj_weight', 'planner_head.ego_agent_decoder.layers.0.attentions.0.attn.in_proj_bias', 'planner_head.ego_agent_decoder.layers.0.attentions.0.attn.out_proj.weight', 'planner_head.ego_agent_decoder.layers.0.attentions.0.attn.out_proj.bias', 'planner_head.ego_agent_decoder.layers.0.ffns.0.layers.0.0.weight', 'planner_head.ego_agent_decoder.layers.0.ffns.0.layers.0.0.bias', 'planner_head.ego_agent_decoder.layers.0.ffns.0.layers.1.weight', 'planner_head.ego_agent_decoder.layers.0.ffns.0.layers.1.bias', 'planner_head.ego_agent_decoder.layers.0.norms.0.weight', 'planner_head.ego_agent_decoder.layers.0.norms.0.bias', 'planner_head.ego_agent_decoder.layers.0.norms.1.weight', 'planner_head.ego_agent_decoder.layers.0.norms.1.bias', 'planner_head.ego_map_decoder.layers.0.attentions.0.attn.in_proj_weight', 'planner_head.ego_map_decoder.layers.0.attentions.0.attn.in_proj_bias', 'planner_head.ego_map_decoder.layers.0.attentions.0.attn.out_proj.weight', 'planner_head.ego_map_decoder.layers.0.attentions.0.attn.out_proj.bias', 'planner_head.ego_map_decoder.layers.0.ffns.0.layers.0.0.weight', 'planner_head.ego_map_decoder.layers.0.ffns.0.layers.0.0.bias', 'planner_head.ego_map_decoder.layers.0.ffns.0.layers.1.weight', 'planner_head.ego_map_decoder.layers.0.ffns.0.layers.1.bias', 'planner_head.ego_map_decoder.layers.0.norms.0.weight', 'planner_head.ego_map_decoder.layers.0.norms.0.bias', 'planner_head.ego_map_decoder.layers.0.norms.1.weight', 'planner_head.ego_map_decoder.layers.0.norms.1.bias', 'planner_head.ego_gaussian_decoder.layers.0.attentions.0.attn.in_proj_weight', 'planner_head.ego_gaussian_decoder.layers.0.attentions.0.attn.in_proj_bias', 'planner_head.ego_gaussian_decoder.layers.0.attentions.0.attn.out_proj.weight', 'planner_head.ego_gaussian_decoder.layers.0.attentions.0.attn.out_proj.bias', 'planner_head.ego_gaussian_decoder.layers.0.ffns.0.layers.0.0.weight', 'planner_head.ego_gaussian_decoder.layers.0.ffns.0.layers.0.0.bias', 'planner_head.ego_gaussian_decoder.layers.0.ffns.0.layers.1.weight', 'planner_head.ego_gaussian_decoder.layers.0.ffns.0.layers.1.bias', 'planner_head.ego_gaussian_decoder.layers.0.norms.0.weight', 'planner_head.ego_gaussian_decoder.layers.0.norms.0.bias', 'planner_head.ego_gaussian_decoder.layers.0.norms.1.weight', 'planner_head.ego_gaussian_decoder.layers.0.norms.1.bias', 'planner_head.ego_fut_decoder.0.weight', 'planner_head.ego_fut_decoder.0.bias', 'planner_head.ego_fut_decoder.2.weight', 'planner_head.ego_fut_decoder.2.bias', 'planner_head.ego_fut_decoder.4.weight', 'planner_head.ego_fut_decoder.4.bias', 'planner_head.agent_fus_mlp.0.weight', 'planner_head.agent_fus_mlp.0.bias', 'planner_head.agent_fus_mlp.1.weight', 'planner_head.agent_fus_mlp.1.bias', 'planner_head.agent_fus_mlp.3.weight', 'planner_head.agent_fus_mlp.3.bias', 'planner_head.map_fus_mlp.0.weight', 'planner_head.map_fus_mlp.0.bias', 'planner_head.map_fus_mlp.1.weight', 'planner_head.map_fus_mlp.1.bias', 'planner_head.map_fus_mlp.3.weight', 'planner_head.map_fus_mlp.3.bias', 'planner_head.gaussian_fus_mlp.0.weight', 'planner_head.gaussian_fus_mlp.0.bias', 'planner_head.gaussian_fus_mlp.1.weight', 'planner_head.gaussian_fus_mlp.1.bias', 'planner_head.gaussian_fus_mlp.3.weight', 'planner_head.gaussian_fus_mlp.3.bias'], unexpected_keys=['bbox_head.bld_alpha', 'bbox_head.cls_convs.0.conv.weight', 'bbox_head.cls_convs.0.conv.bias', 'bbox_head.cls_convs.0.gn.weight', 'bbox_head.cls_convs.0.gn.bias', 'bbox_head.cls_convs.1.conv.weight', 'bbox_head.cls_convs.1.conv.bias', 'bbox_head.cls_convs.1.conv.conv_offset.weight', 'bbox_head.cls_convs.1.conv.conv_offset.bias', 'bbox_head.cls_convs.1.gn.weight', 'bbox_head.cls_convs.1.gn.bias', 'bbox_head.reg_convs.0.conv.weight', 'bbox_head.reg_convs.0.conv.bias', 'bbox_head.reg_convs.0.gn.weight', 'bbox_head.reg_convs.0.gn.bias', 'bbox_head.reg_convs.1.conv.weight', 'bbox_head.reg_convs.1.conv.bias', 'bbox_head.reg_convs.1.conv.conv_offset.weight', 'bbox_head.reg_convs.1.conv.conv_offset.bias', 'bbox_head.reg_convs.1.gn.weight', 'bbox_head.reg_convs.1.gn.bias', 'bbox_head.conv_cls_prev.0.conv.weight', 'bbox_head.conv_cls_prev.0.conv.bias', 'bbox_head.conv_cls_prev.0.gn.weight', 'bbox_head.conv_cls_prev.0.gn.bias', 'bbox_head.conv_cls.weight', 'bbox_head.conv_cls.bias', 'bbox_head.conv_reg_prevs.0.0.conv.weight', 'bbox_head.conv_reg_prevs.0.0.conv.bias', 'bbox_head.conv_reg_prevs.0.0.gn.weight', 'bbox_head.conv_reg_prevs.0.0.gn.bias', 'bbox_head.conv_reg_prevs.1.0.conv.weight', 'bbox_head.conv_reg_prevs.1.0.conv.bias', 'bbox_head.conv_reg_prevs.1.0.gn.weight', 'bbox_head.conv_reg_prevs.1.0.gn.bias', 'bbox_head.conv_reg_prevs.2.0.conv.weight', 'bbox_head.conv_reg_prevs.2.0.conv.bias', 'bbox_head.conv_reg_prevs.2.0.gn.weight', 'bbox_head.conv_reg_prevs.2.0.gn.bias', 'bbox_head.conv_reg_prevs.3.0.conv.weight', 'bbox_head.conv_reg_prevs.3.0.conv.bias', 'bbox_head.conv_reg_prevs.3.0.gn.weight', 'bbox_head.conv_reg_prevs.3.0.gn.bias', 'bbox_head.conv_reg_prevs.5.0.conv.weight', 'bbox_head.conv_reg_prevs.5.0.conv.bias', 'bbox_head.conv_reg_prevs.5.0.gn.weight', 'bbox_head.conv_reg_prevs.5.0.gn.bias', 'bbox_head.conv_regs.0.weight', 'bbox_head.conv_regs.0.bias', 'bbox_head.conv_regs.1.weight', 'bbox_head.conv_regs.1.bias', 'bbox_head.conv_regs.2.weight', 'bbox_head.conv_regs.2.bias', 'bbox_head.conv_regs.3.weight', 'bbox_head.conv_regs.3.bias', 'bbox_head.conv_regs.4.weight', 'bbox_head.conv_regs.4.bias', 'bbox_head.conv_regs.5.weight', 'bbox_head.conv_regs.5.bias', 'bbox_head.conv_dir_cls_prev.0.conv.weight', 'bbox_head.conv_dir_cls_prev.0.conv.bias', 'bbox_head.conv_dir_cls_prev.0.gn.weight', 'bbox_head.conv_dir_cls_prev.0.gn.bias', 'bbox_head.conv_dir_cls.weight', 'bbox_head.conv_dir_cls.bias', 'bbox_head.conv_attr_prev.0.conv.weight', 'bbox_head.conv_attr_prev.0.conv.bias', 'bbox_head.conv_attr_prev.0.gn.weight', 'bbox_head.conv_attr_prev.0.gn.bias', 'bbox_head.conv_attr.weight', 'bbox_head.conv_attr.bias', 'bbox_head.conv_depth_cls_prev.0.conv.weight', 'bbox_head.conv_depth_cls_prev.0.conv.bias', 'bbox_head.conv_depth_cls_prev.0.gn.weight', 'bbox_head.conv_depth_cls_prev.0.gn.bias', 'bbox_head.conv_depth_cls.weight', 'bbox_head.conv_depth_cls.bias', 'bbox_head.conv_centerness_prev.0.conv.weight', 'bbox_head.conv_centerness_prev.0.conv.bias', 'bbox_head.conv_centerness_prev.0.gn.weight', 'bbox_head.conv_centerness_prev.0.gn.bias', 'bbox_head.conv_centerness.weight', 'bbox_head.conv_centerness.bias', 'bbox_head.scales.0.0.scale', 'bbox_head.scales.0.1.scale', 'bbox_head.scales.0.2.scale', 'bbox_head.scales.0.3.scale', 'bbox_head.scales.1.0.scale', 'bbox_head.scales.1.1.scale', 'bbox_head.scales.1.2.scale', 'bbox_head.scales.1.3.scale', 'bbox_head.scales.2.0.scale', 'bbox_head.scales.2.1.scale', 'bbox_head.scales.2.2.scale', 'bbox_head.scales.2.3.scale', 'bbox_head.scales.3.0.scale', 'bbox_head.scales.3.1.scale', 'bbox_head.scales.3.2.scale', 'bbox_head.scales.3.3.scale', 'bbox_head.scales.4.0.scale', 'bbox_head.scales.4.1.scale', 'bbox_head.scales.4.2.scale', 'bbox_head.scales.4.3.scale'])
08/04 12:57:14 - mmengine - WARNING - img_backbone.conv1.weight is skipped since its requires_grad=False
08/04 12:57:14 - mmengine - WARNING - img_backbone.bn1.weight is skipped since its requires_grad=False
08/04 12:57:14 - mmengine - WARNING - img_backbone.bn1.bias is skipped since its requires_grad=False
08/04 12:57:14 - mmengine - WARNING - img_backbone.layer1.0.conv1.weight is skipped since its requires_grad=False
08/04 12:57:14 - mmengine - WARNING - img_backbone.layer1.0.bn1.weight is skipped since its requires_grad=False
08/04 12:57:14 - mmengine - WARNING - img_backbone.layer1.0.bn1.bias is skipped since its requires_grad=False
08/04 12:57:14 - mmengine - WARNING - img_backbone.layer1.0.conv2.weight is skipped since its requires_grad=False
08/04 12:57:14 - mmengine - WARNING - img_backbone.layer1.0.bn2.weight is skipped since its requires_grad=False
08/04 12:57:14 - mmengine - WARNING - img_backbone.layer1.0.bn2.bias is skipped since its requires_grad=False
08/04 12:57:14 - mmengine - WARNING - img_backbone.layer1.0.conv3.weight is skipped since its requires_grad=False
08/04 12:57:14 - mmengine - WARNING - img_backbone.layer1.0.bn3.weight is skipped since its requires_grad=False
08/04 12:57:14 - mmengine - WARNING - img_backbone.layer1.0.bn3.bias is skipped since its requires_grad=False
08/04 12:57:14 - mmengine - WARNING - img_backbone.layer1.0.downsample.0.weight is skipped since its requires_grad=False
08/04 12:57:14 - mmengine - WARNING - img_backbone.layer1.0.downsample.1.weight is skipped since its requires_grad=False
08/04 12:57:14 - mmengine - WARNING - img_backbone.layer1.0.downsample.1.bias is skipped since its requires_grad=False
08/04 12:57:14 - mmengine - WARNING - img_backbone.layer1.1.conv1.weight is skipped since its requires_grad=False
08/04 12:57:14 - mmengine - WARNING - img_backbone.layer1.1.bn1.weight is skipped since its requires_grad=False
08/04 12:57:14 - mmengine - WARNING - img_backbone.layer1.1.bn1.bias is skipped since its requires_grad=False
08/04 12:57:14 - mmengine - WARNING - img_backbone.layer1.1.conv2.weight is skipped since its requires_grad=False
08/04 12:57:14 - mmengine - WARNING - img_backbone.layer1.1.bn2.weight is skipped since its requires_grad=False
08/04 12:57:14 - mmengine - WARNING - img_backbone.layer1.1.bn2.bias is skipped since its requires_grad=False
08/04 12:57:14 - mmengine - WARNING - img_backbone.layer1.1.conv3.weight is skipped since its requires_grad=False
08/04 12:57:14 - mmengine - WARNING - img_backbone.layer1.1.bn3.weight is skipped since its requires_grad=False
08/04 12:57:14 - mmengine - WARNING - img_backbone.layer1.1.bn3.bias is skipped since its requires_grad=False
08/04 12:57:14 - mmengine - WARNING - img_backbone.layer1.2.conv1.weight is skipped since its requires_grad=False
08/04 12:57:14 - mmengine - WARNING - img_backbone.layer1.2.bn1.weight is skipped since its requires_grad=False
08/04 12:57:14 - mmengine - WARNING - img_backbone.layer1.2.bn1.bias is skipped since its requires_grad=False
08/04 12:57:14 - mmengine - WARNING - img_backbone.layer1.2.conv2.weight is skipped since its requires_grad=False
08/04 12:57:14 - mmengine - WARNING - img_backbone.layer1.2.bn2.weight is skipped since its requires_grad=False
08/04 12:57:14 - mmengine - WARNING - img_backbone.layer1.2.bn2.bias is skipped since its requires_grad=False
08/04 12:57:14 - mmengine - WARNING - img_backbone.layer1.2.conv3.weight is skipped since its requires_grad=False
08/04 12:57:14 - mmengine - WARNING - img_backbone.layer1.2.bn3.weight is skipped since its requires_grad=False
08/04 12:57:14 - mmengine - WARNING - img_backbone.layer1.2.bn3.bias is skipped since its requires_grad=False
08/04 12:57:14 - mmengine - INFO - paramwise_options -- img_backbone.layer2.0.conv1.weight:lr=2e-05
08/04 12:57:14 - mmengine - INFO - paramwise_options -- img_backbone.layer2.0.conv1.weight:weight_decay=0.01
08/04 12:57:14 - mmengine - INFO - paramwise_options -- img_backbone.layer2.0.conv1.weight:lr_mult=0.1
08/04 12:57:14 - mmengine - WARNING - img_backbone.layer2.0.bn1.weight is skipped since its requires_grad=False
08/04 12:57:14 - mmengine - WARNING - img_backbone.layer2.0.bn1.bias is skipped since its requires_grad=False
08/04 12:57:14 - mmengine - INFO - paramwise_options -- img_backbone.layer2.0.conv2.weight:lr=2e-05
08/04 12:57:14 - mmengine - INFO - paramwise_options -- img_backbone.layer2.0.conv2.weight:weight_decay=0.01
08/04 12:57:14 - mmengine - INFO - paramwise_options -- img_backbone.layer2.0.conv2.weight:lr_mult=0.1
08/04 12:57:14 - mmengine - WARNING - img_backbone.layer2.0.bn2.weight is skipped since its requires_grad=False
08/04 12:57:14 - mmengine - WARNING - img_backbone.layer2.0.bn2.bias is skipped since its requires_grad=False
08/04 12:57:14 - mmengine - INFO - paramwise_options -- img_backbone.layer2.0.conv3.weight:lr=2e-05
08/04 12:57:14 - mmengine - INFO - paramwise_options -- img_backbone.layer2.0.conv3.weight:weight_decay=0.01
08/04 12:57:14 - mmengine - INFO - paramwise_options -- img_backbone.layer2.0.conv3.weight:lr_mult=0.1
08/04 12:57:14 - mmengine - WARNING - img_backbone.layer2.0.bn3.weight is skipped since its requires_grad=False
08/04 12:57:14 - mmengine - WARNING - img_backbone.layer2.0.bn3.bias is skipped since its requires_grad=False
08/04 12:57:14 - mmengine - INFO - paramwise_options -- img_backbone.layer2.0.downsample.0.weight:lr=2e-05
08/04 12:57:14 - mmengine - INFO - paramwise_options -- img_backbone.layer2.0.downsample.0.weight:weight_decay=0.01
08/04 12:57:14 - mmengine - INFO - paramwise_options -- img_backbone.layer2.0.downsample.0.weight:lr_mult=0.1
08/04 12:57:14 - mmengine - WARNING - img_backbone.layer2.0.downsample.1.weight is skipped since its requires_grad=False
08/04 12:57:14 - mmengine - WARNING - img_backbone.layer2.0.downsample.1.bias is skipped since its requires_grad=False
08/04 12:57:14 - mmengine - INFO - paramwise_options -- img_backbone.layer2.1.conv1.weight:lr=2e-05
08/04 12:57:14 - mmengine - INFO - paramwise_options -- img_backbone.layer2.1.conv1.weight:weight_decay=0.01
08/04 12:57:14 - mmengine - INFO - paramwise_options -- img_backbone.layer2.1.conv1.weight:lr_mult=0.1
08/04 12:57:14 - mmengine - WARNING - img_backbone.layer2.1.bn1.weight is skipped since its requires_grad=False
08/04 12:57:14 - mmengine - WARNING - img_backbone.layer2.1.bn1.bias is skipped since its requires_grad=False
08/04 12:57:14 - mmengine - INFO - paramwise_options -- img_backbone.layer2.1.conv2.weight:lr=2e-05
08/04 12:57:14 - mmengine - INFO - paramwise_options -- img_backbone.layer2.1.conv2.weight:weight_decay=0.01
08/04 12:57:14 - mmengine - INFO - paramwise_options -- img_backbone.layer2.1.conv2.weight:lr_mult=0.1
08/04 12:57:14 - mmengine - WARNING - img_backbone.layer2.1.bn2.weight is skipped since its requires_grad=False
08/04 12:57:14 - mmengine - WARNING - img_backbone.layer2.1.bn2.bias is skipped since its requires_grad=False
08/04 12:57:14 - mmengine - INFO - paramwise_options -- img_backbone.layer2.1.conv3.weight:lr=2e-05
08/04 12:57:14 - mmengine - INFO - paramwise_options -- img_backbone.layer2.1.conv3.weight:weight_decay=0.01
08/04 12:57:14 - mmengine - INFO - paramwise_options -- img_backbone.layer2.1.conv3.weight:lr_mult=0.1
08/04 12:57:14 - mmengine - WARNING - img_backbone.layer2.1.bn3.weight is skipped since its requires_grad=False
08/04 12:57:14 - mmengine - WARNING - img_backbone.layer2.1.bn3.bias is skipped since its requires_grad=False
08/04 12:57:14 - mmengine - INFO - paramwise_options -- img_backbone.layer2.2.conv1.weight:lr=2e-05
08/04 12:57:14 - mmengine - INFO - paramwise_options -- img_backbone.layer2.2.conv1.weight:weight_decay=0.01
08/04 12:57:14 - mmengine - INFO - paramwise_options -- img_backbone.layer2.2.conv1.weight:lr_mult=0.1
08/04 12:57:14 - mmengine - WARNING - img_backbone.layer2.2.bn1.weight is skipped since its requires_grad=False
08/04 12:57:14 - mmengine - WARNING - img_backbone.layer2.2.bn1.bias is skipped since its requires_grad=False
08/04 12:57:14 - mmengine - INFO - paramwise_options -- img_backbone.layer2.2.conv2.weight:lr=2e-05
08/04 12:57:14 - mmengine - INFO - paramwise_options -- img_backbone.layer2.2.conv2.weight:weight_decay=0.01
08/04 12:57:14 - mmengine - INFO - paramwise_options -- img_backbone.layer2.2.conv2.weight:lr_mult=0.1
08/04 12:57:14 - mmengine - WARNING - img_backbone.layer2.2.bn2.weight is skipped since its requires_grad=False
08/04 12:57:14 - mmengine - WARNING - img_backbone.layer2.2.bn2.bias is skipped since its requires_grad=False
08/04 12:57:14 - mmengine - INFO - paramwise_options -- img_backbone.layer2.2.conv3.weight:lr=2e-05
08/04 12:57:14 - mmengine - INFO - paramwise_options -- img_backbone.layer2.2.conv3.weight:weight_decay=0.01
08/04 12:57:14 - mmengine - INFO - paramwise_options -- img_backbone.layer2.2.conv3.weight:lr_mult=0.1
08/04 12:57:14 - mmengine - WARNING - img_backbone.layer2.2.bn3.weight is skipped since its requires_grad=False
08/04 12:57:14 - mmengine - WARNING - img_backbone.layer2.2.bn3.bias is skipped since its requires_grad=False
08/04 12:57:14 - mmengine - INFO - paramwise_options -- img_backbone.layer2.3.conv1.weight:lr=2e-05
08/04 12:57:14 - mmengine - INFO - paramwise_options -- img_backbone.layer2.3.conv1.weight:weight_decay=0.01
08/04 12:57:14 - mmengine - INFO - paramwise_options -- img_backbone.layer2.3.conv1.weight:lr_mult=0.1
08/04 12:57:14 - mmengine - WARNING - img_backbone.layer2.3.bn1.weight is skipped since its requires_grad=False
08/04 12:57:14 - mmengine - WARNING - img_backbone.layer2.3.bn1.bias is skipped since its requires_grad=False
08/04 12:57:14 - mmengine - INFO - paramwise_options -- img_backbone.layer2.3.conv2.weight:lr=2e-05
08/04 12:57:14 - mmengine - INFO - paramwise_options -- img_backbone.layer2.3.conv2.weight:weight_decay=0.01
08/04 12:57:14 - mmengine - INFO - paramwise_options -- img_backbone.layer2.3.conv2.weight:lr_mult=0.1
08/04 12:57:14 - mmengine - WARNING - img_backbone.layer2.3.bn2.weight is skipped since its requires_grad=False
08/04 12:57:14 - mmengine - WARNING - img_backbone.layer2.3.bn2.bias is skipped since its requires_grad=False
08/04 12:57:14 - mmengine - INFO - paramwise_options -- img_backbone.layer2.3.conv3.weight:lr=2e-05
08/04 12:57:14 - mmengine - INFO - paramwise_options -- img_backbone.layer2.3.conv3.weight:weight_decay=0.01
08/04 12:57:14 - mmengine - INFO - paramwise_options -- img_backbone.layer2.3.conv3.weight:lr_mult=0.1
08/04 12:57:14 - mmengine - WARNING - img_backbone.layer2.3.bn3.weight is skipped since its requires_grad=False
08/04 12:57:14 - mmengine - WARNING - img_backbone.layer2.3.bn3.bias is skipped since its requires_grad=False
08/04 12:57:14 - mmengine - INFO - paramwise_options -- img_backbone.layer3.0.conv1.weight:lr=2e-05
08/04 12:57:14 - mmengine - INFO - paramwise_options -- img_backbone.layer3.0.conv1.weight:weight_decay=0.01
08/04 12:57:14 - mmengine - INFO - paramwise_options -- img_backbone.layer3.0.conv1.weight:lr_mult=0.1
08/04 12:57:14 - mmengine - WARNING - img_backbone.layer3.0.bn1.weight is skipped since its requires_grad=False
08/04 12:57:14 - mmengine - WARNING - img_backbone.layer3.0.bn1.bias is skipped since its requires_grad=False
08/04 12:57:14 - mmengine - INFO - paramwise_options -- img_backbone.layer3.0.conv2.weight:lr=2e-05
08/04 12:57:14 - mmengine - INFO - paramwise_options -- img_backbone.layer3.0.conv2.weight:weight_decay=0.01
08/04 12:57:14 - mmengine - INFO - paramwise_options -- img_backbone.layer3.0.conv2.weight:lr_mult=0.1
08/04 12:57:14 - mmengine - INFO - paramwise_options -- img_backbone.layer3.0.conv2.conv_offset.weight:lr=2e-05
08/04 12:57:14 - mmengine - INFO - paramwise_options -- img_backbone.layer3.0.conv2.conv_offset.weight:weight_decay=0.01
08/04 12:57:14 - mmengine - INFO - paramwise_options -- img_backbone.layer3.0.conv2.conv_offset.weight:lr_mult=0.1
08/04 12:57:14 - mmengine - INFO - paramwise_options -- img_backbone.layer3.0.conv2.conv_offset.bias:lr=2e-05
08/04 12:57:14 - mmengine - INFO - paramwise_options -- img_backbone.layer3.0.conv2.conv_offset.bias:weight_decay=0.01
08/04 12:57:14 - mmengine - INFO - paramwise_options -- img_backbone.layer3.0.conv2.conv_offset.bias:lr_mult=0.1
08/04 12:57:14 - mmengine - WARNING - img_backbone.layer3.0.bn2.weight is skipped since its requires_grad=False
08/04 12:57:14 - mmengine - WARNING - img_backbone.layer3.0.bn2.bias is skipped since its requires_grad=False
08/04 12:57:14 - mmengine - INFO - paramwise_options -- img_backbone.layer3.0.conv3.weight:lr=2e-05
08/04 12:57:14 - mmengine - INFO - paramwise_options -- img_backbone.layer3.0.conv3.weight:weight_decay=0.01
08/04 12:57:14 - mmengine - INFO - paramwise_options -- img_backbone.layer3.0.conv3.weight:lr_mult=0.1
08/04 12:57:14 - mmengine - WARNING - img_backbone.layer3.0.bn3.weight is skipped since its requires_grad=False
08/04 12:57:14 - mmengine - WARNING - img_backbone.layer3.0.bn3.bias is skipped since its requires_grad=False
08/04 12:57:14 - mmengine - INFO - paramwise_options -- img_backbone.layer3.0.downsample.0.weight:lr=2e-05
08/04 12:57:14 - mmengine - INFO - paramwise_options -- img_backbone.layer3.0.downsample.0.weight:weight_decay=0.01
08/04 12:57:14 - mmengine - INFO - paramwise_options -- img_backbone.layer3.0.downsample.0.weight:lr_mult=0.1
08/04 12:57:14 - mmengine - WARNING - img_backbone.layer3.0.downsample.1.weight is skipped since its requires_grad=False
08/04 12:57:14 - mmengine - WARNING - img_backbone.layer3.0.downsample.1.bias is skipped since its requires_grad=False
08/04 12:57:14 - mmengine - INFO - paramwise_options -- img_backbone.layer3.1.conv1.weight:lr=2e-05
08/04 12:57:14 - mmengine - INFO - paramwise_options -- img_backbone.layer3.1.conv1.weight:weight_decay=0.01
08/04 12:57:14 - mmengine - INFO - paramwise_options -- img_backbone.layer3.1.conv1.weight:lr_mult=0.1
08/04 12:57:14 - mmengine - WARNING - img_backbone.layer3.1.bn1.weight is skipped since its requires_grad=False
08/04 12:57:14 - mmengine - WARNING - img_backbone.layer3.1.bn1.bias is skipped since its requires_grad=False
08/04 12:57:14 - mmengine - INFO - paramwise_options -- img_backbone.layer3.1.conv2.weight:lr=2e-05
08/04 12:57:14 - mmengine - INFO - paramwise_options -- img_backbone.layer3.1.conv2.weight:weight_decay=0.01
08/04 12:57:14 - mmengine - INFO - paramwise_options -- img_backbone.layer3.1.conv2.weight:lr_mult=0.1
08/04 12:57:14 - mmengine - INFO - paramwise_options -- img_backbone.layer3.1.conv2.conv_offset.weight:lr=2e-05
08/04 12:57:14 - mmengine - INFO - paramwise_options -- img_backbone.layer3.1.conv2.conv_offset.weight:weight_decay=0.01
08/04 12:57:14 - mmengine - INFO - paramwise_options -- img_backbone.layer3.1.conv2.conv_offset.weight:lr_mult=0.1
08/04 12:57:14 - mmengine - INFO - paramwise_options -- img_backbone.layer3.1.conv2.conv_offset.bias:lr=2e-05
08/04 12:57:14 - mmengine - INFO - paramwise_options -- img_backbone.layer3.1.conv2.conv_offset.bias:weight_decay=0.01
08/04 12:57:14 - mmengine - INFO - paramwise_options -- img_backbone.layer3.1.conv2.conv_offset.bias:lr_mult=0.1
08/04 12:57:14 - mmengine - WARNING - img_backbone.layer3.1.bn2.weight is skipped since its requires_grad=False
08/04 12:57:14 - mmengine - WARNING - img_backbone.layer3.1.bn2.bias is skipped since its requires_grad=False
08/04 12:57:14 - mmengine - INFO - paramwise_options -- img_backbone.layer3.1.conv3.weight:lr=2e-05
08/04 12:57:14 - mmengine - INFO - paramwise_options -- img_backbone.layer3.1.conv3.weight:weight_decay=0.01
08/04 12:57:14 - mmengine - INFO - paramwise_options -- img_backbone.layer3.1.conv3.weight:lr_mult=0.1
08/04 12:57:14 - mmengine - WARNING - img_backbone.layer3.1.bn3.weight is skipped since its requires_grad=False
08/04 12:57:14 - mmengine - WARNING - img_backbone.layer3.1.bn3.bias is skipped since its requires_grad=False
08/04 12:57:14 - mmengine - INFO - paramwise_options -- img_backbone.layer3.2.conv1.weight:lr=2e-05
08/04 12:57:14 - mmengine - INFO - paramwise_options -- img_backbone.layer3.2.conv1.weight:weight_decay=0.01
08/04 12:57:14 - mmengine - INFO - paramwise_options -- img_backbone.layer3.2.conv1.weight:lr_mult=0.1
08/04 12:57:14 - mmengine - WARNING - img_backbone.layer3.2.bn1.weight is skipped since its requires_grad=False
08/04 12:57:14 - mmengine - WARNING - img_backbone.layer3.2.bn1.bias is skipped since its requires_grad=False
08/04 12:57:14 - mmengine - INFO - paramwise_options -- img_backbone.layer3.2.conv2.weight:lr=2e-05
08/04 12:57:14 - mmengine - INFO - paramwise_options -- img_backbone.layer3.2.conv2.weight:weight_decay=0.01
08/04 12:57:14 - mmengine - INFO - paramwise_options -- img_backbone.layer3.2.conv2.weight:lr_mult=0.1
08/04 12:57:14 - mmengine - INFO - paramwise_options -- img_backbone.layer3.2.conv2.conv_offset.weight:lr=2e-05
08/04 12:57:14 - mmengine - INFO - paramwise_options -- img_backbone.layer3.2.conv2.conv_offset.weight:weight_decay=0.01
08/04 12:57:14 - mmengine - INFO - paramwise_options -- img_backbone.layer3.2.conv2.conv_offset.weight:lr_mult=0.1
08/04 12:57:14 - mmengine - INFO - paramwise_options -- img_backbone.layer3.2.conv2.conv_offset.bias:lr=2e-05
08/04 12:57:14 - mmengine - INFO - paramwise_options -- img_backbone.layer3.2.conv2.conv_offset.bias:weight_decay=0.01
08/04 12:57:14 - mmengine - INFO - paramwise_options -- img_backbone.layer3.2.conv2.conv_offset.bias:lr_mult=0.1
08/04 12:57:14 - mmengine - WARNING - img_backbone.layer3.2.bn2.weight is skipped since its requires_grad=False
08/04 12:57:14 - mmengine - WARNING - img_backbone.layer3.2.bn2.bias is skipped since its requires_grad=False
08/04 12:57:14 - mmengine - INFO - paramwise_options -- img_backbone.layer3.2.conv3.weight:lr=2e-05
08/04 12:57:14 - mmengine - INFO - paramwise_options -- img_backbone.layer3.2.conv3.weight:weight_decay=0.01
08/04 12:57:14 - mmengine - INFO - paramwise_options -- img_backbone.layer3.2.conv3.weight:lr_mult=0.1
08/04 12:57:14 - mmengine - WARNING - img_backbone.layer3.2.bn3.weight is skipped since its requires_grad=False
08/04 12:57:14 - mmengine - WARNING - img_backbone.layer3.2.bn3.bias is skipped since its requires_grad=False
08/04 12:57:14 - mmengine - INFO - paramwise_options -- img_backbone.layer3.3.conv1.weight:lr=2e-05
08/04 12:57:14 - mmengine - INFO - paramwise_options -- img_backbone.layer3.3.conv1.weight:weight_decay=0.01
08/04 12:57:14 - mmengine - INFO - paramwise_options -- img_backbone.layer3.3.conv1.weight:lr_mult=0.1
08/04 12:57:14 - mmengine - WARNING - img_backbone.layer3.3.bn1.weight is skipped since its requires_grad=False
08/04 12:57:14 - mmengine - WARNING - img_backbone.layer3.3.bn1.bias is skipped since its requires_grad=False
08/04 12:57:14 - mmengine - INFO - paramwise_options -- img_backbone.layer3.3.conv2.weight:lr=2e-05
08/04 12:57:14 - mmengine - INFO - paramwise_options -- img_backbone.layer3.3.conv2.weight:weight_decay=0.01
08/04 12:57:14 - mmengine - INFO - paramwise_options -- img_backbone.layer3.3.conv2.weight:lr_mult=0.1
08/04 12:57:14 - mmengine - INFO - paramwise_options -- img_backbone.layer3.3.conv2.conv_offset.weight:lr=2e-05
08/04 12:57:14 - mmengine - INFO - paramwise_options -- img_backbone.layer3.3.conv2.conv_offset.weight:weight_decay=0.01
08/04 12:57:14 - mmengine - INFO - paramwise_options -- img_backbone.layer3.3.conv2.conv_offset.weight:lr_mult=0.1
08/04 12:57:14 - mmengine - INFO - paramwise_options -- img_backbone.layer3.3.conv2.conv_offset.bias:lr=2e-05
08/04 12:57:14 - mmengine - INFO - paramwise_options -- img_backbone.layer3.3.conv2.conv_offset.bias:weight_decay=0.01
08/04 12:57:14 - mmengine - INFO - paramwise_options -- img_backbone.layer3.3.conv2.conv_offset.bias:lr_mult=0.1
08/04 12:57:14 - mmengine - WARNING - img_backbone.layer3.3.bn2.weight is skipped since its requires_grad=False
08/04 12:57:14 - mmengine - WARNING - img_backbone.layer3.3.bn2.bias is skipped since its requires_grad=False
08/04 12:57:14 - mmengine - INFO - paramwise_options -- img_backbone.layer3.3.conv3.weight:lr=2e-05
08/04 12:57:14 - mmengine - INFO - paramwise_options -- img_backbone.layer3.3.conv3.weight:weight_decay=0.01
08/04 12:57:14 - mmengine - INFO - paramwise_options -- img_backbone.layer3.3.conv3.weight:lr_mult=0.1
08/04 12:57:14 - mmengine - WARNING - img_backbone.layer3.3.bn3.weight is skipped since its requires_grad=False
08/04 12:57:14 - mmengine - WARNING - img_backbone.layer3.3.bn3.bias is skipped since its requires_grad=False
08/04 12:57:14 - mmengine - INFO - paramwise_options -- img_backbone.layer3.4.conv1.weight:lr=2e-05
08/04 12:57:14 - mmengine - INFO - paramwise_options -- img_backbone.layer3.4.conv1.weight:weight_decay=0.01
08/04 12:57:14 - mmengine - INFO - paramwise_options -- img_backbone.layer3.4.conv1.weight:lr_mult=0.1
08/04 12:57:14 - mmengine - WARNING - img_backbone.layer3.4.bn1.weight is skipped since its requires_grad=False
08/04 12:57:14 - mmengine - WARNING - img_backbone.layer3.4.bn1.bias is skipped since its requires_grad=False
08/04 12:57:14 - mmengine - INFO - paramwise_options -- img_backbone.layer3.4.conv2.weight:lr=2e-05
08/04 12:57:14 - mmengine - INFO - paramwise_options -- img_backbone.layer3.4.conv2.weight:weight_decay=0.01
08/04 12:57:14 - mmengine - INFO - paramwise_options -- img_backbone.layer3.4.conv2.weight:lr_mult=0.1
08/04 12:57:14 - mmengine - INFO - paramwise_options -- img_backbone.layer3.4.conv2.conv_offset.weight:lr=2e-05
08/04 12:57:14 - mmengine - INFO - paramwise_options -- img_backbone.layer3.4.conv2.conv_offset.weight:weight_decay=0.01
08/04 12:57:14 - mmengine - INFO - paramwise_options -- img_backbone.layer3.4.conv2.conv_offset.weight:lr_mult=0.1
08/04 12:57:14 - mmengine - INFO - paramwise_options -- img_backbone.layer3.4.conv2.conv_offset.bias:lr=2e-05
08/04 12:57:14 - mmengine - INFO - paramwise_options -- img_backbone.layer3.4.conv2.conv_offset.bias:weight_decay=0.01
08/04 12:57:14 - mmengine - INFO - paramwise_options -- img_backbone.layer3.4.conv2.conv_offset.bias:lr_mult=0.1
08/04 12:57:14 - mmengine - WARNING - img_backbone.layer3.4.bn2.weight is skipped since its requires_grad=False
08/04 12:57:14 - mmengine - WARNING - img_backbone.layer3.4.bn2.bias is skipped since its requires_grad=False
08/04 12:57:14 - mmengine - INFO - paramwise_options -- img_backbone.layer3.4.conv3.weight:lr=2e-05
08/04 12:57:14 - mmengine - INFO - paramwise_options -- img_backbone.layer3.4.conv3.weight:weight_decay=0.01
08/04 12:57:14 - mmengine - INFO - paramwise_options -- img_backbone.layer3.4.conv3.weight:lr_mult=0.1
08/04 12:57:14 - mmengine - WARNING - img_backbone.layer3.4.bn3.weight is skipped since its requires_grad=False
08/04 12:57:14 - mmengine - WARNING - img_backbone.layer3.4.bn3.bias is skipped since its requires_grad=False
08/04 12:57:14 - mmengine - INFO - paramwise_options -- img_backbone.layer3.5.conv1.weight:lr=2e-05
08/04 12:57:14 - mmengine - INFO - paramwise_options -- img_backbone.layer3.5.conv1.weight:weight_decay=0.01
08/04 12:57:14 - mmengine - INFO - paramwise_options -- img_backbone.layer3.5.conv1.weight:lr_mult=0.1
08/04 12:57:14 - mmengine - WARNING - img_backbone.layer3.5.bn1.weight is skipped since its requires_grad=False
08/04 12:57:14 - mmengine - WARNING - img_backbone.layer3.5.bn1.bias is skipped since its requires_grad=False
08/04 12:57:14 - mmengine - INFO - paramwise_options -- img_backbone.layer3.5.conv2.weight:lr=2e-05
08/04 12:57:14 - mmengine - INFO - paramwise_options -- img_backbone.layer3.5.conv2.weight:weight_decay=0.01
08/04 12:57:14 - mmengine - INFO - paramwise_options -- img_backbone.layer3.5.conv2.weight:lr_mult=0.1
08/04 12:57:14 - mmengine - INFO - paramwise_options -- img_backbone.layer3.5.conv2.conv_offset.weight:lr=2e-05
08/04 12:57:14 - mmengine - INFO - paramwise_options -- img_backbone.layer3.5.conv2.conv_offset.weight:weight_decay=0.01
08/04 12:57:14 - mmengine - INFO - paramwise_options -- img_backbone.layer3.5.conv2.conv_offset.weight:lr_mult=0.1
08/04 12:57:14 - mmengine - INFO - paramwise_options -- img_backbone.layer3.5.conv2.conv_offset.bias:lr=2e-05
08/04 12:57:14 - mmengine - INFO - paramwise_options -- img_backbone.layer3.5.conv2.conv_offset.bias:weight_decay=0.01
08/04 12:57:14 - mmengine - INFO - paramwise_options -- img_backbone.layer3.5.conv2.conv_offset.bias:lr_mult=0.1
08/04 12:57:14 - mmengine - WARNING - img_backbone.layer3.5.bn2.weight is skipped since its requires_grad=False
08/04 12:57:14 - mmengine - WARNING - img_backbone.layer3.5.bn2.bias is skipped since its requires_grad=False
08/04 12:57:14 - mmengine - INFO - paramwise_options -- img_backbone.layer3.5.conv3.weight:lr=2e-05
08/04 12:57:14 - mmengine - INFO - paramwise_options -- img_backbone.layer3.5.conv3.weight:weight_decay=0.01
08/04 12:57:14 - mmengine - INFO - paramwise_options -- img_backbone.layer3.5.conv3.weight:lr_mult=0.1
08/04 12:57:14 - mmengine - WARNING - img_backbone.layer3.5.bn3.weight is skipped since its requires_grad=False
08/04 12:57:14 - mmengine - WARNING - img_backbone.layer3.5.bn3.bias is skipped since its requires_grad=False
08/04 12:57:14 - mmengine - INFO - paramwise_options -- img_backbone.layer3.6.conv1.weight:lr=2e-05
08/04 12:57:14 - mmengine - INFO - paramwise_options -- img_backbone.layer3.6.conv1.weight:weight_decay=0.01
08/04 12:57:14 - mmengine - INFO - paramwise_options -- img_backbone.layer3.6.conv1.weight:lr_mult=0.1
08/04 12:57:14 - mmengine - WARNING - img_backbone.layer3.6.bn1.weight is skipped since its requires_grad=False
08/04 12:57:14 - mmengine - WARNING - img_backbone.layer3.6.bn1.bias is skipped since its requires_grad=False
08/04 12:57:14 - mmengine - INFO - paramwise_options -- img_backbone.layer3.6.conv2.weight:lr=2e-05
08/04 12:57:14 - mmengine - INFO - paramwise_options -- img_backbone.layer3.6.conv2.weight:weight_decay=0.01
08/04 12:57:14 - mmengine - INFO - paramwise_options -- img_backbone.layer3.6.conv2.weight:lr_mult=0.1
08/04 12:57:14 - mmengine - INFO - paramwise_options -- img_backbone.layer3.6.conv2.conv_offset.weight:lr=2e-05
08/04 12:57:14 - mmengine - INFO - paramwise_options -- img_backbone.layer3.6.conv2.conv_offset.weight:weight_decay=0.01
08/04 12:57:14 - mmengine - INFO - paramwise_options -- img_backbone.layer3.6.conv2.conv_offset.weight:lr_mult=0.1
08/04 12:57:14 - mmengine - INFO - paramwise_options -- img_backbone.layer3.6.conv2.conv_offset.bias:lr=2e-05
08/04 12:57:14 - mmengine - INFO - paramwise_options -- img_backbone.layer3.6.conv2.conv_offset.bias:weight_decay=0.01
08/04 12:57:14 - mmengine - INFO - paramwise_options -- img_backbone.layer3.6.conv2.conv_offset.bias:lr_mult=0.1
08/04 12:57:14 - mmengine - WARNING - img_backbone.layer3.6.bn2.weight is skipped since its requires_grad=False
08/04 12:57:14 - mmengine - WARNING - img_backbone.layer3.6.bn2.bias is skipped since its requires_grad=False
08/04 12:57:14 - mmengine - INFO - paramwise_options -- img_backbone.layer3.6.conv3.weight:lr=2e-05
08/04 12:57:14 - mmengine - INFO - paramwise_options -- img_backbone.layer3.6.conv3.weight:weight_decay=0.01
08/04 12:57:14 - mmengine - INFO - paramwise_options -- img_backbone.layer3.6.conv3.weight:lr_mult=0.1
08/04 12:57:14 - mmengine - WARNING - img_backbone.layer3.6.bn3.weight is skipped since its requires_grad=False
08/04 12:57:14 - mmengine - WARNING - img_backbone.layer3.6.bn3.bias is skipped since its requires_grad=False
08/04 12:57:14 - mmengine - INFO - paramwise_options -- img_backbone.layer3.7.conv1.weight:lr=2e-05
08/04 12:57:14 - mmengine - INFO - paramwise_options -- img_backbone.layer3.7.conv1.weight:weight_decay=0.01
08/04 12:57:14 - mmengine - INFO - paramwise_options -- img_backbone.layer3.7.conv1.weight:lr_mult=0.1
08/04 12:57:14 - mmengine - WARNING - img_backbone.layer3.7.bn1.weight is skipped since its requires_grad=False
08/04 12:57:14 - mmengine - WARNING - img_backbone.layer3.7.bn1.bias is skipped since its requires_grad=False
08/04 12:57:14 - mmengine - INFO - paramwise_options -- img_backbone.layer3.7.conv2.weight:lr=2e-05
08/04 12:57:14 - mmengine - INFO - paramwise_options -- img_backbone.layer3.7.conv2.weight:weight_decay=0.01
08/04 12:57:14 - mmengine - INFO - paramwise_options -- img_backbone.layer3.7.conv2.weight:lr_mult=0.1
08/04 12:57:14 - mmengine - INFO - paramwise_options -- img_backbone.layer3.7.conv2.conv_offset.weight:lr=2e-05
08/04 12:57:14 - mmengine - INFO - paramwise_options -- img_backbone.layer3.7.conv2.conv_offset.weight:weight_decay=0.01
08/04 12:57:14 - mmengine - INFO - paramwise_options -- img_backbone.layer3.7.conv2.conv_offset.weight:lr_mult=0.1
08/04 12:57:14 - mmengine - INFO - paramwise_options -- img_backbone.layer3.7.conv2.conv_offset.bias:lr=2e-05
08/04 12:57:14 - mmengine - INFO - paramwise_options -- img_backbone.layer3.7.conv2.conv_offset.bias:weight_decay=0.01
08/04 12:57:14 - mmengine - INFO - paramwise_options -- img_backbone.layer3.7.conv2.conv_offset.bias:lr_mult=0.1
08/04 12:57:14 - mmengine - WARNING - img_backbone.layer3.7.bn2.weight is skipped since its requires_grad=False
08/04 12:57:14 - mmengine - WARNING - img_backbone.layer3.7.bn2.bias is skipped since its requires_grad=False
08/04 12:57:14 - mmengine - INFO - paramwise_options -- img_backbone.layer3.7.conv3.weight:lr=2e-05
08/04 12:57:14 - mmengine - INFO - paramwise_options -- img_backbone.layer3.7.conv3.weight:weight_decay=0.01
08/04 12:57:14 - mmengine - INFO - paramwise_options -- img_backbone.layer3.7.conv3.weight:lr_mult=0.1
08/04 12:57:14 - mmengine - WARNING - img_backbone.layer3.7.bn3.weight is skipped since its requires_grad=False
08/04 12:57:14 - mmengine - WARNING - img_backbone.layer3.7.bn3.bias is skipped since its requires_grad=False
08/04 12:57:14 - mmengine - INFO - paramwise_options -- img_backbone.layer3.8.conv1.weight:lr=2e-05
08/04 12:57:14 - mmengine - INFO - paramwise_options -- img_backbone.layer3.8.conv1.weight:weight_decay=0.01
08/04 12:57:14 - mmengine - INFO - paramwise_options -- img_backbone.layer3.8.conv1.weight:lr_mult=0.1
08/04 12:57:14 - mmengine - WARNING - img_backbone.layer3.8.bn1.weight is skipped since its requires_grad=False
08/04 12:57:14 - mmengine - WARNING - img_backbone.layer3.8.bn1.bias is skipped since its requires_grad=False
08/04 12:57:14 - mmengine - INFO - paramwise_options -- img_backbone.layer3.8.conv2.weight:lr=2e-05
08/04 12:57:14 - mmengine - INFO - paramwise_options -- img_backbone.layer3.8.conv2.weight:weight_decay=0.01
08/04 12:57:14 - mmengine - INFO - paramwise_options -- img_backbone.layer3.8.conv2.weight:lr_mult=0.1
08/04 12:57:14 - mmengine - INFO - paramwise_options -- img_backbone.layer3.8.conv2.conv_offset.weight:lr=2e-05
08/04 12:57:14 - mmengine - INFO - paramwise_options -- img_backbone.layer3.8.conv2.conv_offset.weight:weight_decay=0.01
08/04 12:57:14 - mmengine - INFO - paramwise_options -- img_backbone.layer3.8.conv2.conv_offset.weight:lr_mult=0.1
08/04 12:57:14 - mmengine - INFO - paramwise_options -- img_backbone.layer3.8.conv2.conv_offset.bias:lr=2e-05
08/04 12:57:14 - mmengine - INFO - paramwise_options -- img_backbone.layer3.8.conv2.conv_offset.bias:weight_decay=0.01
08/04 12:57:14 - mmengine - INFO - paramwise_options -- img_backbone.layer3.8.conv2.conv_offset.bias:lr_mult=0.1
08/04 12:57:14 - mmengine - WARNING - img_backbone.layer3.8.bn2.weight is skipped since its requires_grad=False
08/04 12:57:14 - mmengine - WARNING - img_backbone.layer3.8.bn2.bias is skipped since its requires_grad=False
08/04 12:57:14 - mmengine - INFO - paramwise_options -- img_backbone.layer3.8.conv3.weight:lr=2e-05
08/04 12:57:14 - mmengine - INFO - paramwise_options -- img_backbone.layer3.8.conv3.weight:weight_decay=0.01
08/04 12:57:14 - mmengine - INFO - paramwise_options -- img_backbone.layer3.8.conv3.weight:lr_mult=0.1
08/04 12:57:14 - mmengine - WARNING - img_backbone.layer3.8.bn3.weight is skipped since its requires_grad=False
08/04 12:57:14 - mmengine - WARNING - img_backbone.layer3.8.bn3.bias is skipped since its requires_grad=False
08/04 12:57:14 - mmengine - INFO - paramwise_options -- img_backbone.layer3.9.conv1.weight:lr=2e-05
08/04 12:57:14 - mmengine - INFO - paramwise_options -- img_backbone.layer3.9.conv1.weight:weight_decay=0.01
08/04 12:57:14 - mmengine - INFO - paramwise_options -- img_backbone.layer3.9.conv1.weight:lr_mult=0.1
08/04 12:57:14 - mmengine - WARNING - img_backbone.layer3.9.bn1.weight is skipped since its requires_grad=False
08/04 12:57:14 - mmengine - WARNING - img_backbone.layer3.9.bn1.bias is skipped since its requires_grad=False
08/04 12:57:14 - mmengine - INFO - paramwise_options -- img_backbone.layer3.9.conv2.weight:lr=2e-05
08/04 12:57:14 - mmengine - INFO - paramwise_options -- img_backbone.layer3.9.conv2.weight:weight_decay=0.01
08/04 12:57:14 - mmengine - INFO - paramwise_options -- img_backbone.layer3.9.conv2.weight:lr_mult=0.1
08/04 12:57:14 - mmengine - INFO - paramwise_options -- img_backbone.layer3.9.conv2.conv_offset.weight:lr=2e-05
08/04 12:57:14 - mmengine - INFO - paramwise_options -- img_backbone.layer3.9.conv2.conv_offset.weight:weight_decay=0.01
08/04 12:57:14 - mmengine - INFO - paramwise_options -- img_backbone.layer3.9.conv2.conv_offset.weight:lr_mult=0.1
08/04 12:57:14 - mmengine - INFO - paramwise_options -- img_backbone.layer3.9.conv2.conv_offset.bias:lr=2e-05
08/04 12:57:14 - mmengine - INFO - paramwise_options -- img_backbone.layer3.9.conv2.conv_offset.bias:weight_decay=0.01
08/04 12:57:14 - mmengine - INFO - paramwise_options -- img_backbone.layer3.9.conv2.conv_offset.bias:lr_mult=0.1
08/04 12:57:14 - mmengine - WARNING - img_backbone.layer3.9.bn2.weight is skipped since its requires_grad=False
08/04 12:57:14 - mmengine - WARNING - img_backbone.layer3.9.bn2.bias is skipped since its requires_grad=False
08/04 12:57:14 - mmengine - INFO - paramwise_options -- img_backbone.layer3.9.conv3.weight:lr=2e-05
08/04 12:57:14 - mmengine - INFO - paramwise_options -- img_backbone.layer3.9.conv3.weight:weight_decay=0.01
08/04 12:57:14 - mmengine - INFO - paramwise_options -- img_backbone.layer3.9.conv3.weight:lr_mult=0.1
08/04 12:57:14 - mmengine - WARNING - img_backbone.layer3.9.bn3.weight is skipped since its requires_grad=False
08/04 12:57:14 - mmengine - WARNING - img_backbone.layer3.9.bn3.bias is skipped since its requires_grad=False
08/04 12:57:14 - mmengine - INFO - paramwise_options -- img_backbone.layer3.10.conv1.weight:lr=2e-05
08/04 12:57:14 - mmengine - INFO - paramwise_options -- img_backbone.layer3.10.conv1.weight:weight_decay=0.01
08/04 12:57:14 - mmengine - INFO - paramwise_options -- img_backbone.layer3.10.conv1.weight:lr_mult=0.1
08/04 12:57:14 - mmengine - WARNING - img_backbone.layer3.10.bn1.weight is skipped since its requires_grad=False
08/04 12:57:14 - mmengine - WARNING - img_backbone.layer3.10.bn1.bias is skipped since its requires_grad=False
08/04 12:57:14 - mmengine - INFO - paramwise_options -- img_backbone.layer3.10.conv2.weight:lr=2e-05
08/04 12:57:14 - mmengine - INFO - paramwise_options -- img_backbone.layer3.10.conv2.weight:weight_decay=0.01
08/04 12:57:14 - mmengine - INFO - paramwise_options -- img_backbone.layer3.10.conv2.weight:lr_mult=0.1
08/04 12:57:14 - mmengine - INFO - paramwise_options -- img_backbone.layer3.10.conv2.conv_offset.weight:lr=2e-05
08/04 12:57:14 - mmengine - INFO - paramwise_options -- img_backbone.layer3.10.conv2.conv_offset.weight:weight_decay=0.01
08/04 12:57:14 - mmengine - INFO - paramwise_options -- img_backbone.layer3.10.conv2.conv_offset.weight:lr_mult=0.1
08/04 12:57:14 - mmengine - INFO - paramwise_options -- img_backbone.layer3.10.conv2.conv_offset.bias:lr=2e-05
08/04 12:57:14 - mmengine - INFO - paramwise_options -- img_backbone.layer3.10.conv2.conv_offset.bias:weight_decay=0.01
08/04 12:57:14 - mmengine - INFO - paramwise_options -- img_backbone.layer3.10.conv2.conv_offset.bias:lr_mult=0.1
08/04 12:57:14 - mmengine - WARNING - img_backbone.layer3.10.bn2.weight is skipped since its requires_grad=False
08/04 12:57:14 - mmengine - WARNING - img_backbone.layer3.10.bn2.bias is skipped since its requires_grad=False
08/04 12:57:14 - mmengine - INFO - paramwise_options -- img_backbone.layer3.10.conv3.weight:lr=2e-05
08/04 12:57:14 - mmengine - INFO - paramwise_options -- img_backbone.layer3.10.conv3.weight:weight_decay=0.01
08/04 12:57:14 - mmengine - INFO - paramwise_options -- img_backbone.layer3.10.conv3.weight:lr_mult=0.1
08/04 12:57:14 - mmengine - WARNING - img_backbone.layer3.10.bn3.weight is skipped since its requires_grad=False
08/04 12:57:14 - mmengine - WARNING - img_backbone.layer3.10.bn3.bias is skipped since its requires_grad=False
08/04 12:57:14 - mmengine - INFO - paramwise_options -- img_backbone.layer3.11.conv1.weight:lr=2e-05
08/04 12:57:14 - mmengine - INFO - paramwise_options -- img_backbone.layer3.11.conv1.weight:weight_decay=0.01
08/04 12:57:14 - mmengine - INFO - paramwise_options -- img_backbone.layer3.11.conv1.weight:lr_mult=0.1
08/04 12:57:14 - mmengine - WARNING - img_backbone.layer3.11.bn1.weight is skipped since its requires_grad=False
08/04 12:57:14 - mmengine - WARNING - img_backbone.layer3.11.bn1.bias is skipped since its requires_grad=False
08/04 12:57:14 - mmengine - INFO - paramwise_options -- img_backbone.layer3.11.conv2.weight:lr=2e-05
08/04 12:57:14 - mmengine - INFO - paramwise_options -- img_backbone.layer3.11.conv2.weight:weight_decay=0.01
08/04 12:57:14 - mmengine - INFO - paramwise_options -- img_backbone.layer3.11.conv2.weight:lr_mult=0.1
08/04 12:57:14 - mmengine - INFO - paramwise_options -- img_backbone.layer3.11.conv2.conv_offset.weight:lr=2e-05
08/04 12:57:14 - mmengine - INFO - paramwise_options -- img_backbone.layer3.11.conv2.conv_offset.weight:weight_decay=0.01
08/04 12:57:14 - mmengine - INFO - paramwise_options -- img_backbone.layer3.11.conv2.conv_offset.weight:lr_mult=0.1
08/04 12:57:14 - mmengine - INFO - paramwise_options -- img_backbone.layer3.11.conv2.conv_offset.bias:lr=2e-05
08/04 12:57:14 - mmengine - INFO - paramwise_options -- img_backbone.layer3.11.conv2.conv_offset.bias:weight_decay=0.01
08/04 12:57:14 - mmengine - INFO - paramwise_options -- img_backbone.layer3.11.conv2.conv_offset.bias:lr_mult=0.1
08/04 12:57:14 - mmengine - WARNING - img_backbone.layer3.11.bn2.weight is skipped since its requires_grad=False
08/04 12:57:14 - mmengine - WARNING - img_backbone.layer3.11.bn2.bias is skipped since its requires_grad=False
08/04 12:57:14 - mmengine - INFO - paramwise_options -- img_backbone.layer3.11.conv3.weight:lr=2e-05
08/04 12:57:14 - mmengine - INFO - paramwise_options -- img_backbone.layer3.11.conv3.weight:weight_decay=0.01
08/04 12:57:14 - mmengine - INFO - paramwise_options -- img_backbone.layer3.11.conv3.weight:lr_mult=0.1
08/04 12:57:14 - mmengine - WARNING - img_backbone.layer3.11.bn3.weight is skipped since its requires_grad=False
08/04 12:57:14 - mmengine - WARNING - img_backbone.layer3.11.bn3.bias is skipped since its requires_grad=False
08/04 12:57:14 - mmengine - INFO - paramwise_options -- img_backbone.layer3.12.conv1.weight:lr=2e-05
08/04 12:57:14 - mmengine - INFO - paramwise_options -- img_backbone.layer3.12.conv1.weight:weight_decay=0.01
08/04 12:57:14 - mmengine - INFO - paramwise_options -- img_backbone.layer3.12.conv1.weight:lr_mult=0.1
08/04 12:57:14 - mmengine - WARNING - img_backbone.layer3.12.bn1.weight is skipped since its requires_grad=False
08/04 12:57:14 - mmengine - WARNING - img_backbone.layer3.12.bn1.bias is skipped since its requires_grad=False
08/04 12:57:14 - mmengine - INFO - paramwise_options -- img_backbone.layer3.12.conv2.weight:lr=2e-05
08/04 12:57:14 - mmengine - INFO - paramwise_options -- img_backbone.layer3.12.conv2.weight:weight_decay=0.01
08/04 12:57:14 - mmengine - INFO - paramwise_options -- img_backbone.layer3.12.conv2.weight:lr_mult=0.1
08/04 12:57:14 - mmengine - INFO - paramwise_options -- img_backbone.layer3.12.conv2.conv_offset.weight:lr=2e-05
08/04 12:57:14 - mmengine - INFO - paramwise_options -- img_backbone.layer3.12.conv2.conv_offset.weight:weight_decay=0.01
08/04 12:57:14 - mmengine - INFO - paramwise_options -- img_backbone.layer3.12.conv2.conv_offset.weight:lr_mult=0.1
08/04 12:57:14 - mmengine - INFO - paramwise_options -- img_backbone.layer3.12.conv2.conv_offset.bias:lr=2e-05
08/04 12:57:14 - mmengine - INFO - paramwise_options -- img_backbone.layer3.12.conv2.conv_offset.bias:weight_decay=0.01
08/04 12:57:14 - mmengine - INFO - paramwise_options -- img_backbone.layer3.12.conv2.conv_offset.bias:lr_mult=0.1
08/04 12:57:14 - mmengine - WARNING - img_backbone.layer3.12.bn2.weight is skipped since its requires_grad=False
08/04 12:57:14 - mmengine - WARNING - img_backbone.layer3.12.bn2.bias is skipped since its requires_grad=False
08/04 12:57:14 - mmengine - INFO - paramwise_options -- img_backbone.layer3.12.conv3.weight:lr=2e-05
08/04 12:57:14 - mmengine - INFO - paramwise_options -- img_backbone.layer3.12.conv3.weight:weight_decay=0.01
08/04 12:57:14 - mmengine - INFO - paramwise_options -- img_backbone.layer3.12.conv3.weight:lr_mult=0.1
08/04 12:57:14 - mmengine - WARNING - img_backbone.layer3.12.bn3.weight is skipped since its requires_grad=False
08/04 12:57:14 - mmengine - WARNING - img_backbone.layer3.12.bn3.bias is skipped since its requires_grad=False
08/04 12:57:14 - mmengine - INFO - paramwise_options -- img_backbone.layer3.13.conv1.weight:lr=2e-05
08/04 12:57:14 - mmengine - INFO - paramwise_options -- img_backbone.layer3.13.conv1.weight:weight_decay=0.01
08/04 12:57:14 - mmengine - INFO - paramwise_options -- img_backbone.layer3.13.conv1.weight:lr_mult=0.1
08/04 12:57:14 - mmengine - WARNING - img_backbone.layer3.13.bn1.weight is skipped since its requires_grad=False
08/04 12:57:14 - mmengine - WARNING - img_backbone.layer3.13.bn1.bias is skipped since its requires_grad=False
08/04 12:57:14 - mmengine - INFO - paramwise_options -- img_backbone.layer3.13.conv2.weight:lr=2e-05
08/04 12:57:14 - mmengine - INFO - paramwise_options -- img_backbone.layer3.13.conv2.weight:weight_decay=0.01
08/04 12:57:14 - mmengine - INFO - paramwise_options -- img_backbone.layer3.13.conv2.weight:lr_mult=0.1
08/04 12:57:14 - mmengine - INFO - paramwise_options -- img_backbone.layer3.13.conv2.conv_offset.weight:lr=2e-05
08/04 12:57:14 - mmengine - INFO - paramwise_options -- img_backbone.layer3.13.conv2.conv_offset.weight:weight_decay=0.01
08/04 12:57:14 - mmengine - INFO - paramwise_options -- img_backbone.layer3.13.conv2.conv_offset.weight:lr_mult=0.1
08/04 12:57:14 - mmengine - INFO - paramwise_options -- img_backbone.layer3.13.conv2.conv_offset.bias:lr=2e-05
08/04 12:57:14 - mmengine - INFO - paramwise_options -- img_backbone.layer3.13.conv2.conv_offset.bias:weight_decay=0.01
08/04 12:57:14 - mmengine - INFO - paramwise_options -- img_backbone.layer3.13.conv2.conv_offset.bias:lr_mult=0.1
08/04 12:57:14 - mmengine - WARNING - img_backbone.layer3.13.bn2.weight is skipped since its requires_grad=False
08/04 12:57:14 - mmengine - WARNING - img_backbone.layer3.13.bn2.bias is skipped since its requires_grad=False
08/04 12:57:14 - mmengine - INFO - paramwise_options -- img_backbone.layer3.13.conv3.weight:lr=2e-05
08/04 12:57:14 - mmengine - INFO - paramwise_options -- img_backbone.layer3.13.conv3.weight:weight_decay=0.01
08/04 12:57:14 - mmengine - INFO - paramwise_options -- img_backbone.layer3.13.conv3.weight:lr_mult=0.1
08/04 12:57:14 - mmengine - WARNING - img_backbone.layer3.13.bn3.weight is skipped since its requires_grad=False
08/04 12:57:14 - mmengine - WARNING - img_backbone.layer3.13.bn3.bias is skipped since its requires_grad=False
08/04 12:57:14 - mmengine - INFO - paramwise_options -- img_backbone.layer3.14.conv1.weight:lr=2e-05
08/04 12:57:14 - mmengine - INFO - paramwise_options -- img_backbone.layer3.14.conv1.weight:weight_decay=0.01
08/04 12:57:14 - mmengine - INFO - paramwise_options -- img_backbone.layer3.14.conv1.weight:lr_mult=0.1
08/04 12:57:14 - mmengine - WARNING - img_backbone.layer3.14.bn1.weight is skipped since its requires_grad=False
08/04 12:57:14 - mmengine - WARNING - img_backbone.layer3.14.bn1.bias is skipped since its requires_grad=False
08/04 12:57:14 - mmengine - INFO - paramwise_options -- img_backbone.layer3.14.conv2.weight:lr=2e-05
08/04 12:57:14 - mmengine - INFO - paramwise_options -- img_backbone.layer3.14.conv2.weight:weight_decay=0.01
08/04 12:57:14 - mmengine - INFO - paramwise_options -- img_backbone.layer3.14.conv2.weight:lr_mult=0.1
08/04 12:57:14 - mmengine - INFO - paramwise_options -- img_backbone.layer3.14.conv2.conv_offset.weight:lr=2e-05
08/04 12:57:14 - mmengine - INFO - paramwise_options -- img_backbone.layer3.14.conv2.conv_offset.weight:weight_decay=0.01
08/04 12:57:14 - mmengine - INFO - paramwise_options -- img_backbone.layer3.14.conv2.conv_offset.weight:lr_mult=0.1
08/04 12:57:14 - mmengine - INFO - paramwise_options -- img_backbone.layer3.14.conv2.conv_offset.bias:lr=2e-05
08/04 12:57:14 - mmengine - INFO - paramwise_options -- img_backbone.layer3.14.conv2.conv_offset.bias:weight_decay=0.01
08/04 12:57:14 - mmengine - INFO - paramwise_options -- img_backbone.layer3.14.conv2.conv_offset.bias:lr_mult=0.1
08/04 12:57:14 - mmengine - WARNING - img_backbone.layer3.14.bn2.weight is skipped since its requires_grad=False
08/04 12:57:14 - mmengine - WARNING - img_backbone.layer3.14.bn2.bias is skipped since its requires_grad=False
08/04 12:57:14 - mmengine - INFO - paramwise_options -- img_backbone.layer3.14.conv3.weight:lr=2e-05
08/04 12:57:14 - mmengine - INFO - paramwise_options -- img_backbone.layer3.14.conv3.weight:weight_decay=0.01
08/04 12:57:14 - mmengine - INFO - paramwise_options -- img_backbone.layer3.14.conv3.weight:lr_mult=0.1
08/04 12:57:14 - mmengine - WARNING - img_backbone.layer3.14.bn3.weight is skipped since its requires_grad=False
08/04 12:57:14 - mmengine - WARNING - img_backbone.layer3.14.bn3.bias is skipped since its requires_grad=False
08/04 12:57:14 - mmengine - INFO - paramwise_options -- img_backbone.layer3.15.conv1.weight:lr=2e-05
08/04 12:57:14 - mmengine - INFO - paramwise_options -- img_backbone.layer3.15.conv1.weight:weight_decay=0.01
08/04 12:57:14 - mmengine - INFO - paramwise_options -- img_backbone.layer3.15.conv1.weight:lr_mult=0.1
08/04 12:57:14 - mmengine - WARNING - img_backbone.layer3.15.bn1.weight is skipped since its requires_grad=False
08/04 12:57:14 - mmengine - WARNING - img_backbone.layer3.15.bn1.bias is skipped since its requires_grad=False
08/04 12:57:14 - mmengine - INFO - paramwise_options -- img_backbone.layer3.15.conv2.weight:lr=2e-05
08/04 12:57:14 - mmengine - INFO - paramwise_options -- img_backbone.layer3.15.conv2.weight:weight_decay=0.01
08/04 12:57:14 - mmengine - INFO - paramwise_options -- img_backbone.layer3.15.conv2.weight:lr_mult=0.1
08/04 12:57:14 - mmengine - INFO - paramwise_options -- img_backbone.layer3.15.conv2.conv_offset.weight:lr=2e-05
08/04 12:57:14 - mmengine - INFO - paramwise_options -- img_backbone.layer3.15.conv2.conv_offset.weight:weight_decay=0.01
08/04 12:57:14 - mmengine - INFO - paramwise_options -- img_backbone.layer3.15.conv2.conv_offset.weight:lr_mult=0.1
08/04 12:57:14 - mmengine - INFO - paramwise_options -- img_backbone.layer3.15.conv2.conv_offset.bias:lr=2e-05
08/04 12:57:14 - mmengine - INFO - paramwise_options -- img_backbone.layer3.15.conv2.conv_offset.bias:weight_decay=0.01
08/04 12:57:14 - mmengine - INFO - paramwise_options -- img_backbone.layer3.15.conv2.conv_offset.bias:lr_mult=0.1
08/04 12:57:14 - mmengine - WARNING - img_backbone.layer3.15.bn2.weight is skipped since its requires_grad=False
08/04 12:57:14 - mmengine - WARNING - img_backbone.layer3.15.bn2.bias is skipped since its requires_grad=False
08/04 12:57:14 - mmengine - INFO - paramwise_options -- img_backbone.layer3.15.conv3.weight:lr=2e-05
08/04 12:57:14 - mmengine - INFO - paramwise_options -- img_backbone.layer3.15.conv3.weight:weight_decay=0.01
08/04 12:57:14 - mmengine - INFO - paramwise_options -- img_backbone.layer3.15.conv3.weight:lr_mult=0.1
08/04 12:57:14 - mmengine - WARNING - img_backbone.layer3.15.bn3.weight is skipped since its requires_grad=False
08/04 12:57:14 - mmengine - WARNING - img_backbone.layer3.15.bn3.bias is skipped since its requires_grad=False
08/04 12:57:14 - mmengine - INFO - paramwise_options -- img_backbone.layer3.16.conv1.weight:lr=2e-05
08/04 12:57:14 - mmengine - INFO - paramwise_options -- img_backbone.layer3.16.conv1.weight:weight_decay=0.01
08/04 12:57:14 - mmengine - INFO - paramwise_options -- img_backbone.layer3.16.conv1.weight:lr_mult=0.1
08/04 12:57:14 - mmengine - WARNING - img_backbone.layer3.16.bn1.weight is skipped since its requires_grad=False
08/04 12:57:14 - mmengine - WARNING - img_backbone.layer3.16.bn1.bias is skipped since its requires_grad=False
08/04 12:57:14 - mmengine - INFO - paramwise_options -- img_backbone.layer3.16.conv2.weight:lr=2e-05
08/04 12:57:14 - mmengine - INFO - paramwise_options -- img_backbone.layer3.16.conv2.weight:weight_decay=0.01
08/04 12:57:14 - mmengine - INFO - paramwise_options -- img_backbone.layer3.16.conv2.weight:lr_mult=0.1
08/04 12:57:14 - mmengine - INFO - paramwise_options -- img_backbone.layer3.16.conv2.conv_offset.weight:lr=2e-05
08/04 12:57:14 - mmengine - INFO - paramwise_options -- img_backbone.layer3.16.conv2.conv_offset.weight:weight_decay=0.01
08/04 12:57:14 - mmengine - INFO - paramwise_options -- img_backbone.layer3.16.conv2.conv_offset.weight:lr_mult=0.1
08/04 12:57:14 - mmengine - INFO - paramwise_options -- img_backbone.layer3.16.conv2.conv_offset.bias:lr=2e-05
08/04 12:57:14 - mmengine - INFO - paramwise_options -- img_backbone.layer3.16.conv2.conv_offset.bias:weight_decay=0.01
08/04 12:57:14 - mmengine - INFO - paramwise_options -- img_backbone.layer3.16.conv2.conv_offset.bias:lr_mult=0.1
08/04 12:57:14 - mmengine - WARNING - img_backbone.layer3.16.bn2.weight is skipped since its requires_grad=False
08/04 12:57:14 - mmengine - WARNING - img_backbone.layer3.16.bn2.bias is skipped since its requires_grad=False
08/04 12:57:14 - mmengine - INFO - paramwise_options -- img_backbone.layer3.16.conv3.weight:lr=2e-05
08/04 12:57:14 - mmengine - INFO - paramwise_options -- img_backbone.layer3.16.conv3.weight:weight_decay=0.01
08/04 12:57:14 - mmengine - INFO - paramwise_options -- img_backbone.layer3.16.conv3.weight:lr_mult=0.1
08/04 12:57:14 - mmengine - WARNING - img_backbone.layer3.16.bn3.weight is skipped since its requires_grad=False
08/04 12:57:14 - mmengine - WARNING - img_backbone.layer3.16.bn3.bias is skipped since its requires_grad=False
08/04 12:57:14 - mmengine - INFO - paramwise_options -- img_backbone.layer3.17.conv1.weight:lr=2e-05
08/04 12:57:14 - mmengine - INFO - paramwise_options -- img_backbone.layer3.17.conv1.weight:weight_decay=0.01
08/04 12:57:14 - mmengine - INFO - paramwise_options -- img_backbone.layer3.17.conv1.weight:lr_mult=0.1
08/04 12:57:14 - mmengine - WARNING - img_backbone.layer3.17.bn1.weight is skipped since its requires_grad=False
08/04 12:57:14 - mmengine - WARNING - img_backbone.layer3.17.bn1.bias is skipped since its requires_grad=False
08/04 12:57:14 - mmengine - INFO - paramwise_options -- img_backbone.layer3.17.conv2.weight:lr=2e-05
08/04 12:57:14 - mmengine - INFO - paramwise_options -- img_backbone.layer3.17.conv2.weight:weight_decay=0.01
08/04 12:57:14 - mmengine - INFO - paramwise_options -- img_backbone.layer3.17.conv2.weight:lr_mult=0.1
08/04 12:57:14 - mmengine - INFO - paramwise_options -- img_backbone.layer3.17.conv2.conv_offset.weight:lr=2e-05
08/04 12:57:14 - mmengine - INFO - paramwise_options -- img_backbone.layer3.17.conv2.conv_offset.weight:weight_decay=0.01
08/04 12:57:14 - mmengine - INFO - paramwise_options -- img_backbone.layer3.17.conv2.conv_offset.weight:lr_mult=0.1
08/04 12:57:14 - mmengine - INFO - paramwise_options -- img_backbone.layer3.17.conv2.conv_offset.bias:lr=2e-05
08/04 12:57:14 - mmengine - INFO - paramwise_options -- img_backbone.layer3.17.conv2.conv_offset.bias:weight_decay=0.01
08/04 12:57:14 - mmengine - INFO - paramwise_options -- img_backbone.layer3.17.conv2.conv_offset.bias:lr_mult=0.1
08/04 12:57:14 - mmengine - WARNING - img_backbone.layer3.17.bn2.weight is skipped since its requires_grad=False
08/04 12:57:14 - mmengine - WARNING - img_backbone.layer3.17.bn2.bias is skipped since its requires_grad=False
08/04 12:57:14 - mmengine - INFO - paramwise_options -- img_backbone.layer3.17.conv3.weight:lr=2e-05
08/04 12:57:14 - mmengine - INFO - paramwise_options -- img_backbone.layer3.17.conv3.weight:weight_decay=0.01
08/04 12:57:14 - mmengine - INFO - paramwise_options -- img_backbone.layer3.17.conv3.weight:lr_mult=0.1
08/04 12:57:14 - mmengine - WARNING - img_backbone.layer3.17.bn3.weight is skipped since its requires_grad=False
08/04 12:57:14 - mmengine - WARNING - img_backbone.layer3.17.bn3.bias is skipped since its requires_grad=False
08/04 12:57:14 - mmengine - INFO - paramwise_options -- img_backbone.layer3.18.conv1.weight:lr=2e-05
08/04 12:57:14 - mmengine - INFO - paramwise_options -- img_backbone.layer3.18.conv1.weight:weight_decay=0.01
08/04 12:57:14 - mmengine - INFO - paramwise_options -- img_backbone.layer3.18.conv1.weight:lr_mult=0.1
08/04 12:57:14 - mmengine - WARNING - img_backbone.layer3.18.bn1.weight is skipped since its requires_grad=False
08/04 12:57:14 - mmengine - WARNING - img_backbone.layer3.18.bn1.bias is skipped since its requires_grad=False
08/04 12:57:14 - mmengine - INFO - paramwise_options -- img_backbone.layer3.18.conv2.weight:lr=2e-05
08/04 12:57:14 - mmengine - INFO - paramwise_options -- img_backbone.layer3.18.conv2.weight:weight_decay=0.01
08/04 12:57:14 - mmengine - INFO - paramwise_options -- img_backbone.layer3.18.conv2.weight:lr_mult=0.1
08/04 12:57:14 - mmengine - INFO - paramwise_options -- img_backbone.layer3.18.conv2.conv_offset.weight:lr=2e-05
08/04 12:57:14 - mmengine - INFO - paramwise_options -- img_backbone.layer3.18.conv2.conv_offset.weight:weight_decay=0.01
08/04 12:57:14 - mmengine - INFO - paramwise_options -- img_backbone.layer3.18.conv2.conv_offset.weight:lr_mult=0.1
08/04 12:57:14 - mmengine - INFO - paramwise_options -- img_backbone.layer3.18.conv2.conv_offset.bias:lr=2e-05
08/04 12:57:14 - mmengine - INFO - paramwise_options -- img_backbone.layer3.18.conv2.conv_offset.bias:weight_decay=0.01
08/04 12:57:14 - mmengine - INFO - paramwise_options -- img_backbone.layer3.18.conv2.conv_offset.bias:lr_mult=0.1
08/04 12:57:14 - mmengine - WARNING - img_backbone.layer3.18.bn2.weight is skipped since its requires_grad=False
08/04 12:57:14 - mmengine - WARNING - img_backbone.layer3.18.bn2.bias is skipped since its requires_grad=False
08/04 12:57:14 - mmengine - INFO - paramwise_options -- img_backbone.layer3.18.conv3.weight:lr=2e-05
08/04 12:57:14 - mmengine - INFO - paramwise_options -- img_backbone.layer3.18.conv3.weight:weight_decay=0.01
08/04 12:57:14 - mmengine - INFO - paramwise_options -- img_backbone.layer3.18.conv3.weight:lr_mult=0.1
08/04 12:57:14 - mmengine - WARNING - img_backbone.layer3.18.bn3.weight is skipped since its requires_grad=False
08/04 12:57:14 - mmengine - WARNING - img_backbone.layer3.18.bn3.bias is skipped since its requires_grad=False
08/04 12:57:14 - mmengine - INFO - paramwise_options -- img_backbone.layer3.19.conv1.weight:lr=2e-05
08/04 12:57:14 - mmengine - INFO - paramwise_options -- img_backbone.layer3.19.conv1.weight:weight_decay=0.01
08/04 12:57:14 - mmengine - INFO - paramwise_options -- img_backbone.layer3.19.conv1.weight:lr_mult=0.1
08/04 12:57:14 - mmengine - WARNING - img_backbone.layer3.19.bn1.weight is skipped since its requires_grad=False
08/04 12:57:14 - mmengine - WARNING - img_backbone.layer3.19.bn1.bias is skipped since its requires_grad=False
08/04 12:57:14 - mmengine - INFO - paramwise_options -- img_backbone.layer3.19.conv2.weight:lr=2e-05
08/04 12:57:14 - mmengine - INFO - paramwise_options -- img_backbone.layer3.19.conv2.weight:weight_decay=0.01
08/04 12:57:14 - mmengine - INFO - paramwise_options -- img_backbone.layer3.19.conv2.weight:lr_mult=0.1
08/04 12:57:14 - mmengine - INFO - paramwise_options -- img_backbone.layer3.19.conv2.conv_offset.weight:lr=2e-05
08/04 12:57:14 - mmengine - INFO - paramwise_options -- img_backbone.layer3.19.conv2.conv_offset.weight:weight_decay=0.01
08/04 12:57:14 - mmengine - INFO - paramwise_options -- img_backbone.layer3.19.conv2.conv_offset.weight:lr_mult=0.1
08/04 12:57:14 - mmengine - INFO - paramwise_options -- img_backbone.layer3.19.conv2.conv_offset.bias:lr=2e-05
08/04 12:57:14 - mmengine - INFO - paramwise_options -- img_backbone.layer3.19.conv2.conv_offset.bias:weight_decay=0.01
08/04 12:57:14 - mmengine - INFO - paramwise_options -- img_backbone.layer3.19.conv2.conv_offset.bias:lr_mult=0.1
08/04 12:57:14 - mmengine - WARNING - img_backbone.layer3.19.bn2.weight is skipped since its requires_grad=False
08/04 12:57:14 - mmengine - WARNING - img_backbone.layer3.19.bn2.bias is skipped since its requires_grad=False
08/04 12:57:14 - mmengine - INFO - paramwise_options -- img_backbone.layer3.19.conv3.weight:lr=2e-05
08/04 12:57:14 - mmengine - INFO - paramwise_options -- img_backbone.layer3.19.conv3.weight:weight_decay=0.01
08/04 12:57:14 - mmengine - INFO - paramwise_options -- img_backbone.layer3.19.conv3.weight:lr_mult=0.1
08/04 12:57:14 - mmengine - WARNING - img_backbone.layer3.19.bn3.weight is skipped since its requires_grad=False
08/04 12:57:14 - mmengine - WARNING - img_backbone.layer3.19.bn3.bias is skipped since its requires_grad=False
08/04 12:57:14 - mmengine - INFO - paramwise_options -- img_backbone.layer3.20.conv1.weight:lr=2e-05
08/04 12:57:14 - mmengine - INFO - paramwise_options -- img_backbone.layer3.20.conv1.weight:weight_decay=0.01
08/04 12:57:14 - mmengine - INFO - paramwise_options -- img_backbone.layer3.20.conv1.weight:lr_mult=0.1
08/04 12:57:14 - mmengine - WARNING - img_backbone.layer3.20.bn1.weight is skipped since its requires_grad=False
08/04 12:57:14 - mmengine - WARNING - img_backbone.layer3.20.bn1.bias is skipped since its requires_grad=False
08/04 12:57:14 - mmengine - INFO - paramwise_options -- img_backbone.layer3.20.conv2.weight:lr=2e-05
08/04 12:57:14 - mmengine - INFO - paramwise_options -- img_backbone.layer3.20.conv2.weight:weight_decay=0.01
08/04 12:57:14 - mmengine - INFO - paramwise_options -- img_backbone.layer3.20.conv2.weight:lr_mult=0.1
08/04 12:57:14 - mmengine - INFO - paramwise_options -- img_backbone.layer3.20.conv2.conv_offset.weight:lr=2e-05
08/04 12:57:14 - mmengine - INFO - paramwise_options -- img_backbone.layer3.20.conv2.conv_offset.weight:weight_decay=0.01
08/04 12:57:14 - mmengine - INFO - paramwise_options -- img_backbone.layer3.20.conv2.conv_offset.weight:lr_mult=0.1
08/04 12:57:14 - mmengine - INFO - paramwise_options -- img_backbone.layer3.20.conv2.conv_offset.bias:lr=2e-05
08/04 12:57:14 - mmengine - INFO - paramwise_options -- img_backbone.layer3.20.conv2.conv_offset.bias:weight_decay=0.01
08/04 12:57:14 - mmengine - INFO - paramwise_options -- img_backbone.layer3.20.conv2.conv_offset.bias:lr_mult=0.1
08/04 12:57:14 - mmengine - WARNING - img_backbone.layer3.20.bn2.weight is skipped since its requires_grad=False
08/04 12:57:14 - mmengine - WARNING - img_backbone.layer3.20.bn2.bias is skipped since its requires_grad=False
08/04 12:57:14 - mmengine - INFO - paramwise_options -- img_backbone.layer3.20.conv3.weight:lr=2e-05
08/04 12:57:14 - mmengine - INFO - paramwise_options -- img_backbone.layer3.20.conv3.weight:weight_decay=0.01
08/04 12:57:14 - mmengine - INFO - paramwise_options -- img_backbone.layer3.20.conv3.weight:lr_mult=0.1
08/04 12:57:14 - mmengine - WARNING - img_backbone.layer3.20.bn3.weight is skipped since its requires_grad=False
08/04 12:57:14 - mmengine - WARNING - img_backbone.layer3.20.bn3.bias is skipped since its requires_grad=False
08/04 12:57:14 - mmengine - INFO - paramwise_options -- img_backbone.layer3.21.conv1.weight:lr=2e-05
08/04 12:57:14 - mmengine - INFO - paramwise_options -- img_backbone.layer3.21.conv1.weight:weight_decay=0.01
08/04 12:57:14 - mmengine - INFO - paramwise_options -- img_backbone.layer3.21.conv1.weight:lr_mult=0.1
08/04 12:57:14 - mmengine - WARNING - img_backbone.layer3.21.bn1.weight is skipped since its requires_grad=False
08/04 12:57:14 - mmengine - WARNING - img_backbone.layer3.21.bn1.bias is skipped since its requires_grad=False
08/04 12:57:14 - mmengine - INFO - paramwise_options -- img_backbone.layer3.21.conv2.weight:lr=2e-05
08/04 12:57:14 - mmengine - INFO - paramwise_options -- img_backbone.layer3.21.conv2.weight:weight_decay=0.01
08/04 12:57:14 - mmengine - INFO - paramwise_options -- img_backbone.layer3.21.conv2.weight:lr_mult=0.1
08/04 12:57:14 - mmengine - INFO - paramwise_options -- img_backbone.layer3.21.conv2.conv_offset.weight:lr=2e-05
08/04 12:57:14 - mmengine - INFO - paramwise_options -- img_backbone.layer3.21.conv2.conv_offset.weight:weight_decay=0.01
08/04 12:57:14 - mmengine - INFO - paramwise_options -- img_backbone.layer3.21.conv2.conv_offset.weight:lr_mult=0.1
08/04 12:57:14 - mmengine - INFO - paramwise_options -- img_backbone.layer3.21.conv2.conv_offset.bias:lr=2e-05
08/04 12:57:14 - mmengine - INFO - paramwise_options -- img_backbone.layer3.21.conv2.conv_offset.bias:weight_decay=0.01
08/04 12:57:14 - mmengine - INFO - paramwise_options -- img_backbone.layer3.21.conv2.conv_offset.bias:lr_mult=0.1
08/04 12:57:14 - mmengine - WARNING - img_backbone.layer3.21.bn2.weight is skipped since its requires_grad=False
08/04 12:57:14 - mmengine - WARNING - img_backbone.layer3.21.bn2.bias is skipped since its requires_grad=False
08/04 12:57:14 - mmengine - INFO - paramwise_options -- img_backbone.layer3.21.conv3.weight:lr=2e-05
08/04 12:57:14 - mmengine - INFO - paramwise_options -- img_backbone.layer3.21.conv3.weight:weight_decay=0.01
08/04 12:57:14 - mmengine - INFO - paramwise_options -- img_backbone.layer3.21.conv3.weight:lr_mult=0.1
08/04 12:57:14 - mmengine - WARNING - img_backbone.layer3.21.bn3.weight is skipped since its requires_grad=False
08/04 12:57:14 - mmengine - WARNING - img_backbone.layer3.21.bn3.bias is skipped since its requires_grad=False
08/04 12:57:14 - mmengine - INFO - paramwise_options -- img_backbone.layer3.22.conv1.weight:lr=2e-05
08/04 12:57:14 - mmengine - INFO - paramwise_options -- img_backbone.layer3.22.conv1.weight:weight_decay=0.01
08/04 12:57:14 - mmengine - INFO - paramwise_options -- img_backbone.layer3.22.conv1.weight:lr_mult=0.1
08/04 12:57:14 - mmengine - WARNING - img_backbone.layer3.22.bn1.weight is skipped since its requires_grad=False
08/04 12:57:14 - mmengine - WARNING - img_backbone.layer3.22.bn1.bias is skipped since its requires_grad=False
08/04 12:57:14 - mmengine - INFO - paramwise_options -- img_backbone.layer3.22.conv2.weight:lr=2e-05
08/04 12:57:14 - mmengine - INFO - paramwise_options -- img_backbone.layer3.22.conv2.weight:weight_decay=0.01
08/04 12:57:14 - mmengine - INFO - paramwise_options -- img_backbone.layer3.22.conv2.weight:lr_mult=0.1
08/04 12:57:14 - mmengine - INFO - paramwise_options -- img_backbone.layer3.22.conv2.conv_offset.weight:lr=2e-05
08/04 12:57:14 - mmengine - INFO - paramwise_options -- img_backbone.layer3.22.conv2.conv_offset.weight:weight_decay=0.01
08/04 12:57:14 - mmengine - INFO - paramwise_options -- img_backbone.layer3.22.conv2.conv_offset.weight:lr_mult=0.1
08/04 12:57:14 - mmengine - INFO - paramwise_options -- img_backbone.layer3.22.conv2.conv_offset.bias:lr=2e-05
08/04 12:57:14 - mmengine - INFO - paramwise_options -- img_backbone.layer3.22.conv2.conv_offset.bias:weight_decay=0.01
08/04 12:57:14 - mmengine - INFO - paramwise_options -- img_backbone.layer3.22.conv2.conv_offset.bias:lr_mult=0.1
08/04 12:57:14 - mmengine - WARNING - img_backbone.layer3.22.bn2.weight is skipped since its requires_grad=False
08/04 12:57:14 - mmengine - WARNING - img_backbone.layer3.22.bn2.bias is skipped since its requires_grad=False
08/04 12:57:14 - mmengine - INFO - paramwise_options -- img_backbone.layer3.22.conv3.weight:lr=2e-05
08/04 12:57:14 - mmengine - INFO - paramwise_options -- img_backbone.layer3.22.conv3.weight:weight_decay=0.01
08/04 12:57:14 - mmengine - INFO - paramwise_options -- img_backbone.layer3.22.conv3.weight:lr_mult=0.1
08/04 12:57:14 - mmengine - WARNING - img_backbone.layer3.22.bn3.weight is skipped since its requires_grad=False
08/04 12:57:14 - mmengine - WARNING - img_backbone.layer3.22.bn3.bias is skipped since its requires_grad=False
08/04 12:57:14 - mmengine - INFO - paramwise_options -- img_backbone.layer4.0.conv1.weight:lr=2e-05
08/04 12:57:14 - mmengine - INFO - paramwise_options -- img_backbone.layer4.0.conv1.weight:weight_decay=0.01
08/04 12:57:14 - mmengine - INFO - paramwise_options -- img_backbone.layer4.0.conv1.weight:lr_mult=0.1
08/04 12:57:14 - mmengine - WARNING - img_backbone.layer4.0.bn1.weight is skipped since its requires_grad=False
08/04 12:57:14 - mmengine - WARNING - img_backbone.layer4.0.bn1.bias is skipped since its requires_grad=False
08/04 12:57:14 - mmengine - INFO - paramwise_options -- img_backbone.layer4.0.conv2.weight:lr=2e-05
08/04 12:57:14 - mmengine - INFO - paramwise_options -- img_backbone.layer4.0.conv2.weight:weight_decay=0.01
08/04 12:57:14 - mmengine - INFO - paramwise_options -- img_backbone.layer4.0.conv2.weight:lr_mult=0.1
08/04 12:57:14 - mmengine - INFO - paramwise_options -- img_backbone.layer4.0.conv2.conv_offset.weight:lr=2e-05
08/04 12:57:14 - mmengine - INFO - paramwise_options -- img_backbone.layer4.0.conv2.conv_offset.weight:weight_decay=0.01
08/04 12:57:14 - mmengine - INFO - paramwise_options -- img_backbone.layer4.0.conv2.conv_offset.weight:lr_mult=0.1
08/04 12:57:14 - mmengine - INFO - paramwise_options -- img_backbone.layer4.0.conv2.conv_offset.bias:lr=2e-05
08/04 12:57:14 - mmengine - INFO - paramwise_options -- img_backbone.layer4.0.conv2.conv_offset.bias:weight_decay=0.01
08/04 12:57:14 - mmengine - INFO - paramwise_options -- img_backbone.layer4.0.conv2.conv_offset.bias:lr_mult=0.1
08/04 12:57:14 - mmengine - WARNING - img_backbone.layer4.0.bn2.weight is skipped since its requires_grad=False
08/04 12:57:14 - mmengine - WARNING - img_backbone.layer4.0.bn2.bias is skipped since its requires_grad=False
08/04 12:57:14 - mmengine - INFO - paramwise_options -- img_backbone.layer4.0.conv3.weight:lr=2e-05
08/04 12:57:14 - mmengine - INFO - paramwise_options -- img_backbone.layer4.0.conv3.weight:weight_decay=0.01
08/04 12:57:14 - mmengine - INFO - paramwise_options -- img_backbone.layer4.0.conv3.weight:lr_mult=0.1
08/04 12:57:14 - mmengine - WARNING - img_backbone.layer4.0.bn3.weight is skipped since its requires_grad=False
08/04 12:57:14 - mmengine - WARNING - img_backbone.layer4.0.bn3.bias is skipped since its requires_grad=False
08/04 12:57:14 - mmengine - INFO - paramwise_options -- img_backbone.layer4.0.downsample.0.weight:lr=2e-05
08/04 12:57:14 - mmengine - INFO - paramwise_options -- img_backbone.layer4.0.downsample.0.weight:weight_decay=0.01
08/04 12:57:14 - mmengine - INFO - paramwise_options -- img_backbone.layer4.0.downsample.0.weight:lr_mult=0.1
08/04 12:57:14 - mmengine - WARNING - img_backbone.layer4.0.downsample.1.weight is skipped since its requires_grad=False
08/04 12:57:14 - mmengine - WARNING - img_backbone.layer4.0.downsample.1.bias is skipped since its requires_grad=False
08/04 12:57:14 - mmengine - INFO - paramwise_options -- img_backbone.layer4.1.conv1.weight:lr=2e-05
08/04 12:57:14 - mmengine - INFO - paramwise_options -- img_backbone.layer4.1.conv1.weight:weight_decay=0.01
08/04 12:57:14 - mmengine - INFO - paramwise_options -- img_backbone.layer4.1.conv1.weight:lr_mult=0.1
08/04 12:57:14 - mmengine - WARNING - img_backbone.layer4.1.bn1.weight is skipped since its requires_grad=False
08/04 12:57:14 - mmengine - WARNING - img_backbone.layer4.1.bn1.bias is skipped since its requires_grad=False
08/04 12:57:14 - mmengine - INFO - paramwise_options -- img_backbone.layer4.1.conv2.weight:lr=2e-05
08/04 12:57:14 - mmengine - INFO - paramwise_options -- img_backbone.layer4.1.conv2.weight:weight_decay=0.01
08/04 12:57:14 - mmengine - INFO - paramwise_options -- img_backbone.layer4.1.conv2.weight:lr_mult=0.1
08/04 12:57:14 - mmengine - INFO - paramwise_options -- img_backbone.layer4.1.conv2.conv_offset.weight:lr=2e-05
08/04 12:57:14 - mmengine - INFO - paramwise_options -- img_backbone.layer4.1.conv2.conv_offset.weight:weight_decay=0.01
08/04 12:57:14 - mmengine - INFO - paramwise_options -- img_backbone.layer4.1.conv2.conv_offset.weight:lr_mult=0.1
08/04 12:57:14 - mmengine - INFO - paramwise_options -- img_backbone.layer4.1.conv2.conv_offset.bias:lr=2e-05
08/04 12:57:14 - mmengine - INFO - paramwise_options -- img_backbone.layer4.1.conv2.conv_offset.bias:weight_decay=0.01
08/04 12:57:14 - mmengine - INFO - paramwise_options -- img_backbone.layer4.1.conv2.conv_offset.bias:lr_mult=0.1
08/04 12:57:14 - mmengine - WARNING - img_backbone.layer4.1.bn2.weight is skipped since its requires_grad=False
08/04 12:57:14 - mmengine - WARNING - img_backbone.layer4.1.bn2.bias is skipped since its requires_grad=False
08/04 12:57:14 - mmengine - INFO - paramwise_options -- img_backbone.layer4.1.conv3.weight:lr=2e-05
08/04 12:57:14 - mmengine - INFO - paramwise_options -- img_backbone.layer4.1.conv3.weight:weight_decay=0.01
08/04 12:57:14 - mmengine - INFO - paramwise_options -- img_backbone.layer4.1.conv3.weight:lr_mult=0.1
08/04 12:57:14 - mmengine - WARNING - img_backbone.layer4.1.bn3.weight is skipped since its requires_grad=False
08/04 12:57:14 - mmengine - WARNING - img_backbone.layer4.1.bn3.bias is skipped since its requires_grad=False
08/04 12:57:14 - mmengine - INFO - paramwise_options -- img_backbone.layer4.2.conv1.weight:lr=2e-05
08/04 12:57:14 - mmengine - INFO - paramwise_options -- img_backbone.layer4.2.conv1.weight:weight_decay=0.01
08/04 12:57:14 - mmengine - INFO - paramwise_options -- img_backbone.layer4.2.conv1.weight:lr_mult=0.1
08/04 12:57:14 - mmengine - WARNING - img_backbone.layer4.2.bn1.weight is skipped since its requires_grad=False
08/04 12:57:14 - mmengine - WARNING - img_backbone.layer4.2.bn1.bias is skipped since its requires_grad=False
08/04 12:57:14 - mmengine - INFO - paramwise_options -- img_backbone.layer4.2.conv2.weight:lr=2e-05
08/04 12:57:14 - mmengine - INFO - paramwise_options -- img_backbone.layer4.2.conv2.weight:weight_decay=0.01
08/04 12:57:14 - mmengine - INFO - paramwise_options -- img_backbone.layer4.2.conv2.weight:lr_mult=0.1
08/04 12:57:14 - mmengine - INFO - paramwise_options -- img_backbone.layer4.2.conv2.conv_offset.weight:lr=2e-05
08/04 12:57:14 - mmengine - INFO - paramwise_options -- img_backbone.layer4.2.conv2.conv_offset.weight:weight_decay=0.01
08/04 12:57:14 - mmengine - INFO - paramwise_options -- img_backbone.layer4.2.conv2.conv_offset.weight:lr_mult=0.1
08/04 12:57:14 - mmengine - INFO - paramwise_options -- img_backbone.layer4.2.conv2.conv_offset.bias:lr=2e-05
08/04 12:57:14 - mmengine - INFO - paramwise_options -- img_backbone.layer4.2.conv2.conv_offset.bias:weight_decay=0.01
08/04 12:57:14 - mmengine - INFO - paramwise_options -- img_backbone.layer4.2.conv2.conv_offset.bias:lr_mult=0.1
08/04 12:57:14 - mmengine - WARNING - img_backbone.layer4.2.bn2.weight is skipped since its requires_grad=False
08/04 12:57:14 - mmengine - WARNING - img_backbone.layer4.2.bn2.bias is skipped since its requires_grad=False
08/04 12:57:14 - mmengine - INFO - paramwise_options -- img_backbone.layer4.2.conv3.weight:lr=2e-05
08/04 12:57:14 - mmengine - INFO - paramwise_options -- img_backbone.layer4.2.conv3.weight:weight_decay=0.01
08/04 12:57:14 - mmengine - INFO - paramwise_options -- img_backbone.layer4.2.conv3.weight:lr_mult=0.1
08/04 12:57:14 - mmengine - WARNING - img_backbone.layer4.2.bn3.weight is skipped since its requires_grad=False
08/04 12:57:14 - mmengine - WARNING - img_backbone.layer4.2.bn3.bias is skipped since its requires_grad=False
08/04 12:57:15 - mmengine - WARNING - map_decoder.pts_bbox_head.code_weights is skipped since its requires_grad=False
08/04 12:57:15 - mmengine - WARNING - map_decoder.pts_bbox_head.map_adapter_layers.0.0.weight is skipped since its requires_grad=False
08/04 12:57:15 - mmengine - WARNING - map_decoder.pts_bbox_head.map_adapter_layers.0.0.bias is skipped since its requires_grad=False
08/04 12:57:15 - mmengine - WARNING - map_decoder.pts_bbox_head.map_adapter_layers.0.1.weight is skipped since its requires_grad=False
08/04 12:57:15 - mmengine - WARNING - map_decoder.pts_bbox_head.map_adapter_layers.0.1.bias is skipped since its requires_grad=False
08/04 12:57:15 - mmengine - WARNING - map_decoder.pts_bbox_head.map_adapter_layers.1.weight is skipped since its requires_grad=False
08/04 12:57:15 - mmengine - WARNING - map_decoder.pts_bbox_head.map_adapter_layers.1.bias is skipped since its requires_grad=False
08/04 12:57:15 - mmengine - WARNING - map_decoder.pts_bbox_head.cls_branches.0.weight is skipped since its requires_grad=False
08/04 12:57:15 - mmengine - WARNING - map_decoder.pts_bbox_head.cls_branches.0.bias is skipped since its requires_grad=False
08/04 12:57:15 - mmengine - WARNING - map_decoder.pts_bbox_head.cls_branches.1.weight is skipped since its requires_grad=False
08/04 12:57:15 - mmengine - WARNING - map_decoder.pts_bbox_head.cls_branches.1.bias is skipped since its requires_grad=False
08/04 12:57:15 - mmengine - WARNING - map_decoder.pts_bbox_head.cls_branches.3.weight is skipped since its requires_grad=False
08/04 12:57:15 - mmengine - WARNING - map_decoder.pts_bbox_head.cls_branches.3.bias is skipped since its requires_grad=False
08/04 12:57:15 - mmengine - WARNING - map_decoder.pts_bbox_head.cls_branches.4.weight is skipped since its requires_grad=False
08/04 12:57:15 - mmengine - WARNING - map_decoder.pts_bbox_head.cls_branches.4.bias is skipped since its requires_grad=False
08/04 12:57:15 - mmengine - WARNING - map_decoder.pts_bbox_head.cls_branches.6.weight is skipped since its requires_grad=False
08/04 12:57:15 - mmengine - WARNING - map_decoder.pts_bbox_head.cls_branches.6.bias is skipped since its requires_grad=False
08/04 12:57:15 - mmengine - WARNING - map_decoder.pts_bbox_head.reg_branches.0.weight is skipped since its requires_grad=False
08/04 12:57:15 - mmengine - WARNING - map_decoder.pts_bbox_head.reg_branches.0.bias is skipped since its requires_grad=False
08/04 12:57:15 - mmengine - WARNING - map_decoder.pts_bbox_head.reg_branches.2.weight is skipped since its requires_grad=False
08/04 12:57:15 - mmengine - WARNING - map_decoder.pts_bbox_head.reg_branches.2.bias is skipped since its requires_grad=False
08/04 12:57:15 - mmengine - WARNING - map_decoder.pts_bbox_head.reg_branches.4.weight is skipped since its requires_grad=False
08/04 12:57:15 - mmengine - WARNING - map_decoder.pts_bbox_head.reg_branches.4.bias is skipped since its requires_grad=False
08/04 12:57:15 - mmengine - WARNING - map_decoder.pts_bbox_head.reg_branches.6.weight is skipped since its requires_grad=False
08/04 12:57:15 - mmengine - WARNING - map_decoder.pts_bbox_head.reg_branches.6.bias is skipped since its requires_grad=False
08/04 12:57:15 - mmengine - WARNING - planner_head.ego_query.weight is skipped since its requires_grad=False
08/04 12:57:15 - mmengine - WARNING - planner_head.ego_agent_decoder.layers.0.attentions.0.attn.in_proj_weight is skipped since its requires_grad=False
08/04 12:57:15 - mmengine - WARNING - planner_head.ego_agent_decoder.layers.0.attentions.0.attn.in_proj_bias is skipped since its requires_grad=False
08/04 12:57:15 - mmengine - WARNING - planner_head.ego_agent_decoder.layers.0.attentions.0.attn.out_proj.weight is skipped since its requires_grad=False
08/04 12:57:15 - mmengine - WARNING - planner_head.ego_agent_decoder.layers.0.attentions.0.attn.out_proj.bias is skipped since its requires_grad=False
08/04 12:57:15 - mmengine - WARNING - planner_head.ego_agent_decoder.layers.0.ffns.0.layers.0.0.weight is skipped since its requires_grad=False
08/04 12:57:15 - mmengine - WARNING - planner_head.ego_agent_decoder.layers.0.ffns.0.layers.0.0.bias is skipped since its requires_grad=False
08/04 12:57:15 - mmengine - WARNING - planner_head.ego_agent_decoder.layers.0.ffns.0.layers.1.weight is skipped since its requires_grad=False
08/04 12:57:15 - mmengine - WARNING - planner_head.ego_agent_decoder.layers.0.ffns.0.layers.1.bias is skipped since its requires_grad=False
08/04 12:57:15 - mmengine - WARNING - planner_head.ego_agent_decoder.layers.0.norms.0.weight is skipped since its requires_grad=False
08/04 12:57:15 - mmengine - WARNING - planner_head.ego_agent_decoder.layers.0.norms.0.bias is skipped since its requires_grad=False
08/04 12:57:15 - mmengine - WARNING - planner_head.ego_agent_decoder.layers.0.norms.1.weight is skipped since its requires_grad=False
08/04 12:57:15 - mmengine - WARNING - planner_head.ego_agent_decoder.layers.0.norms.1.bias is skipped since its requires_grad=False
08/04 12:57:15 - mmengine - WARNING - planner_head.ego_map_decoder.layers.0.attentions.0.attn.in_proj_weight is skipped since its requires_grad=False
08/04 12:57:15 - mmengine - WARNING - planner_head.ego_map_decoder.layers.0.attentions.0.attn.in_proj_bias is skipped since its requires_grad=False
08/04 12:57:15 - mmengine - WARNING - planner_head.ego_map_decoder.layers.0.attentions.0.attn.out_proj.weight is skipped since its requires_grad=False
08/04 12:57:15 - mmengine - WARNING - planner_head.ego_map_decoder.layers.0.attentions.0.attn.out_proj.bias is skipped since its requires_grad=False
08/04 12:57:15 - mmengine - WARNING - planner_head.ego_map_decoder.layers.0.ffns.0.layers.0.0.weight is skipped since its requires_grad=False
08/04 12:57:15 - mmengine - WARNING - planner_head.ego_map_decoder.layers.0.ffns.0.layers.0.0.bias is skipped since its requires_grad=False
08/04 12:57:15 - mmengine - WARNING - planner_head.ego_map_decoder.layers.0.ffns.0.layers.1.weight is skipped since its requires_grad=False
08/04 12:57:15 - mmengine - WARNING - planner_head.ego_map_decoder.layers.0.ffns.0.layers.1.bias is skipped since its requires_grad=False
08/04 12:57:15 - mmengine - WARNING - planner_head.ego_map_decoder.layers.0.norms.0.weight is skipped since its requires_grad=False
08/04 12:57:15 - mmengine - WARNING - planner_head.ego_map_decoder.layers.0.norms.0.bias is skipped since its requires_grad=False
08/04 12:57:15 - mmengine - WARNING - planner_head.ego_map_decoder.layers.0.norms.1.weight is skipped since its requires_grad=False
08/04 12:57:15 - mmengine - WARNING - planner_head.ego_map_decoder.layers.0.norms.1.bias is skipped since its requires_grad=False
08/04 12:57:15 - mmengine - WARNING - planner_head.ego_gaussian_decoder.layers.0.attentions.0.attn.in_proj_weight is skipped since its requires_grad=False
08/04 12:57:15 - mmengine - WARNING - planner_head.ego_gaussian_decoder.layers.0.attentions.0.attn.in_proj_bias is skipped since its requires_grad=False
08/04 12:57:15 - mmengine - WARNING - planner_head.ego_gaussian_decoder.layers.0.attentions.0.attn.out_proj.weight is skipped since its requires_grad=False
08/04 12:57:15 - mmengine - WARNING - planner_head.ego_gaussian_decoder.layers.0.attentions.0.attn.out_proj.bias is skipped since its requires_grad=False
08/04 12:57:15 - mmengine - WARNING - planner_head.ego_gaussian_decoder.layers.0.ffns.0.layers.0.0.weight is skipped since its requires_grad=False
08/04 12:57:15 - mmengine - WARNING - planner_head.ego_gaussian_decoder.layers.0.ffns.0.layers.0.0.bias is skipped since its requires_grad=False
08/04 12:57:15 - mmengine - WARNING - planner_head.ego_gaussian_decoder.layers.0.ffns.0.layers.1.weight is skipped since its requires_grad=False
08/04 12:57:15 - mmengine - WARNING - planner_head.ego_gaussian_decoder.layers.0.ffns.0.layers.1.bias is skipped since its requires_grad=False
08/04 12:57:15 - mmengine - WARNING - planner_head.ego_gaussian_decoder.layers.0.norms.0.weight is skipped since its requires_grad=False
08/04 12:57:15 - mmengine - WARNING - planner_head.ego_gaussian_decoder.layers.0.norms.0.bias is skipped since its requires_grad=False
08/04 12:57:15 - mmengine - WARNING - planner_head.ego_gaussian_decoder.layers.0.norms.1.weight is skipped since its requires_grad=False
08/04 12:57:15 - mmengine - WARNING - planner_head.ego_gaussian_decoder.layers.0.norms.1.bias is skipped since its requires_grad=False
08/04 12:57:15 - mmengine - WARNING - planner_head.ego_fut_decoder.0.weight is skipped since its requires_grad=False
08/04 12:57:15 - mmengine - WARNING - planner_head.ego_fut_decoder.0.bias is skipped since its requires_grad=False
08/04 12:57:15 - mmengine - WARNING - planner_head.ego_fut_decoder.2.weight is skipped since its requires_grad=False
08/04 12:57:15 - mmengine - WARNING - planner_head.ego_fut_decoder.2.bias is skipped since its requires_grad=False
08/04 12:57:15 - mmengine - WARNING - planner_head.ego_fut_decoder.4.weight is skipped since its requires_grad=False
08/04 12:57:15 - mmengine - WARNING - planner_head.ego_fut_decoder.4.bias is skipped since its requires_grad=False
08/04 12:57:15 - mmengine - WARNING - planner_head.agent_fus_mlp.0.weight is skipped since its requires_grad=False
08/04 12:57:15 - mmengine - WARNING - planner_head.agent_fus_mlp.0.bias is skipped since its requires_grad=False
08/04 12:57:15 - mmengine - WARNING - planner_head.agent_fus_mlp.1.weight is skipped since its requires_grad=False
08/04 12:57:15 - mmengine - WARNING - planner_head.agent_fus_mlp.1.bias is skipped since its requires_grad=False
08/04 12:57:15 - mmengine - WARNING - planner_head.agent_fus_mlp.3.weight is skipped since its requires_grad=False
08/04 12:57:15 - mmengine - WARNING - planner_head.agent_fus_mlp.3.bias is skipped since its requires_grad=False
08/04 12:57:15 - mmengine - WARNING - planner_head.map_fus_mlp.0.weight is skipped since its requires_grad=False
08/04 12:57:15 - mmengine - WARNING - planner_head.map_fus_mlp.0.bias is skipped since its requires_grad=False
08/04 12:57:15 - mmengine - WARNING - planner_head.map_fus_mlp.1.weight is skipped since its requires_grad=False
08/04 12:57:15 - mmengine - WARNING - planner_head.map_fus_mlp.1.bias is skipped since its requires_grad=False
08/04 12:57:15 - mmengine - WARNING - planner_head.map_fus_mlp.3.weight is skipped since its requires_grad=False
08/04 12:57:15 - mmengine - WARNING - planner_head.map_fus_mlp.3.bias is skipped since its requires_grad=False
08/04 12:57:15 - mmengine - WARNING - planner_head.gaussian_fus_mlp.0.weight is skipped since its requires_grad=False
08/04 12:57:15 - mmengine - WARNING - planner_head.gaussian_fus_mlp.0.bias is skipped since its requires_grad=False
08/04 12:57:15 - mmengine - WARNING - planner_head.gaussian_fus_mlp.1.weight is skipped since its requires_grad=False
08/04 12:57:15 - mmengine - WARNING - planner_head.gaussian_fus_mlp.1.bias is skipped since its requires_grad=False
08/04 12:57:15 - mmengine - WARNING - planner_head.gaussian_fus_mlp.3.weight is skipped since its requires_grad=False
08/04 12:57:15 - mmengine - WARNING - planner_head.gaussian_fus_mlp.3.bias is skipped since its requires_grad=False
tensor([1.0155, 1.0690, 1.3001, 1.0725, 0.9464, 1.1009, 1.2696, 1.0626, 1.1890,
        1.0622, 1.0060, 0.8571, 1.0392, 0.9087, 0.8936, 0.8549, 0.8528, 0.5000])
tensor([1.0155, 1.0690, 1.3001, 1.0725, 0.9464, 1.1009, 1.2696, 1.0626, 1.1890,
        1.0622, 1.0060, 0.8571, 1.0392, 0.9087, 0.8936, 0.8549, 0.8528, 0.5000])
08/04 12:57:15 - mmengine - INFO - resume from: 
08/04 12:57:15 - mmengine - INFO - work dir: out/nuscenes_gs25600_frontier_v2
_IncompatibleKeys(missing_keys=['img_neck.lateral_convs.0.conv.weight', 'img_neck.lateral_convs.0.conv.bias', 'img_neck.lateral_convs.1.conv.weight', 'img_neck.lateral_convs.1.conv.bias', 'img_neck.lateral_convs.2.conv.weight', 'img_neck.lateral_convs.2.conv.bias', 'img_neck.fpn_convs.0.conv.weight', 'img_neck.fpn_convs.0.conv.bias', 'img_neck.fpn_convs.1.conv.weight', 'img_neck.fpn_convs.1.conv.bias', 'img_neck.fpn_convs.2.conv.weight', 'img_neck.fpn_convs.2.conv.bias', 'img_neck.fpn_convs.3.conv.weight', 'img_neck.fpn_convs.3.conv.bias', 'lifter.anchor', 'encoder.anchor_encoder.xyz_fc.0.weight', 'encoder.anchor_encoder.xyz_fc.0.bias', 'encoder.anchor_encoder.xyz_fc.2.weight', 'encoder.anchor_encoder.xyz_fc.2.bias', 'encoder.anchor_encoder.xyz_fc.3.weight', 'encoder.anchor_encoder.xyz_fc.3.bias', 'encoder.anchor_encoder.xyz_fc.5.weight', 'encoder.anchor_encoder.xyz_fc.5.bias', 'encoder.anchor_encoder.scale_fc.0.weight', 'encoder.anchor_encoder.scale_fc.0.bias', 'encoder.anchor_encoder.scale_fc.2.weight', 'encoder.anchor_encoder.scale_fc.2.bias', 'encoder.anchor_encoder.scale_fc.3.weight', 'encoder.anchor_encoder.scale_fc.3.bias', 'encoder.anchor_encoder.scale_fc.5.weight', 'encoder.anchor_encoder.scale_fc.5.bias', 'encoder.anchor_encoder.rot_fc.0.weight', 'encoder.anchor_encoder.rot_fc.0.bias', 'encoder.anchor_encoder.rot_fc.2.weight', 'encoder.anchor_encoder.rot_fc.2.bias', 'encoder.anchor_encoder.rot_fc.3.weight', 'encoder.anchor_encoder.rot_fc.3.bias', 'encoder.anchor_encoder.rot_fc.5.weight', 'encoder.anchor_encoder.rot_fc.5.bias', 'encoder.anchor_encoder.opacity_fc.0.weight', 'encoder.anchor_encoder.opacity_fc.0.bias', 'encoder.anchor_encoder.opacity_fc.2.weight', 'encoder.anchor_encoder.opacity_fc.2.bias', 'encoder.anchor_encoder.opacity_fc.3.weight', 'encoder.anchor_encoder.opacity_fc.3.bias', 'encoder.anchor_encoder.opacity_fc.5.weight', 'encoder.anchor_encoder.opacity_fc.5.bias', 'encoder.anchor_encoder.semantics_fc.0.weight', 'encoder.anchor_encoder.semantics_fc.0.bias', 'encoder.anchor_encoder.semantics_fc.2.weight', 'encoder.anchor_encoder.semantics_fc.2.bias', 'encoder.anchor_encoder.semantics_fc.3.weight', 'encoder.anchor_encoder.semantics_fc.3.bias', 'encoder.anchor_encoder.semantics_fc.5.weight', 'encoder.anchor_encoder.semantics_fc.5.bias', 'encoder.anchor_encoder.offset_fc.0.weight', 'encoder.anchor_encoder.offset_fc.0.bias', 'encoder.anchor_encoder.offset_fc.2.weight', 'encoder.anchor_encoder.offset_fc.2.bias', 'encoder.anchor_encoder.offset_fc.3.weight', 'encoder.anchor_encoder.offset_fc.3.bias', 'encoder.anchor_encoder.offset_fc.5.weight', 'encoder.anchor_encoder.offset_fc.5.bias', 'encoder.anchor_encoder.output_fc.0.weight', 'encoder.anchor_encoder.output_fc.0.bias', 'encoder.anchor_encoder.output_fc.2.weight', 'encoder.anchor_encoder.output_fc.2.bias', 'encoder.anchor_encoder.output_fc.3.weight', 'encoder.anchor_encoder.output_fc.3.bias', 'encoder.anchor_encoder.output_fc.5.weight', 'encoder.anchor_encoder.output_fc.5.bias', 'encoder.layers.0.kps_generator.learnable_fc.weight', 'encoder.layers.0.kps_generator.learnable_fc.bias', 'encoder.layers.0.output_proj.weight', 'encoder.layers.0.output_proj.bias', 'encoder.layers.0.camera_encoder.0.weight', 'encoder.layers.0.camera_encoder.0.bias', 'encoder.layers.0.camera_encoder.2.weight', 'encoder.layers.0.camera_encoder.2.bias', 'encoder.layers.0.camera_encoder.3.weight', 'encoder.layers.0.camera_encoder.3.bias', 'encoder.layers.0.camera_encoder.5.weight', 'encoder.layers.0.camera_encoder.5.bias', 'encoder.layers.0.weights_fc.weight', 'encoder.layers.0.weights_fc.bias', 'encoder.layers.1.pre_norm.weight', 'encoder.layers.1.pre_norm.bias', 'encoder.layers.1.layers.0.0.weight', 'encoder.layers.1.layers.0.0.bias', 'encoder.layers.1.layers.1.weight', 'encoder.layers.1.layers.1.bias', 'encoder.layers.1.identity_fc.weight', 'encoder.layers.1.identity_fc.bias', 'encoder.layers.2.weight', 'encoder.layers.2.bias', 'encoder.layers.3.layers.0.weight', 'encoder.layers.3.layers.0.bias', 'encoder.layers.3.layers.2.weight', 'encoder.layers.3.layers.2.bias', 'encoder.layers.3.layers.4.weight', 'encoder.layers.3.layers.4.bias', 'encoder.layers.3.layers.5.weight', 'encoder.layers.3.layers.5.bias', 'encoder.layers.3.layers.7.weight', 'encoder.layers.3.layers.7.bias', 'encoder.layers.3.layers.9.weight', 'encoder.layers.3.layers.9.bias', 'encoder.layers.3.layers.10.weight', 'encoder.layers.3.layers.10.bias', 'encoder.layers.3.layers.11.scale', 'encoder.layers.4.layers.0.weight', 'encoder.layers.4.layers.0.bias', 'encoder.layers.4.layers.1.weight', 'encoder.layers.4.layers.1.bias', 'encoder.layers.4.layers.3.weight', 'encoder.layers.4.layers.3.bias', 'encoder.layers.4.layers.4.weight', 'encoder.layers.4.layers.4.bias', 'encoder.layers.4.layers.6.weight', 'encoder.layers.4.layers.6.bias', 'encoder.layers.4.layers.7.weight', 'encoder.layers.4.layers.7.bias', 'encoder.layers.4.output_proj.weight', 'encoder.layers.4.output_proj.bias', 'encoder.layers.5.weight', 'encoder.layers.5.bias', 'encoder.layers.6.kps_generator.learnable_fc.weight', 'encoder.layers.6.kps_generator.learnable_fc.bias', 'encoder.layers.6.output_proj.weight', 'encoder.layers.6.output_proj.bias', 'encoder.layers.6.camera_encoder.0.weight', 'encoder.layers.6.camera_encoder.0.bias', 'encoder.layers.6.camera_encoder.2.weight', 'encoder.layers.6.camera_encoder.2.bias', 'encoder.layers.6.camera_encoder.3.weight', 'encoder.layers.6.camera_encoder.3.bias', 'encoder.layers.6.camera_encoder.5.weight', 'encoder.layers.6.camera_encoder.5.bias', 'encoder.layers.6.weights_fc.weight', 'encoder.layers.6.weights_fc.bias', 'encoder.layers.7.pre_norm.weight', 'encoder.layers.7.pre_norm.bias', 'encoder.layers.7.layers.0.0.weight', 'encoder.layers.7.layers.0.0.bias', 'encoder.layers.7.layers.1.weight', 'encoder.layers.7.layers.1.bias', 'encoder.layers.7.identity_fc.weight', 'encoder.layers.7.identity_fc.bias', 'encoder.layers.8.weight', 'encoder.layers.8.bias', 'encoder.layers.9.layers.0.weight', 'encoder.layers.9.layers.0.bias', 'encoder.layers.9.layers.2.weight', 'encoder.layers.9.layers.2.bias', 'encoder.layers.9.layers.4.weight', 'encoder.layers.9.layers.4.bias', 'encoder.layers.9.layers.5.weight', 'encoder.layers.9.layers.5.bias', 'encoder.layers.9.layers.7.weight', 'encoder.layers.9.layers.7.bias', 'encoder.layers.9.layers.9.weight', 'encoder.layers.9.layers.9.bias', 'encoder.layers.9.layers.10.weight', 'encoder.layers.9.layers.10.bias', 'encoder.layers.9.layers.11.scale', 'encoder.layers.10.layers.0.weight', 'encoder.layers.10.layers.0.bias', 'encoder.layers.10.layers.1.weight', 'encoder.layers.10.layers.1.bias', 'encoder.layers.10.layers.3.weight', 'encoder.layers.10.layers.3.bias', 'encoder.layers.10.layers.4.weight', 'encoder.layers.10.layers.4.bias', 'encoder.layers.10.layers.6.weight', 'encoder.layers.10.layers.6.bias', 'encoder.layers.10.layers.7.weight', 'encoder.layers.10.layers.7.bias', 'encoder.layers.10.output_proj.weight', 'encoder.layers.10.output_proj.bias', 'encoder.layers.11.weight', 'encoder.layers.11.bias', 'encoder.layers.12.kps_generator.learnable_fc.weight', 'encoder.layers.12.kps_generator.learnable_fc.bias', 'encoder.layers.12.output_proj.weight', 'encoder.layers.12.output_proj.bias', 'encoder.layers.12.camera_encoder.0.weight', 'encoder.layers.12.camera_encoder.0.bias', 'encoder.layers.12.camera_encoder.2.weight', 'encoder.layers.12.camera_encoder.2.bias', 'encoder.layers.12.camera_encoder.3.weight', 'encoder.layers.12.camera_encoder.3.bias', 'encoder.layers.12.camera_encoder.5.weight', 'encoder.layers.12.camera_encoder.5.bias', 'encoder.layers.12.weights_fc.weight', 'encoder.layers.12.weights_fc.bias', 'encoder.layers.13.pre_norm.weight', 'encoder.layers.13.pre_norm.bias', 'encoder.layers.13.layers.0.0.weight', 'encoder.layers.13.layers.0.0.bias', 'encoder.layers.13.layers.1.weight', 'encoder.layers.13.layers.1.bias', 'encoder.layers.13.identity_fc.weight', 'encoder.layers.13.identity_fc.bias', 'encoder.layers.14.weight', 'encoder.layers.14.bias', 'encoder.layers.15.layers.0.weight', 'encoder.layers.15.layers.0.bias', 'encoder.layers.15.layers.2.weight', 'encoder.layers.15.layers.2.bias', 'encoder.layers.15.layers.4.weight', 'encoder.layers.15.layers.4.bias', 'encoder.layers.15.layers.5.weight', 'encoder.layers.15.layers.5.bias', 'encoder.layers.15.layers.7.weight', 'encoder.layers.15.layers.7.bias', 'encoder.layers.15.layers.9.weight', 'encoder.layers.15.layers.9.bias', 'encoder.layers.15.layers.10.weight', 'encoder.layers.15.layers.10.bias', 'encoder.layers.15.layers.11.scale', 'encoder.layers.16.layers.0.weight', 'encoder.layers.16.layers.0.bias', 'encoder.layers.16.layers.1.weight', 'encoder.layers.16.layers.1.bias', 'encoder.layers.16.layers.3.weight', 'encoder.layers.16.layers.3.bias', 'encoder.layers.16.layers.4.weight', 'encoder.layers.16.layers.4.bias', 'encoder.layers.16.layers.6.weight', 'encoder.layers.16.layers.6.bias', 'encoder.layers.16.layers.7.weight', 'encoder.layers.16.layers.7.bias', 'encoder.layers.16.output_proj.weight', 'encoder.layers.16.output_proj.bias', 'encoder.layers.17.weight', 'encoder.layers.17.bias', 'encoder.layers.18.kps_generator.learnable_fc.weight', 'encoder.layers.18.kps_generator.learnable_fc.bias', 'encoder.layers.18.output_proj.weight', 'encoder.layers.18.output_proj.bias', 'encoder.layers.18.camera_encoder.0.weight', 'encoder.layers.18.camera_encoder.0.bias', 'encoder.layers.18.camera_encoder.2.weight', 'encoder.layers.18.camera_encoder.2.bias', 'encoder.layers.18.camera_encoder.3.weight', 'encoder.layers.18.camera_encoder.3.bias', 'encoder.layers.18.camera_encoder.5.weight', 'encoder.layers.18.camera_encoder.5.bias', 'encoder.layers.18.weights_fc.weight', 'encoder.layers.18.weights_fc.bias', 'encoder.layers.19.pre_norm.weight', 'encoder.layers.19.pre_norm.bias', 'encoder.layers.19.layers.0.0.weight', 'encoder.layers.19.layers.0.0.bias', 'encoder.layers.19.layers.1.weight', 'encoder.layers.19.layers.1.bias', 'encoder.layers.19.identity_fc.weight', 'encoder.layers.19.identity_fc.bias', 'encoder.layers.20.weight', 'encoder.layers.20.bias', 'encoder.layers.21.layers.0.weight', 'encoder.layers.21.layers.0.bias', 'encoder.layers.21.layers.2.weight', 'encoder.layers.21.layers.2.bias', 'encoder.layers.21.layers.4.weight', 'encoder.layers.21.layers.4.bias', 'encoder.layers.21.layers.5.weight', 'encoder.layers.21.layers.5.bias', 'encoder.layers.21.layers.7.weight', 'encoder.layers.21.layers.7.bias', 'encoder.layers.21.layers.9.weight', 'encoder.layers.21.layers.9.bias', 'encoder.layers.21.layers.10.weight', 'encoder.layers.21.layers.10.bias', 'encoder.layers.21.layers.11.scale', 'temporal_encoder.anchor_encoder.xyz_fc.0.weight', 'temporal_encoder.anchor_encoder.xyz_fc.0.bias', 'temporal_encoder.anchor_encoder.xyz_fc.2.weight', 'temporal_encoder.anchor_encoder.xyz_fc.2.bias', 'temporal_encoder.anchor_encoder.xyz_fc.3.weight', 'temporal_encoder.anchor_encoder.xyz_fc.3.bias', 'temporal_encoder.anchor_encoder.xyz_fc.5.weight', 'temporal_encoder.anchor_encoder.xyz_fc.5.bias', 'temporal_encoder.anchor_encoder.scale_fc.0.weight', 'temporal_encoder.anchor_encoder.scale_fc.0.bias', 'temporal_encoder.anchor_encoder.scale_fc.2.weight', 'temporal_encoder.anchor_encoder.scale_fc.2.bias', 'temporal_encoder.anchor_encoder.scale_fc.3.weight', 'temporal_encoder.anchor_encoder.scale_fc.3.bias', 'temporal_encoder.anchor_encoder.scale_fc.5.weight', 'temporal_encoder.anchor_encoder.scale_fc.5.bias', 'temporal_encoder.anchor_encoder.rot_fc.0.weight', 'temporal_encoder.anchor_encoder.rot_fc.0.bias', 'temporal_encoder.anchor_encoder.rot_fc.2.weight', 'temporal_encoder.anchor_encoder.rot_fc.2.bias', 'temporal_encoder.anchor_encoder.rot_fc.3.weight', 'temporal_encoder.anchor_encoder.rot_fc.3.bias', 'temporal_encoder.anchor_encoder.rot_fc.5.weight', 'temporal_encoder.anchor_encoder.rot_fc.5.bias', 'temporal_encoder.anchor_encoder.opacity_fc.0.weight', 'temporal_encoder.anchor_encoder.opacity_fc.0.bias', 'temporal_encoder.anchor_encoder.opacity_fc.2.weight', 'temporal_encoder.anchor_encoder.opacity_fc.2.bias', 'temporal_encoder.anchor_encoder.opacity_fc.3.weight', 'temporal_encoder.anchor_encoder.opacity_fc.3.bias', 'temporal_encoder.anchor_encoder.opacity_fc.5.weight', 'temporal_encoder.anchor_encoder.opacity_fc.5.bias', 'temporal_encoder.anchor_encoder.semantics_fc.0.weight', 'temporal_encoder.anchor_encoder.semantics_fc.0.bias', 'temporal_encoder.anchor_encoder.semantics_fc.2.weight', 'temporal_encoder.anchor_encoder.semantics_fc.2.bias', 'temporal_encoder.anchor_encoder.semantics_fc.3.weight', 'temporal_encoder.anchor_encoder.semantics_fc.3.bias', 'temporal_encoder.anchor_encoder.semantics_fc.5.weight', 'temporal_encoder.anchor_encoder.semantics_fc.5.bias', 'temporal_encoder.anchor_encoder.offset_fc.0.weight', 'temporal_encoder.anchor_encoder.offset_fc.0.bias', 'temporal_encoder.anchor_encoder.offset_fc.2.weight', 'temporal_encoder.anchor_encoder.offset_fc.2.bias', 'temporal_encoder.anchor_encoder.offset_fc.3.weight', 'temporal_encoder.anchor_encoder.offset_fc.3.bias', 'temporal_encoder.anchor_encoder.offset_fc.5.weight', 'temporal_encoder.anchor_encoder.offset_fc.5.bias', 'temporal_encoder.anchor_encoder.output_fc.0.weight', 'temporal_encoder.anchor_encoder.output_fc.0.bias', 'temporal_encoder.anchor_encoder.output_fc.2.weight', 'temporal_encoder.anchor_encoder.output_fc.2.bias', 'temporal_encoder.anchor_encoder.output_fc.3.weight', 'temporal_encoder.anchor_encoder.output_fc.3.bias', 'temporal_encoder.anchor_encoder.output_fc.5.weight', 'temporal_encoder.anchor_encoder.output_fc.5.bias', 'temporal_encoder.layers.0.layers.0.weight', 'temporal_encoder.layers.0.layers.1.weight', 'temporal_encoder.layers.0.layers.1.bias', 'temporal_encoder.layers.0.layers.3.weight', 'temporal_encoder.layers.0.layers.4.weight', 'temporal_encoder.layers.0.layers.4.bias', 'temporal_encoder.layers.0.layers.6.weight', 'temporal_encoder.layers.0.layers.7.weight', 'temporal_encoder.layers.0.layers.7.bias', 'temporal_encoder.layers.0.output_proj.weight', 'temporal_encoder.layers.0.output_proj.bias', 'temporal_encoder.layers.1.layers.0.weight', 'temporal_encoder.layers.1.layers.0.bias', 'temporal_encoder.layers.1.layers.2.weight', 'temporal_encoder.layers.1.layers.2.bias', 'temporal_encoder.layers.1.layers.4.weight', 'temporal_encoder.layers.1.layers.4.bias', 'temporal_encoder.layers.1.layers.5.weight', 'temporal_encoder.layers.1.layers.5.bias', 'temporal_encoder.layers.1.layers.7.weight', 'temporal_encoder.layers.1.layers.7.bias', 'temporal_encoder.layers.1.layers.9.weight', 'temporal_encoder.layers.1.layers.9.bias', 'temporal_encoder.layers.1.layers.10.weight', 'temporal_encoder.layers.1.layers.10.bias', 'temporal_encoder.layers.1.layers.11.scale', 'temporal_encoder.layers.1.dynamic_layers.0.weight', 'temporal_encoder.layers.1.dynamic_layers.0.bias', 'temporal_encoder.layers.1.dynamic_layers.2.weight', 'temporal_encoder.layers.1.dynamic_layers.2.bias', 'temporal_encoder.layers.1.dynamic_layers.3.weight', 'temporal_encoder.layers.1.dynamic_layers.3.bias', 'temporal_encoder.layers.1.offset_layers.0.weight', 'temporal_encoder.layers.1.offset_layers.0.bias', 'temporal_encoder.layers.1.offset_layers.2.weight', 'temporal_encoder.layers.1.offset_layers.2.bias', 'temporal_encoder.layers.1.offset_layers.3.weight', 'temporal_encoder.layers.1.offset_layers.3.bias', 'temporal_encoder.layers.2.layers.0.weight', 'temporal_encoder.layers.2.layers.1.weight', 'temporal_encoder.layers.2.layers.1.bias', 'temporal_encoder.layers.2.layers.3.weight', 'temporal_encoder.layers.2.layers.4.weight', 'temporal_encoder.layers.2.layers.4.bias', 'temporal_encoder.layers.2.layers.6.weight', 'temporal_encoder.layers.2.layers.7.weight', 'temporal_encoder.layers.2.layers.7.bias', 'temporal_encoder.layers.2.output_proj.weight', 'temporal_encoder.layers.2.output_proj.bias', 'temporal_encoder.layers.3.layers.0.weight', 'temporal_encoder.layers.3.layers.0.bias', 'temporal_encoder.layers.3.layers.2.weight', 'temporal_encoder.layers.3.layers.2.bias', 'temporal_encoder.layers.3.layers.4.weight', 'temporal_encoder.layers.3.layers.4.bias', 'temporal_encoder.layers.3.layers.5.weight', 'temporal_encoder.layers.3.layers.5.bias', 'temporal_encoder.layers.3.layers.7.weight', 'temporal_encoder.layers.3.layers.7.bias', 'temporal_encoder.layers.3.layers.9.weight', 'temporal_encoder.layers.3.layers.9.bias', 'temporal_encoder.layers.3.layers.10.weight', 'temporal_encoder.layers.3.layers.10.bias', 'temporal_encoder.layers.3.layers.11.scale', 'temporal_encoder.layers.3.dynamic_layers.0.weight', 'temporal_encoder.layers.3.dynamic_layers.0.bias', 'temporal_encoder.layers.3.dynamic_layers.2.weight', 'temporal_encoder.layers.3.dynamic_layers.2.bias', 'temporal_encoder.layers.3.dynamic_layers.3.weight', 'temporal_encoder.layers.3.dynamic_layers.3.bias', 'temporal_encoder.layers.3.offset_layers.0.weight', 'temporal_encoder.layers.3.offset_layers.0.bias', 'temporal_encoder.layers.3.offset_layers.2.weight', 'temporal_encoder.layers.3.offset_layers.2.bias', 'temporal_encoder.layers.3.offset_layers.3.weight', 'temporal_encoder.layers.3.offset_layers.3.bias', 'temporal_encoder.layers.4.layers.0.weight', 'temporal_encoder.layers.4.layers.1.weight', 'temporal_encoder.layers.4.layers.1.bias', 'temporal_encoder.layers.4.layers.3.weight', 'temporal_encoder.layers.4.layers.4.weight', 'temporal_encoder.layers.4.layers.4.bias', 'temporal_encoder.layers.4.layers.6.weight', 'temporal_encoder.layers.4.layers.7.weight', 'temporal_encoder.layers.4.layers.7.bias', 'temporal_encoder.layers.4.output_proj.weight', 'temporal_encoder.layers.4.output_proj.bias', 'temporal_encoder.layers.5.layers.0.weight', 'temporal_encoder.layers.5.layers.0.bias', 'temporal_encoder.layers.5.layers.2.weight', 'temporal_encoder.layers.5.layers.2.bias', 'temporal_encoder.layers.5.layers.4.weight', 'temporal_encoder.layers.5.layers.4.bias', 'temporal_encoder.layers.5.layers.5.weight', 'temporal_encoder.layers.5.layers.5.bias', 'temporal_encoder.layers.5.layers.7.weight', 'temporal_encoder.layers.5.layers.7.bias', 'temporal_encoder.layers.5.layers.9.weight', 'temporal_encoder.layers.5.layers.9.bias', 'temporal_encoder.layers.5.layers.10.weight', 'temporal_encoder.layers.5.layers.10.bias', 'temporal_encoder.layers.5.layers.11.scale', 'temporal_encoder.layers.5.dynamic_layers.0.weight', 'temporal_encoder.layers.5.dynamic_layers.0.bias', 'temporal_encoder.layers.5.dynamic_layers.2.weight', 'temporal_encoder.layers.5.dynamic_layers.2.bias', 'temporal_encoder.layers.5.dynamic_layers.3.weight', 'temporal_encoder.layers.5.dynamic_layers.3.bias', 'temporal_encoder.layers.5.offset_layers.0.weight', 'temporal_encoder.layers.5.offset_layers.0.bias', 'temporal_encoder.layers.5.offset_layers.2.weight', 'temporal_encoder.layers.5.offset_layers.2.bias', 'temporal_encoder.layers.5.offset_layers.3.weight', 'temporal_encoder.layers.5.offset_layers.3.bias', 'head.empty_scalar', 'head.empty_mean', 'head.empty_scale', 'head.empty_rot', 'head.empty_sem', 'head.empty_opa', 'head.pc_min', 'head.grid_size', 'head.zero_tensor', 'head.aggregator.pc_min', 'head.frontier_generator.gaussian_value.0.weight', 'head.frontier_generator.gaussian_value.0.bias', 'head.frontier_generator.gaussian_value.1.weight', 'head.frontier_generator.gaussian_value.1.bias', 'head.frontier_generator.query.0.weight', 'head.frontier_generator.query.0.bias', 'head.frontier_generator.query.1.weight', 'head.frontier_generator.query.1.bias', 'head.frontier_generator.query.3.weight', 'head.frontier_generator.query.3.bias', 'head.frontier_generator.image_proj.weight', 'head.frontier_generator.image_proj.bias', 'head.frontier_generator.image_gate.0.weight', 'head.frontier_generator.image_gate.0.bias', 'head.frontier_generator.fusion.0.weight', 'head.frontier_generator.fusion.0.bias', 'head.frontier_generator.fusion.1.weight', 'head.frontier_generator.fusion.1.bias', 'head.frontier_generator.fusion.3.weight', 'head.frontier_generator.fusion.3.bias', 'decoder.global_step', 'decoder.backbone_3d.conv_input.0.weight', 'decoder.backbone_3d.conv_input.1.weight', 'decoder.backbone_3d.conv_input.1.bias', 'decoder.backbone_3d.conv_input.1.running_mean', 'decoder.backbone_3d.conv_input.1.running_var', 'decoder.backbone_3d.conv1.0.conv1.weight', 'decoder.backbone_3d.conv1.0.conv1.bias', 'decoder.backbone_3d.conv1.0.bn1.weight', 'decoder.backbone_3d.conv1.0.bn1.bias', 'decoder.backbone_3d.conv1.0.bn1.running_mean', 'decoder.backbone_3d.conv1.0.bn1.running_var', 'decoder.backbone_3d.conv1.0.conv2.weight', 'decoder.backbone_3d.conv1.0.conv2.bias', 'decoder.backbone_3d.conv1.0.bn2.weight', 'decoder.backbone_3d.conv1.0.bn2.bias', 'decoder.backbone_3d.conv1.0.bn2.running_mean', 'decoder.backbone_3d.conv1.0.bn2.running_var', 'decoder.backbone_3d.conv1.1.conv1.weight', 'decoder.backbone_3d.conv1.1.conv1.bias', 'decoder.backbone_3d.conv1.1.bn1.weight', 'decoder.backbone_3d.conv1.1.bn1.bias', 'decoder.backbone_3d.conv1.1.bn1.running_mean', 'decoder.backbone_3d.conv1.1.bn1.running_var', 'decoder.backbone_3d.conv1.1.conv2.weight', 'decoder.backbone_3d.conv1.1.conv2.bias', 'decoder.backbone_3d.conv1.1.bn2.weight', 'decoder.backbone_3d.conv1.1.bn2.bias', 'decoder.backbone_3d.conv1.1.bn2.running_mean', 'decoder.backbone_3d.conv1.1.bn2.running_var', 'decoder.backbone_3d.conv2.0.0.weight', 'decoder.backbone_3d.conv2.0.1.weight', 'decoder.backbone_3d.conv2.0.1.bias', 'decoder.backbone_3d.conv2.0.1.running_mean', 'decoder.backbone_3d.conv2.0.1.running_var', 'decoder.backbone_3d.conv2.1.conv1.weight', 'decoder.backbone_3d.conv2.1.conv1.bias', 'decoder.backbone_3d.conv2.1.bn1.weight', 'decoder.backbone_3d.conv2.1.bn1.bias', 'decoder.backbone_3d.conv2.1.bn1.running_mean', 'decoder.backbone_3d.conv2.1.bn1.running_var', 'decoder.backbone_3d.conv2.1.conv2.weight', 'decoder.backbone_3d.conv2.1.conv2.bias', 'decoder.backbone_3d.conv2.1.bn2.weight', 'decoder.backbone_3d.conv2.1.bn2.bias', 'decoder.backbone_3d.conv2.1.bn2.running_mean', 'decoder.backbone_3d.conv2.1.bn2.running_var', 'decoder.backbone_3d.conv2.2.conv1.weight', 'decoder.backbone_3d.conv2.2.conv1.bias', 'decoder.backbone_3d.conv2.2.bn1.weight', 'decoder.backbone_3d.conv2.2.bn1.bias', 'decoder.backbone_3d.conv2.2.bn1.running_mean', 'decoder.backbone_3d.conv2.2.bn1.running_var', 'decoder.backbone_3d.conv2.2.conv2.weight', 'decoder.backbone_3d.conv2.2.conv2.bias', 'decoder.backbone_3d.conv2.2.bn2.weight', 'decoder.backbone_3d.conv2.2.bn2.bias', 'decoder.backbone_3d.conv2.2.bn2.running_mean', 'decoder.backbone_3d.conv2.2.bn2.running_var', 'decoder.backbone_3d.conv3.0.0.weight', 'decoder.backbone_3d.conv3.0.1.weight', 'decoder.backbone_3d.conv3.0.1.bias', 'decoder.backbone_3d.conv3.0.1.running_mean', 'decoder.backbone_3d.conv3.0.1.running_var', 'decoder.backbone_3d.conv3.1.conv1.weight', 'decoder.backbone_3d.conv3.1.conv1.bias', 'decoder.backbone_3d.conv3.1.bn1.weight', 'decoder.backbone_3d.conv3.1.bn1.bias', 'decoder.backbone_3d.conv3.1.bn1.running_mean', 'decoder.backbone_3d.conv3.1.bn1.running_var', 'decoder.backbone_3d.conv3.1.conv2.weight', 'decoder.backbone_3d.conv3.1.conv2.bias', 'decoder.backbone_3d.conv3.1.bn2.weight', 'decoder.backbone_3d.conv3.1.bn2.bias', 'decoder.backbone_3d.conv3.1.bn2.running_mean', 'decoder.backbone_3d.conv3.1.bn2.running_var', 'decoder.backbone_3d.conv3.2.conv1.weight', 'decoder.backbone_3d.conv3.2.conv1.bias', 'decoder.backbone_3d.conv3.2.bn1.weight', 'decoder.backbone_3d.conv3.2.bn1.bias', 'decoder.backbone_3d.conv3.2.bn1.running_mean', 'decoder.backbone_3d.conv3.2.bn1.running_var', 'decoder.backbone_3d.conv3.2.conv2.weight', 'decoder.backbone_3d.conv3.2.conv2.bias', 'decoder.backbone_3d.conv3.2.bn2.weight', 'decoder.backbone_3d.conv3.2.bn2.bias', 'decoder.backbone_3d.conv3.2.bn2.running_mean', 'decoder.backbone_3d.conv3.2.bn2.running_var', 'decoder.backbone_3d.conv4.0.0.weight', 'decoder.backbone_3d.conv4.0.1.weight', 'decoder.backbone_3d.conv4.0.1.bias', 'decoder.backbone_3d.conv4.0.1.running_mean', 'decoder.backbone_3d.conv4.0.1.running_var', 'decoder.backbone_3d.conv4.1.conv1.weight', 'decoder.backbone_3d.conv4.1.conv1.bias', 'decoder.backbone_3d.conv4.1.bn1.weight', 'decoder.backbone_3d.conv4.1.bn1.bias', 'decoder.backbone_3d.conv4.1.bn1.running_mean', 'decoder.backbone_3d.conv4.1.bn1.running_var', 'decoder.backbone_3d.conv4.1.conv2.weight', 'decoder.backbone_3d.conv4.1.conv2.bias', 'decoder.backbone_3d.conv4.1.bn2.weight', 'decoder.backbone_3d.conv4.1.bn2.bias', 'decoder.backbone_3d.conv4.1.bn2.running_mean', 'decoder.backbone_3d.conv4.1.bn2.running_var', 'decoder.backbone_3d.conv4.2.conv1.weight', 'decoder.backbone_3d.conv4.2.conv1.bias', 'decoder.backbone_3d.conv4.2.bn1.weight', 'decoder.backbone_3d.conv4.2.bn1.bias', 'decoder.backbone_3d.conv4.2.bn1.running_mean', 'decoder.backbone_3d.conv4.2.bn1.running_var', 'decoder.backbone_3d.conv4.2.conv2.weight', 'decoder.backbone_3d.conv4.2.conv2.bias', 'decoder.backbone_3d.conv4.2.bn2.weight', 'decoder.backbone_3d.conv4.2.bn2.bias', 'decoder.backbone_3d.conv4.2.bn2.running_mean', 'decoder.backbone_3d.conv4.2.bn2.running_var', 'decoder.backbone_3d.conv5.0.0.weight', 'decoder.backbone_3d.conv5.0.1.weight', 'decoder.backbone_3d.conv5.0.1.bias', 'decoder.backbone_3d.conv5.0.1.running_mean', 'decoder.backbone_3d.conv5.0.1.running_var', 'decoder.backbone_3d.conv5.1.conv1.weight', 'decoder.backbone_3d.conv5.1.conv1.bias', 'decoder.backbone_3d.conv5.1.bn1.weight', 'decoder.backbone_3d.conv5.1.bn1.bias', 'decoder.backbone_3d.conv5.1.bn1.running_mean', 'decoder.backbone_3d.conv5.1.bn1.running_var', 'decoder.backbone_3d.conv5.1.conv2.weight', 'decoder.backbone_3d.conv5.1.conv2.bias', 'decoder.backbone_3d.conv5.1.bn2.weight', 'decoder.backbone_3d.conv5.1.bn2.bias', 'decoder.backbone_3d.conv5.1.bn2.running_mean', 'decoder.backbone_3d.conv5.1.bn2.running_var', 'decoder.backbone_3d.conv5.2.conv1.weight', 'decoder.backbone_3d.conv5.2.conv1.bias', 'decoder.backbone_3d.conv5.2.bn1.weight', 'decoder.backbone_3d.conv5.2.bn1.bias', 'decoder.backbone_3d.conv5.2.bn1.running_mean', 'decoder.backbone_3d.conv5.2.bn1.running_var', 'decoder.backbone_3d.conv5.2.conv2.weight', 'decoder.backbone_3d.conv5.2.conv2.bias', 'decoder.backbone_3d.conv5.2.bn2.weight', 'decoder.backbone_3d.conv5.2.bn2.bias', 'decoder.backbone_3d.conv5.2.bn2.running_mean', 'decoder.backbone_3d.conv5.2.bn2.running_var', 'decoder.backbone_3d.conv6.0.0.weight', 'decoder.backbone_3d.conv6.0.1.weight', 'decoder.backbone_3d.conv6.0.1.bias', 'decoder.backbone_3d.conv6.0.1.running_mean', 'decoder.backbone_3d.conv6.0.1.running_var', 'decoder.backbone_3d.conv6.1.conv1.weight', 'decoder.backbone_3d.conv6.1.conv1.bias', 'decoder.backbone_3d.conv6.1.bn1.weight', 'decoder.backbone_3d.conv6.1.bn1.bias', 'decoder.backbone_3d.conv6.1.bn1.running_mean', 'decoder.backbone_3d.conv6.1.bn1.running_var', 'decoder.backbone_3d.conv6.1.conv2.weight', 'decoder.backbone_3d.conv6.1.conv2.bias', 'decoder.backbone_3d.conv6.1.bn2.weight', 'decoder.backbone_3d.conv6.1.bn2.bias', 'decoder.backbone_3d.conv6.1.bn2.running_mean', 'decoder.backbone_3d.conv6.1.bn2.running_var', 'decoder.backbone_3d.conv6.2.conv1.weight', 'decoder.backbone_3d.conv6.2.conv1.bias', 'decoder.backbone_3d.conv6.2.bn1.weight', 'decoder.backbone_3d.conv6.2.bn1.bias', 'decoder.backbone_3d.conv6.2.bn1.running_mean', 'decoder.backbone_3d.conv6.2.bn1.running_var', 'decoder.backbone_3d.conv6.2.conv2.weight', 'decoder.backbone_3d.conv6.2.conv2.bias', 'decoder.backbone_3d.conv6.2.bn2.weight', 'decoder.backbone_3d.conv6.2.bn2.bias', 'decoder.backbone_3d.conv6.2.bn2.running_mean', 'decoder.backbone_3d.conv6.2.bn2.running_var', 'decoder.backbone_3d.conv_out.0.weight', 'decoder.backbone_3d.conv_out.1.weight', 'decoder.backbone_3d.conv_out.1.bias', 'decoder.backbone_3d.conv_out.1.running_mean', 'decoder.backbone_3d.conv_out.1.running_var', 'decoder.backbone_3d.shared_conv.0.weight', 'decoder.backbone_3d.shared_conv.0.bias', 'decoder.backbone_3d.shared_conv.1.weight', 'decoder.backbone_3d.shared_conv.1.bias', 'decoder.backbone_3d.shared_conv.1.running_mean', 'decoder.backbone_3d.shared_conv.1.running_var', 'decoder.dense_head.heads_list.0.center.0.0.weight', 'decoder.dense_head.heads_list.0.center.0.0.bias', 'decoder.dense_head.heads_list.0.center.0.1.weight', 'decoder.dense_head.heads_list.0.center.0.1.bias', 'decoder.dense_head.heads_list.0.center.0.1.running_mean', 'decoder.dense_head.heads_list.0.center.0.1.running_var', 'decoder.dense_head.heads_list.0.center.1.weight', 'decoder.dense_head.heads_list.0.center.1.bias', 'decoder.dense_head.heads_list.0.center_z.0.0.weight', 'decoder.dense_head.heads_list.0.center_z.0.0.bias', 'decoder.dense_head.heads_list.0.center_z.0.1.weight', 'decoder.dense_head.heads_list.0.center_z.0.1.bias', 'decoder.dense_head.heads_list.0.center_z.0.1.running_mean', 'decoder.dense_head.heads_list.0.center_z.0.1.running_var', 'decoder.dense_head.heads_list.0.center_z.1.weight', 'decoder.dense_head.heads_list.0.center_z.1.bias', 'decoder.dense_head.heads_list.0.dim.0.0.weight', 'decoder.dense_head.heads_list.0.dim.0.0.bias', 'decoder.dense_head.heads_list.0.dim.0.1.weight', 'decoder.dense_head.heads_list.0.dim.0.1.bias', 'decoder.dense_head.heads_list.0.dim.0.1.running_mean', 'decoder.dense_head.heads_list.0.dim.0.1.running_var', 'decoder.dense_head.heads_list.0.dim.1.weight', 'decoder.dense_head.heads_list.0.dim.1.bias', 'decoder.dense_head.heads_list.0.rot.0.0.weight', 'decoder.dense_head.heads_list.0.rot.0.0.bias', 'decoder.dense_head.heads_list.0.rot.0.1.weight', 'decoder.dense_head.heads_list.0.rot.0.1.bias', 'decoder.dense_head.heads_list.0.rot.0.1.running_mean', 'decoder.dense_head.heads_list.0.rot.0.1.running_var', 'decoder.dense_head.heads_list.0.rot.1.weight', 'decoder.dense_head.heads_list.0.rot.1.bias', 'decoder.dense_head.heads_list.0.vel.0.0.weight', 'decoder.dense_head.heads_list.0.vel.0.0.bias', 'decoder.dense_head.heads_list.0.vel.0.1.weight', 'decoder.dense_head.heads_list.0.vel.0.1.bias', 'decoder.dense_head.heads_list.0.vel.0.1.running_mean', 'decoder.dense_head.heads_list.0.vel.0.1.running_var', 'decoder.dense_head.heads_list.0.vel.1.weight', 'decoder.dense_head.heads_list.0.vel.1.bias', 'decoder.dense_head.heads_list.0.hm.0.0.weight', 'decoder.dense_head.heads_list.0.hm.0.0.bias', 'decoder.dense_head.heads_list.0.hm.0.1.weight', 'decoder.dense_head.heads_list.0.hm.0.1.bias', 'decoder.dense_head.heads_list.0.hm.0.1.running_mean', 'decoder.dense_head.heads_list.0.hm.0.1.running_var', 'decoder.dense_head.heads_list.0.hm.1.weight', 'decoder.dense_head.heads_list.0.hm.1.bias', 'decoder.dense_head.heads_list.1.center.0.0.weight', 'decoder.dense_head.heads_list.1.center.0.0.bias', 'decoder.dense_head.heads_list.1.center.0.1.weight', 'decoder.dense_head.heads_list.1.center.0.1.bias', 'decoder.dense_head.heads_list.1.center.0.1.running_mean', 'decoder.dense_head.heads_list.1.center.0.1.running_var', 'decoder.dense_head.heads_list.1.center.1.weight', 'decoder.dense_head.heads_list.1.center.1.bias', 'decoder.dense_head.heads_list.1.center_z.0.0.weight', 'decoder.dense_head.heads_list.1.center_z.0.0.bias', 'decoder.dense_head.heads_list.1.center_z.0.1.weight', 'decoder.dense_head.heads_list.1.center_z.0.1.bias', 'decoder.dense_head.heads_list.1.center_z.0.1.running_mean', 'decoder.dense_head.heads_list.1.center_z.0.1.running_var', 'decoder.dense_head.heads_list.1.center_z.1.weight', 'decoder.dense_head.heads_list.1.center_z.1.bias', 'decoder.dense_head.heads_list.1.dim.0.0.weight', 'decoder.dense_head.heads_list.1.dim.0.0.bias', 'decoder.dense_head.heads_list.1.dim.0.1.weight', 'decoder.dense_head.heads_list.1.dim.0.1.bias', 'decoder.dense_head.heads_list.1.dim.0.1.running_mean', 'decoder.dense_head.heads_list.1.dim.0.1.running_var', 'decoder.dense_head.heads_list.1.dim.1.weight', 'decoder.dense_head.heads_list.1.dim.1.bias', 'decoder.dense_head.heads_list.1.rot.0.0.weight', 'decoder.dense_head.heads_list.1.rot.0.0.bias', 'decoder.dense_head.heads_list.1.rot.0.1.weight', 'decoder.dense_head.heads_list.1.rot.0.1.bias', 'decoder.dense_head.heads_list.1.rot.0.1.running_mean', 'decoder.dense_head.heads_list.1.rot.0.1.running_var', 'decoder.dense_head.heads_list.1.rot.1.weight', 'decoder.dense_head.heads_list.1.rot.1.bias', 'decoder.dense_head.heads_list.1.vel.0.0.weight', 'decoder.dense_head.heads_list.1.vel.0.0.bias', 'decoder.dense_head.heads_list.1.vel.0.1.weight', 'decoder.dense_head.heads_list.1.vel.0.1.bias', 'decoder.dense_head.heads_list.1.vel.0.1.running_mean', 'decoder.dense_head.heads_list.1.vel.0.1.running_var', 'decoder.dense_head.heads_list.1.vel.1.weight', 'decoder.dense_head.heads_list.1.vel.1.bias', 'decoder.dense_head.heads_list.1.hm.0.0.weight', 'decoder.dense_head.heads_list.1.hm.0.0.bias', 'decoder.dense_head.heads_list.1.hm.0.1.weight', 'decoder.dense_head.heads_list.1.hm.0.1.bias', 'decoder.dense_head.heads_list.1.hm.0.1.running_mean', 'decoder.dense_head.heads_list.1.hm.0.1.running_var', 'decoder.dense_head.heads_list.1.hm.1.weight', 'decoder.dense_head.heads_list.1.hm.1.bias', 'decoder.dense_head.heads_list.2.center.0.0.weight', 'decoder.dense_head.heads_list.2.center.0.0.bias', 'decoder.dense_head.heads_list.2.center.0.1.weight', 'decoder.dense_head.heads_list.2.center.0.1.bias', 'decoder.dense_head.heads_list.2.center.0.1.running_mean', 'decoder.dense_head.heads_list.2.center.0.1.running_var', 'decoder.dense_head.heads_list.2.center.1.weight', 'decoder.dense_head.heads_list.2.center.1.bias', 'decoder.dense_head.heads_list.2.center_z.0.0.weight', 'decoder.dense_head.heads_list.2.center_z.0.0.bias', 'decoder.dense_head.heads_list.2.center_z.0.1.weight', 'decoder.dense_head.heads_list.2.center_z.0.1.bias', 'decoder.dense_head.heads_list.2.center_z.0.1.running_mean', 'decoder.dense_head.heads_list.2.center_z.0.1.running_var', 'decoder.dense_head.heads_list.2.center_z.1.weight', 'decoder.dense_head.heads_list.2.center_z.1.bias', 'decoder.dense_head.heads_list.2.dim.0.0.weight', 'decoder.dense_head.heads_list.2.dim.0.0.bias', 'decoder.dense_head.heads_list.2.dim.0.1.weight', 'decoder.dense_head.heads_list.2.dim.0.1.bias', 'decoder.dense_head.heads_list.2.dim.0.1.running_mean', 'decoder.dense_head.heads_list.2.dim.0.1.running_var', 'decoder.dense_head.heads_list.2.dim.1.weight', 'decoder.dense_head.heads_list.2.dim.1.bias', 'decoder.dense_head.heads_list.2.rot.0.0.weight', 'decoder.dense_head.heads_list.2.rot.0.0.bias', 'decoder.dense_head.heads_list.2.rot.0.1.weight', 'decoder.dense_head.heads_list.2.rot.0.1.bias', 'decoder.dense_head.heads_list.2.rot.0.1.running_mean', 'decoder.dense_head.heads_list.2.rot.0.1.running_var', 'decoder.dense_head.heads_list.2.rot.1.weight', 'decoder.dense_head.heads_list.2.rot.1.bias', 'decoder.dense_head.heads_list.2.vel.0.0.weight', 'decoder.dense_head.heads_list.2.vel.0.0.bias', 'decoder.dense_head.heads_list.2.vel.0.1.weight', 'decoder.dense_head.heads_list.2.vel.0.1.bias', 'decoder.dense_head.heads_list.2.vel.0.1.running_mean', 'decoder.dense_head.heads_list.2.vel.0.1.running_var', 'decoder.dense_head.heads_list.2.vel.1.weight', 'decoder.dense_head.heads_list.2.vel.1.bias', 'decoder.dense_head.heads_list.2.hm.0.0.weight', 'decoder.dense_head.heads_list.2.hm.0.0.bias', 'decoder.dense_head.heads_list.2.hm.0.1.weight', 'decoder.dense_head.heads_list.2.hm.0.1.bias', 'decoder.dense_head.heads_list.2.hm.0.1.running_mean', 'decoder.dense_head.heads_list.2.hm.0.1.running_var', 'decoder.dense_head.heads_list.2.hm.1.weight', 'decoder.dense_head.heads_list.2.hm.1.bias', 'decoder.dense_head.heads_list.3.center.0.0.weight', 'decoder.dense_head.heads_list.3.center.0.0.bias', 'decoder.dense_head.heads_list.3.center.0.1.weight', 'decoder.dense_head.heads_list.3.center.0.1.bias', 'decoder.dense_head.heads_list.3.center.0.1.running_mean', 'decoder.dense_head.heads_list.3.center.0.1.running_var', 'decoder.dense_head.heads_list.3.center.1.weight', 'decoder.dense_head.heads_list.3.center.1.bias', 'decoder.dense_head.heads_list.3.center_z.0.0.weight', 'decoder.dense_head.heads_list.3.center_z.0.0.bias', 'decoder.dense_head.heads_list.3.center_z.0.1.weight', 'decoder.dense_head.heads_list.3.center_z.0.1.bias', 'decoder.dense_head.heads_list.3.center_z.0.1.running_mean', 'decoder.dense_head.heads_list.3.center_z.0.1.running_var', 'decoder.dense_head.heads_list.3.center_z.1.weight', 'decoder.dense_head.heads_list.3.center_z.1.bias', 'decoder.dense_head.heads_list.3.dim.0.0.weight', 'decoder.dense_head.heads_list.3.dim.0.0.bias', 'decoder.dense_head.heads_list.3.dim.0.1.weight', 'decoder.dense_head.heads_list.3.dim.0.1.bias', 'decoder.dense_head.heads_list.3.dim.0.1.running_mean', 'decoder.dense_head.heads_list.3.dim.0.1.running_var', 'decoder.dense_head.heads_list.3.dim.1.weight', 'decoder.dense_head.heads_list.3.dim.1.bias', 'decoder.dense_head.heads_list.3.rot.0.0.weight', 'decoder.dense_head.heads_list.3.rot.0.0.bias', 'decoder.dense_head.heads_list.3.rot.0.1.weight', 'decoder.dense_head.heads_list.3.rot.0.1.bias', 'decoder.dense_head.heads_list.3.rot.0.1.running_mean', 'decoder.dense_head.heads_list.3.rot.0.1.running_var', 'decoder.dense_head.heads_list.3.rot.1.weight', 'decoder.dense_head.heads_list.3.rot.1.bias', 'decoder.dense_head.heads_list.3.vel.0.0.weight', 'decoder.dense_head.heads_list.3.vel.0.0.bias', 'decoder.dense_head.heads_list.3.vel.0.1.weight', 'decoder.dense_head.heads_list.3.vel.0.1.bias', 'decoder.dense_head.heads_list.3.vel.0.1.running_mean', 'decoder.dense_head.heads_list.3.vel.0.1.running_var', 'decoder.dense_head.heads_list.3.vel.1.weight', 'decoder.dense_head.heads_list.3.vel.1.bias', 'decoder.dense_head.heads_list.3.hm.0.0.weight', 'decoder.dense_head.heads_list.3.hm.0.0.bias', 'decoder.dense_head.heads_list.3.hm.0.1.weight', 'decoder.dense_head.heads_list.3.hm.0.1.bias', 'decoder.dense_head.heads_list.3.hm.0.1.running_mean', 'decoder.dense_head.heads_list.3.hm.0.1.running_var', 'decoder.dense_head.heads_list.3.hm.1.weight', 'decoder.dense_head.heads_list.3.hm.1.bias', 'decoder.dense_head.heads_list.4.center.0.0.weight', 'decoder.dense_head.heads_list.4.center.0.0.bias', 'decoder.dense_head.heads_list.4.center.0.1.weight', 'decoder.dense_head.heads_list.4.center.0.1.bias', 'decoder.dense_head.heads_list.4.center.0.1.running_mean', 'decoder.dense_head.heads_list.4.center.0.1.running_var', 'decoder.dense_head.heads_list.4.center.1.weight', 'decoder.dense_head.heads_list.4.center.1.bias', 'decoder.dense_head.heads_list.4.center_z.0.0.weight', 'decoder.dense_head.heads_list.4.center_z.0.0.bias', 'decoder.dense_head.heads_list.4.center_z.0.1.weight', 'decoder.dense_head.heads_list.4.center_z.0.1.bias', 'decoder.dense_head.heads_list.4.center_z.0.1.running_mean', 'decoder.dense_head.heads_list.4.center_z.0.1.running_var', 'decoder.dense_head.heads_list.4.center_z.1.weight', 'decoder.dense_head.heads_list.4.center_z.1.bias', 'decoder.dense_head.heads_list.4.dim.0.0.weight', 'decoder.dense_head.heads_list.4.dim.0.0.bias', 'decoder.dense_head.heads_list.4.dim.0.1.weight', 'decoder.dense_head.heads_list.4.dim.0.1.bias', 'decoder.dense_head.heads_list.4.dim.0.1.running_mean', 'decoder.dense_head.heads_list.4.dim.0.1.running_var', 'decoder.dense_head.heads_list.4.dim.1.weight', 'decoder.dense_head.heads_list.4.dim.1.bias', 'decoder.dense_head.heads_list.4.rot.0.0.weight', 'decoder.dense_head.heads_list.4.rot.0.0.bias', 'decoder.dense_head.heads_list.4.rot.0.1.weight', 'decoder.dense_head.heads_list.4.rot.0.1.bias', 'decoder.dense_head.heads_list.4.rot.0.1.running_mean', 'decoder.dense_head.heads_list.4.rot.0.1.running_var', 'decoder.dense_head.heads_list.4.rot.1.weight', 'decoder.dense_head.heads_list.4.rot.1.bias', 'decoder.dense_head.heads_list.4.vel.0.0.weight', 'decoder.dense_head.heads_list.4.vel.0.0.bias', 'decoder.dense_head.heads_list.4.vel.0.1.weight', 'decoder.dense_head.heads_list.4.vel.0.1.bias', 'decoder.dense_head.heads_list.4.vel.0.1.running_mean', 'decoder.dense_head.heads_list.4.vel.0.1.running_var', 'decoder.dense_head.heads_list.4.vel.1.weight', 'decoder.dense_head.heads_list.4.vel.1.bias', 'decoder.dense_head.heads_list.4.hm.0.0.weight', 'decoder.dense_head.heads_list.4.hm.0.0.bias', 'decoder.dense_head.heads_list.4.hm.0.1.weight', 'decoder.dense_head.heads_list.4.hm.0.1.bias', 'decoder.dense_head.heads_list.4.hm.0.1.running_mean', 'decoder.dense_head.heads_list.4.hm.0.1.running_var', 'decoder.dense_head.heads_list.4.hm.1.weight', 'decoder.dense_head.heads_list.4.hm.1.bias', 'decoder.dense_head.heads_list.5.center.0.0.weight', 'decoder.dense_head.heads_list.5.center.0.0.bias', 'decoder.dense_head.heads_list.5.center.0.1.weight', 'decoder.dense_head.heads_list.5.center.0.1.bias', 'decoder.dense_head.heads_list.5.center.0.1.running_mean', 'decoder.dense_head.heads_list.5.center.0.1.running_var', 'decoder.dense_head.heads_list.5.center.1.weight', 'decoder.dense_head.heads_list.5.center.1.bias', 'decoder.dense_head.heads_list.5.center_z.0.0.weight', 'decoder.dense_head.heads_list.5.center_z.0.0.bias', 'decoder.dense_head.heads_list.5.center_z.0.1.weight', 'decoder.dense_head.heads_list.5.center_z.0.1.bias', 'decoder.dense_head.heads_list.5.center_z.0.1.running_mean', 'decoder.dense_head.heads_list.5.center_z.0.1.running_var', 'decoder.dense_head.heads_list.5.center_z.1.weight', 'decoder.dense_head.heads_list.5.center_z.1.bias', 'decoder.dense_head.heads_list.5.dim.0.0.weight', 'decoder.dense_head.heads_list.5.dim.0.0.bias', 'decoder.dense_head.heads_list.5.dim.0.1.weight', 'decoder.dense_head.heads_list.5.dim.0.1.bias', 'decoder.dense_head.heads_list.5.dim.0.1.running_mean', 'decoder.dense_head.heads_list.5.dim.0.1.running_var', 'decoder.dense_head.heads_list.5.dim.1.weight', 'decoder.dense_head.heads_list.5.dim.1.bias', 'decoder.dense_head.heads_list.5.rot.0.0.weight', 'decoder.dense_head.heads_list.5.rot.0.0.bias', 'decoder.dense_head.heads_list.5.rot.0.1.weight', 'decoder.dense_head.heads_list.5.rot.0.1.bias', 'decoder.dense_head.heads_list.5.rot.0.1.running_mean', 'decoder.dense_head.heads_list.5.rot.0.1.running_var', 'decoder.dense_head.heads_list.5.rot.1.weight', 'decoder.dense_head.heads_list.5.rot.1.bias', 'decoder.dense_head.heads_list.5.vel.0.0.weight', 'decoder.dense_head.heads_list.5.vel.0.0.bias', 'decoder.dense_head.heads_list.5.vel.0.1.weight', 'decoder.dense_head.heads_list.5.vel.0.1.bias', 'decoder.dense_head.heads_list.5.vel.0.1.running_mean', 'decoder.dense_head.heads_list.5.vel.0.1.running_var', 'decoder.dense_head.heads_list.5.vel.1.weight', 'decoder.dense_head.heads_list.5.vel.1.bias', 'decoder.dense_head.heads_list.5.hm.0.0.weight', 'decoder.dense_head.heads_list.5.hm.0.0.bias', 'decoder.dense_head.heads_list.5.hm.0.1.weight', 'decoder.dense_head.heads_list.5.hm.0.1.bias', 'decoder.dense_head.heads_list.5.hm.0.1.running_mean', 'decoder.dense_head.heads_list.5.hm.0.1.running_var', 'decoder.dense_head.heads_list.5.hm.1.weight', 'decoder.dense_head.heads_list.5.hm.1.bias', 'map_decoder.pts_bbox_head.code_weights', 'map_decoder.pts_bbox_head.loss_seg.loss_fn.pos_weight', 'map_decoder.pts_bbox_head.loss_pv_seg.loss_fn.pos_weight', 'map_decoder.pts_bbox_head.map_adapter_layers.0.0.weight', 'map_decoder.pts_bbox_head.map_adapter_layers.0.0.bias', 'map_decoder.pts_bbox_head.map_adapter_layers.0.1.weight', 'map_decoder.pts_bbox_head.map_adapter_layers.0.1.bias', 'map_decoder.pts_bbox_head.map_adapter_layers.0.1.running_mean', 'map_decoder.pts_bbox_head.map_adapter_layers.0.1.running_var', 'map_decoder.pts_bbox_head.map_adapter_layers.1.weight', 'map_decoder.pts_bbox_head.map_adapter_layers.1.bias', 'map_decoder.pts_bbox_head.cls_branches.0.weight', 'map_decoder.pts_bbox_head.cls_branches.0.bias', 'map_decoder.pts_bbox_head.cls_branches.1.weight', 'map_decoder.pts_bbox_head.cls_branches.1.bias', 'map_decoder.pts_bbox_head.cls_branches.3.weight', 'map_decoder.pts_bbox_head.cls_branches.3.bias', 'map_decoder.pts_bbox_head.cls_branches.4.weight', 'map_decoder.pts_bbox_head.cls_branches.4.bias', 'map_decoder.pts_bbox_head.cls_branches.6.weight', 'map_decoder.pts_bbox_head.cls_branches.6.bias', 'map_decoder.pts_bbox_head.reg_branches.0.weight', 'map_decoder.pts_bbox_head.reg_branches.0.bias', 'map_decoder.pts_bbox_head.reg_branches.2.weight', 'map_decoder.pts_bbox_head.reg_branches.2.bias', 'map_decoder.pts_bbox_head.reg_branches.4.weight', 'map_decoder.pts_bbox_head.reg_branches.4.bias', 'map_decoder.pts_bbox_head.reg_branches.6.weight', 'map_decoder.pts_bbox_head.reg_branches.6.bias', 'planner_head.ego_query.weight', 'planner_head.ego_agent_decoder.layers.0.attentions.0.attn.in_proj_weight', 'planner_head.ego_agent_decoder.layers.0.attentions.0.attn.in_proj_bias', 'planner_head.ego_agent_decoder.layers.0.attentions.0.attn.out_proj.weight', 'planner_head.ego_agent_decoder.layers.0.attentions.0.attn.out_proj.bias', 'planner_head.ego_agent_decoder.layers.0.ffns.0.layers.0.0.weight', 'planner_head.ego_agent_decoder.layers.0.ffns.0.layers.0.0.bias', 'planner_head.ego_agent_decoder.layers.0.ffns.0.layers.1.weight', 'planner_head.ego_agent_decoder.layers.0.ffns.0.layers.1.bias', 'planner_head.ego_agent_decoder.layers.0.norms.0.weight', 'planner_head.ego_agent_decoder.layers.0.norms.0.bias', 'planner_head.ego_agent_decoder.layers.0.norms.1.weight', 'planner_head.ego_agent_decoder.layers.0.norms.1.bias', 'planner_head.ego_map_decoder.layers.0.attentions.0.attn.in_proj_weight', 'planner_head.ego_map_decoder.layers.0.attentions.0.attn.in_proj_bias', 'planner_head.ego_map_decoder.layers.0.attentions.0.attn.out_proj.weight', 'planner_head.ego_map_decoder.layers.0.attentions.0.attn.out_proj.bias', 'planner_head.ego_map_decoder.layers.0.ffns.0.layers.0.0.weight', 'planner_head.ego_map_decoder.layers.0.ffns.0.layers.0.0.bias', 'planner_head.ego_map_decoder.layers.0.ffns.0.layers.1.weight', 'planner_head.ego_map_decoder.layers.0.ffns.0.layers.1.bias', 'planner_head.ego_map_decoder.layers.0.norms.0.weight', 'planner_head.ego_map_decoder.layers.0.norms.0.bias', 'planner_head.ego_map_decoder.layers.0.norms.1.weight', 'planner_head.ego_map_decoder.layers.0.norms.1.bias', 'planner_head.ego_gaussian_decoder.layers.0.attentions.0.attn.in_proj_weight', 'planner_head.ego_gaussian_decoder.layers.0.attentions.0.attn.in_proj_bias', 'planner_head.ego_gaussian_decoder.layers.0.attentions.0.attn.out_proj.weight', 'planner_head.ego_gaussian_decoder.layers.0.attentions.0.attn.out_proj.bias', 'planner_head.ego_gaussian_decoder.layers.0.ffns.0.layers.0.0.weight', 'planner_head.ego_gaussian_decoder.layers.0.ffns.0.layers.0.0.bias', 'planner_head.ego_gaussian_decoder.layers.0.ffns.0.layers.1.weight', 'planner_head.ego_gaussian_decoder.layers.0.ffns.0.layers.1.bias', 'planner_head.ego_gaussian_decoder.layers.0.norms.0.weight', 'planner_head.ego_gaussian_decoder.layers.0.norms.0.bias', 'planner_head.ego_gaussian_decoder.layers.0.norms.1.weight', 'planner_head.ego_gaussian_decoder.layers.0.norms.1.bias', 'planner_head.ego_fut_decoder.0.weight', 'planner_head.ego_fut_decoder.0.bias', 'planner_head.ego_fut_decoder.2.weight', 'planner_head.ego_fut_decoder.2.bias', 'planner_head.ego_fut_decoder.4.weight', 'planner_head.ego_fut_decoder.4.bias', 'planner_head.agent_fus_mlp.0.weight', 'planner_head.agent_fus_mlp.0.bias', 'planner_head.agent_fus_mlp.1.weight', 'planner_head.agent_fus_mlp.1.bias', 'planner_head.agent_fus_mlp.3.weight', 'planner_head.agent_fus_mlp.3.bias', 'planner_head.map_fus_mlp.0.weight', 'planner_head.map_fus_mlp.0.bias', 'planner_head.map_fus_mlp.1.weight', 'planner_head.map_fus_mlp.1.bias', 'planner_head.map_fus_mlp.3.weight', 'planner_head.map_fus_mlp.3.bias', 'planner_head.gaussian_fus_mlp.0.weight', 'planner_head.gaussian_fus_mlp.0.bias', 'planner_head.gaussian_fus_mlp.1.weight', 'planner_head.gaussian_fus_mlp.1.bias', 'planner_head.gaussian_fus_mlp.3.weight', 'planner_head.gaussian_fus_mlp.3.bias'], unexpected_keys=['bbox_head.bld_alpha', 'bbox_head.cls_convs.0.conv.weight', 'bbox_head.cls_convs.0.conv.bias', 'bbox_head.cls_convs.0.gn.weight', 'bbox_head.cls_convs.0.gn.bias', 'bbox_head.cls_convs.1.conv.weight', 'bbox_head.cls_convs.1.conv.bias', 'bbox_head.cls_convs.1.conv.conv_offset.weight', 'bbox_head.cls_convs.1.conv.conv_offset.bias', 'bbox_head.cls_convs.1.gn.weight', 'bbox_head.cls_convs.1.gn.bias', 'bbox_head.reg_convs.0.conv.weight', 'bbox_head.reg_convs.0.conv.bias', 'bbox_head.reg_convs.0.gn.weight', 'bbox_head.reg_convs.0.gn.bias', 'bbox_head.reg_convs.1.conv.weight', 'bbox_head.reg_convs.1.conv.bias', 'bbox_head.reg_convs.1.conv.conv_offset.weight', 'bbox_head.reg_convs.1.conv.conv_offset.bias', 'bbox_head.reg_convs.1.gn.weight', 'bbox_head.reg_convs.1.gn.bias', 'bbox_head.conv_cls_prev.0.conv.weight', 'bbox_head.conv_cls_prev.0.conv.bias', 'bbox_head.conv_cls_prev.0.gn.weight', 'bbox_head.conv_cls_prev.0.gn.bias', 'bbox_head.conv_cls.weight', 'bbox_head.conv_cls.bias', 'bbox_head.conv_reg_prevs.0.0.conv.weight', 'bbox_head.conv_reg_prevs.0.0.conv.bias', 'bbox_head.conv_reg_prevs.0.0.gn.weight', 'bbox_head.conv_reg_prevs.0.0.gn.bias', 'bbox_head.conv_reg_prevs.1.0.conv.weight', 'bbox_head.conv_reg_prevs.1.0.conv.bias', 'bbox_head.conv_reg_prevs.1.0.gn.weight', 'bbox_head.conv_reg_prevs.1.0.gn.bias', 'bbox_head.conv_reg_prevs.2.0.conv.weight', 'bbox_head.conv_reg_prevs.2.0.conv.bias', 'bbox_head.conv_reg_prevs.2.0.gn.weight', 'bbox_head.conv_reg_prevs.2.0.gn.bias', 'bbox_head.conv_reg_prevs.3.0.conv.weight', 'bbox_head.conv_reg_prevs.3.0.conv.bias', 'bbox_head.conv_reg_prevs.3.0.gn.weight', 'bbox_head.conv_reg_prevs.3.0.gn.bias', 'bbox_head.conv_reg_prevs.5.0.conv.weight', 'bbox_head.conv_reg_prevs.5.0.conv.bias', 'bbox_head.conv_reg_prevs.5.0.gn.weight', 'bbox_head.conv_reg_prevs.5.0.gn.bias', 'bbox_head.conv_regs.0.weight', 'bbox_head.conv_regs.0.bias', 'bbox_head.conv_regs.1.weight', 'bbox_head.conv_regs.1.bias', 'bbox_head.conv_regs.2.weight', 'bbox_head.conv_regs.2.bias', 'bbox_head.conv_regs.3.weight', 'bbox_head.conv_regs.3.bias', 'bbox_head.conv_regs.4.weight', 'bbox_head.conv_regs.4.bias', 'bbox_head.conv_regs.5.weight', 'bbox_head.conv_regs.5.bias', 'bbox_head.conv_dir_cls_prev.0.conv.weight', 'bbox_head.conv_dir_cls_prev.0.conv.bias', 'bbox_head.conv_dir_cls_prev.0.gn.weight', 'bbox_head.conv_dir_cls_prev.0.gn.bias', 'bbox_head.conv_dir_cls.weight', 'bbox_head.conv_dir_cls.bias', 'bbox_head.conv_attr_prev.0.conv.weight', 'bbox_head.conv_attr_prev.0.conv.bias', 'bbox_head.conv_attr_prev.0.gn.weight', 'bbox_head.conv_attr_prev.0.gn.bias', 'bbox_head.conv_attr.weight', 'bbox_head.conv_attr.bias', 'bbox_head.conv_depth_cls_prev.0.conv.weight', 'bbox_head.conv_depth_cls_prev.0.conv.bias', 'bbox_head.conv_depth_cls_prev.0.gn.weight', 'bbox_head.conv_depth_cls_prev.0.gn.bias', 'bbox_head.conv_depth_cls.weight', 'bbox_head.conv_depth_cls.bias', 'bbox_head.conv_centerness_prev.0.conv.weight', 'bbox_head.conv_centerness_prev.0.conv.bias', 'bbox_head.conv_centerness_prev.0.gn.weight', 'bbox_head.conv_centerness_prev.0.gn.bias', 'bbox_head.conv_centerness.weight', 'bbox_head.conv_centerness.bias', 'bbox_head.scales.0.0.scale', 'bbox_head.scales.0.1.scale', 'bbox_head.scales.0.2.scale', 'bbox_head.scales.0.3.scale', 'bbox_head.scales.1.0.scale', 'bbox_head.scales.1.1.scale', 'bbox_head.scales.1.2.scale', 'bbox_head.scales.1.3.scale', 'bbox_head.scales.2.0.scale', 'bbox_head.scales.2.1.scale', 'bbox_head.scales.2.2.scale', 'bbox_head.scales.2.3.scale', 'bbox_head.scales.3.0.scale', 'bbox_head.scales.3.1.scale', 'bbox_head.scales.3.2.scale', 'bbox_head.scales.3.3.scale', 'bbox_head.scales.4.0.scale', 'bbox_head.scales.4.1.scale', 'bbox_head.scales.4.2.scale', 'bbox_head.scales.4.3.scale'])
tensor([1.0155, 1.0690, 1.3001, 1.0725, 0.9464, 1.1009, 1.2696, 1.0626, 1.1890,
        1.0622, 1.0060, 0.8571, 1.0392, 0.9087, 0.8936, 0.8549, 0.8528, 0.5000])
tensor([1.0155, 1.0690, 1.3001, 1.0725, 0.9464, 1.1009, 1.2696, 1.0626, 1.1890,
        1.0622, 1.0060, 0.8571, 1.0392, 0.9087, 0.8936, 0.8549, 0.8528, 0.5000])
_IncompatibleKeys(missing_keys=['img_neck.lateral_convs.0.conv.weight', 'img_neck.lateral_convs.0.conv.bias', 'img_neck.lateral_convs.1.conv.weight', 'img_neck.lateral_convs.1.conv.bias', 'img_neck.lateral_convs.2.conv.weight', 'img_neck.lateral_convs.2.conv.bias', 'img_neck.fpn_convs.0.conv.weight', 'img_neck.fpn_convs.0.conv.bias', 'img_neck.fpn_convs.1.conv.weight', 'img_neck.fpn_convs.1.conv.bias', 'img_neck.fpn_convs.2.conv.weight', 'img_neck.fpn_convs.2.conv.bias', 'img_neck.fpn_convs.3.conv.weight', 'img_neck.fpn_convs.3.conv.bias', 'lifter.anchor', 'encoder.anchor_encoder.xyz_fc.0.weight', 'encoder.anchor_encoder.xyz_fc.0.bias', 'encoder.anchor_encoder.xyz_fc.2.weight', 'encoder.anchor_encoder.xyz_fc.2.bias', 'encoder.anchor_encoder.xyz_fc.3.weight', 'encoder.anchor_encoder.xyz_fc.3.bias', 'encoder.anchor_encoder.xyz_fc.5.weight', 'encoder.anchor_encoder.xyz_fc.5.bias', 'encoder.anchor_encoder.scale_fc.0.weight', 'encoder.anchor_encoder.scale_fc.0.bias', 'encoder.anchor_encoder.scale_fc.2.weight', 'encoder.anchor_encoder.scale_fc.2.bias', 'encoder.anchor_encoder.scale_fc.3.weight', 'encoder.anchor_encoder.scale_fc.3.bias', 'encoder.anchor_encoder.scale_fc.5.weight', 'encoder.anchor_encoder.scale_fc.5.bias', 'encoder.anchor_encoder.rot_fc.0.weight', 'encoder.anchor_encoder.rot_fc.0.bias', 'encoder.anchor_encoder.rot_fc.2.weight', 'encoder.anchor_encoder.rot_fc.2.bias', 'encoder.anchor_encoder.rot_fc.3.weight', 'encoder.anchor_encoder.rot_fc.3.bias', 'encoder.anchor_encoder.rot_fc.5.weight', 'encoder.anchor_encoder.rot_fc.5.bias', 'encoder.anchor_encoder.opacity_fc.0.weight', 'encoder.anchor_encoder.opacity_fc.0.bias', 'encoder.anchor_encoder.opacity_fc.2.weight', 'encoder.anchor_encoder.opacity_fc.2.bias', 'encoder.anchor_encoder.opacity_fc.3.weight', 'encoder.anchor_encoder.opacity_fc.3.bias', 'encoder.anchor_encoder.opacity_fc.5.weight', 'encoder.anchor_encoder.opacity_fc.5.bias', 'encoder.anchor_encoder.semantics_fc.0.weight', 'encoder.anchor_encoder.semantics_fc.0.bias', 'encoder.anchor_encoder.semantics_fc.2.weight', 'encoder.anchor_encoder.semantics_fc.2.bias', 'encoder.anchor_encoder.semantics_fc.3.weight', 'encoder.anchor_encoder.semantics_fc.3.bias', 'encoder.anchor_encoder.semantics_fc.5.weight', 'encoder.anchor_encoder.semantics_fc.5.bias', 'encoder.anchor_encoder.offset_fc.0.weight', 'encoder.anchor_encoder.offset_fc.0.bias', 'encoder.anchor_encoder.offset_fc.2.weight', 'encoder.anchor_encoder.offset_fc.2.bias', 'encoder.anchor_encoder.offset_fc.3.weight', 'encoder.anchor_encoder.offset_fc.3.bias', 'encoder.anchor_encoder.offset_fc.5.weight', 'encoder.anchor_encoder.offset_fc.5.bias', 'encoder.anchor_encoder.output_fc.0.weight', 'encoder.anchor_encoder.output_fc.0.bias', 'encoder.anchor_encoder.output_fc.2.weight', 'encoder.anchor_encoder.output_fc.2.bias', 'encoder.anchor_encoder.output_fc.3.weight', 'encoder.anchor_encoder.output_fc.3.bias', 'encoder.anchor_encoder.output_fc.5.weight', 'encoder.anchor_encoder.output_fc.5.bias', 'encoder.layers.0.kps_generator.learnable_fc.weight', 'encoder.layers.0.kps_generator.learnable_fc.bias', 'encoder.layers.0.output_proj.weight', 'encoder.layers.0.output_proj.bias', 'encoder.layers.0.camera_encoder.0.weight', 'encoder.layers.0.camera_encoder.0.bias', 'encoder.layers.0.camera_encoder.2.weight', 'encoder.layers.0.camera_encoder.2.bias', 'encoder.layers.0.camera_encoder.3.weight', 'encoder.layers.0.camera_encoder.3.bias', 'encoder.layers.0.camera_encoder.5.weight', 'encoder.layers.0.camera_encoder.5.bias', 'encoder.layers.0.weights_fc.weight', 'encoder.layers.0.weights_fc.bias', 'encoder.layers.1.pre_norm.weight', 'encoder.layers.1.pre_norm.bias', 'encoder.layers.1.layers.0.0.weight', 'encoder.layers.1.layers.0.0.bias', 'encoder.layers.1.layers.1.weight', 'encoder.layers.1.layers.1.bias', 'encoder.layers.1.identity_fc.weight', 'encoder.layers.1.identity_fc.bias', 'encoder.layers.2.weight', 'encoder.layers.2.bias', 'encoder.layers.3.layers.0.weight', 'encoder.layers.3.layers.0.bias', 'encoder.layers.3.layers.2.weight', 'encoder.layers.3.layers.2.bias', 'encoder.layers.3.layers.4.weight', 'encoder.layers.3.layers.4.bias', 'encoder.layers.3.layers.5.weight', 'encoder.layers.3.layers.5.bias', 'encoder.layers.3.layers.7.weight', 'encoder.layers.3.layers.7.bias', 'encoder.layers.3.layers.9.weight', 'encoder.layers.3.layers.9.bias', 'encoder.layers.3.layers.10.weight', 'encoder.layers.3.layers.10.bias', 'encoder.layers.3.layers.11.scale', 'encoder.layers.4.layers.0.weight', 'encoder.layers.4.layers.0.bias', 'encoder.layers.4.layers.1.weight', 'encoder.layers.4.layers.1.bias', 'encoder.layers.4.layers.3.weight', 'encoder.layers.4.layers.3.bias', 'encoder.layers.4.layers.4.weight', 'encoder.layers.4.layers.4.bias', 'encoder.layers.4.layers.6.weight', 'encoder.layers.4.layers.6.bias', 'encoder.layers.4.layers.7.weight', 'encoder.layers.4.layers.7.bias', 'encoder.layers.4.output_proj.weight', 'encoder.layers.4.output_proj.bias', 'encoder.layers.5.weight', 'encoder.layers.5.bias', 'encoder.layers.6.kps_generator.learnable_fc.weight', 'encoder.layers.6.kps_generator.learnable_fc.bias', 'encoder.layers.6.output_proj.weight', 'encoder.layers.6.output_proj.bias', 'encoder.layers.6.camera_encoder.0.weight', 'encoder.layers.6.camera_encoder.0.bias', 'encoder.layers.6.camera_encoder.2.weight', 'encoder.layers.6.camera_encoder.2.bias', 'encoder.layers.6.camera_encoder.3.weight', 'encoder.layers.6.camera_encoder.3.bias', 'encoder.layers.6.camera_encoder.5.weight', 'encoder.layers.6.camera_encoder.5.bias', 'encoder.layers.6.weights_fc.weight', 'encoder.layers.6.weights_fc.bias', 'encoder.layers.7.pre_norm.weight', 'encoder.layers.7.pre_norm.bias', 'encoder.layers.7.layers.0.0.weight', 'encoder.layers.7.layers.0.0.bias', 'encoder.layers.7.layers.1.weight', 'encoder.layers.7.layers.1.bias', 'encoder.layers.7.identity_fc.weight', 'encoder.layers.7.identity_fc.bias', 'encoder.layers.8.weight', 'encoder.layers.8.bias', 'encoder.layers.9.layers.0.weight', 'encoder.layers.9.layers.0.bias', 'encoder.layers.9.layers.2.weight', 'encoder.layers.9.layers.2.bias', 'encoder.layers.9.layers.4.weight', 'encoder.layers.9.layers.4.bias', 'encoder.layers.9.layers.5.weight', 'encoder.layers.9.layers.5.bias', 'encoder.layers.9.layers.7.weight', 'encoder.layers.9.layers.7.bias', 'encoder.layers.9.layers.9.weight', 'encoder.layers.9.layers.9.bias', 'encoder.layers.9.layers.10.weight', 'encoder.layers.9.layers.10.bias', 'encoder.layers.9.layers.11.scale', 'encoder.layers.10.layers.0.weight', 'encoder.layers.10.layers.0.bias', 'encoder.layers.10.layers.1.weight', 'encoder.layers.10.layers.1.bias', 'encoder.layers.10.layers.3.weight', 'encoder.layers.10.layers.3.bias', 'encoder.layers.10.layers.4.weight', 'encoder.layers.10.layers.4.bias', 'encoder.layers.10.layers.6.weight', 'encoder.layers.10.layers.6.bias', 'encoder.layers.10.layers.7.weight', 'encoder.layers.10.layers.7.bias', 'encoder.layers.10.output_proj.weight', 'encoder.layers.10.output_proj.bias', 'encoder.layers.11.weight', 'encoder.layers.11.bias', 'encoder.layers.12.kps_generator.learnable_fc.weight', 'encoder.layers.12.kps_generator.learnable_fc.bias', 'encoder.layers.12.output_proj.weight', 'encoder.layers.12.output_proj.bias', 'encoder.layers.12.camera_encoder.0.weight', 'encoder.layers.12.camera_encoder.0.bias', 'encoder.layers.12.camera_encoder.2.weight', 'encoder.layers.12.camera_encoder.2.bias', 'encoder.layers.12.camera_encoder.3.weight', 'encoder.layers.12.camera_encoder.3.bias', 'encoder.layers.12.camera_encoder.5.weight', 'encoder.layers.12.camera_encoder.5.bias', 'encoder.layers.12.weights_fc.weight', 'encoder.layers.12.weights_fc.bias', 'encoder.layers.13.pre_norm.weight', 'encoder.layers.13.pre_norm.bias', 'encoder.layers.13.layers.0.0.weight', 'encoder.layers.13.layers.0.0.bias', 'encoder.layers.13.layers.1.weight', 'encoder.layers.13.layers.1.bias', 'encoder.layers.13.identity_fc.weight', 'encoder.layers.13.identity_fc.bias', 'encoder.layers.14.weight', 'encoder.layers.14.bias', 'encoder.layers.15.layers.0.weight', 'encoder.layers.15.layers.0.bias', 'encoder.layers.15.layers.2.weight', 'encoder.layers.15.layers.2.bias', 'encoder.layers.15.layers.4.weight', 'encoder.layers.15.layers.4.bias', 'encoder.layers.15.layers.5.weight', 'encoder.layers.15.layers.5.bias', 'encoder.layers.15.layers.7.weight', 'encoder.layers.15.layers.7.bias', 'encoder.layers.15.layers.9.weight', 'encoder.layers.15.layers.9.bias', 'encoder.layers.15.layers.10.weight', 'encoder.layers.15.layers.10.bias', 'encoder.layers.15.layers.11.scale', 'encoder.layers.16.layers.0.weight', 'encoder.layers.16.layers.0.bias', 'encoder.layers.16.layers.1.weight', 'encoder.layers.16.layers.1.bias', 'encoder.layers.16.layers.3.weight', 'encoder.layers.16.layers.3.bias', 'encoder.layers.16.layers.4.weight', 'encoder.layers.16.layers.4.bias', 'encoder.layers.16.layers.6.weight', 'encoder.layers.16.layers.6.bias', 'encoder.layers.16.layers.7.weight', 'encoder.layers.16.layers.7.bias', 'encoder.layers.16.output_proj.weight', 'encoder.layers.16.output_proj.bias', 'encoder.layers.17.weight', 'encoder.layers.17.bias', 'encoder.layers.18.kps_generator.learnable_fc.weight', 'encoder.layers.18.kps_generator.learnable_fc.bias', 'encoder.layers.18.output_proj.weight', 'encoder.layers.18.output_proj.bias', 'encoder.layers.18.camera_encoder.0.weight', 'encoder.layers.18.camera_encoder.0.bias', 'encoder.layers.18.camera_encoder.2.weight', 'encoder.layers.18.camera_encoder.2.bias', 'encoder.layers.18.camera_encoder.3.weight', 'encoder.layers.18.camera_encoder.3.bias', 'encoder.layers.18.camera_encoder.5.weight', 'encoder.layers.18.camera_encoder.5.bias', 'encoder.layers.18.weights_fc.weight', 'encoder.layers.18.weights_fc.bias', 'encoder.layers.19.pre_norm.weight', 'encoder.layers.19.pre_norm.bias', 'encoder.layers.19.layers.0.0.weight', 'encoder.layers.19.layers.0.0.bias', 'encoder.layers.19.layers.1.weight', 'encoder.layers.19.layers.1.bias', 'encoder.layers.19.identity_fc.weight', 'encoder.layers.19.identity_fc.bias', 'encoder.layers.20.weight', 'encoder.layers.20.bias', 'encoder.layers.21.layers.0.weight', 'encoder.layers.21.layers.0.bias', 'encoder.layers.21.layers.2.weight', 'encoder.layers.21.layers.2.bias', 'encoder.layers.21.layers.4.weight', 'encoder.layers.21.layers.4.bias', 'encoder.layers.21.layers.5.weight', 'encoder.layers.21.layers.5.bias', 'encoder.layers.21.layers.7.weight', 'encoder.layers.21.layers.7.bias', 'encoder.layers.21.layers.9.weight', 'encoder.layers.21.layers.9.bias', 'encoder.layers.21.layers.10.weight', 'encoder.layers.21.layers.10.bias', 'encoder.layers.21.layers.11.scale', 'temporal_encoder.anchor_encoder.xyz_fc.0.weight', 'temporal_encoder.anchor_encoder.xyz_fc.0.bias', 'temporal_encoder.anchor_encoder.xyz_fc.2.weight', 'temporal_encoder.anchor_encoder.xyz_fc.2.bias', 'temporal_encoder.anchor_encoder.xyz_fc.3.weight', 'temporal_encoder.anchor_encoder.xyz_fc.3.bias', 'temporal_encoder.anchor_encoder.xyz_fc.5.weight', 'temporal_encoder.anchor_encoder.xyz_fc.5.bias', 'temporal_encoder.anchor_encoder.scale_fc.0.weight', 'temporal_encoder.anchor_encoder.scale_fc.0.bias', 'temporal_encoder.anchor_encoder.scale_fc.2.weight', 'temporal_encoder.anchor_encoder.scale_fc.2.bias', 'temporal_encoder.anchor_encoder.scale_fc.3.weight', 'temporal_encoder.anchor_encoder.scale_fc.3.bias', 'temporal_encoder.anchor_encoder.scale_fc.5.weight', 'temporal_encoder.anchor_encoder.scale_fc.5.bias', 'temporal_encoder.anchor_encoder.rot_fc.0.weight', 'temporal_encoder.anchor_encoder.rot_fc.0.bias', 'temporal_encoder.anchor_encoder.rot_fc.2.weight', 'temporal_encoder.anchor_encoder.rot_fc.2.bias', 'temporal_encoder.anchor_encoder.rot_fc.3.weight', 'temporal_encoder.anchor_encoder.rot_fc.3.bias', 'temporal_encoder.anchor_encoder.rot_fc.5.weight', 'temporal_encoder.anchor_encoder.rot_fc.5.bias', 'temporal_encoder.anchor_encoder.opacity_fc.0.weight', 'temporal_encoder.anchor_encoder.opacity_fc.0.bias', 'temporal_encoder.anchor_encoder.opacity_fc.2.weight', 'temporal_encoder.anchor_encoder.opacity_fc.2.bias', 'temporal_encoder.anchor_encoder.opacity_fc.3.weight', 'temporal_encoder.anchor_encoder.opacity_fc.3.bias', 'temporal_encoder.anchor_encoder.opacity_fc.5.weight', 'temporal_encoder.anchor_encoder.opacity_fc.5.bias', 'temporal_encoder.anchor_encoder.semantics_fc.0.weight', 'temporal_encoder.anchor_encoder.semantics_fc.0.bias', 'temporal_encoder.anchor_encoder.semantics_fc.2.weight', 'temporal_encoder.anchor_encoder.semantics_fc.2.bias', 'temporal_encoder.anchor_encoder.semantics_fc.3.weight', 'temporal_encoder.anchor_encoder.semantics_fc.3.bias', 'temporal_encoder.anchor_encoder.semantics_fc.5.weight', 'temporal_encoder.anchor_encoder.semantics_fc.5.bias', 'temporal_encoder.anchor_encoder.offset_fc.0.weight', 'temporal_encoder.anchor_encoder.offset_fc.0.bias', 'temporal_encoder.anchor_encoder.offset_fc.2.weight', 'temporal_encoder.anchor_encoder.offset_fc.2.bias', 'temporal_encoder.anchor_encoder.offset_fc.3.weight', 'temporal_encoder.anchor_encoder.offset_fc.3.bias', 'temporal_encoder.anchor_encoder.offset_fc.5.weight', 'temporal_encoder.anchor_encoder.offset_fc.5.bias', 'temporal_encoder.anchor_encoder.output_fc.0.weight', 'temporal_encoder.anchor_encoder.output_fc.0.bias', 'temporal_encoder.anchor_encoder.output_fc.2.weight', 'temporal_encoder.anchor_encoder.output_fc.2.bias', 'temporal_encoder.anchor_encoder.output_fc.3.weight', 'temporal_encoder.anchor_encoder.output_fc.3.bias', 'temporal_encoder.anchor_encoder.output_fc.5.weight', 'temporal_encoder.anchor_encoder.output_fc.5.bias', 'temporal_encoder.layers.0.layers.0.weight', 'temporal_encoder.layers.0.layers.1.weight', 'temporal_encoder.layers.0.layers.1.bias', 'temporal_encoder.layers.0.layers.3.weight', 'temporal_encoder.layers.0.layers.4.weight', 'temporal_encoder.layers.0.layers.4.bias', 'temporal_encoder.layers.0.layers.6.weight', 'temporal_encoder.layers.0.layers.7.weight', 'temporal_encoder.layers.0.layers.7.bias', 'temporal_encoder.layers.0.output_proj.weight', 'temporal_encoder.layers.0.output_proj.bias', 'temporal_encoder.layers.1.layers.0.weight', 'temporal_encoder.layers.1.layers.0.bias', 'temporal_encoder.layers.1.layers.2.weight', 'temporal_encoder.layers.1.layers.2.bias', 'temporal_encoder.layers.1.layers.4.weight', 'temporal_encoder.layers.1.layers.4.bias', 'temporal_encoder.layers.1.layers.5.weight', 'temporal_encoder.layers.1.layers.5.bias', 'temporal_encoder.layers.1.layers.7.weight', 'temporal_encoder.layers.1.layers.7.bias', 'temporal_encoder.layers.1.layers.9.weight', 'temporal_encoder.layers.1.layers.9.bias', 'temporal_encoder.layers.1.layers.10.weight', 'temporal_encoder.layers.1.layers.10.bias', 'temporal_encoder.layers.1.layers.11.scale', 'temporal_encoder.layers.1.dynamic_layers.0.weight', 'temporal_encoder.layers.1.dynamic_layers.0.bias', 'temporal_encoder.layers.1.dynamic_layers.2.weight', 'temporal_encoder.layers.1.dynamic_layers.2.bias', 'temporal_encoder.layers.1.dynamic_layers.3.weight', 'temporal_encoder.layers.1.dynamic_layers.3.bias', 'temporal_encoder.layers.1.offset_layers.0.weight', 'temporal_encoder.layers.1.offset_layers.0.bias', 'temporal_encoder.layers.1.offset_layers.2.weight', 'temporal_encoder.layers.1.offset_layers.2.bias', 'temporal_encoder.layers.1.offset_layers.3.weight', 'temporal_encoder.layers.1.offset_layers.3.bias', 'temporal_encoder.layers.2.layers.0.weight', 'temporal_encoder.layers.2.layers.1.weight', 'temporal_encoder.layers.2.layers.1.bias', 'temporal_encoder.layers.2.layers.3.weight', 'temporal_encoder.layers.2.layers.4.weight', 'temporal_encoder.layers.2.layers.4.bias', 'temporal_encoder.layers.2.layers.6.weight', 'temporal_encoder.layers.2.layers.7.weight', 'temporal_encoder.layers.2.layers.7.bias', 'temporal_encoder.layers.2.output_proj.weight', 'temporal_encoder.layers.2.output_proj.bias', 'temporal_encoder.layers.3.layers.0.weight', 'temporal_encoder.layers.3.layers.0.bias', 'temporal_encoder.layers.3.layers.2.weight', 'temporal_encoder.layers.3.layers.2.bias', 'temporal_encoder.layers.3.layers.4.weight', 'temporal_encoder.layers.3.layers.4.bias', 'temporal_encoder.layers.3.layers.5.weight', 'temporal_encoder.layers.3.layers.5.bias', 'temporal_encoder.layers.3.layers.7.weight', 'temporal_encoder.layers.3.layers.7.bias', 'temporal_encoder.layers.3.layers.9.weight', 'temporal_encoder.layers.3.layers.9.bias', 'temporal_encoder.layers.3.layers.10.weight', 'temporal_encoder.layers.3.layers.10.bias', 'temporal_encoder.layers.3.layers.11.scale', 'temporal_encoder.layers.3.dynamic_layers.0.weight', 'temporal_encoder.layers.3.dynamic_layers.0.bias', 'temporal_encoder.layers.3.dynamic_layers.2.weight', 'temporal_encoder.layers.3.dynamic_layers.2.bias', 'temporal_encoder.layers.3.dynamic_layers.3.weight', 'temporal_encoder.layers.3.dynamic_layers.3.bias', 'temporal_encoder.layers.3.offset_layers.0.weight', 'temporal_encoder.layers.3.offset_layers.0.bias', 'temporal_encoder.layers.3.offset_layers.2.weight', 'temporal_encoder.layers.3.offset_layers.2.bias', 'temporal_encoder.layers.3.offset_layers.3.weight', 'temporal_encoder.layers.3.offset_layers.3.bias', 'temporal_encoder.layers.4.layers.0.weight', 'temporal_encoder.layers.4.layers.1.weight', 'temporal_encoder.layers.4.layers.1.bias', 'temporal_encoder.layers.4.layers.3.weight', 'temporal_encoder.layers.4.layers.4.weight', 'temporal_encoder.layers.4.layers.4.bias', 'temporal_encoder.layers.4.layers.6.weight', 'temporal_encoder.layers.4.layers.7.weight', 'temporal_encoder.layers.4.layers.7.bias', 'temporal_encoder.layers.4.output_proj.weight', 'temporal_encoder.layers.4.output_proj.bias', 'temporal_encoder.layers.5.layers.0.weight', 'temporal_encoder.layers.5.layers.0.bias', 'temporal_encoder.layers.5.layers.2.weight', 'temporal_encoder.layers.5.layers.2.bias', 'temporal_encoder.layers.5.layers.4.weight', 'temporal_encoder.layers.5.layers.4.bias', 'temporal_encoder.layers.5.layers.5.weight', 'temporal_encoder.layers.5.layers.5.bias', 'temporal_encoder.layers.5.layers.7.weight', 'temporal_encoder.layers.5.layers.7.bias', 'temporal_encoder.layers.5.layers.9.weight', 'temporal_encoder.layers.5.layers.9.bias', 'temporal_encoder.layers.5.layers.10.weight', 'temporal_encoder.layers.5.layers.10.bias', 'temporal_encoder.layers.5.layers.11.scale', 'temporal_encoder.layers.5.dynamic_layers.0.weight', 'temporal_encoder.layers.5.dynamic_layers.0.bias', 'temporal_encoder.layers.5.dynamic_layers.2.weight', 'temporal_encoder.layers.5.dynamic_layers.2.bias', 'temporal_encoder.layers.5.dynamic_layers.3.weight', 'temporal_encoder.layers.5.dynamic_layers.3.bias', 'temporal_encoder.layers.5.offset_layers.0.weight', 'temporal_encoder.layers.5.offset_layers.0.bias', 'temporal_encoder.layers.5.offset_layers.2.weight', 'temporal_encoder.layers.5.offset_layers.2.bias', 'temporal_encoder.layers.5.offset_layers.3.weight', 'temporal_encoder.layers.5.offset_layers.3.bias', 'head.empty_scalar', 'head.empty_mean', 'head.empty_scale', 'head.empty_rot', 'head.empty_sem', 'head.empty_opa', 'head.pc_min', 'head.grid_size', 'head.zero_tensor', 'head.aggregator.pc_min', 'head.frontier_generator.gaussian_value.0.weight', 'head.frontier_generator.gaussian_value.0.bias', 'head.frontier_generator.gaussian_value.1.weight', 'head.frontier_generator.gaussian_value.1.bias', 'head.frontier_generator.query.0.weight', 'head.frontier_generator.query.0.bias', 'head.frontier_generator.query.1.weight', 'head.frontier_generator.query.1.bias', 'head.frontier_generator.query.3.weight', 'head.frontier_generator.query.3.bias', 'head.frontier_generator.image_proj.weight', 'head.frontier_generator.image_proj.bias', 'head.frontier_generator.image_gate.0.weight', 'head.frontier_generator.image_gate.0.bias', 'head.frontier_generator.fusion.0.weight', 'head.frontier_generator.fusion.0.bias', 'head.frontier_generator.fusion.1.weight', 'head.frontier_generator.fusion.1.bias', 'head.frontier_generator.fusion.3.weight', 'head.frontier_generator.fusion.3.bias', 'decoder.global_step', 'decoder.backbone_3d.conv_input.0.weight', 'decoder.backbone_3d.conv_input.1.weight', 'decoder.backbone_3d.conv_input.1.bias', 'decoder.backbone_3d.conv_input.1.running_mean', 'decoder.backbone_3d.conv_input.1.running_var', 'decoder.backbone_3d.conv1.0.conv1.weight', 'decoder.backbone_3d.conv1.0.conv1.bias', 'decoder.backbone_3d.conv1.0.bn1.weight', 'decoder.backbone_3d.conv1.0.bn1.bias', 'decoder.backbone_3d.conv1.0.bn1.running_mean', 'decoder.backbone_3d.conv1.0.bn1.running_var', 'decoder.backbone_3d.conv1.0.conv2.weight', 'decoder.backbone_3d.conv1.0.conv2.bias', 'decoder.backbone_3d.conv1.0.bn2.weight', 'decoder.backbone_3d.conv1.0.bn2.bias', 'decoder.backbone_3d.conv1.0.bn2.running_mean', 'decoder.backbone_3d.conv1.0.bn2.running_var', 'decoder.backbone_3d.conv1.1.conv1.weight', 'decoder.backbone_3d.conv1.1.conv1.bias', 'decoder.backbone_3d.conv1.1.bn1.weight', 'decoder.backbone_3d.conv1.1.bn1.bias', 'decoder.backbone_3d.conv1.1.bn1.running_mean', 'decoder.backbone_3d.conv1.1.bn1.running_var', 'decoder.backbone_3d.conv1.1.conv2.weight', 'decoder.backbone_3d.conv1.1.conv2.bias', 'decoder.backbone_3d.conv1.1.bn2.weight', 'decoder.backbone_3d.conv1.1.bn2.bias', 'decoder.backbone_3d.conv1.1.bn2.running_mean', 'decoder.backbone_3d.conv1.1.bn2.running_var', 'decoder.backbone_3d.conv2.0.0.weight', 'decoder.backbone_3d.conv2.0.1.weight', 'decoder.backbone_3d.conv2.0.1.bias', 'decoder.backbone_3d.conv2.0.1.running_mean', 'decoder.backbone_3d.conv2.0.1.running_var', 'decoder.backbone_3d.conv2.1.conv1.weight', 'decoder.backbone_3d.conv2.1.conv1.bias', 'decoder.backbone_3d.conv2.1.bn1.weight', 'decoder.backbone_3d.conv2.1.bn1.bias', 'decoder.backbone_3d.conv2.1.bn1.running_mean', 'decoder.backbone_3d.conv2.1.bn1.running_var', 'decoder.backbone_3d.conv2.1.conv2.weight', 'decoder.backbone_3d.conv2.1.conv2.bias', 'decoder.backbone_3d.conv2.1.bn2.weight', 'decoder.backbone_3d.conv2.1.bn2.bias', 'decoder.backbone_3d.conv2.1.bn2.running_mean', 'decoder.backbone_3d.conv2.1.bn2.running_var', 'decoder.backbone_3d.conv2.2.conv1.weight', 'decoder.backbone_3d.conv2.2.conv1.bias', 'decoder.backbone_3d.conv2.2.bn1.weight', 'decoder.backbone_3d.conv2.2.bn1.bias', 'decoder.backbone_3d.conv2.2.bn1.running_mean', 'decoder.backbone_3d.conv2.2.bn1.running_var', 'decoder.backbone_3d.conv2.2.conv2.weight', 'decoder.backbone_3d.conv2.2.conv2.bias', 'decoder.backbone_3d.conv2.2.bn2.weight', 'decoder.backbone_3d.conv2.2.bn2.bias', 'decoder.backbone_3d.conv2.2.bn2.running_mean', 'decoder.backbone_3d.conv2.2.bn2.running_var', 'decoder.backbone_3d.conv3.0.0.weight', 'decoder.backbone_3d.conv3.0.1.weight', 'decoder.backbone_3d.conv3.0.1.bias', 'decoder.backbone_3d.conv3.0.1.running_mean', 'decoder.backbone_3d.conv3.0.1.running_var', 'decoder.backbone_3d.conv3.1.conv1.weight', 'decoder.backbone_3d.conv3.1.conv1.bias', 'decoder.backbone_3d.conv3.1.bn1.weight', 'decoder.backbone_3d.conv3.1.bn1.bias', 'decoder.backbone_3d.conv3.1.bn1.running_mean', 'decoder.backbone_3d.conv3.1.bn1.running_var', 'decoder.backbone_3d.conv3.1.conv2.weight', 'decoder.backbone_3d.conv3.1.conv2.bias', 'decoder.backbone_3d.conv3.1.bn2.weight', 'decoder.backbone_3d.conv3.1.bn2.bias', 'decoder.backbone_3d.conv3.1.bn2.running_mean', 'decoder.backbone_3d.conv3.1.bn2.running_var', 'decoder.backbone_3d.conv3.2.conv1.weight', 'decoder.backbone_3d.conv3.2.conv1.bias', 'decoder.backbone_3d.conv3.2.bn1.weight', 'decoder.backbone_3d.conv3.2.bn1.bias', 'decoder.backbone_3d.conv3.2.bn1.running_mean', 'decoder.backbone_3d.conv3.2.bn1.running_var', 'decoder.backbone_3d.conv3.2.conv2.weight', 'decoder.backbone_3d.conv3.2.conv2.bias', 'decoder.backbone_3d.conv3.2.bn2.weight', 'decoder.backbone_3d.conv3.2.bn2.bias', 'decoder.backbone_3d.conv3.2.bn2.running_mean', 'decoder.backbone_3d.conv3.2.bn2.running_var', 'decoder.backbone_3d.conv4.0.0.weight', 'decoder.backbone_3d.conv4.0.1.weight', 'decoder.backbone_3d.conv4.0.1.bias', 'decoder.backbone_3d.conv4.0.1.running_mean', 'decoder.backbone_3d.conv4.0.1.running_var', 'decoder.backbone_3d.conv4.1.conv1.weight', 'decoder.backbone_3d.conv4.1.conv1.bias', 'decoder.backbone_3d.conv4.1.bn1.weight', 'decoder.backbone_3d.conv4.1.bn1.bias', 'decoder.backbone_3d.conv4.1.bn1.running_mean', 'decoder.backbone_3d.conv4.1.bn1.running_var', 'decoder.backbone_3d.conv4.1.conv2.weight', 'decoder.backbone_3d.conv4.1.conv2.bias', 'decoder.backbone_3d.conv4.1.bn2.weight', 'decoder.backbone_3d.conv4.1.bn2.bias', 'decoder.backbone_3d.conv4.1.bn2.running_mean', 'decoder.backbone_3d.conv4.1.bn2.running_var', 'decoder.backbone_3d.conv4.2.conv1.weight', 'decoder.backbone_3d.conv4.2.conv1.bias', 'decoder.backbone_3d.conv4.2.bn1.weight', 'decoder.backbone_3d.conv4.2.bn1.bias', 'decoder.backbone_3d.conv4.2.bn1.running_mean', 'decoder.backbone_3d.conv4.2.bn1.running_var', 'decoder.backbone_3d.conv4.2.conv2.weight', 'decoder.backbone_3d.conv4.2.conv2.bias', 'decoder.backbone_3d.conv4.2.bn2.weight', 'decoder.backbone_3d.conv4.2.bn2.bias', 'decoder.backbone_3d.conv4.2.bn2.running_mean', 'decoder.backbone_3d.conv4.2.bn2.running_var', 'decoder.backbone_3d.conv5.0.0.weight', 'decoder.backbone_3d.conv5.0.1.weight', 'decoder.backbone_3d.conv5.0.1.bias', 'decoder.backbone_3d.conv5.0.1.running_mean', 'decoder.backbone_3d.conv5.0.1.running_var', 'decoder.backbone_3d.conv5.1.conv1.weight', 'decoder.backbone_3d.conv5.1.conv1.bias', 'decoder.backbone_3d.conv5.1.bn1.weight', 'decoder.backbone_3d.conv5.1.bn1.bias', 'decoder.backbone_3d.conv5.1.bn1.running_mean', 'decoder.backbone_3d.conv5.1.bn1.running_var', 'decoder.backbone_3d.conv5.1.conv2.weight', 'decoder.backbone_3d.conv5.1.conv2.bias', 'decoder.backbone_3d.conv5.1.bn2.weight', 'decoder.backbone_3d.conv5.1.bn2.bias', 'decoder.backbone_3d.conv5.1.bn2.running_mean', 'decoder.backbone_3d.conv5.1.bn2.running_var', 'decoder.backbone_3d.conv5.2.conv1.weight', 'decoder.backbone_3d.conv5.2.conv1.bias', 'decoder.backbone_3d.conv5.2.bn1.weight', 'decoder.backbone_3d.conv5.2.bn1.bias', 'decoder.backbone_3d.conv5.2.bn1.running_mean', 'decoder.backbone_3d.conv5.2.bn1.running_var', 'decoder.backbone_3d.conv5.2.conv2.weight', 'decoder.backbone_3d.conv5.2.conv2.bias', 'decoder.backbone_3d.conv5.2.bn2.weight', 'decoder.backbone_3d.conv5.2.bn2.bias', 'decoder.backbone_3d.conv5.2.bn2.running_mean', 'decoder.backbone_3d.conv5.2.bn2.running_var', 'decoder.backbone_3d.conv6.0.0.weight', 'decoder.backbone_3d.conv6.0.1.weight', 'decoder.backbone_3d.conv6.0.1.bias', 'decoder.backbone_3d.conv6.0.1.running_mean', 'decoder.backbone_3d.conv6.0.1.running_var', 'decoder.backbone_3d.conv6.1.conv1.weight', 'decoder.backbone_3d.conv6.1.conv1.bias', 'decoder.backbone_3d.conv6.1.bn1.weight', 'decoder.backbone_3d.conv6.1.bn1.bias', 'decoder.backbone_3d.conv6.1.bn1.running_mean', 'decoder.backbone_3d.conv6.1.bn1.running_var', 'decoder.backbone_3d.conv6.1.conv2.weight', 'decoder.backbone_3d.conv6.1.conv2.bias', 'decoder.backbone_3d.conv6.1.bn2.weight', 'decoder.backbone_3d.conv6.1.bn2.bias', 'decoder.backbone_3d.conv6.1.bn2.running_mean', 'decoder.backbone_3d.conv6.1.bn2.running_var', 'decoder.backbone_3d.conv6.2.conv1.weight', 'decoder.backbone_3d.conv6.2.conv1.bias', 'decoder.backbone_3d.conv6.2.bn1.weight', 'decoder.backbone_3d.conv6.2.bn1.bias', 'decoder.backbone_3d.conv6.2.bn1.running_mean', 'decoder.backbone_3d.conv6.2.bn1.running_var', 'decoder.backbone_3d.conv6.2.conv2.weight', 'decoder.backbone_3d.conv6.2.conv2.bias', 'decoder.backbone_3d.conv6.2.bn2.weight', 'decoder.backbone_3d.conv6.2.bn2.bias', 'decoder.backbone_3d.conv6.2.bn2.running_mean', 'decoder.backbone_3d.conv6.2.bn2.running_var', 'decoder.backbone_3d.conv_out.0.weight', 'decoder.backbone_3d.conv_out.1.weight', 'decoder.backbone_3d.conv_out.1.bias', 'decoder.backbone_3d.conv_out.1.running_mean', 'decoder.backbone_3d.conv_out.1.running_var', 'decoder.backbone_3d.shared_conv.0.weight', 'decoder.backbone_3d.shared_conv.0.bias', 'decoder.backbone_3d.shared_conv.1.weight', 'decoder.backbone_3d.shared_conv.1.bias', 'decoder.backbone_3d.shared_conv.1.running_mean', 'decoder.backbone_3d.shared_conv.1.running_var', 'decoder.dense_head.heads_list.0.center.0.0.weight', 'decoder.dense_head.heads_list.0.center.0.0.bias', 'decoder.dense_head.heads_list.0.center.0.1.weight', 'decoder.dense_head.heads_list.0.center.0.1.bias', 'decoder.dense_head.heads_list.0.center.0.1.running_mean', 'decoder.dense_head.heads_list.0.center.0.1.running_var', 'decoder.dense_head.heads_list.0.center.1.weight', 'decoder.dense_head.heads_list.0.center.1.bias', 'decoder.dense_head.heads_list.0.center_z.0.0.weight', 'decoder.dense_head.heads_list.0.center_z.0.0.bias', 'decoder.dense_head.heads_list.0.center_z.0.1.weight', 'decoder.dense_head.heads_list.0.center_z.0.1.bias', 'decoder.dense_head.heads_list.0.center_z.0.1.running_mean', 'decoder.dense_head.heads_list.0.center_z.0.1.running_var', 'decoder.dense_head.heads_list.0.center_z.1.weight', 'decoder.dense_head.heads_list.0.center_z.1.bias', 'decoder.dense_head.heads_list.0.dim.0.0.weight', 'decoder.dense_head.heads_list.0.dim.0.0.bias', 'decoder.dense_head.heads_list.0.dim.0.1.weight', 'decoder.dense_head.heads_list.0.dim.0.1.bias', 'decoder.dense_head.heads_list.0.dim.0.1.running_mean', 'decoder.dense_head.heads_list.0.dim.0.1.running_var', 'decoder.dense_head.heads_list.0.dim.1.weight', 'decoder.dense_head.heads_list.0.dim.1.bias', 'decoder.dense_head.heads_list.0.rot.0.0.weight', 'decoder.dense_head.heads_list.0.rot.0.0.bias', 'decoder.dense_head.heads_list.0.rot.0.1.weight', 'decoder.dense_head.heads_list.0.rot.0.1.bias', 'decoder.dense_head.heads_list.0.rot.0.1.running_mean', 'decoder.dense_head.heads_list.0.rot.0.1.running_var', 'decoder.dense_head.heads_list.0.rot.1.weight', 'decoder.dense_head.heads_list.0.rot.1.bias', 'decoder.dense_head.heads_list.0.vel.0.0.weight', 'decoder.dense_head.heads_list.0.vel.0.0.bias', 'decoder.dense_head.heads_list.0.vel.0.1.weight', 'decoder.dense_head.heads_list.0.vel.0.1.bias', 'decoder.dense_head.heads_list.0.vel.0.1.running_mean', 'decoder.dense_head.heads_list.0.vel.0.1.running_var', 'decoder.dense_head.heads_list.0.vel.1.weight', 'decoder.dense_head.heads_list.0.vel.1.bias', 'decoder.dense_head.heads_list.0.hm.0.0.weight', 'decoder.dense_head.heads_list.0.hm.0.0.bias', 'decoder.dense_head.heads_list.0.hm.0.1.weight', 'decoder.dense_head.heads_list.0.hm.0.1.bias', 'decoder.dense_head.heads_list.0.hm.0.1.running_mean', 'decoder.dense_head.heads_list.0.hm.0.1.running_var', 'decoder.dense_head.heads_list.0.hm.1.weight', 'decoder.dense_head.heads_list.0.hm.1.bias', 'decoder.dense_head.heads_list.1.center.0.0.weight', 'decoder.dense_head.heads_list.1.center.0.0.bias', 'decoder.dense_head.heads_list.1.center.0.1.weight', 'decoder.dense_head.heads_list.1.center.0.1.bias', 'decoder.dense_head.heads_list.1.center.0.1.running_mean', 'decoder.dense_head.heads_list.1.center.0.1.running_var', 'decoder.dense_head.heads_list.1.center.1.weight', 'decoder.dense_head.heads_list.1.center.1.bias', 'decoder.dense_head.heads_list.1.center_z.0.0.weight', 'decoder.dense_head.heads_list.1.center_z.0.0.bias', 'decoder.dense_head.heads_list.1.center_z.0.1.weight', 'decoder.dense_head.heads_list.1.center_z.0.1.bias', 'decoder.dense_head.heads_list.1.center_z.0.1.running_mean', 'decoder.dense_head.heads_list.1.center_z.0.1.running_var', 'decoder.dense_head.heads_list.1.center_z.1.weight', 'decoder.dense_head.heads_list.1.center_z.1.bias', 'decoder.dense_head.heads_list.1.dim.0.0.weight', 'decoder.dense_head.heads_list.1.dim.0.0.bias', 'decoder.dense_head.heads_list.1.dim.0.1.weight', 'decoder.dense_head.heads_list.1.dim.0.1.bias', 'decoder.dense_head.heads_list.1.dim.0.1.running_mean', 'decoder.dense_head.heads_list.1.dim.0.1.running_var', 'decoder.dense_head.heads_list.1.dim.1.weight', 'decoder.dense_head.heads_list.1.dim.1.bias', 'decoder.dense_head.heads_list.1.rot.0.0.weight', 'decoder.dense_head.heads_list.1.rot.0.0.bias', 'decoder.dense_head.heads_list.1.rot.0.1.weight', 'decoder.dense_head.heads_list.1.rot.0.1.bias', 'decoder.dense_head.heads_list.1.rot.0.1.running_mean', 'decoder.dense_head.heads_list.1.rot.0.1.running_var', 'decoder.dense_head.heads_list.1.rot.1.weight', 'decoder.dense_head.heads_list.1.rot.1.bias', 'decoder.dense_head.heads_list.1.vel.0.0.weight', 'decoder.dense_head.heads_list.1.vel.0.0.bias', 'decoder.dense_head.heads_list.1.vel.0.1.weight', 'decoder.dense_head.heads_list.1.vel.0.1.bias', 'decoder.dense_head.heads_list.1.vel.0.1.running_mean', 'decoder.dense_head.heads_list.1.vel.0.1.running_var', 'decoder.dense_head.heads_list.1.vel.1.weight', 'decoder.dense_head.heads_list.1.vel.1.bias', 'decoder.dense_head.heads_list.1.hm.0.0.weight', 'decoder.dense_head.heads_list.1.hm.0.0.bias', 'decoder.dense_head.heads_list.1.hm.0.1.weight', 'decoder.dense_head.heads_list.1.hm.0.1.bias', 'decoder.dense_head.heads_list.1.hm.0.1.running_mean', 'decoder.dense_head.heads_list.1.hm.0.1.running_var', 'decoder.dense_head.heads_list.1.hm.1.weight', 'decoder.dense_head.heads_list.1.hm.1.bias', 'decoder.dense_head.heads_list.2.center.0.0.weight', 'decoder.dense_head.heads_list.2.center.0.0.bias', 'decoder.dense_head.heads_list.2.center.0.1.weight', 'decoder.dense_head.heads_list.2.center.0.1.bias', 'decoder.dense_head.heads_list.2.center.0.1.running_mean', 'decoder.dense_head.heads_list.2.center.0.1.running_var', 'decoder.dense_head.heads_list.2.center.1.weight', 'decoder.dense_head.heads_list.2.center.1.bias', 'decoder.dense_head.heads_list.2.center_z.0.0.weight', 'decoder.dense_head.heads_list.2.center_z.0.0.bias', 'decoder.dense_head.heads_list.2.center_z.0.1.weight', 'decoder.dense_head.heads_list.2.center_z.0.1.bias', 'decoder.dense_head.heads_list.2.center_z.0.1.running_mean', 'decoder.dense_head.heads_list.2.center_z.0.1.running_var', 'decoder.dense_head.heads_list.2.center_z.1.weight', 'decoder.dense_head.heads_list.2.center_z.1.bias', 'decoder.dense_head.heads_list.2.dim.0.0.weight', 'decoder.dense_head.heads_list.2.dim.0.0.bias', 'decoder.dense_head.heads_list.2.dim.0.1.weight', 'decoder.dense_head.heads_list.2.dim.0.1.bias', 'decoder.dense_head.heads_list.2.dim.0.1.running_mean', 'decoder.dense_head.heads_list.2.dim.0.1.running_var', 'decoder.dense_head.heads_list.2.dim.1.weight', 'decoder.dense_head.heads_list.2.dim.1.bias', 'decoder.dense_head.heads_list.2.rot.0.0.weight', 'decoder.dense_head.heads_list.2.rot.0.0.bias', 'decoder.dense_head.heads_list.2.rot.0.1.weight', 'decoder.dense_head.heads_list.2.rot.0.1.bias', 'decoder.dense_head.heads_list.2.rot.0.1.running_mean', 'decoder.dense_head.heads_list.2.rot.0.1.running_var', 'decoder.dense_head.heads_list.2.rot.1.weight', 'decoder.dense_head.heads_list.2.rot.1.bias', 'decoder.dense_head.heads_list.2.vel.0.0.weight', 'decoder.dense_head.heads_list.2.vel.0.0.bias', 'decoder.dense_head.heads_list.2.vel.0.1.weight', 'decoder.dense_head.heads_list.2.vel.0.1.bias', 'decoder.dense_head.heads_list.2.vel.0.1.running_mean', 'decoder.dense_head.heads_list.2.vel.0.1.running_var', 'decoder.dense_head.heads_list.2.vel.1.weight', 'decoder.dense_head.heads_list.2.vel.1.bias', 'decoder.dense_head.heads_list.2.hm.0.0.weight', 'decoder.dense_head.heads_list.2.hm.0.0.bias', 'decoder.dense_head.heads_list.2.hm.0.1.weight', 'decoder.dense_head.heads_list.2.hm.0.1.bias', 'decoder.dense_head.heads_list.2.hm.0.1.running_mean', 'decoder.dense_head.heads_list.2.hm.0.1.running_var', 'decoder.dense_head.heads_list.2.hm.1.weight', 'decoder.dense_head.heads_list.2.hm.1.bias', 'decoder.dense_head.heads_list.3.center.0.0.weight', 'decoder.dense_head.heads_list.3.center.0.0.bias', 'decoder.dense_head.heads_list.3.center.0.1.weight', 'decoder.dense_head.heads_list.3.center.0.1.bias', 'decoder.dense_head.heads_list.3.center.0.1.running_mean', 'decoder.dense_head.heads_list.3.center.0.1.running_var', 'decoder.dense_head.heads_list.3.center.1.weight', 'decoder.dense_head.heads_list.3.center.1.bias', 'decoder.dense_head.heads_list.3.center_z.0.0.weight', 'decoder.dense_head.heads_list.3.center_z.0.0.bias', 'decoder.dense_head.heads_list.3.center_z.0.1.weight', 'decoder.dense_head.heads_list.3.center_z.0.1.bias', 'decoder.dense_head.heads_list.3.center_z.0.1.running_mean', 'decoder.dense_head.heads_list.3.center_z.0.1.running_var', 'decoder.dense_head.heads_list.3.center_z.1.weight', 'decoder.dense_head.heads_list.3.center_z.1.bias', 'decoder.dense_head.heads_list.3.dim.0.0.weight', 'decoder.dense_head.heads_list.3.dim.0.0.bias', 'decoder.dense_head.heads_list.3.dim.0.1.weight', 'decoder.dense_head.heads_list.3.dim.0.1.bias', 'decoder.dense_head.heads_list.3.dim.0.1.running_mean', 'decoder.dense_head.heads_list.3.dim.0.1.running_var', 'decoder.dense_head.heads_list.3.dim.1.weight', 'decoder.dense_head.heads_list.3.dim.1.bias', 'decoder.dense_head.heads_list.3.rot.0.0.weight', 'decoder.dense_head.heads_list.3.rot.0.0.bias', 'decoder.dense_head.heads_list.3.rot.0.1.weight', 'decoder.dense_head.heads_list.3.rot.0.1.bias', 'decoder.dense_head.heads_list.3.rot.0.1.running_mean', 'decoder.dense_head.heads_list.3.rot.0.1.running_var', 'decoder.dense_head.heads_list.3.rot.1.weight', 'decoder.dense_head.heads_list.3.rot.1.bias', 'decoder.dense_head.heads_list.3.vel.0.0.weight', 'decoder.dense_head.heads_list.3.vel.0.0.bias', 'decoder.dense_head.heads_list.3.vel.0.1.weight', 'decoder.dense_head.heads_list.3.vel.0.1.bias', 'decoder.dense_head.heads_list.3.vel.0.1.running_mean', 'decoder.dense_head.heads_list.3.vel.0.1.running_var', 'decoder.dense_head.heads_list.3.vel.1.weight', 'decoder.dense_head.heads_list.3.vel.1.bias', 'decoder.dense_head.heads_list.3.hm.0.0.weight', 'decoder.dense_head.heads_list.3.hm.0.0.bias', 'decoder.dense_head.heads_list.3.hm.0.1.weight', 'decoder.dense_head.heads_list.3.hm.0.1.bias', 'decoder.dense_head.heads_list.3.hm.0.1.running_mean', 'decoder.dense_head.heads_list.3.hm.0.1.running_var', 'decoder.dense_head.heads_list.3.hm.1.weight', 'decoder.dense_head.heads_list.3.hm.1.bias', 'decoder.dense_head.heads_list.4.center.0.0.weight', 'decoder.dense_head.heads_list.4.center.0.0.bias', 'decoder.dense_head.heads_list.4.center.0.1.weight', 'decoder.dense_head.heads_list.4.center.0.1.bias', 'decoder.dense_head.heads_list.4.center.0.1.running_mean', 'decoder.dense_head.heads_list.4.center.0.1.running_var', 'decoder.dense_head.heads_list.4.center.1.weight', 'decoder.dense_head.heads_list.4.center.1.bias', 'decoder.dense_head.heads_list.4.center_z.0.0.weight', 'decoder.dense_head.heads_list.4.center_z.0.0.bias', 'decoder.dense_head.heads_list.4.center_z.0.1.weight', 'decoder.dense_head.heads_list.4.center_z.0.1.bias', 'decoder.dense_head.heads_list.4.center_z.0.1.running_mean', 'decoder.dense_head.heads_list.4.center_z.0.1.running_var', 'decoder.dense_head.heads_list.4.center_z.1.weight', 'decoder.dense_head.heads_list.4.center_z.1.bias', 'decoder.dense_head.heads_list.4.dim.0.0.weight', 'decoder.dense_head.heads_list.4.dim.0.0.bias', 'decoder.dense_head.heads_list.4.dim.0.1.weight', 'decoder.dense_head.heads_list.4.dim.0.1.bias', 'decoder.dense_head.heads_list.4.dim.0.1.running_mean', 'decoder.dense_head.heads_list.4.dim.0.1.running_var', 'decoder.dense_head.heads_list.4.dim.1.weight', 'decoder.dense_head.heads_list.4.dim.1.bias', 'decoder.dense_head.heads_list.4.rot.0.0.weight', 'decoder.dense_head.heads_list.4.rot.0.0.bias', 'decoder.dense_head.heads_list.4.rot.0.1.weight', 'decoder.dense_head.heads_list.4.rot.0.1.bias', 'decoder.dense_head.heads_list.4.rot.0.1.running_mean', 'decoder.dense_head.heads_list.4.rot.0.1.running_var', 'decoder.dense_head.heads_list.4.rot.1.weight', 'decoder.dense_head.heads_list.4.rot.1.bias', 'decoder.dense_head.heads_list.4.vel.0.0.weight', 'decoder.dense_head.heads_list.4.vel.0.0.bias', 'decoder.dense_head.heads_list.4.vel.0.1.weight', 'decoder.dense_head.heads_list.4.vel.0.1.bias', 'decoder.dense_head.heads_list.4.vel.0.1.running_mean', 'decoder.dense_head.heads_list.4.vel.0.1.running_var', 'decoder.dense_head.heads_list.4.vel.1.weight', 'decoder.dense_head.heads_list.4.vel.1.bias', 'decoder.dense_head.heads_list.4.hm.0.0.weight', 'decoder.dense_head.heads_list.4.hm.0.0.bias', 'decoder.dense_head.heads_list.4.hm.0.1.weight', 'decoder.dense_head.heads_list.4.hm.0.1.bias', 'decoder.dense_head.heads_list.4.hm.0.1.running_mean', 'decoder.dense_head.heads_list.4.hm.0.1.running_var', 'decoder.dense_head.heads_list.4.hm.1.weight', 'decoder.dense_head.heads_list.4.hm.1.bias', 'decoder.dense_head.heads_list.5.center.0.0.weight', 'decoder.dense_head.heads_list.5.center.0.0.bias', 'decoder.dense_head.heads_list.5.center.0.1.weight', 'decoder.dense_head.heads_list.5.center.0.1.bias', 'decoder.dense_head.heads_list.5.center.0.1.running_mean', 'decoder.dense_head.heads_list.5.center.0.1.running_var', 'decoder.dense_head.heads_list.5.center.1.weight', 'decoder.dense_head.heads_list.5.center.1.bias', 'decoder.dense_head.heads_list.5.center_z.0.0.weight', 'decoder.dense_head.heads_list.5.center_z.0.0.bias', 'decoder.dense_head.heads_list.5.center_z.0.1.weight', 'decoder.dense_head.heads_list.5.center_z.0.1.bias', 'decoder.dense_head.heads_list.5.center_z.0.1.running_mean', 'decoder.dense_head.heads_list.5.center_z.0.1.running_var', 'decoder.dense_head.heads_list.5.center_z.1.weight', 'decoder.dense_head.heads_list.5.center_z.1.bias', 'decoder.dense_head.heads_list.5.dim.0.0.weight', 'decoder.dense_head.heads_list.5.dim.0.0.bias', 'decoder.dense_head.heads_list.5.dim.0.1.weight', 'decoder.dense_head.heads_list.5.dim.0.1.bias', 'decoder.dense_head.heads_list.5.dim.0.1.running_mean', 'decoder.dense_head.heads_list.5.dim.0.1.running_var', 'decoder.dense_head.heads_list.5.dim.1.weight', 'decoder.dense_head.heads_list.5.dim.1.bias', 'decoder.dense_head.heads_list.5.rot.0.0.weight', 'decoder.dense_head.heads_list.5.rot.0.0.bias', 'decoder.dense_head.heads_list.5.rot.0.1.weight', 'decoder.dense_head.heads_list.5.rot.0.1.bias', 'decoder.dense_head.heads_list.5.rot.0.1.running_mean', 'decoder.dense_head.heads_list.5.rot.0.1.running_var', 'decoder.dense_head.heads_list.5.rot.1.weight', 'decoder.dense_head.heads_list.5.rot.1.bias', 'decoder.dense_head.heads_list.5.vel.0.0.weight', 'decoder.dense_head.heads_list.5.vel.0.0.bias', 'decoder.dense_head.heads_list.5.vel.0.1.weight', 'decoder.dense_head.heads_list.5.vel.0.1.bias', 'decoder.dense_head.heads_list.5.vel.0.1.running_mean', 'decoder.dense_head.heads_list.5.vel.0.1.running_var', 'decoder.dense_head.heads_list.5.vel.1.weight', 'decoder.dense_head.heads_list.5.vel.1.bias', 'decoder.dense_head.heads_list.5.hm.0.0.weight', 'decoder.dense_head.heads_list.5.hm.0.0.bias', 'decoder.dense_head.heads_list.5.hm.0.1.weight', 'decoder.dense_head.heads_list.5.hm.0.1.bias', 'decoder.dense_head.heads_list.5.hm.0.1.running_mean', 'decoder.dense_head.heads_list.5.hm.0.1.running_var', 'decoder.dense_head.heads_list.5.hm.1.weight', 'decoder.dense_head.heads_list.5.hm.1.bias', 'map_decoder.pts_bbox_head.code_weights', 'map_decoder.pts_bbox_head.loss_seg.loss_fn.pos_weight', 'map_decoder.pts_bbox_head.loss_pv_seg.loss_fn.pos_weight', 'map_decoder.pts_bbox_head.map_adapter_layers.0.0.weight', 'map_decoder.pts_bbox_head.map_adapter_layers.0.0.bias', 'map_decoder.pts_bbox_head.map_adapter_layers.0.1.weight', 'map_decoder.pts_bbox_head.map_adapter_layers.0.1.bias', 'map_decoder.pts_bbox_head.map_adapter_layers.0.1.running_mean', 'map_decoder.pts_bbox_head.map_adapter_layers.0.1.running_var', 'map_decoder.pts_bbox_head.map_adapter_layers.1.weight', 'map_decoder.pts_bbox_head.map_adapter_layers.1.bias', 'map_decoder.pts_bbox_head.cls_branches.0.weight', 'map_decoder.pts_bbox_head.cls_branches.0.bias', 'map_decoder.pts_bbox_head.cls_branches.1.weight', 'map_decoder.pts_bbox_head.cls_branches.1.bias', 'map_decoder.pts_bbox_head.cls_branches.3.weight', 'map_decoder.pts_bbox_head.cls_branches.3.bias', 'map_decoder.pts_bbox_head.cls_branches.4.weight', 'map_decoder.pts_bbox_head.cls_branches.4.bias', 'map_decoder.pts_bbox_head.cls_branches.6.weight', 'map_decoder.pts_bbox_head.cls_branches.6.bias', 'map_decoder.pts_bbox_head.reg_branches.0.weight', 'map_decoder.pts_bbox_head.reg_branches.0.bias', 'map_decoder.pts_bbox_head.reg_branches.2.weight', 'map_decoder.pts_bbox_head.reg_branches.2.bias', 'map_decoder.pts_bbox_head.reg_branches.4.weight', 'map_decoder.pts_bbox_head.reg_branches.4.bias', 'map_decoder.pts_bbox_head.reg_branches.6.weight', 'map_decoder.pts_bbox_head.reg_branches.6.bias', 'planner_head.ego_query.weight', 'planner_head.ego_agent_decoder.layers.0.attentions.0.attn.in_proj_weight', 'planner_head.ego_agent_decoder.layers.0.attentions.0.attn.in_proj_bias', 'planner_head.ego_agent_decoder.layers.0.attentions.0.attn.out_proj.weight', 'planner_head.ego_agent_decoder.layers.0.attentions.0.attn.out_proj.bias', 'planner_head.ego_agent_decoder.layers.0.ffns.0.layers.0.0.weight', 'planner_head.ego_agent_decoder.layers.0.ffns.0.layers.0.0.bias', 'planner_head.ego_agent_decoder.layers.0.ffns.0.layers.1.weight', 'planner_head.ego_agent_decoder.layers.0.ffns.0.layers.1.bias', 'planner_head.ego_agent_decoder.layers.0.norms.0.weight', 'planner_head.ego_agent_decoder.layers.0.norms.0.bias', 'planner_head.ego_agent_decoder.layers.0.norms.1.weight', 'planner_head.ego_agent_decoder.layers.0.norms.1.bias', 'planner_head.ego_map_decoder.layers.0.attentions.0.attn.in_proj_weight', 'planner_head.ego_map_decoder.layers.0.attentions.0.attn.in_proj_bias', 'planner_head.ego_map_decoder.layers.0.attentions.0.attn.out_proj.weight', 'planner_head.ego_map_decoder.layers.0.attentions.0.attn.out_proj.bias', 'planner_head.ego_map_decoder.layers.0.ffns.0.layers.0.0.weight', 'planner_head.ego_map_decoder.layers.0.ffns.0.layers.0.0.bias', 'planner_head.ego_map_decoder.layers.0.ffns.0.layers.1.weight', 'planner_head.ego_map_decoder.layers.0.ffns.0.layers.1.bias', 'planner_head.ego_map_decoder.layers.0.norms.0.weight', 'planner_head.ego_map_decoder.layers.0.norms.0.bias', 'planner_head.ego_map_decoder.layers.0.norms.1.weight', 'planner_head.ego_map_decoder.layers.0.norms.1.bias', 'planner_head.ego_gaussian_decoder.layers.0.attentions.0.attn.in_proj_weight', 'planner_head.ego_gaussian_decoder.layers.0.attentions.0.attn.in_proj_bias', 'planner_head.ego_gaussian_decoder.layers.0.attentions.0.attn.out_proj.weight', 'planner_head.ego_gaussian_decoder.layers.0.attentions.0.attn.out_proj.bias', 'planner_head.ego_gaussian_decoder.layers.0.ffns.0.layers.0.0.weight', 'planner_head.ego_gaussian_decoder.layers.0.ffns.0.layers.0.0.bias', 'planner_head.ego_gaussian_decoder.layers.0.ffns.0.layers.1.weight', 'planner_head.ego_gaussian_decoder.layers.0.ffns.0.layers.1.bias', 'planner_head.ego_gaussian_decoder.layers.0.norms.0.weight', 'planner_head.ego_gaussian_decoder.layers.0.norms.0.bias', 'planner_head.ego_gaussian_decoder.layers.0.norms.1.weight', 'planner_head.ego_gaussian_decoder.layers.0.norms.1.bias', 'planner_head.ego_fut_decoder.0.weight', 'planner_head.ego_fut_decoder.0.bias', 'planner_head.ego_fut_decoder.2.weight', 'planner_head.ego_fut_decoder.2.bias', 'planner_head.ego_fut_decoder.4.weight', 'planner_head.ego_fut_decoder.4.bias', 'planner_head.agent_fus_mlp.0.weight', 'planner_head.agent_fus_mlp.0.bias', 'planner_head.agent_fus_mlp.1.weight', 'planner_head.agent_fus_mlp.1.bias', 'planner_head.agent_fus_mlp.3.weight', 'planner_head.agent_fus_mlp.3.bias', 'planner_head.map_fus_mlp.0.weight', 'planner_head.map_fus_mlp.0.bias', 'planner_head.map_fus_mlp.1.weight', 'planner_head.map_fus_mlp.1.bias', 'planner_head.map_fus_mlp.3.weight', 'planner_head.map_fus_mlp.3.bias', 'planner_head.gaussian_fus_mlp.0.weight', 'planner_head.gaussian_fus_mlp.0.bias', 'planner_head.gaussian_fus_mlp.1.weight', 'planner_head.gaussian_fus_mlp.1.bias', 'planner_head.gaussian_fus_mlp.3.weight', 'planner_head.gaussian_fus_mlp.3.bias'], unexpected_keys=['bbox_head.bld_alpha', 'bbox_head.cls_convs.0.conv.weight', 'bbox_head.cls_convs.0.conv.bias', 'bbox_head.cls_convs.0.gn.weight', 'bbox_head.cls_convs.0.gn.bias', 'bbox_head.cls_convs.1.conv.weight', 'bbox_head.cls_convs.1.conv.bias', 'bbox_head.cls_convs.1.conv.conv_offset.weight', 'bbox_head.cls_convs.1.conv.conv_offset.bias', 'bbox_head.cls_convs.1.gn.weight', 'bbox_head.cls_convs.1.gn.bias', 'bbox_head.reg_convs.0.conv.weight', 'bbox_head.reg_convs.0.conv.bias', 'bbox_head.reg_convs.0.gn.weight', 'bbox_head.reg_convs.0.gn.bias', 'bbox_head.reg_convs.1.conv.weight', 'bbox_head.reg_convs.1.conv.bias', 'bbox_head.reg_convs.1.conv.conv_offset.weight', 'bbox_head.reg_convs.1.conv.conv_offset.bias', 'bbox_head.reg_convs.1.gn.weight', 'bbox_head.reg_convs.1.gn.bias', 'bbox_head.conv_cls_prev.0.conv.weight', 'bbox_head.conv_cls_prev.0.conv.bias', 'bbox_head.conv_cls_prev.0.gn.weight', 'bbox_head.conv_cls_prev.0.gn.bias', 'bbox_head.conv_cls.weight', 'bbox_head.conv_cls.bias', 'bbox_head.conv_reg_prevs.0.0.conv.weight', 'bbox_head.conv_reg_prevs.0.0.conv.bias', 'bbox_head.conv_reg_prevs.0.0.gn.weight', 'bbox_head.conv_reg_prevs.0.0.gn.bias', 'bbox_head.conv_reg_prevs.1.0.conv.weight', 'bbox_head.conv_reg_prevs.1.0.conv.bias', 'bbox_head.conv_reg_prevs.1.0.gn.weight', 'bbox_head.conv_reg_prevs.1.0.gn.bias', 'bbox_head.conv_reg_prevs.2.0.conv.weight', 'bbox_head.conv_reg_prevs.2.0.conv.bias', 'bbox_head.conv_reg_prevs.2.0.gn.weight', 'bbox_head.conv_reg_prevs.2.0.gn.bias', 'bbox_head.conv_reg_prevs.3.0.conv.weight', 'bbox_head.conv_reg_prevs.3.0.conv.bias', 'bbox_head.conv_reg_prevs.3.0.gn.weight', 'bbox_head.conv_reg_prevs.3.0.gn.bias', 'bbox_head.conv_reg_prevs.5.0.conv.weight', 'bbox_head.conv_reg_prevs.5.0.conv.bias', 'bbox_head.conv_reg_prevs.5.0.gn.weight', 'bbox_head.conv_reg_prevs.5.0.gn.bias', 'bbox_head.conv_regs.0.weight', 'bbox_head.conv_regs.0.bias', 'bbox_head.conv_regs.1.weight', 'bbox_head.conv_regs.1.bias', 'bbox_head.conv_regs.2.weight', 'bbox_head.conv_regs.2.bias', 'bbox_head.conv_regs.3.weight', 'bbox_head.conv_regs.3.bias', 'bbox_head.conv_regs.4.weight', 'bbox_head.conv_regs.4.bias', 'bbox_head.conv_regs.5.weight', 'bbox_head.conv_regs.5.bias', 'bbox_head.conv_dir_cls_prev.0.conv.weight', 'bbox_head.conv_dir_cls_prev.0.conv.bias', 'bbox_head.conv_dir_cls_prev.0.gn.weight', 'bbox_head.conv_dir_cls_prev.0.gn.bias', 'bbox_head.conv_dir_cls.weight', 'bbox_head.conv_dir_cls.bias', 'bbox_head.conv_attr_prev.0.conv.weight', 'bbox_head.conv_attr_prev.0.conv.bias', 'bbox_head.conv_attr_prev.0.gn.weight', 'bbox_head.conv_attr_prev.0.gn.bias', 'bbox_head.conv_attr.weight', 'bbox_head.conv_attr.bias', 'bbox_head.conv_depth_cls_prev.0.conv.weight', 'bbox_head.conv_depth_cls_prev.0.conv.bias', 'bbox_head.conv_depth_cls_prev.0.gn.weight', 'bbox_head.conv_depth_cls_prev.0.gn.bias', 'bbox_head.conv_depth_cls.weight', 'bbox_head.conv_depth_cls.bias', 'bbox_head.conv_centerness_prev.0.conv.weight', 'bbox_head.conv_centerness_prev.0.conv.bias', 'bbox_head.conv_centerness_prev.0.gn.weight', 'bbox_head.conv_centerness_prev.0.gn.bias', 'bbox_head.conv_centerness.weight', 'bbox_head.conv_centerness.bias', 'bbox_head.scales.0.0.scale', 'bbox_head.scales.0.1.scale', 'bbox_head.scales.0.2.scale', 'bbox_head.scales.0.3.scale', 'bbox_head.scales.1.0.scale', 'bbox_head.scales.1.1.scale', 'bbox_head.scales.1.2.scale', 'bbox_head.scales.1.3.scale', 'bbox_head.scales.2.0.scale', 'bbox_head.scales.2.1.scale', 'bbox_head.scales.2.2.scale', 'bbox_head.scales.2.3.scale', 'bbox_head.scales.3.0.scale', 'bbox_head.scales.3.1.scale', 'bbox_head.scales.3.2.scale', 'bbox_head.scales.3.3.scale', 'bbox_head.scales.4.0.scale', 'bbox_head.scales.4.1.scale', 'bbox_head.scales.4.2.scale', 'bbox_head.scales.4.3.scale'])
[DynamicLoss Diag] iter=1 | gt_box=True | gaussians=24610 dyn_gt=35 (0.14%) | pred_dyn_ratio=61.18% | loss=0.7929
[PhysicsLoss Diag] iter=1 | gt_box=True static=24575 dyn=35 | offset_rms=0.0041 offset_dyn_rms=2.0216 turn_deg=0.00 | loss_static=0.0015 loss_smooth=0.0000 loss_rigid=0.0000 loss_vel=0.0000 loss_traj=1.2778 total=0.0015
08/04 12:57:45 - mmengine - INFO - [TRAIN] Epoch 0 Iter     0/750: Loss: 56.050 (56.050), grad_norm: 444.344, lr: 0.0000010, time: 19.846 (2.968)
08/04 12:57:45 - mmengine - INFO - OccupancyLoss: 21.55020, OccupancyFlowLoss: 12.97396, DetectionLoss: 20.73186, DynamicLoss: 0.79287, PhysicsLoss: 0.00155
08/04 13:02:25 - mmengine - INFO - [TRAIN] Epoch 0 Iter    50/750: Loss: 59.573 (42.022), grad_norm: 359.983, lr: 0.0000029, time: 5.607 (0.008)
08/04 13:02:25 - mmengine - INFO - OccupancyLoss: 28.33602, OccupancyFlowLoss: 17.86877, DetectionLoss: 13.01023, DynamicLoss: 0.35765, PhysicsLoss: 0.00000
08/04 13:07:06 - mmengine - INFO - [TRAIN] Epoch 0 Iter   100/750: Loss: 43.828 (35.613), grad_norm: 197.849, lr: 0.0000048, time: 5.592 (0.008)
08/04 13:07:06 - mmengine - INFO - OccupancyLoss: 17.38708, OccupancyFlowLoss: 12.67664, DetectionLoss: 13.36382, DynamicLoss: 0.16898, PhysicsLoss: 0.23180
08/04 13:11:44 - mmengine - INFO - [TRAIN] Epoch 0 Iter   150/750: Loss: 29.180 (33.849), grad_norm: 86.115, lr: 0.0000067, time: 5.451 (0.008)
08/04 13:11:44 - mmengine - INFO - OccupancyLoss: 10.18032, OccupancyFlowLoss: 7.22530, DetectionLoss: 11.65887, DynamicLoss: 0.09271, PhysicsLoss: 0.02272
08/04 13:16:20 - mmengine - INFO - [TRAIN] Epoch 0 Iter   200/750: Loss: 32.343 (28.976), grad_norm: 33.657, lr: 0.0000086, time: 5.435 (0.008)
08/04 13:16:20 - mmengine - INFO - OccupancyLoss: 13.36098, OccupancyFlowLoss: 8.77767, DetectionLoss: 10.18007, DynamicLoss: 0.02478, PhysicsLoss: 0.00000
08/04 13:20:58 - mmengine - INFO - [TRAIN] Epoch 0 Iter   250/750: Loss: 22.769 (28.496), grad_norm: 43.605, lr: 0.0000105, time: 5.646 (0.008)
08/04 13:20:58 - mmengine - INFO - OccupancyLoss: 6.70173, OccupancyFlowLoss: 4.07027, DetectionLoss: 11.93677, DynamicLoss: 0.05837, PhysicsLoss: 0.00216
08/04 13:25:34 - mmengine - INFO - [TRAIN] Epoch 0 Iter   300/750: Loss: 21.457 (27.854), grad_norm: 33.843, lr: 0.0000124, time: 5.400 (0.008)
08/04 13:25:34 - mmengine - INFO - OccupancyLoss: 8.40359, OccupancyFlowLoss: 5.37262, DetectionLoss: 7.59450, DynamicLoss: 0.08600, PhysicsLoss: 0.00035
08/04 13:30:12 - mmengine - INFO - [TRAIN] Epoch 0 Iter   350/750: Loss: 33.071 (27.263), grad_norm: 25.828, lr: 0.0000143, time: 5.636 (0.008)
08/04 13:30:12 - mmengine - INFO - OccupancyLoss: 10.50818, OccupancyFlowLoss: 4.34632, DetectionLoss: 18.14319, DynamicLoss: 0.06290, PhysicsLoss: 0.01003
08/04 13:34:52 - mmengine - INFO - [TRAIN] Epoch 0 Iter   400/750: Loss: 16.941 (25.314), grad_norm: 72.529, lr: 0.0000162, time: 5.709 (0.008)
08/04 13:34:52 - mmengine - INFO - OccupancyLoss: 8.68296, OccupancyFlowLoss: 6.45295, DetectionLoss: 1.79090, DynamicLoss: 0.01449, PhysicsLoss: 0.00000
08/04 13:39:33 - mmengine - INFO - [TRAIN] Epoch 0 Iter   450/750: Loss: 27.657 (26.864), grad_norm: 57.092, lr: 0.0000181, time: 5.763 (0.008)
08/04 13:39:33 - mmengine - INFO - OccupancyLoss: 11.32528, OccupancyFlowLoss: 8.25442, DetectionLoss: 7.97070, DynamicLoss: 0.10587, PhysicsLoss: 0.00080
[DynamicLoss Diag] iter=501 | gt_box=True | gaussians=16452 dyn_gt=19 (0.12%) | pred_dyn_ratio=0.00% | loss=0.0426
[PhysicsLoss Diag] iter=501 | gt_box=True static=16433 dyn=19 | offset_rms=0.0070 offset_dyn_rms=4.1048 turn_deg=83.46 | loss_static=0.0061 loss_smooth=0.0000 loss_rigid=0.0000 loss_vel=0.0000 loss_traj=10.9152 total=0.0061
08/04 13:44:14 - mmengine - INFO - [TRAIN] Epoch 0 Iter   500/750: Loss: 26.718 (24.633), grad_norm: 62.784, lr: 0.0000200, time: 5.476 (0.008)
08/04 13:44:14 - mmengine - INFO - OccupancyLoss: 9.54229, OccupancyFlowLoss: 8.85316, DetectionLoss: 8.27335, DynamicLoss: 0.04261, PhysicsLoss: 0.00608
08/04 13:48:50 - mmengine - INFO - [TRAIN] Epoch 0 Iter   550/750: Loss: 23.051 (25.400), grad_norm: 23.144, lr: 0.0000200, time: 5.512 (0.008)
08/04 13:48:50 - mmengine - INFO - OccupancyLoss: 7.76276, OccupancyFlowLoss: 3.93913, DetectionLoss: 11.16455, DynamicLoss: 0.04650, PhysicsLoss: 0.13784
08/04 13:53:29 - mmengine - INFO - [TRAIN] Epoch 0 Iter   600/750: Loss: 23.969 (26.571), grad_norm: 15.914, lr: 0.0000200, time: 5.729 (0.008)
08/04 13:53:29 - mmengine - INFO - OccupancyLoss: 6.87618, OccupancyFlowLoss: 4.38961, DetectionLoss: 12.44849, DynamicLoss: 0.23571, PhysicsLoss: 0.01917
08/04 13:58:06 - mmengine - INFO - [TRAIN] Epoch 0 Iter   650/750: Loss: 24.458 (24.863), grad_norm: 20.992, lr: 0.0000200, time: 5.411 (0.008)
08/04 13:58:06 - mmengine - INFO - OccupancyLoss: 11.28807, OccupancyFlowLoss: 7.96874, DetectionLoss: 5.15217, DynamicLoss: 0.04224, PhysicsLoss: 0.00634
08/04 14:02:44 - mmengine - INFO - [TRAIN] Epoch 0 Iter   700/750: Loss: 37.659 (25.221), grad_norm: 30.439, lr: 0.0000200, time: 5.560 (0.008)
08/04 14:02:44 - mmengine - INFO - OccupancyLoss: 15.25353, OccupancyFlowLoss: 11.82955, DetectionLoss: 10.45899, DynamicLoss: 0.03128, PhysicsLoss: 0.08592
08/04 14:07:23 - mmengine - INFO - [EVAL] Epoch 1 Iter     0: Loss: 25.574 (25.574)
08/04 14:07:23 - mmengine - INFO - OccupancyLoss: 8.03941, OccupancyFlowLoss: 5.06269, DetectionLoss: 12.43980, DynamicLoss: 0.03207, PhysicsLoss: 0.00034
08/04 14:08:22 - mmengine - INFO - [EVAL] Epoch 1 Iter    50: Loss: 17.508 (31.641)
08/04 14:08:22 - mmengine - INFO - OccupancyLoss: 7.20550, OccupancyFlowLoss: 4.38258, DetectionLoss: 5.76200, DynamicLoss: 0.08856, PhysicsLoss: 0.06936
08/04 14:09:20 - mmengine - INFO - [EVAL] Epoch 1 Iter   100: Loss: 26.555 (30.452)
08/04 14:09:20 - mmengine - INFO - OccupancyLoss: 10.73223, OccupancyFlowLoss: 8.11569, DetectionLoss: 7.63784, DynamicLoss: 0.03464, PhysicsLoss: 0.03435
08/04 14:10:18 - mmengine - INFO - [EVAL] Epoch 1 Iter   150: Loss: 15.501 (30.759)
08/04 14:10:18 - mmengine - INFO - OccupancyLoss: 7.33054, OccupancyFlowLoss: 1.48363, DetectionLoss: 6.67554, DynamicLoss: 0.01115, PhysicsLoss: 0.00000
08/04 14:11:17 - mmengine - INFO - [EVAL] Epoch 1 Iter   200: Loss: 21.881 (30.875)
08/04 14:11:17 - mmengine - INFO - OccupancyLoss: 11.79953, OccupancyFlowLoss: 3.61954, DetectionLoss: 6.33564, DynamicLoss: 0.07957, PhysicsLoss: 0.04687
[DynamicLoss Diag] iter=1001 | gt_box=True | gaussians=24776 dyn_gt=69 (0.28%) | pred_dyn_ratio=0.00% | loss=0.0988
[PhysicsLoss Diag] iter=1001 | gt_box=True static=24707 dyn=69 | offset_rms=0.0081 offset_dyn_rms=2.3940 turn_deg=42.20 | loss_static=0.0023 loss_smooth=0.0000 loss_rigid=0.0002 loss_vel=0.0000 loss_traj=3.9422 total=0.0023
08/04 14:12:17 - mmengine - INFO - [EVAL] Epoch 1 Iter   250: Loss: 27.644 (31.007)
08/04 14:12:17 - mmengine - INFO - OccupancyLoss: 10.35544, OccupancyFlowLoss: 6.30671, DetectionLoss: 10.88056, DynamicLoss: 0.09884, PhysicsLoss: 0.00229
08/04 14:13:16 - mmengine - INFO - [EVAL] Epoch 1 Iter   300: Loss: 40.230 (30.668)
08/04 14:13:16 - mmengine - INFO - OccupancyLoss: 9.29379, OccupancyFlowLoss: 7.46796, DetectionLoss: 23.45593, DynamicLoss: 0.01205, PhysicsLoss: 0.00000
08/04 14:14:15 - mmengine - INFO - [EVAL] Epoch 1 Iter   350: Loss: 20.255 (30.536)
08/04 14:14:15 - mmengine - INFO - OccupancyLoss: 8.71260, OccupancyFlowLoss: 2.88224, DetectionLoss: 8.43149, DynamicLoss: 0.08358, PhysicsLoss: 0.14541
08/04 14:15:13 - mmengine - INFO - [EVAL] Epoch 1 Iter   400: Loss: 26.727 (30.304)
08/04 14:15:13 - mmengine - INFO - OccupancyLoss: 9.14179, OccupancyFlowLoss: 0.95114, DetectionLoss: 16.61097, DynamicLoss: 0.02287, PhysicsLoss: 0.00000
08/04 14:16:13 - mmengine - INFO - [EVAL] Epoch 1 Iter   450: Loss: 46.166 (30.419)
08/04 14:16:13 - mmengine - INFO - OccupancyLoss: 10.63154, OccupancyFlowLoss: 7.13851, DetectionLoss: 28.11156, DynamicLoss: 0.25904, PhysicsLoss: 0.02574
08/04 14:17:34 - mmengine - INFO - Validation per class iou none:
08/04 14:17:34 - mmengine - INFO - barrier : 0.00%, 0.00, 0.00
08/04 14:17:34 - mmengine - INFO - bicycle : 0.00%, 0.00, 0.00
08/04 14:17:34 - mmengine - INFO - bus : 0.00%, 0.00, 0.00
08/04 14:17:34 - mmengine - INFO - car : 0.34%, 0.12, 0.00
08/04 14:17:34 - mmengine - INFO - construction_vehicle : 0.00%, 0.00, 0.00
08/04 14:17:34 - mmengine - INFO - motorcycle : 0.00%, 0.00, 0.00
08/04 14:17:34 - mmengine - INFO - pedestrian : 0.00%, 0.00, 0.00
08/04 14:17:34 - mmengine - INFO - traffic_cone : 0.00%, 0.00, 0.00
08/04 14:17:34 - mmengine - INFO - trailer : 0.00%, 0.00, 0.00
08/04 14:17:34 - mmengine - INFO - truck : 0.00%, 0.00, 0.00
08/04 14:17:34 - mmengine - INFO - driveable_surface : 26.80%, 0.39, 0.47
08/04 14:17:34 - mmengine - INFO - other_flat : 0.00%, 0.00, 0.00
08/04 14:17:34 - mmengine - INFO - sidewalk : 2.20%, 0.14, 0.03
08/04 14:17:34 - mmengine - INFO - terrain : 0.15%, 0.12, 0.00
08/04 14:17:34 - mmengine - INFO - manmade : 0.00%, 0.03, 0.00
08/04 14:17:34 - mmengine - INFO - vegetation : 0.74%, 0.23, 0.01
08/04 14:17:34 - mmengine - INFO - tensor([  213109,    14566,   204192,  1435223,   106632,    22025,   206833,
           42653,   134799,   555406,  7051599,   345594,  2482869,  3418334,
         7852446,  8317553, 32659904], device='cuda:0', dtype=torch.int32)
08/04 14:17:34 - mmengine - INFO - tensor([      0,       0,       0,    5036,       0,       0,       0,       0,
              0,       0, 3283670,       0,   63436,    5317,      90,   62925,
        5438690], device='cuda:0', dtype=torch.int32)
08/04 14:17:34 - mmengine - INFO - tensor([      0,       0,       0,   40474,       0,       0,       0,       0,
              0,       0, 8483306,       0,  465372,   43950,    2820,  277900,
        9313822], device='cuda:0', dtype=torch.int32)
08/04 14:17:34 - mmengine - INFO - mIoU: 1.8897869074351092, iou2: 14.88623046875
08/04 14:17:34 - mmengine - INFO - Current val loss is 30.421
08/04 14:17:53 - mmengine - INFO - [TRAIN] Epoch 1 Iter     0/750: Loss: 28.182 (28.182), grad_norm: 19.622, lr: 0.0000200, time: 8.751 (3.357)
08/04 14:17:53 - mmengine - INFO - OccupancyLoss: 9.39682, OccupancyFlowLoss: 7.26235, DetectionLoss: 11.47593, DynamicLoss: 0.03697, PhysicsLoss: 0.01038
08/04 14:22:28 - mmengine - INFO - [TRAIN] Epoch 1 Iter    50/750: Loss: 16.945 (24.180), grad_norm: 19.763, lr: 0.0000200, time: 5.367 (0.008)
08/04 14:22:28 - mmengine - INFO - OccupancyLoss: 8.91194, OccupancyFlowLoss: 2.65537, DetectionLoss: 5.34783, DynamicLoss: 0.02988, PhysicsLoss: 0.00000
08/04 14:27:04 - mmengine - INFO - [TRAIN] Epoch 1 Iter   100/750: Loss: 22.146 (24.046), grad_norm: 22.952, lr: 0.0000200, time: 5.564 (0.008)
08/04 14:27:04 - mmengine - INFO - OccupancyLoss: 9.25531, OccupancyFlowLoss: 5.64553, DetectionLoss: 7.18550, DynamicLoss: 0.05295, PhysicsLoss: 0.00658
08/04 14:31:42 - mmengine - INFO - [TRAIN] Epoch 1 Iter   150/750: Loss: 20.324 (25.497), grad_norm: 14.955, lr: 0.0000200, time: 5.439 (0.008)
08/04 14:31:42 - mmengine - INFO - OccupancyLoss: 8.35219, OccupancyFlowLoss: 7.13782, DetectionLoss: 4.78823, DynamicLoss: 0.04392, PhysicsLoss: 0.00217
08/04 14:36:18 - mmengine - INFO - [TRAIN] Epoch 1 Iter   200/750: Loss: 14.955 (23.374), grad_norm: 30.942, lr: 0.0000200, time: 5.532 (0.008)
08/04 14:36:18 - mmengine - INFO - OccupancyLoss: 6.43699, OccupancyFlowLoss: 5.17200, DetectionLoss: 3.32678, DynamicLoss: 0.01929, PhysicsLoss: 0.00000
[DynamicLoss Diag] iter=1501 | gt_box=True | gaussians=20962 dyn_gt=57 (0.27%) | pred_dyn_ratio=0.00% | loss=0.0769
[PhysicsLoss Diag] iter=1501 | gt_box=True static=20905 dyn=57 | offset_rms=0.0147 offset_dyn_rms=3.5272 turn_deg=34.64 | loss_static=0.0267 loss_smooth=0.0000 loss_rigid=0.0061 loss_vel=0.0000 loss_traj=5.8464 total=0.0267
08/04 14:40:53 - mmengine - INFO - [TRAIN] Epoch 1 Iter   250/750: Loss: 20.881 (25.295), grad_norm: 29.133, lr: 0.0000200, time: 5.452 (0.008)
08/04 14:40:53 - mmengine - INFO - OccupancyLoss: 6.50735, OccupancyFlowLoss: 4.21267, DetectionLoss: 10.05775, DynamicLoss: 0.07689, PhysicsLoss: 0.02672
08/04 14:45:30 - mmengine - INFO - [TRAIN] Epoch 1 Iter   300/750: Loss: 26.935 (24.009), grad_norm: 21.045, lr: 0.0000200, time: 5.542 (0.008)
08/04 14:45:30 - mmengine - INFO - OccupancyLoss: 9.95776, OccupancyFlowLoss: 6.80831, DetectionLoss: 10.14203, DynamicLoss: 0.02526, PhysicsLoss: 0.00180
08/04 14:50:07 - mmengine - INFO - [TRAIN] Epoch 1 Iter   350/750: Loss: 29.435 (24.764), grad_norm: 15.582, lr: 0.0000200, time: 5.497 (0.008)
08/04 14:50:07 - mmengine - INFO - OccupancyLoss: 13.50735, OccupancyFlowLoss: 10.16142, DetectionLoss: 5.57392, DynamicLoss: 0.18771, PhysicsLoss: 0.00453
08/04 14:54:54 - mmengine - INFO - [TRAIN] Epoch 1 Iter   400/750: Loss: 19.157 (23.543), grad_norm: 16.705, lr: 0.0000200, time: 5.512 (0.008)
08/04 14:54:54 - mmengine - INFO - OccupancyLoss: 7.75393, OccupancyFlowLoss: 5.87752, DetectionLoss: 5.46046, DynamicLoss: 0.05910, PhysicsLoss: 0.00584
08/04 14:59:53 - mmengine - INFO - [TRAIN] Epoch 1 Iter   450/750: Loss: 21.277 (23.620), grad_norm: 17.343, lr: 0.0000200, time: 5.449 (0.008)
08/04 14:59:53 - mmengine - INFO - OccupancyLoss: 8.67352, OccupancyFlowLoss: 5.60283, DetectionLoss: 6.95872, DynamicLoss: 0.04222, PhysicsLoss: 0.00018
08/04 15:04:30 - mmengine - INFO - [TRAIN] Epoch 1 Iter   500/750: Loss: 26.532 (24.522), grad_norm: 19.202, lr: 0.0000200, time: 5.351 (0.008)
08/04 15:04:30 - mmengine - INFO - OccupancyLoss: 9.30415, OccupancyFlowLoss: 6.78376, DetectionLoss: 10.24238, DynamicLoss: 0.09956, PhysicsLoss: 0.10264
08/04 15:09:07 - mmengine - INFO - [TRAIN] Epoch 1 Iter   550/750: Loss: 21.398 (23.812), grad_norm: 19.988, lr: 0.0000200, time: 5.601 (0.008)
08/04 15:09:07 - mmengine - INFO - OccupancyLoss: 9.11150, OccupancyFlowLoss: 5.50346, DetectionLoss: 6.72159, DynamicLoss: 0.04109, PhysicsLoss: 0.02003
08/04 15:13:44 - mmengine - INFO - [TRAIN] Epoch 1 Iter   600/750: Loss: 27.857 (24.036), grad_norm: 12.966, lr: 0.0000200, time: 5.413 (0.008)
08/04 15:13:44 - mmengine - INFO - OccupancyLoss: 8.51765, OccupancyFlowLoss: 5.27447, DetectionLoss: 13.93212, DynamicLoss: 0.09736, PhysicsLoss: 0.03515
08/04 15:18:32 - mmengine - INFO - [TRAIN] Epoch 1 Iter   650/750: Loss: 25.597 (24.413), grad_norm: 26.954, lr: 0.0000200, time: 5.393 (0.008)
08/04 15:18:32 - mmengine - INFO - OccupancyLoss: 9.32739, OccupancyFlowLoss: 6.20719, DetectionLoss: 10.01084, DynamicLoss: 0.04399, PhysicsLoss: 0.00755
08/04 15:23:10 - mmengine - INFO - [TRAIN] Epoch 1 Iter   700/750: Loss: 28.557 (23.281), grad_norm: 28.594, lr: 0.0000200, time: 5.565 (0.008)
08/04 15:23:10 - mmengine - INFO - OccupancyLoss: 13.27395, OccupancyFlowLoss: 8.13953, DetectionLoss: 7.11361, DynamicLoss: 0.03008, PhysicsLoss: 0.00000
[DynamicLoss Diag] iter=2001 | gt_box=True | gaussians=25513 dyn_gt=32 (0.13%) | pred_dyn_ratio=0.00% | loss=0.0607
[PhysicsLoss Diag] iter=2001 | gt_box=True static=25481 dyn=32 | offset_rms=0.0023 offset_dyn_rms=1.3758 turn_deg=113.64 | loss_static=0.0004 loss_smooth=0.0000 loss_rigid=0.0051 loss_vel=0.0000 loss_traj=3.6086 total=3.6141
08/04 15:27:54 - mmengine - INFO - [EVAL] Epoch 2 Iter     0: Loss: 22.448 (22.448)
08/04 15:27:54 - mmengine - INFO - OccupancyLoss: 6.94607, OccupancyFlowLoss: 4.38726, DetectionLoss: 7.43964, DynamicLoss: 0.06065, PhysicsLoss: 3.61410
08/04 15:28:53 - mmengine - INFO - [EVAL] Epoch 2 Iter    50: Loss: 40.245 (33.827)
08/04 15:28:53 - mmengine - INFO - OccupancyLoss: 6.54421, OccupancyFlowLoss: 3.95573, DetectionLoss: 5.93666, DynamicLoss: 0.09707, PhysicsLoss: 23.71104
08/04 15:29:52 - mmengine - INFO - [EVAL] Epoch 2 Iter   100: Loss: 45.501 (31.838)
08/04 15:29:52 - mmengine - INFO - OccupancyLoss: 9.54424, OccupancyFlowLoss: 7.16195, DetectionLoss: 6.02787, DynamicLoss: 0.03480, PhysicsLoss: 22.73231
08/04 15:30:50 - mmengine - INFO - [EVAL] Epoch 2 Iter   150: Loss: 9.373 (32.140)
08/04 15:30:50 - mmengine - INFO - OccupancyLoss: 6.87686, OccupancyFlowLoss: 1.40741, DetectionLoss: 1.08354, DynamicLoss: 0.00523, PhysicsLoss: 0.00000
08/04 15:31:49 - mmengine - INFO - [EVAL] Epoch 2 Iter   200: Loss: 26.152 (31.986)
08/04 15:31:49 - mmengine - INFO - OccupancyLoss: 10.98857, OccupancyFlowLoss: 3.36964, DetectionLoss: 5.96204, DynamicLoss: 0.06720, PhysicsLoss: 5.76441
08/04 15:32:50 - mmengine - INFO - [EVAL] Epoch 2 Iter   250: Loss: 28.308 (31.970)
08/04 15:32:50 - mmengine - INFO - OccupancyLoss: 8.66370, OccupancyFlowLoss: 5.28668, DetectionLoss: 9.66115, DynamicLoss: 0.10021, PhysicsLoss: 4.59604
08/04 15:33:48 - mmengine - INFO - [EVAL] Epoch 2 Iter   300: Loss: 21.023 (31.688)
08/04 15:33:48 - mmengine - INFO - OccupancyLoss: 8.57167, OccupancyFlowLoss: 6.80205, DetectionLoss: 5.63573, DynamicLoss: 0.01349, PhysicsLoss: 0.00000
08/04 15:34:48 - mmengine - INFO - [EVAL] Epoch 2 Iter   350: Loss: 36.752 (31.778)
08/04 15:34:48 - mmengine - INFO - OccupancyLoss: 8.05263, OccupancyFlowLoss: 2.66150, DetectionLoss: 8.48068, DynamicLoss: 0.06067, PhysicsLoss: 17.49612
08/04 15:35:46 - mmengine - INFO - [EVAL] Epoch 2 Iter   400: Loss: 20.663 (31.721)
08/04 15:35:46 - mmengine - INFO - OccupancyLoss: 7.58529, OccupancyFlowLoss: 0.79594, DetectionLoss: 11.96981, DynamicLoss: 0.02901, PhysicsLoss: 0.28271
08/04 15:36:46 - mmengine - INFO - [EVAL] Epoch 2 Iter   450: Loss: 44.921 (31.672)
08/04 15:36:46 - mmengine - INFO - OccupancyLoss: 9.57003, OccupancyFlowLoss: 6.95442, DetectionLoss: 14.63777, DynamicLoss: 0.23100, PhysicsLoss: 13.52813
08/04 15:38:04 - mmengine - INFO - Validation per class iou none:
08/04 15:38:04 - mmengine - INFO - barrier : 0.00%, 0.00, 0.00
08/04 15:38:04 - mmengine - INFO - bicycle : 0.00%, 0.00, 0.00
08/04 15:38:04 - mmengine - INFO - bus : 0.00%, 0.00, 0.00
08/04 15:38:04 - mmengine - INFO - car : 7.64%, 0.26, 0.10
08/04 15:38:04 - mmengine - INFO - construction_vehicle : 0.00%, 0.00, 0.00
08/04 15:38:04 - mmengine - INFO - motorcycle : 0.00%, 0.00, 0.00
08/04 15:38:04 - mmengine - INFO - pedestrian : 0.00%, 0.00, 0.00
08/04 15:38:04 - mmengine - INFO - traffic_cone : 0.00%, 0.00, 0.00
08/04 15:38:04 - mmengine - INFO - trailer : 0.00%, 0.00, 0.00
08/04 15:38:04 - mmengine - INFO - truck : 0.05%, 0.17, 0.00
08/04 15:38:04 - mmengine - INFO - driveable_surface : 29.79%, 0.58, 0.38
08/04 15:38:04 - mmengine - INFO - other_flat : 0.00%, 0.00, 0.00
08/04 15:38:04 - mmengine - INFO - sidewalk : 4.12%, 0.23, 0.05
08/04 15:38:04 - mmengine - INFO - terrain : 5.20%, 0.27, 0.06
08/04 15:38:04 - mmengine - INFO - manmade : 0.71%, 0.15, 0.01
08/04 15:38:04 - mmengine - INFO - vegetation : 5.72%, 0.27, 0.07
08/04 15:38:04 - mmengine - INFO - tensor([  213109,    14566,   204192,  1435223,   106632,    22025,   206833,
           42653,   134799,   555406,  7051599,   345594,  2482869,  3418334,
         7852446,  8317553, 32659904], device='cuda:0', dtype=torch.int32)
08/04 15:38:04 - mmengine - INFO - tensor([      0,       0,       0,  140362,       0,       0,       0,       0,
              0,     265, 2684259,       0,  119121,  206684,   57964,  561180,
        5249713], device='cuda:0', dtype=torch.int32)
08/04 15:38:04 - mmengine - INFO - tensor([      0,       0,       0,  541477,       0,       0,       0,       0,
              0,    1579, 4642787,       0,  526563,  765369,  376663, 2057295,
        8911733], device='cuda:0', dtype=torch.int32)
08/04 15:38:04 - mmengine - INFO - mIoU: 3.3268021394178504, iou2: 14.453289985656738
08/04 15:38:04 - mmengine - INFO - Current val loss is 31.723
[DynamicLoss Diag] iter=2501 | gt_box=True | gaussians=13773 dyn_gt=22 (0.16%) | pred_dyn_ratio=0.00% | loss=0.0314
[PhysicsLoss Diag] iter=2501 | gt_box=True static=13751 dyn=22 | offset_rms=0.0110 offset_dyn_rms=3.4090 turn_deg=98.72 | loss_static=0.0142 loss_smooth=0.0000 loss_rigid=0.2947 loss_vel=0.0000 loss_traj=12.5051 total=12.8139
08/04 15:38:23 - mmengine - INFO - [TRAIN] Epoch 2 Iter     0/750: Loss: 56.934 (56.934), grad_norm: 31.966, lr: 0.0000200, time: 8.648 (3.219)
08/04 15:38:23 - mmengine - INFO - OccupancyLoss: 20.24830, OccupancyFlowLoss: 13.08154, DetectionLoss: 10.75853, DynamicLoss: 0.03140, PhysicsLoss: 12.81389
08/04 15:43:01 - mmengine - INFO - [TRAIN] Epoch 2 Iter    50/750: Loss: 28.410 (30.352), grad_norm: 90.541, lr: 0.0000200, time: 5.373 (0.008)
08/04 15:43:01 - mmengine - INFO - OccupancyLoss: 7.79494, OccupancyFlowLoss: 5.56347, DetectionLoss: 11.34106, DynamicLoss: 0.11488, PhysicsLoss: 3.59594
08/04 15:47:42 - mmengine - INFO - [TRAIN] Epoch 2 Iter   100/750: Loss: 17.128 (24.112), grad_norm: 98.212, lr: 0.0000200, time: 5.593 (0.008)
08/04 15:47:42 - mmengine - INFO - OccupancyLoss: 8.50718, OccupancyFlowLoss: 5.35497, DetectionLoss: 3.00314, DynamicLoss: 0.04021, PhysicsLoss: 0.22261
08/04 15:52:20 - mmengine - INFO - [TRAIN] Epoch 2 Iter   150/750: Loss: 13.944 (24.664), grad_norm: 34.542, lr: 0.0000200, time: 5.271 (0.008)
08/04 15:52:20 - mmengine - INFO - OccupancyLoss: 9.47159, OccupancyFlowLoss: 0.00000, DetectionLoss: 4.44456, DynamicLoss: 0.02782, PhysicsLoss: 0.00022
08/04 15:57:00 - mmengine - INFO - [TRAIN] Epoch 2 Iter   200/750: Loss: 20.810 (23.787), grad_norm: 60.344, lr: 0.0000200, time: 6.094 (0.008)
08/04 15:57:00 - mmengine - INFO - OccupancyLoss: 8.10659, OccupancyFlowLoss: 5.70474, DetectionLoss: 3.51008, DynamicLoss: 0.02076, PhysicsLoss: 3.46787
08/04 16:01:39 - mmengine - INFO - [TRAIN] Epoch 2 Iter   250/750: Loss: 21.563 (23.451), grad_norm: 87.834, lr: 0.0000200, time: 5.704 (0.008)
08/04 16:01:39 - mmengine - INFO - OccupancyLoss: 7.67669, OccupancyFlowLoss: 5.40882, DetectionLoss: 6.85469, DynamicLoss: 0.09071, PhysicsLoss: 1.53256
08/04 16:06:17 - mmengine - INFO - [TRAIN] Epoch 2 Iter   300/750: Loss: 18.124 (24.463), grad_norm: 26.819, lr: 0.0000200, time: 5.485 (0.008)
08/04 16:06:17 - mmengine - INFO - OccupancyLoss: 9.33401, OccupancyFlowLoss: 6.14736, DetectionLoss: 2.61618, DynamicLoss: 0.02636, PhysicsLoss: 0.00000
08/04 16:10:54 - mmengine - INFO - [TRAIN] Epoch 2 Iter   350/750: Loss: 17.583 (22.472), grad_norm: 29.268, lr: 0.0000200, time: 5.563 (0.008)
08/04 16:10:54 - mmengine - INFO - OccupancyLoss: 8.69773, OccupancyFlowLoss: 3.46193, DetectionLoss: 4.38863, DynamicLoss: 0.04079, PhysicsLoss: 0.99414
08/04 16:15:33 - mmengine - INFO - [TRAIN] Epoch 2 Iter   400/750: Loss: 20.143 (22.631), grad_norm: 74.275, lr: 0.0000200, time: 5.406 (0.008)
08/04 16:15:33 - mmengine - INFO - OccupancyLoss: 7.53677, OccupancyFlowLoss: 2.26494, DetectionLoss: 8.81792, DynamicLoss: 0.04259, PhysicsLoss: 1.48054
08/04 16:20:12 - mmengine - INFO - [TRAIN] Epoch 2 Iter   450/750: Loss: 25.017 (22.589), grad_norm: 55.259, lr: 0.0000200, time: 5.508 (0.008)
08/04 16:20:12 - mmengine - INFO - OccupancyLoss: 7.35267, OccupancyFlowLoss: 4.46945, DetectionLoss: 10.96642, DynamicLoss: 0.05483, PhysicsLoss: 2.17404
[DynamicLoss Diag] iter=3001 | gt_box=True | gaussians=25564 dyn_gt=22 (0.09%) | pred_dyn_ratio=0.22% | loss=0.0420
[PhysicsLoss Diag] iter=3001 | gt_box=True static=25542 dyn=22 | offset_rms=0.0093 offset_dyn_rms=5.5409 turn_deg=2.06 | loss_static=0.0205 loss_smooth=0.0000 loss_rigid=0.0006 loss_vel=0.0000 loss_traj=4.4938 total=4.5148
08/04 16:24:51 - mmengine - INFO - [TRAIN] Epoch 2 Iter   500/750: Loss: 16.529 (21.987), grad_norm: 42.928, lr: 0.0000200, time: 5.469 (0.008)
08/04 16:24:51 - mmengine - INFO - OccupancyLoss: 4.84361, OccupancyFlowLoss: 3.01912, DetectionLoss: 4.10924, DynamicLoss: 0.04204, PhysicsLoss: 4.51484
08/04 16:29:27 - mmengine - INFO - [TRAIN] Epoch 2 Iter   550/750: Loss: 15.360 (22.869), grad_norm: 24.971, lr: 0.0000200, time: 5.537 (0.008)
08/04 16:29:27 - mmengine - INFO - OccupancyLoss: 6.60055, OccupancyFlowLoss: 2.89038, DetectionLoss: 5.63366, DynamicLoss: 0.11714, PhysicsLoss: 0.11837
08/04 16:34:05 - mmengine - INFO - [TRAIN] Epoch 2 Iter   600/750: Loss: 25.525 (23.432), grad_norm: 69.557, lr: 0.0000200, time: 5.616 (0.008)
08/04 16:34:05 - mmengine - INFO - OccupancyLoss: 8.83472, OccupancyFlowLoss: 6.93161, DetectionLoss: 9.18086, DynamicLoss: 0.03398, PhysicsLoss: 0.54385
08/04 16:38:42 - mmengine - INFO - [TRAIN] Epoch 2 Iter   650/750: Loss: 20.882 (21.377), grad_norm: 89.909, lr: 0.0000200, time: 5.499 (0.008)
08/04 16:38:42 - mmengine - INFO - OccupancyLoss: 6.58941, OccupancyFlowLoss: 5.53233, DetectionLoss: 7.15316, DynamicLoss: 0.09513, PhysicsLoss: 1.51233
08/04 16:43:22 - mmengine - INFO - [TRAIN] Epoch 2 Iter   700/750: Loss: 18.599 (22.020), grad_norm: 43.696, lr: 0.0000200, time: 5.494 (0.008)
08/04 16:43:22 - mmengine - INFO - OccupancyLoss: 9.12208, OccupancyFlowLoss: 5.08745, DetectionLoss: 3.32524, DynamicLoss: 0.01881, PhysicsLoss: 1.04520
08/04 16:48:02 - mmengine - INFO - [EVAL] Epoch 3 Iter     0: Loss: 22.486 (22.486)
08/04 16:48:02 - mmengine - INFO - OccupancyLoss: 6.80277, OccupancyFlowLoss: 4.31831, DetectionLoss: 7.22436, DynamicLoss: 0.07816, PhysicsLoss: 4.06221
08/04 16:49:02 - mmengine - INFO - [EVAL] Epoch 3 Iter    50: Loss: 16.846 (22.844)
08/04 16:49:02 - mmengine - INFO - OccupancyLoss: 5.99036, OccupancyFlowLoss: 3.64800, DetectionLoss: 4.97530, DynamicLoss: 0.07852, PhysicsLoss: 2.15385
08/04 16:50:01 - mmengine - INFO - [EVAL] Epoch 3 Iter   100: Loss: 25.541 (22.478)
08/04 16:50:01 - mmengine - INFO - OccupancyLoss: 9.30890, OccupancyFlowLoss: 7.29182, DetectionLoss: 5.29697, DynamicLoss: 0.03654, PhysicsLoss: 3.60645
08/04 16:50:59 - mmengine - INFO - [EVAL] Epoch 3 Iter   150: Loss: 8.629 (22.989)
08/04 16:50:59 - mmengine - INFO - OccupancyLoss: 6.81007, OccupancyFlowLoss: 1.43940, DetectionLoss: 0.37844, DynamicLoss: 0.00150, PhysicsLoss: 0.00000
08/04 16:51:59 - mmengine - INFO - [EVAL] Epoch 3 Iter   200: Loss: 18.844 (23.150)
08/04 16:51:59 - mmengine - INFO - OccupancyLoss: 10.21229, OccupancyFlowLoss: 3.25144, DetectionLoss: 4.54387, DynamicLoss: 0.06582, PhysicsLoss: 0.77100
[DynamicLoss Diag] iter=3501 | gt_box=True | gaussians=24868 dyn_gt=75 (0.30%) | pred_dyn_ratio=0.06% | loss=0.1247
[PhysicsLoss Diag] iter=3501 | gt_box=True static=24793 dyn=75 | offset_rms=0.0278 offset_dyn_rms=7.4970 turn_deg=0.45 | loss_static=0.0271 loss_smooth=0.0000 loss_rigid=0.0016 loss_vel=0.0000 loss_traj=1.2255 total=1.2542
08/04 16:52:59 - mmengine - INFO - [EVAL] Epoch 3 Iter   250: Loss: 24.588 (23.108)
08/04 16:52:59 - mmengine - INFO - OccupancyLoss: 8.56159, OccupancyFlowLoss: 5.22789, DetectionLoss: 9.41949, DynamicLoss: 0.12472, PhysicsLoss: 1.25423
08/04 16:53:58 - mmengine - INFO - [EVAL] Epoch 3 Iter   300: Loss: 21.119 (22.979)
08/04 16:53:58 - mmengine - INFO - OccupancyLoss: 8.69271, OccupancyFlowLoss: 6.96418, DetectionLoss: 5.45571, DynamicLoss: 0.00651, PhysicsLoss: 0.00000
08/04 16:54:58 - mmengine - INFO - [EVAL] Epoch 3 Iter   350: Loss: 18.478 (23.015)
08/04 16:54:58 - mmengine - INFO - OccupancyLoss: 7.25959, OccupancyFlowLoss: 2.56769, DetectionLoss: 8.19032, DynamicLoss: 0.04378, PhysicsLoss: 0.41650
08/04 16:55:57 - mmengine - INFO - [EVAL] Epoch 3 Iter   400: Loss: 19.683 (22.866)
08/04 16:55:57 - mmengine - INFO - OccupancyLoss: 7.71438, OccupancyFlowLoss: 0.80761, DetectionLoss: 11.13208, DynamicLoss: 0.02785, PhysicsLoss: 0.00121
08/04 16:56:57 - mmengine - INFO - [EVAL] Epoch 3 Iter   450: Loss: 36.140 (22.937)
08/04 16:56:57 - mmengine - INFO - OccupancyLoss: 9.13322, OccupancyFlowLoss: 7.44865, DetectionLoss: 14.55381, DynamicLoss: 0.20840, PhysicsLoss: 4.79551
08/04 16:58:18 - mmengine - INFO - Validation per class iou none:
08/04 16:58:18 - mmengine - INFO - barrier : 0.00%, 0.00, 0.00
08/04 16:58:18 - mmengine - INFO - bicycle : 0.00%, 0.00, 0.00
08/04 16:58:18 - mmengine - INFO - bus : 0.28%, 0.28, 0.00
08/04 16:58:18 - mmengine - INFO - car : 15.32%, 0.35, 0.21
08/04 16:58:18 - mmengine - INFO - construction_vehicle : 0.00%, 0.00, 0.00
08/04 16:58:18 - mmengine - INFO - motorcycle : 0.00%, 0.00, 0.00
08/04 16:58:18 - mmengine - INFO - pedestrian : 0.00%, 0.00, 0.00
08/04 16:58:18 - mmengine - INFO - traffic_cone : 0.00%, 0.00, 0.00
08/04 16:58:18 - mmengine - INFO - trailer : 0.00%, 0.00, 0.00
08/04 16:58:18 - mmengine - INFO - truck : 0.70%, 0.23, 0.01
08/04 16:58:18 - mmengine - INFO - driveable_surface : 30.84%, 0.64, 0.37
08/04 16:58:18 - mmengine - INFO - other_flat : 0.00%, 0.00, 0.00
08/04 16:58:18 - mmengine - INFO - sidewalk : 10.62%, 0.22, 0.17
08/04 16:58:18 - mmengine - INFO - terrain : 13.03%, 0.26, 0.21
08/04 16:58:18 - mmengine - INFO - manmade : 3.03%, 0.21, 0.03
08/04 16:58:18 - mmengine - INFO - vegetation : 14.23%, 0.29, 0.22
08/04 16:58:18 - mmengine - INFO - tensor([  213109,    14566,   204192,  1435223,   106632,    22025,   206833,
           42653,   134799,   555406,  7051599,   345594,  2482869,  3418334,
         7852446,  8317553, 32659904], device='cuda:0', dtype=torch.int32)
08/04 16:58:18 - mmengine - INFO - tensor([      0,       0,     574,  307273,       0,       0,       0,       0,
              0,    3982, 2625691,       0,  430134,  704643,  268639, 1834254,
        8833519], device='cuda:0', dtype=torch.int32)
08/04 16:58:18 - mmengine - INFO - tensor([       1,        0,     2069,   877701,        0,        0,        8,
               0,        0,    17603,  4087041,        0,  1996547,  2693674,
         1281799,  6407605, 17364048], device='cuda:0', dtype=torch.int32)
08/04 16:58:18 - mmengine - INFO - mIoU: 5.503471466363408, iou2: 21.445560455322266
08/04 16:58:18 - mmengine - INFO - Current val loss is 23.023
08/04 16:58:37 - mmengine - INFO - [TRAIN] Epoch 3 Iter     0/750: Loss: 20.705 (20.705), grad_norm: 46.640, lr: 0.0000200, time: 8.500 (3.019)
08/04 16:58:37 - mmengine - INFO - OccupancyLoss: 6.31925, OccupancyFlowLoss: 4.43068, DetectionLoss: 9.64383, DynamicLoss: 0.05366, PhysicsLoss: 0.25737
08/04 17:03:16 - mmengine - INFO - [TRAIN] Epoch 3 Iter    50/750: Loss: 17.378 (23.207), grad_norm: 36.221, lr: 0.0000200, time: 5.411 (0.008)
08/04 17:03:16 - mmengine - INFO - OccupancyLoss: 7.09917, OccupancyFlowLoss: 4.78522, DetectionLoss: 4.71828, DynamicLoss: 0.06416, PhysicsLoss: 0.71159
08/04 17:07:56 - mmengine - INFO - [TRAIN] Epoch 3 Iter   100/750: Loss: 22.266 (21.855), grad_norm: 27.196, lr: 0.0000200, time: 5.689 (0.008)
08/04 17:07:56 - mmengine - INFO - OccupancyLoss: 6.81244, OccupancyFlowLoss: 3.59827, DetectionLoss: 9.99437, DynamicLoss: 0.06826, PhysicsLoss: 1.79228
08/04 17:12:34 - mmengine - INFO - [TRAIN] Epoch 3 Iter   150/750: Loss: 20.146 (22.105), grad_norm: 44.807, lr: 0.0000200, time: 5.580 (0.008)
08/04 17:12:34 - mmengine - INFO - OccupancyLoss: 5.80677, OccupancyFlowLoss: 5.27046, DetectionLoss: 8.78673, DynamicLoss: 0.02939, PhysicsLoss: 0.25254
08/04 17:17:12 - mmengine - INFO - [TRAIN] Epoch 3 Iter   200/750: Loss: 17.207 (21.810), grad_norm: 23.283, lr: 0.0000200, time: 5.561 (0.008)
08/04 17:17:12 - mmengine - INFO - OccupancyLoss: 5.27216, OccupancyFlowLoss: 3.28966, DetectionLoss: 8.55537, DynamicLoss: 0.02596, PhysicsLoss: 0.06337
[DynamicLoss Diag] iter=4001 | gt_box=True | gaussians=16067 dyn_gt=43 (0.27%) | pred_dyn_ratio=0.00% | loss=0.0618
[PhysicsLoss Diag] iter=4001 | gt_box=True static=16024 dyn=43 | offset_rms=0.0552 offset_dyn_rms=13.4995 turn_deg=1.20 | loss_static=0.1587 loss_smooth=0.0000 loss_rigid=0.0140 loss_vel=0.0000 loss_traj=0.0812 total=0.2540
08/04 17:21:52 - mmengine - INFO - [TRAIN] Epoch 3 Iter   250/750: Loss: 18.267 (21.592), grad_norm: 26.178, lr: 0.0000200, time: 5.707 (0.008)
08/04 17:21:52 - mmengine - INFO - OccupancyLoss: 8.00251, OccupancyFlowLoss: 1.62013, DetectionLoss: 8.32862, DynamicLoss: 0.06179, PhysicsLoss: 0.25396
08/04 17:26:31 - mmengine - INFO - [TRAIN] Epoch 3 Iter   300/750: Loss: 34.931 (21.387), grad_norm: 94.733, lr: 0.0000200, time: 5.378 (0.008)
08/04 17:26:31 - mmengine - INFO - OccupancyLoss: 14.27794, OccupancyFlowLoss: 11.46331, DetectionLoss: 9.11080, DynamicLoss: 0.01427, PhysicsLoss: 0.06454
08/04 17:31:07 - mmengine - INFO - [TRAIN] Epoch 3 Iter   350/750: Loss: 28.277 (21.997), grad_norm: 26.623, lr: 0.0000200, time: 5.450 (0.008)
08/04 17:31:07 - mmengine - INFO - OccupancyLoss: 11.70708, OccupancyFlowLoss: 9.03664, DetectionLoss: 7.52978, DynamicLoss: 0.00326, PhysicsLoss: 0.00011
08/04 17:35:46 - mmengine - INFO - [TRAIN] Epoch 3 Iter   400/750: Loss: 26.704 (22.260), grad_norm: 27.987, lr: 0.0000200, time: 5.932 (0.008)
08/04 17:35:46 - mmengine - INFO - OccupancyLoss: 11.73180, OccupancyFlowLoss: 9.03380, DetectionLoss: 5.88012, DynamicLoss: 0.01171, PhysicsLoss: 0.04655
08/04 17:40:23 - mmengine - INFO - [TRAIN] Epoch 3 Iter   450/750: Loss: 21.457 (22.996), grad_norm: 99.633, lr: 0.0000200, time: 5.573 (0.008)
08/04 17:40:23 - mmengine - INFO - OccupancyLoss: 9.44915, OccupancyFlowLoss: 6.91257, DetectionLoss: 5.09365, DynamicLoss: 0.00193, PhysicsLoss: 0.00000
08/04 17:45:03 - mmengine - INFO - [TRAIN] Epoch 3 Iter   500/750: Loss: 23.591 (21.891), grad_norm: 74.167, lr: 0.0000200, time: 5.353 (0.008)
08/04 17:45:03 - mmengine - INFO - OccupancyLoss: 10.46066, OccupancyFlowLoss: 8.83904, DetectionLoss: 4.15937, DynamicLoss: 0.01240, PhysicsLoss: 0.11919
08/04 17:49:40 - mmengine - INFO - [TRAIN] Epoch 3 Iter   550/750: Loss: 25.897 (22.094), grad_norm: 63.774, lr: 0.0000200, time: 5.360 (0.008)
08/04 17:49:40 - mmengine - INFO - OccupancyLoss: 9.77176, OccupancyFlowLoss: 6.41023, DetectionLoss: 7.71039, DynamicLoss: 0.04448, PhysicsLoss: 1.96053
08/04 17:54:20 - mmengine - INFO - [TRAIN] Epoch 3 Iter   600/750: Loss: 19.706 (21.441), grad_norm: 53.265, lr: 0.0000200, time: 5.930 (0.008)
08/04 17:54:20 - mmengine - INFO - OccupancyLoss: 5.98938, OccupancyFlowLoss: 3.73479, DetectionLoss: 8.95988, DynamicLoss: 0.07019, PhysicsLoss: 0.95163
08/04 17:59:11 - mmengine - INFO - [TRAIN] Epoch 3 Iter   650/750: Loss: 40.076 (22.954), grad_norm: 46.180, lr: 0.0000200, time: 5.498 (0.008)
08/04 17:59:11 - mmengine - INFO - OccupancyLoss: 20.42168, OccupancyFlowLoss: 13.02878, DetectionLoss: 4.24297, DynamicLoss: 0.03559, PhysicsLoss: 2.34670
08/04 18:04:09 - mmengine - INFO - [TRAIN] Epoch 3 Iter   700/750: Loss: 12.543 (20.580), grad_norm: 52.249, lr: 0.0000200, time: 5.589 (0.008)
08/04 18:04:09 - mmengine - INFO - OccupancyLoss: 4.87476, OccupancyFlowLoss: 2.49345, DetectionLoss: 4.93208, DynamicLoss: 0.03786, PhysicsLoss: 0.20517
[DynamicLoss Diag] iter=4501 | gt_box=True | gaussians=25520 dyn_gt=36 (0.14%) | pred_dyn_ratio=0.53% | loss=0.0815
[PhysicsLoss Diag] iter=4501 | gt_box=True static=25484 dyn=36 | offset_rms=0.0107 offset_dyn_rms=5.9382 turn_deg=0.36 | loss_static=0.0087 loss_smooth=0.0000 loss_rigid=0.0209 loss_vel=0.0000 loss_traj=3.9542 total=3.9838
08/04 18:08:51 - mmengine - INFO - [EVAL] Epoch 4 Iter     0: Loss: 18.103 (18.103)
08/04 18:08:51 - mmengine - INFO - OccupancyLoss: 5.57849, OccupancyFlowLoss: 3.58908, DetectionLoss: 4.87040, DynamicLoss: 0.08146, PhysicsLoss: 3.98381
08/04 18:09:51 - mmengine - INFO - [EVAL] Epoch 4 Iter    50: Loss: 16.287 (21.541)
08/04 18:09:51 - mmengine - INFO - OccupancyLoss: 5.90596, OccupancyFlowLoss: 3.62405, DetectionLoss: 4.48287, DynamicLoss: 0.06415, PhysicsLoss: 2.20966
08/04 18:10:49 - mmengine - INFO - [EVAL] Epoch 4 Iter   100: Loss: 24.571 (21.241)
08/04 18:10:49 - mmengine - INFO - OccupancyLoss: 8.97534, OccupancyFlowLoss: 6.97888, DetectionLoss: 5.10968, DynamicLoss: 0.02426, PhysicsLoss: 3.48311
08/04 18:11:48 - mmengine - INFO - [EVAL] Epoch 4 Iter   150: Loss: 8.689 (21.845)
08/04 18:11:48 - mmengine - INFO - OccupancyLoss: 6.63803, OccupancyFlowLoss: 1.35208, DetectionLoss: 0.69688, DynamicLoss: 0.00226, PhysicsLoss: 0.00000
08/04 18:12:58 - mmengine - INFO - [EVAL] Epoch 4 Iter   200: Loss: 18.446 (21.982)
08/04 18:12:58 - mmengine - INFO - OccupancyLoss: 9.90465, OccupancyFlowLoss: 3.20413, DetectionLoss: 4.38011, DynamicLoss: 0.05230, PhysicsLoss: 0.90439
08/04 18:13:59 - mmengine - INFO - [EVAL] Epoch 4 Iter   250: Loss: 22.240 (21.941)
08/04 18:13:59 - mmengine - INFO - OccupancyLoss: 7.85288, OccupancyFlowLoss: 4.81796, DetectionLoss: 8.15518, DynamicLoss: 0.12100, PhysicsLoss: 1.29263
08/04 18:14:57 - mmengine - INFO - [EVAL] Epoch 4 Iter   300: Loss: 20.385 (21.755)
08/04 18:14:57 - mmengine - INFO - OccupancyLoss: 8.18072, OccupancyFlowLoss: 6.79118, DetectionLoss: 5.40049, DynamicLoss: 0.01240, PhysicsLoss: 0.00000
08/04 18:15:57 - mmengine - INFO - [EVAL] Epoch 4 Iter   350: Loss: 16.596 (21.769)
08/04 18:15:57 - mmengine - INFO - OccupancyLoss: 6.99130, OccupancyFlowLoss: 2.46480, DetectionLoss: 6.56947, DynamicLoss: 0.04898, PhysicsLoss: 0.52152
08/04 18:16:56 - mmengine - INFO - [EVAL] Epoch 4 Iter   400: Loss: 17.771 (21.620)
08/04 18:16:56 - mmengine - INFO - OccupancyLoss: 7.32318, OccupancyFlowLoss: 0.77233, DetectionLoss: 9.63981, DynamicLoss: 0.03414, PhysicsLoss: 0.00112
08/04 18:17:56 - mmengine - INFO - [EVAL] Epoch 4 Iter   450: Loss: 35.281 (21.687)
08/04 18:17:56 - mmengine - INFO - OccupancyLoss: 8.30647, OccupancyFlowLoss: 7.52290, DetectionLoss: 14.72850, DynamicLoss: 0.16959, PhysicsLoss: 4.55390
08/04 18:19:05 - mmengine - INFO - Validation per class iou none:
08/04 18:19:05 - mmengine - INFO - barrier : 1.77%, 0.28, 0.02
08/04 18:19:05 - mmengine - INFO - bicycle : 0.00%, 0.00, 0.00
08/04 18:19:05 - mmengine - INFO - bus : 3.05%, 0.31, 0.03
08/04 18:19:05 - mmengine - INFO - car : 22.18%, 0.36, 0.37
08/04 18:19:05 - mmengine - INFO - construction_vehicle : 0.00%, 0.00, 0.00
08/04 18:19:05 - mmengine - INFO - motorcycle : 0.00%, 0.00, 0.00
08/04 18:19:05 - mmengine - INFO - pedestrian : 0.05%, 0.14, 0.00
08/04 18:19:05 - mmengine - INFO - traffic_cone : 0.00%, 0.00, 0.00
08/04 18:19:05 - mmengine - INFO - trailer : 1.14%, 0.03, 0.02
08/04 18:19:05 - mmengine - INFO - truck : 5.34%, 0.26, 0.06
08/04 18:19:05 - mmengine - INFO - driveable_surface : 35.27%, 0.65, 0.44
08/04 18:19:05 - mmengine - INFO - other_flat : 0.13%, 0.72, 0.00
08/04 18:19:05 - mmengine - INFO - sidewalk : 11.51%, 0.31, 0.15
08/04 18:19:05 - mmengine - INFO - terrain : 16.81%, 0.27, 0.31
08/04 18:19:05 - mmengine - INFO - manmade : 3.51%, 0.23, 0.04
08/04 18:19:05 - mmengine - INFO - vegetation : 14.99%, 0.33, 0.21
08/04 18:19:05 - mmengine - INFO - tensor([  213109,    14566,   204192,  1435223,   106632,    22025,   206833,
           42653,   134799,   555406,  7051599,   345594,  2482869,  3418334,
         7852446,  8317553, 32659904], device='cuda:0', dtype=torch.int32)
08/04 18:19:05 - mmengine - INFO - tensor([   3947,       0,    6674,  528494,       0,       0,     103,       0,
           2244,   35092, 3079152,     465,  382605, 1043536,  312293, 1780651,
        9911055], device='cuda:0', dtype=torch.int32)
08/04 18:19:05 - mmengine - INFO - tensor([   14265,        0,    21482,  1475967,        0,        0,      753,
               2,    64443,   136547,  4757414,      645,  1223777,  3833805,
         1365990,  5345978, 18241068], device='cuda:0', dtype=torch.int32)
08/04 18:19:05 - mmengine - INFO - mIoU: 7.2338311078055995, iou2: 24.179250717163086
08/04 18:19:05 - mmengine - INFO - Current val loss is 21.785
[DynamicLoss Diag] iter=5001 | gt_box=True | gaussians=18303 dyn_gt=0 (0.00%) | pred_dyn_ratio=0.46% | loss=0.0213
[PhysicsLoss Diag] iter=5001 | gt_box=True static=18303 dyn=0 | offset_rms=0.0000 offset_dyn_rms=0.0000 turn_deg=0.00 | loss_static=0.0000 loss_smooth=0.0000 loss_rigid=0.0000 loss_vel=0.0000 loss_traj=0.0000 total=0.0000
08/04 18:19:24 - mmengine - INFO - [TRAIN] Epoch 4 Iter     0/750: Loss: 17.844 (17.844), grad_norm: 51.961, lr: 0.0000200, time: 8.498 (2.991)
08/04 18:19:24 - mmengine - INFO - OccupancyLoss: 7.23917, OccupancyFlowLoss: 5.39859, DetectionLoss: 5.18512, DynamicLoss: 0.02130, PhysicsLoss: 0.00000
08/04 18:24:03 - mmengine - INFO - [TRAIN] Epoch 4 Iter    50/750: Loss: 23.064 (22.301), grad_norm: 91.758, lr: 0.0000200, time: 5.697 (0.008)
08/04 18:24:03 - mmengine - INFO - OccupancyLoss: 7.00016, OccupancyFlowLoss: 7.08371, DetectionLoss: 6.18164, DynamicLoss: 0.06787, PhysicsLoss: 2.73101
08/04 18:28:43 - mmengine - INFO - [TRAIN] Epoch 4 Iter   100/750: Loss: 14.613 (20.260), grad_norm: 32.119, lr: 0.0000200, time: 5.368 (0.008)
08/04 18:28:43 - mmengine - INFO - OccupancyLoss: 7.08399, OccupancyFlowLoss: 4.59736, DetectionLoss: 2.92793, DynamicLoss: 0.00373, PhysicsLoss: 0.00000
08/04 18:33:21 - mmengine - INFO - [TRAIN] Epoch 4 Iter   150/750: Loss: 16.196 (21.678), grad_norm: 32.340, lr: 0.0000200, time: 5.631 (0.008)
08/04 18:33:21 - mmengine - INFO - OccupancyLoss: 9.40012, OccupancyFlowLoss: 4.70693, DetectionLoss: 2.08117, DynamicLoss: 0.00789, PhysicsLoss: 0.00000
08/04 18:37:59 - mmengine - INFO - [TRAIN] Epoch 4 Iter   200/750: Loss: 19.112 (22.103), grad_norm: 123.856, lr: 0.0000200, time: 5.519 (0.008)
08/04 18:37:59 - mmengine - INFO - OccupancyLoss: 8.51575, OccupancyFlowLoss: 7.19891, DetectionLoss: 2.62808, DynamicLoss: 0.06451, PhysicsLoss: 0.70450
08/04 18:42:38 - mmengine - INFO - [TRAIN] Epoch 4 Iter   250/750: Loss: 23.454 (20.998), grad_norm: 28.327, lr: 0.0000200, time: 5.556 (0.008)
08/04 18:42:38 - mmengine - INFO - OccupancyLoss: 7.50055, OccupancyFlowLoss: 7.97490, DetectionLoss: 7.22680, DynamicLoss: 0.03882, PhysicsLoss: 0.71284
08/04 18:47:17 - mmengine - INFO - [TRAIN] Epoch 4 Iter   300/750: Loss: 27.839 (20.906), grad_norm: 71.101, lr: 0.0000200, time: 5.915 (0.008)
08/04 18:47:17 - mmengine - INFO - OccupancyLoss: 9.76289, OccupancyFlowLoss: 8.40044, DetectionLoss: 3.98994, DynamicLoss: 0.03261, PhysicsLoss: 5.65319
08/04 18:51:56 - mmengine - INFO - [TRAIN] Epoch 4 Iter   350/750: Loss: 26.670 (21.643), grad_norm: 78.761, lr: 0.0000200, time: 5.808 (0.008)
08/04 18:51:56 - mmengine - INFO - OccupancyLoss: 8.11513, OccupancyFlowLoss: 7.35613, DetectionLoss: 8.78175, DynamicLoss: 0.08906, PhysicsLoss: 2.32786
08/04 18:56:35 - mmengine - INFO - [TRAIN] Epoch 4 Iter   400/750: Loss: 24.889 (20.860), grad_norm: 67.988, lr: 0.0000200, time: 5.597 (0.008)
08/04 18:56:35 - mmengine - INFO - OccupancyLoss: 7.59960, OccupancyFlowLoss: 4.80602, DetectionLoss: 10.29186, DynamicLoss: 0.10446, PhysicsLoss: 2.08692
08/04 19:01:12 - mmengine - INFO - [TRAIN] Epoch 4 Iter   450/750: Loss: 25.478 (20.207), grad_norm: 42.364, lr: 0.0000200, time: 5.531 (0.008)
08/04 19:01:12 - mmengine - INFO - OccupancyLoss: 10.97499, OccupancyFlowLoss: 8.84340, DetectionLoss: 4.06410, DynamicLoss: 0.05226, PhysicsLoss: 1.54323
[DynamicLoss Diag] iter=5501 | gt_box=True | gaussians=13505 dyn_gt=0 (0.00%) | pred_dyn_ratio=0.00% | loss=0.0025
[PhysicsLoss Diag] iter=5501 | gt_box=True static=13505 dyn=0 | offset_rms=0.0000 offset_dyn_rms=0.0000 turn_deg=0.00 | loss_static=0.0000 loss_smooth=0.0000 loss_rigid=0.0000 loss_vel=0.0000 loss_traj=0.0000 total=0.0000
08/04 19:05:51 - mmengine - INFO - [TRAIN] Epoch 4 Iter   500/750: Loss: 26.268 (21.327), grad_norm: 26.292, lr: 0.0000200, time: 5.445 (0.008)
08/04 19:05:51 - mmengine - INFO - OccupancyLoss: 13.25549, OccupancyFlowLoss: 8.93161, DetectionLoss: 4.07809, DynamicLoss: 0.00248, PhysicsLoss: 0.00000
08/04 19:10:30 - mmengine - INFO - [TRAIN] Epoch 4 Iter   550/750: Loss: 22.950 (19.694), grad_norm: 38.356, lr: 0.0000200, time: 5.645 (0.008)
08/04 19:10:30 - mmengine - INFO - OccupancyLoss: 8.37620, OccupancyFlowLoss: 5.99109, DetectionLoss: 8.52140, DynamicLoss: 0.01386, PhysicsLoss: 0.04763
08/04 19:15:11 - mmengine - INFO - [TRAIN] Epoch 4 Iter   600/750: Loss: 18.087 (20.933), grad_norm: 40.050, lr: 0.0000200, time: 5.481 (0.008)
08/04 19:15:11 - mmengine - INFO - OccupancyLoss: 8.47353, OccupancyFlowLoss: 5.23213, DetectionLoss: 4.01006, DynamicLoss: 0.03700, PhysicsLoss: 0.33393
08/04 19:19:50 - mmengine - INFO - [TRAIN] Epoch 4 Iter   650/750: Loss: 12.139 (20.802), grad_norm: 75.288, lr: 0.0000200, time: 5.600 (0.008)
08/04 19:19:50 - mmengine - INFO - OccupancyLoss: 4.46488, OccupancyFlowLoss: 2.76354, DetectionLoss: 4.79058, DynamicLoss: 0.03351, PhysicsLoss: 0.08653
08/04 19:24:28 - mmengine - INFO - [TRAIN] Epoch 4 Iter   700/750: Loss: 34.423 (20.279), grad_norm: 30.874, lr: 0.0000200, time: 5.496 (0.008)
08/04 19:24:28 - mmengine - INFO - OccupancyLoss: 6.59943, OccupancyFlowLoss: 6.18432, DetectionLoss: 8.28106, DynamicLoss: 0.06960, PhysicsLoss: 13.28887
08/04 19:29:09 - mmengine - INFO - [EVAL] Epoch 5 Iter     0: Loss: 20.068 (20.068)
08/04 19:29:09 - mmengine - INFO - OccupancyLoss: 6.03327, OccupancyFlowLoss: 3.87697, DetectionLoss: 6.01662, DynamicLoss: 0.08556, PhysicsLoss: 4.05538
08/04 19:30:09 - mmengine - INFO - [EVAL] Epoch 5 Iter    50: Loss: 15.687 (21.360)
08/04 19:30:09 - mmengine - INFO - OccupancyLoss: 5.48420, OccupancyFlowLoss: 3.38786, DetectionLoss: 4.59282, DynamicLoss: 0.07776, PhysicsLoss: 2.14468
08/04 19:31:07 - mmengine - INFO - [EVAL] Epoch 5 Iter   100: Loss: 23.597 (21.125)
08/04 19:31:07 - mmengine - INFO - OccupancyLoss: 8.88216, OccupancyFlowLoss: 7.03989, DetectionLoss: 4.39970, DynamicLoss: 0.02466, PhysicsLoss: 3.25108
08/04 19:32:06 - mmengine - INFO - [EVAL] Epoch 5 Iter   150: Loss: 8.688 (21.710)
08/04 19:32:06 - mmengine - INFO - OccupancyLoss: 6.80745, OccupancyFlowLoss: 1.41186, DetectionLoss: 0.46725, DynamicLoss: 0.00137, PhysicsLoss: 0.00000
08/04 19:33:05 - mmengine - INFO - [EVAL] Epoch 5 Iter   200: Loss: 17.760 (21.851)
08/04 19:33:05 - mmengine - INFO - OccupancyLoss: 9.96898, OccupancyFlowLoss: 3.26199, DetectionLoss: 3.67883, DynamicLoss: 0.03620, PhysicsLoss: 0.81396
[DynamicLoss Diag] iter=6001 | gt_box=True | gaussians=24823 dyn_gt=82 (0.33%) | pred_dyn_ratio=1.01% | loss=0.1309
[PhysicsLoss Diag] iter=6001 | gt_box=True static=24741 dyn=82 | offset_rms=0.0318 offset_dyn_rms=7.7855 turn_deg=0.47 | loss_static=0.0323 loss_smooth=0.0000 loss_rigid=0.0015 loss_vel=0.0000 loss_traj=1.4623 total=1.4961
08/04 19:34:06 - mmengine - INFO - [EVAL] Epoch 5 Iter   250: Loss: 21.298 (21.854)
08/04 19:34:06 - mmengine - INFO - OccupancyLoss: 7.53579, OccupancyFlowLoss: 4.63395, DetectionLoss: 7.50081, DynamicLoss: 0.13088, PhysicsLoss: 1.49608
08/04 19:35:05 - mmengine - INFO - [EVAL] Epoch 5 Iter   300: Loss: 21.425 (21.683)
08/04 19:35:05 - mmengine - INFO - OccupancyLoss: 8.49674, OccupancyFlowLoss: 6.89742, DetectionLoss: 6.02438, DynamicLoss: 0.00679, PhysicsLoss: 0.00000
08/04 19:36:05 - mmengine - INFO - [EVAL] Epoch 5 Iter   350: Loss: 17.243 (21.716)
08/04 19:36:05 - mmengine - INFO - OccupancyLoss: 6.80459, OccupancyFlowLoss: 2.45480, DetectionLoss: 7.37433, DynamicLoss: 0.03857, PhysicsLoss: 0.57076
08/04 19:37:04 - mmengine - INFO - [EVAL] Epoch 5 Iter   400: Loss: 16.259 (21.580)
08/04 19:37:04 - mmengine - INFO - OccupancyLoss: 7.05127, OccupancyFlowLoss: 0.74149, DetectionLoss: 8.43017, DynamicLoss: 0.03360, PhysicsLoss: 0.00246
08/04 19:38:04 - mmengine - INFO - [EVAL] Epoch 5 Iter   450: Loss: 36.166 (21.668)
08/04 19:38:04 - mmengine - INFO - OccupancyLoss: 8.22196, OccupancyFlowLoss: 7.78310, DetectionLoss: 15.41779, DynamicLoss: 0.16869, PhysicsLoss: 4.57495
08/04 19:39:25 - mmengine - INFO - Validation per class iou none:
08/04 19:39:25 - mmengine - INFO - barrier : 10.48%, 0.25, 0.15
08/04 19:39:25 - mmengine - INFO - bicycle : 0.00%, 0.00, 0.00
08/04 19:39:25 - mmengine - INFO - bus : 11.16%, 0.14, 0.34
08/04 19:39:25 - mmengine - INFO - car : 27.06%, 0.36, 0.51
08/04 19:39:25 - mmengine - INFO - construction_vehicle : 0.00%, 0.04, 0.00
08/04 19:39:25 - mmengine - INFO - motorcycle : 0.00%, 0.00, 0.00
08/04 19:39:25 - mmengine - INFO - pedestrian : 0.12%, 0.09, 0.00
08/04 19:39:25 - mmengine - INFO - traffic_cone : 0.00%, 0.00, 0.00
08/04 19:39:25 - mmengine - INFO - trailer : 1.14%, 0.15, 0.01
08/04 19:39:25 - mmengine - INFO - truck : 8.62%, 0.23, 0.12
08/04 19:39:25 - mmengine - INFO - driveable_surface : 37.71%, 0.59, 0.51
08/04 19:39:25 - mmengine - INFO - other_flat : 4.44%, 0.28, 0.05
08/04 19:39:25 - mmengine - INFO - sidewalk : 14.38%, 0.27, 0.24
08/04 19:39:25 - mmengine - INFO - terrain : 18.13%, 0.25, 0.39
08/04 19:39:25 - mmengine - INFO - manmade : 5.87%, 0.22, 0.07
08/04 19:39:25 - mmengine - INFO - vegetation : 18.46%, 0.29, 0.33
08/04 19:39:25 - mmengine - INFO - tensor([  213109,    14566,   204192,  1435223,   106632,    22025,   206833,
           42653,   134799,   555406,  7051599,   345594,  2482869,  3418334,
         7852446,  8317553, 32659904], device='cuda:0', dtype=torch.int32)
08/04 19:39:25 - mmengine - INFO - tensor([   32311,        0,    68863,   734518,        2,        0,      254,
               0,     1643,    66775,  3587305,    17303,   583795,  1347114,
          580839,  2755415, 13757645], device='cuda:0', dtype=torch.int32)
08/04 19:39:25 - mmengine - INFO - tensor([  127658,        0,   481953,  2013818,       51,        0,     2810,
               0,    11104,   285809,  6048222,    61378,  2160223,  5359339,
         2627277,  9366791, 28546432], device='cuda:0', dtype=torch.int32)
08/04 19:39:25 - mmengine - INFO - mIoU: 9.847606997675484, iou2: 28.994783401489258
08/04 19:39:25 - mmengine - INFO - Current val loss is 21.757
08/04 19:39:44 - mmengine - INFO - [TRAIN] Epoch 5 Iter     0/750: Loss: 13.031 (13.031), grad_norm: 49.719, lr: 0.0000200, time: 8.716 (3.039)
08/04 19:39:44 - mmengine - INFO - OccupancyLoss: 4.59136, OccupancyFlowLoss: 3.35601, DetectionLoss: 2.51659, DynamicLoss: 0.02393, PhysicsLoss: 2.54335
08/04 19:44:24 - mmengine - INFO - [TRAIN] Epoch 5 Iter    50/750: Loss: 13.471 (19.092), grad_norm: 46.631, lr: 0.0000200, time: 6.040 (0.008)
08/04 19:44:24 - mmengine - INFO - OccupancyLoss: 6.19533, OccupancyFlowLoss: 3.74988, DetectionLoss: 3.09047, DynamicLoss: 0.00634, PhysicsLoss: 0.42860
08/04 19:49:01 - mmengine - INFO - [TRAIN] Epoch 5 Iter   100/750: Loss: 24.381 (20.935), grad_norm: 44.834, lr: 0.0000200, time: 5.778 (0.008)
08/04 19:49:01 - mmengine - INFO - OccupancyLoss: 7.33109, OccupancyFlowLoss: 7.34596, DetectionLoss: 9.21708, DynamicLoss: 0.04614, PhysicsLoss: 0.44071
08/04 19:53:39 - mmengine - INFO - [TRAIN] Epoch 5 Iter   150/750: Loss: 13.401 (20.802), grad_norm: 25.101, lr: 0.0000200, time: 5.568 (0.008)
08/04 19:53:39 - mmengine - INFO - OccupancyLoss: 6.80843, OccupancyFlowLoss: 5.27067, DetectionLoss: 1.31598, DynamicLoss: 0.00610, PhysicsLoss: 0.00000
08/04 19:58:18 - mmengine - INFO - [TRAIN] Epoch 5 Iter   200/750: Loss: 14.189 (21.772), grad_norm: 48.887, lr: 0.0000200, time: 5.421 (0.008)
08/04 19:58:18 - mmengine - INFO - OccupancyLoss: 6.83487, OccupancyFlowLoss: 4.65566, DetectionLoss: 2.54782, DynamicLoss: 0.02198, PhysicsLoss: 0.12892
[DynamicLoss Diag] iter=6501 | gt_box=True | gaussians=16750 dyn_gt=23 (0.14%) | pred_dyn_ratio=0.00% | loss=0.0230
[PhysicsLoss Diag] iter=6501 | gt_box=True static=16727 dyn=23 | offset_rms=0.0330 offset_dyn_rms=13.8034 turn_deg=0.69 | loss_static=0.1201 loss_smooth=0.0000 loss_rigid=0.0043 loss_vel=0.0000 loss_traj=1.2952 total=1.4196
08/04 20:02:59 - mmengine - INFO - [TRAIN] Epoch 5 Iter   250/750: Loss: 16.560 (19.329), grad_norm: 61.076, lr: 0.0000200, time: 5.502 (0.008)
08/04 20:02:59 - mmengine - INFO - OccupancyLoss: 7.83883, OccupancyFlowLoss: 5.70981, DetectionLoss: 1.56888, DynamicLoss: 0.02296, PhysicsLoss: 1.41958
08/04 20:07:38 - mmengine - INFO - [TRAIN] Epoch 5 Iter   300/750: Loss: 25.726 (21.415), grad_norm: 45.326, lr: 0.0000200, time: 5.522 (0.008)
08/04 20:07:38 - mmengine - INFO - OccupancyLoss: 8.02049, OccupancyFlowLoss: 9.08114, DetectionLoss: 7.52394, DynamicLoss: 0.01964, PhysicsLoss: 1.08051
08/04 20:12:18 - mmengine - INFO - [TRAIN] Epoch 5 Iter   350/750: Loss: 16.691 (20.733), grad_norm: 58.783, lr: 0.0000200, time: 5.404 (0.008)
08/04 20:12:18 - mmengine - INFO - OccupancyLoss: 5.44350, OccupancyFlowLoss: 4.34005, DetectionLoss: 4.75098, DynamicLoss: 0.02110, PhysicsLoss: 2.13500
08/04 20:16:58 - mmengine - INFO - [TRAIN] Epoch 5 Iter   400/750: Loss: 15.806 (19.836), grad_norm: 70.731, lr: 0.0000200, time: 5.949 (0.008)
08/04 20:16:58 - mmengine - INFO - OccupancyLoss: 5.43327, OccupancyFlowLoss: 3.33488, DetectionLoss: 5.98763, DynamicLoss: 0.07781, PhysicsLoss: 0.97209
08/04 20:21:36 - mmengine - INFO - [TRAIN] Epoch 5 Iter   450/750: Loss: 12.471 (21.275), grad_norm: 39.414, lr: 0.0000200, time: 5.418 (0.008)
08/04 20:21:36 - mmengine - INFO - OccupancyLoss: 4.83409, OccupancyFlowLoss: 1.23924, DetectionLoss: 6.38568, DynamicLoss: 0.01138, PhysicsLoss: 0.00097
08/04 20:26:15 - mmengine - INFO - [TRAIN] Epoch 5 Iter   500/750: Loss: 20.546 (20.996), grad_norm: 37.390, lr: 0.0000200, time: 5.482 (0.008)
08/04 20:26:15 - mmengine - INFO - OccupancyLoss: 7.13670, OccupancyFlowLoss: 6.46509, DetectionLoss: 3.72292, DynamicLoss: 0.02943, PhysicsLoss: 3.19197
08/04 20:30:53 - mmengine - INFO - [TRAIN] Epoch 5 Iter   550/750: Loss: 20.092 (19.439), grad_norm: 87.282, lr: 0.0000200, time: 5.908 (0.008)
08/04 20:30:53 - mmengine - INFO - OccupancyLoss: 6.96854, OccupancyFlowLoss: 4.80518, DetectionLoss: 1.88802, DynamicLoss: 0.02298, PhysicsLoss: 6.40684
08/04 20:35:30 - mmengine - INFO - [TRAIN] Epoch 5 Iter   600/750: Loss: 18.545 (19.610), grad_norm: 47.142, lr: 0.0000200, time: 5.587 (0.008)
08/04 20:35:30 - mmengine - INFO - OccupancyLoss: 5.35189, OccupancyFlowLoss: 0.00000, DetectionLoss: 12.35010, DynamicLoss: 0.05084, PhysicsLoss: 0.79219
08/04 20:40:10 - mmengine - INFO - [TRAIN] Epoch 5 Iter   650/750: Loss: 9.995 (20.179), grad_norm: 51.372, lr: 0.0000200, time: 5.631 (0.008)
08/04 20:40:10 - mmengine - INFO - OccupancyLoss: 3.41429, OccupancyFlowLoss: 2.19836, DetectionLoss: 4.34381, DynamicLoss: 0.01603, PhysicsLoss: 0.02220
08/04 20:44:49 - mmengine - INFO - [TRAIN] Epoch 5 Iter   700/750: Loss: 20.427 (20.976), grad_norm: 24.835, lr: 0.0000200, time: 5.644 (0.008)
08/04 20:44:49 - mmengine - INFO - OccupancyLoss: 6.78835, OccupancyFlowLoss: 5.23922, DetectionLoss: 6.49915, DynamicLoss: 0.10113, PhysicsLoss: 1.79935
[DynamicLoss Diag] iter=7001 | gt_box=True | gaussians=25518 dyn_gt=42 (0.16%) | pred_dyn_ratio=0.54% | loss=0.0867
[PhysicsLoss Diag] iter=7001 | gt_box=True static=25476 dyn=42 | offset_rms=0.0119 offset_dyn_rms=6.0737 turn_deg=0.42 | loss_static=0.0071 loss_smooth=0.0000 loss_rigid=0.0060 loss_vel=0.0000 loss_traj=4.2271 total=4.2402
08/04 20:49:31 - mmengine - INFO - [EVAL] Epoch 6 Iter     0: Loss: 18.085 (18.085)
08/04 20:49:31 - mmengine - INFO - OccupancyLoss: 5.17254, OccupancyFlowLoss: 3.34491, DetectionLoss: 5.24107, DynamicLoss: 0.08671, PhysicsLoss: 4.24018
08/04 20:50:31 - mmengine - INFO - [EVAL] Epoch 6 Iter    50: Loss: 15.297 (20.539)
08/04 20:50:31 - mmengine - INFO - OccupancyLoss: 5.28087, OccupancyFlowLoss: 3.27218, DetectionLoss: 4.12285, DynamicLoss: 0.06201, PhysicsLoss: 2.55876
08/04 20:51:30 - mmengine - INFO - [EVAL] Epoch 6 Iter   100: Loss: 24.211 (20.209)
08/04 20:51:30 - mmengine - INFO - OccupancyLoss: 8.69832, OccupancyFlowLoss: 7.02101, DetectionLoss: 5.40371, DynamicLoss: 0.02983, PhysicsLoss: 3.05766
08/04 20:52:29 - mmengine - INFO - [EVAL] Epoch 6 Iter   150: Loss: 8.358 (20.814)
08/04 20:52:29 - mmengine - INFO - OccupancyLoss: 6.38006, OccupancyFlowLoss: 1.32424, DetectionLoss: 0.65132, DynamicLoss: 0.00242, PhysicsLoss: 0.00000
08/04 20:53:29 - mmengine - INFO - [EVAL] Epoch 6 Iter   200: Loss: 16.977 (20.969)
08/04 20:53:29 - mmengine - INFO - OccupancyLoss: 9.46921, OccupancyFlowLoss: 3.10338, DetectionLoss: 3.71425, DynamicLoss: 0.03782, PhysicsLoss: 0.65196
08/04 20:54:30 - mmengine - INFO - [EVAL] Epoch 6 Iter   250: Loss: 20.311 (20.939)
08/04 20:54:30 - mmengine - INFO - OccupancyLoss: 7.46615, OccupancyFlowLoss: 4.57972, DetectionLoss: 6.71811, DynamicLoss: 0.10802, PhysicsLoss: 1.43923
08/04 20:55:29 - mmengine - INFO - [EVAL] Epoch 6 Iter   300: Loss: 20.210 (20.774)
08/04 20:55:29 - mmengine - INFO - OccupancyLoss: 8.08071, OccupancyFlowLoss: 6.51950, DetectionLoss: 5.59971, DynamicLoss: 0.01040, PhysicsLoss: 0.00000
08/04 20:56:29 - mmengine - INFO - [EVAL] Epoch 6 Iter   350: Loss: 15.055 (20.803)
08/04 20:56:29 - mmengine - INFO - OccupancyLoss: 6.48239, OccupancyFlowLoss: 2.44503, DetectionLoss: 5.54402, DynamicLoss: 0.04006, PhysicsLoss: 0.54388
08/04 20:57:28 - mmengine - INFO - [EVAL] Epoch 6 Iter   400: Loss: 15.930 (20.665)
08/04 20:57:28 - mmengine - INFO - OccupancyLoss: 7.09121, OccupancyFlowLoss: 0.74661, DetectionLoss: 8.05940, DynamicLoss: 0.03047, PhysicsLoss: 0.00237
08/04 20:58:29 - mmengine - INFO - [EVAL] Epoch 6 Iter   450: Loss: 34.045 (20.768)
08/04 20:58:29 - mmengine - INFO - OccupancyLoss: 7.98563, OccupancyFlowLoss: 7.58106, DetectionLoss: 13.82875, DynamicLoss: 0.20781, PhysicsLoss: 4.44143
08/04 20:59:57 - mmengine - INFO - Validation per class iou none:
08/04 20:59:57 - mmengine - INFO - barrier : 11.67%, 0.31, 0.16
08/04 20:59:57 - mmengine - INFO - bicycle : 0.00%, 0.00, 0.00
08/04 20:59:57 - mmengine - INFO - bus : 15.56%, 0.32, 0.23
08/04 20:59:57 - mmengine - INFO - car : 29.14%, 0.42, 0.48
08/04 20:59:57 - mmengine - INFO - construction_vehicle : 0.09%, 0.12, 0.00
08/04 20:59:57 - mmengine - INFO - motorcycle : 0.00%, 0.00, 0.00
08/04 20:59:57 - mmengine - INFO - pedestrian : 0.00%, 0.00, 0.00
08/04 20:59:57 - mmengine - INFO - traffic_cone : 0.00%, 0.00, 0.00
08/04 20:59:57 - mmengine - INFO - trailer : 4.66%, 0.10, 0.08
08/04 20:59:57 - mmengine - INFO - truck : 11.63%, 0.30, 0.16
08/04 20:59:57 - mmengine - INFO - driveable_surface : 37.97%, 0.67, 0.47
08/04 20:59:57 - mmengine - INFO - other_flat : 9.91%, 0.42, 0.11
08/04 20:59:57 - mmengine - INFO - sidewalk : 19.11%, 0.30, 0.34
08/04 20:59:57 - mmengine - INFO - terrain : 15.50%, 0.42, 0.20
08/04 20:59:57 - mmengine - INFO - manmade : 5.81%, 0.25, 0.07
08/04 20:59:57 - mmengine - INFO - vegetation : 18.38%, 0.36, 0.28
08/04 20:59:57 - mmengine - INFO - tensor([  213109,    14566,   204192,  1435223,   106632,    22025,   206833,
           42653,   134799,   555406,  7051599,   345594,  2482869,  3418334,
         7852446,  8317553, 32659904], device='cuda:0', dtype=torch.int32)
08/04 20:59:57 - mmengine - INFO - tensor([   33825,        0,    47486,   691643,      102,        0,        0,
               0,    10584,    89081,  3293953,    39574,   855711,   677092,
          554428,  2291589, 11404817], device='cuda:0', dtype=torch.int32)
08/04 20:59:57 - mmengine - INFO - tensor([  110567,        0,   148396,  1629660,      848,        0,        3,
               0,   103018,   299772,  4917069,    93126,  2849751,  1627171,
         2251844,  6441648, 20472872], device='cuda:0', dtype=torch.int32)
08/04 20:59:57 - mmengine - INFO - mIoU: 11.215246723440941, iou2: 27.331356048583984
08/04 20:59:57 - mmengine - INFO - Current val loss is 20.877
[DynamicLoss Diag] iter=7501 | gt_box=True | gaussians=17363 dyn_gt=36 (0.21%) | pred_dyn_ratio=0.25% | loss=0.0177
[PhysicsLoss Diag] iter=7501 | gt_box=True static=17327 dyn=36 | offset_rms=0.0349 offset_dyn_rms=14.0258 turn_deg=0.37 | loss_static=0.0530 loss_smooth=0.0000 loss_rigid=0.0043 loss_vel=0.0000 loss_traj=1.7966 total=1.8539
08/04 21:00:16 - mmengine - INFO - [TRAIN] Epoch 6 Iter     0/750: Loss: 20.130 (20.130), grad_norm: 46.367, lr: 0.0000200, time: 8.952 (3.213)
08/04 21:00:16 - mmengine - INFO - OccupancyLoss: 9.29007, OccupancyFlowLoss: 6.99699, DetectionLoss: 1.97161, DynamicLoss: 0.01768, PhysicsLoss: 1.85387
08/04 21:04:57 - mmengine - INFO - [TRAIN] Epoch 6 Iter    50/750: Loss: 25.144 (18.396), grad_norm: 109.944, lr: 0.0000200, time: 5.499 (0.008)
08/04 21:04:57 - mmengine - INFO - OccupancyLoss: 8.72449, OccupancyFlowLoss: 5.04676, DetectionLoss: 8.19848, DynamicLoss: 0.14936, PhysicsLoss: 3.02471
08/04 21:09:46 - mmengine - INFO - [TRAIN] Epoch 6 Iter   100/750: Loss: 17.513 (18.006), grad_norm: 58.618, lr: 0.0000200, time: 5.397 (0.008)
08/04 21:09:46 - mmengine - INFO - OccupancyLoss: 9.90619, OccupancyFlowLoss: 4.03536, DetectionLoss: 3.47580, DynamicLoss: 0.04957, PhysicsLoss: 0.04574
08/04 21:14:25 - mmengine - INFO - [TRAIN] Epoch 6 Iter   150/750: Loss: 17.738 (20.618), grad_norm: 97.654, lr: 0.0000200, time: 5.567 (0.008)
08/04 21:14:25 - mmengine - INFO - OccupancyLoss: 4.75213, OccupancyFlowLoss: 2.87817, DetectionLoss: 6.82649, DynamicLoss: 0.04035, PhysicsLoss: 3.24110
08/04 21:19:05 - mmengine - INFO - [TRAIN] Epoch 6 Iter   200/750: Loss: 28.879 (19.294), grad_norm: 63.009, lr: 0.0000200, time: 5.696 (0.008)
08/04 21:19:05 - mmengine - INFO - OccupancyLoss: 10.19313, OccupancyFlowLoss: 8.08936, DetectionLoss: 10.46477, DynamicLoss: 0.02616, PhysicsLoss: 0.10550
08/04 21:23:45 - mmengine - INFO - [TRAIN] Epoch 6 Iter   250/750: Loss: 21.818 (19.210), grad_norm: 84.819, lr: 0.0000200, time: 5.597 (0.008)
08/04 21:23:45 - mmengine - INFO - OccupancyLoss: 5.30541, OccupancyFlowLoss: 4.62693, DetectionLoss: 7.86978, DynamicLoss: 0.04110, PhysicsLoss: 3.97439
08/04 21:28:25 - mmengine - INFO - [TRAIN] Epoch 6 Iter   300/750: Loss: 12.431 (18.904), grad_norm: 23.061, lr: 0.0000200, time: 5.549 (0.008)
08/04 21:28:25 - mmengine - INFO - OccupancyLoss: 5.83245, OccupancyFlowLoss: 3.62287, DetectionLoss: 2.81703, DynamicLoss: 0.02998, PhysicsLoss: 0.12840
08/04 21:33:05 - mmengine - INFO - [TRAIN] Epoch 6 Iter   350/750: Loss: 12.917 (19.075), grad_norm: 44.800, lr: 0.0000200, time: 5.710 (0.008)
08/04 21:33:05 - mmengine - INFO - OccupancyLoss: 6.75024, OccupancyFlowLoss: 4.05804, DetectionLoss: 2.09743, DynamicLoss: 0.01136, PhysicsLoss: 0.00000
08/04 21:37:45 - mmengine - INFO - [TRAIN] Epoch 6 Iter   400/750: Loss: 16.359 (19.307), grad_norm: 30.249, lr: 0.0000200, time: 5.587 (0.008)
08/04 21:37:45 - mmengine - INFO - OccupancyLoss: 6.70177, OccupancyFlowLoss: 5.65902, DetectionLoss: 3.99174, DynamicLoss: 0.00693, PhysicsLoss: 0.00000
08/04 21:42:25 - mmengine - INFO - [TRAIN] Epoch 6 Iter   450/750: Loss: 25.514 (19.005), grad_norm: 48.903, lr: 0.0000200, time: 5.579 (0.008)
08/04 21:42:25 - mmengine - INFO - OccupancyLoss: 8.89805, OccupancyFlowLoss: 6.31539, DetectionLoss: 8.30584, DynamicLoss: 0.06559, PhysicsLoss: 1.92864
[DynamicLoss Diag] iter=8001 | gt_box=True | gaussians=25561 dyn_gt=5 (0.02%) | pred_dyn_ratio=0.02% | loss=0.0127
[PhysicsLoss Diag] iter=8001 | gt_box=True static=25556 dyn=5 | offset_rms=0.0005 offset_dyn_rms=2.1262 turn_deg=1.21 | loss_static=0.0001 loss_smooth=0.0000 loss_rigid=0.0002 loss_vel=0.0000 loss_traj=2.6646 total=2.6648
08/04 21:47:03 - mmengine - INFO - [TRAIN] Epoch 6 Iter   500/750: Loss: 14.596 (19.201), grad_norm: 54.075, lr: 0.0000200, time: 5.643 (0.008)
08/04 21:47:03 - mmengine - INFO - OccupancyLoss: 4.73111, OccupancyFlowLoss: 2.91072, DetectionLoss: 4.27643, DynamicLoss: 0.01274, PhysicsLoss: 2.66480
08/04 21:51:44 - mmengine - INFO - [TRAIN] Epoch 6 Iter   550/750: Loss: 10.728 (17.104), grad_norm: 27.342, lr: 0.0000200, time: 5.717 (0.008)
08/04 21:51:44 - mmengine - INFO - OccupancyLoss: 5.34681, OccupancyFlowLoss: 3.95901, DetectionLoss: 1.41716, DynamicLoss: 0.00510, PhysicsLoss: 0.00000
08/04 21:56:22 - mmengine - INFO - [TRAIN] Epoch 6 Iter   600/750: Loss: 22.641 (19.368), grad_norm: 40.793, lr: 0.0000200, time: 5.956 (0.008)
08/04 21:56:22 - mmengine - INFO - OccupancyLoss: 7.25297, OccupancyFlowLoss: 5.68637, DetectionLoss: 7.87580, DynamicLoss: 0.27294, PhysicsLoss: 1.55295
08/04 22:01:03 - mmengine - INFO - [TRAIN] Epoch 6 Iter   650/750: Loss: 19.162 (19.643), grad_norm: 46.908, lr: 0.0000200, time: 5.519 (0.008)
08/04 22:01:03 - mmengine - INFO - OccupancyLoss: 6.51800, OccupancyFlowLoss: 6.17047, DetectionLoss: 5.34756, DynamicLoss: 0.07493, PhysicsLoss: 1.05090
08/04 22:05:42 - mmengine - INFO - [TRAIN] Epoch 6 Iter   700/750: Loss: 13.157 (18.975), grad_norm: 39.853, lr: 0.0000200, time: 5.453 (0.008)
08/04 22:05:42 - mmengine - INFO - OccupancyLoss: 4.89802, OccupancyFlowLoss: 4.18448, DetectionLoss: 4.05126, DynamicLoss: 0.02369, PhysicsLoss: 0.00000
08/04 22:10:22 - mmengine - INFO - [EVAL] Epoch 7 Iter     0: Loss: 16.540 (16.540)
08/04 22:10:22 - mmengine - INFO - OccupancyLoss: 5.00714, OccupancyFlowLoss: 3.24599, DetectionLoss: 4.36289, DynamicLoss: 0.06920, PhysicsLoss: 3.85472
08/04 22:11:22 - mmengine - INFO - [EVAL] Epoch 7 Iter    50: Loss: 16.706 (20.370)
08/04 22:11:22 - mmengine - INFO - OccupancyLoss: 5.43515, OccupancyFlowLoss: 3.38016, DetectionLoss: 5.55929, DynamicLoss: 0.05981, PhysicsLoss: 2.27138
08/04 22:12:21 - mmengine - INFO - [EVAL] Epoch 7 Iter   100: Loss: 23.087 (19.912)
08/04 22:12:21 - mmengine - INFO - OccupancyLoss: 8.26503, OccupancyFlowLoss: 6.86986, DetectionLoss: 4.70482, DynamicLoss: 0.01671, PhysicsLoss: 3.23088
08/04 22:13:20 - mmengine - INFO - [EVAL] Epoch 7 Iter   150: Loss: 8.071 (20.562)
08/04 22:13:20 - mmengine - INFO - OccupancyLoss: 6.40005, OccupancyFlowLoss: 1.28621, DetectionLoss: 0.38392, DynamicLoss: 0.00093, PhysicsLoss: 0.00000
08/04 22:14:19 - mmengine - INFO - [EVAL] Epoch 7 Iter   200: Loss: 16.770 (20.720)
08/04 22:14:19 - mmengine - INFO - OccupancyLoss: 9.25205, OccupancyFlowLoss: 3.06593, DetectionLoss: 3.57118, DynamicLoss: 0.02837, PhysicsLoss: 0.85230
[DynamicLoss Diag] iter=8501 | gt_box=True | gaussians=24874 dyn_gt=82 (0.33%) | pred_dyn_ratio=1.04% | loss=0.1429
[PhysicsLoss Diag] iter=8501 | gt_box=True static=24792 dyn=82 | offset_rms=0.0308 offset_dyn_rms=7.7606 turn_deg=0.40 | loss_static=0.0268 loss_smooth=0.0000 loss_rigid=0.0022 loss_vel=0.0000 loss_traj=1.3273 total=1.3563
08/04 22:15:20 - mmengine - INFO - [EVAL] Epoch 7 Iter   250: Loss: 19.613 (20.690)
08/04 22:15:20 - mmengine - INFO - OccupancyLoss: 7.31730, OccupancyFlowLoss: 4.48956, DetectionLoss: 6.30647, DynamicLoss: 0.14293, PhysicsLoss: 1.35632
08/04 22:16:19 - mmengine - INFO - [EVAL] Epoch 7 Iter   300: Loss: 20.428 (20.558)
08/04 22:16:19 - mmengine - INFO - OccupancyLoss: 8.37033, OccupancyFlowLoss: 6.88690, DetectionLoss: 5.16235, DynamicLoss: 0.00803, PhysicsLoss: 0.00000
08/04 22:17:19 - mmengine - INFO - [EVAL] Epoch 7 Iter   350: Loss: 15.294 (20.553)
08/04 22:17:19 - mmengine - INFO - OccupancyLoss: 6.29283, OccupancyFlowLoss: 2.30379, DetectionLoss: 6.21170, DynamicLoss: 0.03946, PhysicsLoss: 0.44603
08/04 22:18:18 - mmengine - INFO - [EVAL] Epoch 7 Iter   400: Loss: 15.129 (20.418)
08/04 22:18:18 - mmengine - INFO - OccupancyLoss: 7.08507, OccupancyFlowLoss: 0.73937, DetectionLoss: 7.26765, DynamicLoss: 0.03399, PhysicsLoss: 0.00276
08/04 22:19:18 - mmengine - INFO - [EVAL] Epoch 7 Iter   450: Loss: 33.850 (20.482)
08/04 22:19:18 - mmengine - INFO - OccupancyLoss: 7.77619, OccupancyFlowLoss: 7.75731, DetectionLoss: 13.50819, DynamicLoss: 0.18015, PhysicsLoss: 4.62828
08/04 22:20:32 - mmengine - INFO - Validation per class iou none:
08/04 22:20:32 - mmengine - INFO - barrier : 12.70%, 0.25, 0.21
08/04 22:20:32 - mmengine - INFO - bicycle : 0.00%, 0.00, 0.00
08/04 22:20:32 - mmengine - INFO - bus : 19.36%, 0.33, 0.32
08/04 22:20:32 - mmengine - INFO - car : 29.32%, 0.45, 0.46
08/04 22:20:32 - mmengine - INFO - construction_vehicle : 0.29%, 0.09, 0.00
08/04 22:20:32 - mmengine - INFO - motorcycle : 0.00%, 0.00, 0.00
08/04 22:20:32 - mmengine - INFO - pedestrian : 0.10%, 0.06, 0.00
08/04 22:20:32 - mmengine - INFO - traffic_cone : 0.01%, 0.14, 0.00
08/04 22:20:32 - mmengine - INFO - trailer : 5.51%, 0.16, 0.08
08/04 22:20:32 - mmengine - INFO - truck : 14.52%, 0.34, 0.20
08/04 22:20:32 - mmengine - INFO - driveable_surface : 39.42%, 0.62, 0.52
08/04 22:20:32 - mmengine - INFO - other_flat : 15.42%, 0.35, 0.22
08/04 22:20:32 - mmengine - INFO - sidewalk : 15.82%, 0.44, 0.20
08/04 22:20:32 - mmengine - INFO - terrain : 19.41%, 0.37, 0.29
08/04 22:20:32 - mmengine - INFO - manmade : 5.66%, 0.29, 0.07
08/04 22:20:32 - mmengine - INFO - vegetation : 18.52%, 0.37, 0.27
08/04 22:20:32 - mmengine - INFO - tensor([  213109,    14566,   204192,  1435223,   106632,    22025,   206833,
           42653,   134799,   555406,  7051599,   345594,  2482869,  3418334,
         7852446,  8317553, 32659904], device='cuda:0', dtype=torch.int32)
08/04 22:20:32 - mmengine - INFO - tensor([   44420,        0,    65060,   660280,      318,        0,      212,
               6,    10442,   111440,  3663409,    75332,   491859,   996076,
          517081,  2230328, 11292410], device='cuda:0', dtype=torch.int32)
08/04 22:20:32 - mmengine - INFO - tensor([  181084,        0,   197004,  1476953,     3660,        0,     3443,
              42,    65026,   323482,  5905245,   218334,  1119033,  2710325,
         1800417,  5954615, 19958664], device='cuda:0', dtype=torch.int32)
08/04 22:20:32 - mmengine - INFO - mIoU: 12.253474661429209, iou2: 27.325088500976562
08/04 22:20:32 - mmengine - INFO - Current val loss is 20.568
08/04 22:20:51 - mmengine - INFO - [TRAIN] Epoch 7 Iter     0/750: Loss: 12.139 (12.139), grad_norm: 22.151, lr: 0.0000200, time: 9.038 (3.208)
08/04 22:20:51 - mmengine - INFO - OccupancyLoss: 5.27904, OccupancyFlowLoss: 2.20811, DetectionLoss: 4.30834, DynamicLoss: 0.07932, PhysicsLoss: 0.26395
08/04 22:25:28 - mmengine - INFO - [TRAIN] Epoch 7 Iter    50/750: Loss: 28.504 (18.401), grad_norm: 41.247, lr: 0.0000200, time: 5.801 (0.008)
08/04 22:25:28 - mmengine - INFO - OccupancyLoss: 7.64723, OccupancyFlowLoss: 6.34273, DetectionLoss: 12.64777, DynamicLoss: 0.27899, PhysicsLoss: 1.58723
08/04 22:30:08 - mmengine - INFO - [TRAIN] Epoch 7 Iter   100/750: Loss: 22.502 (18.791), grad_norm: 50.295, lr: 0.0000200, time: 5.270 (0.008)
08/04 22:30:08 - mmengine - INFO - OccupancyLoss: 6.93627, OccupancyFlowLoss: 5.33839, DetectionLoss: 8.11178, DynamicLoss: 0.05894, PhysicsLoss: 2.05648
08/04 22:34:47 - mmengine - INFO - [TRAIN] Epoch 7 Iter   150/750: Loss: 11.787 (18.073), grad_norm: 22.337, lr: 0.0000200, time: 5.715 (0.008)
08/04 22:34:47 - mmengine - INFO - OccupancyLoss: 5.00476, OccupancyFlowLoss: 1.62568, DetectionLoss: 4.19906, DynamicLoss: 0.07740, PhysicsLoss: 0.88039
08/04 22:39:26 - mmengine - INFO - [TRAIN] Epoch 7 Iter   200/750: Loss: 26.363 (19.231), grad_norm: 100.938, lr: 0.0000200, time: 5.337 (0.008)
08/04 22:39:26 - mmengine - INFO - OccupancyLoss: 7.82479, OccupancyFlowLoss: 7.99191, DetectionLoss: 7.50698, DynamicLoss: 0.01454, PhysicsLoss: 3.02450
[DynamicLoss Diag] iter=9001 | gt_box=True | gaussians=17814 dyn_gt=45 (0.25%) | pred_dyn_ratio=0.17% | loss=0.0326
[PhysicsLoss Diag] iter=9001 | gt_box=True static=17769 dyn=45 | offset_rms=0.0506 offset_dyn_rms=16.1695 turn_deg=1.08 | loss_static=0.1382 loss_smooth=0.0000 loss_rigid=0.0028 loss_vel=0.0000 loss_traj=2.4223 total=2.5633
08/04 22:44:04 - mmengine - INFO - [TRAIN] Epoch 7 Iter   250/750: Loss: 29.179 (18.778), grad_norm: 52.210, lr: 0.0000200, time: 5.517 (0.008)
08/04 22:44:04 - mmengine - INFO - OccupancyLoss: 9.27450, OccupancyFlowLoss: 6.46072, DetectionLoss: 10.84782, DynamicLoss: 0.03257, PhysicsLoss: 2.56330
08/04 22:48:45 - mmengine - INFO - [TRAIN] Epoch 7 Iter   300/750: Loss: 13.604 (19.502), grad_norm: 32.072, lr: 0.0000200, time: 5.568 (0.008)
08/04 22:48:45 - mmengine - INFO - OccupancyLoss: 5.62249, OccupancyFlowLoss: 1.41364, DetectionLoss: 6.38232, DynamicLoss: 0.02516, PhysicsLoss: 0.16019
08/04 22:53:22 - mmengine - INFO - [TRAIN] Epoch 7 Iter   350/750: Loss: 32.655 (18.607), grad_norm: 28.697, lr: 0.0000200, time: 5.475 (0.008)
08/04 22:53:22 - mmengine - INFO - OccupancyLoss: 12.44619, OccupancyFlowLoss: 9.28383, DetectionLoss: 7.98216, DynamicLoss: 0.07950, PhysicsLoss: 2.86317
08/04 22:58:04 - mmengine - INFO - [TRAIN] Epoch 7 Iter   400/750: Loss: 21.131 (18.935), grad_norm: 35.070, lr: 0.0000200, time: 5.877 (0.008)
08/04 22:58:04 - mmengine - INFO - OccupancyLoss: 5.65466, OccupancyFlowLoss: 3.88499, DetectionLoss: 8.97776, DynamicLoss: 0.08191, PhysicsLoss: 2.53210
08/04 23:02:46 - mmengine - INFO - [TRAIN] Epoch 7 Iter   450/750: Loss: 26.238 (20.180), grad_norm: 43.149, lr: 0.0000200, time: 5.721 (0.008)
08/04 23:02:46 - mmengine - INFO - OccupancyLoss: 6.33734, OccupancyFlowLoss: 4.96801, DetectionLoss: 12.96671, DynamicLoss: 0.07409, PhysicsLoss: 1.89136
08/04 23:07:26 - mmengine - INFO - [TRAIN] Epoch 7 Iter   500/750: Loss: 21.823 (18.368), grad_norm: 23.698, lr: 0.0000200, time: 5.569 (0.008)
08/04 23:07:26 - mmengine - INFO - OccupancyLoss: 7.54814, OccupancyFlowLoss: 6.35498, DetectionLoss: 7.23047, DynamicLoss: 0.05527, PhysicsLoss: 0.63371
08/04 23:12:07 - mmengine - INFO - [TRAIN] Epoch 7 Iter   550/750: Loss: 20.879 (18.904), grad_norm: 26.504, lr: 0.0000200, time: 5.525 (0.008)
08/04 23:12:07 - mmengine - INFO - OccupancyLoss: 7.12606, OccupancyFlowLoss: 4.55134, DetectionLoss: 7.86915, DynamicLoss: 0.02353, PhysicsLoss: 1.30901
08/04 23:16:47 - mmengine - INFO - [TRAIN] Epoch 7 Iter   600/750: Loss: 25.902 (20.059), grad_norm: 47.804, lr: 0.0000200, time: 5.705 (0.008)
08/04 23:16:47 - mmengine - INFO - OccupancyLoss: 6.20161, OccupancyFlowLoss: 5.02412, DetectionLoss: 11.69490, DynamicLoss: 0.11597, PhysicsLoss: 2.86505
08/04 23:21:27 - mmengine - INFO - [TRAIN] Epoch 7 Iter   650/750: Loss: 21.639 (18.085), grad_norm: 27.311, lr: 0.0000200, time: 5.586 (0.008)
08/04 23:21:27 - mmengine - INFO - OccupancyLoss: 9.44489, OccupancyFlowLoss: 7.25887, DetectionLoss: 3.87515, DynamicLoss: 0.02969, PhysicsLoss: 1.03056
08/04 23:26:05 - mmengine - INFO - [TRAIN] Epoch 7 Iter   700/750: Loss: 21.065 (19.820), grad_norm: 39.326, lr: 0.0000200, time: 5.641 (0.008)
08/04 23:26:05 - mmengine - INFO - OccupancyLoss: 7.72548, OccupancyFlowLoss: 6.03696, DetectionLoss: 6.30992, DynamicLoss: 0.12046, PhysicsLoss: 0.87247
[DynamicLoss Diag] iter=9501 | gt_box=True | gaussians=25507 dyn_gt=33 (0.13%) | pred_dyn_ratio=0.41% | loss=0.0662
[PhysicsLoss Diag] iter=9501 | gt_box=True static=25474 dyn=33 | offset_rms=0.0100 offset_dyn_rms=5.9645 turn_deg=0.41 | loss_static=0.0083 loss_smooth=0.0000 loss_rigid=0.0071 loss_vel=0.0000 loss_traj=4.0127 total=4.0281
08/04 23:30:47 - mmengine - INFO - [EVAL] Epoch 8 Iter     0: Loss: 16.591 (16.591)
08/04 23:30:47 - mmengine - INFO - OccupancyLoss: 4.96138, OccupancyFlowLoss: 3.22405, DetectionLoss: 4.31135, DynamicLoss: 0.06619, PhysicsLoss: 4.02814
08/04 23:31:47 - mmengine - INFO - [EVAL] Epoch 8 Iter    50: Loss: 17.776 (20.055)
08/04 23:31:47 - mmengine - INFO - OccupancyLoss: 5.27831, OccupancyFlowLoss: 3.28653, DetectionLoss: 6.59136, DynamicLoss: 0.06330, PhysicsLoss: 2.55689
08/04 23:32:46 - mmengine - INFO - [EVAL] Epoch 8 Iter   100: Loss: 22.667 (19.560)
08/04 23:32:46 - mmengine - INFO - OccupancyLoss: 8.11003, OccupancyFlowLoss: 7.03881, DetectionLoss: 4.49090, DynamicLoss: 0.01402, PhysicsLoss: 3.01334
08/04 23:33:45 - mmengine - INFO - [EVAL] Epoch 8 Iter   150: Loss: 8.128 (20.154)
08/04 23:33:45 - mmengine - INFO - OccupancyLoss: 6.36078, OccupancyFlowLoss: 1.29989, DetectionLoss: 0.46695, DynamicLoss: 0.00068, PhysicsLoss: 0.00000
08/04 23:34:45 - mmengine - INFO - [EVAL] Epoch 8 Iter   200: Loss: 16.518 (20.290)
08/04 23:34:45 - mmengine - INFO - OccupancyLoss: 9.09742, OccupancyFlowLoss: 3.09169, DetectionLoss: 3.61674, DynamicLoss: 0.02821, PhysicsLoss: 0.68362
08/04 23:35:46 - mmengine - INFO - [EVAL] Epoch 8 Iter   250: Loss: 17.668 (20.260)
08/04 23:35:46 - mmengine - INFO - OccupancyLoss: 6.95379, OccupancyFlowLoss: 4.28352, DetectionLoss: 5.06705, DynamicLoss: 0.13414, PhysicsLoss: 1.22972
08/04 23:36:45 - mmengine - INFO - [EVAL] Epoch 8 Iter   300: Loss: 19.914 (20.123)
08/04 23:36:45 - mmengine - INFO - OccupancyLoss: 8.02065, OccupancyFlowLoss: 6.70081, DetectionLoss: 5.18560, DynamicLoss: 0.00705, PhysicsLoss: 0.00000
08/04 23:37:46 - mmengine - INFO - [EVAL] Epoch 8 Iter   350: Loss: 14.372 (20.124)
08/04 23:37:46 - mmengine - INFO - OccupancyLoss: 6.14722, OccupancyFlowLoss: 2.39707, DetectionLoss: 5.20879, DynamicLoss: 0.03887, PhysicsLoss: 0.57977
08/04 23:38:45 - mmengine - INFO - [EVAL] Epoch 8 Iter   400: Loss: 14.476 (20.021)
08/04 23:38:45 - mmengine - INFO - OccupancyLoss: 6.91289, OccupancyFlowLoss: 0.72895, DetectionLoss: 6.79550, DynamicLoss: 0.03639, PhysicsLoss: 0.00217
08/04 23:39:46 - mmengine - INFO - [EVAL] Epoch 8 Iter   450: Loss: 33.283 (20.093)
08/04 23:39:46 - mmengine - INFO - OccupancyLoss: 7.50090, OccupancyFlowLoss: 7.91762, DetectionLoss: 13.00748, DynamicLoss: 0.17743, PhysicsLoss: 4.67966
08/04 23:41:08 - mmengine - INFO - Validation per class iou none:
08/04 23:41:08 - mmengine - INFO - barrier : 13.97%, 0.28, 0.22
08/04 23:41:08 - mmengine - INFO - bicycle : 0.00%, 0.00, 0.00
08/04 23:41:08 - mmengine - INFO - bus : 25.08%, 0.39, 0.41
08/04 23:41:08 - mmengine - INFO - car : 29.61%, 0.48, 0.44
08/04 23:41:08 - mmengine - INFO - construction_vehicle : 1.04%, 0.06, 0.01
08/04 23:41:08 - mmengine - INFO - motorcycle : 0.00%, 0.00, 0.00
08/04 23:41:08 - mmengine - INFO - pedestrian : 0.08%, 0.29, 0.00
08/04 23:41:08 - mmengine - INFO - traffic_cone : 0.10%, 0.27, 0.00
08/04 23:41:08 - mmengine - INFO - trailer : 8.84%, 0.16, 0.17
08/04 23:41:08 - mmengine - INFO - truck : 19.43%, 0.29, 0.36
08/04 23:41:08 - mmengine - INFO - driveable_surface : 39.71%, 0.65, 0.51
08/04 23:41:08 - mmengine - INFO - other_flat : 14.49%, 0.48, 0.17
08/04 23:41:08 - mmengine - INFO - sidewalk : 19.55%, 0.43, 0.26
08/04 23:41:08 - mmengine - INFO - terrain : 20.78%, 0.37, 0.32
08/04 23:41:08 - mmengine - INFO - manmade : 8.15%, 0.27, 0.10
08/04 23:41:08 - mmengine - INFO - vegetation : 19.65%, 0.38, 0.29
08/04 23:41:08 - mmengine - INFO - tensor([  213109,    14566,   204192,  1435223,   106632,    22025,   206833,
           42653,   134799,   555406,  7051599,   345594,  2482869,  3418334,
         7852446,  8317553, 32659904], device='cuda:0', dtype=torch.int32)
08/04 23:41:08 - mmengine - INFO - tensor([   45929,        0,    84713,   626401,     1315,        0,      166,
              41,    22529,   201832,  3561389,    59555,   653368,  1091921,
          823096,  2430268, 12043139], device='cuda:0', dtype=torch.int32)
08/04 23:41:08 - mmengine - INFO - tensor([  161556,        0,   218250,  1306639,    21521,        0,      567,
             150,   142572,   685231,  5478578,   125072,  1512401,  2928009,
         3072498,  6477960, 22131004], device='cuda:0', dtype=torch.int32)
08/04 23:41:08 - mmengine - INFO - mIoU: 13.779770120527246, iou2: 28.172555923461914
08/04 23:41:08 - mmengine - INFO - Current val loss is 20.171
[DynamicLoss Diag] iter=10001 | gt_box=True | gaussians=16536 dyn_gt=81 (0.49%) | pred_dyn_ratio=1.16% | loss=0.0346
[PhysicsLoss Diag] iter=10001 | gt_box=True static=16455 dyn=81 | offset_rms=0.1678 offset_dyn_rms=13.6056 turn_deg=1.59 | loss_static=0.8521 loss_smooth=0.0000 loss_rigid=0.0056 loss_vel=0.0000 loss_traj=1.0978 total=1.9555
08/04 23:41:27 - mmengine - INFO - [TRAIN] Epoch 8 Iter     0/750: Loss: 16.629 (16.629), grad_norm: 55.380, lr: 0.0000200, time: 9.217 (3.366)
08/04 23:41:27 - mmengine - INFO - OccupancyLoss: 6.07601, OccupancyFlowLoss: 5.47153, DetectionLoss: 3.09151, DynamicLoss: 0.03462, PhysicsLoss: 1.95549
08/04 23:46:07 - mmengine - INFO - [TRAIN] Epoch 8 Iter    50/750: Loss: 8.852 (18.211), grad_norm: 71.097, lr: 0.0000200, time: 5.564 (0.008)
08/04 23:46:07 - mmengine - INFO - OccupancyLoss: 4.97785, OccupancyFlowLoss: 0.00000, DetectionLoss: 3.78143, DynamicLoss: 0.02080, PhysicsLoss: 0.07223
08/04 23:50:46 - mmengine - INFO - [TRAIN] Epoch 8 Iter   100/750: Loss: 7.858 (17.538), grad_norm: 22.040, lr: 0.0000200, time: 5.480 (0.008)
08/04 23:50:46 - mmengine - INFO - OccupancyLoss: 3.48500, OccupancyFlowLoss: 0.71387, DetectionLoss: 3.62182, DynamicLoss: 0.01970, PhysicsLoss: 0.01745
08/04 23:55:37 - mmengine - INFO - [TRAIN] Epoch 8 Iter   150/750: Loss: 18.483 (17.437), grad_norm: 28.546, lr: 0.0000200, time: 5.631 (0.008)
08/04 23:55:37 - mmengine - INFO - OccupancyLoss: 6.07043, OccupancyFlowLoss: 4.26156, DetectionLoss: 4.89546, DynamicLoss: 0.02664, PhysicsLoss: 3.22850
08/05 00:00:27 - mmengine - INFO - [TRAIN] Epoch 8 Iter   200/750: Loss: 7.122 (19.043), grad_norm: 58.122, lr: 0.0000200, time: 5.526 (0.008)
08/05 00:00:27 - mmengine - INFO - OccupancyLoss: 3.33881, OccupancyFlowLoss: 2.04024, DetectionLoss: 1.72165, DynamicLoss: 0.02081, PhysicsLoss: 0.00000
08/05 00:05:17 - mmengine - INFO - [TRAIN] Epoch 8 Iter   250/750: Loss: 30.624 (18.309), grad_norm: 64.123, lr: 0.0000200, time: 5.400 (0.008)
08/05 00:05:17 - mmengine - INFO - OccupancyLoss: 13.93355, OccupancyFlowLoss: 11.63339, DetectionLoss: 1.83470, DynamicLoss: 0.01332, PhysicsLoss: 3.20913
08/05 00:10:07 - mmengine - INFO - [TRAIN] Epoch 8 Iter   300/750: Loss: 26.609 (18.967), grad_norm: 68.711, lr: 0.0000200, time: 5.676 (0.008)
08/05 00:10:07 - mmengine - INFO - OccupancyLoss: 7.69633, OccupancyFlowLoss: 6.56741, DetectionLoss: 7.23443, DynamicLoss: 0.03790, PhysicsLoss: 5.07300
08/05 00:14:47 - mmengine - INFO - [TRAIN] Epoch 8 Iter   350/750: Loss: 17.183 (18.159), grad_norm: 74.535, lr: 0.0000200, time: 5.554 (0.008)
08/05 00:14:47 - mmengine - INFO - OccupancyLoss: 7.16096, OccupancyFlowLoss: 6.38329, DetectionLoss: 2.68153, DynamicLoss: 0.05644, PhysicsLoss: 0.90079
08/05 00:19:26 - mmengine - INFO - [TRAIN] Epoch 8 Iter   400/750: Loss: 21.339 (18.661), grad_norm: 48.613, lr: 0.0000200, time: 5.896 (0.008)
08/05 00:19:26 - mmengine - INFO - OccupancyLoss: 6.59463, OccupancyFlowLoss: 6.63250, DetectionLoss: 6.16906, DynamicLoss: 0.10254, PhysicsLoss: 1.84002
08/05 00:24:06 - mmengine - INFO - [TRAIN] Epoch 8 Iter   450/750: Loss: 22.847 (17.809), grad_norm: 43.734, lr: 0.0000200, time: 5.548 (0.008)
08/05 00:24:06 - mmengine - INFO - OccupancyLoss: 11.21618, OccupancyFlowLoss: 4.67292, DetectionLoss: 5.79070, DynamicLoss: 0.04248, PhysicsLoss: 1.12442
[DynamicLoss Diag] iter=10501 | gt_box=True | gaussians=20785 dyn_gt=133 (0.64%) | pred_dyn_ratio=1.18% | loss=0.0665
[PhysicsLoss Diag] iter=10501 | gt_box=True static=20652 dyn=133 | offset_rms=0.1501 offset_dyn_rms=12.9542 turn_deg=0.53 | loss_static=0.5680 loss_smooth=0.0000 loss_rigid=0.0040 loss_vel=0.0000 loss_traj=2.9561 total=3.5281
08/05 00:28:46 - mmengine - INFO - [TRAIN] Epoch 8 Iter   500/750: Loss: 23.406 (16.652), grad_norm: 74.400, lr: 0.0000200, time: 5.805 (0.008)
08/05 00:28:46 - mmengine - INFO - OccupancyLoss: 6.89160, OccupancyFlowLoss: 5.04438, DetectionLoss: 7.87509, DynamicLoss: 0.06648, PhysicsLoss: 3.52813
08/05 00:33:26 - mmengine - INFO - [TRAIN] Epoch 8 Iter   550/750: Loss: 13.966 (17.204), grad_norm: 45.753, lr: 0.0000200, time: 5.513 (0.008)
08/05 00:33:26 - mmengine - INFO - OccupancyLoss: 5.51796, OccupancyFlowLoss: 3.75803, DetectionLoss: 3.90826, DynamicLoss: 0.01179, PhysicsLoss: 0.76966
08/05 00:38:06 - mmengine - INFO - [TRAIN] Epoch 8 Iter   600/750: Loss: 17.578 (17.307), grad_norm: 69.196, lr: 0.0000200, time: 5.610 (0.008)
08/05 00:38:06 - mmengine - INFO - OccupancyLoss: 4.77718, OccupancyFlowLoss: 3.48024, DetectionLoss: 5.51155, DynamicLoss: 0.06551, PhysicsLoss: 3.74346
08/05 00:42:47 - mmengine - INFO - [TRAIN] Epoch 8 Iter   650/750: Loss: 17.125 (16.529), grad_norm: 75.896, lr: 0.0000200, time: 5.570 (0.008)
08/05 00:42:47 - mmengine - INFO - OccupancyLoss: 7.13403, OccupancyFlowLoss: 3.96780, DetectionLoss: 5.26567, DynamicLoss: 0.08493, PhysicsLoss: 0.67294
08/05 00:47:27 - mmengine - INFO - [TRAIN] Epoch 8 Iter   700/750: Loss: 16.590 (17.720), grad_norm: 80.869, lr: 0.0000200, time: 5.537 (0.008)
08/05 00:47:27 - mmengine - INFO - OccupancyLoss: 7.80676, OccupancyFlowLoss: 5.16684, DetectionLoss: 2.95073, DynamicLoss: 0.02421, PhysicsLoss: 0.64111
08/05 00:52:10 - mmengine - INFO - [EVAL] Epoch 9 Iter     0: Loss: 15.778 (15.778)
08/05 00:52:10 - mmengine - INFO - OccupancyLoss: 4.92099, OccupancyFlowLoss: 3.19885, DetectionLoss: 3.95567, DynamicLoss: 0.06412, PhysicsLoss: 3.63835
08/05 00:53:11 - mmengine - INFO - [EVAL] Epoch 9 Iter    50: Loss: 15.852 (19.755)
08/05 00:53:11 - mmengine - INFO - OccupancyLoss: 5.26469, OccupancyFlowLoss: 3.28620, DetectionLoss: 4.78405, DynamicLoss: 0.05193, PhysicsLoss: 2.46558
08/05 00:54:10 - mmengine - INFO - [EVAL] Epoch 9 Iter   100: Loss: 22.621 (19.355)
08/05 00:54:10 - mmengine - INFO - OccupancyLoss: 8.14708, OccupancyFlowLoss: 6.81503, DetectionLoss: 4.64894, DynamicLoss: 0.01482, PhysicsLoss: 2.99500
08/05 00:55:10 - mmengine - INFO - [EVAL] Epoch 9 Iter   150: Loss: 7.828 (19.956)
08/05 00:55:10 - mmengine - INFO - OccupancyLoss: 6.26000, OccupancyFlowLoss: 1.27431, DetectionLoss: 0.29306, DynamicLoss: 0.00072, PhysicsLoss: 0.00000
08/05 00:56:10 - mmengine - INFO - [EVAL] Epoch 9 Iter   200: Loss: 16.107 (20.108)
08/05 00:56:10 - mmengine - INFO - OccupancyLoss: 9.07710, OccupancyFlowLoss: 3.03787, DetectionLoss: 3.16922, DynamicLoss: 0.04037, PhysicsLoss: 0.78214
[DynamicLoss Diag] iter=11001 | gt_box=True | gaussians=24856 dyn_gt=87 (0.35%) | pred_dyn_ratio=0.72% | loss=0.1324
[PhysicsLoss Diag] iter=11001 | gt_box=True static=24769 dyn=87 | offset_rms=0.0308 offset_dyn_rms=6.9577 turn_deg=0.74 | loss_static=0.0347 loss_smooth=0.0000 loss_rigid=0.0021 loss_vel=0.0000 loss_traj=1.1338 total=1.1706
08/05 00:57:12 - mmengine - INFO - [EVAL] Epoch 9 Iter   250: Loss: 18.443 (20.085)
08/05 00:57:12 - mmengine - INFO - OccupancyLoss: 7.32369, OccupancyFlowLoss: 4.49676, DetectionLoss: 5.31914, DynamicLoss: 0.13238, PhysicsLoss: 1.17059
08/05 00:58:11 - mmengine - INFO - [EVAL] Epoch 9 Iter   300: Loss: 20.034 (19.947)
08/05 00:58:11 - mmengine - INFO - OccupancyLoss: 8.13381, OccupancyFlowLoss: 6.61608, DetectionLoss: 5.27963, DynamicLoss: 0.00467, PhysicsLoss: 0.00000
08/05 00:59:12 - mmengine - INFO - [EVAL] Epoch 9 Iter   350: Loss: 14.889 (19.960)
08/05 00:59:12 - mmengine - INFO - OccupancyLoss: 6.07379, OccupancyFlowLoss: 2.31433, DetectionLoss: 5.94282, DynamicLoss: 0.03721, PhysicsLoss: 0.52045
08/05 01:00:11 - mmengine - INFO - [EVAL] Epoch 9 Iter   400: Loss: 13.829 (19.849)
08/05 01:00:11 - mmengine - INFO - OccupancyLoss: 6.85615, OccupancyFlowLoss: 0.72019, DetectionLoss: 6.22500, DynamicLoss: 0.02486, PhysicsLoss: 0.00306
08/05 01:01:12 - mmengine - INFO - [EVAL] Epoch 9 Iter   450: Loss: 34.221 (19.906)
08/05 01:01:12 - mmengine - INFO - OccupancyLoss: 7.64517, OccupancyFlowLoss: 7.73371, DetectionLoss: 13.87895, DynamicLoss: 0.19341, PhysicsLoss: 4.77003
08/05 01:02:31 - mmengine - INFO - Validation per class iou none:
08/05 01:02:31 - mmengine - INFO - barrier : 14.84%, 0.30, 0.23
08/05 01:02:31 - mmengine - INFO - bicycle : 0.00%, 0.00, 0.00
08/05 01:02:31 - mmengine - INFO - bus : 26.32%, 0.39, 0.44
08/05 01:02:31 - mmengine - INFO - car : 30.49%, 0.47, 0.47
08/05 01:02:31 - mmengine - INFO - construction_vehicle : 3.08%, 0.09, 0.04
08/05 01:02:31 - mmengine - INFO - motorcycle : 0.00%, 0.00, 0.00
08/05 01:02:31 - mmengine - INFO - pedestrian : 1.18%, 0.27, 0.01
08/05 01:02:31 - mmengine - INFO - traffic_cone : 0.00%, 0.00, 0.00
08/05 01:02:31 - mmengine - INFO - trailer : 9.46%, 0.19, 0.16
08/05 01:02:31 - mmengine - INFO - truck : 20.67%, 0.33, 0.36
08/05 01:02:31 - mmengine - INFO - driveable_surface : 39.82%, 0.62, 0.53
08/05 01:02:31 - mmengine - INFO - other_flat : 17.23%, 0.45, 0.22
08/05 01:02:31 - mmengine - INFO - sidewalk : 21.40%, 0.41, 0.31
08/05 01:02:31 - mmengine - INFO - terrain : 21.54%, 0.35, 0.36
08/05 01:02:31 - mmengine - INFO - manmade : 7.79%, 0.27, 0.10
08/05 01:02:31 - mmengine - INFO - vegetation : 21.15%, 0.35, 0.34
08/05 01:02:31 - mmengine - INFO - tensor([  213109,    14566,   204192,  1435223,   106632,    22025,   206833,
           42653,   134799,   555406,  7051599,   345594,  2482869,  3418334,
         7852446,  8317553, 32659904], device='cuda:0', dtype=torch.int32)
08/05 01:02:31 - mmengine - INFO - tensor([   48523,        0,    90128,   673723,     4679,        0,     2527,
               0,    21511,   200704,  3729465,    75809,   771189,  1232019,
          773484,  2863154, 13447131], device='cuda:0', dtype=torch.int32)
08/05 01:02:31 - mmengine - INFO - tensor([  162428,        0,   228401,  1447912,    50147,        0,     9290,
               0,   113993,   616231,  6043400,   170243,  1891911,  3532905,
         2855897,  8083876, 25206634], device='cuda:0', dtype=torch.int32)
08/05 01:02:31 - mmengine - INFO - mIoU: 14.68561704386957, iou2: 30.273099899291992
08/05 01:02:31 - mmengine - INFO - Current val loss is 19.997
08/05 01:02:55 - mmengine - INFO - [TRAIN] Epoch 9 Iter     0/750: Loss: 7.976 (7.976), grad_norm: 57.989, lr: 0.0000200, time: 13.233 (7.273)
08/05 01:02:55 - mmengine - INFO - OccupancyLoss: 4.65099, OccupancyFlowLoss: 0.00000, DetectionLoss: 3.21805, DynamicLoss: 0.05995, PhysicsLoss: 0.04741
08/05 01:07:36 - mmengine - INFO - [TRAIN] Epoch 9 Iter    50/750: Loss: 20.984 (17.607), grad_norm: 28.642, lr: 0.0000200, time: 5.784 (0.008)
08/05 01:07:36 - mmengine - INFO - OccupancyLoss: 7.54009, OccupancyFlowLoss: 6.58650, DetectionLoss: 6.73118, DynamicLoss: 0.02590, PhysicsLoss: 0.10076
08/05 01:12:16 - mmengine - INFO - [TRAIN] Epoch 9 Iter   100/750: Loss: 12.024 (17.127), grad_norm: 78.118, lr: 0.0000200, time: 5.628 (0.008)
08/05 01:12:16 - mmengine - INFO - OccupancyLoss: 4.10764, OccupancyFlowLoss: 2.52168, DetectionLoss: 3.98193, DynamicLoss: 0.03933, PhysicsLoss: 1.37375
08/05 01:16:56 - mmengine - INFO - [TRAIN] Epoch 9 Iter   150/750: Loss: 20.025 (16.346), grad_norm: 56.240, lr: 0.0000200, time: 5.536 (0.008)
08/05 01:16:56 - mmengine - INFO - OccupancyLoss: 5.93333, OccupancyFlowLoss: 4.77410, DetectionLoss: 9.16511, DynamicLoss: 0.01707, PhysicsLoss: 0.13559
08/05 01:21:39 - mmengine - INFO - [TRAIN] Epoch 9 Iter   200/750: Loss: 14.477 (17.626), grad_norm: 63.955, lr: 0.0000200, time: 5.583 (0.008)
08/05 01:21:39 - mmengine - INFO - OccupancyLoss: 4.85256, OccupancyFlowLoss: 5.33613, DetectionLoss: 2.73652, DynamicLoss: 0.05659, PhysicsLoss: 1.49502
[DynamicLoss Diag] iter=11501 | gt_box=True | gaussians=18306 dyn_gt=22 (0.12%) | pred_dyn_ratio=0.21% | loss=0.0134
[PhysicsLoss Diag] iter=11501 | gt_box=True static=18284 dyn=22 | offset_rms=0.0107 offset_dyn_rms=5.4471 turn_deg=0.82 | loss_static=0.0142 loss_smooth=0.0000 loss_rigid=0.0030 loss_vel=0.0000 loss_traj=0.0000 total=0.0172
08/05 01:26:18 - mmengine - INFO - [TRAIN] Epoch 9 Iter   250/750: Loss: 9.007 (16.511), grad_norm: 82.561, lr: 0.0000200, time: 5.374 (0.008)
08/05 01:26:18 - mmengine - INFO - OccupancyLoss: 4.78671, OccupancyFlowLoss: 0.00000, DetectionLoss: 4.18948, DynamicLoss: 0.01336, PhysicsLoss: 0.01720
08/05 01:31:02 - mmengine - INFO - [TRAIN] Epoch 9 Iter   300/750: Loss: 12.996 (17.802), grad_norm: 26.871, lr: 0.0000200, time: 5.719 (0.008)
08/05 01:31:02 - mmengine - INFO - OccupancyLoss: 4.60491, OccupancyFlowLoss: 4.59569, DetectionLoss: 3.17678, DynamicLoss: 0.02210, PhysicsLoss: 0.59703
08/05 01:35:43 - mmengine - INFO - [TRAIN] Epoch 9 Iter   350/750: Loss: 13.128 (17.376), grad_norm: 58.994, lr: 0.0000200, time: 5.422 (0.008)
08/05 01:35:43 - mmengine - INFO - OccupancyLoss: 4.70994, OccupancyFlowLoss: 4.08423, DetectionLoss: 3.33368, DynamicLoss: 0.01805, PhysicsLoss: 0.98260
08/05 01:40:23 - mmengine - INFO - [TRAIN] Epoch 9 Iter   400/750: Loss: 14.800 (17.541), grad_norm: 33.897, lr: 0.0000200, time: 5.578 (0.008)
08/05 01:40:23 - mmengine - INFO - OccupancyLoss: 3.07257, OccupancyFlowLoss: 2.05110, DetectionLoss: 1.82439, DynamicLoss: 0.02296, PhysicsLoss: 7.82853
08/05 01:45:05 - mmengine - INFO - [TRAIN] Epoch 9 Iter   450/750: Loss: 20.016 (18.570), grad_norm: 37.306, lr: 0.0000200, time: 5.836 (0.008)
08/05 01:45:05 - mmengine - INFO - OccupancyLoss: 5.55057, OccupancyFlowLoss: 3.72779, DetectionLoss: 8.70842, DynamicLoss: 0.19337, PhysicsLoss: 1.83545
08/05 01:49:45 - mmengine - INFO - [TRAIN] Epoch 9 Iter   500/750: Loss: 26.831 (16.749), grad_norm: 43.620, lr: 0.0000200, time: 5.428 (0.008)
08/05 01:49:45 - mmengine - INFO - OccupancyLoss: 8.54903, OccupancyFlowLoss: 10.31673, DetectionLoss: 6.80486, DynamicLoss: 0.03941, PhysicsLoss: 1.12137
08/05 01:54:26 - mmengine - INFO - [TRAIN] Epoch 9 Iter   550/750: Loss: 18.651 (18.020), grad_norm: 49.757, lr: 0.0000200, time: 5.737 (0.008)
08/05 01:54:26 - mmengine - INFO - OccupancyLoss: 8.21281, OccupancyFlowLoss: 6.94658, DetectionLoss: 3.47618, DynamicLoss: 0.01585, PhysicsLoss: 0.00000
08/05 01:59:07 - mmengine - INFO - [TRAIN] Epoch 9 Iter   600/750: Loss: 23.055 (16.685), grad_norm: 76.414, lr: 0.0000200, time: 5.581 (0.008)
08/05 01:59:07 - mmengine - INFO - OccupancyLoss: 7.31363, OccupancyFlowLoss: 5.97164, DetectionLoss: 9.13479, DynamicLoss: 0.02897, PhysicsLoss: 0.60556
08/05 02:03:48 - mmengine - INFO - [TRAIN] Epoch 9 Iter   650/750: Loss: 15.357 (17.383), grad_norm: 41.533, lr: 0.0000200, time: 5.345 (0.008)
08/05 02:03:48 - mmengine - INFO - OccupancyLoss: 7.36897, OccupancyFlowLoss: 5.74628, DetectionLoss: 2.12866, DynamicLoss: 0.00668, PhysicsLoss: 0.10635
08/05 02:08:28 - mmengine - INFO - [TRAIN] Epoch 9 Iter   700/750: Loss: 10.249 (16.998), grad_norm: 53.852, lr: 0.0000200, time: 5.822 (0.008)
08/05 02:08:28 - mmengine - INFO - OccupancyLoss: 3.12614, OccupancyFlowLoss: 0.00000, DetectionLoss: 6.24351, DynamicLoss: 0.01871, PhysicsLoss: 0.86076
[DynamicLoss Diag] iter=12001 | gt_box=True | gaussians=25515 dyn_gt=34 (0.13%) | pred_dyn_ratio=0.66% | loss=0.0576
[PhysicsLoss Diag] iter=12001 | gt_box=True static=25481 dyn=34 | offset_rms=0.0096 offset_dyn_rms=6.0082 turn_deg=0.57 | loss_static=0.0059 loss_smooth=0.0000 loss_rigid=0.0127 loss_vel=0.0000 loss_traj=4.1028 total=4.1213
08/05 02:13:13 - mmengine - INFO - [EVAL] Epoch 10 Iter     0: Loss: 15.924 (15.924)
08/05 02:13:13 - mmengine - INFO - OccupancyLoss: 4.61262, OccupancyFlowLoss: 3.01307, DetectionLoss: 4.11968, DynamicLoss: 0.05760, PhysicsLoss: 4.12132
08/05 02:14:14 - mmengine - INFO - [EVAL] Epoch 10 Iter    50: Loss: 16.027 (19.885)
08/05 02:14:14 - mmengine - INFO - OccupancyLoss: 5.41734, OccupancyFlowLoss: 3.37281, DetectionLoss: 4.70826, DynamicLoss: 0.04779, PhysicsLoss: 2.48084
08/05 02:15:13 - mmengine - INFO - [EVAL] Epoch 10 Iter   100: Loss: 22.179 (19.344)
08/05 02:15:13 - mmengine - INFO - OccupancyLoss: 7.95368, OccupancyFlowLoss: 6.90450, DetectionLoss: 4.36611, DynamicLoss: 0.01710, PhysicsLoss: 2.93719
08/05 02:16:12 - mmengine - INFO - [EVAL] Epoch 10 Iter   150: Loss: 8.150 (20.013)
08/05 02:16:12 - mmengine - INFO - OccupancyLoss: 6.63986, OccupancyFlowLoss: 1.33823, DetectionLoss: 0.17134, DynamicLoss: 0.00060, PhysicsLoss: 0.00000
08/05 02:17:12 - mmengine - INFO - [EVAL] Epoch 10 Iter   200: Loss: 15.897 (20.170)
08/05 02:17:12 - mmengine - INFO - OccupancyLoss: 9.07796, OccupancyFlowLoss: 3.06155, DetectionLoss: 2.86239, DynamicLoss: 0.03086, PhysicsLoss: 0.86453
08/05 02:18:13 - mmengine - INFO - [EVAL] Epoch 10 Iter   250: Loss: 18.130 (20.146)
08/05 02:18:13 - mmengine - INFO - OccupancyLoss: 7.24335, OccupancyFlowLoss: 4.44657, DetectionLoss: 4.83317, DynamicLoss: 0.13430, PhysicsLoss: 1.47211
08/05 02:19:12 - mmengine - INFO - [EVAL] Epoch 10 Iter   300: Loss: 21.798 (20.031)
08/05 02:19:12 - mmengine - INFO - OccupancyLoss: 8.40416, OccupancyFlowLoss: 6.76145, DetectionLoss: 6.62282, DynamicLoss: 0.00949, PhysicsLoss: 0.00000
08/05 02:20:12 - mmengine - INFO - [EVAL] Epoch 10 Iter   350: Loss: 15.269 (20.042)
08/05 02:20:12 - mmengine - INFO - OccupancyLoss: 5.99033, OccupancyFlowLoss: 2.34735, DetectionLoss: 6.42069, DynamicLoss: 0.03914, PhysicsLoss: 0.47155
08/05 02:21:11 - mmengine - INFO - [EVAL] Epoch 10 Iter   400: Loss: 13.791 (19.907)
08/05 02:21:11 - mmengine - INFO - OccupancyLoss: 7.18839, OccupancyFlowLoss: 0.75660, DetectionLoss: 5.82562, DynamicLoss: 0.01893, PhysicsLoss: 0.00134
08/05 02:22:12 - mmengine - INFO - [EVAL] Epoch 10 Iter   450: Loss: 32.342 (19.971)
08/05 02:22:12 - mmengine - INFO - OccupancyLoss: 7.57050, OccupancyFlowLoss: 7.71672, DetectionLoss: 12.41288, DynamicLoss: 0.17693, PhysicsLoss: 4.46541
08/05 02:24:16 - mmengine - INFO - Validation per class iou none:
08/05 02:24:16 - mmengine - INFO - barrier : 15.00%, 0.33, 0.21
08/05 02:24:16 - mmengine - INFO - bicycle : 0.00%, 0.00, 0.00
08/05 02:24:16 - mmengine - INFO - bus : 27.98%, 0.47, 0.41
08/05 02:24:16 - mmengine - INFO - car : 30.50%, 0.53, 0.42
08/05 02:24:16 - mmengine - INFO - construction_vehicle : 2.84%, 0.20, 0.03
08/05 02:24:16 - mmengine - INFO - motorcycle : 0.00%, 0.00, 0.00
08/05 02:24:16 - mmengine - INFO - pedestrian : 4.00%, 0.32, 0.04
08/05 02:24:16 - mmengine - INFO - traffic_cone : 0.00%, 0.00, 0.00
08/05 02:24:16 - mmengine - INFO - trailer : 7.97%, 0.16, 0.13
08/05 02:24:16 - mmengine - INFO - truck : 20.48%, 0.37, 0.31
08/05 02:24:16 - mmengine - INFO - driveable_surface : 40.14%, 0.65, 0.51
08/05 02:24:16 - mmengine - INFO - other_flat : 19.06%, 0.50, 0.23
08/05 02:24:16 - mmengine - INFO - sidewalk : 22.14%, 0.44, 0.31
08/05 02:24:16 - mmengine - INFO - terrain : 19.22%, 0.41, 0.26
08/05 02:24:16 - mmengine - INFO - manmade : 4.38%, 0.34, 0.05
08/05 02:24:16 - mmengine - INFO - vegetation : 18.56%, 0.44, 0.24
08/05 02:24:16 - mmengine - INFO - tensor([  213109,    14566,   204192,  1435223,   106632,    22025,   206833,
           42653,   134799,   555406,  7051599,   345594,  2482869,  3418334,
         7852446,  8317553, 32659904], device='cuda:0', dtype=torch.int32)
08/05 02:24:16 - mmengine - INFO - tensor([   45663,        0,    83833,   599728,     3429,        0,     9030,
               0,    18030,   172762,  3597581,    81169,   763356,   904582,
          376443,  2010686, 10723255], device='cuda:0', dtype=torch.int32)
08/05 02:24:16 - mmengine - INFO - tensor([  137035,        0,   179294,  1130822,    17421,        0,    27991,
              18,   109368,   460737,  5509346,   161471,  1729008,  2192652,
         1118246,  4524476, 17297884], device='cuda:0', dtype=torch.int32)
08/05 02:24:16 - mmengine - INFO - mIoU: 14.516740862745792, iou2: 27.331165313720703
08/05 02:24:16 - mmengine - INFO - Current val loss is 20.081
[DynamicLoss Diag] iter=12501 | gt_box=True | gaussians=15678 dyn_gt=67 (0.43%) | pred_dyn_ratio=0.41% | loss=0.0370
[PhysicsLoss Diag] iter=12501 | gt_box=True static=15611 dyn=67 | offset_rms=0.0937 offset_dyn_rms=9.5395 turn_deg=0.82 | loss_static=0.3001 loss_smooth=0.0000 loss_rigid=0.0026 loss_vel=0.0000 loss_traj=1.0239 total=1.3266
08/05 02:24:36 - mmengine - INFO - [TRAIN] Epoch 10 Iter     0/750: Loss: 21.727 (21.727), grad_norm: 43.046, lr: 0.0000200, time: 9.767 (4.156)
08/05 02:24:36 - mmengine - INFO - OccupancyLoss: 5.68154, OccupancyFlowLoss: 7.40357, DetectionLoss: 7.27830, DynamicLoss: 0.03701, PhysicsLoss: 1.32656
08/05 02:29:17 - mmengine - INFO - [TRAIN] Epoch 10 Iter    50/750: Loss: 14.013 (15.486), grad_norm: 60.243, lr: 0.0000200, time: 5.720 (0.008)
08/05 02:29:17 - mmengine - INFO - OccupancyLoss: 5.31840, OccupancyFlowLoss: 4.43132, DetectionLoss: 3.64783, DynamicLoss: 0.04642, PhysicsLoss: 0.56853
08/05 02:33:57 - mmengine - INFO - [TRAIN] Epoch 10 Iter   100/750: Loss: 17.326 (17.077), grad_norm: 32.526, lr: 0.0000200, time: 5.606 (0.008)
08/05 02:33:57 - mmengine - INFO - OccupancyLoss: 8.87568, OccupancyFlowLoss: 8.00885, DetectionLoss: 0.44017, DynamicLoss: 0.00096, PhysicsLoss: 0.00000
08/05 02:38:39 - mmengine - INFO - [TRAIN] Epoch 10 Iter   150/750: Loss: 17.915 (15.756), grad_norm: 55.839, lr: 0.0000200, time: 5.784 (0.008)
08/05 02:38:39 - mmengine - INFO - OccupancyLoss: 4.40262, OccupancyFlowLoss: 3.02528, DetectionLoss: 6.24886, DynamicLoss: 0.10263, PhysicsLoss: 4.13551
08/05 02:43:19 - mmengine - INFO - [TRAIN] Epoch 10 Iter   200/750: Loss: 13.399 (17.702), grad_norm: 29.658, lr: 0.0000200, time: 5.700 (0.008)
08/05 02:43:19 - mmengine - INFO - OccupancyLoss: 6.39625, OccupancyFlowLoss: 5.75593, DetectionLoss: 1.23820, DynamicLoss: 0.00904, PhysicsLoss: 0.00000
08/05 02:47:59 - mmengine - INFO - [TRAIN] Epoch 10 Iter   250/750: Loss: 19.755 (16.959), grad_norm: 61.409, lr: 0.0000200, time: 5.844 (0.008)
08/05 02:47:59 - mmengine - INFO - OccupancyLoss: 6.49598, OccupancyFlowLoss: 5.90885, DetectionLoss: 2.98248, DynamicLoss: 0.05504, PhysicsLoss: 4.31268
08/05 02:52:40 - mmengine - INFO - [TRAIN] Epoch 10 Iter   300/750: Loss: 12.484 (17.152), grad_norm: 41.962, lr: 0.0000200, time: 5.587 (0.008)
08/05 02:52:40 - mmengine - INFO - OccupancyLoss: 5.13719, OccupancyFlowLoss: 1.42787, DetectionLoss: 5.55572, DynamicLoss: 0.03936, PhysicsLoss: 0.32338
08/05 02:57:19 - mmengine - INFO - [TRAIN] Epoch 10 Iter   350/750: Loss: 12.630 (16.428), grad_norm: 67.892, lr: 0.0000200, time: 5.648 (0.008)
08/05 02:57:19 - mmengine - INFO - OccupancyLoss: 3.29994, OccupancyFlowLoss: 2.45788, DetectionLoss: 4.34874, DynamicLoss: 0.03857, PhysicsLoss: 2.48475
08/05 03:01:59 - mmengine - INFO - [TRAIN] Epoch 10 Iter   400/750: Loss: 13.203 (16.548), grad_norm: 31.095, lr: 0.0000200, time: 5.482 (0.008)
08/05 03:01:59 - mmengine - INFO - OccupancyLoss: 6.48859, OccupancyFlowLoss: 2.64189, DetectionLoss: 2.88941, DynamicLoss: 0.02301, PhysicsLoss: 1.15961
08/05 03:06:40 - mmengine - INFO - [TRAIN] Epoch 10 Iter   450/750: Loss: 30.624 (15.943), grad_norm: 57.444, lr: 0.0000200, time: 5.600 (0.008)
08/05 03:06:40 - mmengine - INFO - OccupancyLoss: 13.20202, OccupancyFlowLoss: 10.24799, DetectionLoss: 4.81567, DynamicLoss: 0.03887, PhysicsLoss: 2.31902
[DynamicLoss Diag] iter=13001 | gt_box=True | gaussians=25545 dyn_gt=140 (0.55%) | pred_dyn_ratio=0.90% | loss=0.0826
[PhysicsLoss Diag] iter=13001 | gt_box=True static=25405 dyn=140 | offset_rms=0.1082 offset_dyn_rms=14.3121 turn_deg=0.78 | loss_static=0.3098 loss_smooth=0.0000 loss_rigid=0.0048 loss_vel=0.0000 loss_traj=1.5236 total=1.8383
08/05 03:11:53 - mmengine - INFO - [TRAIN] Epoch 10 Iter   500/750: Loss: 19.518 (17.429), grad_norm: 51.874, lr: 0.0000200, time: 5.756 (0.008)
08/05 03:11:53 - mmengine - INFO - OccupancyLoss: 6.27048, OccupancyFlowLoss: 4.03829, DetectionLoss: 7.28784, DynamicLoss: 0.08263, PhysicsLoss: 1.83827
08/05 03:16:46 - mmengine - INFO - [TRAIN] Epoch 10 Iter   550/750: Loss: 22.159 (16.651), grad_norm: 41.437, lr: 0.0000200, time: 5.695 (0.008)
08/05 03:16:46 - mmengine - INFO - OccupancyLoss: 7.01569, OccupancyFlowLoss: 5.63951, DetectionLoss: 7.26040, DynamicLoss: 0.10387, PhysicsLoss: 2.13930
08/05 03:21:29 - mmengine - INFO - [TRAIN] Epoch 10 Iter   600/750: Loss: 20.287 (16.412), grad_norm: 49.699, lr: 0.0000200, time: 5.831 (0.008)
08/05 03:21:29 - mmengine - INFO - OccupancyLoss: 7.89112, OccupancyFlowLoss: 3.65852, DetectionLoss: 8.57183, DynamicLoss: 0.04774, PhysicsLoss: 0.11799
08/05 03:26:11 - mmengine - INFO - [TRAIN] Epoch 10 Iter   650/750: Loss: 16.779 (17.172), grad_norm: 22.648, lr: 0.0000200, time: 5.857 (0.008)
08/05 03:26:11 - mmengine - INFO - OccupancyLoss: 6.14873, OccupancyFlowLoss: 4.15491, DetectionLoss: 4.73474, DynamicLoss: 0.09813, PhysicsLoss: 1.64252
08/05 03:30:53 - mmengine - INFO - [TRAIN] Epoch 10 Iter   700/750: Loss: 13.693 (16.199), grad_norm: 79.098, lr: 0.0000200, time: 5.871 (0.009)
08/05 03:30:53 - mmengine - INFO - OccupancyLoss: 5.67045, OccupancyFlowLoss: 3.48974, DetectionLoss: 4.06960, DynamicLoss: 0.00772, PhysicsLoss: 0.45511
08/05 03:35:40 - mmengine - INFO - [EVAL] Epoch 11 Iter     0: Loss: 15.276 (15.276)
08/05 03:35:40 - mmengine - INFO - OccupancyLoss: 4.76212, OccupancyFlowLoss: 3.10978, DetectionLoss: 3.61002, DynamicLoss: 0.06201, PhysicsLoss: 3.73210
08/05 03:36:47 - mmengine - INFO - [EVAL] Epoch 11 Iter    50: Loss: 16.383 (19.857)
08/05 03:36:47 - mmengine - INFO - OccupancyLoss: 5.34773, OccupancyFlowLoss: 3.34846, DetectionLoss: 5.53324, DynamicLoss: 0.05441, PhysicsLoss: 2.09869
08/05 03:37:48 - mmengine - INFO - [EVAL] Epoch 11 Iter   100: Loss: 23.117 (19.303)
08/05 03:37:48 - mmengine - INFO - OccupancyLoss: 7.96557, OccupancyFlowLoss: 6.93306, DetectionLoss: 4.99248, DynamicLoss: 0.01326, PhysicsLoss: 3.21235
08/05 03:38:48 - mmengine - INFO - [EVAL] Epoch 11 Iter   150: Loss: 7.906 (19.924)
08/05 03:38:48 - mmengine - INFO - OccupancyLoss: 6.41746, OccupancyFlowLoss: 1.32650, DetectionLoss: 0.16217, DynamicLoss: 0.00031, PhysicsLoss: 0.00000
08/05 03:39:48 - mmengine - INFO - [EVAL] Epoch 11 Iter   200: Loss: 16.260 (20.097)
08/05 03:39:48 - mmengine - INFO - OccupancyLoss: 9.26487, OccupancyFlowLoss: 3.17232, DetectionLoss: 2.97350, DynamicLoss: 0.02632, PhysicsLoss: 0.82314
[DynamicLoss Diag] iter=13501 | gt_box=True | gaussians=24827 dyn_gt=93 (0.37%) | pred_dyn_ratio=1.06% | loss=0.1508
[PhysicsLoss Diag] iter=13501 | gt_box=True static=24734 dyn=93 | offset_rms=0.0323 offset_dyn_rms=6.9631 turn_deg=0.49 | loss_static=0.0319 loss_smooth=0.0000 loss_rigid=0.0021 loss_vel=0.0000 loss_traj=1.2578 total=1.2918
08/05 03:40:50 - mmengine - INFO - [EVAL] Epoch 11 Iter   250: Loss: 18.642 (20.115)
08/05 03:40:50 - mmengine - INFO - OccupancyLoss: 7.51419, OccupancyFlowLoss: 4.61477, DetectionLoss: 5.07048, DynamicLoss: 0.15079, PhysicsLoss: 1.29181
08/05 03:41:50 - mmengine - INFO - [EVAL] Epoch 11 Iter   300: Loss: 20.777 (19.999)
08/05 03:41:50 - mmengine - INFO - OccupancyLoss: 8.42528, OccupancyFlowLoss: 6.79917, DetectionLoss: 5.54783, DynamicLoss: 0.00471, PhysicsLoss: 0.00000
08/05 03:42:52 - mmengine - INFO - [EVAL] Epoch 11 Iter   350: Loss: 14.778 (19.982)
08/05 03:42:52 - mmengine - INFO - OccupancyLoss: 5.73767, OccupancyFlowLoss: 2.37038, DetectionLoss: 5.99455, DynamicLoss: 0.03203, PhysicsLoss: 0.64288
08/05 03:43:51 - mmengine - INFO - [EVAL] Epoch 11 Iter   400: Loss: 14.205 (19.890)
08/05 03:43:51 - mmengine - INFO - OccupancyLoss: 6.95184, OccupancyFlowLoss: 0.72502, DetectionLoss: 6.50194, DynamicLoss: 0.02487, PhysicsLoss: 0.00091
08/05 03:44:53 - mmengine - INFO - [EVAL] Epoch 11 Iter   450: Loss: 32.403 (19.940)
08/05 03:44:53 - mmengine - INFO - OccupancyLoss: 7.50754, OccupancyFlowLoss: 7.91297, DetectionLoss: 12.20703, DynamicLoss: 0.18564, PhysicsLoss: 4.59022
08/05 03:46:14 - mmengine - INFO - Validation per class iou none:
08/05 03:46:14 - mmengine - INFO - barrier : 17.43%, 0.30, 0.30
08/05 03:46:14 - mmengine - INFO - bicycle : 0.00%, 0.00, 0.00
08/05 03:46:14 - mmengine - INFO - bus : 26.42%, 0.35, 0.52
08/05 03:46:14 - mmengine - INFO - car : 31.87%, 0.48, 0.48
08/05 03:46:14 - mmengine - INFO - construction_vehicle : 5.25%, 0.17, 0.07
08/05 03:46:14 - mmengine - INFO - motorcycle : 0.05%, 0.55, 0.00
08/05 03:46:14 - mmengine - INFO - pedestrian : 5.48%, 0.30, 0.06
08/05 03:46:14 - mmengine - INFO - traffic_cone : 0.03%, 0.07, 0.00
08/05 03:46:14 - mmengine - INFO - trailer : 9.30%, 0.17, 0.17
08/05 03:46:14 - mmengine - INFO - truck : 20.60%, 0.34, 0.35
08/05 03:46:14 - mmengine - INFO - driveable_surface : 41.16%, 0.59, 0.58
08/05 03:46:14 - mmengine - INFO - other_flat : 19.35%, 0.50, 0.24
08/05 03:46:14 - mmengine - INFO - sidewalk : 22.83%, 0.42, 0.33
08/05 03:46:14 - mmengine - INFO - terrain : 22.04%, 0.35, 0.37
08/05 03:46:14 - mmengine - INFO - manmade : 6.79%, 0.34, 0.08
08/05 03:46:14 - mmengine - INFO - vegetation : 16.87%, 0.46, 0.21
08/05 03:46:14 - mmengine - INFO - tensor([  213109,    14566,   204192,  1435223,   106632,    22025,   206833,
           42653,   134799,   555406,  7051599,   345594,  2482869,  3418334,
         7852446,  8317553, 32659904], device='cuda:0', dtype=torch.int32)
08/05 03:46:14 - mmengine - INFO - tensor([   63562,        0,   105624,   695098,     7605,       11,    12985,
              11,    22403,   193544,  4062823,    82735,   829010,  1270225,
          613003,  1743721, 12238324], device='cuda:0', dtype=torch.int32)
08/05 03:46:14 - mmengine - INFO - tensor([  215041,        7,   301265,  1440965,    45886,       20,    43038,
             163,   128471,   577459,  6881823,   164614,  1977985,  3614814,
         1785183,  3760240, 20936974], device='cuda:0', dtype=torch.int32)
08/05 03:46:14 - mmengine - INFO - mIoU: 15.342492796116858, iou2: 29.590791702270508
08/05 03:46:14 - mmengine - INFO - Current val loss is 20.023
08/05 03:46:34 - mmengine - INFO - [TRAIN] Epoch 11 Iter     0/750: Loss: 9.892 (9.892), grad_norm: 81.562, lr: 0.0000200, time: 10.040 (4.096)
08/05 03:46:34 - mmengine - INFO - OccupancyLoss: 4.52850, OccupancyFlowLoss: 2.76008, DetectionLoss: 2.34049, DynamicLoss: 0.01283, PhysicsLoss: 0.25051
08/05 03:51:18 - mmengine - INFO - [TRAIN] Epoch 11 Iter    50/750: Loss: 21.317 (16.774), grad_norm: 49.106, lr: 0.0000200, time: 5.709 (0.008)
08/05 03:51:18 - mmengine - INFO - OccupancyLoss: 7.73549, OccupancyFlowLoss: 5.66715, DetectionLoss: 5.11553, DynamicLoss: 0.08767, PhysicsLoss: 2.71097
08/05 03:56:01 - mmengine - INFO - [TRAIN] Epoch 11 Iter   100/750: Loss: 13.758 (16.052), grad_norm: 47.423, lr: 0.0000200, time: 5.783 (0.008)
08/05 03:56:01 - mmengine - INFO - OccupancyLoss: 5.42786, OccupancyFlowLoss: 5.82913, DetectionLoss: 1.15811, DynamicLoss: 0.02311, PhysicsLoss: 1.31947
08/05 04:00:44 - mmengine - INFO - [TRAIN] Epoch 11 Iter   150/750: Loss: 23.389 (17.083), grad_norm: 80.436, lr: 0.0000200, time: 5.605 (0.009)
08/05 04:00:44 - mmengine - INFO - OccupancyLoss: 6.70928, OccupancyFlowLoss: 6.39404, DetectionLoss: 4.75893, DynamicLoss: 0.02205, PhysicsLoss: 5.50511
08/05 04:05:27 - mmengine - INFO - [TRAIN] Epoch 11 Iter   200/750: Loss: 19.140 (16.017), grad_norm: 51.648, lr: 0.0000200, time: 5.532 (0.009)
08/05 04:05:27 - mmengine - INFO - OccupancyLoss: 5.70420, OccupancyFlowLoss: 9.51245, DetectionLoss: 3.44386, DynamicLoss: 0.04879, PhysicsLoss: 0.43057
[DynamicLoss Diag] iter=14001 | gt_box=True | gaussians=19685 dyn_gt=89 (0.45%) | pred_dyn_ratio=0.08% | loss=0.1257
[PhysicsLoss Diag] iter=14001 | gt_box=True static=19596 dyn=89 | offset_rms=0.0467 offset_dyn_rms=3.6235 turn_deg=0.74 | loss_static=0.1260 loss_smooth=0.0000 loss_rigid=0.0028 loss_vel=0.0000 loss_traj=2.9444 total=3.0732
08/05 04:10:12 - mmengine - INFO - [TRAIN] Epoch 11 Iter   250/750: Loss: 26.867 (17.117), grad_norm: 45.558, lr: 0.0000200, time: 5.616 (0.008)
08/05 04:10:12 - mmengine - INFO - OccupancyLoss: 9.67990, OccupancyFlowLoss: 7.90339, DetectionLoss: 6.08499, DynamicLoss: 0.12572, PhysicsLoss: 3.07320
08/05 04:14:54 - mmengine - INFO - [TRAIN] Epoch 11 Iter   300/750: Loss: 20.022 (16.470), grad_norm: 39.823, lr: 0.0000200, time: 5.705 (0.008)
08/05 04:14:54 - mmengine - INFO - OccupancyLoss: 8.18347, OccupancyFlowLoss: 4.79583, DetectionLoss: 5.52380, DynamicLoss: 0.15497, PhysicsLoss: 1.36424
08/05 04:19:39 - mmengine - INFO - [TRAIN] Epoch 11 Iter   350/750: Loss: 17.242 (17.283), grad_norm: 46.904, lr: 0.0000200, time: 5.898 (0.008)
08/05 04:19:39 - mmengine - INFO - OccupancyLoss: 6.34571, OccupancyFlowLoss: 6.58932, DetectionLoss: 2.25687, DynamicLoss: 0.01456, PhysicsLoss: 2.03513
08/05 04:24:24 - mmengine - INFO - [TRAIN] Epoch 11 Iter   400/750: Loss: 23.181 (17.013), grad_norm: 65.120, lr: 0.0000200, time: 5.828 (0.008)
08/05 04:24:24 - mmengine - INFO - OccupancyLoss: 8.80365, OccupancyFlowLoss: 7.66948, DetectionLoss: 3.42041, DynamicLoss: 0.05944, PhysicsLoss: 3.22794
08/05 04:29:10 - mmengine - INFO - [TRAIN] Epoch 11 Iter   450/750: Loss: 19.736 (16.482), grad_norm: 32.985, lr: 0.0000200, time: 6.146 (0.008)
08/05 04:29:10 - mmengine - INFO - OccupancyLoss: 5.51033, OccupancyFlowLoss: 3.73968, DetectionLoss: 8.29553, DynamicLoss: 0.22690, PhysicsLoss: 1.96377
08/05 04:33:55 - mmengine - INFO - [TRAIN] Epoch 11 Iter   500/750: Loss: 14.990 (15.644), grad_norm: 57.982, lr: 0.0000200, time: 5.634 (0.008)
08/05 04:33:55 - mmengine - INFO - OccupancyLoss: 6.47493, OccupancyFlowLoss: 4.73459, DetectionLoss: 2.76066, DynamicLoss: 0.04053, PhysicsLoss: 0.97954
08/05 04:38:37 - mmengine - INFO - [TRAIN] Epoch 11 Iter   550/750: Loss: 23.412 (17.029), grad_norm: 62.538, lr: 0.0000200, time: 5.637 (0.008)
08/05 04:38:37 - mmengine - INFO - OccupancyLoss: 10.02440, OccupancyFlowLoss: 8.41621, DetectionLoss: 4.96846, DynamicLoss: 0.00316, PhysicsLoss: 0.00000
08/05 04:43:21 - mmengine - INFO - [TRAIN] Epoch 11 Iter   600/750: Loss: 27.284 (15.505), grad_norm: 91.216, lr: 0.0000200, time: 5.527 (0.008)
08/05 04:43:21 - mmengine - INFO - OccupancyLoss: 11.52700, OccupancyFlowLoss: 8.97327, DetectionLoss: 3.72266, DynamicLoss: 0.02727, PhysicsLoss: 3.03347
08/05 04:48:05 - mmengine - INFO - [TRAIN] Epoch 11 Iter   650/750: Loss: 29.313 (16.150), grad_norm: 59.780, lr: 0.0000200, time: 5.626 (0.008)
08/05 04:48:05 - mmengine - INFO - OccupancyLoss: 10.81812, OccupancyFlowLoss: 9.81529, DetectionLoss: 5.14656, DynamicLoss: 0.05161, PhysicsLoss: 3.48149
08/05 04:52:48 - mmengine - INFO - [TRAIN] Epoch 11 Iter   700/750: Loss: 12.730 (15.250), grad_norm: 67.521, lr: 0.0000200, time: 5.479 (0.008)
08/05 04:52:48 - mmengine - INFO - OccupancyLoss: 4.55579, OccupancyFlowLoss: 3.45107, DetectionLoss: 3.35045, DynamicLoss: 0.07872, PhysicsLoss: 1.29414
[DynamicLoss Diag] iter=14501 | gt_box=True | gaussians=25518 dyn_gt=40 (0.16%) | pred_dyn_ratio=0.68% | loss=0.0563
[PhysicsLoss Diag] iter=14501 | gt_box=True static=25478 dyn=40 | offset_rms=0.0113 offset_dyn_rms=5.7613 turn_deg=0.42 | loss_static=0.0080 loss_smooth=0.0000 loss_rigid=0.0075 loss_vel=0.0000 loss_traj=3.6177 total=3.6333
08/05 04:57:34 - mmengine - INFO - [EVAL] Epoch 12 Iter     0: Loss: 15.318 (15.318)
08/05 04:57:34 - mmengine - INFO - OccupancyLoss: 4.70456, OccupancyFlowLoss: 3.07167, DetectionLoss: 3.85209, DynamicLoss: 0.05628, PhysicsLoss: 3.63327
08/05 04:58:35 - mmengine - INFO - [EVAL] Epoch 12 Iter    50: Loss: 15.902 (19.610)
08/05 04:58:35 - mmengine - INFO - OccupancyLoss: 5.36680, OccupancyFlowLoss: 3.35510, DetectionLoss: 4.77406, DynamicLoss: 0.04925, PhysicsLoss: 2.35647
08/05 04:59:35 - mmengine - INFO - [EVAL] Epoch 12 Iter   100: Loss: 22.296 (19.143)
08/05 04:59:35 - mmengine - INFO - OccupancyLoss: 7.72541, OccupancyFlowLoss: 6.81639, DetectionLoss: 4.58553, DynamicLoss: 0.01185, PhysicsLoss: 3.15694
08/05 05:00:34 - mmengine - INFO - [EVAL] Epoch 12 Iter   150: Loss: 8.154 (19.774)
08/05 05:00:34 - mmengine - INFO - OccupancyLoss: 6.66486, OccupancyFlowLoss: 1.32928, DetectionLoss: 0.15910, DynamicLoss: 0.00052, PhysicsLoss: 0.00000
08/05 05:01:35 - mmengine - INFO - [EVAL] Epoch 12 Iter   200: Loss: 15.288 (19.941)
08/05 05:01:35 - mmengine - INFO - OccupancyLoss: 8.96614, OccupancyFlowLoss: 3.01368, DetectionLoss: 2.56127, DynamicLoss: 0.02604, PhysicsLoss: 0.72064
08/05 05:02:36 - mmengine - INFO - [EVAL] Epoch 12 Iter   250: Loss: 18.104 (19.934)
08/05 05:02:36 - mmengine - INFO - OccupancyLoss: 6.95627, OccupancyFlowLoss: 4.29106, DetectionLoss: 5.51569, DynamicLoss: 0.11857, PhysicsLoss: 1.22264
08/05 05:03:35 - mmengine - INFO - [EVAL] Epoch 12 Iter   300: Loss: 21.174 (19.841)
08/05 05:03:35 - mmengine - INFO - OccupancyLoss: 8.13527, OccupancyFlowLoss: 6.58112, DetectionLoss: 6.44935, DynamicLoss: 0.00844, PhysicsLoss: 0.00000
08/05 05:04:37 - mmengine - INFO - [EVAL] Epoch 12 Iter   350: Loss: 14.973 (19.848)
08/05 05:04:37 - mmengine - INFO - OccupancyLoss: 5.80991, OccupancyFlowLoss: 2.30824, DetectionLoss: 6.32789, DynamicLoss: 0.02988, PhysicsLoss: 0.49743
08/05 05:05:36 - mmengine - INFO - [EVAL] Epoch 12 Iter   400: Loss: 14.934 (19.730)
08/05 05:05:36 - mmengine - INFO - OccupancyLoss: 6.85624, OccupancyFlowLoss: 0.71709, DetectionLoss: 7.33813, DynamicLoss: 0.02169, PhysicsLoss: 0.00089
08/05 05:06:37 - mmengine - INFO - [EVAL] Epoch 12 Iter   450: Loss: 32.758 (19.805)
08/05 05:06:37 - mmengine - INFO - OccupancyLoss: 7.55926, OccupancyFlowLoss: 7.77016, DetectionLoss: 12.59358, DynamicLoss: 0.17168, PhysicsLoss: 4.66301
08/05 05:07:58 - mmengine - INFO - Validation per class iou none:
08/05 05:07:58 - mmengine - INFO - barrier : 17.05%, 0.32, 0.27
08/05 05:07:58 - mmengine - INFO - bicycle : 0.00%, 0.00, 0.00
08/05 05:07:58 - mmengine - INFO - bus : 28.17%, 0.47, 0.41
08/05 05:07:58 - mmengine - INFO - car : 32.37%, 0.48, 0.49
08/05 05:07:58 - mmengine - INFO - construction_vehicle : 7.31%, 0.18, 0.11
08/05 05:07:58 - mmengine - INFO - motorcycle : 0.99%, 0.22, 0.01
08/05 05:07:58 - mmengine - INFO - pedestrian : 7.08%, 0.30, 0.08
08/05 05:07:58 - mmengine - INFO - traffic_cone : 0.08%, 0.12, 0.00
08/05 05:07:58 - mmengine - INFO - trailer : 9.27%, 0.20, 0.15
08/05 05:07:58 - mmengine - INFO - truck : 22.96%, 0.36, 0.39
08/05 05:07:58 - mmengine - INFO - driveable_surface : 40.22%, 0.67, 0.50
08/05 05:07:58 - mmengine - INFO - other_flat : 17.81%, 0.62, 0.20
08/05 05:07:58 - mmengine - INFO - sidewalk : 21.99%, 0.47, 0.29
08/05 05:07:58 - mmengine - INFO - terrain : 20.20%, 0.43, 0.28
08/05 05:07:58 - mmengine - INFO - manmade : 6.84%, 0.33, 0.08
08/05 05:07:58 - mmengine - INFO - vegetation : 20.20%, 0.42, 0.28
08/05 05:07:58 - mmengine - INFO - tensor([  213109,    14566,   204192,  1435223,   106632,    22025,   206833,
           42653,   134799,   555406,  7051599,   345594,  2482869,  3418334,
         7852446,  8317553, 32659904], device='cuda:0', dtype=torch.int32)
08/05 05:07:58 - mmengine - INFO - tensor([   57506,        0,    83931,   710411,    11503,      225,    17564,
              34,    19908,   214349,  3521356,    68977,   729063,   946756,
          624589,  2320326, 11359883], device='cuda:0', dtype=torch.int32)
08/05 05:07:58 - mmengine - INFO - tensor([  181665,       38,   177700,  1470142,    62306,     1024,    58702,
             281,    99758,   592500,  5225430,   110607,  1561000,  2214902,
         1900272,  5490112, 19146440], device='cuda:0', dtype=torch.int32)
08/05 05:07:58 - mmengine - INFO - mIoU: 15.783941572226468, iou2: 28.086223602294922
08/05 05:07:58 - mmengine - INFO - Current val loss is 19.920
[DynamicLoss Diag] iter=15001 | gt_box=True | gaussians=25564 dyn_gt=129 (0.50%) | pred_dyn_ratio=0.94% | loss=0.0929
[PhysicsLoss Diag] iter=15001 | gt_box=True static=25435 dyn=129 | offset_rms=0.0688 offset_dyn_rms=9.3017 turn_deg=0.59 | loss_static=0.1239 loss_smooth=0.0000 loss_rigid=0.0063 loss_vel=0.0000 loss_traj=0.0000 total=0.1303
08/05 05:08:18 - mmengine - INFO - [TRAIN] Epoch 12 Iter     0/750: Loss: 9.556 (9.556), grad_norm: 33.183, lr: 0.0000200, time: 9.704 (3.841)
08/05 05:08:18 - mmengine - INFO - OccupancyLoss: 4.65628, OccupancyFlowLoss: 0.00000, DetectionLoss: 4.67654, DynamicLoss: 0.09294, PhysicsLoss: 0.13026
08/05 05:13:01 - mmengine - INFO - [TRAIN] Epoch 12 Iter    50/750: Loss: 21.781 (16.747), grad_norm: 37.715, lr: 0.0000200, time: 5.902 (0.008)
08/05 05:13:01 - mmengine - INFO - OccupancyLoss: 10.31821, OccupancyFlowLoss: 8.38840, DetectionLoss: 3.07398, DynamicLoss: 0.00088, PhysicsLoss: 0.00000
08/05 05:17:42 - mmengine - INFO - [TRAIN] Epoch 12 Iter   100/750: Loss: 23.303 (16.794), grad_norm: 31.157, lr: 0.0000200, time: 5.535 (0.008)
08/05 05:17:42 - mmengine - INFO - OccupancyLoss: 9.99305, OccupancyFlowLoss: 7.82066, DetectionLoss: 5.48517, DynamicLoss: 0.00406, PhysicsLoss: 0.00000
08/05 05:22:26 - mmengine - INFO - [TRAIN] Epoch 12 Iter   150/750: Loss: 11.194 (15.240), grad_norm: 49.711, lr: 0.0000200, time: 5.841 (0.008)
08/05 05:22:26 - mmengine - INFO - OccupancyLoss: 4.82706, OccupancyFlowLoss: 0.80547, DetectionLoss: 5.05012, DynamicLoss: 0.07441, PhysicsLoss: 0.43704
08/05 05:27:08 - mmengine - INFO - [TRAIN] Epoch 12 Iter   200/750: Loss: 8.884 (14.585), grad_norm: 52.351, lr: 0.0000200, time: 5.389 (0.008)
08/05 05:27:08 - mmengine - INFO - OccupancyLoss: 4.17703, OccupancyFlowLoss: 3.73832, DetectionLoss: 0.80284, DynamicLoss: 0.01982, PhysicsLoss: 0.14616
08/05 05:31:52 - mmengine - INFO - [TRAIN] Epoch 12 Iter   250/750: Loss: 12.745 (15.388), grad_norm: 59.397, lr: 0.0000200, time: 5.460 (0.008)
08/05 05:31:52 - mmengine - INFO - OccupancyLoss: 4.66804, OccupancyFlowLoss: 4.21708, DetectionLoss: 2.71298, DynamicLoss: 0.06129, PhysicsLoss: 1.08531
08/05 05:36:36 - mmengine - INFO - [TRAIN] Epoch 12 Iter   300/750: Loss: 14.625 (16.429), grad_norm: 38.464, lr: 0.0000200, time: 5.650 (0.008)
08/05 05:36:36 - mmengine - INFO - OccupancyLoss: 5.06353, OccupancyFlowLoss: 3.92910, DetectionLoss: 3.23392, DynamicLoss: 0.04839, PhysicsLoss: 2.34996
08/05 05:41:18 - mmengine - INFO - [TRAIN] Epoch 12 Iter   350/750: Loss: 18.052 (16.628), grad_norm: 64.803, lr: 0.0000200, time: 5.700 (0.009)
08/05 05:41:18 - mmengine - INFO - OccupancyLoss: 6.89103, OccupancyFlowLoss: 6.36836, DetectionLoss: 2.28560, DynamicLoss: 0.01417, PhysicsLoss: 2.49325
08/05 05:46:02 - mmengine - INFO - [TRAIN] Epoch 12 Iter   400/750: Loss: 24.881 (16.657), grad_norm: 73.580, lr: 0.0000200, time: 6.002 (0.008)
08/05 05:46:02 - mmengine - INFO - OccupancyLoss: 6.53234, OccupancyFlowLoss: 7.53016, DetectionLoss: 7.02349, DynamicLoss: 0.15319, PhysicsLoss: 3.64183
08/05 05:50:47 - mmengine - INFO - [TRAIN] Epoch 12 Iter   450/750: Loss: 14.846 (15.760), grad_norm: 42.325, lr: 0.0000200, time: 5.740 (0.009)
08/05 05:50:47 - mmengine - INFO - OccupancyLoss: 4.10237, OccupancyFlowLoss: 2.76746, DetectionLoss: 5.44966, DynamicLoss: 0.06011, PhysicsLoss: 2.46680
[DynamicLoss Diag] iter=15501 | gt_box=True | gaussians=10945 dyn_gt=0 (0.00%) | pred_dyn_ratio=0.00% | loss=0.0010
[PhysicsLoss Diag] iter=15501 | gt_box=True static=10945 dyn=0 | offset_rms=0.0000 offset_dyn_rms=0.0000 turn_deg=0.00 | loss_static=0.0000 loss_smooth=0.0000 loss_rigid=0.0000 loss_vel=0.0000 loss_traj=0.0000 total=0.0000
08/05 05:55:28 - mmengine - INFO - [TRAIN] Epoch 12 Iter   500/750: Loss: 22.190 (16.419), grad_norm: 40.865, lr: 0.0000200, time: 5.306 (0.008)
08/05 05:55:28 - mmengine - INFO - OccupancyLoss: 10.48797, OccupancyFlowLoss: 8.84947, DetectionLoss: 2.85182, DynamicLoss: 0.00104, PhysicsLoss: 0.00000
08/05 06:00:11 - mmengine - INFO - [TRAIN] Epoch 12 Iter   550/750: Loss: 19.067 (15.903), grad_norm: 88.045, lr: 0.0000200, time: 5.495 (0.008)
08/05 06:00:11 - mmengine - INFO - OccupancyLoss: 6.58369, OccupancyFlowLoss: 8.67654, DetectionLoss: 2.21138, DynamicLoss: 0.02529, PhysicsLoss: 1.57028
08/05 06:04:54 - mmengine - INFO - [TRAIN] Epoch 12 Iter   600/750: Loss: 15.209 (15.178), grad_norm: 80.774, lr: 0.0000200, time: 5.814 (0.009)
08/05 06:04:54 - mmengine - INFO - OccupancyLoss: 4.54434, OccupancyFlowLoss: 2.77642, DetectionLoss: 4.91897, DynamicLoss: 0.02307, PhysicsLoss: 2.94662
08/05 06:09:38 - mmengine - INFO - [TRAIN] Epoch 12 Iter   650/750: Loss: 20.232 (16.333), grad_norm: 36.031, lr: 0.0000200, time: 5.816 (0.008)
08/05 06:09:38 - mmengine - INFO - OccupancyLoss: 7.97381, OccupancyFlowLoss: 7.21868, DetectionLoss: 4.17511, DynamicLoss: 0.07072, PhysicsLoss: 0.79364
08/05 06:14:24 - mmengine - INFO - [TRAIN] Epoch 12 Iter   700/750: Loss: 13.628 (15.615), grad_norm: 45.241, lr: 0.0000200, time: 5.552 (0.008)
08/05 06:14:24 - mmengine - INFO - OccupancyLoss: 4.75573, OccupancyFlowLoss: 4.38601, DetectionLoss: 2.98545, DynamicLoss: 0.05900, PhysicsLoss: 1.44150
08/05 06:19:24 - mmengine - INFO - [EVAL] Epoch 13 Iter     0: Loss: 16.008 (16.008)
08/05 06:19:24 - mmengine - INFO - OccupancyLoss: 4.89145, OccupancyFlowLoss: 3.19089, DetectionLoss: 4.08520, DynamicLoss: 0.05160, PhysicsLoss: 3.78881
08/05 06:20:32 - mmengine - INFO - [EVAL] Epoch 13 Iter    50: Loss: 17.071 (19.779)
08/05 06:20:32 - mmengine - INFO - OccupancyLoss: 5.61475, OccupancyFlowLoss: 3.50677, DetectionLoss: 5.35808, DynamicLoss: 0.04473, PhysicsLoss: 2.54621
08/05 06:21:44 - mmengine - INFO - [EVAL] Epoch 13 Iter   100: Loss: 22.485 (19.262)
08/05 06:21:44 - mmengine - INFO - OccupancyLoss: 7.80731, OccupancyFlowLoss: 7.00767, DetectionLoss: 4.64834, DynamicLoss: 0.01341, PhysicsLoss: 3.00778
08/05 06:22:56 - mmengine - INFO - [EVAL] Epoch 13 Iter   150: Loss: 8.086 (19.956)
08/05 06:22:56 - mmengine - INFO - OccupancyLoss: 6.64180, OccupancyFlowLoss: 1.34317, DetectionLoss: 0.10055, DynamicLoss: 0.00025, PhysicsLoss: 0.00000
08/05 06:24:02 - mmengine - INFO - [EVAL] Epoch 13 Iter   200: Loss: 15.911 (20.102)
08/05 06:24:02 - mmengine - INFO - OccupancyLoss: 8.99509, OccupancyFlowLoss: 3.03476, DetectionLoss: 3.00193, DynamicLoss: 0.02935, PhysicsLoss: 0.84969
[DynamicLoss Diag] iter=16001 | gt_box=True | gaussians=24838 dyn_gt=99 (0.40%) | pred_dyn_ratio=0.97% | loss=0.1230
[PhysicsLoss Diag] iter=16001 | gt_box=True static=24739 dyn=99 | offset_rms=0.0320 offset_dyn_rms=6.8269 turn_deg=0.54 | loss_static=0.0248 loss_smooth=0.0000 loss_rigid=0.0023 loss_vel=0.0000 loss_traj=1.1704 total=1.1975
08/05 06:25:04 - mmengine - INFO - [EVAL] Epoch 13 Iter   250: Loss: 18.529 (20.065)
08/05 06:25:04 - mmengine - INFO - OccupancyLoss: 7.06850, OccupancyFlowLoss: 4.35679, DetectionLoss: 5.78353, DynamicLoss: 0.12296, PhysicsLoss: 1.19750
08/05 06:26:09 - mmengine - INFO - [EVAL] Epoch 13 Iter   300: Loss: 21.296 (19.957)
08/05 06:26:09 - mmengine - INFO - OccupancyLoss: 8.31481, OccupancyFlowLoss: 6.67758, DetectionLoss: 6.29230, DynamicLoss: 0.00590, PhysicsLoss: 0.00517
08/05 06:27:11 - mmengine - INFO - [EVAL] Epoch 13 Iter   350: Loss: 14.434 (19.985)
08/05 06:27:11 - mmengine - INFO - OccupancyLoss: 5.71774, OccupancyFlowLoss: 2.36431, DetectionLoss: 5.85319, DynamicLoss: 0.03436, PhysicsLoss: 0.46478
08/05 06:28:11 - mmengine - INFO - [EVAL] Epoch 13 Iter   400: Loss: 13.962 (19.857)
08/05 06:28:11 - mmengine - INFO - OccupancyLoss: 6.83400, OccupancyFlowLoss: 0.71740, DetectionLoss: 6.38412, DynamicLoss: 0.02481, PhysicsLoss: 0.00124
08/05 06:29:16 - mmengine - INFO - [EVAL] Epoch 13 Iter   450: Loss: 34.507 (19.937)
08/05 06:29:16 - mmengine - INFO - OccupancyLoss: 7.51278, OccupancyFlowLoss: 7.80106, DetectionLoss: 14.51721, DynamicLoss: 0.19866, PhysicsLoss: 4.47707
08/05 06:31:17 - mmengine - INFO - Validation per class iou none:
08/05 06:31:17 - mmengine - INFO - barrier : 17.41%, 0.32, 0.27
08/05 06:31:17 - mmengine - INFO - bicycle : 0.00%, 0.00, 0.00
08/05 06:31:17 - mmengine - INFO - bus : 29.62%, 0.48, 0.44
08/05 06:31:17 - mmengine - INFO - car : 32.75%, 0.51, 0.48
08/05 06:31:17 - mmengine - INFO - construction_vehicle : 7.95%, 0.25, 0.10
08/05 06:31:17 - mmengine - INFO - motorcycle : 3.21%, 0.21, 0.04
08/05 06:31:17 - mmengine - INFO - pedestrian : 8.20%, 0.29, 0.10
08/05 06:31:17 - mmengine - INFO - traffic_cone : 0.35%, 0.15, 0.00
08/05 06:31:17 - mmengine - INFO - trailer : 8.92%, 0.17, 0.16
08/05 06:31:17 - mmengine - INFO - truck : 23.13%, 0.38, 0.37
08/05 06:31:17 - mmengine - INFO - driveable_surface : 40.93%, 0.65, 0.52
08/05 06:31:17 - mmengine - INFO - other_flat : 21.34%, 0.48, 0.28
08/05 06:31:17 - mmengine - INFO - sidewalk : 23.26%, 0.43, 0.34
08/05 06:31:17 - mmengine - INFO - terrain : 22.59%, 0.38, 0.35
08/05 06:31:17 - mmengine - INFO - manmade : 9.49%, 0.29, 0.12
08/05 06:31:17 - mmengine - INFO - vegetation : 21.69%, 0.40, 0.32
08/05 06:31:17 - mmengine - INFO - tensor([  213109,    14566,   204192,  1435223,   106632,    22025,   206833,
           42653,   134799,   555406,  7051599,   345594,  2482869,  3418334,
         7852446,  8317553, 32659904], device='cuda:0', dtype=torch.int32)
08/05 06:31:17 - mmengine - INFO - tensor([   58498,        0,    89009,   684413,    11189,      801,    21208,
             154,    21513,   207466,  3691225,    95597,   839048,  1210917,
          972787,  2700930, 13142851], device='cuda:0', dtype=torch.int32)
08/05 06:31:17 - mmengine - INFO - tensor([  181338,      101,   185343,  1338912,    45299,     3755,    73144,
            1019,   127872,   548929,  5657735,   197937,  1964150,  3152524,
         3367457,  6836238, 23681752], device='cuda:0', dtype=torch.int32)
08/05 06:31:17 - mmengine - INFO - mIoU: 16.927753508207388, iou2: 30.424108505249023
08/05 06:31:17 - mmengine - INFO - Current val loss is 20.043
08/05 06:31:37 - mmengine - INFO - [TRAIN] Epoch 13 Iter     0/750: Loss: 16.779 (16.779), grad_norm: 43.848, lr: 0.0000200, time: 9.619 (3.973)
08/05 06:31:37 - mmengine - INFO - OccupancyLoss: 8.71871, OccupancyFlowLoss: 6.16275, DetectionLoss: 1.88448, DynamicLoss: 0.01277, PhysicsLoss: 0.00000
08/05 06:36:21 - mmengine - INFO - [TRAIN] Epoch 13 Iter    50/750: Loss: 19.779 (16.273), grad_norm: 54.813, lr: 0.0000200, time: 5.607 (0.008)
08/05 06:36:21 - mmengine - INFO - OccupancyLoss: 9.27016, OccupancyFlowLoss: 7.95298, DetectionLoss: 2.32900, DynamicLoss: 0.02759, PhysicsLoss: 0.19901
08/05 06:41:05 - mmengine - INFO - [TRAIN] Epoch 13 Iter   100/750: Loss: 8.482 (14.900), grad_norm: 60.407, lr: 0.0000200, time: 5.674 (0.008)
08/05 06:41:05 - mmengine - INFO - OccupancyLoss: 2.70353, OccupancyFlowLoss: 1.14671, DetectionLoss: 1.11154, DynamicLoss: 0.02188, PhysicsLoss: 3.49854
08/05 06:45:49 - mmengine - INFO - [TRAIN] Epoch 13 Iter   150/750: Loss: 15.802 (14.331), grad_norm: 53.435, lr: 0.0000200, time: 5.563 (0.008)
08/05 06:45:49 - mmengine - INFO - OccupancyLoss: 6.59984, OccupancyFlowLoss: 5.90000, DetectionLoss: 2.59677, DynamicLoss: 0.02258, PhysicsLoss: 0.68314
08/05 06:50:33 - mmengine - INFO - [TRAIN] Epoch 13 Iter   200/750: Loss: 10.563 (16.401), grad_norm: 62.532, lr: 0.0000200, time: 5.731 (0.008)
08/05 06:50:33 - mmengine - INFO - OccupancyLoss: 5.07386, OccupancyFlowLoss: 3.72299, DetectionLoss: 1.76212, DynamicLoss: 0.00429, PhysicsLoss: 0.00000
[DynamicLoss Diag] iter=16501 | gt_box=True | gaussians=25547 dyn_gt=165 (0.65%) | pred_dyn_ratio=1.55% | loss=0.1344
[PhysicsLoss Diag] iter=16501 | gt_box=True static=25382 dyn=165 | offset_rms=0.1454 offset_dyn_rms=17.5285 turn_deg=0.91 | loss_static=0.3835 loss_smooth=0.0000 loss_rigid=0.0149 loss_vel=0.0000 loss_traj=2.1453 total=2.5437
08/05 06:55:19 - mmengine - INFO - [TRAIN] Epoch 13 Iter   250/750: Loss: 14.755 (14.716), grad_norm: 43.512, lr: 0.0000200, time: 5.700 (0.008)
08/05 06:55:19 - mmengine - INFO - OccupancyLoss: 4.43113, OccupancyFlowLoss: 3.22853, DetectionLoss: 4.41691, DynamicLoss: 0.13441, PhysicsLoss: 2.54371
08/05 07:00:02 - mmengine - INFO - [TRAIN] Epoch 13 Iter   300/750: Loss: 23.169 (16.138), grad_norm: 27.357, lr: 0.0000200, time: 5.909 (0.008)
08/05 07:00:02 - mmengine - INFO - OccupancyLoss: 5.53531, OccupancyFlowLoss: 5.56808, DetectionLoss: 7.16675, DynamicLoss: 0.10805, PhysicsLoss: 4.79080
08/05 07:04:45 - mmengine - INFO - [TRAIN] Epoch 13 Iter   350/750: Loss: 19.773 (15.812), grad_norm: 40.111, lr: 0.0000200, time: 5.759 (0.008)
08/05 07:04:45 - mmengine - INFO - OccupancyLoss: 7.02999, OccupancyFlowLoss: 6.16743, DetectionLoss: 4.14748, DynamicLoss: 0.13479, PhysicsLoss: 2.29313
08/05 07:09:30 - mmengine - INFO - [TRAIN] Epoch 13 Iter   400/750: Loss: 9.958 (15.235), grad_norm: 31.419, lr: 0.0000200, time: 5.814 (0.008)
08/05 07:09:30 - mmengine - INFO - OccupancyLoss: 4.65154, OccupancyFlowLoss: 1.52569, DetectionLoss: 2.80057, DynamicLoss: 0.08366, PhysicsLoss: 0.89650
08/05 07:14:13 - mmengine - INFO - [TRAIN] Epoch 13 Iter   450/750: Loss: 9.582 (14.974), grad_norm: 47.152, lr: 0.0000200, time: 5.534 (0.008)
08/05 07:14:13 - mmengine - INFO - OccupancyLoss: 3.81916, OccupancyFlowLoss: 2.39493, DetectionLoss: 3.18297, DynamicLoss: 0.02342, PhysicsLoss: 0.16108
08/05 07:18:55 - mmengine - INFO - [TRAIN] Epoch 13 Iter   500/750: Loss: 13.022 (15.947), grad_norm: 42.168, lr: 0.0000200, time: 5.413 (0.008)
08/05 07:18:55 - mmengine - INFO - OccupancyLoss: 5.61598, OccupancyFlowLoss: 4.47797, DetectionLoss: 2.42715, DynamicLoss: 0.00568, PhysicsLoss: 0.49493
08/05 07:23:41 - mmengine - INFO - [TRAIN] Epoch 13 Iter   550/750: Loss: 15.087 (14.907), grad_norm: 30.975, lr: 0.0000200, time: 5.767 (0.008)
08/05 07:23:41 - mmengine - INFO - OccupancyLoss: 5.97531, OccupancyFlowLoss: 5.43822, DetectionLoss: 2.91590, DynamicLoss: 0.04426, PhysicsLoss: 0.71357
08/05 07:28:24 - mmengine - INFO - [TRAIN] Epoch 13 Iter   600/750: Loss: 14.754 (15.908), grad_norm: 77.348, lr: 0.0000200, time: 5.329 (0.008)
08/05 07:28:24 - mmengine - INFO - OccupancyLoss: 5.75673, OccupancyFlowLoss: 4.63088, DetectionLoss: 3.95618, DynamicLoss: 0.03847, PhysicsLoss: 0.37165
08/05 07:33:07 - mmengine - INFO - [TRAIN] Epoch 13 Iter   650/750: Loss: 21.028 (14.259), grad_norm: 36.252, lr: 0.0000200, time: 5.568 (0.008)
08/05 07:33:07 - mmengine - INFO - OccupancyLoss: 8.96987, OccupancyFlowLoss: 9.88496, DetectionLoss: 2.04772, DynamicLoss: 0.01514, PhysicsLoss: 0.11044
08/05 07:37:49 - mmengine - INFO - [TRAIN] Epoch 13 Iter   700/750: Loss: 19.759 (16.003), grad_norm: 72.401, lr: 0.0000200, time: 5.427 (0.008)
08/05 07:37:49 - mmengine - INFO - OccupancyLoss: 7.17763, OccupancyFlowLoss: 5.67860, DetectionLoss: 5.30567, DynamicLoss: 0.01694, PhysicsLoss: 1.58018
[DynamicLoss Diag] iter=17001 | gt_box=True | gaussians=25507 dyn_gt=31 (0.12%) | pred_dyn_ratio=0.70% | loss=0.0544
[PhysicsLoss Diag] iter=17001 | gt_box=True static=25476 dyn=31 | offset_rms=0.0108 offset_dyn_rms=5.8363 turn_deg=0.30 | loss_static=0.0131 loss_smooth=0.0000 loss_rigid=0.0078 loss_vel=0.0000 loss_traj=3.7629 total=3.7837
08/05 07:42:38 - mmengine - INFO - [EVAL] Epoch 14 Iter     0: Loss: 15.113 (15.113)
08/05 07:42:38 - mmengine - INFO - OccupancyLoss: 4.69153, OccupancyFlowLoss: 3.06411, DetectionLoss: 3.51900, DynamicLoss: 0.05444, PhysicsLoss: 3.78371
08/05 07:43:40 - mmengine - INFO - [EVAL] Epoch 14 Iter    50: Loss: 16.051 (19.880)
08/05 07:43:40 - mmengine - INFO - OccupancyLoss: 5.44712, OccupancyFlowLoss: 3.40263, DetectionLoss: 4.80853, DynamicLoss: 0.04171, PhysicsLoss: 2.35132
08/05 07:44:39 - mmengine - INFO - [EVAL] Epoch 14 Iter   100: Loss: 22.410 (19.438)
08/05 07:44:39 - mmengine - INFO - OccupancyLoss: 7.70956, OccupancyFlowLoss: 6.91633, DetectionLoss: 4.75086, DynamicLoss: 0.01157, PhysicsLoss: 3.02212
08/05 07:45:39 - mmengine - INFO - [EVAL] Epoch 14 Iter   150: Loss: 8.441 (20.031)
08/05 07:45:39 - mmengine - INFO - OccupancyLoss: 6.81897, OccupancyFlowLoss: 1.36187, DetectionLoss: 0.25951, DynamicLoss: 0.00042, PhysicsLoss: 0.00000
08/05 07:46:40 - mmengine - INFO - [EVAL] Epoch 14 Iter   200: Loss: 15.472 (20.222)
08/05 07:46:40 - mmengine - INFO - OccupancyLoss: 9.19738, OccupancyFlowLoss: 3.13003, DetectionLoss: 2.34144, DynamicLoss: 0.02885, PhysicsLoss: 0.77419
08/05 07:47:42 - mmengine - INFO - [EVAL] Epoch 14 Iter   250: Loss: 18.290 (20.204)
08/05 07:47:42 - mmengine - INFO - OccupancyLoss: 7.28965, OccupancyFlowLoss: 4.48869, DetectionLoss: 5.11275, DynamicLoss: 0.12781, PhysicsLoss: 1.27094
08/05 07:48:42 - mmengine - INFO - [EVAL] Epoch 14 Iter   300: Loss: 22.936 (20.098)
08/05 07:48:42 - mmengine - INFO - OccupancyLoss: 8.87648, OccupancyFlowLoss: 6.96944, DetectionLoss: 7.07872, DynamicLoss: 0.00642, PhysicsLoss: 0.00513
08/05 07:49:43 - mmengine - INFO - [EVAL] Epoch 14 Iter   350: Loss: 14.542 (20.086)
08/05 07:49:43 - mmengine - INFO - OccupancyLoss: 5.78896, OccupancyFlowLoss: 2.39528, DetectionLoss: 5.68354, DynamicLoss: 0.03529, PhysicsLoss: 0.63924
08/05 07:50:43 - mmengine - INFO - [EVAL] Epoch 14 Iter   400: Loss: 14.929 (19.951)
08/05 07:50:43 - mmengine - INFO - OccupancyLoss: 6.74217, OccupancyFlowLoss: 0.70594, DetectionLoss: 7.45669, DynamicLoss: 0.02247, PhysicsLoss: 0.00142
08/05 07:51:44 - mmengine - INFO - [EVAL] Epoch 14 Iter   450: Loss: 35.528 (20.010)
08/05 07:51:44 - mmengine - INFO - OccupancyLoss: 7.56799, OccupancyFlowLoss: 7.90937, DetectionLoss: 15.12124, DynamicLoss: 0.18102, PhysicsLoss: 4.74852
08/05 07:53:03 - mmengine - INFO - Validation per class iou none:
08/05 07:53:03 - mmengine - INFO - barrier : 17.96%, 0.31, 0.30
08/05 07:53:03 - mmengine - INFO - bicycle : 0.04%, 0.01, 0.00
08/05 07:53:03 - mmengine - INFO - bus : 29.40%, 0.46, 0.45
08/05 07:53:03 - mmengine - INFO - car : 32.53%, 0.51, 0.48
08/05 07:53:03 - mmengine - INFO - construction_vehicle : 8.90%, 0.23, 0.13
08/05 07:53:03 - mmengine - INFO - motorcycle : 3.53%, 0.24, 0.04
08/05 07:53:03 - mmengine - INFO - pedestrian : 10.08%, 0.22, 0.16
08/05 07:53:03 - mmengine - INFO - traffic_cone : 0.88%, 0.18, 0.01
08/05 07:53:03 - mmengine - INFO - trailer : 10.29%, 0.18, 0.20
08/05 07:53:03 - mmengine - INFO - truck : 23.63%, 0.37, 0.39
08/05 07:53:03 - mmengine - INFO - driveable_surface : 40.92%, 0.65, 0.53
08/05 07:53:03 - mmengine - INFO - other_flat : 20.83%, 0.50, 0.26
08/05 07:53:03 - mmengine - INFO - sidewalk : 24.32%, 0.39, 0.39
08/05 07:53:03 - mmengine - INFO - terrain : 21.63%, 0.38, 0.33
08/05 07:53:03 - mmengine - INFO - manmade : 9.70%, 0.29, 0.13
08/05 07:53:03 - mmengine - INFO - vegetation : 20.62%, 0.41, 0.29
08/05 07:53:03 - mmengine - INFO - tensor([  213109,    14566,   204192,  1435223,   106632,    22025,   206833,
           42653,   134799,   555406,  7051599,   345594,  2482869,  3418334,
         7852446,  8317553, 32659904], device='cuda:0', dtype=torch.int32)
08/05 07:53:03 - mmengine - INFO - tensor([   64469,        6,    91442,   682609,    13467,      873,    32682,
             392,    26936,   218303,  3714887,    91010,   972801,  1136296,
         1004912,  2434324, 13149742], device='cuda:0', dtype=torch.int32)
08/05 07:53:03 - mmengine - INFO - tensor([  210246,      435,   198261,  1345954,    58169,     3579,   150056,
            2146,   153864,   586749,  5740821,   182230,  2490102,  2971296,
         3507861,  5921169, 23522938], device='cuda:0', dtype=torch.int32)
08/05 07:53:03 - mmengine - INFO - mIoU: 17.205022694179206, iou2: 30.557273864746094
08/05 07:53:03 - mmengine - INFO - Current val loss is 20.116
[DynamicLoss Diag] iter=17501 | gt_box=True | gaussians=16591 dyn_gt=108 (0.65%) | pred_dyn_ratio=1.27% | loss=0.0952
[PhysicsLoss Diag] iter=17501 | gt_box=True static=16483 dyn=108 | offset_rms=0.0385 offset_dyn_rms=4.9090 turn_deg=1.01 | loss_static=0.0243 loss_smooth=0.0000 loss_rigid=0.0009 loss_vel=0.0000 loss_traj=1.7997 total=1.8249
08/05 07:53:23 - mmengine - INFO - [TRAIN] Epoch 14 Iter     0/750: Loss: 15.364 (15.364), grad_norm: 66.101, lr: 0.0000200, time: 10.332 (4.303)
08/05 07:53:23 - mmengine - INFO - OccupancyLoss: 6.19666, OccupancyFlowLoss: 5.26495, DetectionLoss: 1.98203, DynamicLoss: 0.09521, PhysicsLoss: 1.82489
08/05 07:58:06 - mmengine - INFO - [TRAIN] Epoch 14 Iter    50/750: Loss: 15.225 (14.605), grad_norm: 76.130, lr: 0.0000200, time: 5.631 (0.008)
08/05 07:58:06 - mmengine - INFO - OccupancyLoss: 5.49639, OccupancyFlowLoss: 4.42101, DetectionLoss: 3.67473, DynamicLoss: 0.03888, PhysicsLoss: 1.59400
08/05 08:02:49 - mmengine - INFO - [TRAIN] Epoch 14 Iter   100/750: Loss: 17.901 (15.090), grad_norm: 48.974, lr: 0.0000200, time: 5.735 (0.008)
08/05 08:02:49 - mmengine - INFO - OccupancyLoss: 4.37244, OccupancyFlowLoss: 2.95964, DetectionLoss: 7.40993, DynamicLoss: 0.09304, PhysicsLoss: 3.06549
08/05 08:07:33 - mmengine - INFO - [TRAIN] Epoch 14 Iter   150/750: Loss: 8.707 (14.146), grad_norm: 25.628, lr: 0.0000200, time: 5.578 (0.008)
08/05 08:07:33 - mmengine - INFO - OccupancyLoss: 3.71894, OccupancyFlowLoss: 2.85513, DetectionLoss: 1.98782, DynamicLoss: 0.02133, PhysicsLoss: 0.12370
08/05 08:12:16 - mmengine - INFO - [TRAIN] Epoch 14 Iter   200/750: Loss: 14.371 (14.927), grad_norm: 107.443, lr: 0.0000200, time: 5.582 (0.008)
08/05 08:12:16 - mmengine - INFO - OccupancyLoss: 4.61462, OccupancyFlowLoss: 4.89582, DetectionLoss: 2.95720, DynamicLoss: 0.02647, PhysicsLoss: 1.87736
08/05 08:17:01 - mmengine - INFO - [TRAIN] Epoch 14 Iter   250/750: Loss: 7.528 (15.077), grad_norm: 30.803, lr: 0.0000200, time: 5.603 (0.008)
08/05 08:17:01 - mmengine - INFO - OccupancyLoss: 4.07323, OccupancyFlowLoss: 2.49074, DetectionLoss: 0.93619, DynamicLoss: 0.02759, PhysicsLoss: 0.00000
08/05 08:21:44 - mmengine - INFO - [TRAIN] Epoch 14 Iter   300/750: Loss: 20.895 (15.061), grad_norm: 36.876, lr: 0.0000200, time: 5.742 (0.008)
08/05 08:21:44 - mmengine - INFO - OccupancyLoss: 6.80496, OccupancyFlowLoss: 6.93383, DetectionLoss: 4.40805, DynamicLoss: 0.02485, PhysicsLoss: 2.72341
08/05 08:26:29 - mmengine - INFO - [TRAIN] Epoch 14 Iter   350/750: Loss: 13.928 (15.770), grad_norm: 26.203, lr: 0.0000200, time: 5.690 (0.008)
08/05 08:26:29 - mmengine - INFO - OccupancyLoss: 5.10911, OccupancyFlowLoss: 1.45643, DetectionLoss: 6.57498, DynamicLoss: 0.07073, PhysicsLoss: 0.71634
08/05 08:31:12 - mmengine - INFO - [TRAIN] Epoch 14 Iter   400/750: Loss: 15.280 (14.186), grad_norm: 62.544, lr: 0.0000200, time: 5.619 (0.008)
08/05 08:31:12 - mmengine - INFO - OccupancyLoss: 6.50162, OccupancyFlowLoss: 5.96343, DetectionLoss: 2.81211, DynamicLoss: 0.00268, PhysicsLoss: 0.00000
08/05 08:35:56 - mmengine - INFO - [TRAIN] Epoch 14 Iter   450/750: Loss: 15.889 (14.661), grad_norm: 72.481, lr: 0.0000200, time: 5.488 (0.008)
08/05 08:35:56 - mmengine - INFO - OccupancyLoss: 6.80953, OccupancyFlowLoss: 6.65900, DetectionLoss: 2.19961, DynamicLoss: 0.02527, PhysicsLoss: 0.19510
[DynamicLoss Diag] iter=18001 | gt_box=True | gaussians=25572 dyn_gt=314 (1.23%) | pred_dyn_ratio=1.38% | loss=0.1271
[PhysicsLoss Diag] iter=18001 | gt_box=True static=25258 dyn=314 | offset_rms=0.1162 offset_dyn_rms=7.6769 turn_deg=0.61 | loss_static=0.1085 loss_smooth=0.0000 loss_rigid=0.0079 loss_vel=0.0000 loss_traj=0.7713 total=0.8876
08/05 08:40:38 - mmengine - INFO - [TRAIN] Epoch 14 Iter   500/750: Loss: 13.592 (14.519), grad_norm: 39.852, lr: 0.0000200, time: 6.011 (0.009)
08/05 08:40:38 - mmengine - INFO - OccupancyLoss: 5.50685, OccupancyFlowLoss: 3.63560, DetectionLoss: 3.43483, DynamicLoss: 0.12707, PhysicsLoss: 0.88764
08/05 08:45:22 - mmengine - INFO - [TRAIN] Epoch 14 Iter   550/750: Loss: 15.325 (14.230), grad_norm: 40.058, lr: 0.0000200, time: 5.752 (0.008)
08/05 08:45:22 - mmengine - INFO - OccupancyLoss: 4.35748, OccupancyFlowLoss: 2.87569, DetectionLoss: 6.06459, DynamicLoss: 0.07253, PhysicsLoss: 1.95505
08/05 08:50:08 - mmengine - INFO - [TRAIN] Epoch 14 Iter   600/750: Loss: 16.421 (15.647), grad_norm: 59.212, lr: 0.0000200, time: 6.186 (0.009)
08/05 08:50:08 - mmengine - INFO - OccupancyLoss: 5.44429, OccupancyFlowLoss: 3.67275, DetectionLoss: 4.33378, DynamicLoss: 0.03780, PhysicsLoss: 2.93283
08/05 08:54:56 - mmengine - INFO - [TRAIN] Epoch 14 Iter   650/750: Loss: 21.441 (15.908), grad_norm: 45.068, lr: 0.0000200, time: 5.958 (0.008)
08/05 08:54:56 - mmengine - INFO - OccupancyLoss: 5.33112, OccupancyFlowLoss: 7.80640, DetectionLoss: 6.32260, DynamicLoss: 0.11652, PhysicsLoss: 1.86418
08/05 08:59:39 - mmengine - INFO - [TRAIN] Epoch 14 Iter   700/750: Loss: 20.857 (16.520), grad_norm: 51.486, lr: 0.0000200, time: 5.574 (0.008)
08/05 08:59:39 - mmengine - INFO - OccupancyLoss: 6.41115, OccupancyFlowLoss: 5.79043, DetectionLoss: 4.44944, DynamicLoss: 0.02140, PhysicsLoss: 4.18413
08/05 09:04:30 - mmengine - INFO - [EVAL] Epoch 15 Iter     0: Loss: 15.754 (15.754)
08/05 09:04:30 - mmengine - INFO - OccupancyLoss: 4.81855, OccupancyFlowLoss: 3.14593, DetectionLoss: 4.11718, DynamicLoss: 0.05806, PhysicsLoss: 3.61445
08/05 09:05:38 - mmengine - INFO - [EVAL] Epoch 15 Iter    50: Loss: 16.635 (20.078)
08/05 09:05:38 - mmengine - INFO - OccupancyLoss: 5.29733, OccupancyFlowLoss: 3.31251, DetectionLoss: 5.58431, DynamicLoss: 0.04327, PhysicsLoss: 2.39798
08/05 09:06:44 - mmengine - INFO - [EVAL] Epoch 15 Iter   100: Loss: 22.362 (19.538)
08/05 09:06:44 - mmengine - INFO - OccupancyLoss: 7.61870, OccupancyFlowLoss: 6.91744, DetectionLoss: 4.82406, DynamicLoss: 0.01582, PhysicsLoss: 2.98556
08/05 09:07:50 - mmengine - INFO - [EVAL] Epoch 15 Iter   150: Loss: 8.232 (20.226)
08/05 09:07:50 - mmengine - INFO - OccupancyLoss: 6.66596, OccupancyFlowLoss: 1.37475, DetectionLoss: 0.19052, DynamicLoss: 0.00041, PhysicsLoss: 0.00000
08/05 09:08:58 - mmengine - INFO - [EVAL] Epoch 15 Iter   200: Loss: 15.272 (20.342)
08/05 09:08:58 - mmengine - INFO - OccupancyLoss: 9.02872, OccupancyFlowLoss: 3.08490, DetectionLoss: 2.37477, DynamicLoss: 0.03228, PhysicsLoss: 0.75101
[DynamicLoss Diag] iter=18501 | gt_box=True | gaussians=24801 dyn_gt=83 (0.33%) | pred_dyn_ratio=0.90% | loss=0.1025
[PhysicsLoss Diag] iter=18501 | gt_box=True static=24718 dyn=83 | offset_rms=0.0309 offset_dyn_rms=7.4149 turn_deg=0.55 | loss_static=0.0326 loss_smooth=0.0000 loss_rigid=0.0017 loss_vel=0.0000 loss_traj=1.1175 total=1.1518
08/05 09:10:04 - mmengine - INFO - [EVAL] Epoch 15 Iter   250: Loss: 17.916 (20.350)
08/05 09:10:04 - mmengine - INFO - OccupancyLoss: 7.43752, OccupancyFlowLoss: 4.57509, DetectionLoss: 4.64921, DynamicLoss: 0.10250, PhysicsLoss: 1.15181
08/05 09:11:10 - mmengine - INFO - [EVAL] Epoch 15 Iter   300: Loss: 22.340 (20.236)
08/05 09:11:10 - mmengine - INFO - OccupancyLoss: 8.57596, OccupancyFlowLoss: 6.83463, DetectionLoss: 6.91714, DynamicLoss: 0.00667, PhysicsLoss: 0.00515
08/05 09:12:14 - mmengine - INFO - [EVAL] Epoch 15 Iter   350: Loss: 15.917 (20.215)
08/05 09:12:14 - mmengine - INFO - OccupancyLoss: 5.79192, OccupancyFlowLoss: 2.37921, DetectionLoss: 7.20551, DynamicLoss: 0.03504, PhysicsLoss: 0.50503
08/05 09:13:21 - mmengine - INFO - [EVAL] Epoch 15 Iter   400: Loss: 14.896 (20.077)
08/05 09:13:21 - mmengine - INFO - OccupancyLoss: 6.92350, OccupancyFlowLoss: 0.72408, DetectionLoss: 7.22376, DynamicLoss: 0.02294, PhysicsLoss: 0.00211
08/05 09:14:25 - mmengine - INFO - [EVAL] Epoch 15 Iter   450: Loss: 35.905 (20.151)
08/05 09:14:25 - mmengine - INFO - OccupancyLoss: 7.61634, OccupancyFlowLoss: 7.93678, DetectionLoss: 15.21049, DynamicLoss: 0.17182, PhysicsLoss: 4.97002
08/05 09:15:51 - mmengine - INFO - Validation per class iou none:
08/05 09:15:51 - mmengine - INFO - barrier : 18.78%, 0.27, 0.38
08/05 09:15:51 - mmengine - INFO - bicycle : 0.22%, 0.03, 0.00
08/05 09:15:51 - mmengine - INFO - bus : 29.46%, 0.43, 0.48
08/05 09:15:51 - mmengine - INFO - car : 33.09%, 0.50, 0.50
08/05 09:15:51 - mmengine - INFO - construction_vehicle : 10.18%, 0.22, 0.16
08/05 09:15:51 - mmengine - INFO - motorcycle : 5.35%, 0.16, 0.07
08/05 09:15:51 - mmengine - INFO - pedestrian : 10.52%, 0.20, 0.18
08/05 09:15:51 - mmengine - INFO - traffic_cone : 1.10%, 0.12, 0.01
08/05 09:15:51 - mmengine - INFO - trailer : 9.42%, 0.18, 0.17
08/05 09:15:51 - mmengine - INFO - truck : 23.80%, 0.36, 0.41
08/05 09:15:51 - mmengine - INFO - driveable_surface : 41.22%, 0.65, 0.53
08/05 09:15:51 - mmengine - INFO - other_flat : 19.75%, 0.57, 0.23
08/05 09:15:51 - mmengine - INFO - sidewalk : 23.36%, 0.43, 0.34
08/05 09:15:51 - mmengine - INFO - terrain : 21.47%, 0.44, 0.30
08/05 09:15:51 - mmengine - INFO - manmade : 9.33%, 0.30, 0.12
08/05 09:15:51 - mmengine - INFO - vegetation : 22.49%, 0.37, 0.36
08/05 09:15:51 - mmengine - INFO - tensor([  213109,    14566,   204192,  1435223,   106632,    22025,   206833,
           42653,   134799,   555406,  7051599,   345594,  2482869,  3418334,
         7852446,  8317553, 32659904], device='cuda:0', dtype=torch.int32)
08/05 09:15:51 - mmengine - INFO - tensor([   81247,       35,    97930,   714445,    17148,     1631,    37832,
             509,    22268,   228326,  3713908,    80147,   845942,  1013181,
          931100,  2993674, 13324976], device='cuda:0', dtype=torch.int32)
08/05 09:15:51 - mmengine - INFO - tensor([  300860,     1267,   226171,  1438150,    79033,    10115,   190788,
            4295,   123737,   632244,  5672877,   140401,  1984305,  2313381,
         3058431,  7985563, 24161616], device='cuda:0', dtype=torch.int32)
08/05 09:15:51 - mmengine - INFO - mIoU: 17.470499537012074, iou2: 30.63456153869629
08/05 09:15:51 - mmengine - INFO - Current val loss is 20.263
